id,user_id,user_login,game_id,game_name,viewer_count,started_at,language,tags,snapshot_date,snapshot_time,snapshot_day
318141540710,137512364,ow_esports,515025,Overwatch,54885,2026-07-30T09:13:27Z,en,"['Esports', 'English', 'fps', 'Shooter', 'Action', 'OWCS', 'overwatch', 'DropsEnabled']",2026-07-30,23-00-12,Thursday
316529023317,163299585,blastpremier,32399,Counter-Strike,26775,2026-07-30T12:03:53Z,en,"['Esports', 'English', 'BLAST', 'blastpremier', 'counterstrike', 'counterstrike2', 'CS2', 'CS2Live', 'cs2twitch', 'cs2major']",2026-07-30,23-00-12,Thursday
316238786033,49207184,fps_shaka,263490,Rust,24788,2026-07-30T10:09:04Z,ja,"['日本語', 'Drops有効']",2026-07-30,23-00-12,Thursday
316559697366,86277097,buster,509658,Just Chatting,21776,2026-07-30T14:37:04Z,ru,"['Полковник', 'Бустеренко', 'WW', 'Киберспорт', 'Бабочка', 'buster', 'эшкере', 'evelone', 'Русский']",2026-07-30,23-00-12,Thursday
316530350677,922408450,anarabdullaev,509672,IRL,19177,2026-07-30T15:25:36Z,ru,['Русский'],2026-07-30,23-00-12,Thursday
316247127282,67519684,sasatikk,263490,Rust,18749,2026-07-30T08:59:35Z,ja,"['ネタバレなし', 'アドバイスなし', '日本語', 'Drops有効']",2026-07-30,23-00-12,Thursday
317932335079,64342766,trymacs,509672,IRL,18374,2026-07-30T08:23:28Z,de,['Deutsch'],2026-07-30,23-00-12,Thursday
317336245474,24147592,gotaga,516575,VALORANT,15760,2026-07-30T14:01:13Z,fr,"['Français', 'DropsActivés']",2026-07-30,23-00-12,Thursday
318580720117,561111389,martinciriook,509658,Just Chatting,15126,2026-07-30T14:54:37Z,es,"['Español', 'irl', 'justchatting', 'hablando']",2026-07-30,23-00-12,Thursday
318076199525,49140130,handofblood,21779,League of Legends,14771,2026-07-30T10:40:11Z,de,"['Deutsch', 'hänno', 'spandau', 'hob', 'handofblood', 'lolclassic', 'drops', 'DropsAktiviert']",2026-07-30,23-00-12,Thursday
316600581972,48189727,t2x2,509658,Just Chatting,13826,2026-07-30T14:04:26Z,ru,['Русский'],2026-07-30,23-00-12,Thursday
316303656051,102631269,yaritaiji,263490,Rust,12093,2026-07-30T11:17:35Z,ja,"['たいじ', '日本語', 'Drops有効']",2026-07-30,23-00-12,Thursday
320597296217,40488774,stray228,29595,Dota 2,11250,2026-07-30T15:10:12Z,ru,"['ПАХАН', 'проигрок228', 'солевойстример', 'тащер', 'адекватнаяатмосфера', 'Бодибилдер', 'Русский', 'танцор', 'Клубничка']",2026-07-30,23-00-12,Thursday
316558909398,115824215,overdrivezzz,32399,Counter-Strike,10304,2026-07-30T12:30:45Z,ru,['Русский'],2026-07-30,23-00-12,Thursday
317359423588,26008371,toniki,515025,Overwatch,10192,2026-07-30T09:16:11Z,es,"['Español', 'DropsActivados']",2026-07-30,23-00-12,Thursday
316559320150,26921830,elajjaz,852009328,Mistfall Hunter,10120,2026-07-30T13:37:24Z,en,"['English', 'megagamer', 'DropsEnabled']",2026-07-30,23-00-12,Thursday
319602903134,23220337,emongg,515025,Overwatch,9630,2026-07-30T07:14:22Z,en,"['English', 'DropsEnabled']",2026-07-30,23-00-12,Thursday
317335520354,117168642,chowh1,512710,Call of Duty: Warzone,9552,2026-07-30T12:15:38Z,fr,"['Français', 'warzone', 'calldofduty', 'DropsActivés']",2026-07-30,23-00-12,Thursday
316558875606,39154778,recrent,512953,ELDEN RING,9461,2026-07-30T12:24:35Z,ru,['Русский'],2026-07-30,23-00-12,Thursday
318144422630,195675197,steel,509672,IRL,9413,2026-07-30T15:18:39Z,ru,['Русский'],2026-07-30,23-00-12,Thursday
316600738260,120304051,edison,509658,Just Chatting,9336,2026-07-30T14:29:13Z,ru,['Русский'],2026-07-30,23-00-12,Thursday
315396796656,882546504,ow_esports_jp,515025,Overwatch,9334,2026-07-30T09:30:26Z,ja,"['Esports', '日本語', 'Drops有効']",2026-07-30,23-00-12,Thursday
318144138598,31919607,elxokas,21779,League of Legends,8998,2026-07-30T14:50:55Z,es,['Español'],2026-07-30,23-00-12,Thursday
315862497747,598902753,valorant_emea,516575,VALORANT,8927,2026-07-30T14:30:09Z,en,"['Esports', 'English', 'VALORANT', 'VCT', 'VALORANTEurope', 'VCTEMEA']",2026-07-30,23-00-12,Thursday
319604815710,660840731,happyhappygal,33214,Fortnite,8355,2026-07-30T14:24:13Z,en,"['Christian', 'Women', 'Woman', 'Girl', 'Female', 'PlayingWithViewers', 'FamilyFriendly', 'Fortnite', 'ZeroBuild', 'English']",2026-07-30,23-00-12,Thursday
316528917333,1390976168,betboom_cs_ru,32399,Counter-Strike,8321,2026-07-30T11:47:02Z,ru,"['Киберспорт', 'Esports', 'BLAST', 'counterstrike2', 'Русский']",2026-07-30,23-00-12,Thursday
316303487987,50988750,stylishnoob4,852009328,Mistfall Hunter,8291,2026-07-30T10:41:11Z,ja,"['日本語', '感謝します', 'Drops有効']",2026-07-30,23-00-12,Thursday
317932420327,108268890,gorgc,29595,Dota 2,8270,2026-07-30T08:37:01Z,en,['English'],2026-07-30,23-00-12,Thursday
318077134821,72603256,97zoner,32399,Counter-Strike,8235,2026-07-30T12:45:09Z,ru,['Русский'],2026-07-30,23-00-12,Thursday
318142682214,501281,callofduty,512710,Call of Duty: Warzone,8107,2026-07-30T12:00:25Z,en,"['Esports', 'English', 'WSOW', 'BlackOps6', 'COD', 'calldofduty', 'warzone', 'BlackOps7', 'callofduty', 'DropsEnabled']",2026-07-30,23-00-12,Thursday
319669033948,598713647,angryginge13,509658,Just Chatting,8020,2026-07-30T15:24:49Z,en,['English'],2026-07-30,23-00-12,Thursday
318076777061,41744414,callofduty_esports,512710,Call of Duty: Warzone,7156,2026-07-30T12:00:26Z,en,"['Esports', 'English', 'DropsEnabled']",2026-07-30,23-00-12,Thursday
319667816156,238008719,deusamir,512710,Call of Duty: Warzone,7017,2026-07-30T12:55:42Z,es,"['Español', 'DeusAmir', 'Amir', 'DropsActivados']",2026-07-30,23-00-12,Thursday
319732270944,21841789,nmplol,509658,Just Chatting,6988,2026-07-30T15:00:08Z,en,"['English', 'OTK', 'Cooking', 'IRL']",2026-07-30,23-00-12,Thursday
317934354535,22484632,forsen,852009328,Mistfall Hunter,6794,2026-07-30T13:00:12Z,en,"['English', 'DropsEnabled']",2026-07-30,23-00-12,Thursday
316247389170,70947583,gutitubo,263490,Rust,6747,2026-07-30T10:20:11Z,ja,"['日本語', 'Drops有効']",2026-07-30,23-00-12,Thursday
319731864544,180118013,hutchmf,852009328,Mistfall Hunter,6730,2026-07-30T14:02:21Z,en,"['English', 'DropsEnabled']",2026-07-30,23-00-12,Thursday
316304750579,147242239,xhalli4x,263490,Rust,6535,2026-07-30T14:57:11Z,ja,"['日本語', 'Drops有効']",2026-07-30,23-00-12,Thursday
315816960337,45276816,sliggytv,516575,VALORANT,6436,2026-07-30T08:01:51Z,en,['English'],2026-07-30,23-00-12,Thursday
315834936914,30857876,folagorlives,509663,Special Events,6295,2026-07-30T15:11:47Z,es,['Español'],2026-07-30,23-00-12,Thursday
316528580181,162757011,leva2k,509672,IRL,6144,2026-07-30T10:49:00Z,ru,['Русский'],2026-07-30,23-00-12,Thursday
316519066069,1494360677,caedrel247,499973,Always On,6098,2026-07-28T21:32:34Z,en,"['247', 'LCK', 'LPL', 'LEC', 'LOLESPORTS', 'CAEDREL', 'LEAGUEOFLEGENDS', 'English', 'Rerun', 'Variety']",2026-07-30,23-00-12,Thursday
317932704999,477111082,owbrain,515025,Overwatch,6055,2026-07-30T09:21:31Z,ar,"['Arabic', 'العربية', 'تم・تمكين・Drops']",2026-07-30,23-00-12,Thursday
317359534948,142720133,ta1yo_tv,515025,Overwatch,5982,2026-07-30T09:42:59Z,ja,"['日本語', 'Drops有効']",2026-07-30,23-00-12,Thursday
316238876913,722162135,ren_kisaragi__,55453844,Street Fighter 6,5958,2026-07-30T10:35:10Z,ja,['日本語'],2026-07-30,23-00-12,Thursday
317932575207,46571894,alohadancetv,29595,Dota 2,5907,2026-07-30T09:01:52Z,ru,['Русский'],2026-07-30,23-00-12,Thursday
317336728290,44578737,jacksepticeye,509658,Just Chatting,5791,2026-07-30T15:03:06Z,en,['English'],2026-07-30,23-00-12,Thursday
317375805923,118202507,repullze,512710,Call of Duty: Warzone,5718,2026-07-30T12:10:53Z,en,"['warzone', 'wsow', 'ewc', 'callofduty', 'verdansk', 'cod', 'rebirthisland', 'English', 'ADHD', 'DropsEnabled']",2026-07-30,23-00-12,Thursday
315857036264,42450967,unter,515025,Overwatch,5659,2026-07-30T09:30:23Z,en,"['English', 'Slop', 'CozyStreamer', 'Marbles', 'OWCS', 'Esports', 'lootbox', 'drops', 'DropsEnabled', 'overwatch']",2026-07-30,23-00-12,Thursday
318143673830,541899730,controcalcio__,518203,Sports,5648,2026-07-30T14:00:44Z,it,"['Italiano', 'gaming', 'calcio']",2026-07-30,23-00-12,Thursday
317361757796,176480198,gtasty,498566,Slots,5567,2026-07-30T15:27:35Z,de,['Deutsch'],2026-07-30,23-00-12,Thursday
316559877718,39048329,vovapain,29595,Dota 2,5554,2026-07-30T15:03:02Z,ru,"['Русский', 'ГекторСаламанка', '115кг165см', 'запаска', 'брошенка', 'КарлУизер', 'пудель', 'БопПоп', 'дорожка']",2026-07-30,23-00-12,Thursday
317934636007,467031116,enzzai,509672,IRL,5532,2026-07-30T13:32:55Z,ru,['Русский'],2026-07-30,23-00-12,Thursday
316559918678,265940345,tpabomah,29595,Dota 2,5448,2026-07-30T15:08:11Z,ru,"['Русский', 'самец', 'Альфасамец', 'Гладковыбритый', 'DropsВключены']",2026-07-30,23-00-12,Thursday
316530213077,996353742,sleduck,509658,Just Chatting,5444,2026-07-30T15:04:57Z,ru,"['Русский', 'уродск']",2026-07-30,23-00-12,Thursday
317764101208,505359579,reginald,509672,IRL,5362,2026-07-30T06:27:23Z,en,"['English', 'CLOVERBOYZ', 'girlhefunny1x', 'Reggie', 'Fatherless']",2026-07-30,23-00-12,Thursday
315397036144,170869845,kr1stw,626298054,Machine Party,5216,2026-07-30T11:18:00Z,zh,['中文'],2026-07-30,23-00-12,Thursday
319731200096,15564828,nickmercs,460630,Rainbow Six Siege,5152,2026-07-30T12:01:31Z,en,"['BEST', 'HUGE', 'TALL', 'WIDE', 'BIG', 'STRONG', 'English', 'CONTROLLER', 'rainbowsixsiege']",2026-07-30,23-00-12,Thursday
318077518565,70075625,silvername,138585,Hearthstone,5070,2026-07-30T13:29:36Z,ru,"['Русский', 'English', 'cybersport', 'worldrecord']",2026-07-30,23-00-12,Thursday
316596393172,598365549,xah0b,27471,Minecraft,5064,2026-07-29T20:27:36Z,ru,"['Русский', 'СиськиТут', 'Ханов', 'Hanov', 'СиндромДауна', 'СосуСтинтику', 'НародныйСтример', 'ДелаетРазницу', 'Пахан', 'КиркЖив67']",2026-07-30,23-00-12,Thursday
318144177254,152633332,knekro,21779,League of Legends,5025,2026-07-30T14:55:03Z,es,"['Español', 'Elmejor', 'Knekrer', 'Challenger', 'hardcoregamer', 'peepoClown', 'vuelaalto', 'cracabut', 'DropsActivados']",2026-07-30,23-00-12,Thursday
317934828519,129405323,oilrats,263490,Rust,4788,2026-07-30T13:55:51Z,en,"['Deutsch', 'English', 'DropsEnabled']",2026-07-30,23-00-12,Thursday
318665131223,27446144,fubgun,29307,Path of Exile,4718,2026-07-30T12:58:57Z,en,"['English', 'drops', 'DropsEnabled']",2026-07-30,23-00-12,Thursday
316559277782,48201326,missmikkaa,6521,Grand Theft Auto: San Andreas,4610,2026-07-30T13:29:58Z,en,"['English', 'swedish', 'Interactive', 'Chatty', 'ADHD', 'girl', 'TwitchAmbassador', 'NotBald', 'FirstPlayThrough', 'StudentDriver']",2026-07-30,23-00-12,Thursday
319604100830,540056482,shanks_ttv,516575,VALORANT,4593,2026-07-30T12:27:42Z,en,['English'],2026-07-30,23-00-12,Thursday
316238859377,147462900,capcomfighters_jp,55453844,Street Fighter 6,4552,2026-07-30T10:30:20Z,ja,"['eSports', 'ストリートファイターリーグ', '日本語', 'スト6', 'ストリートファイター6', 'ストリートファイター', 'SF6', 'SFリーグ', 'CPT2026', 'CAPCOMCUP13']",2026-07-30,23-00-12,Thursday
316559105622,194407709,morphe_ya,722824008,An Eggstremely Hard Game,4506,2026-07-30T13:01:16Z,ru,['Русский'],2026-07-30,23-00-12,Thursday
317933031783,36616300,capcomfighters,55453844,Street Fighter 6,4504,2026-07-30T10:06:12Z,en,"['StreetFighter6', 'Esports', 'FGC', 'fightinggames', 'English', 'DropsEnabled']",2026-07-30,23-00-12,Thursday
315897809897,29518572,mobilmobil,655697363,Abiotic Factor,4491,2026-07-30T12:23:54Z,zh,['中文'],2026-07-30,23-00-12,Thursday
317765930968,109118789,central_committee,509658,Just Chatting,4402,2026-07-30T14:04:26Z,en,"['Hasanabi', 'History', 'News', 'MikeFromPA', 'Denims', 'HAS', 'MajorityReport', 'CarolineKwan', 'English']",2026-07-30,23-00-12,Thursday
316530341973,613410561,blindzonexgod,29595,Dota 2,4377,2026-07-30T15:24:14Z,ru,"['Русский', 'эмо', 'дота', 'dota2', 'качок', 'чадоизада', 'SWAT', 'киска']",2026-07-30,23-00-12,Thursday
316600007892,139345001,aunkere,32399,Counter-Strike,4348,2026-07-30T12:29:28Z,ru,"['Русский', 'aunkere', 'аункер', 'cs2major', 'English', 'позитив', 'безмашны', 'DropsВключены']",2026-07-30,23-00-12,Thursday
318143189990,37751556,hens,491487,Dead by Daylight,4345,2026-07-30T13:02:57Z,en,"['English', 'Sluggerrat333', 'young', 'Hip', 'Not', 'old', 'Yapper', 'Wise', 'DropsEnabled']",2026-07-30,23-00-12,Thursday
316528232533,27101452,mpkbk,32399,Counter-Strike,4329,2026-07-30T09:49:28Z,ru,"['cs2', 'russian', 'Русский', 'counterstrike2', 'landalan', 'cybersport']",2026-07-30,23-00-12,Thursday
318143194470,93179860,faiar,509658,Just Chatting,4304,2026-07-30T13:03:17Z,ro,"['Română', 'Romania', 'Romanian']",2026-07-30,23-00-12,Thursday
317336672994,622498423,otplol_,21779,League of Legends,4273,2026-07-30T14:56:37Z,fr,"['Français', 'DropsActivés']",2026-07-30,23-00-12,Thursday
316559902422,170671692,iseedeadp3ople,29595,Dota 2,4242,2026-07-30T15:05:57Z,ru,"['Русский', 'zvezd', 'slark', 'iseedeadpeople']",2026-07-30,23-00-12,Thursday
315898508905,56649026,quin69,29307,Path of Exile,4229,2026-07-30T15:26:06Z,en,"['English', 'DropsEnabled']",2026-07-30,23-00-12,Thursday
316527956181,30814134,welovegames,509658,Just Chatting,4210,2026-07-30T08:56:36Z,ru,"['юмор', 'игры', 'новинки', 'общение', 'IRL', 'русский', 'хоррор', 'Русский']",2026-07-30,23-00-12,Thursday
317361333476,38446500,revenant,509658,Just Chatting,4116,2026-07-30T14:33:29Z,es,['Español'],2026-07-30,23-00-12,Thursday
317765660248,25093116,fl0m,32399,Counter-Strike,4079,2026-07-30T12:41:10Z,en,"['BEARD', 'Washed', 'Pro', 'CONTENT', 'FAT', 'NotFat', 'NOTlate', 'SwoleDaddy', 'English']",2026-07-30,23-00-12,Thursday
316559086038,98742675,blackufa,239508714,Prospice,4049,2026-07-30T12:58:22Z,ru,"['Русский', 'инди', 'юмор', 'общение', 'новинки', 'Cooporative', 'дедушка']",2026-07-30,23-00-12,Thursday
316557964374,123276759,imkitsuki,1264310518,Marvel Rivals,4023,2026-07-30T09:51:56Z,en,"['English', 'DropsEnabled']",2026-07-30,23-00-12,Thursday
318076968293,129289579,krl_stream,32399,Counter-Strike,3998,2026-07-30T12:24:50Z,fr,"['Français', 'KRL', 'CS2']",2026-07-30,23-00-12,Thursday
317116633719,681908610,fregepaul,509672,IRL,3908,2026-07-30T08:23:25Z,de,['Deutsch'],2026-07-30,23-00-12,Thursday
316246608370,29722828,never_loses,21779,League of Legends,3885,2026-07-30T06:00:08Z,zh,"['叉滴娛樂', '中文', '启用掉宝']",2026-07-30,23-00-12,Thursday
316600963412,1145234241,casebattle_official,32399,Counter-Strike,3809,2026-07-30T15:01:46Z,ru,"['Повтор', 'Русский']",2026-07-30,23-00-12,Thursday
318077757413,168514917,rachtaz,500188,Hunt: Showdown 1896,3796,2026-07-30T13:56:57Z,en,"['English', 'DropsEnabled']",2026-07-30,23-00-12,Thursday
315896199401,1057785822,michimochievee,509658,Just Chatting,3791,2026-07-30T04:00:27Z,en,"['English', 'VTuber', 'Cringe', 'Bilingual', 'Anime', 'Indonesian']",2026-07-30,23-00-12,Thursday
320765620955,23364603,arteezy,29595,Dota 2,3713,2026-07-30T14:25:58Z,en,['English'],2026-07-30,23-00-12,Thursday
318077948005,501438035,niklaswilson,509658,Just Chatting,3685,2026-07-30T14:16:24Z,de,['Deutsch'],2026-07-30,23-00-12,Thursday
316600559444,231922983,drakeoffc,370378,City Car Driving,3669,2026-07-30T14:01:31Z,ru,['Русский'],2026-07-30,23-00-12,Thursday
316247100786,805456112,naru0419045,55453844,Street Fighter 6,3635,2026-07-30T08:50:11Z,ja,['日本語'],2026-07-30,23-00-12,Thursday
316237930993,128222917,bbbb87,511224,Apex Legends,3585,2026-07-30T05:27:39Z,zh,"['中文', '启用掉宝']",2026-07-30,23-00-12,Thursday
318143448934,86131599,lol_nemesis,21779,League of Legends,3545,2026-07-30T13:33:45Z,en,"['English', 'LegendsMatch', 'DropsEnabled']",2026-07-30,23-00-12,Thursday
317117312887,452321499,lopezfnx,509672,IRL,3531,2026-07-30T12:36:37Z,es,"['España', 'Español']",2026-07-30,23-00-12,Thursday
315858124136,181185692,gssspotted,491189,Scrap Mechanic,3462,2026-07-30T14:15:35Z,th,['ภาษาไทย'],2026-07-30,23-00-12,Thursday
318075442405,51929371,ml7support,515025,Overwatch,3377,2026-07-30T08:41:06Z,en,"['English', 'gaming', 'overwatch', 'DropsEnabled']",2026-07-30,23-00-12,Thursday
317759529432,519084584,santipulgaz,509658,Just Chatting,3376,2026-07-29T21:15:12Z,en,"['English', 'oscs', 'DropsEnabled']",2026-07-30,23-00-12,Thursday
318665609687,119407348,shxtou,1820839024,MECCHA CHAMELEON,3328,2026-07-30T14:58:10Z,en,"['English', 'Vtuber', 'LGBTQ', 'MaleVtuber', 'Twunk', 'Asian', 'Femboy', 'Anime', 'ENVtuber', 'twinkmaxxing']",2026-07-30,23-00-12,Thursday
317359838308,50597026,ponce,344035090,Kingdom Come: Deliverance II,3318,2026-07-30T10:42:09Z,fr,['Français'],2026-07-30,23-00-12,Thursday
315378329455,43899589,c_a_k_e,29595,Dota 2,3309,2026-07-30T09:45:09Z,ru,['Русский'],2026-07-30,23-00-12,Thursday
320764758235,86016923,camy,512710,Call of Duty: Warzone,3301,2026-07-30T12:04:37Z,en,"['ADHD', 'LOUD', 'funny', 'English']",2026-07-30,23-00-12,Thursday
319668030940,249820319,thestockguy,509658,Just Chatting,3299,2026-07-30T13:24:55Z,en,['English'],2026-07-30,23-00-12,Thursday
316303151219,818506560,gocchanmikey,263490,Rust,3254,2026-07-30T09:03:28Z,ja,"['日本語', 'ストグラ', 'Drops有効']",2026-07-30,23-00-12,Thursday
315817725265,422275514,deme,509658,Just Chatting,3227,2026-07-30T12:56:59Z,en,"['AAAAAAAAAAAAAAAAAAAAAAAAA', 'VTuber', 'Woman', 'ADHD', 'silly', 'dyslexic', 'LOUD', 'English', 'GamingGod', 'reactor']",2026-07-30,23-00-12,Thursday
318142901862,190708734,altair,852009328,Mistfall Hunter,3225,2026-07-30T12:28:12Z,fr,"['Français', 'gaming', 'humour', 'DiffMax', 'BienMonté', 'DropsActivés']",2026-07-30,23-00-12,Thursday
317934192743,84539108,nisqyy,21779,League of Legends,3214,2026-07-30T12:41:14Z,fr,"['Français', 'Chıll', 'English', 'Europe', 'leagueoflegends', 'MOBA', 'Anime', 'movie', 'gaming', 'food']",2026-07-30,23-00-12,Thursday
319667513692,56865374,barbarousking,1820378900,Resident Evil 4,3194,2026-07-30T12:05:50Z,en,"['English', 'BaldWelcome', 'Kaizo', 'GorillaWins', 'memberofparliament', 'bauserhaus']",2026-07-30,23-00-12,Thursday
317336666594,217476533,sol1xd,21779,League of Legends,3143,2026-07-30T14:55:48Z,es,"['gwen', 'otp', 'challenger', '6XX', 'Español']",2026-07-30,23-00-12,Thursday
316238734961,205775893,haitani0904,55453844,Street Fighter 6,3121,2026-07-30T09:55:07Z,ja,['日本語'],2026-07-30,23-00-12,Thursday
317935869287,95603047,orangemorange,498566,Slots,3120,2026-07-30T15:41:46Z,de,['Deutsch'],2026-07-30,23-00-12,Thursday
319604818526,50881182,aztecross,497057,Destiny 2,3094,2026-07-30T14:25:00Z,en,['English'],2026-07-30,23-00-12,Thursday
320596735449,22562338,buffpup,509658,Just Chatting,3051,2026-07-30T14:00:34Z,en,"['English', 'Vtuber', 'cringe', 'monstergirl', 'Anime', 'werewolf', 'Woman', 'sterileandferal']",2026-07-30,23-00-12,Thursday
317935325671,1233797669,betboom_sb_dota,29595,Dota 2,3031,2026-07-30T14:48:00Z,ru,['Русский'],2026-07-30,23-00-12,Thursday
316247180786,598495509,akamikarubi,263490,Rust,3017,2026-07-30T09:14:46Z,ja,"['日本語', 'Drops有効']",2026-07-30,23-00-12,Thursday
316238857713,32686914,firemanruby2,55453844,Street Fighter 6,2966,2026-07-30T10:29:50Z,zh,"['中文', 'FTG', 'restream', 'CoStreamers']",2026-07-30,23-00-12,Thursday
317361511524,89873316,terracid,626298054,Machine Party,2961,2026-07-30T14:57:14Z,fr,['Français'],2026-07-30,23-00-12,Thursday
315834715218,11355067,vegetta777,27471,Minecraft,2882,2026-07-30T14:00:02Z,es,"['Español', 'vegetta777', 'English']",2026-07-30,23-00-12,Thursday
316304214003,113028874,kenki521,263490,Rust,2830,2026-07-30T13:00:35Z,ja,"['日本語', 'Drops有効']",2026-07-30,23-00-12,Thursday
319604616030,86224100,pge4,515025,Overwatch,2792,2026-07-30T13:56:49Z,en,"['English', 'DidIMentionChill', 'RealBuddha', 'ｃｈｉｌｌ', 'SeriousRolePlay', 'DropsEnabled']",2026-07-30,23-00-12,Thursday
316303101939,792691462,assarisyoko1,263490,Rust,2781,2026-07-30T08:49:13Z,ja,"['日本語', 'Drops有効']",2026-07-30,23-00-12,Thursday
315919687402,456798977,kspksp,516575,VALORANT,2775,2026-07-30T15:05:28Z,zh,['中文'],2026-07-30,23-00-12,Thursday
317335801314,44162266,orkpod,1458917212,Happy's Humble Burger Cult,2771,2026-07-30T12:58:59Z,ru,['Русский'],2026-07-30,23-00-12,Thursday
316238962033,660323231,haumpah,509658,Just Chatting,2763,2026-07-30T10:58:39Z,ko,"['한국어', '中文', '日本語', 'Dance', 'kpop', 'ENG', 'korean']",2026-07-30,23-00-12,Thursday
315862755027,48865821,staiy,509658,Just Chatting,2750,2026-07-30T15:53:33Z,de,['Deutsch'],2026-07-30,23-00-12,Thursday
317933757287,73437396,bonjwa,1662521612,"Sir, We Have an Orc Problem",2749,2026-07-30T11:46:04Z,de,['Deutsch'],2026-07-30,23-00-12,Thursday
319732265952,136192832,tminnzy,512710,Call of Duty: Warzone,2745,2026-07-30T14:59:31Z,en,"['English', 'Gaming', 'DropsEnabeled', 'CallOfDuty', 'CODWRS', 'EWC2026', 'Esports', 'WatchParty', 'FPS', 'CallOfDutyLeague']",2026-07-30,23-00-12,Thursday
318665688279,92537604,grimkujow,509672,IRL,2743,2026-07-30T15:13:35Z,fr,['Français'],2026-07-30,23-00-12,Thursday
316246974962,797780136,shuto_fgc,55453844,Street Fighter 6,2738,2026-07-30T08:04:58Z,ja,"['日本語', 'streeetfighter6', 'under', '雑談']",2026-07-30,23-00-12,Thursday
318078393573,531019578,ronnyberger,509672,IRL,2729,2026-07-30T15:02:58Z,de,"['Deutsch', 'vlog', 'justchatting', 'Christ', 'IRL', 'wacken', 'WOA', 'Metal', 'Festival', 'outdoor']",2026-07-30,23-00-12,Thursday
316558430934,130313947,dmitry_bale,852009328,Mistfall Hunter,2726,2026-07-30T11:12:19Z,ru,"['Vtuber', 'Русский', 'Новинки', 'Игры', 'Общение', 'DropsВключены']",2026-07-30,23-00-12,Thursday
317753992920,1305342529,theburntpeanut_247,499973,Always On,2700,2026-07-29T03:51:33Z,en,"['English', 'VOD', 'Rerun', 'arcraiders', 'tobacco']",2026-07-30,23-00-12,Thursday
316559190358,669445653,korya_mc,509658,Just Chatting,2699,2026-07-30T13:14:58Z,ru,['Русский'],2026-07-30,23-00-12,Thursday
317336187490,195326003,meowko,509658,Just Chatting,2685,2026-07-30T13:53:22Z,en,"['English', 'japanese', 'japan', 'irl', '日本語', 'ADHD']",2026-07-30,23-00-12,Thursday
317764792920,38169925,inscope21tv,509672,IRL,2675,2026-07-30T08:23:25Z,de,"['reaction', 'Deutsch', 'Comedy', 'Wiederholen']",2026-07-30,23-00-12,Thursday
319604623198,7236692,dansgaming,2059463486,Waterpark Simulator,2654,2026-07-30T13:57:54Z,en,"['TwitchOG', 'DansGame', 'Emotes', 'Variety', 'English', 'Solo', 'Gaming', 'Cozy', 'Community', 'Singleplayer']",2026-07-30,23-00-12,Thursday
315397648496,65653595,roger9527,138585,Hearthstone,2639,2026-07-30T15:51:43Z,zh,['中文'],2026-07-30,23-00-12,Thursday
320764641499,46038989,honeybeecommandeur,2030977008,Avatar Legends: The Fighting Game,2630,2026-07-30T11:41:37Z,en,"['honeybee', 'english', 'toph', 'fgc', 'nightmarekorra', 'English']",2026-07-30,23-00-12,Thursday
316527953109,211797594,rexnor,500188,Hunt: Showdown 1896,2624,2026-07-30T08:55:49Z,en,"['pvp', 'gaming', 'hardcore', 'challenge', 'solo', 'huntshowdown', 'English', 'ExtractionShooter', 'fps', 'DropsEnabled']",2026-07-30,23-00-12,Thursday
317932942311,59965916,rdulive,138585,Hearthstone,2600,2026-07-30T09:55:00Z,en,"['English', 'Autobattler', 'KEKW', 'Battlegrounds', 'Educational']",2026-07-30,23-00-12,Thursday
319731181152,116142296,zerbs,491487,Dead by Daylight,2596,2026-07-30T11:58:48Z,en,"['English', 'DropsEnabled']",2026-07-30,23-00-12,Thursday
316240213105,1107300189,furachisounds,509659,ASMR,2591,2026-07-30T15:13:26Z,ja,"['Vtuber', '日本語', 'Anime', 'ASMR', '耳舐め', 'earlicking']",2026-07-30,23-00-12,Thursday
319666543964,44424631,nickeh30,33214,Fortnite,2579,2026-07-30T08:50:56Z,en,"['Canadian', 'Positivity', 'BattleRoyale', 'PC', 'FamilyFriendly', 'Multiplayer', 'PVP', 'PlayingWithViewers', 'English', 'Drops']",2026-07-30,23-00-12,Thursday
317376980963,52803405,hugodelire,626298054,Machine Party,2556,2026-07-30T14:55:16Z,fr,['Français'],2026-07-30,23-00-12,Thursday
316304016627,1016942766,kyoyu_shiroya,32982,Grand Theft Auto V,2553,2026-07-30T12:24:58Z,ja,"['VTuber', '日本語', 'ネタバレ禁止', 'ネタバレ注意', 'のりプロ', '雑談', 'ストグラ']",2026-07-30,23-00-12,Thursday
316598953172,40634935,txao,515025,Overwatch,2545,2026-07-30T09:31:00Z,ru,"['Русский', 'DropsВключены']",2026-07-30,23-00-12,Thursday
318077017189,36717908,izakooo,32399,Counter-Strike,2540,2026-07-30T12:31:10Z,pl,['Polski'],2026-07-30,23-00-12,Thursday
315833371090,36483360,zizaran,29307,Path of Exile,2511,2026-07-30T04:12:14Z,en,"['English', 'DropsEnabled']",2026-07-30,23-00-12,Thursday
317117143287,13576693,frodan,513143,Teamfight Tactics,2500,2026-07-30T11:24:29Z,en,"['English', 'lilia', 'Unlucky', 'unemployed', 'DadGamer', 'DropsEnabled']",2026-07-30,23-00-12,Thursday
317375076451,662159924,dja100,1669431183,DJs,2495,2026-07-30T10:01:45Z,en,"['DJ', 'House', 'English', 'Visuals', '808ontwitch', '808', 'twitchteam', 'goodvibsonly', 'TwitchDJs', 'thatsmyjam']",2026-07-30,23-00-12,Thursday
320597323737,133220545,jay3,1264310518,Marvel Rivals,2441,2026-07-30T15:13:36Z,en,"['English', 'DropsEnabled']",2026-07-30,23-00-12,Thursday
317376188387,75268383,lilwhuda,516575,VALORANT,2428,2026-07-30T13:08:40Z,en,"['English', 'lilwhuda', 'Arabic', 'العربية', 'DropsEnabled']",2026-07-30,23-00-12,Thursday
320654944090,128440061,zentreya,509658,Just Chatting,2415,2026-07-30T15:23:31Z,en,"['English', 'ForkliftCertified', 'GoodMusicTaste', 'ENVtuber', 'PositiveVibes', 'Anime', 'funny', 'gaming', 'Vtuber', 'SVA']",2026-07-30,23-00-12,Thursday
317335813602,122863474,saruei,2126047274,Beholder: Conductor,2388,2026-07-30T13:00:33Z,en,"['English', 'Vtuber', 'french', 'Bratty']",2026-07-30,23-00-12,Thursday
316557576662,232372312,pathofexilebota,29307,Path of Exile,2384,2026-07-30T08:39:53Z,ru,"['Русский', 'DropsВключены']",2026-07-30,23-00-12,Thursday
316248181106,793808122,bakumatsu_shishi,263490,Rust,2380,2026-07-30T13:02:35Z,ja,"['日本語', 'Drops有効']",2026-07-30,23-00-12,Thursday
316591548116,729639945,perra,509658,Just Chatting,2367,2026-07-29T08:28:28Z,sv,"['Svenska', 'Norsk', 'IRL', 'ADHD', 'English', 'Fat']",2026-07-30,23-00-12,Thursday
317935723111,16064695,dhalucard,852009328,Mistfall Hunter,2337,2026-07-30T15:27:58Z,de,"['Deutsch', 'DropsAktiviert']",2026-07-30,23-00-12,Thursday
316304494835,11561802,godjj,21779,League of Legends,2308,2026-07-30T13:55:00Z,zh,"['中文', '訂閱免廣告', '登入就送', '启用掉宝']",2026-07-30,23-00-12,Thursday
316530301525,888120457,rera_seal,116747788,"Pools, Hot Tubs, and Beaches",2304,2026-07-30T15:18:43Z,ru,"['Vtuber', 'vtube', 'Русский', 'Аниме', 'Comfy', 'RU', 'girl', 'hololive']",2026-07-30,23-00-12,Thursday
320654742234,41809323,misterarther,509658,Just Chatting,2288,2026-07-30T15:00:07Z,en,['English'],2026-07-30,23-00-12,Thursday
317934896359,135177864,sidneyeweka,509658,Just Chatting,2285,2026-07-30T14:01:38Z,de,['Deutsch'],2026-07-30,23-00-12,Thursday
317933064935,53815140,olesha,27471,Minecraft,2278,2026-07-30T10:10:26Z,ru,"['Русский', 'ГигантМысли', 'ГигаГеймер', 'ПолитическиПодкованный', 'ФилософияЖизни', 'БеспроводнаяКлавиатура', 'КлавиатураБезНумпада', 'БоссСваги']",2026-07-30,23-00-12,Thursday
317336720482,137192875,degrastream,509658,Just Chatting,2259,2026-07-30T15:02:15Z,ru,['Русский'],2026-07-30,23-00-12,Thursday
320765953499,40972890,admiralbahroo,1036710512,Palworld,2249,2026-07-30T15:07:12Z,en,"['English', 'Vtuber', 'Panda', 'ProfessionalThrowing']",2026-07-30,23-00-12,Thursday
316529324885,124053804,knightlight,491487,Dead by Daylight,2236,2026-07-30T12:50:50Z,en,"['English', 'POLSKAGUROM', 'polish', 'Competitive', 'Educational', 'Ihaveagirlfriend', 'DropsEnabled']",2026-07-30,23-00-12,Thursday
318665312855,173397905,hivise,33214,Fortnite,2232,2026-07-30T13:47:44Z,en,"['English', 'DropsEnabled']",2026-07-30,23-00-12,Thursday
316559150550,76036152,murzofix,32399,Counter-Strike,2201,2026-07-30T13:07:46Z,ru,['Русский'],2026-07-30,23-00-12,Thursday
317360773092,158388504,honeypuu,21779,League of Legends,2200,2026-07-30T13:14:34Z,de,"['Deutsch', 'English']",2026-07-30,23-00-12,Thursday
317934955495,80093668,bogur,1264310518,Marvel Rivals,2198,2026-07-30T14:07:22Z,en,"['English', 'tank', 'silly', 'bulgarian', 'DropsEnabled']",2026-07-30,23-00-12,Thursday
317932226535,438349822,twitchfarming,509672,IRL,2197,2026-07-30T08:06:01Z,de,['Deutsch'],2026-07-30,23-00-12,Thursday
319668054236,506457175,qoqsik,509658,Just Chatting,2189,2026-07-30T13:28:10Z,en,['English'],2026-07-30,23-00-12,Thursday
317935012583,51931241,jeens,852009328,Mistfall Hunter,2182,2026-07-30T14:13:43Z,ru,"['Ukraine', 'Русский', 'DropsВключены']",2026-07-30,23-00-12,Thursday
317359845220,89872865,laink,876399645,You Know The Drill,2163,2026-07-30T10:43:16Z,fr,['Français'],2026-07-30,23-00-12,Thursday
319667741788,25677980,deansocool,509658,Just Chatting,2147,2026-07-30T12:44:11Z,en,"['English', 'reacts']",2026-07-30,23-00-12,Thursday
317334792290,103762288,wakzlol,21779,League of Legends,2143,2026-07-30T10:04:50Z,fr,"['Français', 'Challenger', 'ADC', 'Musclé', '27cm', 'DropsActivés']",2026-07-30,23-00-12,Thursday
318665030999,648879023,zanolinii,509672,IRL,2137,2026-07-30T12:28:55Z,pt,['Português'],2026-07-30,23-00-12,Thursday
317935910247,97552124,freneh,1863222988,Kings League,2134,2026-07-30T15:45:35Z,it,"['Italiano', 'KingsLeague', 'KingsWorldCup']",2026-07-30,23-00-12,Thursday
317377409891,1461301116,godwinxfree,505884,PUBG MOBILE,2130,2026-07-30T15:50:42Z,en,['English'],2026-07-30,23-00-12,Thursday
316247950322,858359149,ramuneshiranami,263490,Rust,2108,2026-07-30T12:18:43Z,ja,"['日本語', '聞いたら教えて', 'Drops有効']",2026-07-30,23-00-12,Thursday
316529198933,259710795,pelaajatcom,32399,Counter-Strike,2105,2026-07-30T12:30:12Z,fi,"['Suomi', 'Wombat', 'xff', 'selostajat', 'kännissä', '35', 'ihQ']",2026-07-30,23-00-12,Thursday
318078253797,111974014,knebeltv,71375,Star Citizen,2103,2026-07-30T14:49:18Z,de,"['Deutsch', 'German', 'Weltraum', 'Rollenspiel', 'StarCitizen', 'PvE', 'PvP', '4K', 'SpaceSim', 'Shooter']",2026-07-30,23-00-12,Thursday
320643977306,21588571,anthony_kongphan,852009328,Mistfall Hunter,2100,2026-07-29T23:52:44Z,en,"['English', 'Vampire', 'goth', 'Patellanation', 'ADHDStreamer', 'DropsEnabled']",2026-07-30,23-00-12,Thursday
316239008881,24150891,kokujintv,55453844,Street Fighter 6,2098,2026-07-30T11:07:28Z,ja,['日本語'],2026-07-30,23-00-12,Thursday
317765919960,40980097,faux,459931,Old School RuneScape,2091,2026-07-30T14:01:16Z,en,['English'],2026-07-30,23-00-12,Thursday
316238817393,807131251,ikoma_dogura,55453844,Street Fighter 6,2088,2026-07-30T10:18:19Z,ja,"['プロゲーマー', 'CrazyRaccoon', '質問歓迎', '日本語', 'English', 'ミラー配信']",2026-07-30,23-00-12,Thursday
318076890469,47124404,dunduk,516866,Stalzone,2077,2026-07-30T12:14:15Z,ru,['Русский'],2026-07-30,23-00-12,Thursday
317375805667,95055754,diazbiffle,512710,Call of Duty: Warzone,2072,2026-07-30T12:10:53Z,en,"['Warzone', 'English', 'DropsEnabled']",2026-07-30,23-00-12,Thursday
316558774742,116738112,pwgood,27471,Minecraft,2065,2026-07-30T12:07:59Z,ru,['Русский'],2026-07-30,23-00-12,Thursday
317337066978,491625140,omofficial,509658,Just Chatting,2059,2026-07-30T15:49:00Z,fr,"['Français', 'Football', 'Marseille', 'OM', 'olympiquedemarseille']",2026-07-30,23-00-12,Thursday
318508258806,44099416,rakin,852009328,Mistfall Hunter,2037,2026-07-30T11:35:05Z,pt,"['Português', 'DropsAtivados']",2026-07-30,23-00-12,Thursday
315918112490,23852822,failverde,21779,League of Legends,2028,2026-07-30T07:56:03Z,zh,"['中文', '抽卡不歪', '超級幸運', '運氣超好', '這我婆', '启用掉宝']",2026-07-30,23-00-12,Thursday
320596507993,48918044,spookyloopz,491487,Dead by Daylight,1991,2026-07-30T13:26:22Z,en,"['English', 'DropsEnabled']",2026-07-30,23-00-12,Thursday
318143514598,435389332,real_bazzi,498566,Slots,1988,2026-07-30T13:42:25Z,de,['Deutsch'],2026-07-30,23-00-12,Thursday
316247769842,25202416,shuteye_orange,509658,Just Chatting,1974,2026-07-30T11:51:48Z,zh,"['中文', '恐怖遊戲', 'Horror', 'horrorgames', '恐怖', '燕雲十六聲', 'wherewindsmeet']",2026-07-30,23-00-12,Thursday
317935462119,72726363,edopeh,31339,Project Zomboid,1970,2026-07-30T15:01:31Z,de,['Deutsch'],2026-07-30,23-00-12,Thursday
315817558865,59685493,cohh,499973,Always On,1968,2026-07-30T12:00:06Z,en,"['ReRun', 'Cozy', 'GoodVibes', 'SFW', 'Parent', 'Chill', 'English']",2026-07-30,23-00-12,Thursday
317934739431,143119676,luki,509658,Just Chatting,1964,2026-07-30T13:45:16Z,en,"['English', 'Pets', 'Snakes', 'Turtles', 'chill']",2026-07-30,23-00-12,Thursday
316238705009,451955490,vincennt,2009321156,Dark and Darker,1960,2026-07-30T09:45:06Z,en,"['English', '日本語', 'DropsEnabled']",2026-07-30,23-00-12,Thursday
317361460964,798403031,mannyy,32982,Grand Theft Auto V,1945,2026-07-30T14:50:14Z,fr,['Français'],2026-07-30,23-00-12,Thursday
319731480928,22552479,giantwaffle,31339,Project Zomboid,1943,2026-07-30T12:59:45Z,en,"['English', 'smoothbrain', 'greg']",2026-07-30,23-00-12,Thursday
317376288227,167100879,abby_,21779,League of Legends,1918,2026-07-30T13:21:57Z,es,"['Español', 'DropsActivados']",2026-07-30,23-00-12,Thursday
316557809110,56770381,aggo,509672,IRL,1915,2026-07-30T09:23:07Z,da,['Dansk'],2026-07-30,23-00-12,Thursday
316304172019,150989534,guanweiboy,515474,NARAKA: BLADEPOINT,1907,2026-07-30T12:53:25Z,zh,"['中文', '启用掉宝']",2026-07-30,23-00-12,Thursday
316246735730,524474488,hanjoudesu,1982003207,Dragon Warrior Monsters 2: Tara's Adventure,1897,2026-07-30T06:44:20Z,ja,['日本語'],2026-07-30,23-00-12,Thursday
316240131313,414070550,pira_real,32982,Grand Theft Auto V,1895,2026-07-30T14:50:58Z,ja,['日本語'],2026-07-30,23-00-12,Thursday
315363731310,11692694,uzra,138585,Hearthstone,1889,2026-07-30T08:37:18Z,zh,['中文'],2026-07-30,23-00-12,Thursday
316600010580,657644821,cs2_maincast,32399,Counter-Strike,1883,2026-07-30T12:30:02Z,uk,"['Українська', 'maincast', 'cs2', 'кс2', 'мейнкаст', 'Ukrainian', 'кс', 'BLAST']",2026-07-30,23-00-12,Thursday
316600959316,87791915,ilame,1662521612,"Sir, We Have an Orc Problem",1882,2026-07-30T15:01:26Z,ru,"['Русский', 'отвалжопы', 'Геморрой', 'гейминг', 'donttouchgrasschallenge', 'Skuffed', 'penusripper', 'аим400кг', 'янебудуигратьвдоту']",2026-07-30,23-00-12,Thursday
318132801254,636587384,alveussanctuary,509658,Just Chatting,1872,2026-07-29T13:02:01Z,en,"['English', 'TogetherForGood', 'purplemartins', 'Charity']",2026-07-30,23-00-12,Thursday
317116633463,1301492595,nicistemmler,509672,IRL,1868,2026-07-30T08:23:23Z,de,"['Deutsch', 'IRL']",2026-07-30,23-00-12,Thursday
317374644451,32373176,ricfazeres,1951012895,Disney Lorcana Trading Card Game,1862,2026-07-30T08:13:59Z,pt,"['Português', 'VarietyGaming']",2026-07-30,23-00-12,Thursday
316238144497,21390470,singsing,1144717324,Gothic 1 Remake,1845,2026-07-30T06:40:08Z,en,"['NoBackseating', 'English', 'dutch']",2026-07-30,23-00-12,Thursday
316598858324,57317154,steelmage,29307,Path of Exile,1833,2026-07-30T09:13:31Z,en,"['English', 'Australian', 'DropsEnabled']",2026-07-30,23-00-12,Thursday
316557917910,98311933,madarapoe,29307,Path of Exile,1832,2026-07-30T09:42:50Z,ru,"['Русский', 'gym', 'gachi', 'MF', 'English', 'DropsВключены']",2026-07-30,23-00-12,Thursday
319668271196,48533154,bawkbasoup,31339,Project Zomboid,1820,2026-07-30T13:56:06Z,en,"['GodGamer', 'GamerGod', 'English', 'Canada', 'ADHD', 'Horror', 'Canadian']",2026-07-30,23-00-12,Thursday
318078169445,87381112,qanteg,32982,Grand Theft Auto V,1800,2026-07-30T14:40:33Z,ru,"['Русский', 'Шизофрения', 'Бустеренко', 'биполярка']",2026-07-30,23-00-12,Thursday
317334933858,26538483,sips_,31339,Project Zomboid,1790,2026-07-30T10:33:45Z,en,"['English', 'falconry', 'bronzesmith', 'Dad', 'mapmaking', 'esportsready', 'albino', 'Garagegaming', 'nevernude', 'BeachHaters']",2026-07-30,23-00-12,Thursday
317335849570,30977449,sekiam,329951934,Pokémon Community Game,1790,2026-07-30T13:05:03Z,es,['Español'],2026-07-30,23-00-12,Thursday
316529196117,52972297,dangar,852009328,Mistfall Hunter,1766,2026-07-30T12:29:53Z,ru,"['Русский', 'DropsВключены']",2026-07-30,23-00-12,Thursday
316238021617,153034674,alphaazur,263490,Rust,1765,2026-07-30T06:00:07Z,ja,"['日本語', 'Drops有効']",2026-07-30,23-00-12,Thursday
316521758677,186818440,delaney,500188,Hunt: Showdown 1896,1764,2026-07-29T11:49:24Z,en,"['English', 'Crytek', 'gamedev', 'DropsEnabled']",2026-07-30,23-00-12,Thursday
316599545556,61294188,anniefuchsia,852009328,Mistfall Hunter,1758,2026-07-30T11:13:24Z,en,"['Swedish', 'Svenska', 'ADHD', 'Girl', 'EarlyAccess', 'Variety', 'Female', 'English', 'CC', 'DropsEnabled']",2026-07-30,23-00-12,Thursday
316247416178,427263526,yukiofps14,263490,Rust,1757,2026-07-30T10:28:52Z,ja,"['日本語', 'Drops有効']",2026-07-30,23-00-12,Thursday
318144164838,109193436,niekbeats,509658,Just Chatting,1755,2026-07-30T14:54:06Z,de,['Deutsch'],2026-07-30,23-00-12,Thursday
315833875154,124604785,kragiee,1264310518,Marvel Rivals,1753,2026-07-30T08:48:30Z,en,"['English', 'DropsEnabled']",2026-07-30,23-00-12,Thursday
317376242147,234456766,jezu_lol,21779,League of Legends,1749,2026-07-30T13:15:36Z,fr,"['Français', 'ADC', 'ADCARRY', 'Challenger']",2026-07-30,23-00-12,Thursday
316559432278,480748218,bluesr,511391,Hollow Knight: Silksong,1738,2026-07-30T13:56:16Z,en,"['Speedrun', 'PBAttempts', 'English', 'ChallengeRun', 'AnyPercent', 'TrueEnding', 'WorldRecordAttempts', 'worldrecord', 'AllBosses']",2026-07-30,23-00-12,Thursday
316599870548,164699786,dima_wallhacks,32399,Counter-Strike,1733,2026-07-30T12:05:46Z,en,"['140IQ', 'English', 'ASMR', 'cs', 'CS2']",2026-07-30,23-00-12,Thursday
319731351904,95569482,wastzera,32399,Counter-Strike,1710,2026-07-30T12:35:09Z,pt,"['wastzera', 'sorteio', 'dicas', 'farm', 'Português', 'skin', 'cs2', 'gamersclub', 'neymar']",2026-07-30,23-00-12,Thursday
318144245478,99351845,jennyan,509658,Just Chatting,1682,2026-07-30T15:01:38Z,de,"['Travel', 'Japan', 'Tokyo', 'IRL', 'Cozy', 'GTARP', 'RP', 'german', 'Deutsch']",2026-07-30,23-00-12,Thursday
320596841177,43356746,amaz,1435206302,Slay the Spire II,1679,2026-07-30T14:13:50Z,en,['English'],2026-07-30,23-00-12,Thursday
315982305387,104717035,olyashaa,1926573562,An Alt Girl for Skoof,1672,2026-07-30T13:14:54Z,ru,"['Русский', 'rainarik']",2026-07-30,23-00-12,Thursday
317934084583,49082280,v1nkub,512710,Call of Duty: Warzone,1663,2026-07-30T12:28:08Z,de,"['Deutsch', 'Warzone', 'COD', 'VinKub', 'Verdansk', 'Rebirth']",2026-07-30,23-00-12,Thursday
318142839014,179144678,nezak_,33214,Fortnite,1661,2026-07-30T12:20:28Z,it,"['Italiano', 'DropAbilitati']",2026-07-30,23-00-12,Thursday
318078482533,996524016,mangekyou_14,29595,Dota 2,1657,2026-07-30T15:12:10Z,ru,"['Русский', 'EU', 'cybersport']",2026-07-30,23-00-12,Thursday
316303935475,1097252496,sendo_yuuhi,21779,League of Legends,1654,2026-07-30T12:09:35Z,ja,"['日本語', 'JK']",2026-07-30,23-00-12,Thursday
320597253337,147299717,blue_squadron,386821,Black Desert,1650,2026-07-30T15:05:33Z,en,"['comedy', 'english', 'English', 'Chinese中文', 'DropsEnabled']",2026-07-30,23-00-12,Thursday
316238563057,65737149,yutapongo,21779,League of Legends,1622,2026-07-30T09:00:26Z,ja,['日本語'],2026-07-30,23-00-12,Thursday
316559525590,254947119,nattynattlol,21779,League of Legends,1605,2026-07-30T14:09:25Z,en,['English'],2026-07-30,23-00-12,Thursday
315861749971,48286022,tru3ta1ent,491487,Dead by Daylight,1601,2026-07-30T10:05:11Z,en,"['English', 'DropsEnabled']",2026-07-30,23-00-12,Thursday
316529280469,1318974958,lentbb,32399,Counter-Strike,1600,2026-07-30T12:43:41Z,ru,"['Русский', 'BLAST', 'Bounty', 'BetBoom', 'chopper', '3DMAX', 'MOUZ', 'shadowkek', 'zoner']",2026-07-30,23-00-12,Thursday
320765528027,227504250,valorant_fr,516575,VALORANT,1589,2026-07-30T14:12:12Z,fr,"['Esports', 'Français', 'EMEA', 'valorant', 'valorantfrance', 'CHALLENGERS', 'ValorantCompetitive']",2026-07-30,23-00-12,Thursday
317935611367,66094104,coachboop,33214,Fortnite,1584,2026-07-30T15:16:11Z,en,"['Analyst', 'Broadcast', 'ViewingParty', 'CoachBoop', 'Boop', 'FNCS', 'Scrims', 'English', 'DropsEnabled']",2026-07-30,23-00-12,Thursday
318644309748,688858334,elpelotasssss,417528,Albion Online,1584,2026-07-30T10:01:56Z,es,"['Español', 'AlbionOnlineEspañol', 'AlbionOnlineDrops', 'AlbionOnline', 'DropsActivados']",2026-07-30,23-00-12,Thursday
319731466592,144313101,mish,491487,Dead by Daylight,1581,2026-07-30T12:57:07Z,en,"['ClosedCaptions', 'English', 'DropsEnabled']",2026-07-30,23-00-12,Thursday
316239778417,778750478,nekoko88,509658,Just Chatting,1572,2026-07-30T13:29:42Z,ja,"['Vtuber', 'かわいい', '雑談', '日本語', 'Rust', 'OUTLAST', 'みけねこ', 'バイオバザード']",2026-07-30,23-00-12,Thursday
320596340569,30923466,dangheesling,4431,Mike Tyson's Punch-Out!!,1560,2026-07-30T12:58:36Z,en,['English'],2026-07-30,23-00-12,Thursday
316530177621,110812074,relaxcis,516575,VALORANT,1548,2026-07-30T15:00:49Z,ru,"['Русский', 'valorant', 'deadinside', '89squad', 'Freak', 'masterscostream']",2026-07-30,23-00-12,Thursday
317376343011,175017835,llunaclark,509672,IRL,1546,2026-07-30T13:29:51Z,es,['Español'],2026-07-30,23-00-12,Thursday
316303466867,10985633,spygea,1036710512,Palworld,1543,2026-07-30T10:35:37Z,ja,"['日本語', 'スパイギア', 'SPYGEA', 'Drops有効']",2026-07-30,23-00-12,Thursday
316598810836,210983926,guzu,1148603226,Retro Rewind: Video Store Simulator,1540,2026-07-30T09:04:19Z,en,['English'],2026-07-30,23-00-12,Thursday
319730766432,53648099,warn,515025,Overwatch,1537,2026-07-30T10:08:13Z,en,"['overwatch', 'Ranked', 'Competitive', 'ADHD', 'Ashe', 'drops', 'English', 'overwatch2', 'DropsEnabled']",2026-07-30,23-00-12,Thursday
317335890018,521583209,jujalag,21779,League of Legends,1535,2026-07-30T13:11:11Z,es,['Español'],2026-07-30,23-00-12,Thursday
318078194405,21431060,phunkroyal,278441117,Assassin's Creed Black Flag Resynced,1526,2026-07-30T14:43:01Z,de,"['Deutsch', 'gaming', 'Cozy', 'RichtigSchönerStream', 'echtTollerStream', 'SchöneZuschauer', 'GeileSpielauswahl', 'KrasseSkillsHatDerPhunk', 'WahnsinnigTolleZuschauer', 'ChatIstAuchGanzOk']",2026-07-30,23-00-12,Thursday
316559477206,64023526,del1ght,32399,Counter-Strike,1526,2026-07-30T14:02:25Z,ru,['Русский'],2026-07-30,23-00-12,Thursday
316528096213,101963744,wendelbolol,509672,IRL,1526,2026-07-30T09:23:25Z,da,['Dansk'],2026-07-30,23-00-12,Thursday
317360835428,42141251,mastersnakou,399457773,Bills Must Be Paid,1519,2026-07-30T13:23:33Z,fr,"['Français', 'LootGoblin', 'LootLover', 'GoodVibes']",2026-07-30,23-00-12,Thursday
318077096037,739061673,der_typ_ist_anders,509658,Just Chatting,1516,2026-07-30T12:40:53Z,de,"['Interactive', 'Community', 'Deutsch', 'reaction', 'ReactionsVideos', 'reactions']",2026-07-30,23-00-12,Thursday
316559921238,31645736,goodoq,29595,Dota 2,1513,2026-07-30T15:08:46Z,ru,"['ASMR', 'Русский', 'Озеро', 'Усы']",2026-07-30,23-00-12,Thursday
317117223415,161432121,jnny,386821,Black Desert,1507,2026-07-30T11:59:19Z,en,"['English', 'gamergirl', 'Drops', 'girl', 'girlgamers', 'DropsEnabled']",2026-07-30,23-00-12,Thursday
317375393507,116245074,bagginstv,852009328,Mistfall Hunter,1504,2026-07-30T11:02:54Z,en,"['Drops', 'DropsEnabled', '中文', 'English']",2026-07-30,23-00-12,Thursday
320596026713,67209636,slate,491487,Dead by Daylight,1498,2026-07-30T12:03:14Z,en,"['English', 'DropsEnabled']",2026-07-30,23-00-12,Thursday
316557175510,135377687,posty,263490,Rust,1484,2026-07-30T07:09:44Z,en,"['FPS', 'PVP', 'English', 'solo', 'xd', 'Rust', 'highpop', 'GOAT', 'DropsEnabled']",2026-07-30,23-00-12,Thursday
316247868402,197367758,hennie2001,21779,League of Legends,1479,2026-07-30T12:05:15Z,zh,"['中文', '台V', 'Vtuber']",2026-07-30,23-00-12,Thursday
316240016113,21534857,wannasinging,1414211237,House Flipper 2,1478,2026-07-30T14:22:00Z,zh,['中文'],2026-07-30,23-00-12,Thursday
318141905254,68145728,sereja_gl1n,456845141,Zenless Zone Zero,1473,2026-07-30T10:09:23Z,ru,"['Русский', 'Беларусь', 'адекватность', 'адекватнаяатмосфера', 'КрасивыйСтример', 'Фурри', 'DropsВключены']",2026-07-30,23-00-12,Thursday
317360744036,417684519,suzyroxx,509658,Just Chatting,1468,2026-07-30T13:10:13Z,es,"['Español', 'charlando', 'chisme', 'suzyroxx', 'reaccion', 'reaccionando', 'velada', 'veladadelaño', 'veladadelaño6', 'DropsActivados']",2026-07-30,23-00-12,Thursday
318144682726,473646618,fcbayern,518203,Sports,1463,2026-07-30T15:47:37Z,de,"['FCBAYERN', 'FCBayernMünchen', 'Deutsch', 'Fußball', 'Bayern', 'allianzarena', 'Bundesliga', 'Bayern', 'ChampionLeague', 'UCL']",2026-07-30,23-00-12,Thursday
316303918323,835741219,josie5297,509658,Just Chatting,1457,2026-07-30T12:06:52Z,zh,"['中文', '迷你槍戰精英', '迷境奪金', '迷槍迷境奪金']",2026-07-30,23-00-12,Thursday
317360010468,39692658,elojoninja,21779,League of Legends,1455,2026-07-30T11:13:27Z,es,"['Español', 'LeagueofLegends', 'LoL', 'Didactico', 'MOBA', 'Ivern', 'LeeSin', 'Nidalee', 'Challenger', 'DropsActivados']",2026-07-30,23-00-12,Thursday
316599330388,524953193,d1pro4,509658,Just Chatting,1453,2026-07-30T10:36:54Z,ru,['Русский'],2026-07-30,23-00-12,Thursday
316558473430,62651386,general_hs_,21779,League of Legends,1442,2026-07-30T11:18:58Z,ru,"['Русский', 'DropsВключены']",2026-07-30,23-00-12,Thursday
317935858023,549995564,zaneslost,498566,Slots,1438,2026-07-30T15:40:40Z,de,['Deutsch'],2026-07-30,23-00-12,Thursday
317374850659,150716625,fefegg,515025,Overwatch,1424,2026-07-30T09:11:35Z,fr,"['drops', 'tokens', 'esports', 'overwatch', 'marvel', 'rivals', 'Français', 'DropsActivés']",2026-07-30,23-00-12,Thursday
318664547287,138498363,apply,515025,Overwatch,1422,2026-07-30T10:06:58Z,en,"['English', 'handsome', 'DropsEnabled']",2026-07-30,23-00-12,Thursday
320596270809,105827290,mirreytv,512710,Call of Duty: Warzone,1418,2026-07-30T12:46:49Z,es,"['Español', 'mundial', 'EWC', 'warzone', 'calldofduty', 'DropsActivados']",2026-07-30,23-00-12,Thursday
316530340949,418544243,lru_rose,32399,Counter-Strike,1418,2026-07-30T15:23:57Z,ru,['Русский'],2026-07-30,23-00-12,Thursday
316247976434,825030170,amauta_sau,32982,Grand Theft Auto V,1416,2026-07-30T12:23:53Z,ja,"['Vtuber', '恐竜', '日本語', 'ストグラ']",2026-07-30,23-00-12,Thursday
316559457878,159782005,guddummit,138585,Hearthstone,1414,2026-07-30T14:00:13Z,ru,['Русский'],2026-07-30,23-00-12,Thursday
316529131221,71089431,lagoda1337,509658,Just Chatting,1414,2026-07-30T12:19:46Z,ru,['Русский'],2026-07-30,23-00-12,Thursday
318143263462,142181685,velja_lol,21779,League of Legends,1413,2026-07-30T13:11:56Z,en,"['LeagueOfLegends', 'challenger', 'English', 'DropsEnabled']",2026-07-30,23-00-12,Thursday
317334273890,37523739,kenbogard,55453844,Street Fighter 6,1412,2026-07-30T07:53:03Z,fr,['Français'],2026-07-30,23-00-12,Thursday
315919437546,43177431,asiagodtonegg3be0,488190,Poker,1402,2026-07-30T13:57:12Z,zh,['中文'],2026-07-30,23-00-12,Thursday
318508489846,47332453,darkmoonknit,491487,Dead by Daylight,1400,2026-07-30T12:57:41Z,pt,"['gamer', 'darklua', 'Português', 'DropsAtivados']",2026-07-30,23-00-12,Thursday
315858197480,139348774,hannn0501_,509658,Just Chatting,1389,2026-07-30T14:35:41Z,zh,"['中文', 'Taiwan', '世界和平', '聊天', '圖奇畢卡索', '車王之王', '圖奇最專情', '溫柔體貼', '甜點魔法師', '下飯操作']",2026-07-30,23-00-12,Thursday
317375907939,223046106,hiro_llol,21779,League of Legends,1385,2026-07-30T12:27:30Z,fr,['Français'],2026-07-30,23-00-12,Thursday
316304725363,25684280,underground_dv,15587,Ganbare Goemon: Ooedo Daikaiten,1383,2026-07-30T14:49:58Z,zh,"['粵語', '美女', '美男', '搞笑', '高手', '達哥', '1440p', '1440p60fps', '中文']",2026-07-30,23-00-12,Thursday
318077865957,97903976,mouzakrobat,27546,World of Tanks,1381,2026-07-30T14:07:06Z,de,['Deutsch'],2026-07-30,23-00-12,Thursday
316239658481,154762047,akaonikou1207,509658,Just Chatting,1377,2026-07-30T13:07:38Z,zh,['中文'],2026-07-30,23-00-12,Thursday
317334430306,149393615,spear_shot,21779,League of Legends,1373,2026-07-30T08:39:36Z,en,['English'],2026-07-30,23-00-12,Thursday
316557521750,133099286,azamat799,509658,Just Chatting,1369,2026-07-30T08:28:20Z,ru,"['Русский', 'Taxi', 'IRL', 'Moscow', 'Москва', 'Работа', 'Yandex', 'Азамат', 'автошкола', 'инструктор']",2026-07-30,23-00-12,Thursday
317374718947,951954719,capitanpokemon,329951934,Pokémon Community Game,1364,2026-07-30T08:36:01Z,es,"['Español', 'Pokémon', 'capi', 'capitanpokemon', 'pokemon', 'videojuegos']",2026-07-30,23-00-12,Thursday
318508053878,601665123,luzu_tv,417752,Talk Shows & Podcasts,1357,2026-07-30T09:47:16Z,es,['Español'],2026-07-30,23-00-12,Thursday
316238582513,510453927,tonakaito_hendy,263490,Rust,1354,2026-07-30T09:05:55Z,ja,"['ネタバレ注意', '日本語', 'Drops有効']",2026-07-30,23-00-12,Thursday
318077653093,115340082,palsteron,29307,Path of Exile,1348,2026-07-30T13:45:24Z,en,"['English', 'DropsEnabled']",2026-07-30,23-00-12,Thursday
318665689559,36594525,emilyywang,513143,Teamfight Tactics,1336,2026-07-30T15:13:49Z,en,"['FUTUREWORLDSWINNER', 'FUTURERANK1', 'COMPETITIVE', 'English']",2026-07-30,23-00-12,Thursday
317933165799,22551603,gebauermarc,509672,IRL,1335,2026-07-30T10:23:52Z,de,['Deutsch'],2026-07-30,23-00-12,Thursday
317335816546,39518378,sirmaza,516575,VALORANT,1335,2026-07-30T13:00:52Z,es,"['valorant', 'radiant', 'Español']",2026-07-30,23-00-12,Thursday
318078370533,40860651,fenriscreations,13263,EVE Online,1328,2026-07-30T15:01:28Z,en,"['English', 'DropsEnabled']",2026-07-30,23-00-12,Thursday
315918169962,928328219,kirali_neon,509658,Just Chatting,1327,2026-07-30T08:12:10Z,zh,['中文'],2026-07-30,23-00-12,Thursday
315988820332,85289321,aldiyargh,500188,Hunt: Showdown 1896,1323,2026-07-29T15:03:35Z,ru,"['Казахстан', 'казах', 'Русский', 'денежныйкорридор', 'емлошадей', 'казы', 'кумыс', 'шубат', 'чотам', 'DropsВключены']",2026-07-30,23-00-12,Thursday
317361106788,40646018,scrapie,687129551,Trackmania,1321,2026-07-30T14:01:06Z,en,"['Competitive', 'Speedrun', 'anime', 'pro', 'Multiplayer', 'English', 'worldrecord', 'jpop', 'Racing']",2026-07-30,23-00-12,Thursday
320765725915,1110025580,yoursafterdark,509659,ASMR,1318,2026-07-30T14:39:58Z,en,"['Vtuber', 'ASMR', 'LGBTQIAPlus', 'English', 'Mommy', 'SoftSpoken', 'Femdom', 'Intimate', 'Roleplay', 'Parasocial']",2026-07-30,23-00-12,Thursday
318141523430,8822303,overpow,29307,Path of Exile,1316,2026-07-30T09:10:53Z,pl,"['Polski', 'DropyWłączone']",2026-07-30,23-00-12,Thursday
316248093810,45839490,alfrea,263490,Rust,1308,2026-07-30T12:48:06Z,ja,"['ネタバレ禁止', 'アドバイス禁止', '日本語', 'Drops有効']",2026-07-30,23-00-12,Thursday
317934171623,38341628,hooch,32399,Counter-Strike,1305,2026-07-30T12:38:40Z,ru,['Русский'],2026-07-30,23-00-12,Thursday
316559203926,634606699,dorozea,27471,Minecraft,1303,2026-07-30T13:17:17Z,en,"['English', 'girlgamers', 'funtowatch', 'Bigfeet', 'NOFRIENDSOMEGALUL', 'Chickenfeet', 'LGBTQFriendly']",2026-07-30,23-00-12,Thursday
318141116646,91647183,katoo,33214,Fortnite,1302,2026-07-30T07:57:53Z,de,"['Deutsch', 'German', 'Fortnite', 'DropsAktiviert']",2026-07-30,23-00-12,Thursday
318143575654,277405774,sfgameofficial,510389,Shakes and Fidget,1299,2026-07-30T13:50:09Z,en,"['International', 'Classic', 'Indie', 'BrowserGame', 'shakesandfidget', 'drops', 'English', 'Deutsch', 'DropsEnabled']",2026-07-30,23-00-12,Thursday
319732383584,622580525,nykchazza,509672,IRL,1295,2026-07-30T15:14:15Z,en,['English'],2026-07-30,23-00-12,Thursday
318076195685,31545223,agurin,21779,League of Legends,1291,2026-07-30T10:39:31Z,en,"['Deutsch', 'English']",2026-07-30,23-00-12,Thursday
318075874661,29214396,mastertay,32982,Grand Theft Auto V,1287,2026-07-30T09:54:17Z,de,"['Deutsch', 'Roleplay', 'Buxtehude', 'UnityLifeDE', 'Mastertay']",2026-07-30,23-00-12,Thursday
316600262612,49408183,sick_nerd,459931,Old School RuneScape,1287,2026-07-30T13:11:28Z,en,"['English', 'RecedingHairline', 'NeanderthalAncestry', 'AskMeAnything', 'Deposit', 'Your', 'Primes', 'Here', 'Denmark']",2026-07-30,23-00-12,Thursday
318077105637,176262150,dayneez,32399,Counter-Strike,1286,2026-07-30T12:41:50Z,ru,"['Русский', 'cs', 'CS2', 'BLAST', 'blastpremier', 'BLASTBounty', '3DMAX', 'MOUZ']",2026-07-30,23-00-12,Thursday
317335645666,193548061,ericlostie,329951934,Pokémon Community Game,1285,2026-07-30T12:36:08Z,es,"['pokemon', 'fangame', 'gamedev', 'Español']",2026-07-30,23-00-12,Thursday
318076640229,1276507838,nemonker,516866,Stalzone,1281,2026-07-30T11:42:05Z,ru,"['Русский', 'stalcraftx', 'Stalcraft', 'STALZONE', 'DropsВключены']",2026-07-30,23-00-12,Thursday
317935108967,432212991,tj_sk1per,1264310518,Marvel Rivals,1280,2026-07-30T14:24:37Z,ru,"['Русский', 'Jubilee', 'TheMysteryofThebes', 'MarvelRivalsPartners', 'MarvelRivals', 'SpiderManBrandNewDay', 'DropsВключены', 'RivalsMovieNight']",2026-07-30,23-00-12,Thursday
316528094165,56896886,marcelo,509672,IRL,1279,2026-07-30T09:23:10Z,da,['Dansk'],2026-07-30,23-00-12,Thursday
315862011347,69759951,vader,32982,Grand Theft Auto V,1276,2026-07-30T11:47:30Z,en,['English'],2026-07-30,23-00-12,Thursday
316303357427,689257502,mitsuki_mitsuu,32982,Grand Theft Auto V,1275,2026-07-30T10:05:14Z,ja,"['ストグラ', 'ストリーマー', '日本語']",2026-07-30,23-00-12,Thursday
318143989222,197163785,adm1tr1pow,417752,Talk Shows & Podcasts,1271,2026-07-30T14:34:02Z,ru,['Русский'],2026-07-30,23-00-12,Thursday
318076338405,39176440,dendi,29595,Dota 2,1267,2026-07-30T11:00:44Z,en,"['English', 'dota', 'MOBA', 'dota2']",2026-07-30,23-00-12,Thursday
317935453799,49440419,qojqva,29595,Dota 2,1264,2026-07-30T15:00:57Z,en,['English'],2026-07-30,23-00-12,Thursday
315857704168,91967953,liang_0714,516575,VALORANT,1263,2026-07-30T12:33:29Z,zh,['中文'],2026-07-30,23-00-12,Thursday
318077271525,151883075,mahluna,2748,Magic: The Gathering,1251,2026-07-30T13:00:48Z,de,['Deutsch'],2026-07-30,23-00-12,Thursday
317111422071,36384551,theendboss,2009321156,Dark and Darker,1245,2026-07-29T19:02:32Z,en,"['English', 'Chill', 'Solo', 'Cleric', 'HighRoller', 'Leaderboard', 'onlyfangs', 'Pulsoid', 'Heartratemonitor', 'DropsEnabled']",2026-07-30,23-00-12,Thursday
317336657890,238108646,utbh_oficial,509658,Just Chatting,1238,2026-07-30T14:54:50Z,es,['Español'],2026-07-30,23-00-12,Thursday
316248434802,702081938,jd_onlymusic,509658,Just Chatting,1235,2026-07-30T13:52:37Z,zh,['中文'],2026-07-30,23-00-12,Thursday
318144765030,1055397270,jack_fromsoft,1632098970,The Relic: First Guardian,1231,2026-07-30T15:55:59Z,de,"['Deutsch', 'eldenring', 'Soulsborne', 'soulslike', 'darksouls']",2026-07-30,23-00-12,Thursday
315834432594,41790550,winghaven,512710,Call of Duty: Warzone,1230,2026-07-30T12:23:54Z,es,"['Español', 'DropsActivados']",2026-07-30,23-00-12,Thursday
315898581353,627019785,maryymme,509658,Just Chatting,1230,2026-07-30T15:51:55Z,ru,['Русский'],2026-07-30,23-00-12,Thursday
320596662873,88257023,skylordzoey,24193,Left 4 Dead 2,1230,2026-07-30T13:51:11Z,en,"['Trans', 'Transgender', 'LGBTQIAPlus', 'English', 'Vtuber', 'Quirky', 'Loud', 'Vtuber']",2026-07-30,23-00-12,Thursday
317336206690,613526412,maiiser,21779,League of Legends,1212,2026-07-30T13:56:28Z,es,"['pareja', 'maii', 'javi', 'Español', 'charlando', 'maiiser', 'leagueoflegends', 'lol', 'Vtuber', 'DropsActivados']",2026-07-30,23-00-12,Thursday
315378375791,29103119,cawai0147,19976,MapleStory,1209,2026-07-30T10:06:07Z,zh,"['中文', '聊天', '한국어', '練等', '聊天', '启用掉宝']",2026-07-30,23-00-12,Thursday
317361399012,53265819,poko,515025,Overwatch,1203,2026-07-30T14:41:50Z,fr,"['french', 'DVA', 'ZARYA', 'SIGMA', 'PRO', 'Français', 'TANK', 'ENGLISH', 'Stadium', 'DropsActivés']",2026-07-30,23-00-12,Thursday
317934244711,51516226,benccce,32399,Counter-Strike,1202,2026-07-30T12:47:53Z,hu,"['CS2', 'counterstrike', 'counterstrike2', 'CS2Esports', 'BLAST', 'blastpremier', 'bounty', 'Esport', 'Esports', 'Tournament']",2026-07-30,23-00-12,Thursday
316237835761,1291086815,ssssshaoooo,511224,Apex Legends,1189,2026-07-30T04:54:02Z,zh,"['中文', '掉寶', '启用掉宝']",2026-07-30,23-00-12,Thursday
318075392613,48082917,jokerdtv,18122,World of Warcraft,1188,2026-07-30T08:30:42Z,en,"['MMORPG', 'English', 'drops']",2026-07-30,23-00-12,Thursday
317360967012,45209774,reudigruediger,491487,Dead by Daylight,1187,2026-07-30T13:41:31Z,es,"['competitivo', 'DbD', 'DeadbyDaylight', 'Español', 'DBDSurvivorMain', 'dbdespañol', 'dbdgameplay', 'Didáctico', 'dbdcreator', 'DBDStreamer']",2026-07-30,23-00-12,Thursday
317360489700,122208625,rtparenacs,32399,Counter-Strike,1184,2026-07-30T12:32:01Z,pt,"['Português', 'CS2', 'counterstrike', 'CS', 'BLAST', 'BLASTBounty']",2026-07-30,23-00-12,Thursday
316529351637,36957278,laeppa,18707,Grand Theft Auto IV,1180,2026-07-30T12:54:34Z,fi,"['English', 'gaming', 'Variety', 'Finnish', 'Nordic', 'Suomi']",2026-07-30,23-00-12,Thursday
316239101425,534168696,tororo_vtuber,263490,Rust,1178,2026-07-30T11:29:31Z,ja,"['日本語', 'Drops有効']",2026-07-30,23-00-12,Thursday
317334451042,40110994,reventxz,21779,League of Legends,1176,2026-07-30T08:45:24Z,es,"['Español', 'teamfighttactics']",2026-07-30,23-00-12,Thursday
317935600743,126617296,vicotryona,33214,Fortnite,1171,2026-07-30T15:15:26Z,de,"['Deutsch', 'English', 'FNCS', 'Vico', 'DropsAktiviert']",2026-07-30,23-00-12,Thursday
316304013043,214737896,minoru04160,263490,Rust,1169,2026-07-30T12:24:06Z,ja,"['日本語', 'Drops有効']",2026-07-30,23-00-12,Thursday
317934080999,141008088,thepadlo,491487,Dead by Daylight,1167,2026-07-30T12:27:51Z,ru,"['Русский', 'DropsВключены']",2026-07-30,23-00-12,Thursday
318143119462,19265544,marcelscorpion,34134,Call of Duty: Black Ops II,1166,2026-07-30T12:55:55Z,de,['Deutsch'],2026-07-30,23-00-12,Thursday
317360306660,39724467,swagg,512710,Call of Duty: Warzone,1166,2026-07-30T12:03:05Z,en,"['fazeswagg', 'FaZe', 'English', 'cod', 'callofduty', 'warzone', 'warzonecallofduty', 'swagg']",2026-07-30,23-00-12,Thursday
318141180646,928821835,lefloidlive,509658,Just Chatting,1159,2026-07-30T08:08:11Z,de,"['lefloid', 'Comedy', 'reactions', 'chattingwithviewers', 'Deutsch', 'MentalHealth', 'Deeptalk', 'Dokus', 'gaming', 'VibingWithChat']",2026-07-30,23-00-12,Thursday
316598240084,57361005,slayproxx,510389,Shakes and Fidget,1156,2026-07-30T07:03:12Z,pl,"['Polski', 'DropyWłączone']",2026-07-30,23-00-12,Thursday
320596759001,81413527,vegas,2132205352,Deadlock,1156,2026-07-30T14:03:15Z,en,"['English', 'silly', 'peak', 'femboy', 'Eternus', 'spanish']",2026-07-30,23-00-12,Thursday
318141439078,48192899,moonryde,512710,Call of Duty: Warzone,1153,2026-07-30T08:56:45Z,it,"['Italiano', 'fps', 'warzone', 'ita', 'cecchino', 'Moon', 'Moonryde', 'Bigbro', 'calldofduty', 'WZ']",2026-07-30,23-00-12,Thursday
318142629606,39272995,kaseko,21779,League of Legends,1153,2026-07-30T11:53:56Z,pl,"['polski', 'gej', 'petarda', 'challenger', 'kaseko', 'ardent', 'smiglo', 'Polski', 'lol', 'leagueoflegends']",2026-07-30,23-00-12,Thursday
320653413338,119089037,colthavok,2012789438,Call of Duty: Black Ops 7,1150,2026-07-30T11:24:36Z,en,['English'],2026-07-30,23-00-12,Thursday
317765676376,26302559,numotthenummy,2748,Magic: The Gathering,1144,2026-07-30T12:45:38Z,en,"['Flawless', 'Thrilling', 'Ripe', 'EmotionallyStable', 'BigBrain', 'Spicy', 'Gorgeous', '200IQ', 'Sweet', 'English']",2026-07-30,23-00-12,Thursday
316247138546,466250451,urs_toko,263490,Rust,1138,2026-07-30T09:01:38Z,ja,"['Vtuber', '日本語', 'いくらなんでもよわすぎる', 'ふめこあ', 'DominationCrown', 'CamelliaCrown', 'Drops有効']",2026-07-30,23-00-12,Thursday
317361653860,600553613,giftigxs,509658,Just Chatting,1137,2026-07-30T15:15:20Z,de,"['Deutsch', 'number1allgamesallday', 'schizophrenic', 'high', 'Wiederholen', 'mitspielen']",2026-07-30,23-00-12,Thursday
316560120534,887266619,violetta_kitana_,509658,Just Chatting,1131,2026-07-30T15:36:09Z,ru,['Русский'],2026-07-30,23-00-12,Thursday
319729955040,1312862940,asmongold247,512953,ELDEN RING,1131,2026-07-30T06:39:43Z,en,['English'],2026-07-30,23-00-12,Thursday
315834243922,522478761,hackingnoisess,27471,Minecraft,1131,2026-07-30T11:15:46Z,en,"['Speedrun', 'English']",2026-07-30,23-00-12,Thursday
316304335603,400123822,titiseadmin,32982,Grand Theft Auto V,1128,2026-07-30T13:21:50Z,ja,"['日本語', '雑談', 'ストグラ']",2026-07-30,23-00-12,Thursday
318078297829,937211995,rubenuria_,518203,Sports,1128,2026-07-30T14:54:24Z,es,"['futbol', 'periodismo', 'debate', 'Español', 'Atleticodemadrid', 'realmadrid', 'FCBarcelone', 'deportes']",2026-07-30,23-00-12,Thursday
317335937762,69824993,therunningmanz,65632,DayZ,1127,2026-07-30T13:18:05Z,en,"['Survival', 'PVP', 'English', 'UK']",2026-07-30,23-00-12,Thursday
318078459621,449112219,coevent,21465,osu!,1126,2026-07-30T15:09:56Z,en,"['English', 'osu']",2026-07-30,23-00-12,Thursday
317361634788,26567552,jirayalecochon,509658,Just Chatting,1123,2026-07-30T15:12:27Z,fr,['Français'],2026-07-30,23-00-12,Thursday
316304504051,516315196,yoshinama222,55453844,Street Fighter 6,1121,2026-07-30T13:57:24Z,ja,"['日本語', '匂わせ禁止', 'ネタバレ禁止', 'ネタバレ注意']",2026-07-30,23-00-12,Thursday
316240219249,503107787,aaceful,516575,VALORANT,1120,2026-07-30T15:14:40Z,ja,['日本語'],2026-07-30,23-00-12,Thursday
318508815478,25116812,sacy,516575,VALORANT,1117,2026-07-30T14:19:21Z,pt,"['Português', 'Carecas']",2026-07-30,23-00-12,Thursday
317334902370,66797699,xamork,329951934,Pokémon Community Game,1117,2026-07-30T10:27:38Z,es,"['Español', 'Pokémon', 'Chıll', 'Anime', 'TCGPokemon']",2026-07-30,23-00-12,Thursday
316238909553,117348035,et_1231,610246500,Mabinogi Mobile,1110,2026-07-30T10:43:39Z,zh,"['中文', 'MabinogiMobile']",2026-07-30,23-00-12,Thursday
316529602005,480283110,sotrudnick,509672,IRL,1109,2026-07-30T13:34:45Z,ru,['Русский'],2026-07-30,23-00-12,Thursday
317934145127,104259136,rachelr,32399,Counter-Strike,1106,2026-07-30T12:35:20Z,ru,"['Русский', 'CS2']",2026-07-30,23-00-12,Thursday
318076510693,32625784,djulestv,386821,Black Desert,1104,2026-07-30T11:23:39Z,en,"['drops', 'MMORPG', 'Englisch', 'MMO', 'gamer', 'BDO', 'RPG', 'English', 'DropsEnabled']",2026-07-30,23-00-12,Thursday
316596594132,57116735,mistercop,29307,Path of Exile,1097,2026-07-29T21:04:34Z,ru,"['Русский', 'Шизофрения', 'Социопатия', 'фокусы', 'DropsВключены']",2026-07-30,23-00-12,Thursday
318652065623,146593616,zbra,515025,Overwatch,1096,2026-07-29T09:18:15Z,en,"['English', 'Doomfist', 'DropsEnabled']",2026-07-30,23-00-12,Thursday
316529221973,40689882,k0nfig,32399,Counter-Strike,1092,2026-07-30T12:33:36Z,en,"['English', 'CS2']",2026-07-30,23-00-12,Thursday
316247369842,28283689,lebaby0v0,19976,MapleStory,1091,2026-07-30T10:15:03Z,zh,"['中文', '美食', '聊天']",2026-07-30,23-00-12,Thursday
317933870055,697715152,ewc_qiddiyagrid_en,512710,Call of Duty: Warzone,1090,2026-07-30T12:00:22Z,en,"['English', 'DropsEnabled']",2026-07-30,23-00-12,Thursday
316239159793,214156675,dep_ow,511224,Apex Legends,1089,2026-07-30T11:42:28Z,ja,"['日本語', 'アドバイス歓迎', 'アドバイス助かる', '本気ですランク', 'ハイセンシ', 'やばいエイム', 'クラッチクラッチ', '彼は冗談を言っています', '冗談パラダイス', 'Drops有効']",2026-07-30,23-00-12,Thursday
316559271638,135989667,abizaka,509658,Just Chatting,1086,2026-07-30T13:28:46Z,ru,"['Русский', 'megaladder', 'megabonk']",2026-07-30,23-00-12,Thursday
320597418073,41855408,etokovall,509658,Just Chatting,1083,2026-07-30T15:23:25Z,ru,['Русский'],2026-07-30,23-00-12,Thursday
315898202729,546317180,osiimivt,509659,ASMR,1080,2026-07-30T14:01:09Z,en,"['English', 'earlicking', 'mommy', 'asmr', 'kissing', 'Vtuber']",2026-07-30,23-00-12,Thursday
317765170136,471317143,lycommit,1910103699,THE FINALS,1080,2026-07-30T09:58:31Z,en,"['English', 'thefinals', 'gaming', 'fps', 'pro', 'catgirl', 'arcraiders', 'DropsEnabled']",2026-07-30,23-00-12,Thursday
317335751906,44759993,ranzratte,32982,Grand Theft Auto V,1078,2026-07-30T12:52:14Z,de,"['Deutsch', 'multiplayer', 'extraction', 'battleroyale', 'roleplay', 'Musikproduktion']",2026-07-30,23-00-12,Thursday
317929181799,106159308,gronkhtv,1486454176,Grim Tales 8: The Final Suspect,1077,2026-07-29T21:08:43Z,de,['Deutsch'],2026-07-30,23-00-12,Thursday
318141645798,88239974,lpgjustjohnny,21779,League of Legends,1076,2026-07-30T09:32:02Z,de,"['Deutsch', 'English', 'DropsAktiviert']",2026-07-30,23-00-12,Thursday
316556918870,43573173,pashavvp,515349,Lineage II,1066,2026-07-30T05:59:41Z,ru,"['Русский', 'DropsВключены']",2026-07-30,23-00-12,Thursday
320653800666,118155820,willerz,491931,Escape from Tarkov,1065,2026-07-30T12:36:49Z,en,"['English', 'chad', 'Friendly', 'Parkour', 'comedy', 'action', 'FPS', 'multiplayer']",2026-07-30,23-00-12,Thursday
318144427110,1071256574,frelsilive,32982,Grand Theft Auto V,1057,2026-07-30T15:19:19Z,uk,"['Ukranian', 'Українська', 'вебка', 'Спілкуваннязчатом', 'faceit10lvl', 'cs2faceit', 'elo', 'CS2', 'GTA5QuantRP', 'gta5rp']",2026-07-30,23-00-12,Thursday
320653937754,66656611,kerrty,500188,Hunt: Showdown 1896,1053,2026-07-30T13:01:49Z,en,"['English', 'Chatty', 'Horror', 'DropsEnabled']",2026-07-30,23-00-12,Thursday
318644940532,40301754,mylonzete,21779,League of Legends,1047,2026-07-30T13:51:20Z,pt,"['Português', 'DropsAtivados']",2026-07-30,23-00-12,Thursday
318509030262,41783889,axtlol,852009328,Mistfall Hunter,1040,2026-07-30T15:13:27Z,pt,"['Português', 'CBLOL', 'lol', 'leagueoflegeneds', 'LTA', 'DropsAtivados']",2026-07-30,23-00-12,Thursday
318647905623,400999129,clout,23020,ROBLOX,1034,2026-07-29T02:42:42Z,en,"['English', 'DropsEnabled']",2026-07-30,23-00-12,Thursday
318664604119,601213281,studytme,509672,IRL,1033,2026-07-30T10:21:11Z,en,"['English', 'Italiano', 'Français', 'Español', 'Chinese中文', 'LGBTQIAPlus', '2k', 'Romania']",2026-07-30,23-00-12,Thursday
315834215762,546719087,gh0starcade,491487,Dead by Daylight,1031,2026-07-30T11:05:16Z,en,"['NorthernIreland', 'Ally', 'Chatty', 'Hyped', 'Memes', 'DeadbyDaylightPartner', 'English', 'Irish', 'dbdcreator', 'DropsEnabled']",2026-07-30,23-00-12,Thursday
317359759076,38824799,punkill,512710,Call of Duty: Warzone,1026,2026-07-30T10:26:51Z,fr,"['Français', 'DropsActivés']",2026-07-30,23-00-12,Thursday
318143587046,487318498,vadeal,33214,Fortnite,1025,2026-07-30T13:51:22Z,de,"['Deutsch', 'DropsAktiviert']",2026-07-30,23-00-12,Thursday
316303197299,53395686,qq7925168,513143,Teamfight Tactics,1021,2026-07-30T09:17:33Z,zh,['中文'],2026-07-30,23-00-12,Thursday
315364060782,126595970,restiafps,516575,VALORANT,1012,2026-07-30T11:13:37Z,zh,['中文'],2026-07-30,23-00-12,Thursday
318645141236,277505494,kristhianoob,1441208453,Once Human,1010,2026-07-30T14:41:47Z,en,"['Español', 'manco', 'EcuadorGaming', 'oncehuman', 'English']",2026-07-30,23-00-12,Thursday
318143335910,1087920629,eisteelepeach_1,509672,IRL,1006,2026-07-30T13:20:47Z,de,"['Deutsch', 'flohmarkt', 'Müll', 'König', 'Gaunern']",2026-07-30,23-00-12,Thursday
316598660692,29128211,browjey,509658,Just Chatting,1006,2026-07-30T08:35:07Z,ru,['Русский'],2026-07-30,23-00-12,Thursday
317375218147,26144028,jwonggg,55453844,Street Fighter 6,1003,2026-07-30T10:30:03Z,en,"['fgc', 'fightinggames', 'English', '豪血寺一族3']",2026-07-30,23-00-12,Thursday
318665161303,72576794,kingbendrick,31339,Project Zomboid,1001,2026-07-30T13:07:16Z,en,['English'],2026-07-30,23-00-12,Thursday
317931805031,48465437,cowsep,21779,League of Legends,999,2026-07-30T06:45:55Z,en,['English'],2026-07-30,23-00-12,Thursday
316559115478,565235852,al1var1k,32399,Counter-Strike,994,2026-07-30T13:02:45Z,ru,"['Русский', 'ещепосидим', 'ещеживой', 'мототаня']",2026-07-30,23-00-12,Thursday
317764987736,543631090,gnomonkey,459931,Old School RuneScape,992,2026-07-30T09:09:46Z,en,"['English', 'OSRS', 'Guidemaker', 'Speedrunner', 'WorldsFirstChaser', 'HCIM']",2026-07-30,23-00-12,Thursday
318078856677,127361301,antilipsi,21779,League of Legends,990,2026-07-30T15:48:36Z,el,"['Ελληνικά', 'greek', 'English', 'Lissandra', 'Deutsch', 'Challenger', 'Tier3', 'Κύπρος', 'Cyprus', 'Greece']",2026-07-30,23-00-12,Thursday
318141903206,49901658,serpent,509658,Just Chatting,987,2026-07-30T10:09:10Z,nl,"['Nederlands', 'serpentgameplay', 'rickbroers', 'ruziemaken']",2026-07-30,23-00-12,Thursday
315858243048,131663281,viewtmz,32982,Grand Theft Auto V,985,2026-07-30T14:48:31Z,th,['ภาษาไทย'],2026-07-30,23-00-12,Thursday
316598851028,30383713,kungentv,479682350,Monsters & Memories,984,2026-07-30T09:11:50Z,en,['English'],2026-07-30,23-00-12,Thursday
318143941606,463176517,primeleague,21779,League of Legends,978,2026-07-30T14:29:45Z,de,"['Esports', 'Deutsch']",2026-07-30,23-00-12,Thursday
318143897958,130271562,diables,210472759,Shift at Midnight,977,2026-07-30T14:25:28Z,pl,"['Polski', 'drops', 'warszawa', 'stópki']",2026-07-30,23-00-12,Thursday
316303344115,584142703,1code_a,32982,Grand Theft Auto V,974,2026-07-30T10:01:35Z,ja,"['日本語', 'あげいん', '三島改', 'ストグラ', 'SHIRAHA']",2026-07-30,23-00-12,Thursday
317935272679,80474667,reeze,509658,Just Chatting,970,2026-07-30T14:42:12Z,de,['Deutsch'],2026-07-30,23-00-12,Thursday
317933392103,63446827,landwirt_in_mv,509658,Just Chatting,968,2026-07-30T10:56:07Z,de,['Deutsch'],2026-07-30,23-00-12,Thursday
318665507799,770724571,notdenims,509658,Just Chatting,967,2026-07-30T14:35:55Z,en,['English'],2026-07-30,23-00-12,Thursday
318143350246,719950200,patrizio_official,509672,IRL,966,2026-07-30T13:22:48Z,it,['Italiano'],2026-07-30,23-00-12,Thursday
316302850035,58686695,hyper2374,209738946,Wuthering Waves,965,2026-07-30T07:20:27Z,zh,"['中文', '搞笑擔當', '二遊超人', '启用掉宝']",2026-07-30,23-00-12,Thursday
316558348758,94977989,radika1fa,29595,Dota 2,961,2026-07-30T10:58:04Z,ru,['Русский'],2026-07-30,23-00-12,Thursday
316559673814,1053150925,vsevkusno,509658,Just Chatting,960,2026-07-30T14:33:53Z,ru,"['Русский', 'комментатор']",2026-07-30,23-00-12,Thursday
316600987220,769581131,6oscar7,32399,Counter-Strike,957,2026-07-30T15:04:48Z,ru,"['Русский', 'эвелон', 'бустер']",2026-07-30,23-00-12,Thursday
316601019988,32184566,rxnexus,29595,Dota 2,954,2026-07-30T15:08:19Z,ru,['Русский'],2026-07-30,23-00-12,Thursday
317376421347,419394030,alvarostorm,21779,League of Legends,950,2026-07-30T13:39:38Z,es,"['Español', 'DropsActivados']",2026-07-30,23-00-12,Thursday
317377021155,656722634,apartidounico,518203,Sports,950,2026-07-30T15:00:06Z,es,"['fútbol', 'Barça', 'Barcelona', 'FCBarcelona', 'noticias', 'Barca', 'Español', 'fairplayfinanciero', 'apartidounico']",2026-07-30,23-00-12,Thursday
318077543909,209874950,isthisrealvr,499003,VRChat,947,2026-07-30T13:31:53Z,en,"['English', 'Dancing', 'Memes', 'Wiggles']",2026-07-30,23-00-12,Thursday
316530091861,891779923,igor10d,497497,Brawl Stars,945,2026-07-30T14:50:04Z,ru,"['Русский', 'Украинский']",2026-07-30,23-00-12,Thursday
317335718114,38019896,heatoncs,32399,Counter-Strike,945,2026-07-30T12:47:05Z,en,['English'],2026-07-30,23-00-12,Thursday
316559707606,134593986,quattroace,401587136,Arena Breakout: Infinite,944,2026-07-30T14:38:32Z,ru,"['Русский', 'English', 'DropsВключены']",2026-07-30,23-00-12,Thursday
317361174116,106867975,skain,21779,League of Legends,943,2026-07-30T14:10:17Z,es,"['Español', 'DropsActivados']",2026-07-30,23-00-12,Thursday
315817518161,52432582,mrgibbon,31339,Project Zomboid,938,2026-07-30T11:43:11Z,en,"['English', 'Irish']",2026-07-30,23-00-12,Thursday
320594459353,32133240,jenazad,1901865180,NTE: Neverness to Everness,937,2026-07-30T07:14:59Z,en,"['English', 'Anime', 'Mindbreak']",2026-07-30,23-00-12,Thursday
317333902690,416031592,solaryhs,138585,Hearthstone,934,2026-07-30T05:04:41Z,fr,['Français'],2026-07-30,23-00-12,Thursday
316557996246,109254404,ry6kagop,386821,Black Desert,932,2026-07-30T09:56:58Z,ru,"['Русский', 'drops', 'BDO', 'Rust', 'English', 'DropsВключены']",2026-07-30,23-00-12,Thursday
319731372256,69214305,kanonxo,852009328,Mistfall Hunter,928,2026-07-30T12:38:57Z,en,"['English', '한국어', 'MMO', 'MMORPG', 'DropsEnabled']",2026-07-30,23-00-12,Thursday
318644754164,90917536,rnakano,32399,Counter-Strike,927,2026-07-30T12:58:29Z,pt,['Português'],2026-07-30,23-00-12,Thursday
320626166106,752959475,k1m6a,499634,Crypto,926,2026-07-29T00:06:12Z,en,"['English', 'bitcoin', 'crypto', 'trading', 'cryptocurrency', 'cryptotrading', 'marketanalysis', 'howtotrade', 'solana', 'ethereum']",2026-07-30,23-00-12,Thursday
318142300902,793739530,kyzer98live,509658,Just Chatting,915,2026-07-30T11:07:56Z,de,['Deutsch'],2026-07-30,23-00-12,Thursday
319667775580,475043525,epidemy,491487,Dead by Daylight,915,2026-07-30T12:49:37Z,en,"['vibes', 'gaming', 'dbd', 'bubba', 'shirtmysurvivor', 'educational', 'English', 'egirl', 'NoBackseating・指示禁止', 'dbdcreator']",2026-07-30,23-00-12,Thursday
319666592860,147487993,tommathan,515025,Overwatch,909,2026-07-30T09:00:50Z,en,"['English', 'CostcoExecutiveMember', 'COSTREAM', 'Agency', 'OWCS', 'EWC', 'DropsEnabled']",2026-07-30,23-00-12,Thursday
318078188133,173164131,noraexplorer,509658,Just Chatting,909,2026-07-30T14:42:23Z,en,"['English', 'Denmark', 'IRL', 'justchattıng', 'gaming', 'LGBTQ', 'nora221', 'LesbianGamer', 'gaymer', 'OCD']",2026-07-30,23-00-12,Thursday
316301959027,25236843,a541021,19976,MapleStory,908,2026-07-30T02:00:29Z,zh,['中文'],2026-07-30,23-00-12,Thursday
318144052582,859650043,synd1hate,29452,Virtual Casino,906,2026-07-30T14:41:09Z,ru,['Русский'],2026-07-30,23-00-12,Thursday
315992590060,817971043,w1llyv,515025,Overwatch,905,2026-07-30T10:51:43Z,ar,"['arabic', 'arab', 'DropsEnabeled', 'العربية', 'تم・تمكين・Drops']",2026-07-30,23-00-12,Thursday
317376652643,40383341,trinity,509672,IRL,903,2026-07-30T14:12:06Z,fr,"['Français', 'Voyage', 'vanlife', 'roadtrip', 'travel', 'IRL', 'vlog', 'aventure']",2026-07-30,23-00-12,Thursday
318076202341,92353597,riirex,34134,Call of Duty: Black Ops II,903,2026-07-30T10:40:51Z,de,"['Deutsch', 'riirex', 'grind', 'daily', 'VarietyGamer', 'matze', 'amongus', 'eldenring', 'pokemon']",2026-07-30,23-00-12,Thursday
316303194611,37106068,krapycoco,516575,VALORANT,900,2026-07-30T09:16:33Z,zh,"['中文', '启用掉宝']",2026-07-30,23-00-12,Thursday
318075970533,22859340,ewc_allianzvault_en,55453844,Street Fighter 6,899,2026-07-30T10:06:10Z,en,"['esports', 'English']",2026-07-30,23-00-12,Thursday
318142244454,36009345,thekller,491487,Dead by Daylight,895,2026-07-30T10:59:43Z,de,"['Deutsch', 'DropsAktiviert']",2026-07-30,23-00-12,Thursday
319668542812,104632789,zemie,33214,Fortnite,894,2026-07-30T14:28:21Z,en,"['English', 'Fortnite', 'Tournament', 'Zemie', 'worldcup2026', 'DropsEnabled']",2026-07-30,23-00-12,Thursday
316599935700,53649632,naowh,18122,World of Warcraft,894,2026-07-30T12:17:18Z,en,"['PvE', 'MDI', 'TGP', 'Retail', 'Raid', 'Tanking', 'English', 'Dungeons', 'ClassicEra', 'worldofwarcraft']",2026-07-30,23-00-12,Thursday
316304076403,28990891,slrabbit99,509658,Just Chatting,893,2026-07-30T12:35:14Z,zh,"['我會騙你嗎', '會', '中文']",2026-07-30,23-00-12,Thursday
318078075749,27757893,x6flipin,32399,Counter-Strike,891,2026-07-30T14:30:21Z,es,"['flipin', 'faceit', 'TGD', 'Español', 'counterstrike2', 'cs2', 'premier']",2026-07-30,23-00-12,Thursday
317336039906,1496763577,donatchotv,512710,Call of Duty: Warzone,890,2026-07-30T13:31:43Z,fr,"['warzone', 'Fortnite', 'Rediffusions', 'ChillVbes', 'CommunityGaming', 'dragonballz', 'arcraiders', 'Français', 'DropsActivés']",2026-07-30,23-00-12,Thursday
315833907282,27689704,commanderx,515025,Overwatch,889,2026-07-30T09:01:56Z,en,"['CoStream', 'Coach', 'Analysis', 'British', 'Bald', 'English', 'OWCS', 'DropsEnabled']",2026-07-30,23-00-12,Thursday
318142667366,188614162,gloriamatvien,509658,Just Chatting,888,2026-07-30T11:59:13Z,en,"['irl', 'dance', 'English', 'Chatting', '댄스', 'Русский']",2026-07-30,23-00-12,Thursday
317376907875,1420579810,les,21779,League of Legends,887,2026-07-30T14:44:43Z,es,"['leagueoflegends', 'español', 'Español', 'esports', 'LES']",2026-07-30,23-00-12,Thursday
319731135328,43830727,kinggothalion,1669470662,EverQuest Legends,885,2026-07-30T11:48:10Z,en,"['organic', 'NotEmbedded', 'English', 'TalksToChat', 'NoReruns']",2026-07-30,23-00-12,Thursday
315896542185,66548548,dingding248,516575,VALORANT,884,2026-07-30T06:12:09Z,zh,['中文'],2026-07-30,23-00-12,Thursday
320596019801,26991127,hiko,516575,VALORANT,875,2026-07-30T12:01:56Z,en,['English'],2026-07-30,23-00-12,Thursday
316558032342,84413008,cinkrofwest,32399,Counter-Strike,875,2026-07-30T10:02:49Z,pl,"['Polski', 'HighEloGameplay', 'HigheloJungler', 'D1']",2026-07-30,23-00-12,Thursday
318141047782,64949289,divi,852009328,Mistfall Hunter,874,2026-07-30T07:44:57Z,de,"['challenge', 'German', 'Deutsch', 'drops', 'dropsaktiv', 'Speedrunner', 'Randomizer', 'DropsAktiviert']",2026-07-30,23-00-12,Thursday
320765631067,30573404,pohx,29307,Path of Exile,873,2026-07-30T14:27:58Z,en,"['English', 'Teaching', 'ARPG', 'RPG', 'Interactivewithchat', 'PathofExile', 'DropsEnabled']",2026-07-30,23-00-12,Thursday
320765125339,23844396,teepee,512710,Call of Duty: Warzone,873,2026-07-30T13:10:24Z,en,"['callofduty', 'optic', 'English', 'fps', 'battleroyale', 'warzone', 'bo7', 'Blackout', 'pro', 'DropsEnabled']",2026-07-30,23-00-12,Thursday
316560027990,469383472,halflex,401587136,Arena Breakout: Infinite,871,2026-07-30T15:23:46Z,ru,"['English', 'wow', 'gta', 'Русский', 'дед', 'акакий', 'circle', 'halflex', 'lex', 'half']",2026-07-30,23-00-12,Thursday
316559786966,144663813,es4xtank,32982,Grand Theft Auto V,871,2026-07-30T14:50:27Z,ru,"['csgo', 'Победитель', 'тигр', 'Шоу', 'Турниры', 'Киберспорт', 'ДЕД', 'ТОП', 'Русский', 'интересный']",2026-07-30,23-00-12,Thursday
317934257767,147992019,skevich_,852009328,Mistfall Hunter,869,2026-07-30T12:49:12Z,uk,"['Українська', 'DropsУвімкнено']",2026-07-30,23-00-12,Thursday
316528991317,41108115,cyrustwo,32399,Counter-Strike,865,2026-07-30T11:59:42Z,sv,"['Svenska', 'TPRP', 'ThePath']",2026-07-30,23-00-12,Thursday
315857920232,642318624,spicyuuu,509658,Just Chatting,863,2026-07-30T13:25:49Z,en,"['English', 'elderlyoldman', 'antarticaca', 'Singapore', 'DropsEnabled']",2026-07-30,23-00-12,Thursday
318076588389,108208500,liereyy,13389,Age of Empires II,861,2026-07-30T11:33:55Z,en,['English'],2026-07-30,23-00-12,Thursday
317376090211,793865610,k2nnn8,512710,Call of Duty: Warzone,859,2026-07-30T12:55:39Z,ar,"['العربية', 'إعادة・البث', 'Drop', 'فالكون', 'Esports', 'calldofduty', 'English', 'EWC', 'drops', 'تم・تمكين・Drops']",2026-07-30,23-00-12,Thursday
316238777201,41040104,foxrabbit,32982,Grand Theft Auto V,858,2026-07-30T10:06:09Z,ja,"['fps', '日本語', '鳩禁止', 'ストグラ']",2026-07-30,23-00-12,Thursday
320765363803,631774252,mpx_player,512710,Call of Duty: Warzone,858,2026-07-30T13:49:41Z,en,"['English', 'mpxplayer', 'ADHD', 'rebirthisland', 'Veteran', 'NavyVeteran']",2026-07-30,23-00-12,Thursday
317935374183,134287989,yinsu,516575,VALORANT,856,2026-07-30T14:53:47Z,en,"['watchparty', 'English', 'VCTEMEA', 'VCTCN', '中文', 'VCT', 'DropsEnabled']",2026-07-30,23-00-12,Thursday
316304760947,834742084,kotonoha_yukino_,509659,ASMR,855,2026-07-30T15:00:46Z,ja,['日本語'],2026-07-30,23-00-12,Thursday
316600701652,66628850,arrav,509658,Just Chatting,852,2026-07-30T14:23:28Z,en,"['English', 'Norway', 'powerlifter', 'Travel', 'IRL', 'Adventure', 'Survival']",2026-07-30,23-00-12,Thursday
316238751985,102173799,ajikichi,32982,Grand Theft Auto V,852,2026-07-30T10:00:10Z,ja,"['日本語', '雑談', 'PUBG', 'ストグラ', '味野環九郎']",2026-07-30,23-00-12,Thursday
317334247138,102404582,silerslr,21779,League of Legends,852,2026-07-30T07:42:31Z,es,"['Español', 'leagueoflegendsespañol', 'leagueoflegends', 'Challenger', 'mid']",2026-07-30,23-00-12,Thursday
318078154597,169610170,majski227,516575,VALORANT,848,2026-07-30T14:38:49Z,en,['English'],2026-07-30,23-00-12,Thursday
316238518257,214306524,yufuna,263490,Rust,847,2026-07-30T08:44:58Z,ja,"['日本語', 'Drops有効']",2026-07-30,23-00-12,Thursday
316530124757,1450553729,glorious_e_247,499973,Always On,846,2026-07-30T14:54:23Z,en,"['English', 'Rerun']",2026-07-30,23-00-12,Thursday
315858080488,82695830,arven93,852009328,Mistfall Hunter,844,2026-07-30T14:03:41Z,ru,"['Русский', 'arven93', 'motovlog', 'moto', 'arenabreakout', 'Arena', 'arenabreakoutinfinite', 'Арена', 'аренабрекаут', 'arven']",2026-07-30,23-00-12,Thursday
315918956394,162323092,gearbaby1010,516575,VALORANT,843,2026-07-30T11:57:27Z,zh,"['主打技術', '顏值還行', '中文', '棋靈王', '我愛黑人']",2026-07-30,23-00-12,Thursday
319732463968,129801067,joshseki,516575,VALORANT,838,2026-07-30T15:24:50Z,en,"['English', 'korean', 'kpop', 'anime', 'Horror']",2026-07-30,23-00-12,Thursday
318143828582,84021070,wipr,516575,VALORANT,833,2026-07-30T14:17:49Z,fr,"['FPS', 'wipr', 'Français', 'valorant', 'esport', 'VCTWatchParty', 'aigri', 'watchparty', 'french', 'valorantesport']",2026-07-30,23-00-12,Thursday
316559042390,59573061,detdert,21779,League of Legends,829,2026-07-30T12:51:12Z,en,['English'],2026-07-30,23-00-12,Thursday
315817248209,41684297,mmorpg,459931,Old School RuneScape,826,2026-07-30T10:01:08Z,en,"['Juicy', 'English']",2026-07-30,23-00-12,Thursday
320765389019,105621562,rosedoodle,509660,Art,822,2026-07-30T13:53:33Z,en,"['VTuber', 'chatty', 'English', 'Interactive', 'Educational', 'AdultsOnly', 'yapping', 'brat', 'anime']",2026-07-30,23-00-12,Thursday
316556966486,121228500,casinodaddy,498566,Slots,821,2026-07-30T06:14:13Z,en,"['English', 'slots', 'casino', 'gambling', 'funny', 'Giveaways', 'hype', 'IRL', 'Community']",2026-07-30,23-00-12,Thursday
318665721303,163830836,seereaxtv,400407464,DRAGON BALL: Sparking! ZERO,819,2026-07-30T15:20:00Z,en,"['English', 'plantbased']",2026-07-30,23-00-12,Thursday
316599679700,115139051,vika_karter,1458917212,Happy's Humble Burger Cult,819,2026-07-30T11:35:59Z,ru,"['руина', 'лучшаястримерша', 'ноготочкисаратов', 'семейноесчастье', 'Русский']",2026-07-30,23-00-12,Thursday
318141641702,41372534,broeki,21779,League of Legends,818,2026-07-30T09:31:34Z,de,"['Deutsch', 'Englisch']",2026-07-30,23-00-12,Thursday
317934621927,518105587,huebi,493997,Super Mario Odyssey,817,2026-07-30T13:31:26Z,de,"['gaming', 'memes', 'german', 'Deutsch', 'HuebiFamily', 'beziehungsprobleme', 'Darmflora', 'Zusammenhalt']",2026-07-30,23-00-12,Thursday
316238587761,407389031,ninja_inui,263490,Rust,815,2026-07-30T09:07:40Z,ja,"['日本語', 'アドバイス禁止', 'ネタバレ禁止', 'Drops有効']",2026-07-30,23-00-12,Thursday
317935181415,144670369,yvraldis,1820839024,MECCHA CHAMELEON,813,2026-07-30T14:32:41Z,de,"['Deutsch', 'show', 'IRL']",2026-07-30,23-00-12,Thursday
318077773157,103495737,shoxx__,32982,Grand Theft Auto V,811,2026-07-30T13:58:31Z,de,"['Deutsch', 'gta', 'GTARP', 'justcchatting', 'HomeState', 'HomestateRP']",2026-07-30,23-00-12,Thursday
318077392869,84760442,valarman,21779,League of Legends,811,2026-07-30T13:15:01Z,en,"['English', 'EFT', 'ＰＶＰ', 'valar', 'survival', 'ArksuvivalEvolved', 'ARK', 'viral', 'Football']",2026-07-30,23-00-12,Thursday
315898172777,1144251923,itsuki_ianvs,509658,Just Chatting,811,2026-07-30T13:54:22Z,zh,"['vtubers', '唱歌聊天', '中文', '音樂', 'ENG', 'English']",2026-07-30,23-00-12,Thursday
317336172386,123579297,aloonea,509658,Just Chatting,809,2026-07-30T13:51:02Z,fr,['Français'],2026-07-30,23-00-12,Thursday
317931533927,29470837,angrodtralari,515025,Overwatch,805,2026-07-30T05:37:07Z,es,"['charla', 'Español', 'overwatch', 'rankeds', 'humor', 'DropsActivados']",2026-07-30,23-00-12,Thursday
316304077171,639389998,captain_nobee,32982,Grand Theft Auto V,804,2026-07-30T12:35:17Z,ja,"['日本語', 'ストグラ']",2026-07-30,23-00-12,Thursday
317361511268,44546356,hyp_tv,516575,VALORANT,804,2026-07-30T14:57:09Z,fr,"['Français', 'VCTWatchParty', 'Valorant', 'Esport']",2026-07-30,23-00-12,Thursday
317935473767,1174859780,netami_tv,509658,Just Chatting,803,2026-07-30T15:02:17Z,de,"['Deutsch', 'witzig', 'gaming']",2026-07-30,23-00-12,Thursday
316600177236,148844345,roadhouse,515619,Pathfinder: Wrath of the Righteous,801,2026-07-30T12:57:47Z,ru,"['Русский', 'DropsВключены']",2026-07-30,23-00-12,Thursday
316529201365,42599156,einz,32982,Grand Theft Auto V,800,2026-07-30T12:30:36Z,sv,"['Svenska', 'IRL', '1440p', 'TPRP', 'Bruno']",2026-07-30,23-00-12,Thursday
317933304167,55867919,agromorph,29307,Path of Exile,799,2026-07-30T10:42:47Z,ru,"['Русский', 'дофаминовыекачели', 'дофаминовоеголодание', 'DropsВключены']",2026-07-30,23-00-12,Thursday
318077073125,52351531,zonixxcs,32399,Counter-Strike,793,2026-07-30T12:37:25Z,de,"['Deutsch', 'English', 'CS2', 'pro', 'faceit', 'major', 'majorcs2', 'german', 'Competitive', 'IEM']",2026-07-30,23-00-12,Thursday
318143202534,26290555,spammiej,687129551,Trackmania,790,2026-07-30T13:04:25Z,en,['English'],2026-07-30,23-00-12,Thursday
317935858663,114010306,mulder,491487,Dead by Daylight,789,2026-07-30T15:40:43Z,ru,"['Русский', 'DropsВключены']",2026-07-30,23-00-12,Thursday
316304043379,169539617,clutch_fii,1085559783,Shine Post: Be Your Idol!,785,2026-07-30T12:29:41Z,ja,['日本語'],2026-07-30,23-00-12,Thursday
319604315486,563855821,princezam,27471,Minecraft,784,2026-07-30T13:07:09Z,en,['English'],2026-07-30,23-00-12,Thursday
316600133588,23050280,ghazzytv,29307,Path of Exile,784,2026-07-30T12:50:55Z,en,"['English', 'DropsEnabled']",2026-07-30,23-00-12,Thursday
316248400882,47250099,xargon0731,1282866981,Delta Force,782,2026-07-30T13:45:15Z,zh,['中文'],2026-07-30,23-00-12,Thursday
316303946611,941489207,23fpstv,32399,Counter-Strike,778,2026-07-30T12:11:56Z,vi,"['cs2', 'csgo', 'pgl', 'blast', 'esl', 'majorcs2', 'major', 'TiếngViệt', 'Phátlạitrựctuyến']",2026-07-30,23-00-12,Thursday
315897325033,100438963,ko0416,509658,Just Chatting,776,2026-07-30T10:05:48Z,zh,['中文'],2026-07-30,23-00-12,Thursday
316527636821,245087843,justs_js,27471,Minecraft,775,2026-07-30T07:52:23Z,ru,"['Русский', 'quirky']",2026-07-30,23-00-12,Thursday
320654264282,49608470,aspiringspike,2748,Magic: The Gathering,772,2026-07-30T13:55:35Z,en,['English'],2026-07-30,23-00-12,Thursday
317359121124,20838704,gokedtv,516575,VALORANT,772,2026-07-30T07:51:04Z,es,"['watchparty', 'coach', 'tournament', 'spanish', 'Español', 'DropsActivados']",2026-07-30,23-00-12,Thursday
320764561883,38958459,ceremor,65632,DayZ,769,2026-07-30T11:23:55Z,en,['English'],2026-07-30,23-00-12,Thursday
319604242014,524550694,kestico,512710,Call of Duty: Warzone,768,2026-07-30T12:55:37Z,es,['Español'],2026-07-30,23-00-12,Thursday
317361041508,185866554,s3kox,263490,Rust,767,2026-07-30T13:52:36Z,es,"['Español', 'Rust', 'PvP', 'España', 'vanilla', 'estrategia', 'Raid', 'vanila', 'DropsActivados']",2026-07-30,23-00-12,Thursday
316530233045,115935251,shur4,33214,Fortnite,758,2026-07-30T15:07:24Z,ru,"['Русский', 'DropsВключены']",2026-07-30,23-00-12,Thursday
317117299191,698328514,gaspard_tv,509672,IRL,757,2026-07-30T12:29:36Z,fr,"['vlog', 'irl', 'travel', 'voyage', 'Voilier', 'bateau', 'Français', 'aventure']",2026-07-30,23-00-12,Thursday
317759861464,939451515,juanlilshow,498592,I'm Only Sleeping,757,2026-07-29T22:00:08Z,en,"['English', 'funny', 'Juanlilshow', 'juan']",2026-07-30,23-00-12,Thursday
315857882984,526538225,kwoli,509658,Just Chatting,757,2026-07-30T13:15:01Z,en,"['Australia', 'JustChatting', 'Chatty', 'English', 'Chat', 'assasinscreed', 'Cosplay', 'Aussie', 'newgame']",2026-07-30,23-00-12,Thursday
317933702247,133621591,wakayashi,386821,Black Desert,753,2026-07-30T11:38:15Z,de,"['MMORPG', 'MMO', 'Deutsch', 'English', 'sauercrowd', 'DropsAktiviert']",2026-07-30,23-00-12,Thursday
318142809318,48793025,reqvam,138585,Hearthstone,752,2026-07-30T12:16:18Z,en,"['Croatian', 'English']",2026-07-30,23-00-12,Thursday
317935724903,41567638,rumathra,509658,Just Chatting,751,2026-07-30T15:28:07Z,de,['Deutsch'],2026-07-30,23-00-12,Thursday
316304647027,777241187,kiruma_ch,263490,Rust,748,2026-07-30T14:30:24Z,ja,"['日本語', 'ネタバレ禁止', 'Drops有効']",2026-07-30,23-00-12,Thursday
316599434964,189755167,danucd,493057,PUBG: BATTLEGROUNDS,745,2026-07-30T10:55:44Z,en,['English'],2026-07-30,23-00-12,Thursday
315817790289,24981496,hydramist,18122,World of Warcraft,745,2026-07-30T13:16:42Z,en,"['English', 'PvP', 'wow', 'wowclassic', 'worldofwarcraft', 'Arena', 'mopclassic', 'MistsofPandaria', 'Priest', 'MMO']",2026-07-30,23-00-12,Thursday
317377129187,36086436,sundae,509658,Just Chatting,744,2026-07-30T15:13:02Z,fr,"['Français', 'discussion', 'découverte', 'challenge', '200iq', 'HPI', 'chill']",2026-07-30,23-00-12,Thursday
316599074644,790796770,ttobias_lol,21779,League of Legends,743,2026-07-30T09:52:28Z,pl,"['Polski', 'English', 'zed', 'OTP', 'Hardstyle', 'Midlane', 'Coaching', 'leagueoflegends', 'Challenger', 'music']",2026-07-30,23-00-12,Thursday
318131478118,1133781300,askeldan,516575,VALORANT,743,2026-07-29T10:00:58Z,de,"['Deutsch', 'ADHS', 'English']",2026-07-30,23-00-12,Thursday
316600736980,193107534,fpssssssssssssssssssss,32399,Counter-Strike,743,2026-07-30T14:28:59Z,ru,"['Русский', 'English', 'csproplayer', 'faceit', 'CS2']",2026-07-30,23-00-12,Thursday
318142628582,140975347,unwetterjaeger,509672,IRL,741,2026-07-30T11:53:47Z,de,"['weather', 'stormchasing', 'Deutsch', 'Unwetter', 'Wetter', 'IRL', 'stormchaser', 'Tornado', 'gewitter', 'Schnee']",2026-07-30,23-00-12,Thursday
317377126243,804923620,leothecrack,33214,Fortnite,739,2026-07-30T15:12:36Z,fr,"['fortnite', 'cup', 'finale', 'chill', 'token', 'Scrims', 'FNCS', 'Tournament', 'Français', 'English']",2026-07-30,23-00-12,Thursday
320596639833,115994925,alphakep,30921,Rocket League,739,2026-07-30T13:48:00Z,en,"['English', 'drops', 'NoAds', 'NoAdsAfterPreroll', 'DropsActive', 'pro', 'DropsEnable', 'rocketleague', 'Golf']",2026-07-30,23-00-12,Thursday
318645030516,38129626,soldierfps71,29452,Virtual Casino,738,2026-07-30T14:14:02Z,pt,"['Português', 'cs']",2026-07-30,23-00-12,Thursday
318076936421,544788954,cpentagon,512710,Call of Duty: Warzone,735,2026-07-30T12:20:30Z,de,"['Deutsch', 'WSOW', 'NARCOCITY', 'NarcoCityRP', 'GTARP', 'DropsAktiviert']",2026-07-30,23-00-12,Thursday
320653935706,811224371,mellowteddy,982017546,Palia,733,2026-07-30T13:01:26Z,en,"['English', 'Cozy', 'FamilyFriendly', 'CozyGaming', 'ClosedCaptions', 'Palia', 'PaliaPartner', 'PaliaGiveaway', 'Giveaways', 'PaliaUpdate']",2026-07-30,23-00-12,Thursday
317932908391,44864184,sola,21779,League of Legends,732,2026-07-30T09:50:51Z,de,"['Deutsch', 'DropsAktiviert']",2026-07-30,23-00-12,Thursday
319731734880,39298218,dakotaz,33214,Fortnite,732,2026-07-30T13:42:46Z,en,"['English', 'Fortnite', 'Solo', 'DropsEnabled']",2026-07-30,23-00-12,Thursday
318076701285,38562519,piotrmaciejczak,29307,Path of Exile,731,2026-07-30T11:50:51Z,pl,"['Polski', 'Hardcore', 'aRPG', 'AYAYA', 'Polska', 'Poland', 'DropyWłączone']",2026-07-30,23-00-12,Thursday
320654562138,463465767,phanthea,509511,Marbles on Stream,729,2026-07-30T14:37:36Z,de,"['Deutsch', 'DropsAktiviert']",2026-07-30,23-00-12,Thursday
316558890710,953952360,justhatemeeecatq,29595,Dota 2,728,2026-07-30T12:27:34Z,ru,"['Русский', 'Депрессия', 'Шизофрения', 'дединсайд', 'джастхейтми', 'justhateme', 'штормспирит', 'stormspirit', 'Обучение', 'Обучающийконтент']",2026-07-30,23-00-12,Thursday
316529272917,67788628,mager1337,32399,Counter-Strike,728,2026-07-30T12:42:25Z,ru,['Русский'],2026-07-30,23-00-12,Thursday
315817678033,26973975,wardiii,490422,StarCraft II,728,2026-07-30T12:40:46Z,en,"['Esports', 'English']",2026-07-30,23-00-12,Thursday
316304062195,26088246,kamiyu666,66082,Games + Demos,725,2026-07-30T12:32:45Z,zh,['中文'],2026-07-30,23-00-12,Thursday
316248640882,16677765,qttsix,29307,Path of Exile,724,2026-07-30T14:43:19Z,zh,"['中文', '启用掉宝']",2026-07-30,23-00-12,Thursday
317376242531,122606072,lemwakast,509658,Just Chatting,723,2026-07-30T13:15:40Z,fr,"['actu', 'react', 'antifa', 'blm', 'france', 'antilles', 'Français']",2026-07-30,23-00-12,Thursday
320764295771,158126658,littlespacerock,491487,Dead by Daylight,722,2026-07-30T10:26:10Z,en,"['English', 'DropsEnabled']",2026-07-30,23-00-12,Thursday
319588707934,1425176207,juntaurgente,1398657661,Anime Squad,722,2026-07-29T05:14:55Z,es,"['Español', 'ANHQV', 'juancuesta', 'juntaurgentee', 'AlwaysOn', 'radiopatio']",2026-07-30,23-00-12,Thursday
317933354087,66551495,knueppelpaste,478407715,Arma Reforger,722,2026-07-30T10:49:56Z,de,"['Deutsch', 'eigentlichganznett', 'PvP', 'vollderProfi', 'EFT', 'Lehrreich']",2026-07-30,23-00-12,Thursday
316600265044,65759224,nieuczesana,210472759,Shift at Midnight,721,2026-07-30T13:11:50Z,pl,['Polski'],2026-07-30,23-00-12,Thursday
318656308439,197406569,thenicolet,509659,ASMR,718,2026-07-29T21:30:41Z,en,"['English', 'ENGLISH', 'ASMR', 'FINDOM', 'EGIRL', 'GIRL', 'feet', 'goddess', 'woman']",2026-07-30,23-00-12,Thursday
316530297173,86674787,unutcon,12839,Heroes of Might and Magic III: The Restoration of Erathia,718,2026-07-30T15:18:09Z,ru,['Русский'],2026-07-30,23-00-12,Thursday
316557744982,39777831,mantaq,32399,Counter-Strike,716,2026-07-30T09:12:04Z,ru,['Русский'],2026-07-30,23-00-12,Thursday
316529644629,113765405,turunpug,509672,IRL,716,2026-07-30T13:41:38Z,fi,"['Suomi', 'IRL']",2026-07-30,23-00-12,Thursday
318142773094,543213043,lennli,369418,GeoGuessr,716,2026-07-30T12:12:09Z,de,"['geoguessr', 'Deutsch', 'GHG']",2026-07-30,23-00-12,Thursday
317931309927,26389199,ventrua,29307,Path of Exile,714,2026-07-30T04:34:10Z,en,['English'],2026-07-30,23-00-12,Thursday
317333166050,74101321,adcshiiro,21779,League of Legends,713,2026-07-29T23:55:45Z,es,"['Español', 'DropsActivados']",2026-07-30,23-00-12,Thursday
316304136563,55664807,lilybbb1,509672,IRL,712,2026-07-30T12:46:33Z,zh-hk,"['戶外台', '國語', '英語', '粵語']",2026-07-30,23-00-12,Thursday
316239837297,136443021,neth3,516575,VALORANT,711,2026-07-30T13:42:45Z,ja,['日本語'],2026-07-30,23-00-12,Thursday
318143591398,30805171,srserpiente,852009328,Mistfall Hunter,710,2026-07-30T13:51:44Z,es,"['Español', 'srserpiente', 'survival', 'survivalgame', 'dayz', 'arma3', 'southpark', 'subnautica2', '007firstlight', 'DropsActivados']",2026-07-30,23-00-12,Thursday
317377070435,36318615,theguill84,509663,Special Events,707,2026-07-30T15:05:15Z,fr,"['Français', 'aigri', 'minecraft', 'Guill', 'TheGuill84']",2026-07-30,23-00-12,Thursday
316599299284,712125671,blackrabbit342,29595,Dota 2,707,2026-07-30T10:31:50Z,ru,['Русский'],2026-07-30,23-00-12,Thursday
316559499094,203900288,rimer77,509658,Just Chatting,706,2026-07-30T14:06:03Z,ru,"['RIMER77', 'Русский', 'CS2']",2026-07-30,23-00-12,Thursday
318076784485,601383025,fustler,12453,Grand Theft Auto,704,2026-07-30T12:00:59Z,de,"['flohmarkt', 'reselling', 'anime', 'Deutsch', 'schmeckt', 'Retro', 'vintage', 'Storage', 'StorageHunter', 'DropsAktiviert']",2026-07-30,23-00-12,Thursday
316600740948,874531115,kalatay7,73586,Outlast,704,2026-07-30T14:29:38Z,uk,"['Українська', 'counterstrike', 'faceit', 'faceit10lvl', 'СтримЗапису']",2026-07-30,23-00-12,Thursday
316530339541,544033519,nikiwrightg,509658,Just Chatting,701,2026-07-30T15:23:40Z,ru,"['Майншилд', 'Русский', 'майнкрафт']",2026-07-30,23-00-12,Thursday
320653843546,734173378,meilizzz,516575,VALORANT,701,2026-07-30T12:45:19Z,en,"['English', 'headsetuserbeware']",2026-07-30,23-00-12,Thursday
316559090518,280197012,alle,491931,Escape from Tarkov,701,2026-07-30T12:58:46Z,en,"['LASTPLAYER', 'THEBEST', 'LABS', 'SCHIZOMODE', 'NOONEISBETTER', 'aimbotting', 'betterthanyou', 'English', 'NEVERGOON', 'Top1MostHumble']",2026-07-30,23-00-12,Thursday
318508190710,99765615,k13tv,29595,Dota 2,700,2026-07-30T11:03:06Z,pt,"['Português', 'Competitivo', 'English', 'Competitive', 'Ranked', 'music', 'gamer', 'Esports', 'react']",2026-07-30,23-00-12,Thursday
317361209188,236857715,apparentlyjack_rl,30921,Rocket League,700,2026-07-30T14:15:38Z,en,['English'],2026-07-30,23-00-12,Thursday
318075814757,45921282,redcs,32399,Counter-Strike,699,2026-07-30T09:45:06Z,de,"['Deutsch', 'cs', 'counterstrike', 'german', 'gaming', 'English', 'watchparty', 'donk', 'zywoo', 'CS2']",2026-07-30,23-00-12,Thursday
316239143409,1273506493,tokyosims,509658,Just Chatting,699,2026-07-30T11:37:53Z,en,"['English', 'IRL', 'Japan', 'Tokyo', 'Outdoors', 'Exploration', 'Asian', 'Variety', 'wasian', 'Interviews']",2026-07-30,23-00-12,Thursday
315862465491,129564164,sword4000,27471,Minecraft,698,2026-07-30T14:20:22Z,en,"['event', 'minecraft', 'hungergamesminecraft', 'sword4000', 'bestplayerintheworld', 'hungergames', 'English', 'StrengthSMP', 'sword']",2026-07-30,23-00-12,Thursday
315897974505,152310006,namin1004,21779,League of Legends,696,2026-07-30T13:02:48Z,zh,"['中文', 'namin', '한국어']",2026-07-30,23-00-12,Thursday
317376545635,29530640,dheylo,33214,Fortnite,696,2026-07-30T13:58:00Z,es,"['Español', 'DropsActivados']",2026-07-30,23-00-12,Thursday
320654753242,1521962674,cohere_ai,509670,Science & Technology,695,2026-07-30T15:01:00Z,en,['English'],2026-07-30,23-00-12,Thursday
318144234726,83646817,komplettno,509658,Just Chatting,695,2026-07-30T15:00:50Z,no,"['Norsk', 'Norge', 'gaming']",2026-07-30,23-00-12,Thursday
316529450837,1353048347,finbeastmodeee,65632,DayZ,695,2026-07-30T13:10:12Z,fi,"['english', 'suomi', 'Suomi']",2026-07-30,23-00-12,Thursday
316240086513,732112912,misaya_vl,516575,VALORANT,695,2026-07-30T14:39:12Z,ja,"['雑談', 'VALORANT', '大声', '料理人', '日本語']",2026-07-30,23-00-12,Thursday
318141795558,25452510,nervarien,21779,League of Legends,695,2026-07-30T09:54:59Z,pl,"['Polski', 'DropyWłączone']",2026-07-30,23-00-12,Thursday
318143287526,948485459,kevinitss,509658,Just Chatting,692,2026-07-30T13:15:12Z,de,"['Deutsch', 'Anwalt', 'pfleger', 'Krankenhaus', 'youtube', 'anzeige', 'pflegekammer', 'medfluencer']",2026-07-30,23-00-12,Thursday
318143366630,236507843,pizfn,509658,Just Chatting,692,2026-07-30T13:24:20Z,it,['Italiano'],2026-07-30,23-00-12,Thursday
318661582935,908154266,caveiragameslive,509658,Just Chatting,690,2026-07-30T04:13:02Z,pt,['Português'],2026-07-30,23-00-12,Thursday
319731223520,127301063,gremloe,509658,Just Chatting,690,2026-07-30T12:07:01Z,en,"['English', 'Español', 'Japanese日本語', 'review', 'commentary', '2A', 'news']",2026-07-30,23-00-12,Thursday
319668829532,112822444,shotz,32982,Grand Theft Auto V,686,2026-07-30T15:01:25Z,en,"['English', 'Shooter', 'Boomer', 'shotz', 'Malding', 'Roleplay', 'STARFORGE']",2026-07-30,23-00-12,Thursday
318075174373,99350526,qaixx,263490,Rust,685,2026-07-30T07:50:53Z,en,"['English', 'Survival', 'PositiveMentalAttitude', 'Educational', 'Hottub', 'Serbian', 'DropsEnabled']",2026-07-30,23-00-12,Thursday
317377031395,599055682,soymotor,518203,Sports,683,2026-07-30T15:00:52Z,es,"['F1', 'Fórmula', 'carreras', 'coches', 'Español']",2026-07-30,23-00-12,Thursday
319732279008,178870986,nickich,21779,League of Legends,681,2026-07-30T15:00:55Z,en,"['English', 'lit', 'Gaslighting', 'slowstrokesonly', 'WomensRights', 'MIDDIFF']",2026-07-30,23-00-12,Thursday
317337092322,1351857940,romynnaaa,497697,Last Day on Earth: Survival,681,2026-07-30T15:51:50Z,fr,['Français'],2026-07-30,23-00-12,Thursday
316559322454,57865494,kandyland,509658,Just Chatting,680,2026-07-30T13:37:55Z,en,"['English', 'girl', 'cooking', 'swedish', 'Sweden', 'blonde', 'IRL', 'chill', 'Metal']",2026-07-30,23-00-12,Thursday
317376091235,91752888,lucasrojo,516575,VALORANT,679,2026-07-30T12:55:43Z,es,"['Español', 'valorant', 'DropsActivados']",2026-07-30,23-00-12,Thursday
319604305886,934563409,alison_ace,509672,IRL,676,2026-07-30T13:05:37Z,en,"['English', 'IRL', 'IRLstreams', 'girl', 'dog', 'park', 'GoodMorning', 'morning', 'morningstream', 'outside']",2026-07-30,23-00-12,Thursday
320597489369,130404073,boxyfresh,490377,Sea of Thieves,676,2026-07-30T15:31:49Z,en,['English'],2026-07-30,23-00-12,Thursday
317333914722,133402142,barbe___douce,20596,Dofus,676,2026-07-30T05:10:33Z,fr,"['ankama', 'dofus', 'mmorpg', 'français', 'Digresseurprofessionnel', 'PvM', 'Quetes', 'Succes', 'Monocompte', 'Discussion']",2026-07-30,23-00-12,Thursday
319603403742,124994203,rakattack,515025,Overwatch,675,2026-07-30T09:25:24Z,en,"['English', 'NOMOTION', 'grippy', 'selfemployed', 'NonchalantWhiteBoy', 'chill', 'DropsEnabled']",2026-07-30,23-00-12,Thursday
318075635557,517517629,ewc_stcarena_en,515025,Overwatch,674,2026-07-30T09:13:18Z,en,"['English', 'Esports', 'DropsEnabled']",2026-07-30,23-00-12,Thursday
318664790615,663185994,savii,1036710512,Palworld,672,2026-07-30T11:15:28Z,en,"['British', 'Latina', 'Military', 'AuditoryASMR', 'Envtuber', 'English', 'Anime', 'Vtuber', 'Hag', 'FirstPlaythrough']",2026-07-30,23-00-12,Thursday
317334796898,50561208,un33d,513143,Teamfight Tactics,672,2026-07-30T10:06:04Z,fr,"['Français', 'TFT', 'Caster', 'Challenger']",2026-07-30,23-00-12,Thursday
318076807781,191126513,lizz,417969,Halo: The Master Chief Collection,670,2026-07-30T12:03:46Z,en,"['English', 'chill', 'welcoming', 'Viking', 'Witcher', 'Singing', 'noAI', 'noOFjustGAMES', 'FirstPlaythrough']",2026-07-30,23-00-12,Thursday
317934315239,58221890,doktorfroid,1820839024,MECCHA CHAMELEON,670,2026-07-30T12:55:56Z,de,"['Deutsch', 'reaction', 'reacts', 'Comedy', 'react', 'Variety', 'IRL', 'gaming']",2026-07-30,23-00-12,Thursday
320595914457,184683276,makeouthill,33214,Fortnite,667,2026-07-30T11:42:58Z,en,"['Loud', 'annoying', 'funny', 'competitive', 'ranked', 'erobb221', 'spanish', 'community', 'bestfriends', 'welcoming']",2026-07-30,23-00-12,Thursday
316560166614,884084627,dellteker,32982,Grand Theft Auto V,666,2026-07-30T15:42:51Z,en,"['Русский', 'English']",2026-07-30,23-00-12,Thursday
317336016354,507243639,cristobalgazquez,509658,Just Chatting,665,2026-07-30T13:29:11Z,es,"['noticias', 'Derecho', 'Español', 'actualidad', 'asmr', 'ama', 'divulgacion', 'COVID', 'BOMBEROS', 'AYUSO']",2026-07-30,23-00-12,Thursday
317376445923,29377368,x9nium,32399,Counter-Strike,664,2026-07-30T13:43:58Z,es,"['Español', 'CS2', 'Counter', 'valorant', 'KOI', 'Esports', 'gaming', 'M8WIN', 'M8']",2026-07-30,23-00-12,Thursday
316303139571,833682125,rosecpin9,263490,Rust,661,2026-07-30T09:00:17Z,ja,"['日本語', 'Drops有効']",2026-07-30,23-00-12,Thursday
316601223252,247924853,byconstantin3,29595,Dota 2,661,2026-07-30T15:35:27Z,ru,['Русский'],2026-07-30,23-00-12,Thursday
316592873172,632543201,szzalony,516575,VALORANT,659,2026-07-29T12:42:39Z,pl,['Polski'],2026-07-30,23-00-12,Thursday
318509119094,491504957,pantano,55453844,Street Fighter 6,658,2026-07-30T15:35:53Z,pt,"['chat', 'ewc', 'ewc2026', 'streetfighter', 'streetfighter6', 'Português', 'DropsAtivados']",2026-07-30,23-00-12,Thursday
319604677598,190761380,somjuu,1264310518,Marvel Rivals,658,2026-07-30T14:04:12Z,en,"['black', 'drops', 'Anime', 'English', 'blackpanther', 'DareDevil', 'spiderman', 'DropsEnabled', 'kaicenat']",2026-07-30,23-00-12,Thursday
319604674398,434291754,juicyjohns,512710,Call of Duty: Warzone,658,2026-07-30T14:03:40Z,en,"['English', 'rebirth', 'juicyjohns', 'camy', 'jynxzi', 'warzone', 'kaicenat', 'Giveaways', 'swagg']",2026-07-30,23-00-12,Thursday
318142076646,24657677,back2warcraft,12924,Warcraft III,653,2026-07-30T10:35:02Z,en,"['Esports', 'strategy', 'rts', 'English', 'Deutsch', 'Mayonnaise']",2026-07-30,23-00-12,Thursday
315919717866,1383428672,niao16888,509658,Just Chatting,652,2026-07-30T15:14:57Z,zh,"['聊天', '百家樂', 'DG百家樂', 'MT百家樂', 'RSG電子', 'QT電子', 'ATG電子', '中文', '18pluschannel', '18OVER']",2026-07-30,23-00-12,Thursday
318075964389,24974812,manni2,29307,Path of Exile,652,2026-07-30T10:05:22Z,en,"['English', 'DropsEnabled']",2026-07-30,23-00-12,Thursday
316559016406,27268093,alliance_hakis,511224,Apex Legends,650,2026-07-30T12:47:00Z,en,"['IGL', 'Comp', 'Scrim', 'Tourney', 'Pro', 'Alliance', 'Ranked', 'ApexPredator', 'English', 'movementgod']",2026-07-30,23-00-12,Thursday
316528577877,35740817,thorlar,518624,SCP: Fragmented Minds,650,2026-07-30T10:48:01Z,en,"['Giveaways', 'LGBTQ', 'pngtuber', 'vtuber', 'English', 'Swedish', 'charity', 'ADHD', 'Variety', 'OctopusVTuber']",2026-07-30,23-00-12,Thursday
318652606807,752742297,seoi1016,509658,Just Chatting,650,2026-07-29T11:24:30Z,ko,"['한국어', 'English', '中文', '台灣', '日本語', 'Русский', 'Dance', 'kpop', 'korean', '재방송']",2026-07-30,23-00-12,Thursday
317336084450,467161807,ricborr,33214,Fortnite,649,2026-07-30T13:38:17Z,it,"['Italiano', 'English', 'DropAbilitati']",2026-07-30,23-00-12,Thursday
318580249205,191521744,calura9,491487,Dead by Daylight,649,2026-07-30T12:49:00Z,pt,"['dbdsurvivor', 'Português', 'DBDSurvivorMain', 'deadbydaylight', 'dbd', 'killerdbd', 'terror', 'jogosdeterror', 'DropsAtivados']",2026-07-30,23-00-12,Thursday
316248642034,472964924,okinawapex,516575,VALORANT,649,2026-07-30T14:43:33Z,ja,"['VALORANT', 'JP', '日本語', 'English', 'okinawa']",2026-07-30,23-00-12,Thursday
318143018726,76728281,rvnxmango,1036710512,Palworld,649,2026-07-30T12:43:10Z,hi,['Deutsch'],2026-07-30,23-00-12,Thursday
318143872614,451024164,granadyy,687129551,Trackmania,649,2026-07-30T14:22:33Z,en,"['speedrun', 'TrackMania', 'vroomvroom', 'wheel', 'NoBackseating', 'English']",2026-07-30,23-00-12,Thursday
318144198246,63179445,kuruhs,1991115310,Forza Horizon 6,648,2026-07-30T14:57:23Z,en,"['English', 'Speedrun', 'Racing']",2026-07-30,23-00-12,Thursday
318143316198,161853695,chaosmachinegr,32502,World of Warships,648,2026-07-30T13:18:01Z,en,"['English', 'DropsEnabled']",2026-07-30,23-00-12,Thursday
315862049363,137002416,arkvenger_tv,71375,Star Citizen,647,2026-07-30T12:00:31Z,es,"['Español', 'StarCitizen', 'MMO', 'Humo', 'Noticias', 'Inglés', 'DropsActivados']",2026-07-30,23-00-12,Thursday
317934967527,61438909,wudijo,515024,Diablo IV,646,2026-07-30T14:08:52Z,en,['English'],2026-07-30,23-00-12,Thursday
315919520618,598287720,zorthas,18122,World of Warcraft,640,2026-07-30T14:17:32Z,en,"['English', 'Australian', 'Tomato', 'Shaman']",2026-07-30,23-00-12,Thursday
316304500723,165572706,dmf_kyochan,36799602,Clair Obscur: Expedition 33,637,2026-07-30T13:56:32Z,ja,['日本語'],2026-07-30,23-00-12,Thursday
317935319655,75309526,bucher,516575,VALORANT,636,2026-07-30T14:47:29Z,de,"['Deutsch', 'pro', 'Esports', 'radiant']",2026-07-30,23-00-12,Thursday
316598990804,737383083,leissik,1282866981,Delta Force,635,2026-07-30T09:37:28Z,en,"['English', 'chattingwithviewers', 'ExtractionShooter', 'DeltaForceGame', 'deltaforce', 'stinger', 'chill', 'bald', 'solo', 'solovssquad']",2026-07-30,23-00-12,Thursday
320652936666,100825304,char1ynn,417528,Albion Online,631,2026-07-30T09:36:45Z,en,"['English', 'ADHD', 'gamergirl', 'giveaways', 'Drops', 'Xbox', 'albion', 'girl', 'Pokémonpackopenings', 'controllerplayer']",2026-07-30,23-00-12,Thursday
320764730843,520600509,lauryn,1515862749,Disney Dreamlight Valley,630,2026-07-30T12:00:05Z,en,"['English', 'Female', 'MentalHealth', 'Chatty', 'LurkerFriendly', 'Cozy', 'Community', 'NewPlayersWelcome', 'DDVUpdateDay', 'DropsEnabled']",2026-07-30,23-00-12,Thursday
317766345304,60978448,dogdog,138585,Hearthstone,630,2026-07-30T15:43:55Z,en,['English'],2026-07-30,23-00-12,Thursday
315993295084,1007186731,anonymous1270ttv,460630,Rainbow Six Siege,625,2026-07-30T14:32:42Z,en,"['English', 'anonymous1270', 'anonymous1270ttv', 'UbisoftPartner', 'rainbowsixsiege', 'R6S', 'r6', 'rainbowsix', 'muteprotocol', 'DropsEnabled']",2026-07-30,23-00-12,Thursday
317360223972,95964468,ispiteful,796500915,Halo: Campaign Evolved,624,2026-07-30T11:51:48Z,en,"['English', 'DropsEnabled']",2026-07-30,23-00-12,Thursday
320595951833,118344827,elgamerwicho,1663723394,Gears of War: E-Day,624,2026-07-30T11:50:15Z,es,"['GEARS', 'englIsh', 'comedia', 'humor', 'Español']",2026-07-30,23-00-12,Thursday
316600722388,52642922,l0k0hgaming,509658,Just Chatting,624,2026-07-30T14:26:17Z,es,['Español'],2026-07-30,23-00-12,Thursday
317935395175,121341539,francescopardinivgc,1931693784,Pokémon Champions,622,2026-07-30T14:55:20Z,it,"['switch', 'pardini', 'Italiano', 'pokemon', 'VGC', 'Competitivo', 'mondiali', 'scarlatto', 'violetto', 'regional']",2026-07-30,23-00-12,Thursday
317931873511,56924673,obsess3,21779,League of Legends,622,2026-07-30T06:59:47Z,de,"['Deutsch', 'VerticalStream', 'vertical', 'manchmalchallenger', 'meistensnicht']",2026-07-30,23-00-12,Thursday
317361899236,89204267,slipix,21779,League of Legends,621,2026-07-30T15:45:20Z,fr,"['Français', 'DropsActivés']",2026-07-30,23-00-12,Thursday
317374784611,32951395,moraishd,21779,League of Legends,621,2026-07-30T08:52:36Z,pt,"['Português', 'Vtuber', 'comédia', 'Portugal', 'morais']",2026-07-30,23-00-12,Thursday
316238559857,543114323,sakanine,66019,Jikkyou Pawafuru Puroyakyu 2012,616,2026-07-30T08:59:30Z,ja,['日本語'],2026-07-30,23-00-12,Thursday
319732011488,216400079,oshakonig,33214,Fortnite,615,2026-07-30T14:23:12Z,en,"['MUSICARTIST', 'PartneredStreamer', 'FortniteGamplay', 'asianjeff', 'English', 'FORTNITEZEROBUIILDS', 'FNCS', 'peterbot', 'EpicCreator', 'clix']",2026-07-30,23-00-12,Thursday
316530185685,1043603497,betboomtennis,518203,Sports,615,2026-07-30T15:01:59Z,ru,"['Tennis', 'Спорт', 'Матч', 'Трансляции', 'Соревнование', 'justchatting', 'Русский']",2026-07-30,23-00-12,Thursday
317934237671,43030068,kurolily,1036710512,Palworld,615,2026-07-30T12:47:00Z,it,['Italiano'],2026-07-30,23-00-12,Thursday
315857808488,28669359,qwer48621530,29307,Path of Exile,614,2026-07-30T12:59:17Z,zh,"['中文', '启用掉宝']",2026-07-30,23-00-12,Thursday
317361521764,175560856,hctuan,27471,Minecraft,614,2026-07-30T14:58:36Z,fr,['Français'],2026-07-30,23-00-12,Thursday
317377110499,522351847,xurreriaivette,509667,Food & Drink,613,2026-07-30T15:10:12Z,es,"['español', 'Español', 'churros', 'Porras', 'Crepes', 'Gofres', 'nutella', 'foodtruck', 'verano']",2026-07-30,23-00-12,Thursday
318144056294,45912780,mistafaker,509658,Just Chatting,613,2026-07-30T14:41:25Z,ru,['Русский'],2026-07-30,23-00-12,Thursday
316600940756,839776294,stroganov,491487,Dead by Daylight,613,2026-07-30T14:59:51Z,ru,"['русский', 'сурвомейн', 'мемы', 'Русский', 'DropsВключены']",2026-07-30,23-00-12,Thursday
318075917285,162151864,klupatwins,1102857083,Doomsday: Last Survivors,610,2026-07-30T10:00:03Z,de,"['Deutsch', 'just', 'chatting', 'zwillinge', 'reactions', 'rp', 'news', 'gaming', 'Diskussion', 'Gruselspiele']",2026-07-30,23-00-12,Thursday
317934923751,485471555,rodnoy,32399,Counter-Strike,607,2026-07-30T14:04:37Z,ru,"['Русский', 'ЦЕНТРАЛ', 'Родной', 'Multiplayer', 'Majestic']",2026-07-30,23-00-12,Thursday
318073849189,728456259,eintrachtspandau,21779,League of Legends,606,2026-07-30T01:42:04Z,de,"['spandau', 'Deutsch', 'EintrachtSpandau', 'Esports']",2026-07-30,23-00-12,Thursday
318143197030,118007495,le0cs2,32399,Counter-Strike,605,2026-07-30T13:03:31Z,en,['English'],2026-07-30,23-00-12,Thursday
317360433892,1110808352,cineillojuan,499973,Always On,605,2026-07-30T12:23:18Z,es,"['Español', 'Repetir']",2026-07-30,23-00-12,Thursday
317376698467,87805484,wisethug,464339927,ARC Raiders,604,2026-07-30T14:18:09Z,fr,"['tuto', '4K', 'Français', 'Ultrawide', '1440p']",2026-07-30,23-00-12,Thursday
316527525845,211715969,elisaviihdesport,32399,Counter-Strike,604,2026-07-30T07:30:14Z,fi,"['Suomi', 'Esports']",2026-07-30,23-00-12,Thursday
318075955173,115441727,lowyyy95,32982,Grand Theft Auto V,602,2026-07-30T10:04:00Z,de,"['Deutsch', 'sauercrowd', 'UnityLife', 'fett', 'DropsAktiviert']",2026-07-30,23-00-12,Thursday
319731459680,488916600,abolishegirls,491487,Dead by Daylight,601,2026-07-30T12:56:16Z,en,"['English', 'woman', 'feet', 'EGirl', 'head', 'shoulders', 'knees', 'toes', 'DropsEnabled']",2026-07-30,23-00-12,Thursday
317361520996,783648767,thinkingmansvalo,516575,VALORANT,600,2026-07-30T14:58:25Z,en,"['AngryManDoStream', 'Stop', 'Reading', 'Tags', 'English']",2026-07-30,23-00-12,Thursday
316559627350,204505974,vangard,509658,Just Chatting,598,2026-07-30T14:25:53Z,en,"['English', 'Norway', 'powerlifter', 'Travel', 'IRL', 'Adventure', 'Survival']",2026-07-30,23-00-12,Thursday
317335764450,38211482,marinelord,813773698,ZeroSpace,596,2026-07-30T12:54:13Z,fr,['Français'],2026-07-30,23-00-12,Thursday
319603538526,594761920,neongutz,1910103699,THE FINALS,594,2026-07-30T10:02:23Z,en,"['English', 'DropsEnabled']",2026-07-30,23-00-12,Thursday
319604848990,798465265,sunnychristinaa,116747788,"Pools, Hot Tubs, and Beaches",594,2026-07-30T14:29:29Z,en,['English'],2026-07-30,23-00-12,Thursday
316303170419,25501154,devilcatwith2cat,29307,Path of Exile,593,2026-07-30T09:08:16Z,zh,"['中文', '貓咪出沒', '貓奴', 'pathofexile2', '手機遊戲', 'ARPG', '启用掉宝']",2026-07-30,23-00-12,Thursday
316559864662,1058538505,thefinals,1910103699,THE FINALS,592,2026-07-30T15:01:06Z,en,"['thefinals', 'fps', 'embark', 'English', 'DevStream', 'gameplay', 'thefinalsgameplay', 'DropsEnabled']",2026-07-30,23-00-12,Thursday
316247857138,1309881491,komichin0704,32982,Grand Theft Auto V,590,2026-07-30T12:03:32Z,ja,"['日本語', '雑談', 'ストグラ', 'GTA5']",2026-07-30,23-00-12,Thursday
317377293667,450531087,mouffette_,509658,Just Chatting,590,2026-07-30T15:34:06Z,fr,"['Transgenre', 'Français', 'LGBT', 'Humour', 'Actualité', 'Politique']",2026-07-30,23-00-12,Thursday
318644260468,884049537,olgaenvivo,417752,Talk Shows & Podcasts,590,2026-07-30T09:37:01Z,es,['Español'],2026-07-30,23-00-12,Thursday
318500506742,139064318,nitrao,515025,Overwatch,589,2026-07-29T12:27:06Z,pt,"['Português', 'DropsAtivados']",2026-07-30,23-00-12,Thursday
316600279636,71590283,1uke337,32399,Counter-Strike,586,2026-07-30T13:14:10Z,ru,['Русский'],2026-07-30,23-00-12,Thursday
316528498389,44057119,makatao,852009328,Mistfall Hunter,586,2026-07-30T10:34:04Z,ru,"['Русский', 'СпасибоЗаКачествоТвич', 'PvP', 'BattleRoyale', 'королевскаябитва', 'DropsВключены']",2026-07-30,23-00-12,Thursday
316600796628,18362365,amieloo,12839,Heroes of Might and Magic III: The Restoration of Erathia,585,2026-07-30T14:38:17Z,ru,['Русский'],2026-07-30,23-00-12,Thursday
319731653472,144926827,ds_lily,29307,Path of Exile,583,2026-07-30T13:29:36Z,en,"['Beef', 'NoSleep', 'Blasting', 'Stalling', 'English', 'Hardcore', 'goth', 'DropsEnabled']",2026-07-30,23-00-12,Thursday
318074879717,37105711,rickymainia,509672,IRL,581,2026-07-30T06:50:01Z,de,"['Deutsch', 'IRL', 'Crêpes', 'Events', 'Messen', 'EssenundTrinken', 'Schausteller', 'Ricky', 'Rickymania', 'NextLevelNation']",2026-07-30,23-00-12,Thursday
320595340377,26202610,proplays,29307,Path of Exile,580,2026-07-30T09:42:38Z,en,"['English', 'MagicFind', 'PathOfExile', 't17maps', 't17farm', 'Mirror', 'poe2', 'PoE', 'DropsEnabled']",2026-07-30,23-00-12,Thursday
319603570014,133722528,idom_ny,55453844,Street Fighter 6,579,2026-07-30T10:11:46Z,en,['English'],2026-07-30,23-00-12,Thursday
318077042405,44034733,mightyteapot,19357,Guild Wars 2,577,2026-07-30T12:34:15Z,en,"['GuildWars2', 'MMO', 'English', 'MMORPG']",2026-07-30,23-00-12,Thursday
317359632868,167618935,tpk_live,55453844,Street Fighter 6,575,2026-07-30T10:01:40Z,fr,"['tpk', 'Français', 'discussion', 'lestream', 'esport', 'gaming', 'FGC', 'ewc', 'sf6']",2026-07-30,23-00-12,Thursday
318075662309,1018986222,mlbb_cis,494184,Mobile Legends: Bang Bang,574,2026-07-30T09:18:46Z,ru,"['mlbb', 'mcc', 'MLBBEsports', 'mobilelegendsbangbang', 'MOBA', 'mobile', 'esports', 'русская', 'EWC2026', 'msc']",2026-07-30,23-00-12,Thursday
317933400295,43298229,d1rtyd3vil,852009328,Mistfall Hunter,574,2026-07-30T10:56:58Z,de,"['Hardmode', 'Erwachsen', 'Entspannt', 'Deutsch', 'Variety', 'LigaDerHeftigkeiten', 'KeinBackseatGaming', 'KIMusic', 'DropsAktiviert']",2026-07-30,23-00-12,Thursday
316559415510,542320267,pan1x_t0p,516866,Stalzone,573,2026-07-30T13:54:01Z,ru,"['Русский', 'DropsВключены']",2026-07-30,23-00-12,Thursday
316248448370,715990491,dttodot,509658,Just Chatting,571,2026-07-30T13:55:52Z,ja,"['日本語', 'VTuber', 'Thai', 'Japanese', 'English', 'Drops有効']",2026-07-30,23-00-12,Thursday
317361078884,113212120,profesornuzlocke,329951934,Pokémon Community Game,570,2026-07-30T13:58:10Z,es,"['Español', 'papafrita', 'prolocke', 'prolocke2', 'folagor', 'capitanpokemon', 'ericlostie', 'pokealex', 'sekiam', 'xamork']",2026-07-30,23-00-12,Thursday
317336595810,184578486,mfreak00,21779,League of Legends,569,2026-07-30T14:46:49Z,es,"['Mfreak', 'MindFreak', 'Español', 'LOL', 'LCK', 'T1', 'Faker', 'Worlds', 'SQC', 'SoloQChallenge']",2026-07-30,23-00-12,Thursday
316559204438,449051286,bondarenk01,509672,IRL,568,2026-07-30T13:17:26Z,ru,['Русский'],2026-07-30,23-00-12,Thursday
317934004455,103179576,fr3ddy,27546,World of Tanks,568,2026-07-30T12:17:33Z,de,"['Panzer', 'WoT', 'WorldofTanks', 'Drops', 'Dropsaktiviert', 'Deutsch']",2026-07-30,23-00-12,Thursday
319604679134,124661318,crystaahhl,369585,Kingdom Hearts III,568,2026-07-30T14:04:22Z,en,"['Noyourebreathtaking', 'FirstPlaythrough', 'English', 'ImJudgingIfYouBackseat']",2026-07-30,23-00-12,Thursday
318078632677,140714397,schwabbeltown,491487,Dead by Daylight,567,2026-07-30T15:27:03Z,de,"['Deutsch', 'Horror', 'HorrorGames', 'Crınge', 'DBDCreator', 'DropsAktiviert']",2026-07-30,23-00-12,Thursday
318508094582,484136594,massroon,19619,Tibia,563,2026-07-30T10:11:35Z,pt,"['Português', 'MMORPG', 'Gostoso', 'Orebound', 'pxg']",2026-07-30,23-00-12,Thursday
317375240675,33734881,send0o,21779,League of Legends,563,2026-07-30T10:34:42Z,es,"['Español', 'DropsActivados']",2026-07-30,23-00-12,Thursday
318143827814,37810366,360chrism,493997,Super Mario Odyssey,562,2026-07-30T14:17:42Z,en,"['English', 'European']",2026-07-30,23-00-12,Thursday
320765850459,24476451,joltzdude139,1846512643,Borderlands 4,562,2026-07-30T14:55:33Z,en,"['buh', 'English']",2026-07-30,23-00-12,Thursday
318571894389,181077473,gaules,31339,Project Zomboid,562,2026-07-29T09:58:31Z,pt,"['Português', 'DropsAtivados']",2026-07-30,23-00-12,Thursday
316529414997,187669658,albino,1435206302,Slay the Spire II,561,2026-07-30T13:04:39Z,en,['English'],2026-07-30,23-00-12,Thursday
318075685861,147255555,shurkou,415998825,Guildrun,561,2026-07-30T09:22:19Z,en,['English'],2026-07-30,23-00-12,Thursday
320651557978,554712890,sang,511224,Apex Legends,560,2026-07-30T06:13:47Z,en,"['English', 'apex', 'Sang', 'SangAPEX', 'MnK', 'MouseANDKeyboard', 'ballistic', 'apexpredator', 'top500', 'DropsEnabled']",2026-07-30,23-00-12,Thursday
318078703077,670850473,chorosballet,509658,Just Chatting,560,2026-07-30T15:33:20Z,it,"['amici', 'amici2022', 'mariadefilippi', 'chorosballet', 'reaction', 'Italiano']",2026-07-30,23-00-12,Thursday
320762247003,1179468975,stormwatch_247,499973,Always On,559,2026-07-30T05:37:40Z,en,['English'],2026-07-30,23-00-12,Thursday
318142150502,118288907,pwnage,516588,Rise Online,558,2026-07-30T10:46:07Z,tr,"['Türkçe', 'MMORPG', 'JustChatting', 'RiseOnline', 'DroplarEtkin']",2026-07-30,23-00-12,Thursday
317361860708,174042680,radossb,33214,Fortnite,555,2026-07-30T15:40:54Z,es,"['Español', 'Fortnite', 'battleroyale', 'DropsActivados']",2026-07-30,23-00-12,Thursday
316599958228,112538196,m3lancho1yy,32399,Counter-Strike,552,2026-07-30T12:20:23Z,ru,"['4erDak', 'Grusha', 'Nuggets', 'ChemodAn', 'sopli', 'Русский']",2026-07-30,23-00-12,Thursday
316530144341,90650582,bezp,1264310518,Marvel Rivals,551,2026-07-30T14:57:14Z,ru,"['Проклятый', 'Русский', 'Стоицизм', 'Доблесть', 'Честь', 'Оплот', 'Косплей', 'Русский', 'DropsВключены']",2026-07-30,23-00-12,Thursday
317376337251,185926865,sabouu12,21779,League of Legends,550,2026-07-30T13:29:00Z,fr,"['french', 'game', 'Français', 'FlashbackWL', 'flashback', 'gta', 'RP', 'GTARP']",2026-07-30,23-00-12,Thursday
316598431700,24811779,wagamamatv,29595,Dota 2,550,2026-07-30T07:47:35Z,en,['English'],2026-07-30,23-00-12,Thursday
315378727535,25879593,sc2byun,490422,StarCraft II,550,2026-07-30T12:47:46Z,en,['English'],2026-07-30,23-00-12,Thursday
318075463141,894303045,ckaiba9,29307,Path of Exile,549,2026-07-30T08:44:34Z,ru,"['Русский', 'DropsВключены']",2026-07-30,23-00-12,Thursday
320597646681,32085830,xaryu,18122,World of Warcraft,547,2026-07-30T15:49:14Z,en,['English'],2026-07-30,23-00-12,Thursday
316240166257,496970086,shibuya_kaho,509658,Just Chatting,545,2026-07-30T14:59:44Z,ja,"['English', 'Japan', 'Japanese', '日本語']",2026-07-30,23-00-12,Thursday
315834518866,206866614,g_birb,491487,Dead by Daylight,544,2026-07-30T12:55:25Z,en,"['English', 'LGBTQIAPlus', 'ClosedCaptions', 'TransRights', 'dbdcreator', 'farts', 'DropsEnabled']",2026-07-30,23-00-12,Thursday
317360549732,73522739,phyzikk,512710,Call of Duty: Warzone,544,2026-07-30T12:41:58Z,fr,"['Français', 'DropsActivés']",2026-07-30,23-00-12,Thursday
320627015770,622453208,wehoopinx,498592,I'm Only Sleeping,544,2026-07-29T00:42:00Z,en,['English'],2026-07-30,23-00-12,Thursday
316248249458,123355356,killin9hit,491931,Escape from Tarkov,543,2026-07-30T13:15:42Z,ja,"['日本語', 'キムチ', 'オスシ']",2026-07-30,23-00-12,Thursday
316238889713,35154593,ggbb528,21779,League of Legends,543,2026-07-30T10:38:53Z,zh,"['中文', '启用掉宝']",2026-07-30,23-00-12,Thursday
315834303314,672078591,doseofcoffee,138585,Hearthstone,542,2026-07-30T11:39:00Z,en,"['Arena', 'Educational', 'English', 'Competitive', 'Leaderboard', 'Chill']",2026-07-30,23-00-12,Thursday
317335121250,71290640,kemist_c10h15n,1089655891,PERSONA3 RELOAD,542,2026-07-30T11:08:23Z,fr,"['Laboratoire', 'C10H15N', 'IUPAC', 'Chromatographie', 'Réactifs', 'Distillation', 'Spectroscopie', 'RMN', 'Français']",2026-07-30,23-00-12,Thursday
318143260902,265924246,berbatow,509663,Special Events,542,2026-07-30T13:11:34Z,de,"['English', 'Deutsch', 'drops', 'EWC', 'EWC2026', 'DropsAktiviert']",2026-07-30,23-00-12,Thursday
317360635620,140935328,lilithomen,491487,Dead by Daylight,540,2026-07-30T12:55:03Z,en,"['Englísh', 'Horror', 'Blight', 'funny', 'Blight', 'deadbbydaylight', 'English', 'TwitchFrightFest', 'DropsEnabled']",2026-07-30,23-00-12,Thursday
317360361060,113140725,maurogarih,21779,League of Legends,540,2026-07-30T12:11:30Z,es,['Español'],2026-07-30,23-00-12,Thursday
317934114791,522200939,rubaz,509672,IRL,539,2026-07-30T12:32:08Z,de,"['German', 'IRL', 'Deutsch', 'Deutschland', 'Germany']",2026-07-30,23-00-12,Thursday
317375680995,38822100,titavion,266814756,Genma Onimusha,539,2026-07-30T11:52:13Z,fr,"['Français', 'Vieux']",2026-07-30,23-00-12,Thursday
317359401060,1193091266,otp,515025,Overwatch,539,2026-07-30T09:11:33Z,fr,"['Français', 'OTP', 'EWC', 'DropsActivés']",2026-07-30,23-00-12,Thursday
317337041762,422770569,nakoo_fn,33214,Fortnite,538,2026-07-30T15:45:09Z,es,"['Español', 'DropsActivados']",2026-07-30,23-00-12,Thursday
318077812709,126324637,maty,31339,Project Zomboid,537,2026-07-30T14:01:53Z,de,['Deutsch'],2026-07-30,23-00-12,Thursday
317935415271,71324604,dkfogas1,29595,Dota 2,537,2026-07-30T14:57:19Z,ru,['Русский'],2026-07-30,23-00-12,Thursday
318076778725,115148629,zsombey,510389,Shakes and Fidget,537,2026-07-30T12:00:30Z,hu,"['Magyar', 'DropokEngedélyezve']",2026-07-30,23-00-12,Thursday
316239181041,226535110,ukyochi_jp,263490,Rust,535,2026-07-30T11:46:31Z,ja,"['日本語', 'Vtuber', 'Drops有効']",2026-07-30,23-00-12,Thursday
318076274405,48377265,sturmwaffel,509667,Food & Drink,535,2026-07-30T10:51:19Z,de,"['pokemon', 'Deutsch']",2026-07-30,23-00-12,Thursday
316529823957,1445559276,yandex,509672,IRL,535,2026-07-30T14:10:35Z,ru,"['Русский', 'future', 'IT', 'Yandex', 'yandexteam', 'IRL', 'курьер', 'курьердоставка', 'курьеряндекс', 'курьерьство']",2026-07-30,23-00-12,Thursday
317933430119,35866558,azzapp,21779,League of Legends,534,2026-07-30T11:01:09Z,en,"['English', 'zapzap', 'neverff', 'velkoz', 'Challenger', 'ChallengeRuns', 'CANWIN', '0deaths', 'NoBackseating', 'slaythespire2']",2026-07-30,23-00-12,Thursday
316303721715,1039065111,6bet_live,488190,Poker,534,2026-07-30T11:32:17Z,zh,['中文'],2026-07-30,23-00-12,Thursday
315816994257,113058762,misspolaroid,21779,League of Legends,533,2026-07-30T08:18:35Z,es,"['Español', 'English', 'IRL', 'leagueoflegends', 'girl', 'game']",2026-07-30,23-00-12,Thursday
318133904614,121143935,axxin_live,27471,Minecraft,533,2026-07-29T15:06:00Z,de,"['Deutsch', 'minecraft', 'minecraftserver', 'Community', 'HugoSMP', 'hugpsmp']",2026-07-30,23-00-12,Thursday
317361953764,123341090,wazz,33214,Fortnite,532,2026-07-30T15:52:30Z,fr,"['Français', 'DropsActivés']",2026-07-30,23-00-12,Thursday
316559128022,42206347,dzukill,21779,League of Legends,532,2026-07-30T13:04:38Z,en,['English'],2026-07-30,23-00-12,Thursday
317361485668,983363590,influsytzy,32982,Grand Theft Auto V,528,2026-07-30T14:53:51Z,ru,"['Русский', 'gta']",2026-07-30,23-00-12,Thursday
316239429745,646799740,barukodayo,32982,Grand Theft Auto V,527,2026-07-30T12:29:40Z,ja,"['ストグラ', 'GTAⅤ', '山田パルコ', 'うさぎさん', 'RP', '日本語', 'TRPG', '歌枠', '雑談', 'PR']",2026-07-30,23-00-12,Thursday
318143414758,62603776,cyganzor,27546,World of Tanks,527,2026-07-30T13:30:12Z,pl,"['Polski', 'Polish', 'wot', 'WorldofTanks', 'Dropy']",2026-07-30,23-00-12,Thursday
316601340756,462495003,kasiababis,509658,Just Chatting,526,2026-07-30T15:52:02Z,pl,['Polski'],2026-07-30,23-00-12,Thursday
318141916262,120079562,dinossindgeil,1122982998,Dark Souls: Remastered,525,2026-07-30T10:11:13Z,en,"['NoHit', 'English', 'Speedrun', 'eldenring', 'Marathon', 'german', 'eldenring']",2026-07-30,23-00-12,Thursday
317931972199,212684428,shyraa,21779,League of Legends,523,2026-07-30T07:21:18Z,de,"['Deutsch', 'katarina', 'akali', 'zed', 'leagueoflegends', 'master', 'DropsAktiviert']",2026-07-30,23-00-12,Thursday
316529937109,68266211,whaazz,18122,World of Warcraft,523,2026-07-30T14:28:14Z,en,"['PvP', 'Arena', 'Rogue', 'Warrior', 'Monk', 'Druid', 'English', 'DemonHunter', 'Evoker']",2026-07-30,23-00-12,Thursday
318078028261,48481281,blindermine,29307,Path of Exile,522,2026-07-30T14:25:23Z,ru,"['Русский', 'ХК', 'хкссф', 'владос', 'горностай', 'DropsВключены']",2026-07-30,23-00-12,Thursday
318665757399,9092112,feliciaday,499973,Always On,522,2026-07-30T15:27:07Z,en,"['English', 'coop', 'Farming', 'fantasy', 'TV', 'feliciaday', 'supernatural', 'Guild', 'actor', 'farming']",2026-07-30,23-00-12,Thursday
318580913781,748361965,ziriguidum777,29452,Virtual Casino,521,2026-07-30T15:42:43Z,pt,['Português'],2026-07-30,23-00-12,Thursday
318644788724,51633358,kennzy,21779,League of Legends,521,2026-07-30T13:07:15Z,pt,"['Português', 'DropsAtivados']",2026-07-30,23-00-12,Thursday
316600632404,30175806,vetal_911,27284,Retro,521,2026-07-30T14:11:35Z,ru,['Русский'],2026-07-30,23-00-12,Thursday
316529720405,505730173,excsise,32982,Grand Theft Auto V,521,2026-07-30T13:54:28Z,ru,"['Россия', 'Русский']",2026-07-30,23-00-12,Thursday
318078613221,27639667,laranity,19357,Guild Wars 2,520,2026-07-30T15:25:01Z,en,['English'],2026-07-30,23-00-12,Thursday
315993230444,481810250,lina_meow_girl,509658,Just Chatting,520,2026-07-30T14:15:17Z,ru,"['Русский', 'ИщуПапика', 'играюсозритилями', 'красотка', 'женщинастример', 'Косплей', 'косплеерша']",2026-07-30,23-00-12,Thursday
317375764707,49251436,16_peter,624536948,EA Sports FC 26,520,2026-07-30T12:04:28Z,pt,"['Português', 'eafc26', 'futebol', 'apostas', 'fifa26', 'fifa', 'brasil', 'pro', 'packs', 'packopening']",2026-07-30,23-00-12,Thursday
317361176164,879861299,valorant_es,516575,VALORANT,520,2026-07-30T14:10:33Z,es,['Español'],2026-07-30,23-00-12,Thursday
317117485303,67650991,realkraftyy,491931,Escape from Tarkov,519,2026-07-30T13:47:55Z,en,"['English', 'ExtractionShooter', 'MEN']",2026-07-30,23-00-12,Thursday
318645256308,276285923,gzk_tips,29452,Virtual Casino,518,2026-07-30T15:10:35Z,en,['English'],2026-07-30,23-00-12,Thursday
319604507742,507845042,airiesummer,1036710512,Palworld,517,2026-07-30T13:40:00Z,en,"['ally', 'asian', 'charity', 'indie', 'mentalhealth', 'mindfulness', 'relaxing', 'togetherforgood', 'variety', 'wholesome']",2026-07-30,23-00-12,Thursday
317935757031,71336,robbaz,31339,Project Zomboid,514,2026-07-30T15:30:54Z,en,['English'],2026-07-30,23-00-12,Thursday
316559526870,41472664,beowulf422,1393304883,Mir Tankov,514,2026-07-30T14:09:31Z,ru,"['БИБА', 'БЕОВУЛЬФ', 'Русский', 'танки', 'миртанков', 'ДропсыВключены', 'DropsВключены']",2026-07-30,23-00-12,Thursday
319604093790,63631403,sayfasi,461221,MARVEL Contest of Champions,513,2026-07-30T12:25:58Z,en,"['CCP', 'towers', 'battlegrounds', 'English', 'DropsEnabled']",2026-07-30,23-00-12,Thursday
315918331498,938216791,k9kuro,509658,Just Chatting,511,2026-07-30T09:00:47Z,en,"['ADHD', 'Filipino', 'Furry', 'British', 'Vtuber', 'femboy', 'GayPup', 'emo', 'English', 'Brony']",2026-07-30,23-00-12,Thursday
316022189933,254907342,ott4,499634,Crypto,511,2026-07-30T11:25:16Z,en,['English'],2026-07-30,23-00-12,Thursday
317116980599,190399133,czanee,386821,Black Desert,510,2026-07-30T10:16:35Z,en,"['English', 'DropEnabled', 'IYELLALOT', 'silly', 'wacky', 'goofy', 'LyingEncouraged', 'DropsEnabled']",2026-07-30,23-00-12,Thursday
316600418772,36912126,gluhammer,1426873999,Heroes of Might & Magic: Olden Era,510,2026-07-30T13:38:09Z,pl,['Polski'],2026-07-30,23-00-12,Thursday
317934360039,102124149,lollinoba,93798731,F1 25,508,2026-07-30T13:00:46Z,it,"['F1', 'Formula1', 'f126', 'F1GAME', 'Italiano', 'f1dlc', 'motorsport', 'simracing', 'F1Italia']",2026-07-30,23-00-12,Thursday
320597098969,166901339,sparkles_qt,33214,Fortnite,508,2026-07-30T14:47:48Z,en,"['English', 'HeadphoneWarning', 'Fortnite', 'ScreamQueen', 'LoudAF', 'BestMods', '100thieves', 'DropsEnabled']",2026-07-30,23-00-12,Thursday
316527946197,852309767,straminskiy,29595,Dota 2,508,2026-07-30T08:54:38Z,ru,"['Chıll', 'dota2', 'bets', 'PGL', 'Русский', 'Russia', 'dota', 'cs', 'CS2']",2026-07-30,23-00-12,Thursday
315862587475,199584859,casson,518184,Phasmophobia,508,2026-07-30T15:01:01Z,en,"['British', 'English', 'chatting', 'horrorgames']",2026-07-30,23-00-12,Thursday
316247684338,651640541,boiraischerry,32982,Grand Theft Auto V,507,2026-07-30T11:32:21Z,ja,"['日本語', '父ノ背中', 'ボイラ', 'BOIRA', 'ストグラ']",2026-07-30,23-00-12,Thursday
318077290085,249877505,rxiirl,30921,Rocket League,506,2026-07-30T13:02:50Z,es,"['Español', 'English', 'ViewerParty', 'rlcs', 'major', 'rocketleague', 'pro', 'RLCS2026']",2026-07-30,23-00-12,Thursday
319605302878,50435789,halfmoonjoe,14578,Nancy Drew: Secret of the Old Clock,506,2026-07-30T15:32:07Z,en,"['English', 'vibes', 'chill', 'gay', 'LGBTQIAplus', 'wyzant', 'sponsored']",2026-07-30,23-00-12,Thursday
317376548835,158104981,furgoth,1913410799,Total War: WARHAMMER III,503,2026-07-30T13:58:25Z,fr,['Français'],2026-07-30,23-00-12,Thursday
320596020825,531602803,therealkyzen,1264310518,Marvel Rivals,502,2026-07-30T12:02:12Z,en,"['english', 'ADHD', 'loud', 'English', 'DropsEnabled']",2026-07-30,23-00-12,Thursday
317374705635,59503890,super_bulle,852009328,Mistfall Hunter,499,2026-07-30T08:31:22Z,fr,"['ModeDifficile', 'PC', 'PS5', 'horreur', 'Roguelike', 'soulslike', 'VersusFighting', 'Français', 'DropsActivés']",2026-07-30,23-00-12,Thursday
319668530012,863851247,widega_,459931,Old School RuneScape,499,2026-07-30T14:27:07Z,en,"['English', 'wuh', 'moo', 'evil', 'evil2', 'evil4', 'evil8', 'evil256', 'evil512', 'moo2147483647']",2026-07-30,23-00-12,Thursday
317916669799,80629581,deemonrider,329951934,Pokémon Community Game,496,2026-07-28T18:17:32Z,en,"['Chatting', 'English']",2026-07-30,23-00-12,Thursday
320654155482,43494917,knut,509658,Just Chatting,495,2026-07-30T13:38:00Z,en,"['English', 'IRL', 'AustinTX', 'fitness', 'food', 'Texas', 'IronForge', 'Outdoors', 'cars']",2026-07-30,23-00-12,Thursday
315862208467,41627022,joefudge,31339,Project Zomboid,495,2026-07-30T12:58:47Z,en,"['FiveM', 'roleplay', 'vin', 'dnd', 'English']",2026-07-30,23-00-12,Thursday
319667157596,30227322,solorenektononly,21779,League of Legends,494,2026-07-30T11:00:18Z,en,"['Bald', 'GoblinMode', 'TopLane', 'English', 'top', 'renekton']",2026-07-30,23-00-12,Thursday
317935394535,133953775,onkel_jacek,509658,Just Chatting,493,2026-07-30T14:55:18Z,de,['Deutsch'],2026-07-30,23-00-12,Thursday
317375748323,123293742,dankol83,509658,Just Chatting,493,2026-07-30T12:01:53Z,it,"['Italiano', 'ridere', 'giochi', 'VETRINA', 'English', 'inter', 'calcio', 'cucina', 'cinema']",2026-07-30,23-00-12,Thursday
317359917668,25722719,dakillzor,898206463,Baby Steps,493,2026-07-30T10:56:51Z,en,['English'],2026-07-30,23-00-12,Thursday
320596529753,160010466,elly,386821,Black Desert,493,2026-07-30T13:30:04Z,en,"['English', 'elly', 'Vtuber', 'spanish', 'México', 'WordOfTheDay', 'Comedy', 'DropsEnabled']",2026-07-30,23-00-12,Thursday
315898324457,147426281,yousayix,489543,MARVEL Future Fight,492,2026-07-30T14:33:03Z,th,"['คุยสบาย', 'ไทย', 'ภาษาไทย', 'เล่นกับเพื่อน', 'Thai', 'SpoilersNotAllowed']",2026-07-30,23-00-12,Thursday
317335869282,55434616,krayn_live,969585796,Archon Soul,492,2026-07-30T13:08:34Z,fr,"['Français', 'gaming']",2026-07-30,23-00-12,Thursday
316601001044,239153091,qakasha,29595,Dota 2,492,2026-07-30T15:06:18Z,ru,"['Русский', 'English', 'solomid', 'mid', 'zxc', 'sf', 'LUDKA', 'akasha', '1x1']",2026-07-30,23-00-12,Thursday
318580002037,186079171,lulavlr,516575,VALORANT,492,2026-07-30T11:12:18Z,pt,"['Português', 'valorant', 'chamber', 'TryhardGameplay']",2026-07-30,23-00-12,Thursday
317935071463,139078933,xopxsam,491168,Clash Royale,492,2026-07-30T14:20:09Z,de,"['Deutsch', 'DropsAktiviert']",2026-07-30,23-00-12,Thursday
318579867637,860305880,patoalbion,417528,Albion Online,492,2026-07-30T09:59:07Z,pt,"['Português', 'MMORPG', 'conversa', 'drops', 'English', 'Español', 'DropsAtivados']",2026-07-30,23-00-12,Thursday
316556651990,9528182,chilledchaos,499973,Always On,492,2026-07-30T04:06:18Z,en,"['English', 'ItalianSafeSpace', 'ChilledChaos', 'LyingEncouraged', 'seventeencarat', 'AmongUs', 'Multiplayer']",2026-07-30,23-00-12,Thursday
317360980708,93740128,beyaz,516575,VALORANT,491,2026-07-30T13:43:54Z,fr,"['Français', 'DropsActivés']",2026-07-30,23-00-12,Thursday
319732513504,106008951,saltydolphin,13332,Pokémon FireRed/LeafGreen,491,2026-07-30T15:31:03Z,en,"['English', 'Pokemon', 'ironMON', 'Horseexpert', 'VGC', 'Humble', 'kaizoironmon', 'Pokemonchampions', 'Superkaizo']",2026-07-30,23-00-12,Thursday
318077166053,118263259,cemka,1435206302,Slay the Spire II,491,2026-07-30T12:48:46Z,ru,"['Русский', 'Україна', 'VarietyGaming', 'Chıll', 'Anime']",2026-07-30,23-00-12,Thursday
318665801175,30872667,hanariv3v,116747788,"Pools, Hot Tubs, and Beaches",489,2026-07-30T15:34:52Z,zh,['中文'],2026-07-30,23-00-12,Thursday
316238459121,489485041,ayabdch,386821,Black Desert,488,2026-07-30T08:23:11Z,ja,"['雑談', 'おっさん配信者', '日本語', 'ENGsub', 'Drops有効']",2026-07-30,23-00-12,Thursday
315817750353,161002038,eeowna,1099705332,Tomodachi Life: Living the Dream,488,2026-07-30T13:04:18Z,en,['English'],2026-07-30,23-00-12,Thursday
319603736798,136981884,codey,2009321156,Dark and Darker,488,2026-07-30T11:00:10Z,en,"['English', 'DropsEnabled']",2026-07-30,23-00-12,Thursday
315857569640,110434945,stal,2105229629,Xenoblade Chronicles 2: Nintendo Switch 2 Edition,488,2026-07-30T12:00:37Z,en,"['Singapore', 'Malaysia', 'VTuber', 'English', '中文', 'Comfy', 'Chinese']",2026-07-30,23-00-12,Thursday
316304179955,42746939,fege0128,509658,Just Chatting,487,2026-07-30T12:55:05Z,zh,['中文'],2026-07-30,23-00-12,Thursday
318664905687,20694610,towelliee,24241,FINAL FANTASY XIV ONLINE,487,2026-07-30T11:51:10Z,en,"['tank', 'worldofwarcraft', 'entertainment', 'English', 'MMORPG', 'midnight', 'classicplus', 'wowmidnight', 'FFXIV', 'DropsEnabled']",2026-07-30,23-00-12,Thursday
315814023889,1117146806,ohneveltrix,32399,Counter-Strike,486,2026-07-29T14:37:03Z,it,"['Vtuber', 'gamer', 'BlackStreamer', 'English', 'Austrailan', 'Australia', 'Italiano']",2026-07-30,23-00-12,Thursday
320654385242,65995830,isiinggunz,19976,MapleStory,486,2026-07-30T14:12:13Z,en,"['rn', 'LaTale', 'English']",2026-07-30,23-00-12,Thursday
318078495461,163480918,stan616,27471,Minecraft,484,2026-07-30T15:13:34Z,en,"['English', 'chef', 'insanebuilder', 'amazing', 'goodlooking', 'sofunny', 'Gifted', 'prodigy', 'smart', 'humble']",2026-07-30,23-00-12,Thursday
318142959206,52744330,eugengen,417528,Albion Online,483,2026-07-30T12:35:20Z,en,"['English', 'DropsEnabled']",2026-07-30,23-00-12,Thursday
318140686438,411386930,paak_hc,29307,Path of Exile,483,2026-07-30T06:26:34Z,en,"['TUNES', 'English', 'PathOfExile', 'DropsEnabled']",2026-07-30,23-00-12,Thursday
315361766254,139417491,woojungx4,509658,Just Chatting,483,2026-07-29T15:15:13Z,ko,"['한국어', 'eng', 'english', 'dance', 'kpop']",2026-07-30,23-00-12,Thursday
317361327332,702566790,valorant_emea2,516575,VALORANT,482,2026-07-30T14:32:30Z,en,"['English', 'Esports', 'valorant', 'VCT', 'VALORANTEurope', 'VCTEMEA', 'GameChangers', 'GameChangersEMEA']",2026-07-30,23-00-12,Thursday
319605194078,456577681,xthefarmerx,29307,Path of Exile,482,2026-07-30T15:17:08Z,en,"['English', 'Bat', 'degeneracy', 'PoE', 'DropsEnabled']",2026-07-30,23-00-12,Thursday
318580247541,1078936961,thaytg,29452,Virtual Casino,482,2026-07-30T12:48:21Z,pt,"['Português', 'slots']",2026-07-30,23-00-12,Thursday
315982617067,845665382,wajeeho3,509658,Just Chatting,482,2026-07-30T14:39:15Z,ar,"['أنمي', 'أنميات', 'رياكشن', 'Anime', 'Watch', 'مانجا', 'مانقا', 'مارفل', 'marvel', 'العربية']",2026-07-30,23-00-12,Thursday
317359861604,38284441,sakor_,21779,League of Legends,481,2026-07-30T10:46:03Z,fr,"['Français', 'Solary', 'Esport', 'Gaming', 'multigaming', 'goat', 'mageblanc', 'jeuxvidéo', 'DropsActivés']",2026-07-30,23-00-12,Thursday
318077827941,693368333,billybella_,569194045,Supermarket Chaos,480,2026-07-30T14:03:20Z,it,['Italiano'],2026-07-30,23-00-12,Thursday
316304018419,127357428,mrlo_tw,26881,Grim Dawn,480,2026-07-30T12:25:18Z,zh,"['中文', '惡人谷']",2026-07-30,23-00-12,Thursday
315857973736,130176664,aplus0v0,1282866981,Delta Force,479,2026-07-30T13:39:26Z,zh,"['中文', '燕雲十六聲', 'wherewindsmeet', 'WWMOnMobile']",2026-07-30,23-00-12,Thursday
319668353884,51858842,andymilonakis,498566,Slots,479,2026-07-30T14:05:09Z,en,"['English', 'Greece', 'IRL', 'Travel', 'retro', 'switch2', 'slots']",2026-07-30,23-00-12,Thursday
316559343190,108010031,likainenharritv,509672,IRL,479,2026-07-30T13:41:27Z,fi,"['Suomi', 'IRL', 'Dysfasia', 'English', 'Lapland', 'gamer', 'Finland', 'laavu', 'summer', 'magnetfishing']",2026-07-30,23-00-12,Thursday
317921740391,30685577,bsgmarathon,509658,Just Chatting,479,2026-07-29T08:21:42Z,en,"['Speedrun', 'Fundraising', 'MIND', 'English', 'ChallengeRun', 'CharityStream', 'CharityFundraiser', 'Marathon', 'CharityEvent']",2026-07-30,23-00-12,Thursday
318142396134,561546963,ablkz,2132205352,Deadlock,477,2026-07-30T11:20:57Z,ru,"['Русский', 'Kazakhstan', 'kazakh', 'English', 'Shiv', 'yamato', 'pocket']",2026-07-30,23-00-12,Thursday
316239135857,865792830,kentsumeshi_heyoo,32982,Grand Theft Auto V,477,2026-07-30T11:36:35Z,ja,"['雑談', 'クラロワ', '日本語', 'ストグラ', '飯田けんつ', 'けんつめし']",2026-07-30,23-00-12,Thursday
316528765269,884768259,kairos_rev_,509658,Just Chatting,476,2026-07-30T11:20:50Z,en,"['politics', 'leftist', 'brasileiro', 'portuguese', 'educational', 'history', 'news', 'English', 'Philosophy', 'kaicenat']",2026-07-30,23-00-12,Thursday
317360500068,99340315,gautslayer,71375,Star Citizen,476,2026-07-30T12:33:52Z,fr,"['Français', 'DropsActivés']",2026-07-30,23-00-12,Thursday
316601192660,65360359,passatigy,852009328,Mistfall Hunter,475,2026-07-30T15:30:53Z,ru,"['Пасатиж', 'Конкурс', 'Русский', 'wowhardcore', 'розыгрыш', 'общение', 'Аниме', 'drops', 'DropsВключены']",2026-07-30,23-00-12,Thursday
316559291862,949683906,meitneri109,516866,Stalzone,475,2026-07-30T13:32:46Z,ru,"['Русский', 'Meitneri', 'Stalcraft', 'stalcraftx', 'сталкрафт', 'общениесчатом', 'выживание', 'stalzone', 'сталзон']",2026-07-30,23-00-12,Thursday
315919444970,1348007437,koyuki_teraz,1282866981,Delta Force,475,2026-07-30T13:58:39Z,zh,['中文'],2026-07-30,23-00-12,Thursday
319667681500,75975979,amazonian,2748,Magic: The Gathering,475,2026-07-30T12:34:51Z,en,"['LGBTQIAPlus', 'English', 'Casual', 'TCG', 'TradingCardGames', 'Chill', 'Transformers', 'PositiveVibes', 'cat', 'Boston']",2026-07-30,23-00-12,Thursday
316529014613,267365594,surafps,401587136,Arena Breakout: Infinite,472,2026-07-30T12:02:53Z,en,"['English', 'Guides', 'solo', 'Tutorial', 'DropsEnabled']",2026-07-30,23-00-12,Thursday
318143391718,114562757,tim_latka,624536948,EA Sports FC 26,470,2026-07-30T13:27:33Z,de,"['TimLatka', 'Laddi', 'FUT', 'Deutsch', 'EAFC', '1440p', 'FC26', 'FIFA', 'EAFC26']",2026-07-30,23-00-12,Thursday
316598820180,19734320,kochevnik,515214,Politics,470,2026-07-30T09:06:29Z,ru,['Русский'],2026-07-30,23-00-12,Thursday
315897575529,84042516,babybaby1111,513143,Teamfight Tactics,470,2026-07-30T11:22:31Z,zh,"['認真工作的人', '中文']",2026-07-30,23-00-12,Thursday
320646224602,431470138,dezignful,852009328,Mistfall Hunter,469,2026-07-30T01:29:01Z,en,"['English', 'DropsEnabled']",2026-07-30,23-00-12,Thursday
318665259863,103262684,jasonr,32399,Counter-Strike,468,2026-07-30T13:33:03Z,en,['English'],2026-07-30,23-00-12,Thursday
315816654801,1496786776,vantixtwitchtv,852009328,Mistfall Hunter,468,2026-07-30T05:08:14Z,en,"['English', 'RPG', 'MMO', 'BackseatGamingAllowed', 'VA', 'UK', 'farever', 'DropsEnabled']",2026-07-30,23-00-12,Thursday
315818199761,477345170,letrows,209738946,Wuthering Waves,468,2026-07-30T15:30:03Z,es,"['Español', 'DropsActivados']",2026-07-30,23-00-12,Thursday
316247226738,836587213,crtopioxd,263490,Rust,467,2026-07-30T09:31:12Z,ja,"['CR', '日本語', '顔出し配信', 'fps', '寝起き', 'ストグラ', 'Drops有効']",2026-07-30,23-00-12,Thursday
317336255074,144395004,linca,745589378,Balatro,466,2026-07-30T14:02:26Z,fr,['Français'],2026-07-30,23-00-12,Thursday
316240091249,35876178,deerbb,509658,Just Chatting,466,2026-07-30T14:40:38Z,zh,['中文'],2026-07-30,23-00-12,Thursday
320653760346,269140208,tttcheekyttt,511224,Apex Legends,466,2026-07-30T12:29:41Z,ja,"['日本語', 'English', 'Drops有効']",2026-07-30,23-00-12,Thursday
318067482981,920383281,slimetvw,32399,Counter-Strike,465,2026-07-29T14:37:02Z,it,"['English', 'Italy', 'Italiano']",2026-07-30,23-00-12,Thursday
315817762257,104659233,fifakillvizualz,512710,Call of Duty: Warzone,464,2026-07-30T13:07:18Z,en,['English'],2026-07-30,23-00-12,Thursday
315861728211,195846883,emaiza,500188,Hunt: Showdown 1896,464,2026-07-30T09:57:15Z,en,"['woman', 'horror', 'poop', 'random', 'Hunt', 'Burps', 'NoBackseating', 'English', 'Dane', 'DropsEnabled']",2026-07-30,23-00-12,Thursday
319604560478,165817021,lexy,2065661433,A Date with Death 2: REMNANTS,463,2026-07-30T13:48:23Z,en,"['English', 'feet', 'LeonKennedysWife', 'TeamCharlieSwan', 'SugarDaddiesWelcome', 'DropsEnabled']",2026-07-30,23-00-12,Thursday
316557784918,59829074,deerkufa,509658,Just Chatting,463,2026-07-30T09:19:11Z,ru,['Русский'],2026-07-30,23-00-12,Thursday
315818091601,25664179,ubernick,796500915,Halo: Campaign Evolved,463,2026-07-30T14:57:52Z,en,"['English', 'gaming', 'DropsEnabled']",2026-07-30,23-00-12,Thursday
318143437670,36513760,riotgamesturkish,21779,League of Legends,462,2026-07-30T13:32:20Z,tr,"['Türkçe', 'TCL', 'lol', 'leagueoflegends', 'ŞampiyonlukLigi']",2026-07-30,23-00-12,Thursday
317334614882,99121518,torro,852009328,Mistfall Hunter,462,2026-07-30T09:26:54Z,de,"['Deutsch', 'DropsAktiviert']",2026-07-30,23-00-12,Thursday
317934833383,120221137,wase,32399,Counter-Strike,461,2026-07-30T13:56:30Z,de,"['Deutsch', 'Roleplay', 'Abenteuer', 'Hardcore']",2026-07-30,23-00-12,Thursday
318142954982,128009669,ten49de,500188,Hunt: Showdown 1896,461,2026-07-30T12:34:58Z,de,"['Shooter', 'Ten49', 'huntshowdown', 'deutsch', 'german', 'turnier', 'drops', 'giveaway', 'Deutsch', 'crytekPartner']",2026-07-30,23-00-12,Thursday
319730601184,81958531,derek_macintyre,130942,Factorio,461,2026-07-30T09:19:17Z,en,"['English', 'Canadian', 'Speedrunner', 'WorldRecordHolder', 'Talkative', 'Yapper', 'FashionAdvice', 'JeansFreeZone']",2026-07-30,23-00-12,Thursday
316559815382,684506925,vlovevs,509658,Just Chatting,460,2026-07-30T14:54:42Z,ru,"['Русский', '192', 'English']",2026-07-30,23-00-12,Thursday
319667880924,20685658,forcegaming,852009328,Mistfall Hunter,460,2026-07-30T13:03:37Z,en,"['English', 'DropsEnabled']",2026-07-30,23-00-12,Thursday
317117660279,95416766,frostprime,1435206302,Slay the Spire II,460,2026-07-30T14:55:02Z,en,"['English', 'ProtectTheDolls', 'PoliticsAllowed', 'CouchEnthusiast', 'BTierStreamer', 'MiddleClassStreamer', 'EVILTransTuesday', 'British', 'GodGamer', 'LurkerDestroyer']",2026-07-30,23-00-12,Thursday
317360417508,644407342,yaniss_enmieux,509658,Just Chatting,460,2026-07-30T12:20:49Z,fr,['Français'],2026-07-30,23-00-12,Thursday
316530449493,180114226,ranga,493057,PUBG: BATTLEGROUNDS,459,2026-07-30T15:39:51Z,ru,['Русский'],2026-07-30,23-00-12,Thursday
317935855719,81579353,royalistiq,509672,IRL,459,2026-07-30T15:40:29Z,nl,['Nederlands'],2026-07-30,23-00-12,Thursday
316239891057,28351364,loui5ng,709941216,Endacopia,459,2026-07-30T13:54:38Z,zh-hk,['粵語'],2026-07-30,23-00-12,Thursday
317335712994,44806759,lapi,852009328,Mistfall Hunter,458,2026-07-30T12:46:26Z,fr,"['Français', 'DropsActivés']",2026-07-30,23-00-12,Thursday
317336699362,17308628,willyrex,27471,Minecraft,458,2026-07-30T15:00:18Z,es,['Español'],2026-07-30,23-00-12,Thursday
315817413969,435565884,virtualgemma,1264310518,Marvel Rivals,458,2026-07-30T11:05:10Z,en,"['gaming', 'goodvibes', 'chill', 'Cozy', 'English', 'Ranked', 'Competitive', 'viral', 'marvelrivals', 'DropsEnabled']",2026-07-30,23-00-12,Thursday
319604762078,73169370,kingtreytv,499634,Crypto,456,2026-07-30T14:16:02Z,en,"['English', 'memecoins', 'memecointrading', 'solana']",2026-07-30,23-00-12,Thursday
318077274085,407348709,iamtabaktv,518203,Sports,455,2026-07-30T13:01:08Z,de,['Deutsch'],2026-07-30,23-00-12,Thursday
315856750568,504357792,juwu,1036710512,Palworld,455,2026-07-30T08:06:02Z,en,"['Vtuber', 'English', 'NZ', 'NewZealand', 'art', 'DigitalArt', 'Comfy']",2026-07-30,23-00-12,Thursday
318077747045,49035758,jimmyboyyy,6855,Paper Mario: The Thousand-Year Door,454,2026-07-30T13:55:39Z,fr,"['Français', 'JimmyBoy', 'chill', 'Luiji', 'aigri', 'Plaisir']",2026-07-30,23-00-12,Thursday
316600187476,141412854,buichka,32399,Counter-Strike,454,2026-07-30T12:59:39Z,ru,['Русский'],2026-07-30,23-00-12,Thursday
317933857255,159717345,suliadh,509660,Art,453,2026-07-30T11:59:20Z,en,"['Vtuber', 'LGBTQ', 'DigitalArt', 'English', 'chill', 'ASMR', 'music', 'ADHD', 'Italy']",2026-07-30,23-00-12,Thursday
316529955029,140950685,mellchansky,32982,Grand Theft Auto V,453,2026-07-30T14:30:32Z,ru,['Русский'],2026-07-30,23-00-12,Thursday
317935861479,491184726,jvkson,32982,Grand Theft Auto V,453,2026-07-30T15:41:00Z,de,['Deutsch'],2026-07-30,23-00-12,Thursday
316530015061,136345503,auteru,509658,Just Chatting,452,2026-07-30T14:39:17Z,en,"['English', 'GIGACHAD', 'Vtuber', 'Tomboy', 'Bird', 'cockatiel', 'subathon', 'girl', 'Pog', 'girl']",2026-07-30,23-00-12,Thursday
318141130854,529717118,martynkalandrynka,32399,Counter-Strike,452,2026-07-30T08:00:16Z,pl,['Polski'],2026-07-30,23-00-12,Thursday
316559431638,506509388,lesin,32399,Counter-Strike,452,2026-07-30T13:56:08Z,ru,"['шутеры', 'кс', 'докторливси', 'общение', 'докторлесин', 'Русский', 'lesin', 'Лесин', 'drlesin', 'мидас']",2026-07-30,23-00-12,Thursday
315817789137,142483931,jhinxx,31339,Project Zomboid,451,2026-07-30T13:16:07Z,en,"['English', 'Vtuber']",2026-07-30,23-00-12,Thursday
317334400994,29283977,icekei,18122,World of Warcraft,451,2026-07-30T08:31:20Z,fr,['Français'],2026-07-30,23-00-12,Thursday
316559227734,235644046,wildanimalhs,138585,Hearthstone,450,2026-07-30T13:20:29Z,ru,['Русский'],2026-07-30,23-00-12,Thursday
317117891063,198182340,mrsavage,33214,Fortnite,450,2026-07-30T15:57:33Z,en,"['english', 'pc', 'gaming', 'fortnite', 'English']",2026-07-30,23-00-12,Thursday
315861541459,41126414,ollybot,491487,Dead by Daylight,449,2026-07-30T08:44:06Z,en,"['highmmr', 'comedy', 'GIGACHAD', 'English', 'xdd', 'F1', 'survivor', 'buh', 'Yapper', 'DropsEnabled']",2026-07-30,23-00-12,Thursday
318644279668,105007799,artilh3iro,19619,Tibia,448,2026-07-30T09:47:56Z,pt,"['Português', 'PXGTibia', 'EXQUECE', 'monohunt', 'pxg']",2026-07-30,23-00-12,Thursday
317934201959,115395498,attix,516575,VALORANT,447,2026-07-30T12:42:10Z,de,['Deutsch'],2026-07-30,23-00-12,Thursday
319601085150,140652877,captaincoach,1264310518,Marvel Rivals,447,2026-07-30T03:27:53Z,en,"['English', 'DropsEnabled']",2026-07-30,23-00-12,Thursday
320654325338,119981767,shobek,24241,FINAL FANTASY XIV ONLINE,447,2026-07-30T14:03:48Z,en,"['MMORPG', 'English', 'MMO', 'ADHDStreamer', 'adhd', 'ADHDfriendly', 'worldofwarcraft', 'wow', 'DropsEnabled']",2026-07-30,23-00-12,Thursday
318144103270,600111672,melapustelnik,509658,Just Chatting,446,2026-07-30T14:47:12Z,pl,"['dziewczyna', 'Polska', 'egirl', 'goodvibes', 'Polski']",2026-07-30,23-00-12,Thursday
318580153589,39711157,stolenbr,512710,Call of Duty: Warzone,446,2026-07-30T12:14:06Z,pt,"['Português', 'warzone', 'callofduty', 'fps', 'stolen', 'battleroyale', 'cod', 'ranked', 'campeonato', 'DropsAtivados']",2026-07-30,23-00-12,Thursday
318078260581,1014769418,keinsehrstarkerspieler,743,Chess,445,2026-07-30T14:50:08Z,de,['Deutsch'],2026-07-30,23-00-12,Thursday
318142613734,102440358,arcadebulls,2121806469,S.T.A.L.K.E.R. G.A.M.M.A.,445,2026-07-30T11:52:22Z,cs,"['Čeština', 'English', 'Community']",2026-07-30,23-00-12,Thursday
316600457684,133208673,redpandash,32982,Grand Theft Auto V,444,2026-07-30T13:45:20Z,ru,"['Русский', 'PvP', 'вайбик', 'разговор']",2026-07-30,23-00-12,Thursday
316527005653,30381987,ettnix,852009328,Mistfall Hunter,444,2026-07-30T04:33:42Z,en,"['English', 'Sverige', 'Svenska', 'battleroyale', 'DropsEnabled']",2026-07-30,23-00-12,Thursday
318078331237,39661750,tensterakdary,852009328,Mistfall Hunter,443,2026-07-30T14:58:14Z,cs,"['Čeština', 'English', 'PovolenéDrops']",2026-07-30,23-00-12,Thursday
317376400483,63420921,maxgamingfps,27546,World of Tanks,442,2026-07-30T13:37:16Z,en,"['English', 'EU', 'E']",2026-07-30,23-00-12,Thursday
317360269412,109238899,srlenny,852009328,Mistfall Hunter,441,2026-07-30T11:58:49Z,es,"['Español', 'PvP', 'MMORPG', 'English', '2k60fps', 'DropsActivados']",2026-07-30,23-00-12,Thursday
316557595222,135496592,buggy,401587136,Arena Breakout: Infinite,441,2026-07-30T08:43:54Z,en,"['English', 'DropsEnabled']",2026-07-30,23-00-12,Thursday
316304759539,1371294435,meiliexpim,498566,Slots,440,2026-07-30T15:00:21Z,th,"['สล็อต', 'ภาษาไทย', 'slots', 'ไลฟ์สดสล็อต', 'ไลฟ์สด', 'ไลฟ์สดสล็อต', 'สล็อตไลฟ์สด', 'เกม']",2026-07-30,23-00-12,Thursday
316601083988,180406134,sist1m,32982,Grand Theft Auto V,440,2026-07-30T15:17:14Z,ru,"['Русский', 'Allegri', 'Majestic', 'gta5rp', 'гта5рп', 'Шизофрения']",2026-07-30,23-00-12,Thursday
316240096625,1101172968,shisuiinu3,509658,Just Chatting,438,2026-07-30T14:42:23Z,ja,"['日本語', '女の子', 'Vtuber', '雑談', '初見歓迎', 'Japanese', '実写配信', 'コスプレ', '女性配信者', '台湾']",2026-07-30,23-00-12,Thursday
315856424680,625054466,yakov,263490,Rust,438,2026-07-30T06:26:58Z,en,"['English', 'DropsEnabled']",2026-07-30,23-00-12,Thursday
320654834650,126436297,klean,31339,Project Zomboid,438,2026-07-30T15:10:41Z,en,"['English', 'UnitedStates', 'Hardcore', 'Immersion', '1440p']",2026-07-30,23-00-12,Thursday
316594535380,1452895933,orangemorangeslots,498566,Slots,438,2026-07-29T16:36:33Z,de,['Deutsch'],2026-07-30,23-00-12,Thursday
315918223722,1371698030,xiangtsai51121,515025,Overwatch,437,2026-07-30T08:29:19Z,zh,"['中文', '音樂', 'Chatting', '启用掉宝']",2026-07-30,23-00-12,Thursday
317935089895,909009615,avvaballerinaofficial,509658,Just Chatting,437,2026-07-30T14:22:15Z,en,"['chat', 'chill', 'English', 'german', 'chatting', 'hangout', 'grwm', 'outfit', 'haul']",2026-07-30,23-00-12,Thursday
317935784935,36998510,rob2628,515024,Diablo IV,436,2026-07-30T15:33:32Z,en,"['English', 'Deutsch', 'ARPG']",2026-07-30,23-00-12,Thursday
320765418715,29751088,dave_aoe,13332,Pokémon FireRed/LeafGreen,436,2026-07-30T13:57:27Z,en,['English'],2026-07-30,23-00-12,Thursday
319604468702,99450552,seandablack,509658,Just Chatting,436,2026-07-30T13:32:52Z,en,['English'],2026-07-30,23-00-12,Thursday
319605110750,485205691,celthewitch,1264310518,Marvel Rivals,436,2026-07-30T15:06:06Z,en,"['English', 'gothgirl', 'goth', 'GothMommy', 'marvelrivals', 'justchatting', 'Cosplay', 'drops', 'yapper', 'findom']",2026-07-30,23-00-12,Thursday
320654447578,264084087,onepumpwillie,491487,Dead by Daylight,436,2026-07-30T14:21:25Z,en,"['English', 'DropsEnabled']",2026-07-30,23-00-12,Thursday
316601066708,1050056725,titomir_ttv,21779,League of Legends,435,2026-07-30T15:14:46Z,ru,['Русский'],2026-07-30,23-00-12,Thursday
318644600052,674862312,zec4w,32399,Counter-Strike,434,2026-07-30T12:04:25Z,pt,['Português'],2026-07-30,23-00-12,Thursday
318644140404,1359253201,tr1mkn,29452,Virtual Casino,434,2026-07-30T08:36:27Z,pt,"['CS2', 'fps', 'virtualcasino', 'cassino', 'online', 'Português']",2026-07-30,23-00-12,Thursday
316599664852,50244027,kuentinlol,21779,League of Legends,433,2026-07-30T11:33:16Z,es,"['Español', 'DropsActivados']",2026-07-30,23-00-12,Thursday
316248259186,681090598,yatonolevi,26936,Music,433,2026-07-30T13:17:38Z,ja,"['自由人', '日本語', '女性', 'vtuber', '日V']",2026-07-30,23-00-12,Thursday
320596459481,191542540,swearin,33214,Fortnite,433,2026-07-30T13:17:33Z,en,"['English', 'ThiccDonk', 'ThinDonksStillWelcome', 'moms', 'SirYapsAlot', 'ZeroBuild', 'fortnıte', 'old', 'StepOnMe', 'SpriteHunter']",2026-07-30,23-00-12,Thursday
317360289252,123122022,pandarina,602959317,Dispatch,432,2026-07-30T12:00:38Z,es,"['Español', 'Malaga', 'Pandarina', 'KOI', 'videojuegos']",2026-07-30,23-00-12,Thursday
318143655270,60719956,poul_maniac,509658,Just Chatting,432,2026-07-30T13:59:13Z,el,"['Greece', 'JustChatting', 'Cooking', 'Giveaway', 'Reaction', 'Ελλάδα', 'Greek', 'Ελληνικά', 'Review']",2026-07-30,23-00-12,Thursday
317931959399,268540895,hotbeatstv,1669431183,DJs,432,2026-07-30T07:19:21Z,en,"['ElectronicMusic', 'DJ', 'Techno', 'IRL', 'music', 'EDM', 'event', 'Studio', 'Dance', 'DanceMusic']",2026-07-30,23-00-12,Thursday
319669219036,25812641,snutzy,498566,Slots,430,2026-07-30T15:45:11Z,en,"['English', 'Raid', 'MMO', 'slots']",2026-07-30,23-00-12,Thursday
316600665428,42703112,apollolol,777856688,Desktop Explorer,430,2026-07-30T14:17:28Z,en,"['English', 'Norsk', 'swedish', 'Chatty', 'yapping', 'girl', 'FirstPlaythrough', 'NoSpoilers', 'svensk', 'forsen']",2026-07-30,23-00-12,Thursday
317335200354,757457736,zara,796500915,Halo: Campaign Evolved,429,2026-07-30T11:22:54Z,en,"['Girl', 'Interactive', 'Chatty', 'English', 'Woman', 'FirstPlaythrough', 'UnitedKingdom', 'England', 'Singapore', 'BruneiStreamer']",2026-07-30,23-00-12,Thursday
316559254614,124304147,averagejonas,2132205352,Deadlock,429,2026-07-30T13:25:53Z,en,"['English', 'Norwegian', 'Singer', 'Norsk']",2026-07-30,23-00-12,Thursday
317924169959,748881142,kubabonus,498566,Slots,428,2026-07-29T14:01:25Z,de,['Deutsch'],2026-07-30,23-00-12,Thursday
316304175091,89969094,zerost_s,263490,Rust,428,2026-07-30T12:54:02Z,ja,"['日本語', 'Drops有効']",2026-07-30,23-00-12,Thursday
315919413866,28651510,migi_tw,509658,Just Chatting,427,2026-07-30T13:50:38Z,zh,"['歌唱', '不要控制我', '米姬電台', '不專業', '少囉嗦', '中文', '圖奇爛嘴大冠軍']",2026-07-30,23-00-12,Thursday
317933856999,261668726,lev_britvaaa,509658,Just Chatting,427,2026-07-30T11:59:16Z,ru,"['LEV', 'BRITVA', 'Русский', 'Олимпиец', 'English']",2026-07-30,23-00-12,Thursday
318644449908,64390837,zeusghostz,386821,Black Desert,427,2026-07-30T11:05:31Z,pt,"['Português', 'DropsAtivados']",2026-07-30,23-00-12,Thursday
317328613602,1117142311,nybait,32399,Counter-Strike,426,2026-07-29T14:37:03Z,it,"['CS2', 'gamer', 's1mple', 'adinross', 'PlayingwithViewers', 'Italiano', 'Italy']",2026-07-30,23-00-12,Thursday
319604489438,617124915,mapicc,27471,Minecraft,426,2026-07-30T13:37:22Z,en,['English'],2026-07-30,23-00-12,Thursday
315363652974,48093884,sweetcampercs,890558948,Torchlight: Infinite,426,2026-07-30T07:58:26Z,zh,"['中文', '靈魂歌手', '帥臉', '最有禮貌', '勤奮主播', '一句不離三個國罵']",2026-07-30,23-00-12,Thursday
316529253205,42665223,kaypea,21779,League of Legends,424,2026-07-30T12:39:10Z,en,"['English', 'Canadian', 'Midlane', 'CannonSafeEnvironment', 'DogStream', 'NoBackseating', 'Lux', 'Ahri', 'DropsEnabled']",2026-07-30,23-00-12,Thursday
319668604380,449858930,mooni,509658,Just Chatting,422,2026-07-30T14:35:32Z,en,"['Vtuber', 'English', 'ENVtuber']",2026-07-30,23-00-12,Thursday
318077896933,56145429,unfair,516575,VALORANT,422,2026-07-30T14:10:48Z,de,"['valorant', 'radiant', 'shooter', 'german', 'Deutsch', 'unfair']",2026-07-30,23-00-12,Thursday
318580477685,54387112,nuuhfps,29452,Virtual Casino,421,2026-07-30T13:52:47Z,pt,"['Português', 'VALORANT', 'humor']",2026-07-30,23-00-12,Thursday
318664745303,490639381,itskonax,464339927,ARC Raiders,421,2026-07-30T11:01:23Z,en,"['English', 'PvP', 'BeginnerFriendly', 'Goopa', 'dogs']",2026-07-30,23-00-12,Thursday
320592038361,1024411703,blueberry,516575,VALORANT,421,2026-07-30T04:05:34Z,en,"['English', 'Hindi', 'Urdu']",2026-07-30,23-00-12,Thursday
317336577890,424341432,marie_panka,509658,Just Chatting,420,2026-07-30T14:44:28Z,fr,['Français'],2026-07-30,23-00-12,Thursday
317933736039,117752284,hermit,852009328,Mistfall Hunter,420,2026-07-30T11:42:56Z,en,"['voiceactor', 'Hermit', 'English', 'drops', 'VoiceActing', 'starcitizen', 'playHUNGER', 'Lovecraftian', 'DropsEnabled']",2026-07-30,23-00-12,Thursday
318508846838,62654891,albatrox18,29307,Path of Exile,420,2026-07-30T14:27:15Z,pt,"['Português', 'DropsAtivados']",2026-07-30,23-00-12,Thursday
319604273118,28252159,jonbams,27471,Minecraft,420,2026-07-30T13:00:17Z,en,['English'],2026-07-30,23-00-12,Thursday
315895922409,428169051,cadmiumsheep,386821,Black Desert,419,2026-07-30T01:40:37Z,zh,"['歐洲羊教', '歡迎聊天', '中文', 'Drops', '莎亦', 'Shai', '台灣Taiwan', '黑色沙漠', '赤色沙漠', '有時候剛下班所以看起來很累']",2026-07-30,23-00-12,Thursday
316247274226,63560956,hoshimi0000,515025,Overwatch,419,2026-07-30T09:48:14Z,ja,"['日本語', 'Drops有効']",2026-07-30,23-00-12,Thursday
318075235429,455113027,desperatenasus,21779,League of Legends,419,2026-07-30T08:01:56Z,en,['English'],2026-07-30,23-00-12,Thursday
318143772390,1054796901,zerodoiofficial,509658,Just Chatting,418,2026-07-30T14:11:06Z,en,['English'],2026-07-30,23-00-12,Thursday
318645443316,95147903,pkennys,29452,Virtual Casino,418,2026-07-30T15:54:23Z,pt,"['CS2', 'Brasil', 'Alemanha', 'frança', 'Colombia', 'Português']",2026-07-30,23-00-12,Thursday
317935578343,1378895122,aykutsagt,509658,Just Chatting,417,2026-07-30T15:12:58Z,de,"['reaction', 'aykut', 'Deutschland', 'Politik', 'Meinung', 'Deutsch', 'Wiederholen']",2026-07-30,23-00-12,Thursday
317376354659,150642043,omendigotv,498566,Slots,416,2026-07-30T13:31:03Z,pt,['Português'],2026-07-30,23-00-12,Thursday
318077027941,424894746,il_miga,1863222988,Kings League,415,2026-07-30T12:32:36Z,it,"['calcio', 'Italiano', 'Español', 'Ilmiga', 'kingsleague', 'kings', 'KingsLeague', 'KingsLeagueItaly', 'Circus']",2026-07-30,23-00-12,Thursday
317360609764,139024449,sawpalin,491487,Dead by Daylight,414,2026-07-30T12:50:55Z,fr,"['Français', 'discussion', 'dbd', 'fr', 'bonnehumeur', 'tips', 'Action', 'chill', 'giveaway', 'DropActivés']",2026-07-30,23-00-12,Thursday
316557675990,240748484,onewaywater,509658,Just Chatting,414,2026-07-30T08:59:38Z,ru,['Русский'],2026-07-30,23-00-12,Thursday
316528427221,124432017,detoo,509672,IRL,412,2026-07-30T10:22:08Z,no,"['Norsk', 'IRL']",2026-07-30,23-00-12,Thursday
318144474086,63740412,attrix,21779,League of Legends,411,2026-07-30T15:24:51Z,it,['Italiano'],2026-07-30,23-00-12,Thursday
317361964644,618040919,flauschigtv,493057,PUBG: BATTLEGROUNDS,411,2026-07-30T15:54:17Z,de,['Deutsch'],2026-07-30,23-00-12,Thursday
316304900851,213686587,derapchu,1219059137,Minecraft: Story Mode - Season Two,409,2026-07-30T15:38:47Z,en,"['English', 'LifestealSMP', 'NoBackseating', 'mcsr', 'mcsrranked']",2026-07-30,23-00-12,Thursday
317932364263,29353514,gdolphn,511224,Apex Legends,409,2026-07-30T08:29:03Z,en,"['English', 'bald', 'old', 'fps', 'gamer', 'DropsActivated', 'ADHD', 'Not', 'a', 'Vtuber']",2026-07-30,23-00-12,Thursday
318076331237,31553042,whityyy,500188,Hunt: Showdown 1896,409,2026-07-30T10:59:44Z,en,"['CrytekPartner', 'Educational', 'English', 'DropsEnabled']",2026-07-30,23-00-12,Thursday
315857771496,161848360,ctpclub,488190,Poker,409,2026-07-30T12:51:19Z,zh,"['Poker', '中文', 'TMT20']",2026-07-30,23-00-12,Thursday
316558592598,571785077,lumituber,496000,Middle-earth: Shadow of War,409,2026-07-30T11:39:36Z,en,"['English', 'Vtuber', 'finnish']",2026-07-30,23-00-12,Thursday
319669064540,119522206,trey24k,491931,Escape from Tarkov,409,2026-07-30T15:28:38Z,en,"['English', 'pain', 'suffering']",2026-07-30,23-00-12,Thursday
316528892245,25701902,minpojke,18122,World of Warcraft,408,2026-07-30T11:42:16Z,en,['English'],2026-07-30,23-00-12,Thursday
318508434038,75891532,michel,32399,Counter-Strike,408,2026-07-30T12:39:46Z,pt,"['Português', 'FURIA', 'g3x', 'paiN', 'MIBR', 'legacy', 'Imperial', 'counterstrike', 'counterstrike2', 'Tribo']",2026-07-30,23-00-12,Thursday
317375750371,30709418,mickalow,30921,Rocket League,408,2026-07-30T12:02:13Z,fr,"['Français', 'fps', 'IRL']",2026-07-30,23-00-12,Thursday
317334704994,488455482,mayucca,33214,Fortnite,408,2026-07-30T09:47:55Z,fr,"['Français', 'girl', 'fortnite', 'zerobuild', 'femme', 'PartiesAvecLesSpectateurs', 'drole', 'gameviewers', 'mayucca', 'Drop']",2026-07-30,23-00-12,Thursday
317377139043,50309438,xacceptiion,1735804268,"Below, Rusted Gods",408,2026-07-30T15:14:32Z,en,"['xacceptiion', 'scarygame', 'funny', 'English', 'Horror', 'British', 'horrorgame', 'Scotland', 'cosy']",2026-07-30,23-00-12,Thursday
319667966044,47391636,octane,34134,Call of Duty: Black Ops II,407,2026-07-30T13:16:18Z,en,['English'],2026-07-30,23-00-12,Thursday
315918014442,907091618,venomdianh,15229,Ragnarok Online,407,2026-07-30T07:26:29Z,zh,"['中文', '启用掉宝']",2026-07-30,23-00-12,Thursday
317375257315,89283616,mrquarate,55453844,Street Fighter 6,407,2026-07-30T10:36:56Z,fr,"['Français', 'IRL', 'independent', 'FGC', 'gwak', 'gaming', 'react', 'TCG', 'retro']",2026-07-30,23-00-12,Thursday
315817023569,435392834,pepe_the_rarest,32982,Grand Theft Auto V,405,2026-07-30T08:31:13Z,en,"['Chilling', 'RP', 'English', 'GTARP', 'old', 'Improv', 'dyslexic', 'ProdigyRP', 'rpgta', 'chaseRP']",2026-07-30,23-00-12,Thursday
318509034870,128775333,coreano,516575,VALORANT,405,2026-07-30T15:14:39Z,pt,['Português'],2026-07-30,23-00-12,Thursday
319732356832,188526166,shinyatheninja,464339927,ARC Raiders,405,2026-07-30T15:10:18Z,en,"['fighting', 'comp', 'col', 'cool', 'adhd', 'English']",2026-07-30,23-00-12,Thursday
318133614950,1014438573,smirkfps1,32399,Counter-Strike,405,2026-07-29T14:37:02Z,pl,['Polski'],2026-07-30,23-00-12,Thursday
318078515685,500557523,kanczooga,32399,Counter-Strike,405,2026-07-30T15:15:59Z,pl,['Polski'],2026-07-30,23-00-12,Thursday
317335208162,124403155,juliettearz,516575,VALORANT,405,2026-07-30T11:24:01Z,fr,['Français'],2026-07-30,23-00-12,Thursday
316600498644,93820421,geppe,32982,Grand Theft Auto V,404,2026-07-30T13:52:10Z,sv,['Svenska'],2026-07-30,23-00-12,Thursday
320764988635,22160589,prospering,33214,Fortnite,404,2026-07-30T12:47:00Z,en,"['fortnite', 'English', 'DropsEnabled']",2026-07-30,23-00-12,Thursday
317361239524,515381703,350youss,509658,Just Chatting,403,2026-07-30T14:20:25Z,fr,"['mercato', 'Football', 'Français']",2026-07-30,23-00-12,Thursday
316529189461,75390735,etlendo,417528,Albion Online,402,2026-07-30T12:28:52Z,ru,"['Russian', 'Русский', 'AlbionOnline', 'DropsВключены']",2026-07-30,23-00-12,Thursday
318078164965,199561316,onepiecetheo,509658,Just Chatting,402,2026-07-30T14:40:02Z,de,['Deutsch'],2026-07-30,23-00-12,Thursday
317117226871,234834715,maxlp80,2099590881,Out of the Park Baseball 27,402,2026-07-30T12:00:18Z,en,"['English', 'ootp27', 'PerfectTeam', 'DropsEnabled']",2026-07-30,23-00-12,Thursday
317116862583,700221583,mrpokke,217432230,Chaos Zero Nightmare,401,2026-07-30T09:34:19Z,en,"['English', 'Singapore', 'Comfy', 'Educational', 'LOUD', 'Vtuber', 'ADHD', 'OVERWORKING', 'Chinese']",2026-07-30,23-00-12,Thursday
317361120612,449743956,kada,516575,VALORANT,401,2026-07-30T14:03:02Z,fr,['Français'],2026-07-30,23-00-12,Thursday
320595690585,25630304,brutallstatic,1669470662,EverQuest Legends,401,2026-07-30T10:56:31Z,en,"['FamilyFriendly', 'Teaching', 'Guides', 'TheoryCrafting', 'Helpful', 'Community', 'EQLCreator', 'everquestlegends', 'English']",2026-07-30,23-00-12,Thursday
319667618396,134741970,npen,33214,Fortnite,401,2026-07-30T12:23:32Z,en,"['English', 'Fortnite', 'Competitive', 'npen', 'DropsEnabled']",2026-07-30,23-00-12,Thursday
319604344926,175279277,jessekazam,491931,Escape from Tarkov,401,2026-07-30T13:12:12Z,en,"['English', 'tarkov', 'Shooter', 'Hardcore', 'EFT', 'pizza']",2026-07-30,23-00-12,Thursday
317361338340,75867063,hades1337,32399,Counter-Strike,401,2026-07-30T14:34:08Z,pl,"['Polski', 'English', 'counterstrike', 'CS2']",2026-07-30,23-00-12,Thursday
318665432535,66243419,inspire,516575,VALORANT,400,2026-07-30T14:19:16Z,en,"['English', 'radiant', 'valorant']",2026-07-30,23-00-12,Thursday
315897603305,154371111,ciri,1091040450,The Baby In Yellow,399,2026-07-30T11:31:24Z,en,"['English', 'Vampire', 'VTuber', 'Anime', 'Australia', 'HondaCivic', 'Chill']",2026-07-30,23-00-12,Thursday
320596590809,153092092,crackly,33214,Fortnite,399,2026-07-30T13:39:47Z,en,"['English', 'Fortnite', 'ZeroBuild', 'crackly', 'DropsEnabled']",2026-07-30,23-00-12,Thursday
315857083112,136539915,teetawatv3,515025,Overwatch,399,2026-07-30T09:43:33Z,th,"['Ranked', 'rank', 'talk', 'พูดคุย', 'overwactch2', 'overwatch', 'ไทย', 'ภาษาไทย', 'ใช้Dropsได้']",2026-07-30,23-00-12,Thursday
318645876567,884338173,ferretsoftware,272263131,"Animals, Aquariums, and Zoos",399,2026-07-29T00:23:25Z,en,"['Ferret', 'Tube', 'Long', 'Wiggler', 'CatSnake', 'Noodle', 'Stinky', 'English']",2026-07-30,23-00-12,Thursday
317376101859,100245745,kailon,624536948,EA Sports FC 26,398,2026-07-30T12:56:46Z,fr,['Français'],2026-07-30,23-00-12,Thursday
316559926998,642645138,tajikjr,32399,Counter-Strike,398,2026-07-30T15:09:35Z,ru,['Русский'],2026-07-30,23-00-12,Thursday
316304752499,783607123,kyriocifer,509658,Just Chatting,398,2026-07-30T14:57:47Z,en,"['English', 'BackseatAllowed', 'ProbablyHasADHD', 'ASMR']",2026-07-30,23-00-12,Thursday
317933862631,810054395,maimaittv,491487,Dead by Daylight,397,2026-07-30T11:59:46Z,ja,"['日本語', '台灣', 'deadbydaylight', 'dbdcreator', '旅行', 'IRL', '雑談', '中文', 'English', 'Drops有効']",2026-07-30,23-00-12,Thursday
320595995353,47496004,tffbreaks,518203,Sports,397,2026-07-30T11:58:33Z,en,"['soccer', 'cards', 'trading', 'panini', 'topps', 'English', 'TwitchRecap']",2026-07-30,23-00-12,Thursday
317931891431,140570194,seyyn,516575,VALORANT,396,2026-07-30T07:04:05Z,de,['Deutsch'],2026-07-30,23-00-12,Thursday
