id,user_id,user_login,game_id,game_name,viewer_count,started_at,language,tags,snapshot_date,snapshot_time,snapshot_day
315873414867,92038375,caedrel,21779,League of Legends,62416,2026-08-02T07:34:01Z,en,"['English', 'LPL', 'LCK', 'LEC', 'Worlds', 'Esports', 'DropsEnabled']",2026-08-03,01-45-33,Monday
320635364057,1164888517,yugioh_duelmonsters,509658,Just Chatting,48121,2026-08-01T17:24:46Z,en,"['TV', 'Television', 'Movie', 'Movies', 'Film', 'Films', 'YuGiOh', '24HourStream', 'English', 'yugioh']",2026-08-03,01-45-33,Monday
317401313507,83232866,ibai,21779,League of Legends,46490,2026-08-02T14:31:44Z,es,"['Español', 'IRL', 'Chatting', 'KOI']",2026-08-03,01-45-33,Monday
319644733150,23220337,emongg,515025,Overwatch,35044,2026-08-02T08:24:02Z,en,"['English', 'DropsEnabled']",2026-08-03,01-45-33,Monday
317361084258,622498423,otplol_,21779,League of Legends,27063,2026-08-02T14:27:21Z,fr,"['Français', 'DropsActivés']",2026-08-03,01-45-33,Monday
318111456485,218255467,canerkrd,509672,IRL,25990,2026-08-02T16:24:45Z,de,['Deutsch'],2026-08-03,01-45-33,Monday
317387116516,238813810,eliasn97,1820839024,MECCHA CHAMELEON,24067,2026-08-02T17:00:32Z,de,['Deutsch'],2026-08-03,01-45-33,Monday
319638245598,204730616,cinna,509658,Just Chatting,23490,2026-08-01T23:01:23Z,en,['English'],2026-08-03,01-45-33,Monday
316551185749,89132304,sasavot,509658,Just Chatting,22775,2026-08-02T15:49:23Z,ru,"['Русский', 'English', '141']",2026-08-03,01-45-33,Monday
318702885335,552120296,zackrawrr,509658,Just Chatting,22725,2026-08-02T18:15:12Z,en,"['English', 'politics', 'bald']",2026-08-03,01-45-33,Monday
319718503900,737048563,anyme023,509672,IRL,21060,2026-08-02T18:38:10Z,fr,['Français'],2026-08-03,01-45-33,Monday
315909966697,224539819,aussieantics,33214,Fortnite,19920,2026-08-02T14:29:28Z,en,"['English', 'DropsEnabled']",2026-08-03,01-45-33,Monday
319758243680,468932694,youladecadd,509672,IRL,19882,2026-08-01T11:48:18Z,fr,['Français'],2026-08-03,01-45-33,Monday
319775385056,220476955,ishowspeed,509658,Just Chatting,19646,2026-08-02T17:32:08Z,en,['English'],2026-08-03,01-45-33,Monday
319774336224,23161357,lirik,626298054,Machine Party,19353,2026-08-02T16:01:32Z,en,['English'],2026-08-03,01-45-33,Monday
320650699993,40488774,stray228,29595,Dota 2,19098,2026-08-02T11:00:33Z,ru,"['ПАХАН', 'проигрок228', 'солевойстример', 'тащер', 'адекватнаяатмосфера', 'Бодибилдер', 'Русский', 'танцор', 'Клубничка']",2026-08-03,01-45-33,Monday
318702573527,207813352,hasanabi,509658,Just Chatting,18874,2026-08-02T17:33:56Z,en,"['news', 'politics', 'adhd', 'English', 'GamerRage']",2026-08-03,01-45-33,Monday
316551507413,254030065,skywhywalker,32399,Counter-Strike,18024,2026-08-02T16:28:18Z,ru,"['Русский', 'English']",2026-08-03,01-45-33,Monday
319716813916,40298003,honeymad,401587136,Arena Breakout: Infinite,17805,2026-08-02T16:31:37Z,ru,"['Русский', 'DropsВключены']",2026-08-03,01-45-33,Monday
316623538260,79307742,wokkyflocky,509658,Just Chatting,17350,2026-08-02T18:06:58Z,ru,"['СиндромТуретта', 'Русский']",2026-08-03,01-45-33,Monday
315846783698,124422593,lec,21779,League of Legends,16731,2026-08-02T14:01:39Z,en,"['Esports', 'English', 'DropsEnabled']",2026-08-03,01-45-33,Monday
316550856789,265940345,tpabomah,29595,Dota 2,16523,2026-08-02T15:03:40Z,ru,"['Русский', 'самец', 'Альфасамец', 'Гладковыбритый']",2026-08-03,01-45-33,Monday
318111548773,125036509,gamerbrother,509658,Just Chatting,15548,2026-08-02T16:32:04Z,de,"['Deutsch', 'Fußball', 'justchatting', 'Gamerbrother', 'fifa', 'eafc26', 'Football']",2026-08-03,01-45-33,Monday
318172872806,108268890,gorgc,29595,Dota 2,15370,2026-08-02T08:58:46Z,en,['English'],2026-08-03,01-45-33,Monday
316581183318,86277097,buster,32399,Counter-Strike,15164,2026-08-02T16:29:09Z,ru,"['Полковник', 'Бустеренко', 'WW', 'Киберспорт', 'Бабочка', 'buster', 'эшкере', 'evelone', 'Русский']",2026-08-03,01-45-33,Monday
318176150758,403594122,zarbex,1036710512,Palworld,14772,2026-08-02T15:00:06Z,de,['Deutsch'],2026-08-03,01-45-33,Monday
319759333088,148561738,faxuty,33214,Fortnite,14500,2026-08-01T14:37:08Z,en,"['English', 'DropsEnabled']",2026-08-03,01-45-33,Monday
316550945493,67708794,nix,29595,Dota 2,14101,2026-08-02T15:15:50Z,ru,"['Русский', 'DropsВключены']",2026-08-03,01-45-33,Monday
317969511015,64342766,trymacs,1036710512,Palworld,12557,2026-08-02T16:44:57Z,de,['Deutsch'],2026-08-03,01-45-33,Monday
317387939172,39276140,rubius,509658,Just Chatting,12408,2026-08-02T18:30:57Z,es,"['Español', 'femboy']",2026-08-03,01-45-33,Monday
315387224943,65653595,roger9527,512953,ELDEN RING,12202,2026-08-02T13:31:32Z,zh,['中文'],2026-08-03,01-45-33,Monday
315846872786,598902753,valorant_emea,516575,VALORANT,10989,2026-08-02T14:30:46Z,en,"['Esports', 'English', 'VALORANT', 'VCT', 'VALORANTEurope', 'VCTEMEA']",2026-08-03,01-45-33,Monday
319717982940,66418614,gofns,516575,VALORANT,10864,2026-08-02T18:01:07Z,en,['English'],2026-08-03,01-45-33,Monday
318172882150,121821372,stariy_bog,29595,Dota 2,10722,2026-08-02T09:00:00Z,ru,['Русский'],2026-08-03,01-45-33,Monday
316251004145,813704147,indegnasen0706,263490,Rust,10592,2026-08-02T03:42:51Z,ja,"['日本語', 'Drops有効']",2026-08-03,01-45-33,Monday
316551035349,218726370,m0nesyof,32399,Counter-Strike,10090,2026-08-02T15:28:30Z,ru,"['Русский', 'English']",2026-08-03,01-45-33,Monday
317967996775,31919607,elxokas,21779,League of Legends,9990,2026-08-02T14:20:15Z,es,['Español'],2026-08-03,01-45-33,Monday
317360805474,25722719,dakillzor,27546,World of Tanks,9987,2026-08-02T13:54:58Z,en,"['English', 'DropsEnabled']",2026-08-03,01-45-33,Monday
316623138132,82197170,ewroon,509658,Just Chatting,9472,2026-08-02T17:21:14Z,pl,['Polski'],2026-08-03,01-45-33,Monday
316253501553,147242239,xhalli4x,263490,Rust,9463,2026-08-02T14:28:18Z,ja,"['日本語', 'Drops有効']",2026-08-03,01-45-33,Monday
316551216469,93869876,thebausffs,21779,League of Legends,9315,2026-08-02T15:53:44Z,en,"['English', 'DropsEnabled']",2026-08-03,01-45-33,Monday
318110168933,168514917,rachtaz,500188,Hunt: Showdown 1896,8893,2026-08-02T14:24:27Z,en,"['English', 'DropsEnabled']",2026-08-03,01-45-33,Monday
319646309470,180118013,hutchmf,2009321156,Dark and Darker,8614,2026-08-02T14:09:02Z,en,"['English', 'DropsEnabled']",2026-08-03,01-45-33,Monday
320652396633,147927227,aspen,515025,Overwatch,8263,2026-08-02T15:33:35Z,en,"['English', 'DropsEnabled']",2026-08-03,01-45-33,Monday
317398851555,181357564,tolkin,21779,League of Legends,8201,2026-08-02T08:00:24Z,de,"['Deutsch', 'DropsAktiviert']",2026-08-03,01-45-33,Monday
317970296551,622545020,rezo,509658,Just Chatting,8087,2026-08-02T17:48:52Z,de,['Deutsch'],2026-08-03,01-45-33,Monday
319717104860,26610234,cohhcarnage,417752,Talk Shows & Podcasts,8035,2026-08-02T16:54:59Z,en,"['SFW', 'Parent', 'ADHD', 'moderated', 'NoPolitics', 'NoReligion', 'Interactive', 'Overencumbered', 'LootGoblin', 'English']",2026-08-03,01-45-33,Monday
318177756006,95603047,orangemorange,498566,Slots,7981,2026-08-02T17:24:39Z,de,['Deutsch'],2026-08-03,01-45-33,Monday
315830227409,30857876,folagorlives,509663,Special Events,7900,2026-08-02T15:21:12Z,es,['Español'],2026-08-03,01-45-33,Monday
315910113769,56649026,quin69,29307,Path of Exile,7890,2026-08-02T15:23:59Z,en,['English'],2026-08-03,01-45-33,Monday
316550358229,26921830,elajjaz,26559,Batman: Arkham City,7875,2026-08-02T13:48:44Z,en,"['English', 'megagamer']",2026-08-03,01-45-33,Monday
316549368661,39048329,vovapain,29595,Dota 2,7819,2026-08-02T11:03:34Z,ru,"['Русский', 'ГекторСаламанка', '115кг165см', 'запаска', 'брошенка', 'КарлУизер', 'пудель', 'БопПоп', 'дорожка']",2026-08-03,01-45-33,Monday
317966888807,73437396,bonjwa,509658,Just Chatting,7798,2026-08-02T12:34:15Z,de,['Deutsch'],2026-08-03,01-45-33,Monday
317362748258,40063341,domingo,509658,Just Chatting,7738,2026-08-02T17:36:21Z,fr,['Français'],2026-08-03,01-45-33,Monday
316580741590,533016875,jaguarn1,509672,IRL,7653,2026-08-02T15:34:08Z,ru,['Русский'],2026-08-03,01-45-33,Monday
317970620135,162969546,kubafps,498566,Slots,7640,2026-08-02T18:11:22Z,de,"['Deutsch', 'slots', 'casino']",2026-08-03,01-45-33,Monday
316580408150,170671692,iseedeadp3ople,29595,Dota 2,7436,2026-08-02T14:52:23Z,ru,"['Русский', 'zvezd', 'slark', 'iseedeadpeople']",2026-08-03,01-45-33,Monday
317953610343,129405323,oilrats,263490,Rust,7426,2026-08-01T07:52:18Z,en,"['Deutsch', 'English', 'DropsEnabled']",2026-08-03,01-45-33,Monday
316549374549,39154778,recrent,401587136,Arena Breakout: Infinite,7409,2026-08-02T11:04:48Z,ru,"['Русский', 'DropsВключены']",2026-08-03,01-45-33,Monday
317966804071,39067173,psychoghost,500188,Hunt: Showdown 1896,7401,2026-08-02T12:25:16Z,en,"['survival', 'hardcore', 'guide', 'English', 'DropsEnabled']",2026-08-03,01-45-33,Monday
317968355943,22484632,forsen,493057,PUBG: BATTLEGROUNDS,7391,2026-08-02T14:57:28Z,en,['English'],2026-08-03,01-45-33,Monday
315874448595,143424503,dannyaarons,624536948,EA Sports FC 26,7180,2026-08-02T14:05:03Z,en,['English'],2026-08-03,01-45-33,Monday
318110352741,544780041,inkmate0,32399,Counter-Strike,7008,2026-08-02T14:43:02Z,ru,"['Русский', 'Українська']",2026-08-03,01-45-33,Monday
316552309461,92848919,renatko,509658,Just Chatting,6917,2026-08-02T18:02:41Z,ru,"['Русский', 'машины', 'СТАЯ', 'ирл', 'ИРЛСТРИМ', 'ирлстример']",2026-08-03,01-45-33,Monday
318670211188,42776357,playhearthstone,138585,Hearthstone,6397,2026-08-02T13:45:25Z,en,"['warcraft', 'Strategy', 'cardgame', 'English', 'hearthstone', 'blizzard', 'BlizzardEntertainment', 'DropsEnabled']",2026-08-03,01-45-33,Monday
316551659477,887449462,aslanshukasha,32399,Counter-Strike,6272,2026-08-02T16:48:18Z,ru,['Русский'],2026-08-03,01-45-33,Monday
317387579364,590548738,sylvainlyve,489170,DARK SOULS II: Scholar of the First Sin,6070,2026-08-02T17:55:55Z,fr,"['Français', 'chômage', 'singe', 'KeepPushing', 'sylvainlyve']",2026-08-03,01-45-33,Monday
315910381801,131986952,froggerow,515025,Overwatch,5913,2026-08-02T17:34:48Z,en,"['English', 'DropsEnabled']",2026-08-03,01-45-33,Monday
319758374880,870124801,taysmcrr,509672,IRL,5909,2026-08-01T12:15:10Z,en,['English'],2026-08-03,01-45-33,Monday
318111522789,430023505,xrohat,1820839024,MECCHA CHAMELEON,5877,2026-08-02T16:30:13Z,de,['Deutsch'],2026-08-03,01-45-33,Monday
320804942683,56395702,coconutb,263490,Rust,5805,2026-08-01T18:23:03Z,en,"['English', 'DropsEnabled']",2026-08-03,01-45-33,Monday
317403121891,96116107,mixwell,516575,VALORANT,5724,2026-08-02T18:03:18Z,es,"['Español', 'pro', 'otakar', 'watchparty', 'lyonesport', 'valorant', 'DropsActivados']",2026-08-03,01-45-33,Monday
317361284194,182714869,peereira7,516575,VALORANT,5658,2026-08-02T14:50:44Z,es,"['Español', 'DropsActivados']",2026-08-03,01-45-33,Monday
316580531542,270698079,mazellovvv,105451,Game Dev Tycoon,5624,2026-08-02T15:06:49Z,ru,"['Русский', 'mazellovvv', 'mzlff', 'English']",2026-08-03,01-45-33,Monday
318702063959,26194208,mitchjones,498566,Slots,5203,2026-08-02T16:18:21Z,en,['English'],2026-08-03,01-45-33,Monday
317791727320,62595539,realzbluewater,23020,ROBLOX,5184,2026-08-02T15:59:02Z,en,"['English', 'DropsEnabled']",2026-08-03,01-45-33,Monday
316579929942,48201326,missmikkaa,6521,Grand Theft Auto: San Andreas,5148,2026-08-02T13:39:20Z,en,"['English', 'swedish', 'Interactive', 'Chatty', 'ADHD', 'girl', 'TwitchAmbassador', 'NotBald', 'FirstPlayThrough']",2026-08-03,01-45-33,Monday
317965937511,1233797669,betboom_sb_dota,29595,Dota 2,5102,2026-08-02T10:48:02Z,ru,['Русский'],2026-08-03,01-45-33,Monday
316623739476,32155044,5opka,509658,Just Chatting,5079,2026-08-02T18:31:35Z,ru,['Русский'],2026-08-03,01-45-33,Monday
317968540007,67931625,amar,33214,Fortnite,5046,2026-08-02T15:14:24Z,de,"['Deutsch', 'drops', 'DropsAktiviert']",2026-08-03,01-45-33,Monday
317969016039,89886468,kopsteep,1295347933,Storebound,5020,2026-08-02T16:00:45Z,ru,"['Русский', 'English']",2026-08-03,01-45-33,Monday
317402757603,549653218,baitybait,509658,Just Chatting,4972,2026-08-02T17:22:32Z,es,['Español'],2026-08-03,01-45-33,Monday
319717578844,1372625387,oxysceptix,460630,Rainbow Six Siege,4963,2026-08-02T17:31:57Z,en,"['English', 'Rerun']",2026-08-03,01-45-33,Monday
318110218981,817971043,w1llyv,515025,Overwatch,4957,2026-08-02T14:29:36Z,ar,"['arabic', 'arab', 'DropsEnabeled', 'العربية', 'تم・تمكين・Drops']",2026-08-03,01-45-33,Monday
317964966119,51929371,ml7support,515025,Overwatch,4761,2026-08-02T08:36:41Z,en,"['English', 'gaming', 'overwatch', 'DropsEnabled']",2026-08-03,01-45-33,Monday
320822094043,97672683,captain_domo,512953,ELDEN RING,4756,2026-08-02T16:32:47Z,en,['English'],2026-08-03,01-45-33,Monday
318111556837,448447092,marli,509658,Just Chatting,4752,2026-08-02T16:32:36Z,de,['Deutsch'],2026-08-03,01-45-33,Monday
316261401586,70947583,gutitubo,263490,Rust,4707,2026-08-02T12:14:58Z,ja,"['日本語', 'Drops有効']",2026-08-03,01-45-33,Monday
316619791956,211797594,rexnor,500188,Hunt: Showdown 1896,4601,2026-08-02T08:55:42Z,en,"['pvp', 'gaming', 'hardcore', 'challenge', 'solo', 'huntshowdown', 'English', 'ExtractionShooter', 'fps', 'DropsEnabled']",2026-08-03,01-45-33,Monday
320652237785,128440061,zentreya,509658,Just Chatting,4598,2026-08-02T15:18:58Z,en,"['English', 'ForkliftCertified', 'GoodMusicTaste', 'ENVtuber', 'PositiveVibes', 'Anime', 'funny', 'gaming', 'Vtuber', 'SVA']",2026-08-03,01-45-33,Monday
316622736596,230768385,follentass,509658,Just Chatting,4591,2026-08-02T16:32:10Z,ru,"['Русский', 'IRL']",2026-08-03,01-45-33,Monday
317362426850,31561517,lyonwgflive,1820839024,MECCHA CHAMELEON,4539,2026-08-02T17:00:04Z,it,['Italiano'],2026-08-03,01-45-33,Monday
317791211224,27446144,fubgun,29307,Path of Exile,4515,2026-08-02T13:28:22Z,en,"['English', 'drops']",2026-08-03,01-45-33,Monday
316550741717,40855047,qlnek,33214,Fortnite,4439,2026-08-02T14:48:40Z,pl,"['Polski', 'DropyWłączone']",2026-08-03,01-45-33,Monday
318177472998,75738685,insym,1735804268,"Below, Rusted Gods",4353,2026-08-02T17:01:08Z,en,['English'],2026-08-03,01-45-33,Monday
320823499867,146922206,imperialhal__,511224,Apex Legends,4258,2026-08-02T18:16:47Z,en,"['English', 'DropsEnabled']",2026-08-03,01-45-33,Monday
316581569622,83644032,serega_pirat,29595,Dota 2,4126,2026-08-02T17:13:52Z,ru,['Русский'],2026-08-03,01-45-33,Monday
316550849749,32184566,rxnexus,29595,Dota 2,4123,2026-08-02T15:02:53Z,ru,['Русский'],2026-08-03,01-45-33,Monday
316579295958,43899589,c_a_k_e,29595,Dota 2,4106,2026-08-02T11:54:26Z,ru,['Русский'],2026-08-03,01-45-33,Monday
317362138722,426336938,sesuko,515025,Overwatch,4052,2026-08-02T16:28:47Z,es,"['Español', 'DropsActivados']",2026-08-03,01-45-33,Monday
319717523932,10027602,vgbootcamp2,16282,Super Smash Bros. Melee,4012,2026-08-02T17:27:53Z,en,"['Esport', 'smashbros', 'SuperSmashBros', 'Esports', 'English', 'ssbm', 'Melee', 'LGBTQ']",2026-08-03,01-45-33,Monday
317362428258,62989856,shisheyu,509658,Just Chatting,3987,2026-08-02T17:00:09Z,fr,"['Français', 'chill']",2026-08-03,01-45-33,Monday
320820709211,23364603,arteezy,29595,Dota 2,3911,2026-08-02T14:10:48Z,en,['English'],2026-08-03,01-45-33,Monday
315930748138,25233296,iamboit,1260,Age of Mythology,3876,2026-08-02T12:05:52Z,en,['English'],2026-08-03,01-45-33,Monday
315873455827,45276816,sliggytv,516575,VALORANT,3836,2026-08-02T07:50:53Z,en,['English'],2026-08-03,01-45-33,Monday
317386140900,50795214,sardoche,21779,League of Legends,3819,2026-08-02T15:11:40Z,fr,['Français'],2026-08-03,01-45-33,Monday
320709414106,43784278,tomato,1458917212,Happy's Humble Burger Cult,3800,2026-08-02T16:11:21Z,en,"['English', 'PowertrippingMods', 'PainfullyUnfunnyStreamer', 'TheLastMillennial', 'GodSupportsHimIronically', 'AskMeAboutMyFrogVoice', 'AbsolutelyFoulVibes', 'BackdownKing', 'AskMeToSayPickleRick', 'DarkWhimsy']",2026-08-03,01-45-33,Monday
316623436884,41665974,xop0,954357682,Ore & Odds,3790,2026-08-02T17:56:28Z,en,"['English', 'YAP', 'Yapper']",2026-08-03,01-45-33,Monday
320822036315,36324138,distortion2,1735804268,"Below, Rusted Gods",3779,2026-08-02T16:27:50Z,en,"['Speedrun', 'Chad', 'Loves', 'Anime', 'And', 'Stalling', 'English']",2026-08-03,01-45-33,Monday
318700856407,452321499,lopezfnx,509672,IRL,3772,2026-08-02T11:00:13Z,es,"['España', 'Español']",2026-08-03,01-45-33,Monday
317399089251,24776,bigdaddy,29595,Dota 2,3755,2026-08-02T09:00:36Z,en,"['English', 'WashedUp', 'worldchampion']",2026-08-03,01-45-33,Monday
319717486044,9846758,vgbootcamp,504461,Super Smash Bros. Ultimate,3702,2026-08-02T17:24:47Z,en,"['Esport', 'Esports', 'smash', 'smashbros', 'English']",2026-08-03,01-45-33,Monday
316551381973,996353742,sleduck,1435206302,Slay the Spire II,3693,2026-08-02T16:12:14Z,ru,"['Русский', 'уродск']",2026-08-03,01-45-33,Monday
317402126947,61812950,otzdarva,491487,Dead by Daylight,3691,2026-08-02T16:08:55Z,en,"['English', 'DropsEnabled']",2026-08-03,01-45-33,Monday
317969423591,506823694,vollmarcant,509658,Just Chatting,3649,2026-08-02T16:36:24Z,de,"['Zuschauer', 'Deutsch', 'Meinung', 'Meinungsblog', 'Reaction', 'Realtalk', 'reaction', 'Reaktion', 'Meinung', 'Viewparty']",2026-08-03,01-45-33,Monday
318106937445,141074734,kayjii,1264310518,Marvel Rivals,3626,2026-08-02T08:07:11Z,en,"['English', 'Competitive', 'Top500', 'Chill', 'Cyberpunk', 'Luna', 'WhiteFox', 'Mantis', 'Jubilee', 'DropsEnabled']",2026-08-03,01-45-33,Monday
318605661813,140772558,baiano,21779,League of Legends,3613,2026-08-02T14:47:27Z,pt,"['Português', 'CBLOL', 'LOUD', 'paiN', 'VKS', 'FURIA', 'IlhadasLendas', 'idl', 'ILHA', 'DropsAtivados']",2026-08-03,01-45-33,Monday
320653296985,141429177,flats,1264310518,Marvel Rivals,3607,2026-08-02T16:56:19Z,en,"['English', 'DropsEnabled']",2026-08-03,01-45-33,Monday
318110467301,103577259,jlcs2,32399,Counter-Strike,3565,2026-08-02T14:54:02Z,en,"['English', 'CS2', 'cs', 'cs2faceit', 'csfaceit', 'LITHUANIANBOY']",2026-08-03,01-45-33,Monday
316580566358,523836820,mafanyaking,509658,Just Chatting,3516,2026-08-02T15:10:55Z,ru,['Русский'],2026-08-03,01-45-33,Monday
317385771108,140846786,fugu_fps,516575,VALORANT,3514,2026-08-02T14:28:21Z,fr,['Français'],2026-08-03,01-45-33,Monday
319646384350,173397905,hivise,823574891,Rhythia,3511,2026-08-02T14:19:29Z,en,['English'],2026-08-03,01-45-33,Monday
317385607652,38446500,revenant,852009328,Mistfall Hunter,3492,2026-08-02T14:08:34Z,es,"['Español', 'DropsActivados']",2026-08-03,01-45-33,Monday
316037667181,619098998,ashswag,509658,Just Chatting,3482,2026-08-02T18:04:10Z,en,"['English', 'brownboyswag']",2026-08-03,01-45-33,Monday
316317493363,952340772,hiiragitsurugi,509482,Judgment,3477,2026-08-02T11:31:58Z,ja,"['日本語', '雑談', 'ゲーム']",2026-08-03,01-45-33,Monday
316619721300,729639945,perra,509658,Just Chatting,3452,2026-08-02T08:40:29Z,sv,"['Svenska', 'Norsk', 'IRL', 'ADHD', 'English', 'Fat']",2026-08-03,01-45-33,Monday
318173311974,30357893,werlyb,21779,League of Legends,3404,2026-08-02T10:01:26Z,es,"['Español', 'DropsActivados']",2026-08-03,01-45-33,Monday
319773517408,50881182,aztecross,852009328,Mistfall Hunter,3361,2026-08-02T14:38:29Z,en,"['English', 'mistfallhunter', 'TheGyldenRush', 'DropsEnabled']",2026-08-03,01-45-33,Monday
318701064535,105584645,zoomaa,512953,ELDEN RING,3360,2026-08-02T12:09:45Z,en,['English'],2026-08-03,01-45-33,Monday
315830677457,28337972,limealicious,31339,Project Zomboid,3355,2026-08-02T17:36:10Z,en,"['Cozy', 'Vtuber', 'English', 'Gremlin']",2026-08-03,01-45-33,Monday
315870202344,456798977,kspksp,516575,VALORANT,3352,2026-08-02T16:20:35Z,zh,['中文'],2026-08-03,01-45-33,Monday
317970226535,683132335,slimenkpac,29452,Virtual Casino,3320,2026-08-02T17:43:08Z,ru,['Русский'],2026-08-03,01-45-33,Monday
318111201893,100901794,shylily,515474,NARAKA: BLADEPOINT,3313,2026-08-02T16:02:14Z,en,"['English', 'Vtuber', 'Anime', 'AAAAAAAAAAAAAAAAAAAAAAAAA', 'ASMR', 'ASMRvisual', 'screwdriver', 'DropsEnabled']",2026-08-03,01-45-33,Monday
320652091481,40972890,admiralbahroo,1036710512,Palworld,3307,2026-08-02T15:02:57Z,en,"['English', 'Vtuber', 'Panda', 'ProfessionalThrowing']",2026-08-03,01-45-33,Monday
317791674968,457138035,marco_scm,509658,Just Chatting,3269,2026-08-02T15:48:36Z,de,"['Stimmen', 'werden', 'Lauter', 'clipfarm', 'deusch', 'Deutsch']",2026-08-03,01-45-33,Monday
318109175141,179144678,nezak_,33214,Fortnite,3262,2026-08-02T12:47:52Z,it,"['Italiano', 'DropAbilitati']",2026-08-03,01-45-33,Monday
316581467734,239867683,awizotv,509658,Just Chatting,3185,2026-08-02T17:02:08Z,pl,"['Polski', 'Awizo', 'DominikBos', 'awizotv']",2026-08-03,01-45-33,Monday
318175482086,105504888,earlgb,1119642287,Yu-Gi-Oh! Master Duel,3161,2026-08-02T13:59:23Z,en,"['viewerruns', 'european', 'multiversus', 'English']",2026-08-03,01-45-33,Monday
318168034662,198939622,onlyjson,32982,Grand Theft Auto V,3121,2026-08-01T19:09:01Z,de,"['gtavrproleplay', 'Deutsch', 'NARCOCITY', 'fivem', 'Unterhaltung', 'gta']",2026-08-03,01-45-33,Monday
319714626140,31688366,symfuhny,1264310518,Marvel Rivals,3116,2026-08-02T12:48:56Z,en,"['English', 'DropsEnabled']",2026-08-03,01-45-33,Monday
318175154790,190708734,altair,852009328,Mistfall Hunter,3102,2026-08-02T13:29:56Z,fr,"['Français', 'gaming', 'humour', 'DiffMax', 'BienMonté', 'DropsActivés']",2026-08-03,01-45-33,Monday
320651519833,59624901,payo,18122,World of Warcraft,3064,2026-08-02T13:50:18Z,en,"['English', 'Québec', 'Quebec', 'Français', 'Canadian', 'Canada', 'PVP', 'WoW', 'Hardcore', 'qc']",2026-08-03,01-45-33,Monday
316623436756,808782745,asiv0y,509658,Just Chatting,3060,2026-08-02T17:56:27Z,ru,"['маджестик', 'Русский', 'drops', 'Majestic', 'asivoy', 'Асланбек', '4сына']",2026-08-03,01-45-33,Monday
319775726560,242209549,bugalalla,509658,Just Chatting,3060,2026-08-02T18:00:34Z,it,['Italiano'],2026-08-03,01-45-33,Monday
318670539636,36511475,cblol,21779,League of Legends,3054,2026-08-02T14:58:48Z,pt,"['Português', 'LoL', 'LeagueofLegends', 'Worlds', 'CBLOL', 'DropsAtivados']",2026-08-03,01-45-33,Monday
318109706085,29565445,h0llylp,497471,A Plague Tale: Innocence,2973,2026-08-02T13:38:22Z,de,['Deutsch'],2026-08-03,01-45-33,Monday
316317900403,778750478,nekoko88,509658,Just Chatting,2945,2026-08-02T12:50:59Z,ja,"['Vtuber', 'かわいい', '雑談', '日本語', 'Rust', 'OUTLAST', 'みけねこ', 'バイオバザード']",2026-08-03,01-45-33,Monday
315874475091,101175894,auziomf,624536948,EA Sports FC 26,2903,2026-08-02T14:13:32Z,en,"['English', 'Football', 'fc26']",2026-08-03,01-45-33,Monday
318112343653,35991862,kurt0411,1313351584,Football Manager 26,2896,2026-08-02T17:34:55Z,en,"['football', 'sports', 'kurt0411', 'English', 'premierleague', 'championsleague', 'laliga', 'seriea', 'worldcup']",2026-08-03,01-45-33,Monday
316550655317,117385099,letshugotv,509663,Special Events,2871,2026-08-02T14:34:18Z,de,"['Deutsch', 'Hugo', 'LetsHugo', 'HugoSMP']",2026-08-03,01-45-33,Monday
317968429543,996524016,mangekyou_14,29595,Dota 2,2867,2026-08-02T15:03:31Z,ru,['Русский'],2026-08-03,01-45-33,Monday
320708326746,227504250,valorant_fr,516575,VALORANT,2860,2026-08-02T14:12:18Z,fr,"['Esports', 'Français', 'EMEA', 'valorant', 'valorantfrance', 'CHALLENGERS', 'ValorantCompetitive']",2026-08-03,01-45-33,Monday
316005634540,85289321,aldiyargh,500188,Hunt: Showdown 1896,2848,2026-08-02T07:49:53Z,ru,"['Казахстан', 'казах', 'Русский', 'денежныйкорридор', 'емлошадей', 'казы', 'кумыс', 'шубат', 'чотам', 'DropsВключены']",2026-08-03,01-45-33,Monday
315372466542,170869845,kr1stw,31339,Project Zomboid,2837,2026-08-02T11:10:29Z,zh,['中文'],2026-08-03,01-45-33,Monday
319774321760,142260777,kumi,723826053,Subnautica 2,2773,2026-08-02T16:00:16Z,en,"['English', 'Vtuber', 'ENVtuber', 'Harpy', 'LOUD', 'ScaredEasily']",2026-08-03,01-45-33,Monday
318177628518,80093668,bogur,1264310518,Marvel Rivals,2772,2026-08-02T17:13:23Z,en,"['English', 'tank', 'silly', 'bulgarian', 'DropsEnabled']",2026-08-03,01-45-33,Monday
319646435550,52871885,ryda,512710,Call of Duty: Warzone,2743,2026-08-02T14:26:00Z,en,['English'],2026-08-03,01-45-33,Monday
316622706516,418872086,morphilina,32399,Counter-Strike,2730,2026-08-02T16:28:27Z,ru,['Русский'],2026-08-03,01-45-33,Monday
316252087409,153034674,alphaazur,263490,Rust,2730,2026-08-02T09:00:48Z,ja,"['日本語', 'Drops有効']",2026-08-03,01-45-33,Monday
316007465196,165501463,yznsa,1264310518,Marvel Rivals,2677,2026-08-02T16:14:14Z,ar,"['Arabic', 'KSA', 'English', 'العربية', 'marvelrivals', 'تم・تمكين・Drops']",2026-08-03,01-45-33,Monday
317968919271,21431060,phunkroyal,509658,Just Chatting,2664,2026-08-02T15:52:22Z,de,"['Deutsch', 'gaming', 'Cozy', 'RichtigSchönerStream', 'echtTollerStream', 'SchöneZuschauer', 'GeileSpielauswahl', 'KrasseSkillsHatDerPhunk', 'WahnsinnigTolleZuschauer', 'ChatIstAuchGanzOk']",2026-08-03,01-45-33,Monday
318109150181,51931241,jeens,399457773,Bills Must Be Paid,2657,2026-08-02T12:45:27Z,ru,"['Ukraine', 'Русский']",2026-08-03,01-45-33,Monday
319646871006,92957305,t90official,13389,Age of Empires II,2646,2026-08-02T15:16:35Z,en,['English'],2026-08-03,01-45-33,Monday
316252217457,598495509,akamikarubi,263490,Rust,2632,2026-08-02T09:45:03Z,ja,"['日本語', 'Drops有効']",2026-08-03,01-45-33,Monday
315910162537,1057785822,michimochievee,515474,NARAKA: BLADEPOINT,2626,2026-08-02T15:45:52Z,en,"['English', 'VTuber', 'Cringe', 'Bilingual', 'Anime', 'Indonesian', 'DropsEnabled']",2026-08-03,01-45-33,Monday
320651650521,94435040,alphacast,509658,Just Chatting,2590,2026-08-02T14:08:29Z,fr,"['Français', 'jdr']",2026-08-03,01-45-33,Monday
318106591589,41567638,rumathra,1036710512,Palworld,2588,2026-08-02T07:00:22Z,de,['Deutsch'],2026-08-03,01-45-33,Monday
317401095139,36138196,alexelcapo,1662521612,"Sir, We Have an Orc Problem",2586,2026-08-02T14:04:10Z,es,['Español'],2026-08-03,01-45-33,Monday
319715793244,56865374,barbarousking,515580,TREPANG²,2577,2026-08-02T15:04:06Z,en,"['English', 'BaldWelcome', 'Kaizo', 'GorillaWins', 'memberofparliament', 'bauserhaus']",2026-08-03,01-45-33,Monday
316621233876,596550378,bilyiiii,509672,IRL,2559,2026-08-02T13:00:19Z,uk,"['Українська', 'IRL', 'Україна', 'Київ']",2026-08-03,01-45-33,Monday
317385941860,121336528,burna,33214,Fortnite,2553,2026-08-02T14:50:31Z,en,"['English', 'DropsEnabled']",2026-08-03,01-45-33,Monday
316575080534,834113869,judah_xx,29595,Dota 2,2539,2026-08-01T18:12:17Z,ru,['Русский'],2026-08-03,01-45-33,Monday
317969242855,20992865,grubby,21779,League of Legends,2538,2026-08-02T16:20:43Z,en,"['English', 'Warcraft3', 'RTS', 'RPG', '4X', 'Grubby', 'Cardgames']",2026-08-03,01-45-33,Monday
318176029030,111974014,knebeltv,71375,Star Citizen,2534,2026-08-02T14:49:22Z,de,"['Deutsch', 'German', 'Weltraum', 'Rollenspiel', 'StarCitizen', 'PvE', 'PvP', '4K', 'SpaceSim', 'Shooter']",2026-08-03,01-45-33,Monday
318113182949,731784475,yololaryy,509658,Just Chatting,2531,2026-08-02T18:39:10Z,en,"['girl', 'female', 'Deutsch', 'English']",2026-08-03,01-45-33,Monday
316582037462,760728622,vladragovsky,2066107586,Escape the Backrooms,2529,2026-08-02T18:08:04Z,ru,"['Русский', 'DropsВключены']",2026-08-03,01-45-33,Monday
317140395511,506457175,qoqsik,509658,Just Chatting,2519,2026-08-02T16:10:17Z,en,['English'],2026-08-03,01-45-33,Monday
320710827482,114942381,coopertv,32399,Counter-Strike,2518,2026-08-02T18:06:59Z,en,['English'],2026-08-03,01-45-33,Monday
316550914773,164699786,dima_wallhacks,32399,Counter-Strike,2503,2026-08-02T15:11:36Z,en,"['140IQ', 'English', 'ASMR', 'cs', 'CS2']",2026-08-03,01-45-33,Monday
318534479990,91402599,hera,13389,Age of Empires II,2466,2026-08-02T16:55:31Z,en,"['English', 'RTS']",2026-08-03,01-45-33,Monday
318702276183,837046873,upminaa,509672,IRL,2463,2026-08-02T16:53:07Z,en,"['English', 'Cosplay', 'genshinimpact']",2026-08-03,01-45-33,Monday
316579777622,54742538,karmikkoala,512953,ELDEN RING,2439,2026-08-02T13:15:28Z,ru,['Русский'],2026-08-03,01-45-33,Monday
318112917349,126805726,scurrows,498566,Slots,2437,2026-08-02T18:17:46Z,de,['Deutsch'],2026-08-03,01-45-33,Monday
318110266469,422417281,rezonfn,33214,Fortnite,2426,2026-08-02T14:34:07Z,de,"['Deutsch', 'Pro', 'Fortnite', 'drops', 'DropsAktiviert']",2026-08-03,01-45-33,Monday
318175534822,31699896,jodarum,399457773,Bills Must Be Paid,2426,2026-08-02T14:03:22Z,de,"['Deutsch', 'DuRiechstNachMaggie']",2026-08-03,01-45-33,Monday
315869930856,76454147,caffrey,32399,Counter-Strike,2388,2026-08-02T14:30:11Z,en,['English'],2026-08-03,01-45-33,Monday
317385931108,43976593,zaboutine,21779,League of Legends,2370,2026-08-02T14:49:00Z,fr,"['Français', 'Analyse', 'Esports', 'DropsActivés']",2026-08-03,01-45-33,Monday
318697341143,1305342529,theburntpeanut_247,499973,Always On,2351,2026-08-02T03:51:38Z,en,"['English', 'VOD', 'Rerun', 'arcraiders', 'tobacco']",2026-08-03,01-45-33,Monday
316581605718,596480679,stopb4n,32399,Counter-Strike,2348,2026-08-02T17:18:14Z,ru,['Русский'],2026-08-03,01-45-33,Monday
319717104988,10817445,itmejp,417752,Talk Shows & Podcasts,2346,2026-08-02T16:54:59Z,en,"['English', 'HearingImpaired', 'DLSS5OnJackBlack']",2026-08-03,01-45-33,Monday
317969008487,406995218,itsassitv,498566,Slots,2334,2026-08-02T16:00:18Z,de,"['Deutsch', 'itsassitv', 'AssiTV']",2026-08-03,01-45-33,Monday
317379026276,1156267140,kinoah2k,509658,Just Chatting,2328,2026-08-01T17:50:00Z,fr,"['FOLLOWATHON', 'Français', 'Discussions', 'justchatting']",2026-08-03,01-45-33,Monday
316317440883,150989534,guanweiboy,516575,VALORANT,2285,2026-08-02T11:20:13Z,zh,['中文'],2026-08-03,01-45-33,Monday
316620501716,31645736,goodoq,29595,Dota 2,2270,2026-08-02T11:03:57Z,ru,"['ASMR', 'Русский', 'Озеро', 'Усы']",2026-08-03,01-45-33,Monday
316550017621,41108115,cyrustwo,32982,Grand Theft Auto V,2270,2026-08-02T12:53:39Z,sv,"['Svenska', 'TPRP', 'ThePath']",2026-08-03,01-45-33,Monday
316577292502,121202124,hadi_ow,515025,Overwatch,2244,2026-08-02T01:34:47Z,en,"['top500', 'german', 'English', 'Reinhardt', 'overwatch', 'Dominator', 'OWCS', 'DropsEnabled']",2026-08-03,01-45-33,Monday
317792016600,540056482,shanks_ttv,516575,VALORANT,2243,2026-08-02T17:03:15Z,en,['English'],2026-08-03,01-45-33,Monday
320708701274,222719079,lvthalo,506416,Halo Infinite,2223,2026-08-02T15:00:21Z,en,"['English', 'DropsEnabled']",2026-08-03,01-45-33,Monday
320821368923,546716440,royals,33214,Fortnite,2196,2026-08-02T15:26:09Z,en,"['English', 'DropsEnabled']",2026-08-03,01-45-33,Monday
318176636262,501438035,niklaswilson,509658,Just Chatting,2160,2026-08-02T15:47:54Z,de,['Deutsch'],2026-08-03,01-45-33,Monday
318112663397,72726363,edopeh,31339,Project Zomboid,2150,2026-08-02T17:59:55Z,de,['Deutsch'],2026-08-03,01-45-33,Monday
317967870311,236507843,pizfn,33214,Fortnite,2130,2026-08-02T14:07:47Z,it,"['Italiano', 'DropAbilitati']",2026-08-03,01-45-33,Monday
318177126502,205654898,keliencs,32399,Counter-Strike,2118,2026-08-02T16:32:59Z,ru,"['Русский', 'English', 'CS2', 'FPL']",2026-08-03,01-45-33,Monday
316551849173,583602418,off_kuka358,1282866981,Delta Force,2078,2026-08-02T17:08:19Z,ru,"['kuka358', 'kuka', 'кука358', 'кука', 'Русский', 'drops', 'DropsВключены']",2026-08-03,01-45-33,Monday
316549684693,87791915,ilame,1081998272,PEAK,2065,2026-08-02T11:59:35Z,ru,"['Русский', 'отвалжопы', 'Геморрой', 'гейминг', 'donttouchgrasschallenge', 'Skuffed', 'penusripper', 'аим400кг', 'янебудуигратьвдоту']",2026-08-03,01-45-33,Monday
315875015251,529626809,juniorhealy,509658,Just Chatting,2056,2026-08-02T16:59:55Z,es,['Español'],2026-08-03,01-45-33,Monday
315874375891,1333550860,deadlocknightshift,2132205352,Deadlock,2048,2026-08-02T13:42:38Z,en,['English'],2026-08-03,01-45-33,Monday
317362436578,779855707,momocitavt,509659,ASMR,2048,2026-08-02T17:00:58Z,en,"['English', 'vtuber', 'Mommy']",2026-08-03,01-45-33,Monday
316623113684,1228051796,reznikbtw,32399,Counter-Strike,2027,2026-08-02T17:18:06Z,ru,['Русский'],2026-08-03,01-45-33,Monday
317401236323,154132449,melhssn_,516575,VALORANT,2026,2026-08-02T14:21:29Z,fr,"['Français', 'DropsActivés']",2026-08-03,01-45-33,Monday
317139921015,132415238,ruetoo,29307,Path of Exile,2016,2026-08-02T13:49:03Z,en,['English'],2026-08-03,01-45-33,Monday
316550207957,57317154,steelmage,29307,Path of Exile,2009,2026-08-02T13:24:32Z,en,"['English', 'Australian']",2026-08-03,01-45-33,Monday
316622210900,418544243,lru_rose,32399,Counter-Strike,2009,2026-08-02T15:23:55Z,ru,['Русский'],2026-08-03,01-45-33,Monday
315931562218,764755560,dinah,1630982727,Where Winds Meet,1997,2026-08-02T16:34:10Z,en,"['abg', 'female', 'feet', 'femboy', 'vtuber', 'chinese', 'korean', 'Japanese', 'furry', 'Taiwan']",2026-08-03,01-45-33,Monday
317363239010,43286888,elotrix,23894,Call of Duty: Black Ops,1996,2026-08-02T18:25:30Z,de,"['Deusch', 'Trophäenjagd', 'Storygames', 'Deutsch']",2026-08-03,01-45-33,Monday
317140196215,25080754,pobelter,21779,League of Legends,1990,2026-08-02T15:17:06Z,en,"['English', 'Chill', 'Anime', 'RotisserieChickens', 'lebronjames', 'xddfreezone', 'labubu', 'DropsEnabled']",2026-08-03,01-45-33,Monday
317963926503,636587384,alveussanctuary,272263131,"Animals, Aquariums, and Zoos",1965,2026-08-02T04:51:29Z,en,"['English', 'TogetherForGood', 'purplemartins', 'Charity']",2026-08-03,01-45-33,Monday
317964622567,6094619,jankos,21779,League of Legends,1959,2026-08-02T07:42:46Z,en,"['English', 'LEC', 'LCK', 'Worlds2026', 'MSI2026', 'reaction', 'Coffee', 'DropsEnabled']",2026-08-03,01-45-33,Monday
316251769841,113028874,kenki521,263490,Rust,1958,2026-08-02T07:17:19Z,ja,"['日本語', 'Drops有効']",2026-08-03,01-45-33,Monday
317386582756,157723307,pokealexvgc,329951934,Pokémon Community Game,1949,2026-08-02T16:02:04Z,es,"['Español', 'KOI', 'Pokémon', 'VGC', 'MovistarKOI', 'Competitivo', 'PokémonChampions']",2026-08-03,01-45-33,Monday
316252522993,818506560,gocchanmikey,263490,Rust,1942,2026-08-02T11:05:05Z,ja,"['日本語', 'ストグラ', 'Drops有効']",2026-08-03,01-45-33,Monday
318700629847,138498363,apply,515025,Overwatch,1931,2026-08-02T10:00:49Z,en,"['English', 'handsome', 'DropsEnabled']",2026-08-03,01-45-33,Monday
315845802194,27689704,commanderx,515025,Overwatch,1893,2026-08-02T07:49:22Z,en,"['CoStream', 'Coach', 'Analysis', 'British', 'Bald', 'English', 'OWCS', 'DropsEnabled']",2026-08-03,01-45-33,Monday
318701960279,180827061,johnstone,997367275,Pokémon Legends: Z-A,1890,2026-08-02T16:00:21Z,en,"['English', 'HighEloGameplay', 'KindAndFunny', 'FullHeadofHair', 'Verytalkative', 'thoughtful', 'ViewerRewards', 'DropsEnabled']",2026-08-03,01-45-33,Monday
317400698083,804923620,leothecrack,33214,Fortnite,1884,2026-08-02T13:15:52Z,fr,"['fortnite', 'cup', 'finale', 'chill', 'token', 'Scrims', 'FNCS', 'Tournament', 'Français', 'English']",2026-08-03,01-45-33,Monday
316551355605,161987808,stoun_m,509658,Just Chatting,1884,2026-08-02T16:08:57Z,ru,['Русский'],2026-08-03,01-45-33,Monday
317140443255,245216476,dbdleague,491487,Dead by Daylight,1875,2026-08-02T16:21:17Z,en,"['english', 'casting', 'tournament', 'English', 'dbd', 'DropsEnabled']",2026-08-03,01-45-33,Monday
318176768102,255201817,rodrigorapport,509658,Just Chatting,1875,2026-08-02T15:59:42Z,hu,"['Magyar', 'DropokEngedélyezve']",2026-08-03,01-45-33,Monday
316552450901,933288027,drac0merald,509658,Just Chatting,1868,2026-08-02T18:20:13Z,ru,['Русский'],2026-08-03,01-45-33,Monday
316623773396,1156317216,aniwind22,509658,Just Chatting,1856,2026-08-02T18:35:43Z,ru,"['Русский', 'ДропсыВключены', 'фортнайт', 'cs', 'Anime', 'Аниме', 'Fortnite', 'deadlock']",2026-08-03,01-45-33,Monday
315909143145,661059687,lota,509658,Just Chatting,1851,2026-08-02T10:42:28Z,ru,"['Русский', 'девушка', 'узбек', 'р', 'картавость', 'выживание', 'челлендж', 'донатофон', 'СанктПетербург']",2026-08-03,01-45-33,Monday
317967340647,49440419,qojqva,29595,Dota 2,1850,2026-08-02T13:18:08Z,en,['English'],2026-08-03,01-45-33,Monday
315846848850,23179441,strippin,1458917212,Happy's Humble Burger Cult,1846,2026-08-02T14:22:56Z,en,"['English', 'Vtuber', 'RP', 'PingArthur']",2026-08-03,01-45-33,Monday
317966317415,63446827,landwirt_in_mv,509658,Just Chatting,1835,2026-08-02T11:32:02Z,de,['Deutsch'],2026-08-03,01-45-33,Monday
315869736808,181185692,gssspotted,21779,League of Legends,1817,2026-08-02T13:37:11Z,th,"['ภาษาไทย', 'ใช้Dropsได้']",2026-08-03,01-45-33,Monday
320707700954,53648099,warn,515025,Overwatch,1806,2026-08-02T12:25:45Z,en,"['overwatch', 'Ranked', 'Competitive', 'ADHD', 'Ashe', 'drops', 'English', 'overwatch2', 'DropsEnabled']",2026-08-03,01-45-33,Monday
317349754722,416031592,solaryhs,138585,Hearthstone,1805,2026-08-01T05:04:43Z,fr,"['Français', 'DropsActivés']",2026-08-03,01-45-33,Monday
318701923159,1358412014,faketurtlelive,27471,Minecraft,1803,2026-08-02T15:55:43Z,en,"['PvP', 'winning', 'English', 'minecraftstream']",2026-08-03,01-45-33,Monday
317970791143,626291286,scrollszn,33214,Fortnite,1785,2026-08-02T18:24:44Z,da,"['Dansk', 'English', 'Fortnite', 'DropsAktiveret']",2026-08-03,01-45-33,Monday
319775008736,104410477,humzh,21779,League of Legends,1777,2026-08-02T17:01:19Z,en,['English'],2026-08-03,01-45-33,Monday
316578310998,598365549,xah0b,27471,Minecraft,1774,2026-08-02T08:34:57Z,ru,"['Русский', 'СиськиТут', 'Ханов', 'Hanov', 'СиндромДауна', 'СосуСтинтику', 'НародныйСтример', 'ДелаетРазницу', 'Пахан', 'КиркЖив67']",2026-08-03,01-45-33,Monday
317968284135,87041939,brizz94,21779,League of Legends,1766,2026-08-02T14:50:24Z,it,"['Competitive', 'Italiano', 'Pro']",2026-08-03,01-45-33,Monday
317968560103,109193436,niekbeats,1554543571,Photomaly,1761,2026-08-02T15:16:16Z,de,['Deutsch'],2026-08-03,01-45-33,Monday
320822405211,814026647,ereklo_game,19976,MapleStory,1754,2026-08-02T16:58:07Z,en,"['english', 'MMO', 'maplestory', 'twins', 'English']",2026-08-03,01-45-33,Monday
318109691621,37751556,hens,491487,Dead by Daylight,1752,2026-08-02T13:37:08Z,en,"['English', 'Sluggerrat333', 'young', 'Hip', 'Not', 'old', 'Yapper', 'Wise', 'DropsEnabled']",2026-08-03,01-45-33,Monday
318113017317,463204522,mertabimula,509658,Just Chatting,1749,2026-08-02T18:26:14Z,de,['Deutsch'],2026-08-03,01-45-33,Monday
316581529686,38865133,froggen,21779,League of Legends,1748,2026-08-02T17:09:09Z,en,"['English', 'Anivia', 'Froggen']",2026-08-03,01-45-33,Monday
319648559454,402998527,nstvgames,509658,Just Chatting,1748,2026-08-02T17:49:25Z,ru,['Русский'],2026-08-03,01-45-33,Monday
317402191459,521583209,jujalag,514661,The Long Drive,1747,2026-08-02T16:17:11Z,es,['Español'],2026-08-03,01-45-33,Monday
318109717989,42971110,heideltraut,32982,Grand Theft Auto V,1734,2026-08-02T13:39:38Z,de,"['LuckyV', 'Deutsch', 'GTARP', 'rainbowsixsiege']",2026-08-03,01-45-33,Monday
315875146323,10386664,limmy,509658,Just Chatting,1732,2026-08-02T17:35:17Z,en,"['English', 'Scottish', 'Over50sGamer', '2K']",2026-08-03,01-45-33,Monday
316621480404,54739364,esamarathon,140754247,Zelda,1715,2026-08-02T13:35:28Z,en,['English'],2026-08-03,01-45-33,Monday
318699679831,151368796,piratesoftware,24241,FINAL FANTASY XIV ONLINE,1714,2026-08-02T07:14:20Z,en,"['English', 'Programming', 'GameDev', 'NotMyBirthday', 'DropsEnabled']",2026-08-03,01-45-33,Monday
317970229863,93400114,lars_tm,687129551,Trackmania,1713,2026-08-02T17:43:25Z,en,['English'],2026-08-03,01-45-33,Monday
320650636377,1313367791,bedtime5tory,1264310518,Marvel Rivals,1687,2026-08-02T10:41:57Z,en,"['English', 'bedtimestory', 'DropsEnable', 'Moonknight', 'Psylocke', 'Phoenix', 'Music', 'ASMR', 'bts', 'DropsEnabled']",2026-08-03,01-45-33,Monday
320710974682,143726713,sweetdreams,511224,Apex Legends,1687,2026-08-02T18:17:51Z,en,"['English', 'apexlegends', 'fps', 'DropsEnabled']",2026-08-03,01-45-33,Monday
316260722034,510453927,tonakaito_hendy,263490,Rust,1682,2026-08-02T09:34:31Z,ja,"['ネタバレ注意', '日本語', 'Drops有効']",2026-08-03,01-45-33,Monday
316579560150,98311933,madarapoe,29307,Path of Exile,1659,2026-08-02T12:39:41Z,ru,"['Русский', 'gym', 'gachi', 'MF', 'English']",2026-08-03,01-45-33,Monday
318670378228,72736442,ns_art,29595,Dota 2,1645,2026-08-02T14:26:11Z,pt,"['Português', 'DOTA', 'nsart', 'gaules', 'Português', 'MOBA', 'TheInternational', 'lol', 'commpetitive']",2026-08-03,01-45-33,Monday
317401358691,1420579810,les,21779,League of Legends,1643,2026-08-02T14:37:42Z,es,"['leagueoflegends', 'español', 'Español', 'esports', 'LEC']",2026-08-03,01-45-33,Monday
317399805667,39518378,sirmaza,516575,VALORANT,1639,2026-08-02T11:16:22Z,es,"['valorant', 'radiant', 'Español']",2026-08-03,01-45-33,Monday
318109128421,98916815,sunglitters,138585,Hearthstone,1636,2026-08-02T12:43:02Z,en,"['English', 'German', 'potatoes', 'Vtuber', 'Deutsch', 'OnlyFangs', 'ZNN']",2026-08-03,01-45-33,Monday
318177437926,536621382,maximzocktslots,498566,Slots,1634,2026-08-02T16:59:26Z,de,"['Deutsch', 'slots']",2026-08-03,01-45-33,Monday
318110072293,103179576,fr3ddy,27546,World of Tanks,1630,2026-08-02T14:13:07Z,de,"['Panzer', 'WoT', 'WorldofTanks', 'Drops', 'Dropsaktiviert', 'Deutsch', 'DropsAktiviert']",2026-08-03,01-45-33,Monday
317969052391,114010306,mulder,491487,Dead by Daylight,1629,2026-08-02T16:03:27Z,ru,"['Русский', 'DropsВключены']",2026-08-03,01-45-33,Monday
317968133607,27370971,xnapycz,21779,League of Legends,1603,2026-08-02T14:34:35Z,cs,"['Čeština', 'costreaming', 'PovolenéDrops']",2026-08-03,01-45-33,Monday
317362381538,98359082,theorus_,509658,Just Chatting,1601,2026-08-02T16:55:29Z,fr,['Français'],2026-08-03,01-45-33,Monday
318177364582,47124404,dunduk,401587136,Arena Breakout: Infinite,1599,2026-08-02T16:53:51Z,ru,"['Русский', 'DropsВключены']",2026-08-03,01-45-33,Monday
318174359526,99351845,jennyan,32982,Grand Theft Auto V,1594,2026-08-02T12:11:38Z,de,"['Travel', 'Japan', 'Tokyo', 'IRL', 'Cozy', 'GTARP', 'RP', 'german', 'Deutsch']",2026-08-03,01-45-33,Monday
318535123574,410320296,snopey,509658,Just Chatting,1589,2026-08-02T18:30:07Z,pt,['Português'],2026-08-03,01-45-33,Monday
318174569446,71758288,mamm0n,32399,Counter-Strike,1577,2026-08-02T12:34:07Z,pl,['Polski'],2026-08-03,01-45-33,Monday
316318180339,451955490,vincennt,2009321156,Dark and Darker,1576,2026-08-02T13:45:39Z,en,"['日本語', 'DropsEnabled', 'English']",2026-08-03,01-45-33,Monday
318109947365,29214396,mastertay,32982,Grand Theft Auto V,1562,2026-08-02T14:01:46Z,de,"['Deutsch', 'Roleplay', 'Buxtehude', 'UnityLifeDE', 'Mastertay']",2026-08-03,01-45-33,Monday
317139796727,694413391,kanekolumi,13389,Age of Empires II,1558,2026-08-02T13:01:59Z,en,"['English', 'GlueSniffer', 'FemaleRedditor', 'Vtuber', 'GnomeAppreciator', 'LemonStealer', 'ParticipationPrincess', 'DrySandyToothy', 'FatNasty', 'WhyAreYourFingersBlue']",2026-08-03,01-45-33,Monday
317969006183,623247381,matiskaterryfl,509658,Just Chatting,1552,2026-08-02T16:00:14Z,pl,['Polski'],2026-08-03,01-45-33,Monday
317402412259,149555200,joshstrifehayes,18122,World of Warcraft,1550,2026-08-02T16:43:29Z,en,"['community', 'English', 'fitness']",2026-08-03,01-45-33,Monday
317387617252,44128876,thana_khan,509658,Just Chatting,1539,2026-08-02T17:59:12Z,fr,['Français'],2026-08-03,01-45-33,Monday
317362983522,144274705,pesh,509658,Just Chatting,1539,2026-08-02T18:00:39Z,it,"['Italiano', 'pelato']",2026-08-03,01-45-33,Monday
317402097507,452454652,nikos,32982,Grand Theft Auto V,1538,2026-08-02T16:05:22Z,fr,['Français'],2026-08-03,01-45-33,Monday
320707363418,752742297,seoi1016,116747788,"Pools, Hot Tubs, and Beaches",1535,2026-08-02T11:01:31Z,ko,"['한국어', 'English', '中文', 'Asian', '日本語', 'Русский', 'Dance', 'kpop', 'korean', '드롭활성화됨']",2026-08-03,01-45-33,Monday
316621644500,141651092,gagik,493959,Red Dead Redemption II,1515,2026-08-02T13:59:07Z,ru,"['Multiplayer', 'ВИКИНГ', 'ГАГИК', 'ЦЕНТРАЛ', 'Majestic', 'Русский']",2026-08-03,01-45-33,Monday
318701040087,161432121,jnny,386821,Black Desert,1512,2026-08-02T12:01:02Z,en,"['English', 'gamergirl', 'Drops', 'girl', 'girlgamers', 'DropsEnabled']",2026-08-03,01-45-33,Monday
316037630317,837896385,rayan_psnn,509658,Just Chatting,1504,2026-08-02T17:55:54Z,fr,"['Français', 'Rediffusion']",2026-08-03,01-45-33,Monday
317140982135,996756981,aquwa,509658,Just Chatting,1502,2026-08-02T18:19:14Z,en,"['Vtuber', 'English', 'Seiso', 'cringe', 'LOUD', 'BALLS']",2026-08-03,01-45-33,Monday
317966163559,62603776,cyganzor,27546,World of Tanks,1500,2026-08-02T11:14:27Z,pl,"['Polski', 'Polish', 'wot', 'WorldofTanks', 'Dropy', 'DropyWłączone']",2026-08-03,01-45-33,Monday
317376393444,153176290,saiiren,509658,Just Chatting,1497,2026-08-01T12:21:24Z,en,"['Vtuber', 'Chatty', 'Anime', 'English', 'ENVtuber', 'DropsEnabled']",2026-08-03,01-45-33,Monday
316253525233,16677765,qttsix,324632683,hololive Dreams,1493,2026-08-02T14:35:39Z,zh,['中文'],2026-08-03,01-45-33,Monday
317791707992,24991333,imaqtpie,852009328,Mistfall Hunter,1490,2026-08-02T15:55:31Z,en,"['English', 'DropsEnabled']",2026-08-03,01-45-33,Monday
316622514772,462495003,kasiababis,509658,Just Chatting,1490,2026-08-02T16:03:11Z,pl,['Polski'],2026-08-03,01-45-33,Monday
317791972696,902183508,kriss_drummer,26936,Music,1489,2026-08-02T16:54:55Z,en,"['English', 'Rock', 'Metal']",2026-08-03,01-45-33,Monday
320710736090,867967600,marasshakursamp,32982,Grand Theft Auto V,1486,2026-08-02T18:01:00Z,ru,"['Русский', 'marasshakur', 'самп', 'samp', 'gta5', 'dota2', 'марасшакур', 'live', 'Army', 'BATTLEFIELD6']",2026-08-03,01-45-33,Monday
315372195182,11692694,uzra,138585,Hearthstone,1482,2026-08-02T09:04:52Z,zh,['中文'],2026-08-03,01-45-33,Monday
318178593510,36620767,agraelus,509658,Just Chatting,1481,2026-08-02T18:25:56Z,cs,['Čeština'],2026-08-03,01-45-33,Monday
317400590691,122731201,impactx_,1820839024,MECCHA CHAMELEON,1470,2026-08-02T13:02:19Z,fr,"['flashback', 'FlashbackWL', 'RP', 'GTARP', 'react', 'Français', '86', '6BLOCK', 'DropsActivés']",2026-08-03,01-45-33,Monday
317968048871,269636706,gripey,33214,Fortnite,1465,2026-08-02T14:25:56Z,de,"['Deutsch', 'Fortnite', 'WAVEBOYS', 'Wave', 'drops', 'DropsAktiviert']",2026-08-03,01-45-33,Monday
317387648228,456469377,raffale_,27471,Minecraft,1461,2026-08-02T18:01:18Z,fr,['Français'],2026-08-03,01-45-33,Monday
320653822041,35780889,simply,2692,Super Mario 64,1460,2026-08-02T17:38:03Z,en,['English'],2026-08-03,01-45-33,Monday
317385919332,34371079,horcus,516575,VALORANT,1456,2026-08-02T14:47:31Z,es,"['Español', 'España', 'Valorant', 'Radiant', 'Spanish', 'English', 'Competitive', 'Drops', 'dropsenabled', 'dropsactivados']",2026-08-03,01-45-33,Monday
316261113074,197367758,hennie2001,516575,VALORANT,1454,2026-08-02T11:16:32Z,zh,"['中文', '台V', 'Vtuber']",2026-08-03,01-45-33,Monday
317970842599,22551603,gebauermarc,509672,IRL,1451,2026-08-02T18:29:01Z,de,['Deutsch'],2026-08-03,01-45-33,Monday
316551349333,637574386,olezha27,213930085,Honkai: Star Rail,1444,2026-08-02T16:08:28Z,ru,"['Русский', 'DropsВключены']",2026-08-03,01-45-33,Monday
319774886112,605677008,wasianiverson,513143,Teamfight Tactics,1428,2026-08-02T16:51:34Z,en,['English'],2026-08-03,01-45-33,Monday
317387177316,440140011,twincytv,516575,VALORANT,1422,2026-08-02T17:06:47Z,fr,['Français'],2026-08-03,01-45-33,Monday
318110030053,66094104,coachboop,33214,Fortnite,1417,2026-08-02T14:09:08Z,en,"['Analyst', 'Broadcast', 'ViewingParty', 'CoachBoop', 'Boop', 'FNCS', 'Scrims', 'English', 'DropsEnabled']",2026-08-03,01-45-33,Monday
320821925851,81463115,kotton,1040954673,Cheap Car Repair,1411,2026-08-02T16:17:13Z,en,"['English', 'fps', 'survival', 'Strategy', '1440p', '2k']",2026-08-03,01-45-33,Monday
319774009824,119522206,trey24k,491931,Escape from Tarkov,1405,2026-08-02T15:31:47Z,en,"['English', 'pain', 'suffering']",2026-08-03,01-45-33,Monday
318680494295,125953517,y4mi,2009321156,Dark and Darker,1404,2026-07-31T21:54:25Z,en,"['English', 'twinkmaxxing', 'notafemboy', 'DropsEnabled']",2026-08-03,01-45-33,Monday
316253006833,207356702,kannachan524,516575,VALORANT,1400,2026-08-02T12:43:21Z,zh,['中文'],2026-08-03,01-45-33,Monday
317967872487,84021070,wipr,516575,VALORANT,1396,2026-08-02T14:08:02Z,fr,"['FPS', 'wipr', 'Français', 'valorant', 'esport', 'VCTWatchParty', 'aigri', 'watchparty', 'french', 'valorantesport']",2026-08-03,01-45-33,Monday
319708106972,116706369,mictia00,516575,VALORANT,1396,2026-08-02T01:01:41Z,es,"['Ama', 'comer', 'charlar', 'multijugador', 'espectadores', 'Español', 'DropsActivados']",2026-08-03,01-45-33,Monday
317360935906,18641850,lightbringer,2132205352,Deadlock,1396,2026-08-02T14:09:39Z,en,['English'],2026-08-03,01-45-33,Monday
318111297765,1102542905,deltaforcegameofficial,1282866981,Delta Force,1395,2026-08-02T16:10:03Z,en,"['English', 'DeltaForceGame', 'DropsEnabled']",2026-08-03,01-45-33,Monday
315869855720,117348035,et_1231,21779,League of Legends,1394,2026-08-02T14:09:04Z,zh,['中文'],2026-08-03,01-45-33,Monday
320651232729,154425624,kyle,31339,Project Zomboid,1394,2026-08-02T13:01:44Z,en,['English'],2026-08-03,01-45-33,Monday
316581750614,219039659,drifty,493959,Red Dead Redemption II,1393,2026-08-02T17:35:34Z,ru,['Русский'],2026-08-03,01-45-33,Monday
320822277467,59302497,diaphone_,2030977008,Avatar Legends: The Fighting Game,1388,2026-08-02T16:48:43Z,en,"['English', 'FGC']",2026-08-03,01-45-33,Monday
318173859430,101020771,repaz,1820839024,MECCHA CHAMELEON,1375,2026-08-02T11:14:14Z,de,['Deutsch'],2026-08-03,01-45-33,Monday
318112205669,449455341,elquaria,1820839024,MECCHA CHAMELEON,1375,2026-08-02T17:23:58Z,de,"['gamergirl', 'Schweiz', 'Deutsch', 'justchatting', 'valorant', 'Horror', 'Shooter']",2026-08-03,01-45-33,Monday
316622861908,1318974958,lentbb,32399,Counter-Strike,1371,2026-08-02T16:48:28Z,ru,"['Русский', 'Sashi', 'SINNERS', 'CCT', 'BetBoom', 'BetBoom3', 'final', 'chopper', 'zoner', 'acor']",2026-08-03,01-45-33,Monday
318174698470,140714397,schwabbeltown,666605016,Welcome to the Game III,1370,2026-08-02T12:47:51Z,de,"['Deutsch', 'Horror', 'HorrorGames', 'Crınge', 'DBDCreator']",2026-08-03,01-45-33,Monday
316579426006,121826140,bairoghaan,386821,Black Desert,1367,2026-08-02T12:15:37Z,en,"['English', 'DropsEnabled']",2026-08-03,01-45-33,Monday
316253624177,165572706,dmf_kyochan,509658,Just Chatting,1365,2026-08-02T15:00:28Z,ja,['日本語'],2026-08-03,01-45-33,Monday
316551373909,1129044165,smetanduck,126542259,Scam Line,1364,2026-08-02T16:11:16Z,ru,"['Русский', 'млбб', 'МобаилЛегендс', 'сметанамлбб', 'SmetanaML', 'мл', '100звезд']",2026-08-03,01-45-33,Monday
320823306203,238868406,graf,509658,Just Chatting,1360,2026-08-02T18:03:52Z,pl,"['karkówka', 'ziemniaki', 'surówka', 'kompot', 'fizykakwantowa', 'gameplay', 'Polski', 'polish']",2026-08-03,01-45-33,Monday
317400316771,167100879,abby_,21779,League of Legends,1356,2026-08-02T12:26:19Z,es,"['Español', 'DropsActivados']",2026-08-03,01-45-33,Monday
318175433830,173164131,noraexplorer,263490,Rust,1354,2026-08-02T13:55:16Z,en,"['English', 'Denmark', 'IRL', 'justchattıng', 'gaming', 'LGBTQ', 'LesbianGamer', 'gaymer', 'OCD']",2026-08-03,01-45-33,Monday
315830769233,438465591,stokes,1313351584,Football Manager 26,1342,2026-08-02T18:00:29Z,en,"['English', 'Stokes', 'fc26', 'DropsEnabled']",2026-08-03,01-45-33,Monday
316551195733,812749731,abyss__cup,513181,Genshin Impact,1326,2026-08-02T15:50:57Z,ru,['Русский'],2026-08-03,01-45-33,Monday
315869966056,598287720,zorthas,509658,Just Chatting,1316,2026-08-02T14:43:34Z,en,"['English', 'Australian', 'Tomato', 'Shaman']",2026-08-03,01-45-33,Monday
317401083747,71290640,kemist_c10h15n,489170,DARK SOULS II: Scholar of the First Sin,1316,2026-08-02T14:02:48Z,fr,"['Laboratoire', 'C10H15N', 'IUPAC', 'Chromatographie', 'Réactifs', 'Distillation', 'Spectroscopie', 'RMN', 'Français']",2026-08-03,01-45-33,Monday
316579767638,186818440,delaney,500188,Hunt: Showdown 1896,1310,2026-08-02T13:13:35Z,en,"['English', 'Crytek', 'gamedev', 'DropsEnabled']",2026-08-03,01-45-33,Monday
316261719282,247347817,takamiyarion,263490,Rust,1309,2026-08-02T13:15:47Z,ja,"['日本語', '鷹宮リオン', 'にじさんじ', 'steam', '雑談', 'lol', 'leagueoflegeneds', 'Vtuber', 'ASMR', 'Drops有効']",2026-08-03,01-45-33,Monday
317791616600,36594525,emilyywang,513143,Teamfight Tactics,1308,2026-08-02T15:33:26Z,en,"['FUTUREWORLDSWINNER', 'FUTURERANK1', 'COMPETITIVE', 'English']",2026-08-03,01-45-33,Monday
318111564517,494699792,fuataslan,516588,Rise Online,1306,2026-08-02T16:33:23Z,tr,"['Türkçe', 'riseonlineworld', 'valorant', 'DroplarEtkin']",2026-08-03,01-45-33,Monday
319772345952,42351817,kenknobi,2009321156,Dark and Darker,1297,2026-08-02T11:31:12Z,en,"['English', 'DarkandDarker', 'DropsEnabled']",2026-08-03,01-45-33,Monday
318534177270,417246422,ferbr,509658,Just Chatting,1291,2026-08-02T16:04:12Z,pt,"['Português', 'FerBR', 'Fer', 'react', 'animes', 'serie', 'filme', 'subathon']",2026-08-03,01-45-33,Monday
318174519142,30118763,newmultishow,27546,World of Tanks,1286,2026-08-02T12:28:43Z,pl,"['Polski', 'wot', 'DropyWłączone']",2026-08-03,01-45-33,Monday
316619776980,30381987,ettnix,852009328,Mistfall Hunter,1274,2026-08-02T08:52:40Z,en,"['English', 'Sverige', 'Svenska', 'battleroyale', 'DropsEnabled']",2026-08-03,01-45-33,Monday
316316371955,626747405,iq200yukaf,1820839024,MECCHA CHAMELEON,1270,2026-08-02T06:14:46Z,ja,"['NoAimAssist', '日本語']",2026-08-03,01-45-33,Monday
316552465749,698565904,ded_b_tpycax01,27471,Minecraft,1270,2026-08-02T18:21:53Z,ru,"['Русский', 'общение']",2026-08-03,01-45-33,Monday
315372764782,793085872,filfeel,138585,Hearthstone,1264,2026-08-02T13:29:53Z,ru,['Русский'],2026-08-03,01-45-33,Monday
320821052635,488996078,pepe,461221,MARVEL Contest of Champions,1263,2026-08-02T14:54:21Z,es,"['Español', 'English', 'Português', 'DropsActivados']",2026-08-03,01-45-33,Monday
319774484320,81628627,gladd,1036710512,Palworld,1256,2026-08-02T16:15:01Z,en,"['English', 'Relatable', 'Chill', 'ChallengeRun', 'Unfiltered']",2026-08-03,01-45-33,Monday
318175769702,88006635,gnu_live,509658,Just Chatting,1251,2026-08-02T14:25:04Z,de,"['Deutsch', 'cozygaming', 'horrorgames', 'simulatorgames', 'Simulator', 'SafeSpace', 'Cozy']",2026-08-03,01-45-33,Monday
315875220179,143368887,kolderiu,518203,Sports,1250,2026-08-02T17:57:40Z,es,['Español'],2026-08-03,01-45-33,Monday
316621745236,717727472,tamae_,509658,Just Chatting,1243,2026-08-02T14:14:50Z,pl,['Polski'],2026-08-03,01-45-33,Monday
318533290486,44099416,rakin,890558948,Torchlight: Infinite,1236,2026-08-02T12:31:24Z,pt,['Português'],2026-08-03,01-45-33,Monday
318173991142,476077919,myko,263490,Rust,1234,2026-08-02T11:30:51Z,de,"['Deutsch', 'german', 'Rust', 'IRL', 'DropsAktiviert']",2026-08-03,01-45-33,Monday
317387988964,42549067,aenot,32982,Grand Theft Auto V,1228,2026-08-02T18:35:32Z,fr,"['Français', 'flashback', 'RP', 'Aenot']",2026-08-03,01-45-33,Monday
319716199900,485205691,celthewitch,1264310518,Marvel Rivals,1228,2026-08-02T15:42:54Z,en,"['English', 'gothgirl', 'goth', 'GothMommy', 'marvelrivals', 'justchatting', 'Cosplay', 'drops', 'yapper', 'findom']",2026-08-03,01-45-33,Monday
316551678933,1333807261,ksufee,509658,Just Chatting,1227,2026-08-02T16:50:13Z,ru,"['Русский', 'аниме', 'девушка', 'English', 'girl', 'стримерша', 'общение', 'Косплей', 'девушкастример', 'Anime']",2026-08-03,01-45-33,Monday
315387541615,139417491,woojungx4,509658,Just Chatting,1222,2026-08-02T16:00:50Z,ko,"['한국어', 'eng', 'english', 'dance', 'kpop']",2026-08-03,01-45-33,Monday
318112802789,637227911,danielslump,509658,Just Chatting,1219,2026-08-02T18:09:03Z,de,['Deutsch'],2026-08-03,01-45-33,Monday
316622586708,835633520,titamin1,126542259,Scam Line,1219,2026-08-02T16:11:52Z,ru,['Русский'],2026-08-03,01-45-33,Monday
317361162978,449743956,kada,509658,Just Chatting,1217,2026-08-02T14:36:09Z,fr,['Français'],2026-08-03,01-45-33,Monday
320820591963,88257023,skylordzoey,927581926,Baladins,1212,2026-08-02T13:55:42Z,en,"['Trans', 'Transgender', 'LGBTQIAPlus', 'English', 'Vtuber', 'Quirky', 'Loud', 'Vtuber']",2026-08-03,01-45-33,Monday
318109798757,204610912,pinkdonutx,116747788,"Pools, Hot Tubs, and Beaches",1211,2026-08-02T13:47:18Z,en,"['English', 'findom', 'egirl', 'Princess', 'brat', 'feet', 'UK', 'Dancing', 'Cosplay']",2026-08-03,01-45-33,Monday
317402804067,79233769,thegreatreview,511391,Hollow Knight: Silksong,1210,2026-08-02T17:28:03Z,fr,['Français'],2026-08-03,01-45-33,Monday
318113012069,793388379,skyfnrr,33214,Fortnite,1205,2026-08-02T18:25:54Z,da,"['English', 'Fortnite', 'Dansk', 'FN', 'DropsAktiveret']",2026-08-03,01-45-33,Monday
318701963095,128882928,furi,32399,Counter-Strike,1204,2026-08-02T16:00:43Z,en,"['English', 'ｆｏｒｓｅｎｆｏｒｓｅｎｆｏｒｓｅｎｆｏｒｓｅｎ', 'femboy', 'Furry', 'LGBTQTV540Hz', 'hairy', 'irlfurry', 'forsen', 'Turkish', '079']",2026-08-03,01-45-33,Monday
318178230886,1013616640,shketwww,509672,IRL,1202,2026-08-02T18:00:28Z,ru,['Русский'],2026-08-03,01-45-33,Monday
316551562197,187468813,bullseye,491931,Escape from Tarkov,1200,2026-08-02T16:35:12Z,ru,"['Русский', '1440p', 'PVP', 'BattleRoyale', 'Extraction', 'FPS']",2026-08-03,01-45-33,Monday
317791504344,543631090,gnomonkey,459931,Old School RuneScape,1200,2026-08-02T15:03:15Z,en,"['English', 'OSRS', 'Guidemaker', 'Speedrunner', 'WorldsFirstChaser', 'HCIM']",2026-08-03,01-45-33,Monday
317401666659,149393615,spear_shot,21779,League of Legends,1195,2026-08-02T15:14:41Z,en,['English'],2026-08-03,01-45-33,Monday
318173306214,134477064,fufu,18846,Garry's Mod,1194,2026-08-02T10:00:49Z,en,"['English', 'VTuber', 'Anime', 'Catgirl', 'Silly', 'Yapping', 'Gaming', 'GamerSuppsCodeFUFU', 'Ragebaiter', 'Clown']",2026-08-03,01-45-33,Monday
317362587874,116461043,b0rja,516575,VALORANT,1192,2026-08-02T17:18:06Z,es,"['Español', 'b0rja', 'KRÜ', 'valorant', 'canarias', 'dropsactivados', 'watchparty', 'DropsActivados']",2026-08-03,01-45-33,Monday
320822447067,144555242,sheriffeli,31339,Project Zomboid,1190,2026-08-02T17:00:50Z,en,"['English', 'Roleplay', 'Comedy', 'VarietyStreamer', 'Funny', 'sheriffeli', 'zombies', 'zomboid']",2026-08-03,01-45-33,Monday
320693651930,400999129,clout,23020,ROBLOX,1188,2026-08-01T19:05:49Z,en,"['English', 'DropsEnabled']",2026-08-03,01-45-33,Monday
317970915431,487318498,vadeal,509672,IRL,1186,2026-08-02T18:34:15Z,de,['Deutsch'],2026-08-03,01-45-33,Monday
317401804899,193032346,ache,33214,Fortnite,1185,2026-08-02T15:30:03Z,es,"['Español', 'Shooter', 'Fortnite', 'ache', 'DropsActivados']",2026-08-03,01-45-33,Monday
317402664931,101234264,crocodyletv,509658,Just Chatting,1181,2026-08-02T17:11:43Z,fr,['Français'],2026-08-03,01-45-33,Monday
316551774165,118031210,meetenshow,32982,Grand Theft Auto V,1179,2026-08-02T17:00:42Z,ru,"['Русский', 'gta5rp', 'гта5рп', 'рмрп', 'rmrp', 'россияонлайн', 'митин', 'легенда']",2026-08-03,01-45-33,Monday
318172504038,31553042,whityyy,500188,Hunt: Showdown 1896,1178,2026-08-02T07:58:56Z,en,"['CrytekPartner', 'Educational', 'English', 'DropsEnabled']",2026-08-03,01-45-33,Monday
317363101794,537217836,trebor,497497,Brawl Stars,1178,2026-08-02T18:11:46Z,es,['Español'],2026-08-03,01-45-33,Monday
316260612082,214306524,yufuna,263490,Rust,1177,2026-08-02T09:01:17Z,ja,"['日本語', 'Drops有効']",2026-08-03,01-45-33,Monday
316621911764,86674787,unutcon,12839,Heroes of Might and Magic III: The Restoration of Erathia,1176,2026-08-02T14:41:57Z,ru,['Русский'],2026-08-03,01-45-33,Monday
317386107108,30977449,sekiam,329951934,Pokémon Community Game,1172,2026-08-02T15:08:13Z,es,['Español'],2026-08-03,01-45-33,Monday
316316972787,466250451,urs_toko,263490,Rust,1170,2026-08-02T09:11:31Z,ja,"['Vtuber', '日本語', 'いくらなんでもよわすぎる', 'ふめこあ', 'DominationCrown', 'CamelliaCrown', 'Drops有効']",2026-08-03,01-45-33,Monday
317790583896,42764895,jungroan,29307,Path of Exile,1161,2026-08-02T09:39:32Z,en,['English'],2026-08-03,01-45-33,Monday
316262065138,25202416,shuteye_orange,509658,Just Chatting,1159,2026-08-02T14:34:58Z,zh,"['中文', '恐怖遊戲', 'Horror', 'horrorgames', '恐怖', '燕雲十六聲', 'wherewindsmeet']",2026-08-03,01-45-33,Monday
317363025762,58172663,scoot1994,32982,Grand Theft Auto V,1158,2026-08-02T18:04:03Z,fr,['Français'],2026-08-03,01-45-33,Monday
316262716274,503107787,aaceful,516575,VALORANT,1155,2026-08-02T18:38:31Z,ja,['日本語'],2026-08-03,01-45-33,Monday
317386979812,945267893,wissam_xelka,509658,Just Chatting,1154,2026-08-02T16:46:24Z,fr,['Français'],2026-08-03,01-45-33,Monday
317967265383,62789124,oruipinto,32399,Counter-Strike,1153,2026-08-02T13:11:02Z,pt,['Português'],2026-08-03,01-45-33,Monday
316620230612,230688324,samuraj,516575,VALORANT,1152,2026-08-02T10:19:58Z,ru,"['Русский', 'валорант', 'valorant', 'ＶＡＬＯＲＡＮＴ', 'cybersport', 'Киберспорт', 'ставки']",2026-08-03,01-45-33,Monday
319647640030,129801067,joshseki,516575,VALORANT,1149,2026-08-02T16:26:52Z,en,"['English', 'korean', 'kpop', 'anime', 'Horror']",2026-08-03,01-45-33,Monday
318702456023,194749904,yayahuz,509672,IRL,1148,2026-08-02T17:16:24Z,pt,"['LOUD', 'Português']",2026-08-03,01-45-33,Monday
318107286501,71743885,vombuz,500188,Hunt: Showdown 1896,1148,2026-08-02T09:01:55Z,en,"['English', 'Competitive', 'Chill', 'Guide', 'AMA', 'PvP', 'NewPlayersWelcome', 'ARCRaiders', 'Drops', 'DropsEnabled']",2026-08-03,01-45-33,Monday
317400673635,103762288,wakzlol,852009328,Mistfall Hunter,1144,2026-08-02T13:12:38Z,fr,"['Français', 'Challenger', 'ADC', 'Musclé', '27cm', 'DropsActivés']",2026-08-03,01-45-33,Monday
316552096853,25604128,guit88man,1569517757,REPLACED,1143,2026-08-02T17:38:01Z,ru,['Русский'],2026-08-03,01-45-33,Monday
317360057570,113366816,sergiofferra,516575,VALORANT,1138,2026-08-02T12:18:52Z,es,['Español'],2026-08-03,01-45-33,Monday
318702257623,560043473,luke,509658,Just Chatting,1137,2026-08-02T16:50:18Z,en,['English'],2026-08-03,01-45-33,Monday
315910379113,11561802,godjj,456845141,Zenless Zone Zero,1137,2026-08-02T17:33:30Z,zh,"['中文', '訂閱免廣告', '登入就送', '启用掉宝']",2026-08-03,01-45-33,Monday
316549765205,61294188,anniefuchsia,138585,Hearthstone,1129,2026-08-02T12:12:18Z,en,"['Swedish', 'Svenska', 'ADHD', 'Girl', 'EarlyAccess', 'Variety', 'Female', 'English', 'CC']",2026-08-03,01-45-33,Monday
318178589414,28552242,keysjore,793000569,Meat Grinder,1129,2026-08-02T18:25:45Z,de,"['Deutsch', 'Abenteuer', 'PixelArt', 'Kochen', 'Krimi', 'Management', 'DarkHumor', 'BlutundVerstümmelung']",2026-08-03,01-45-33,Monday
316547984341,148525388,pro_cast2,29595,Dota 2,1128,2026-08-02T04:35:45Z,ru,"['Esports', 'Tournament', 'Русский', 'Gaming', 'Team', 'League', 'Season', 'YES', 'Vici', 'GOTF']",2026-08-03,01-45-33,Monday
320708702042,631774252,mpx_player,512710,Call of Duty: Warzone,1125,2026-08-02T15:00:27Z,en,"['English', 'mpxplayer', 'ADHD', 'rebirthisland', 'Veteran', 'NavyVeteran']",2026-08-03,01-45-33,Monday
318093158245,106159308,gronkhtv,518213,It Takes Two,1120,2026-07-31T21:08:53Z,de,['Deutsch'],2026-08-03,01-45-33,Monday
317968443367,51522914,vinment,509658,Just Chatting,1118,2026-08-02T15:04:59Z,ru,['Русский'],2026-08-03,01-45-33,Monday
317970172519,138490205,looney,32982,Grand Theft Auto V,1113,2026-08-02T17:38:28Z,de,"['MMO', 'MMORPG', 'openworld', 'gta', 'Deutsch']",2026-08-03,01-45-33,Monday
319771844192,124994203,rakattack,515025,Overwatch,1113,2026-08-02T09:05:38Z,en,"['English', 'NOMOTION', 'grippy', 'selfemployed', 'NonchalantWhiteBoy', 'chill', 'DropsEnabled']",2026-08-03,01-45-33,Monday
319648622174,78989410,zajef77,513181,Genshin Impact,1106,2026-08-02T17:54:17Z,en,['English'],2026-08-03,01-45-33,Monday
317968723303,182899347,smurf_tv,21779,League of Legends,1101,2026-08-02T15:32:46Z,ru,"['KOREAN', 'RANK1', 'EVERYROLE', 'GIGACHAD', 'CHALLENGER', 'Русский', 'турнир', 'DropsВключены']",2026-08-03,01-45-33,Monday
315997296875,176314965,swimy,509658,Just Chatting,1100,2026-08-02T17:50:47Z,ar,['العربية'],2026-08-03,01-45-33,Monday
319647140958,32043488,nagzz,515474,NARAKA: BLADEPOINT,1099,2026-08-02T15:43:53Z,en,"['English', 'nagzz', 'GamerRage', 'game', 'gaming', 'RagerGamer', 'ragestream', 'yo', 'DropsEnabled']",2026-08-03,01-45-33,Monday
317360393954,128149102,shivfps,511224,Apex Legends,1094,2026-08-02T13:03:14Z,en,"['English', 'DropsEnabled']",2026-08-03,01-45-33,Monday
317361861602,48624276,hawnie,509672,IRL,1090,2026-08-02T15:57:54Z,fr,['Français'],2026-08-03,01-45-33,Monday
317969034471,68512451,goicke,32982,Grand Theft Auto V,1087,2026-08-02T16:02:12Z,de,"['Deutsch', 'ＧTA5', 'RP', 'reactions', 'Berlin', 'liesthierjemanddieTags', 'werbrauchtschontags', 'justcchatting', 'DingsBums', 'übellangertag']",2026-08-03,01-45-33,Monday
317965320679,31545223,agurin,21779,League of Legends,1086,2026-08-02T09:26:59Z,en,"['Deutsch', 'English']",2026-08-03,01-45-33,Monday
320708354394,27235948,adamvseverything,394568,RimWorld,1085,2026-08-02T14:16:11Z,en,"['Chill', 'English', 'Challenge', 'Hardcore', 'GoodVibes', 'RimWorld', 'Satisfactory', 'NoBackseating', 'NoSpoilers', 'Guides']",2026-08-03,01-45-33,Monday
318111031525,80384015,donkaaklijn,512710,Call of Duty: Warzone,1083,2026-08-02T15:48:38Z,nl,['Nederlands'],2026-08-03,01-45-33,Monday
317359996642,73522739,phyzikk,512710,Call of Duty: Warzone,1083,2026-08-02T12:11:13Z,fr,"['Français', 'DropsActivés']",2026-08-03,01-45-33,Monday
320652266329,29751088,dave_aoe,13389,Age of Empires II,1078,2026-08-02T15:21:43Z,en,['English'],2026-08-03,01-45-33,Monday
318178521190,1374097563,onedenizka1,509658,Just Chatting,1078,2026-08-02T18:20:35Z,en,"['Русский', 'H', 'общение', 'English']",2026-08-03,01-45-33,Monday
318108896485,91647183,katoo,509658,Just Chatting,1077,2026-08-02T12:18:01Z,de,"['Deutsch', 'German', 'Fortnite']",2026-08-03,01-45-33,Monday
318177186790,68261767,knister,32982,Grand Theft Auto V,1076,2026-08-02T16:38:24Z,de,['Deutsch'],2026-08-03,01-45-33,Monday
318177347686,432212991,tj_sk1per,1282866981,Delta Force,1075,2026-08-02T16:52:53Z,ru,"['Русский', 'DropsВключены']",2026-08-03,01-45-33,Monday
318175017958,103824525,lyegaia,21779,League of Legends,1065,2026-08-02T13:17:17Z,fr,"['Français', 'DropsActivés']",2026-08-03,01-45-33,Monday
316551795797,41295894,nostoro,505473,Granny,1062,2026-08-02T17:02:40Z,ru,['Русский'],2026-08-03,01-45-33,Monday
316550655829,172312401,nooreax,509672,IRL,1062,2026-08-02T14:34:27Z,de,"['Deutsch', 'Arbeitslos']",2026-08-03,01-45-33,Monday
315830598481,1524933915,oddsgoblin,498566,Slots,1059,2026-08-02T17:14:07Z,en,['English'],2026-08-03,01-45-33,Monday
320651290457,66656611,kerrty,500188,Hunt: Showdown 1896,1059,2026-08-02T13:11:33Z,en,"['English', 'Chatty', 'Horror', 'DropsEnabled']",2026-08-03,01-45-33,Monday
317969045479,450941057,kadditv,509658,Just Chatting,1059,2026-08-02T16:02:59Z,de,['Deutsch'],2026-08-03,01-45-33,Monday
315910240745,216781967,zabenafff,1282866981,Delta Force,1058,2026-08-02T16:23:07Z,ru,"['Русский', 'DropsВключены']",2026-08-03,01-45-33,Monday
317386827364,501516920,rayakuzaa,516575,VALORANT,1057,2026-08-02T16:28:51Z,fr,"['Français', 'valorant']",2026-08-03,01-45-33,Monday
318534385910,41783889,axtlol,852009328,Mistfall Hunter,1056,2026-08-02T16:37:48Z,pt,"['Português', 'CBLOL', 'lol', 'leagueoflegeneds', 'LTA', 'DropsAtivados']",2026-08-03,01-45-33,Monday
318110911077,71336,robbaz,31339,Project Zomboid,1055,2026-08-02T15:35:42Z,en,['English'],2026-08-03,01-45-33,Monday
317140946679,84634992,amalee,509658,Just Chatting,1051,2026-08-02T18:11:44Z,en,"['English', 'vtuber', 'Singer', 'Scuff', 'ENVtuber']",2026-08-03,01-45-33,Monday
318701422551,13576693,frodan,513143,Teamfight Tactics,1049,2026-08-02T14:10:20Z,en,"['English', 'lilia', 'Unlucky', 'unemployed', 'DadGamer', 'DropsEnabled']",2026-08-03,01-45-33,Monday
319709955420,804956586,yungeenace,509658,Just Chatting,1048,2026-08-02T02:48:32Z,en,"['English', 'LASTSTORYRP']",2026-08-03,01-45-33,Monday
317401543651,86195014,starkycast,21779,League of Legends,1047,2026-08-02T15:00:17Z,ru,"['Киберспорт', 'Русский', 'LeagueOfLegends', 'LCK', 'LEC', 'LPL', 'English', 'DropsВключены']",2026-08-03,01-45-33,Monday
317360350434,270765549,foxlo_,31339,Project Zomboid,1046,2026-08-02T12:58:33Z,fr,"['FR', 'Français', 'ProjectZomboid', 'zomboidgameplay']",2026-08-03,01-45-33,Monday
317968095975,25452510,nervarien,21779,League of Legends,1044,2026-08-02T14:31:13Z,pl,"['Polski', 'DropyWłączone']",2026-08-03,01-45-33,Monday
318176266214,1174859780,netami_tv,27471,Minecraft,1044,2026-08-02T15:09:18Z,de,"['Deutsch', 'witzig', 'gaming']",2026-08-03,01-45-33,Monday
316317244659,37106068,krapycoco,516575,VALORANT,1042,2026-08-02T10:31:57Z,zh,"['中文', '启用掉宝']",2026-08-03,01-45-33,Monday
320821757403,807507913,gihc3,27471,Minecraft,1040,2026-08-02T16:02:06Z,en,['English'],2026-08-03,01-45-33,Monday
317967086695,1074127585,opphorx,27471,Minecraft,1039,2026-08-02T12:55:07Z,de,"['OPSUCHT', 'Minecraft', 'Deutsch']",2026-08-03,01-45-33,Monday
315930799978,555231486,ryan8503031,488190,Poker,1037,2026-08-02T12:20:23Z,zh,['中文'],2026-08-03,01-45-33,Monday
317967826407,134287989,yinsu,516575,VALORANT,1036,2026-08-02T14:03:29Z,en,"['watchparty', 'English', 'VCTEMEA', 'VCTCN', '中文', 'VCT']",2026-08-03,01-45-33,Monday
316580412886,987102096,uzorrrr,1282866981,Delta Force,1033,2026-08-02T14:53:20Z,ru,"['Русский', 'Повтор', 'DropsВключены']",2026-08-03,01-45-33,Monday
316549883605,134593986,quattroace,401587136,Arena Breakout: Infinite,1028,2026-08-02T12:32:17Z,ru,"['Русский', 'English', 'DropsВключены']",2026-08-03,01-45-33,Monday
317966206951,37550199,pilavpowa,1122982998,Dark Souls: Remastered,1027,2026-08-02T11:18:59Z,en,"['English', 'WorldfofWarcraft', 'comedian']",2026-08-03,01-45-33,Monday
317402100835,781932527,erastem,509658,Just Chatting,1025,2026-08-02T16:05:46Z,fr,"['Français', 'MAISPASTROP', 'gaming', 'youtube', 'react']",2026-08-03,01-45-33,Monday
320651573721,426101693,w0n23,417528,Albion Online,1017,2026-08-02T13:57:48Z,en,"['English', 'DropsEnabled', 'MMORPG']",2026-08-03,01-45-33,Monday
317401111139,64649082,papisosa,21779,League of Legends,1015,2026-08-02T14:05:43Z,es,"['Español', 'challenger', 'México', 'DropsActivados']",2026-08-03,01-45-33,Monday
318107342693,92062529,karni,21779,League of Legends,1014,2026-08-02T09:09:58Z,de,"['support', 'botlane', 'Deutsch', 'DropsAktiviert']",2026-08-03,01-45-33,Monday
319774515552,1224958651,sebriusvt,1441208453,Once Human,1011,2026-08-02T16:17:31Z,en,"['Español', 'English']",2026-08-03,01-45-33,Monday
315870397032,713086532,mars_fortuna,509659,ASMR,1008,2026-08-02T18:00:16Z,en,"['ASMR', 'Vtuber', 'Woman', 'lewdtuber', 'thighs', 'Tomboy', 'mommy', 'earlicking', 'Chinese', 'hag']",2026-08-03,01-45-33,Monday
316551153109,584654617,v1_reality_,491487,Dead by Daylight,1008,2026-08-02T15:44:41Z,en,"['English', 'dbdranked', 'comp', 'drama', 'pro', 'DropsEnabled']",2026-08-03,01-45-33,Monday
317386542180,522692765,noni,27471,Minecraft,1006,2026-08-02T15:57:50Z,es,['Español'],2026-08-03,01-45-33,Monday
316623070548,797323339,timmy__ty,29595,Dota 2,1005,2026-08-02T17:12:36Z,ru,"['ИграВотряде', 'КомандныеИгры', 'ОдиночныеПрохождения', 'РейтинговыеИгры', 'ОдиночныеРежимы', 'Русский', 'настроение', 'Любыеигры']",2026-08-03,01-45-33,Monday
317791664600,451856419,hpduketv,32982,Grand Theft Auto V,1004,2026-08-02T15:45:27Z,en,['English'],2026-08-03,01-45-33,Monday
315386480751,126595970,restiafps,516575,VALORANT,1003,2026-08-02T07:31:46Z,zh,"['中文', '启用掉宝']",2026-08-03,01-45-33,Monday
317400678115,96564203,suja,33214,Fortnite,1003,2026-08-02T13:13:25Z,es,"['Español', 'drops', 'Fortnite', 'casteo', 'DropsActivados']",2026-08-03,01-45-33,Monday
315930504938,1322264153,p1lepe1el1,516575,VALORANT,1002,2026-08-02T11:00:16Z,zh,"['Vtuber', '中文']",2026-08-03,01-45-33,Monday
319717105116,14410317,ezekiel_iii,417752,Talk Shows & Podcasts,1000,2026-08-02T16:54:59Z,en,"['English', 'ADHD', 'humor', 'ClosedCaptions']",2026-08-03,01-45-33,Monday
316552065877,480389806,hesoyamof1974,1282866981,Delta Force,999,2026-08-02T17:34:01Z,ru,"['Русский', 'deltaforce', 'DeltaForceGame', 'arenabreakoutinfinite', 'DropsВключены']",2026-08-03,01-45-33,Monday
316581966294,184522280,st4rcheck,498566,Slots,997,2026-08-02T18:00:18Z,ru,"['Русский', 'English']",2026-08-03,01-45-33,Monday
318534626806,1116781474,elalquimista_1989,417528,Albion Online,995,2026-08-02T17:21:32Z,es,"['Español', 'DropsActivados']",2026-08-03,01-45-33,Monday
318176911462,127361301,antilipsi,21779,League of Legends,994,2026-08-02T16:11:40Z,el,"['Ελληνικά', 'greek', 'English', 'Lissandra', 'Deutsch', 'Challenger', 'Tier3', 'Κύπρος', 'Cyprus', 'Greece']",2026-08-03,01-45-33,Monday
320708531930,126436297,klean,31339,Project Zomboid,994,2026-08-02T14:39:30Z,en,"['English', 'UnitedStates', 'Hardcore', 'Immersion', '1440p']",2026-08-03,01-45-33,Monday
317952206055,1447297241,gtastyslots,498566,Slots,990,2026-08-01T01:46:09Z,de,"['Deutsch', 'Österreich', 'casino', 'slots', 'gTasty']",2026-08-03,01-45-33,Monday
318176482918,44034733,mightyteapot,19357,Guild Wars 2,985,2026-08-02T15:32:20Z,en,"['GuildWars2', 'MMO', 'English', 'MMORPG', 'DropsEnabled']",2026-08-03,01-45-33,Monday
316581368918,856748910,lildjeyy1,1282866981,Delta Force,982,2026-08-02T16:51:43Z,ru,"['Русский', 'DeltaForce', 'WhereWindsMeet', 'DropsВключены', 'WWMCIES9']",2026-08-03,01-45-33,Monday
318702618839,1141996070,katchii247,499973,Always On,981,2026-08-02T17:41:01Z,en,"['English', 'itsKatchii', 'Katchii', 'wasian', 'lol', 'idk', 'Rerun']",2026-08-03,01-45-33,Monday
316260699762,463657800,wakiwaki612,263490,Rust,980,2026-08-02T09:28:16Z,ja,"['サブスクビッツ乞食', 'わきを', '雑談', 'ストグラ', 'GTA', 'MADTOWN', 'スト鯖', 'VCRRUST', '脇逢魔', '日本語']",2026-08-03,01-45-33,Monday
319717606748,1200831758,caseoh247,509658,Just Chatting,980,2026-08-02T17:34:29Z,en,"['caseoh', 'Caseohgames', 'VOD', 'reruns', 'Rerun', 'English']",2026-08-03,01-45-33,Monday
318176306534,38562519,piotrmaciejczak,29307,Path of Exile,975,2026-08-02T15:13:59Z,pl,"['Polski', 'Hardcore', 'aRPG', 'AYAYA', 'Polska', 'Poland']",2026-08-03,01-45-33,Monday
317401327971,20838704,gokedtv,516575,VALORANT,971,2026-08-02T14:33:23Z,es,"['watchparty', 'coach', 'tournament', 'spanish', 'Español', 'DropsActivados']",2026-08-03,01-45-33,Monday
317969864807,45673220,krkocs,32399,Counter-Strike,968,2026-08-02T17:13:04Z,en,"['faceit', 'English', 'LGBTQTV240Hz', 'sexyvoice', 'SexyManGaming', 'Čeština', 'CS2']",2026-08-03,01-45-33,Monday
316549418581,66628850,arrav,509658,Just Chatting,968,2026-08-02T11:12:54Z,en,"['English', 'Norway', 'powerlifter', 'Travel', 'IRL', 'Adventure', 'Survival']",2026-08-03,01-45-33,Monday
317967747303,1524954870,bettorbets33,29452,Virtual Casino,968,2026-08-02T13:56:43Z,en,['English'],2026-08-03,01-45-33,Monday
320654139993,46422375,pastelero_yuuta,21779,League of Legends,958,2026-08-02T18:01:52Z,es,"['México', 'pantheon', 'panadero', 'top', 'otp', 'DIDACTICO', 'Español', 'Toplaner', 'leagueoflegends']",2026-08-03,01-45-33,Monday
317969742311,182025494,donnie_oh,1028198402,Dead Space,950,2026-08-02T17:03:06Z,de,"['Deutsch', 'donnie']",2026-08-03,01-45-33,Monday
317969721191,667209041,pangi,27471,Minecraft,943,2026-08-02T17:01:28Z,en,['English'],2026-08-03,01-45-33,Monday
319717476188,1385129787,gaviiria_games,1441208453,Once Human,943,2026-08-02T17:23:51Z,en,"['Inglês', 'Español', 'English']",2026-08-03,01-45-33,Monday
315930708202,43177431,asiagodtonegg3be0,488190,Poker,941,2026-08-02T11:57:52Z,zh,['中文'],2026-08-03,01-45-33,Monday
316581511510,757206203,semmyxhf,509672,IRL,941,2026-08-02T17:07:04Z,ru,['Русский'],2026-08-03,01-45-33,Monday
316622888916,1307200726,andryha007s,32399,Counter-Strike,940,2026-08-02T16:51:36Z,ru,"['Русский', 'cs2', 'cs', 'прокачка']",2026-08-03,01-45-33,Monday
318173132902,90631404,mystery_blue,509672,IRL,940,2026-08-02T09:36:18Z,de,"['Outdoors', 'Deutsch', 'IRL', 'mcdonalds', 'gaming', 'latenightgaming', 'latenightstream', 'IchLiebeAramsi', 'OnlyVans']",2026-08-03,01-45-33,Monday
318702482007,71987056,neenoh,500188,Hunt: Showdown 1896,939,2026-08-02T17:20:19Z,en,"['English', 'Dad', 'chill', 'DropsEnabled']",2026-08-03,01-45-33,Monday
317359570018,31124525,oraxe,511224,Apex Legends,934,2026-08-02T11:13:27Z,fr,"['Français', 'DropsActivés']",2026-08-03,01-45-33,Monday
317791178200,184147110,olesyaliberman,509658,Just Chatting,930,2026-08-02T13:14:59Z,en,['English'],2026-08-03,01-45-33,Monday
316582315222,188890121,dmitry_lixxx,509658,Just Chatting,930,2026-08-02T18:40:00Z,ru,"['Русский', 'ESL', 'major', 'majorcs2', 'CS2', 'iemcologne2026', 'IRL', 'traveling', 'Mounts']",2026-08-03,01-45-33,Monday
315909597161,100438963,ko0416,516575,VALORANT,930,2026-08-02T12:48:06Z,zh,['中文'],2026-08-03,01-45-33,Monday
316551678677,944915553,ram_3zz,2132205352,Deadlock,929,2026-08-02T16:50:09Z,ru,"['Русский', 'музыка', 'разговоры']",2026-08-03,01-45-33,Monday
318175294054,48793025,reqvam,138585,Hearthstone,928,2026-08-02T13:42:37Z,en,"['Croatian', 'English', 'DropsEnabled']",2026-08-03,01-45-33,Monday
319775977568,139745227,luality,31339,Project Zomboid,926,2026-08-02T18:19:18Z,en,"['English', 'RPG', 'drops', 'ChallengeRun', 'girl', 'bnuy']",2026-08-03,01-45-33,Monday
318178247910,183467919,niisa,510389,Shakes and Fidget,926,2026-08-02T18:01:09Z,de,"['Deutsch', 'English', 'SFPartner', 'Sponsored', 'DropsAktiviert']",2026-08-03,01-45-33,Monday
316551876437,746075581,priyatnogopoleta,509658,Just Chatting,925,2026-08-02T17:11:04Z,ru,"['ксюшакоба', 'Коба', 'приятногополета', 'круто', 'эщкере', 'хайп', 'бтс', 'кпоп', 'Аниме', 'Фурри']",2026-08-03,01-45-33,Monday
318177123942,135556026,yaheljr,29056,Knight Online,925,2026-08-02T16:32:43Z,tr,['Türkçe'],2026-08-03,01-45-33,Monday
318106097125,965645550,gamesofuture_dota2,29595,Dota 2,919,2026-08-02T04:43:21Z,en,"['dota2', 'MOBA', 'GamesoftheFuture', 'English', 'astana']",2026-08-03,01-45-33,Monday
317360028514,193548061,ericlostie,329951934,Pokémon Community Game,916,2026-08-02T12:15:07Z,es,"['pokemon', 'fangame', 'gamedev', 'Español']",2026-08-03,01-45-33,Monday
316552441429,1300334004,j05k1y,32399,Counter-Strike,915,2026-08-02T18:19:08Z,ru,['Русский'],2026-08-03,01-45-33,Monday
320633599449,116810429,codyschwab,16282,Super Smash Bros. Melee,915,2026-08-01T14:59:18Z,en,['English'],2026-08-03,01-45-33,Monday
319715675996,73169370,kingtreytv,499634,Crypto,911,2026-08-02T14:53:42Z,en,"['English', 'memecoins', 'memecointrading', 'solana']",2026-08-03,01-45-33,Monday
316551765717,894649045,tenkedzu,1282866981,Delta Force,910,2026-08-02T17:00:03Z,ru,"['Русский', 'DropsВключены']",2026-08-03,01-45-33,Monday
319775857632,69906737,chocotaco,493057,PUBG: BATTLEGROUNDS,910,2026-08-02T18:10:10Z,en,"['English', 'TheGyldenRush', 'MistfallHunter']",2026-08-03,01-45-33,Monday
318532954486,139064318,nitrao,515025,Overwatch,908,2026-08-02T09:52:54Z,pt,"['Português', 'DropsAtivados']",2026-08-03,01-45-33,Monday
318178116838,237448208,echteralphakevin,509658,Just Chatting,908,2026-08-02T17:52:38Z,de,['Deutsch'],2026-08-03,01-45-33,Monday
320707930842,22559049,yodatv,18122,World of Warcraft,903,2026-08-02T13:09:17Z,en,"['English', 'MythicPlus', 'Keys', 'tank', 'Paladin', 'Rogue']",2026-08-03,01-45-33,Monday
315869641576,270232021,justketh,509658,Just Chatting,903,2026-08-02T13:12:17Z,en,"['English', 'IRL', 'Travel', 'ภาษาไทย', 'justchatting', 'girl', 'Thailand', 'Morocco', 'Moroccan']",2026-08-03,01-45-33,Monday
316621651156,134799723,xkamysh,1457501816,Cat Mail Co.,902,2026-08-02T14:00:15Z,ru,"['Русский', 'vtuber', 'Furry', 'Аниме', 'девушка', 'втубер']",2026-08-03,01-45-33,Monday
316622319572,225473192,blachu_,624536948,EA Sports FC 26,898,2026-08-02T15:37:58Z,pl,['Polski'],2026-08-03,01-45-33,Monday
317391415395,184800672,iamraidentv,852009328,Mistfall Hunter,897,2026-08-01T10:52:42Z,fr,"['Français', 'DropsActivés', 'English']",2026-08-03,01-45-33,Monday
317967191271,158439553,aryssa614,509658,Just Chatting,896,2026-08-02T13:04:06Z,en,"['girl', 'Female', 'gamergirl', 'English', 'AMA', 'Chatty', 'Positive']",2026-08-03,01-45-33,Monday
320822418011,102762045,flashforce,518184,Phasmophobia,895,2026-08-02T16:58:52Z,en,"['English', 'MidnightSociety', 'Horror', 'WholesomeHorror', 'cozy']",2026-08-03,01-45-33,Monday
316580322262,280197012,alle,491931,Escape from Tarkov,894,2026-08-02T14:41:19Z,en,"['LASTPLAYER', 'THEBEST', 'LABS', 'SCHIZOMODE', 'NOONEISBETTER', 'aimbotting', 'betterthanyou', 'English', 'NEVERGOON', 'Top1MostHumble']",2026-08-03,01-45-33,Monday
317965394535,25075983,yamatocannon,21779,League of Legends,891,2026-08-02T09:37:23Z,en,"['English', 'DropsEnabled']",2026-08-03,01-45-33,Monday
316619890388,30383713,kungentv,479682350,Monsters & Memories,891,2026-08-02T09:15:06Z,en,['English'],2026-08-03,01-45-33,Monday
317373245284,1496763577,donatchotv,512710,Call of Duty: Warzone,887,2026-07-31T22:00:57Z,fr,"['warzone', 'Fortnite', 'Rediffusions', 'ChillVbes', 'CommunityGaming', 'dragonballz', 'arcraiders', 'Français', 'DropsActivés', 'EsportsWorldCup2026']",2026-08-03,01-45-33,Monday
317966026983,66551495,knueppelpaste,491931,Escape from Tarkov,887,2026-08-02T10:59:15Z,de,"['Deutsch', 'eigentlichganznett', 'PvP', 'vollderProfi', 'EFT', 'Lehrreich']",2026-08-03,01-45-33,Monday
317402945507,416783639,daruma_sn,509658,Just Chatting,886,2026-08-02T17:44:49Z,es,"['Español', 'reaccion']",2026-08-03,01-45-33,Monday
320709434714,157440062,redshell,604928506,Shards Of Solitude,885,2026-08-02T16:13:40Z,en,['English'],2026-08-03,01-45-33,Monday
318107973093,92353597,riirex,34134,Call of Duty: Black Ops II,885,2026-08-02T10:34:35Z,de,"['Deutsch', 'riirex', 'grind', 'daily', 'VarietyGamer', 'matze', 'amongus', 'eldenring', 'pokemon']",2026-08-03,01-45-33,Monday
319717056732,22510310,gamesdonequick,1450127331,MIO: Memories in Orbit,883,2026-08-02T16:51:00Z,en,"['English', 'Speedrun']",2026-08-03,01-45-33,Monday
316548485077,1024694449,lucas_simonsson,32982,Grand Theft Auto V,883,2026-08-02T07:50:05Z,sv,['Svenska'],2026-08-03,01-45-33,Monday
317360677474,138347708,fatiiiih,516575,VALORANT,881,2026-08-02T13:38:50Z,fr,"['Français', 'Valorant', 'TFT']",2026-08-03,01-45-33,Monday
317970555751,250655167,rezears,30921,Rocket League,880,2026-08-02T18:06:43Z,de,"['Deutsch', 'English', 'RLCS', 'proplayer', 'pro']",2026-08-03,01-45-33,Monday
317362240610,51211989,deathzzaky,32399,Counter-Strike,879,2026-08-02T16:39:57Z,es,"['Español', 'Pro', 'English', 'Inglés', 'CS2', 'counterstrike', 'spanish', 'faceit']",2026-08-03,01-45-33,Monday
318176777702,655782528,kasperkast,509658,Just Chatting,878,2026-08-02T16:00:19Z,de,['Deutsch'],2026-08-03,01-45-33,Monday
316621346516,44057119,makatao,852009328,Mistfall Hunter,878,2026-08-02T13:15:02Z,ru,"['Русский', 'СпасибоЗаКачествоТвич', 'PvP', 'BattleRoyale', 'королевскаябитва', 'DropsВключены']",2026-08-03,01-45-33,Monday
318175964518,58823445,neok,32399,Counter-Strike,876,2026-08-02T14:43:26Z,en,"['neokcs', 'English']",2026-08-03,01-45-33,Monday
317386515812,53236934,chez_lex,509658,Just Chatting,876,2026-08-02T15:55:12Z,fr,"['Français', 'Gauche', 'Médias', 'Actualités']",2026-08-03,01-45-33,Monday
315830831697,198040640,keshaeuw,21779,League of Legends,872,2026-08-02T18:13:56Z,en,"['English', 'AUTISM', 'LOUD', 'FUNNY', 'CHALLENGER', 'SMART', 'DISABLED', 'NUNU', 'SWEDISH', 'DropsEnabled']",2026-08-03,01-45-33,Monday
317969163495,52722506,engeliheart,386821,Black Desert,870,2026-08-02T16:12:57Z,en,"['Vtuber', '3dmodel', 'Anime', 'Comfy', 'Good', 'vibes', 'Waifu', 'English', 'DropsEnabled']",2026-08-03,01-45-33,Monday
317387672164,645911728,khadim,32982,Grand Theft Auto V,869,2026-08-02T18:03:20Z,fr,"['Français', 'DropsActivés', 'HeroWars']",2026-08-03,01-45-33,Monday
316623104212,20567961,ziqoftw,18122,World of Warcraft,866,2026-08-02T17:16:48Z,en,"['English', 'rank1', 'funny', 'ziqo', 'pvp', 'Hardcore', 'ZNN', 'midnight', 'Clasicplus']",2026-08-03,01-45-33,Monday
320820636635,43494917,knut,509658,Just Chatting,864,2026-08-02T14:01:05Z,en,"['English', 'IRL', 'AustinTX', 'fitness', 'food', 'Texas', 'IronForge', 'Outdoors', 'cars']",2026-08-03,01-45-33,Monday
316581244886,180080030,kiratank_tv,18122,World of Warcraft,862,2026-08-02T16:36:07Z,en,"['WoW', 'WorldofWarcraft', 'English', 'highkeys', 'tanks', 'TheWarWithin', 'Midnight', 'midnightbeta']",2026-08-03,01-45-33,Monday
317386537828,186034430,paqmanlive,28105,Wii Party,860,2026-08-02T15:57:28Z,fr,"['WiiSports', 'WiiSportsResort', 'paqman', 'Français', 'youtube']",2026-08-03,01-45-33,Monday
318109239525,55867919,agromorph,29307,Path of Exile,855,2026-08-02T12:54:32Z,ru,"['Русский', 'дофаминовыекачели', 'дофаминовоеголодание']",2026-08-03,01-45-33,Monday
315869544552,121521701,crazyfacetw,516575,VALORANT,854,2026-08-02T12:48:36Z,zh,"['中文', 'English', '启用掉宝']",2026-08-03,01-45-33,Monday
316551394005,71590283,1uke337,32399,Counter-Strike,853,2026-08-02T16:13:42Z,ru,['Русский'],2026-08-03,01-45-33,Monday
317359413730,61582473,botkz,516575,VALORANT,850,2026-08-02T10:49:06Z,fr,"['Français', 'bequilles', 'ubereats', '1m78', 'HPI']",2026-08-03,01-45-33,Monday
318178433766,216221783,anaaja,1820839024,MECCHA CHAMELEON,850,2026-08-02T18:14:07Z,de,"['Deutsch', 'SafeSpace', 'toller', 'stream', 'deine', 'Mutter']",2026-08-03,01-45-33,Monday
318106568037,56924673,obsess3,21779,League of Legends,850,2026-08-02T06:56:14Z,de,"['Deutsch', 'VerticalStream', 'vertical', 'manchmalchallenger', 'meistensnicht']",2026-08-03,01-45-33,Monday
320699917274,28635965,bersgamer,1264310518,Marvel Rivals,848,2026-08-02T01:00:32Z,es,"['Español', 'deadbbydaylight', 'marvelrivals', 'DropsActivados']",2026-08-03,01-45-33,Monday
318176562534,574254875,clownpierce,27471,Minecraft,845,2026-08-02T15:40:54Z,en,"['English', 'RPG', 'minecraft', 'eldenring', 'Variety', 'clown', '18plus', '18plusstream', 'minecraft']",2026-08-03,01-45-33,Monday
316550204373,634606699,dorozea,27471,Minecraft,841,2026-08-02T13:23:34Z,en,"['English', 'girlgamers', 'funtowatch', 'Bigfeet', 'NOFRIENDSOMEGALUL', 'Chickenfeet', 'LGBTQFriendly']",2026-08-03,01-45-33,Monday
319715254748,1520660332,k0lyaka1,509658,Just Chatting,840,2026-08-02T14:08:30Z,ru,"['Русский', 'коляка', 'Kolyaka', 'Повтор']",2026-08-03,01-45-33,Monday
320709114970,127309732,rainhoe,1036710512,Palworld,839,2026-08-02T15:43:09Z,en,"['English', 'sorryimawoman', 'DIAGNOSED', 'discomfortstreamer', 'Vtuber']",2026-08-03,01-45-33,Monday
317968387559,145498295,exsl95,509658,Just Chatting,838,2026-08-02T15:00:16Z,de,['Deutsch'],2026-08-03,01-45-33,Monday
315371406318,48093884,sweetcampercs,516575,VALORANT,838,2026-08-02T02:01:55Z,zh,"['中文', '靈魂歌手', '帥臉', '最有禮貌', '勤奮主播', '一句不離三個國罵', '启用掉宝']",2026-08-03,01-45-33,Monday
316550553301,508412432,oses7,2132205352,Deadlock,835,2026-08-02T14:17:32Z,ru,"['Русский', 'English']",2026-08-03,01-45-33,Monday
316581482198,131496154,d3ncold,1264310518,Marvel Rivals,834,2026-08-02T17:03:28Z,ru,"['общение', 'Смешной', 'Киберспорт', 'Русский', 'РейтинговыеИгры', 'ИграСоЗрителями', 'DropsВключены', 'Марвел', 'марвелривалс', 'DropsEnabled']",2026-08-03,01-45-33,Monday
318176953190,56907042,adamcrook,65632,DayZ,834,2026-08-02T16:16:21Z,en,"['English', 'DayZ', 'survival']",2026-08-03,01-45-33,Monday
318176864614,932212583,mrlovag,509658,Just Chatting,834,2026-08-02T16:07:19Z,hu,"['Magyar', 'lovag', 'mrlovag', 'vicces', 'közösség']",2026-08-03,01-45-33,Monday
320698816218,752959475,k1m6a,499634,Crypto,833,2026-08-02T00:05:22Z,en,"['English', 'bitcoin', 'crypto', 'trading', 'cryptocurrency', 'cryptotrading', 'marketanalysis', 'howtotrade', 'solana', 'ethereum']",2026-08-03,01-45-33,Monday
316549332181,1265139173,muvisttv,852009328,Mistfall Hunter,832,2026-08-02T10:58:06Z,ru,"['Русский', 'Russia', 'mistfallhunter', 'MistFall', 'extraction', 'thegyldenrush', 'English', 'Повтор', 'DropsВключены']",2026-08-03,01-45-33,Monday
316261042290,988838102,usa_takuma,509658,Just Chatting,832,2026-08-02T11:01:08Z,ja,['日本語'],2026-08-03,01-45-33,Monday
319717244892,212682921,bobbypoffgaming,512710,Call of Duty: Warzone,830,2026-08-02T17:05:37Z,en,"['ScarfSquad', '7tv', 'English']",2026-08-03,01-45-33,Monday
317967872103,667597085,myketv,33214,Fortnite,829,2026-08-02T14:07:59Z,it,"['Italiano', 'Fortnite', 'MykeTV', 'CoachMyke', 'FNCS', 'DropAbilitati']",2026-08-03,01-45-33,Monday
320821346395,81413527,vegas,2009321156,Dark and Darker,828,2026-08-02T15:24:23Z,en,"['English', 'silly', 'peak', 'femboy', 'Eternus', 'spanish', 'DropsEnabled']",2026-08-03,01-45-33,Monday
320822419931,64080424,roxasorg13th,624536948,EA Sports FC 26,826,2026-08-02T16:59:02Z,es,['Español'],2026-08-03,01-45-33,Monday
320710611802,414910329,joov,30028,The Elder Scrolls V: Skyrim,826,2026-08-02T17:52:38Z,en,"['survíval', 'expert', 'horror', 'english', 'challenge', 'English', 'NoSpoilers']",2026-08-03,01-45-33,Monday
316550409557,148844345,roadhouse,515619,Pathfinder: Wrath of the Righteous,825,2026-08-02T13:56:31Z,ru,"['Русский', 'DropsВключены']",2026-08-03,01-45-33,Monday
315869801448,115770251,onepunman_,415998825,Guildrun,825,2026-08-02T13:55:45Z,en,"['defectowns', 'silentsucks', 'English']",2026-08-03,01-45-33,Monday
315373313262,69128875,valbina,516575,VALORANT,823,2026-08-02T18:02:49Z,ru,"['Русский', 'valorant', 'Badminton', 'Esports', 'VCTWatchParty', 'cybersport', 'betting']",2026-08-03,01-45-33,Monday
316261348850,169539617,clutch_fii,1085559783,Shine Post: Be Your Idol!,822,2026-08-02T12:05:26Z,ja,['日本語'],2026-08-03,01-45-33,Monday
318106670437,45912780,mistafaker,509658,Just Chatting,822,2026-08-02T07:18:33Z,ru,['Русский'],2026-08-03,01-45-33,Monday
318175937638,30805171,srserpiente,31339,Project Zomboid,819,2026-08-02T14:40:27Z,es,"['Español', 'srserpiente', 'survival', 'survivalgame', 'dayz', 'arma3', 'southpark', 'subnautica2', '007firstlight']",2026-08-03,01-45-33,Monday
318177825510,49606101,kerems,13389,Age of Empires II,816,2026-08-02T17:30:04Z,de,"['Deutsch', 'GermanStreamer', 'English', 'aoe2DE']",2026-08-03,01-45-33,Monday
317403132771,30709418,mickalow,516575,VALORANT,808,2026-08-02T18:04:02Z,fr,"['Français', 'fps', 'IRL']",2026-08-03,01-45-33,Monday
318176807910,810054395,maimaittv,509658,Just Chatting,808,2026-08-02T16:02:39Z,ja,"['日本語', '台灣', 'deadbydaylight', 'dbdcreator', '旅行', 'IRL', '雑談', '中文', 'English', 'Drops有効']",2026-08-03,01-45-33,Monday
316550656213,448747665,wichtiger,509663,Special Events,807,2026-08-02T14:34:30Z,de,"['wichtig', 'Deutsch']",2026-08-03,01-45-33,Monday
317402045155,183830454,godmota,498566,Slots,806,2026-08-02T16:00:11Z,pt,['Português'],2026-08-03,01-45-33,Monday
319648448734,955179845,ellietheempress,509658,Just Chatting,806,2026-08-02T17:39:25Z,en,"['English', 'Fitness']",2026-08-03,01-45-33,Monday
315909283945,91967953,liang_0714,516575,VALORANT,806,2026-08-02T11:19:32Z,zh,['中文'],2026-08-03,01-45-33,Monday
318534119542,544241532,mahmoojen,509658,Just Chatting,805,2026-08-02T15:55:13Z,pt,"['Português', 'game', 'ruim', 'hype', 'react']",2026-08-03,01-45-33,Monday
316252263281,24150891,kokujintv,271304,7 Days to Die,801,2026-08-02T09:57:58Z,ja,['日本語'],2026-08-03,01-45-33,Monday
316621234388,159782005,guddummit,509658,Just Chatting,801,2026-08-02T13:00:21Z,ru,['Русский'],2026-08-03,01-45-33,Monday
316623513300,886508467,kiiiroki,32982,Grand Theft Auto V,801,2026-08-02T18:03:58Z,ru,['Русский'],2026-08-03,01-45-33,Monday
317384134628,66797699,xamork,329951934,Pokémon Community Game,801,2026-08-02T10:51:39Z,es,"['Español', 'Pokémon', 'Chıll', 'Anime', 'TCGPokemon']",2026-08-03,01-45-33,Monday
316552196949,57116735,mistercop,29307,Path of Exile,799,2026-08-02T17:50:54Z,ru,"['Русский', 'Шизофрения', 'Социопатия', 'фокусы']",2026-08-03,01-45-33,Monday
316581376726,1373178940,andr_surov,509672,IRL,799,2026-08-02T16:52:34Z,ru,['Русский'],2026-08-03,01-45-33,Monday
315931122410,24705912,jackeisammy,138585,Hearthstone,798,2026-08-02T13:50:56Z,zh,"['中文', '鵝', '愛賊賊', '启用掉宝']",2026-08-03,01-45-33,Monday
318176234982,112702339,d0cc_tv,32399,Counter-Strike,797,2026-08-02T15:06:42Z,en,"['FACEIT', 'FPL', 'English', 'CS2', '3kelo', 'lvl10']",2026-08-03,01-45-33,Monday
315387620207,25879593,sc2byun,490422,StarCraft II,794,2026-08-02T16:40:52Z,en,['English'],2026-08-03,01-45-33,Monday
317969590631,20969023,beastyqt,498482,Age of Empires IV,793,2026-08-02T16:51:55Z,en,"['RTS', 'GAMER', 'English']",2026-08-03,01-45-33,Monday
318175430502,111768177,chessgenie,27546,World of Tanks,793,2026-08-02T13:55:03Z,de,"['Deutsch', 'DropsAktiviert']",2026-08-03,01-45-33,Monday
320708288474,115994925,alphakep,33214,Fortnite,793,2026-08-02T14:06:30Z,en,"['English', 'drops', 'NoAds', 'NoAdsAfterPreroll', 'DropsActive', 'pro', 'DropsEnable', 'rocketleague', 'Golf', 'DropsEnabled']",2026-08-03,01-45-33,Monday
318174870630,595623746,smallcurlyfry,509672,IRL,792,2026-08-02T13:03:49Z,de,"['curly', 'adhs', 'labern', 'justchatting', 'cozy', 'Deutsch', 'IRL', 'Comedy', 'Sommer']",2026-08-03,01-45-33,Monday
317383820132,39115143,th3antonio,21779,League of Legends,792,2026-08-02T09:54:47Z,es,"['peluquillas', 'Español', 'CHALLENGER', 'TH3LEC', 'th3antonio', 'poker', 'DropsActivados']",2026-08-03,01-45-33,Monday
316580608086,68266211,whaazz,18122,World of Warcraft,789,2026-08-02T15:17:16Z,en,"['PvP', 'Arena', 'Rogue', 'Warrior', 'Monk', 'Druid', 'English', 'DemonHunter', 'Evoker']",2026-08-03,01-45-33,Monday
318177948262,572320726,ninaninin,509658,Just Chatting,788,2026-08-02T17:40:08Z,en,"['English', 'Vtuber', 'Singing', 'Retro', 'Chatty', 'Woman', 'Anime', 'softspoken']",2026-08-03,01-45-33,Monday
317384807908,113212120,profesornuzlocke,329951934,Pokémon Community Game,782,2026-08-02T12:27:51Z,es,"['Español', 'papafrita', 'prolocke', 'prolocke2', 'folagor', 'capitanpokemon', 'ericlostie', 'pokealex', 'sekiam', 'xamork']",2026-08-03,01-45-33,Monday
318174865254,812370801,freyja,1036710512,Palworld,779,2026-08-02T13:03:20Z,en,"['English', 'Ciri', 'ADHD', 'Chatty', 'Woman', 'FirstPlaythough', 'Interactive', 'Girl', 'Feet', 'NoBackseatingUnlessAsked']",2026-08-03,01-45-33,Monday
318701221207,69588825,kalei,1264310518,Marvel Rivals,778,2026-08-02T13:05:02Z,en,"['English', 'feet', 'Metal', '100Thieves', 'whitina', 'DropsEnabled']",2026-08-03,01-45-33,Monday
318174195430,128009669,ten49de,500188,Hunt: Showdown 1896,774,2026-08-02T11:55:40Z,de,"['Shooter', 'Ten49', 'huntshowdown', 'deutsch', 'german', 'turnier', 'drops', 'giveaway', 'Deutsch', 'crytekPartner']",2026-08-03,01-45-33,Monday
318697798999,197406569,thenicolet,509659,ASMR,773,2026-08-02T04:26:29Z,en,"['English', 'ENGLISH', 'ASMR', 'FINDOM', 'EGIRL', 'GIRL', 'feet', 'goddess', 'woman']",2026-08-03,01-45-33,Monday
320653448665,195166073,hachubby,509672,IRL,768,2026-08-02T17:07:12Z,en,"['English', 'Variety', 'IRL', 'USA', 'gaming', 'korean', 'Cooking', 'music']",2026-08-03,01-45-33,Monday
317969724519,52366519,bastelnerd,509670,Science & Technology,766,2026-08-02T17:01:41Z,de,"['Denglisch', 'BastelNerd', 'Deutsch', 'PCBuilding', 'gamingpcbuilding', 'PCHardware', 'nerdy']",2026-08-03,01-45-33,Monday
318606856949,478784784,juanitokratosoff,33214,Fortnite,764,2026-08-02T18:19:31Z,es,"['Español', 'DropsActivados']",2026-08-03,01-45-33,Monday
316551114965,64173519,deadp47_,1885725941,Xenoblade Chronicles X: Definitive Edition,764,2026-08-02T15:39:13Z,ru,['Русский'],2026-08-03,01-45-33,Monday
319648020574,877214296,aaasunrise,518203,Sports,761,2026-08-02T17:01:09Z,en,"['English', 'WNBA', 'funny', 'reaction', 'Indiana', 'Lynx']",2026-08-03,01-45-33,Monday
315830838737,31220977,silithur,399457773,Bills Must Be Paid,760,2026-08-02T18:16:27Z,es,"['Español', 'English']",2026-08-03,01-45-33,Monday
318112082917,27187962,herdyn,509658,Just Chatting,759,2026-08-02T17:13:59Z,cs,['Čeština'],2026-08-03,01-45-33,Monday
316550092501,69616738,xth0rek,399457773,Bills Must Be Paid,758,2026-08-02T13:05:22Z,pl,"['Polski', 'drops', 'NoPixel']",2026-08-03,01-45-33,Monday
319646528478,1425176207,juntaurgente,1398657661,Anime Squad,758,2026-08-02T14:37:29Z,es,"['Español', 'ANHQV', 'juancuesta', 'juntaurgentee', 'AlwaysOn', 'radiopatio']",2026-08-03,01-45-33,Monday
317967813863,24973791,esport2tv,21779,League of Legends,756,2026-08-02T14:02:07Z,hu,"['esport', 'esports', 'official', 'Magyar', 'LEC', 'live', 'MSI', 'Worlds', 'lol', 'leagueoflegeneds']",2026-08-03,01-45-33,Monday
318112329317,1001195325,tommyadler,509658,Just Chatting,756,2026-08-02T17:33:52Z,de,"['Deutsch', 'lesen', 'Hundi', 'Märchen', 'Fabeln', 'cosy', 'entspannt']",2026-08-03,01-45-33,Monday
319766718688,939451515,juanlilshow,509658,Just Chatting,756,2026-08-02T00:46:27Z,en,"['English', 'funny', 'Juanlilshow', 'juan']",2026-08-03,01-45-33,Monday
320709391066,35916854,alkaizerx,26881,Grim Dawn,756,2026-08-02T16:09:10Z,en,['English'],2026-08-03,01-45-33,Monday
320709310426,32093909,ahlaundoh,18122,World of Warcraft,753,2026-08-02T16:01:39Z,en,['English'],2026-08-03,01-45-33,Monday
318702245591,88957496,metaphor,512710,Call of Duty: Warzone,753,2026-08-02T16:48:26Z,en,"['marmot', 'English']",2026-08-03,01-45-33,Monday
316579154134,267365594,surafps,401587136,Arena Breakout: Infinite,751,2026-08-02T11:30:06Z,en,"['English', 'Guides', 'solo', 'Tutorial', 'DropsEnabled']",2026-08-03,01-45-33,Monday
319649000542,181743137,xarola_,509672,IRL,750,2026-08-02T18:24:14Z,pt,"['Português', 'valorant', 'lindo', 'Nordeste', 'fortlev']",2026-08-03,01-45-33,Monday
319775372128,160409016,marcrebillet,817050991,Quake II,749,2026-08-02T17:31:04Z,en,['English'],2026-08-03,01-45-33,Monday
317967663975,99889461,hornetlul,500188,Hunt: Showdown 1896,747,2026-08-02T13:48:43Z,en,"['English', 'DropsEnabled']",2026-08-03,01-45-33,Monday
318110716645,53686757,denzelzockt,491931,Escape from Tarkov,745,2026-08-02T15:15:44Z,de,"['Entspannt', 'Hand', 'Evil', 'PädagogischWertvoll', 'NoPants', 'Busch', 'Wissenschaftlichempfohlen', 'Deutsch']",2026-08-03,01-45-33,Monday
317361276386,39692658,elojoninja,21779,League of Legends,743,2026-08-02T14:49:49Z,es,"['Español', 'LeagueofLegends', 'LoL', 'Didactico', 'MOBA', 'Ivern', 'LeeSin', 'Nidalee', 'Challenger', 'DropsActivados']",2026-08-03,01-45-33,Monday
319715468892,105458682,bobross,509660,Art,742,2026-08-02T14:31:37Z,en,['English'],2026-08-03,01-45-33,Monday
319648792542,700526126,blukitsune9,509658,Just Chatting,740,2026-08-02T18:07:18Z,en,"['English', 'Woman', 'Travel', 'IRL', 'VarietyGamer', 'girl', 'reaction', 'Friendly', 'tism', 'Crafting']",2026-08-03,01-45-33,Monday
318178063718,1113506814,hamburghafenlive,509672,IRL,738,2026-08-02T17:48:45Z,de,"['Hamburg', 'Deutsch']",2026-08-03,01-45-33,Monday
316623507156,827630416,kris_this,509658,Just Chatting,736,2026-08-02T18:03:22Z,ru,"['шоу', 'Россия', 'отношения', 'юмор', 'общение', 'Русский', 'Любовь', 'скандал', 'выживалити']",2026-08-03,01-45-33,Monday
317401128803,245691655,soyyosulive,329951934,Pokémon Community Game,736,2026-08-02T14:07:55Z,es,['Español'],2026-08-03,01-45-33,Monday
318175042662,36998510,rob2628,515024,Diablo IV,733,2026-08-02T13:19:50Z,en,"['English', 'Deutsch', 'ARPG']",2026-08-03,01-45-33,Monday
319716774492,456577681,xthefarmerx,29307,Path of Exile,733,2026-08-02T16:28:25Z,en,"['English', 'Bat', 'degeneracy', 'PoE']",2026-08-03,01-45-33,Monday
316549418197,790796770,ttobias_lol,21779,League of Legends,731,2026-08-02T11:12:52Z,pl,"['Polski', 'English', 'zed', 'OTP', 'Hardstyle', 'Midlane', 'Coaching', 'leagueoflegends', 'Challenger', 'music']",2026-08-03,01-45-33,Monday
316551087445,23050280,ghazzytv,1844320959,The Mound: Omen of Cthulhu,728,2026-08-02T15:35:24Z,en,['English'],2026-08-03,01-45-33,Monday
317403096803,44759993,ranzratte,32982,Grand Theft Auto V,726,2026-08-02T18:01:00Z,de,"['Deutsch', 'multiplayer', 'extraction', 'battleroyale', 'roleplay', 'Musikproduktion']",2026-08-03,01-45-33,Monday
317403106275,1298963766,bylanice,29595,Dota 2,722,2026-08-02T18:01:43Z,ru,"['English', 'Русский']",2026-08-03,01-45-33,Monday
316622487252,180114226,ranga,493057,PUBG: BATTLEGROUNDS,721,2026-08-02T16:00:31Z,ru,['Русский'],2026-08-03,01-45-33,Monday
316579047894,204505974,vangard,509658,Just Chatting,719,2026-08-02T11:09:13Z,en,"['English', 'Norway', 'powerlifter', 'Travel', 'IRL', 'Adventure', 'Survival']",2026-08-03,01-45-33,Monday
319772024288,141446299,sprooky,31339,Project Zomboid,717,2026-08-02T09:56:18Z,en,"['hey', 'wurt', 'slab', 'votv', 'English']",2026-08-03,01-45-33,Monday
318112396645,1435547097,schulzyaoking,32982,Grand Theft Auto V,716,2026-08-02T17:39:07Z,ru,"['Русский', 'Повтор']",2026-08-03,01-45-33,Monday
317383822692,92078908,tl_nero,21779,League of Legends,714,2026-08-02T09:55:16Z,el,"['Ελληνικά', 'LEC', 'LCK', 'jungle', 'LPL', 'ΤαDropΕνεργοποιήθηκαν']",2026-08-03,01-45-33,Monday
316623229652,1296761400,c1ymba_mt,1393304883,Mir Tankov,709,2026-08-02T17:31:24Z,ru,"['C1yMba', 'клумба', 'миртанков', 'русский', 'Русский']",2026-08-03,01-45-33,Monday
317140175351,27152377,boon,1662521612,"Sir, We Have an Orc Problem",708,2026-08-02T15:10:53Z,en,['English'],2026-08-03,01-45-33,Monday
316580403798,24641245,praden,1765783729,MOLE,707,2026-08-02T14:51:31Z,ru,"['Русский', 'Вараети', 'Геймер', 'Реактор', 'Комедия', 'Депрессия', 'Дислексия', 'СДВГ', 'Ключи']",2026-08-03,01-45-33,Monday
316581853526,63737082,anastaze,32399,Counter-Strike,707,2026-08-02T17:47:26Z,ru,['Русский'],2026-08-03,01-45-33,Monday
316621312340,65759224,nieuczesana,509658,Just Chatting,705,2026-08-02T13:10:51Z,pl,['Polski'],2026-08-03,01-45-33,Monday
317386563812,54892839,melyoh,1050003477,The Elder Scrolls V: Skyrim - Special Edition,705,2026-08-02T16:00:10Z,fr,"['VoiceActing', 'RPG', 'humour', 'LGBTQFriendly', 'Roleplay', 'Français', 'fantasy', 'Roleplay', 'openworld', 'Adventure']",2026-08-03,01-45-33,Monday
318702772695,161468834,saintontas,209738946,Wuthering Waves,704,2026-08-02T18:01:10Z,en,"['English', 'giveaway', 'DropsEnabled']",2026-08-03,01-45-33,Monday
315846099410,195846883,emaiza,500188,Hunt: Showdown 1896,704,2026-08-02T10:05:16Z,en,"['woman', 'horror', 'poop', 'random', 'Hunt', 'Burps', 'NoBackseating', 'English', 'Dane', 'DropsEnabled']",2026-08-03,01-45-33,Monday
318112126565,472526384,kelre0n,32982,Grand Theft Auto V,704,2026-08-02T17:17:35Z,de,"['Deutsch', 'gta', 'peak', 'RP', 'reaction', 'fivem', 'chaos']",2026-08-03,01-45-33,Monday
316621539156,114103239,kati,115977,The Witcher 3: Wild Hunt,703,2026-08-02T13:43:34Z,ru,"['Русский', 'Перекаты', 'Кринж']",2026-08-03,01-45-33,Monday
318173130342,24974812,manni2,29307,Path of Exile,702,2026-08-02T09:35:54Z,en,['English'],2026-08-03,01-45-33,Monday
318109897829,37810366,360chrism,19745,Pokémon Platinum Version,701,2026-08-02T13:57:25Z,en,"['English', 'European']",2026-08-03,01-45-33,Monday
319699528540,216400079,oshakonig,33214,Fortnite,700,2026-08-01T14:21:30Z,en,"['MUSICARTIST', 'PartneredStreamer', 'FortniteGamplay', 'English', 'FNCS', 'EpicCreator', 'rankedfortnite']",2026-08-03,01-45-33,Monday
318606785653,38129626,soldierfps71,32399,Counter-Strike,700,2026-08-02T18:09:28Z,pt,"['Português', 'cs']",2026-08-03,01-45-33,Monday
320822880603,27787567,iateyourpie,1837547428,Mystery,697,2026-08-02T17:33:36Z,en,"['English', 'PieCommunity', 'DropsEnabled', 'TeamN64', 'DiscordWars']",2026-08-03,01-45-33,Monday
317970438631,856071167,cemdercem31,509658,Just Chatting,696,2026-08-02T17:59:23Z,de,"['Horror', 'English', 'Deutsch', 'funny', 'scary']",2026-08-03,01-45-33,Monday
315875157075,808185165,albadubai,99798638,Tales Beyond the Tomb: No Witnesses,694,2026-08-02T17:38:16Z,es,"['Español', 'game', 'gameplay', 'juego']",2026-08-03,01-45-33,Monday
317140126199,1423946,gernaderjake,497057,Destiny 2,692,2026-08-02T14:57:49Z,en,"['Community', 'Friendly', 'English', 'giveaway', 'goodvibes', 'TalksToChat', 'PlayingwithViewers', 'EndGame']",2026-08-03,01-45-33,Monday
318701346903,471317143,lycommit,1910103699,THE FINALS,690,2026-08-02T13:47:17Z,en,"['English', 'thefinals', 'gaming', 'fps', 'pro', 'catgirl', 'arcraiders', 'DropsEnabled']",2026-08-03,01-45-33,Monday
316550435669,1193685437,samoylov___,401587136,Arena Breakout: Infinite,686,2026-08-02T14:00:16Z,ru,"['Russia', 'Русский', 'DropsВключены']",2026-08-03,01-45-33,Monday
319717063132,643055332,romainjacques_,512953,ELDEN RING,686,2026-08-02T16:51:34Z,fr,"['suisse', 'nintendo', 'playstation', 'Français', 'ZLAN', 'eldenring', 'challenge', 'ZLAN2025', 'cap48', 'aseptisé']",2026-08-03,01-45-33,Monday
318701356375,82373831,mortdog,1036710512,Palworld,686,2026-08-02T13:51:15Z,en,['English'],2026-08-03,01-45-33,Monday
316580061014,93820421,geppe,32982,Grand Theft Auto V,684,2026-08-02T14:00:27Z,sv,['Svenska'],2026-08-03,01-45-33,Monday
318108951909,455714840,sirthorstentv,500188,Hunt: Showdown 1896,678,2026-08-02T12:24:04Z,de,"['Deutsch', 'DropsAktiviert']",2026-08-03,01-45-33,Monday
318173778150,71324604,dkfogas1,29595,Dota 2,676,2026-08-02T11:03:33Z,ru,['Русский'],2026-08-03,01-45-33,Monday
316550199253,132675268,larem1n,1264310518,Marvel Rivals,676,2026-08-02T13:22:25Z,ru,"['якирилл', 'ура', 'овервотч', 'PoroSad', 'подхавчикзайдет', 'бутерсколбасой', 'Русский', 'deadinside', 'DropsВключены']",2026-08-03,01-45-33,Monday
318111518309,510756816,eltheodoro0,509658,Just Chatting,674,2026-08-02T16:29:54Z,de,"['justchatting', 'Deutsch', 'theo']",2026-08-03,01-45-33,Monday
317791562072,26551727,mang0,16282,Super Smash Bros. Melee,673,2026-08-02T15:18:36Z,en,['English'],2026-08-03,01-45-33,Monday
317387124452,94830708,sura,1282866981,Delta Force,673,2026-08-02T17:01:13Z,fr,"['Français', 'flashback', 'FlashbackWL', 'DropsActivés']",2026-08-03,01-45-33,Monday
317969382759,470335253,hamedloco,509658,Just Chatting,673,2026-08-02T16:32:35Z,de,['Deutsch'],2026-08-03,01-45-33,Monday
319716446172,697578274,nekrolina,509658,Just Chatting,673,2026-08-02T16:02:29Z,en,"['English', 'Vtuber', 'ADHD', 'BRAT']",2026-08-03,01-45-33,Monday
318603090421,181077473,gaules,31339,Project Zomboid,672,2026-08-02T03:20:02Z,pt,"['Português', 'DropsAtivados']",2026-08-03,01-45-33,Monday
317360815458,185866554,s3kox,263490,Rust,672,2026-08-02T13:56:08Z,es,"['Español', 'Rust', 'PvP', 'España', 'vanilla', 'estrategia', 'Raid', 'vanila', 'DropsActivados']",2026-08-03,01-45-33,Monday
319773860832,22186976,hcjustin,1525333074,Pathogenic,670,2026-08-02T15:15:43Z,en,['English'],2026-08-03,01-45-33,Monday
316317362803,552163752,niconini11369,516575,VALORANT,670,2026-08-02T11:02:20Z,zh,['中文'],2026-08-03,01-45-33,Monday
316552471125,452051715,shoxxie__,32982,Grand Theft Auto V,669,2026-08-02T18:22:39Z,ru,['Русский'],2026-08-03,01-45-33,Monday
317363263330,118977300,viggomagiccc,32399,Counter-Strike,669,2026-08-02T18:28:15Z,da,['Dansk'],2026-08-03,01-45-33,Monday
316549876437,55546371,hiltyha,12839,Heroes of Might and Magic III: The Restoration of Erathia,669,2026-08-02T12:31:06Z,ru,['Русский'],2026-08-03,01-45-33,Monday
318177114854,105406673,poltergegeistert,1414860634,The Binding of Isaac: Repentance,668,2026-08-02T16:32:01Z,en,"['chat', 'English', 'loud', 'Poltergeist', 'isaac', 'goodrun', 'polter']",2026-08-03,01-45-33,Monday
317969151719,68990469,ronbielecki,498566,Slots,668,2026-08-02T16:11:50Z,de,"['Deutsch', 'entzünden', 'tornado', 'slots', 'Malta', 'zigarre', 'entrepreneur', 'connoisseur']",2026-08-03,01-45-33,Monday
319775360608,632582385,maxggs,509658,Just Chatting,666,2026-08-02T17:30:06Z,en,"['ENGLISH', 'HEHIM', 'IRL', 'MIDOFFS', 'AVERAGEHARRYSFRIEND', 'JONNAAY', 'yo', 'English', 'EXQSMPMEMBER']",2026-08-03,01-45-33,Monday
319776109152,36973271,geega,509658,Just Chatting,666,2026-08-02T18:29:57Z,en,"['English', 'Vtuber', 'groceries', 'corn', 'NoPixel', 'Evil', 'CancerSurvivor']",2026-08-03,01-45-33,Monday
317140394359,421560387,itsryanhiga,2021019887,Pokelike,666,2026-08-02T16:10:05Z,en,"['english', 'English']",2026-08-03,01-45-33,Monday
317362325986,106867975,skain,21779,League of Legends,665,2026-08-02T16:49:24Z,es,['Español'],2026-08-03,01-45-33,Monday
316260751090,1016942766,kyoyu_shiroya,263490,Rust,665,2026-08-02T09:45:33Z,ja,"['VTuber', '日本語', 'ネタバレ禁止', 'ネタバレ注意', 'のりプロ', '雑談', 'ストグラ', 'Drops有効']",2026-08-03,01-45-33,Monday
318176783462,66019478,korbendetka,27546,World of Tanks,664,2026-08-02T16:00:36Z,ru,"['Русский', 'korben', 'WorldofTanks', 'корбен']",2026-08-03,01-45-33,Monday
319644842206,147487993,tommathan,515025,Overwatch,663,2026-08-02T08:52:50Z,en,"['English', 'CostcoExecutiveMember', 'COSTREAM', 'Agency', 'OWCS', 'EWC', 'DropsEnabled', 'EsportsWorldCup2026']",2026-08-03,01-45-33,Monday
318172657894,58448005,zazzone230,1053154439,Vegas Infinite by PokerStars,661,2026-08-02T08:23:30Z,it,"['Italiano', 'DropAbilitati']",2026-08-03,01-45-33,Monday
318178353766,608304717,punisherenlive,509658,Just Chatting,661,2026-08-02T18:07:45Z,fr,['Français'],2026-08-03,01-45-33,Monday
317140425079,36439445,darthmicrotransaction,1844320959,The Mound: Omen of Cthulhu,661,2026-08-02T16:17:59Z,en,['English'],2026-08-03,01-45-33,Monday
315830350033,20502899,metro,2132205352,Deadlock,661,2026-08-02T16:00:22Z,en,"['English', 'Deutsch', 'deadlock', 'Eternus']",2026-08-03,01-45-33,Monday
320821586395,17206877,yumytv,18122,World of Warcraft,660,2026-08-02T15:46:52Z,en,['English'],2026-08-03,01-45-33,Monday
316623281492,207492440,anjouu,27471,Minecraft,659,2026-08-02T17:37:55Z,en,"['English', 'FORSEN', 'MCSR', 'MCSRRANKED', 'SPEEDRUN', 'SPEEDRUNNING', 'HOROBRINE666', 'TOP500', 'TRACERGOAT', 'XQC']",2026-08-03,01-45-33,Monday
320823350875,118344827,elgamerwicho,1663723394,Gears of War: E-Day,659,2026-08-02T18:07:06Z,es,"['GEARS', 'englIsh', 'comedia', 'humor', 'Español']",2026-08-03,01-45-33,Monday
318173365222,133621591,wakayashi,386821,Black Desert,657,2026-08-02T10:07:51Z,de,"['MMORPG', 'MMO', 'Deutsch', 'English', 'sauercrowd', 'DropsAktiviert']",2026-08-03,01-45-33,Monday
317386024036,30196776,squirrel,491189,Scrap Mechanic,656,2026-08-02T14:59:51Z,en,"['simulation', 'familyfriendly', 'educational', 'Educational', 'English', 'NoOneSearchesTags', 'TaggyMcTagFace']",2026-08-03,01-45-33,Monday
319773349088,47391636,octane,23894,Call of Duty: Black Ops,654,2026-08-02T14:18:15Z,en,['English'],2026-08-03,01-45-33,Monday
316623492052,560368412,mabelend,509658,Just Chatting,654,2026-08-02T18:01:51Z,ru,['Русский'],2026-08-03,01-45-33,Monday
317401178851,879861299,valorant_es,516575,VALORANT,654,2026-08-02T14:13:49Z,es,['Español'],2026-08-03,01-45-33,Monday
318670285172,32115632,tixinhadois,516575,VALORANT,653,2026-08-02T14:03:19Z,pt,"['Português', 'valorant']",2026-08-03,01-45-33,Monday
317362904418,596232487,bek1ng,512710,Call of Duty: Warzone,650,2026-08-02T17:53:53Z,fr,"['Warzone', 'Français']",2026-08-03,01-45-33,Monday
316622363348,91538537,pevor13,32399,Counter-Strike,650,2026-08-02T15:44:00Z,pl,['Polski'],2026-08-03,01-45-33,Monday
320651774041,94166134,dylandubs,1264310518,Marvel Rivals,650,2026-08-02T14:24:31Z,en,"['English', 'DropsEnabled']",2026-08-03,01-45-33,Monday
317969118183,506611431,mira004,21779,League of Legends,650,2026-08-02T16:09:18Z,en,"['girls', 'woman', 'chatting', 'princess', 'english', 'magyar', 'English']",2026-08-03,01-45-33,Monday
318109926501,179597489,valle,32982,Grand Theft Auto V,647,2026-08-02T14:00:01Z,de,"['GrandTheftAuto5', 'RollenSpiel', 'Deutsch', 'Roleplay', 'german']",2026-08-03,01-45-33,Monday
317969839719,94606599,teamkrado,32502,World of Warships,645,2026-08-02T17:10:49Z,de,"['PVP', 'Hardcore', 'FUN', 'Deutsch', 'DropsAktiviert']",2026-08-03,01-45-33,Monday
320820084827,119981767,shobek,24241,FINAL FANTASY XIV ONLINE,640,2026-08-02T12:32:06Z,en,"['MMORPG', 'English', 'MMO', 'ADHDStreamer', 'adhd', 'ADHDfriendly', 'worldofwarcraft', 'wow', 'DropsEnabled']",2026-08-03,01-45-33,Monday
317968139751,264688910,sierrakidd,509658,Just Chatting,640,2026-08-02T14:35:12Z,de,"['IRL', 'Deutsch', 'cool']",2026-08-03,01-45-33,Monday
316622069716,1077117433,pepeshot101,983841243,Off The Grid,639,2026-08-02T15:04:26Z,en,"['English', 'Ukrainian', 'OTG', 'justcchatting']",2026-08-03,01-45-33,Monday
317387783396,49474235,misterjday,510218,Among Us,638,2026-08-02T18:14:51Z,fr,['Français'],2026-08-03,01-45-33,Monday
317966938343,118288907,pwnage,516588,Rise Online,637,2026-08-02T12:39:54Z,tr,"['Türkçe', 'MMORPG', 'JustChatting', 'RiseOnline', 'DroplarEtkin']",2026-08-03,01-45-33,Monday
316581526998,133208673,redpandash,401587136,Arena Breakout: Infinite,637,2026-08-02T17:08:48Z,ru,"['Русский', 'PvP', 'вайбик', 'разговор', 'DropsВключены']",2026-08-03,01-45-33,Monday
318112181733,48481281,blindermine,29307,Path of Exile,636,2026-08-02T17:22:09Z,ru,"['Русский', 'ХК', 'хкссф', 'владос', 'горностай']",2026-08-03,01-45-33,Monday
318108344421,44788314,powerofevil,21779,League of Legends,633,2026-08-02T11:19:03Z,de,"['Challenger', 'Midlane', 'Deutsch', 'DropsAktiviert']",2026-08-03,01-45-33,Monday
317401122403,30773592,djboucherie,1554543571,Photomaly,633,2026-08-02T14:07:05Z,fr,"['humour', 'metal', 'animation', 'gaming', 'énergique', 'Français', 'multigaming', 'animateur', 'HorrorStreamer', 'survivalhorrorgames']",2026-08-03,01-45-33,Monday
318112796005,728794922,danycaligula,509658,Just Chatting,631,2026-08-02T18:08:31Z,fr,"['culture', 'philosophie', 'humour', 'psychologie', 'lgbtq', 'react', 'sport', 'Français', 'Actualités', 'jeuxvidéo']",2026-08-03,01-45-33,Monday
317970090727,803142740,alibumayetv,1820839024,MECCHA CHAMELEON,630,2026-08-02T17:31:36Z,de,['Deutsch'],2026-08-03,01-45-33,Monday
317789026392,534800615,ijustlovepuzzles,7331,Jigsaw Puzzle,629,2026-08-02T05:08:37Z,en,"['JigsawPuzzles', 'TwitchAmbassador', 'HiddenGem2025', '3xBIPOCAwardWinner', 'Black', 'AllyLGBTQIA', 'English', 'StreamerUniversity2026']",2026-08-03,01-45-33,Monday
316622868692,770762177,mariospzoo,509658,Just Chatting,628,2026-08-02T16:49:26Z,pl,['Polski'],2026-08-03,01-45-33,Monday
316550314581,84495343,maailinh,133897,"Papers, Please",628,2026-08-02T13:41:12Z,pl,['Polski'],2026-08-03,01-45-33,Monday
318108818149,234775606,vulpixie,24241,FINAL FANTASY XIV ONLINE,627,2026-08-02T12:09:51Z,en,"['English', 'vtuber', 'ENVtuber', 'anime', 'vulpixie', 'ALOO', 'NoSpoilersNoBackseating', 'squonkqueen', 'DropsEnabled']",2026-08-03,01-45-33,Monday
317969181415,123930975,thunderpicktv,32399,Counter-Strike,624,2026-08-02T16:14:49Z,en,"['English', 'CS2', 'ThunerpickWC', 'Competitive', 'Esports', 'ThunderpickWC', 'ThunderpickWorld2025']",2026-08-03,01-45-33,Monday
318172053222,98048949,javierrlol,21779,League of Legends,623,2026-08-02T06:18:30Z,es,"['Mid', 'EUW', 'Challenger', 'Smurfing', 'GGWP', 'Zoe', 'Español', 'LVP']",2026-08-03,01-45-33,Monday
317964370535,36009345,thekller,510218,Among Us,622,2026-08-02T06:51:12Z,de,['Deutsch'],2026-08-03,01-45-33,Monday
318670674804,128775333,coreano,291417894,Tinkerlands,621,2026-08-02T15:28:30Z,pt,"['Português', 'DropsAtivados']",2026-08-03,01-45-33,Monday
318533859190,62654891,albatrox18,29307,Path of Exile,621,2026-08-02T15:00:10Z,pt,['Português'],2026-08-03,01-45-33,Monday
318171615590,116640861,cispapa,29595,Dota 2,618,2026-08-02T04:01:09Z,ru,"['Русский', 'dota2', 'дота2', 'спирит', 'BLAST', 'EPL', 'Cis', 'Spirit', 'Dota2International', 'ставки']",2026-08-03,01-45-33,Monday
320818250715,141661193,lyesval,464339927,ARC Raiders,615,2026-08-02T06:42:29Z,en,"['english', 'radiant', 'esexaddict', 'egirl', 'arcraiders', 'dropsenabled', 'English']",2026-08-03,01-45-33,Monday
320820686939,160010466,elly,386821,Black Desert,615,2026-08-02T14:08:04Z,en,"['English', 'elly', 'Vtuber', 'spanish', 'México', 'WordOfTheDay', 'Comedy', 'DropsEnabled']",2026-08-03,01-45-33,Monday
318701588951,699585851,cawcawtv,19976,MapleStory,613,2026-08-02T14:51:08Z,en,['English'],2026-08-03,01-45-33,Monday
315829484881,106859893,joka,538054672,TEKKEN 8,611,2026-08-02T11:22:08Z,en,"['English', 'Tekken', 'FGC', 'Competitive', 'eSports', 'Pro', 'ContentCreator']",2026-08-03,01-45-33,Monday
317969930215,56863404,joshmaen1,32982,Grand Theft Auto V,610,2026-08-02T17:18:34Z,de,"['roleplay', 'unscripted', 'reddeadredemption2', 'Deutsch', 'RP', 'GTARP', 'reaction', 'StarCitizen']",2026-08-03,01-45-33,Monday
319634507870,97160118,vincentsmg,263490,Rust,610,2026-08-01T17:58:59Z,en,"['English', 'Rust', 'Vincent', 'gaming', 'rustdrops', 'Rustdrop', 'ruststreamer', 'newgame', 'facepunch', 'Rustupdate']",2026-08-03,01-45-33,Monday
317791019352,782947440,policechasenetwork,509658,Just Chatting,610,2026-08-02T12:08:56Z,en,"['English', 'feet']",2026-08-03,01-45-33,Monday
318597817973,438686523,trollzinha,386821,Black Desert,609,2026-08-01T17:00:11Z,pt,"['Português', 'Vtuber', 'Shai', 'English', 'Русский', 'Español', 'Ｖｔｕｂｅｒ', 'Lahn', 'PIX', 'VtuberBR']",2026-08-03,01-45-33,Monday
318606846325,30458295,frttt,516575,VALORANT,609,2026-08-02T18:17:59Z,pt,"['Português', 'DropsAtivados']",2026-08-03,01-45-33,Monday
317402555619,783648767,thinkingmansvalo,516575,VALORANT,608,2026-08-02T17:00:30Z,en,"['AngryManDoStream', 'Stop', 'Reading', 'Tags', 'English']",2026-08-03,01-45-33,Monday
319716631772,459898171,tenacitytv,30921,Rocket League,607,2026-08-02T16:17:43Z,en,"['English', 'TTS', 'BaldStreamer']",2026-08-03,01-45-33,Monday
317387843684,138004464,ap_r0se,32982,Grand Theft Auto V,606,2026-08-02T18:21:15Z,fr,"['Français', 'flashback', 'gtarp', 'Roleplay', 'GTAⅤ', 'FlashbackWL']",2026-08-03,01-45-33,Monday
316549279061,1353048347,finbeastmodeee,263490,Rust,605,2026-08-02T10:46:54Z,fi,"['english', 'suomi', 'Suomi', 'DropitKäytössä']",2026-08-03,01-45-33,Monday
317791868248,700115497,babydollobscurity,499003,VRChat,605,2026-08-02T16:31:28Z,en,['English'],2026-08-03,01-45-33,Monday
319716021468,146326830,snaddyy,2094865572,SMITE 2,605,2026-08-02T15:26:26Z,en,"['English', 'DropsEnabled']",2026-08-03,01-45-33,Monday
318109061221,3818382,savyultras90,512710,Call of Duty: Warzone,604,2026-08-02T12:35:48Z,it,"['savyultras', 'warzone', 'wsow', 'challenge', 'Italiano', 'English', 'DropAbilitati']",2026-08-03,01-45-33,Monday
318110732005,404813066,flokox,624536948,EA Sports FC 26,603,2026-08-02T15:17:29Z,it,"['Italiano', 'FC26', 'worldcup', 'DropAbilitati']",2026-08-03,01-45-33,Monday
317376375780,1110808352,cineillojuan,499973,Always On,603,2026-08-01T12:18:33Z,es,"['Español', 'Repetir']",2026-08-03,01-45-33,Monday
318174199270,181677239,l4hmadju,29595,Dota 2,602,2026-08-02T11:56:05Z,ru,"['Lahma', 'Lahmadju', 'Lajma', 'Русский']",2026-08-03,01-45-33,Monday
318110477413,75309526,bucher,516575,VALORANT,602,2026-08-02T14:54:49Z,de,"['Deutsch', 'pro', 'Esports', 'radiant', 'DropsAktiviert']",2026-08-03,01-45-33,Monday
319716750172,559226522,jaytracerr,796500915,Halo: Campaign Evolved,602,2026-08-02T16:26:20Z,en,"['English', 'Coffee', 'chill', 'playthrough', 'Woman', 'Chatty', 'wlw', 'Cozy', 'DropsEnabled']",2026-08-03,01-45-33,Monday
318178174182,65293646,inoiizy,1820839024,MECCHA CHAMELEON,602,2026-08-02T17:56:37Z,de,"['german', 'deutsch', 'gym', 'Fitness', 'Groß', 'Deutsch']",2026-08-03,01-45-33,Monday
316581963862,848789465,yamat0us3r,29452,Virtual Casino,602,2026-08-02T18:00:10Z,ru,"['Русский', 'English']",2026-08-03,01-45-33,Monday
319775752160,465079079,mariabagatti,116747788,"Pools, Hot Tubs, and Beaches",601,2026-08-02T18:02:24Z,en,"['English', 'gymgirl', 'fitness', 'workout', 'rerun']",2026-08-03,01-45-33,Monday
318605118325,57413515,ralisco,852009328,Mistfall Hunter,599,2026-08-02T12:31:17Z,pt,"['Português', 'DropsAtivados']",2026-08-03,01-45-33,Monday
317968600295,37526022,radlerauge,31339,Project Zomboid,595,2026-08-02T15:20:16Z,de,"['deutsch', 'lettisch', 'Deutsch', 'dropsaktiviert', 'anno117']",2026-08-03,01-45-33,Monday
318177095014,591133033,bonustrio,498566,Slots,594,2026-08-02T16:30:19Z,de,"['Deutsch', 'Englisch', 'Österreich', 'Schweiz', 'giveaway', 'slots', 'casino']",2026-08-03,01-45-33,Monday
319773760480,3393813,eevisu,504461,Super Smash Bros. Ultimate,593,2026-08-02T15:04:34Z,en,['English'],2026-08-03,01-45-33,Monday
318172542310,928821835,lefloidlive,509658,Just Chatting,593,2026-08-02T08:03:58Z,de,"['lefloid', 'Comedy', 'reactions', 'chattingwithviewers', 'Deutsch', 'MentalHealth', 'Deeptalk', 'Dokus', 'gaming', 'VibingWithChat']",2026-08-03,01-45-33,Monday
320651994969,55899594,corgicam,66082,Games + Demos,590,2026-08-02T14:52:35Z,en,"['English', 'Vtuber', 'Furry', 'LGBTQIAPlusAlly', 'short', 'LOUD', 'Interactive', 'ClosedCaptions', 'Yapper', 'DropsEnabled']",2026-08-03,01-45-33,Monday
316574912854,632543201,szzalony,516575,VALORANT,590,2026-08-01T17:54:37Z,pl,['Polski'],2026-08-03,01-45-33,Monday
318701363415,1132877357,franbeuve,509672,IRL,588,2026-08-02T13:52:24Z,es,['Español'],2026-08-03,01-45-33,Monday
320652001369,28640725,lobosjr,9435,The Legend of Zelda: A Link to the Past,587,2026-08-02T14:53:11Z,en,"['voiceactor', 'chill', 'rpg', 'English', 'vgm', 'soulslike', 'Retro', 'nostalgía']",2026-08-03,01-45-33,Monday
317969160551,465123568,brohan,21779,League of Legends,586,2026-08-02T16:12:41Z,en,"['English', 'ASMR', 'german']",2026-08-03,01-45-33,Monday
315847102546,127387636,flareycs,32399,Counter-Strike,584,2026-08-02T15:43:02Z,en,"['English', 'ADHD', 'skins', 'music', 'CS2', 'UK', 'tradeups']",2026-08-03,01-45-33,Monday
318671650932,102786914,cooruja,515025,Overwatch,583,2026-08-02T18:12:44Z,pt,"['SafeSpace', 'Sorteios', 'DiablolV', 'LordOfHatredBR', 'OWBrasilSorteio', 'Português', 'overwatch', 'OWBRTemporada3', 'DropsAtivados']",2026-08-03,01-45-33,Monday
317966394855,653658824,kil0minati,509658,Just Chatting,582,2026-08-02T11:41:28Z,de,"['Rauschgift', 'Extremismus', 'Satire', 'Deutsch']",2026-08-03,01-45-33,Monday
318112967141,142181685,velja_lol,21779,League of Legends,581,2026-08-02T18:22:11Z,en,"['LeagueOfLegends', 'challenger', 'English', 'DropsEnabled']",2026-08-03,01-45-33,Monday
320687358810,1389671297,shinchan_oficial,1398657661,Anime Squad,581,2026-08-01T06:32:31Z,es,['Español'],2026-08-03,01-45-33,Monday
315870050536,82695830,arven93,1144717324,Gothic 1 Remake,580,2026-08-02T15:12:33Z,ru,"['Русский', 'arven93', 'motovlog', 'moto', 'arenabreakout', 'Arena', 'arenabreakoutinfinite', 'Арена', 'аренабрекаут', 'arven']",2026-08-03,01-45-33,Monday
317387504740,419394030,alvarostorm,21779,League of Legends,580,2026-08-02T17:47:14Z,es,"['Español', 'DropsActivados']",2026-08-03,01-45-33,Monday
318176174438,44864184,sola,21779,League of Legends,578,2026-08-02T15:01:18Z,de,"['Deutsch', 'DropsAktiviert']",2026-08-03,01-45-33,Monday
318605423221,52203144,gratis150ml,21779,League of Legends,578,2026-08-02T13:58:19Z,pt,"['Português', 'ragnarok', 'MMORPG', 'gratis150ml', 'lindo']",2026-08-03,01-45-33,Monday
318702162135,645185149,doogile,27471,Minecraft,578,2026-08-02T16:34:20Z,en,"['speedrun', 'mcsr', 'ranked', 'doogie', 'English']",2026-08-03,01-45-33,Monday
318174827238,32207400,feinekatze,510218,Among Us,574,2026-08-02T13:00:28Z,de,['Deutsch'],2026-08-03,01-45-33,Monday
316622739796,604779669,weeeny_,493057,PUBG: BATTLEGROUNDS,574,2026-08-02T16:32:36Z,ru,['Русский'],2026-08-03,01-45-33,Monday
320653761241,846654052,andrewuhrik,509658,Just Chatting,573,2026-08-02T17:32:59Z,en,"['English', 'streameruniversity', 'streameruniversity2026', 'kaicenat', 'dukedennis', 'Andrew', 'fanum', 'streameru', 'rodwave', 'wendyortiz']",2026-08-03,01-45-33,Monday
316579886294,59691493,mat_,509658,Just Chatting,573,2026-08-02T13:32:39Z,da,['Dansk'],2026-08-03,01-45-33,Monday
318176145638,63179445,kuruhs,6025,Test Drive Unlimited,573,2026-08-02T14:59:45Z,en,"['English', 'Speedrun', 'Racing']",2026-08-03,01-45-33,Monday
318178114406,102440358,arcadebulls,31339,Project Zomboid,573,2026-08-02T17:52:25Z,cs,"['Čeština', 'English', 'Community']",2026-08-03,01-45-33,Monday
317359031778,73987082,revenja,33214,Fortnite,572,2026-08-02T09:38:53Z,fr,"['Français', 'Fortnite', 'English', 'DropsActivés']",2026-08-03,01-45-33,Monday
318112351205,608659353,mariosturniolo,509658,Just Chatting,571,2026-08-02T17:35:22Z,it,['Italiano'],2026-08-03,01-45-33,Monday
318107652069,138310362,chefstrobel,32399,Counter-Strike,571,2026-08-02T09:53:34Z,de,['Deutsch'],2026-08-03,01-45-33,Monday
319716807260,25766032,wintergaming,813773698,ZeroSpace,570,2026-08-02T16:31:12Z,en,"['Chill', 'English', 'Salt', 'RTS', 'Strategy', 'DropsEnabled']",2026-08-03,01-45-33,Monday
319717104732,43830727,kinggothalion,417752,Talk Shows & Podcasts,567,2026-08-02T16:54:59Z,en,"['organic', 'NotEmbedded', 'English', 'TalksToChat', 'NoReruns']",2026-08-03,01-45-33,Monday
317402558435,46526453,triplaxion,32982,Grand Theft Auto V,566,2026-08-02T17:00:44Z,fr,"['Français', '2k', 'multigaming', 'StarCitizen', 'horreur', 'Roleplay', 'DropsActivés']",2026-08-03,01-45-33,Monday
317783875032,1488107072,coconutb__247,263490,Rust,565,2026-08-01T17:58:54Z,en,"['English', 'DropsEnabled']",2026-08-03,01-45-33,Monday
317386395236,99422402,agustin51,32399,Counter-Strike,564,2026-08-02T15:41:41Z,es,"['fortnite', 'dragonball', 'Agustin51', 'Magus', 'BattleRoyale', 'EscuadrónSalchichón', 'Ojosllorosos', 'Español']",2026-08-03,01-45-33,Monday
316580937814,926384072,meowh0cki,509658,Just Chatting,564,2026-08-02T15:59:24Z,ru,"['Русский', 'Аниме', 'Яйца', '42iqстример', '42iqмодеры', 'адекватность']",2026-08-03,01-45-33,Monday
320709998170,58365850,noodlewolfvt,509659,ASMR,562,2026-08-02T17:02:48Z,en,"['Vtuber', 'ASMR', 'Woman', 'girl', 'mommy', 'English', 'Cozy', 'feet', 'Autism', 'Autistic']",2026-08-03,01-45-33,Monday
317354232290,126287193,blaize,23020,ROBLOX,562,2026-08-01T17:44:06Z,fr,"['Français', 'BLAIZE', 'DropsActivés']",2026-08-03,01-45-33,Monday
316260802802,226535110,ukyochi_jp,263490,Rust,561,2026-08-02T10:00:40Z,ja,"['日本語', 'Vtuber', 'Drops有効']",2026-08-03,01-45-33,Monday
315846762066,97706114,weswoes,33214,Fortnite,560,2026-08-02T13:55:23Z,nl,"['Nederlands', 'DropsIngeschakeld']",2026-08-03,01-45-33,Monday
318178724838,25821344,shenpai,24241,FINAL FANTASY XIV ONLINE,559,2026-08-02T18:36:15Z,en,"['English', 'OhGodHelpMe', 'NoBackseating', 'Bisexual', 'WomenKisser', 'yaoiconnoisseur', 'ADHD', 'DropsEnabled']",2026-08-03,01-45-33,Monday
317966060775,45084432,ixxdeee,138585,Hearthstone,559,2026-08-02T11:02:27Z,en,"['Battlegrounds', 'MMR', 'Autobattler', 'BG', 'English']",2026-08-03,01-45-33,Monday
318532965750,484136594,massroon,19619,Tibia,558,2026-08-02T09:58:19Z,pt,"['Português', 'MMORPG', 'Gostoso', 'Orebound', 'pxg']",2026-08-03,01-45-33,Monday
318109856357,40256561,lebed93,138585,Hearthstone,558,2026-08-02T13:53:20Z,uk,"['StandWithUkraine', 'украЇнською', 'Українська', 'Ukraine', 'UA', 'Україна', 'Hearhstone', 'Ladder', 'LadderClimbing', 'DropsУвімкнено']",2026-08-03,01-45-33,Monday
316316973427,777241187,kiruma_ch,263490,Rust,558,2026-08-02T09:11:34Z,ja,"['日本語', 'ネタバレ禁止', 'Drops有効']",2026-08-03,01-45-33,Monday
316253684977,138290748,nohoho12,504461,Super Smash Bros. Ultimate,556,2026-08-02T15:17:56Z,ja,"['日本語', '初見さん歓迎', 'コメントたすかる']",2026-08-03,01-45-33,Monday
317361910370,154054375,catboat,796500915,Halo: Campaign Evolved,555,2026-08-02T16:02:48Z,fr,"['MaleVtuber', 'femboy', 'LGBT', 'Furry', 'Vtuber', 'vrchat', 'Français', 'VTuberFR', 'VTuberEN', 'Autisme']",2026-08-03,01-45-33,Monday
318110563173,75973193,toperec,65632,DayZ,554,2026-08-02T15:02:02Z,en,"['dayz', 'pvp', 'survival', 'English']",2026-08-03,01-45-33,Monday
316549270741,24811779,wagamamatv,29595,Dota 2,553,2026-08-02T10:45:24Z,en,['English'],2026-08-03,01-45-33,Monday
318109547749,489860001,ninuschk,417528,Albion Online,553,2026-08-02T13:23:11Z,en,"['TechnoDJ', 'pvp', 'English', 'DropsEnabled']",2026-08-03,01-45-33,Monday
316552376917,173242119,degst3r,32399,Counter-Strike,553,2026-08-02T18:10:58Z,ru,"['cs', 'RU', 'Русский', 'degster', 'прокачка', 'прокачкаинвентаря']",2026-08-03,01-45-33,Monday
319624909278,51115394,midnightsumo,509658,Just Chatting,553,2026-07-31T23:53:47Z,en,"['English', 'Japan', 'Sumo', 'Wrestling', 'ADHD', 'Pokemon', 'Japanese', 'Food', 'Travel', 'NotACat']",2026-08-03,01-45-33,Monday
317968447847,106604356,einfachhunt,32982,Grand Theft Auto V,550,2026-08-02T15:05:28Z,de,['Deutsch'],2026-08-03,01-45-33,Monday
318605673077,412088077,rodrigobugado,19619,Tibia,549,2026-08-02T14:49:18Z,pt,['Português'],2026-08-03,01-45-33,Monday
317969012199,98511669,fearplay,27471,Minecraft,548,2026-08-02T16:00:30Z,ru,"['Русский', 'Фир', 'Майнкрафт', 'Киберспорт', 'minecraft', 'Профессионал', 'FearPlay']",2026-08-03,01-45-33,Monday
318178151654,557021359,r3dxvelvet,509658,Just Chatting,547,2026-08-02T17:55:12Z,en,['English'],2026-08-03,01-45-33,Monday
315869844307,113058762,misspolaroid,21779,League of Legends,547,2026-08-01T09:54:55Z,es,"['Español', 'English', 'IRL', 'leagueoflegends', 'girl', 'game']",2026-08-03,01-45-33,Monday
317965760359,413138671,glutonnyssb,504461,Super Smash Bros. Ultimate,547,2026-08-02T10:25:19Z,fr,['Français'],2026-08-03,01-45-33,Monday
316615381332,30175806,vetal_911,27284,Retro,545,2026-08-01T16:15:15Z,ru,['Русский'],2026-08-03,01-45-33,Monday
316551753301,809836546,alaskanyan,509658,Just Chatting,544,2026-08-02T16:58:48Z,ru,"['Русский', 'Vtuber', 'cringe', 'Витубер', 'дотазавтра', 'злое', 'ДОБРОИПОЗИТИВ', 'DropsВключены']",2026-08-03,01-45-33,Monday
318606569205,142974849,4fungamingg,31339,Project Zomboid,544,2026-08-02T17:36:29Z,es,['Español'],2026-08-03,01-45-33,Monday
318107075941,894303045,ckaiba9,29307,Path of Exile,544,2026-08-02T08:30:34Z,ru,['Русский'],2026-08-03,01-45-33,Monday
317384817124,38822100,titavion,8118,Star Wars: Knights of the Old Republic II - The Sith Lords,541,2026-08-02T12:29:17Z,fr,"['Français', 'Vieux']",2026-08-03,01-45-33,Monday
317362866274,494122889,hlib_tv,32982,Grand Theft Auto V,541,2026-08-02T17:49:55Z,fr,"['Français', 'FlashbackWL', 'Hlib', 'flashbackv6', 'Jazire']",2026-08-03,01-45-33,Monday
320704606298,51847140,chad,65632,DayZ,540,2026-08-02T04:46:56Z,en,"['Chad', 'English']",2026-08-03,01-45-33,Monday
318095930085,265924246,berbatow,509663,Special Events,540,2026-08-01T06:53:37Z,de,"['English', 'Deutsch', 'drops', 'EWC', 'EWC2026', 'DropsAktiviert']",2026-08-03,01-45-33,Monday
316611652948,9528182,chilledchaos,499973,Always On,539,2026-08-01T04:06:18Z,en,"['English', 'ItalianSafeSpace', 'ChilledChaos', 'LyingEncouraged', 'seventeencarat', 'AmongUs', 'Multiplayer']",2026-08-03,01-45-33,Monday
317389586147,78131255,enardo,263490,Rust,538,2026-08-01T00:24:00Z,en,"['english', 'rust', 'femboy', 'drops', 'English']",2026-08-03,01-45-33,Monday
319645813214,75975979,amazonian,2748,Magic: The Gathering,538,2026-08-02T12:58:51Z,en,"['LGBTQIAPlus', 'English', 'Casual', 'TCG', 'TradingCardGames', 'Chill', 'Transformers', 'PositiveVibes', 'cat', 'Boston']",2026-08-03,01-45-33,Monday
318176826854,155042124,kurtiskush,32982,Grand Theft Auto V,536,2026-08-02T16:03:54Z,de,"['Deutsch', 'Comedy', 'Communityfreundlich', 'Rollenspiel']",2026-08-03,01-45-33,Monday
318178193126,455700250,falusiarahan,66082,Games + Demos,536,2026-08-02T17:58:07Z,hu,['Magyar'],2026-08-03,01-45-33,Monday
318112839909,156356155,kappapridesummoner,509658,Just Chatting,535,2026-08-02T18:11:57Z,ru,"['Русский', 'Беженец', 'Эмигрант', 'Austria', 'RollingLoud']",2026-08-03,01-45-33,Monday
318178155238,121676028,ashlizzlle,2748,Magic: The Gathering,535,2026-08-02T17:55:28Z,en,"['English', 'LGBTQ']",2026-08-03,01-45-33,Monday
319774671200,166633913,loldonatello,1264310518,Marvel Rivals,534,2026-08-02T16:31:26Z,en,"['top500', 'English', 'DropsEnabled']",2026-08-03,01-45-33,Monday
319717968220,178870986,nickich,21779,League of Legends,533,2026-08-02T18:00:22Z,en,"['English', 'lit', 'Gaslighting', 'slowstrokesonly', 'WomensRights', 'MIDDIFF']",2026-08-03,01-45-33,Monday
318112573797,418100877,priv4cy,511224,Apex Legends,533,2026-08-02T17:53:45Z,en,"['English', 'apexlegends', 'apex', 'apexcompetitive', 'LAN', 'ALGS', 'vodreview', 'DropsEnabled']",2026-08-03,01-45-33,Monday
317953433319,268540895,hotbeatstv,1669431183,DJs,532,2026-08-01T07:20:52Z,en,"['ElectronicMusic', 'DJ', 'Techno', 'IRL', 'music', 'EDM', 'event', 'Studio', 'Dance', 'DanceMusic']",2026-08-03,01-45-33,Monday
317362509794,123579297,aloonea,1763263,nanos world,532,2026-08-02T17:08:47Z,fr,['Français'],2026-08-03,01-45-33,Monday
316581268822,1308020527,sshaceww,32982,Grand Theft Auto V,531,2026-08-02T16:39:19Z,ru,"['Русский', 'gta5rp', 'GrandTheftAutoV', 'Redux', 'MajesticRP', 'Memphis', 'sshaceww', 'LaPuerta', 'Badge']",2026-08-03,01-45-33,Monday
318112484837,168348436,xrick75,32982,Grand Theft Auto V,531,2026-08-02T17:46:38Z,de,['Deutsch'],2026-08-03,01-45-33,Monday
318108879333,36977583,hoppii,32982,Grand Theft Auto V,528,2026-08-02T12:15:41Z,de,"['Deutsch', 'Roleplay', 'bingo', 'depression', 'fivem', 'gta', 'reactions', 'peak', 'PeakRP', 'GTARP']",2026-08-03,01-45-33,Monday
316550977877,891779923,igor10d,497497,Brawl Stars,527,2026-08-02T15:19:52Z,ru,"['Русский', 'Украинский']",2026-08-03,01-45-33,Monday
318175877478,82173521,kenrhen,21779,League of Legends,526,2026-08-02T14:34:35Z,it,"['Italiano', 'DropAbilitati']",2026-08-03,01-45-33,Monday
317959202919,80629581,deemonrider,329951934,Pokémon Community Game,526,2026-08-01T18:08:13Z,en,"['Chatting', 'English']",2026-08-03,01-45-33,Monday
316252749681,133283966,tori_baado,263490,Rust,526,2026-08-02T11:56:08Z,ja,"['日本語', 'とりバード', 'Drops有効']",2026-08-03,01-45-33,Monday
317968347239,694569511,gamingdirndl,509672,IRL,525,2026-08-02T14:56:34Z,de,"['Deutsch', 'IRL', 'Outdoor', 'Cozy', 'Grillen', 'Gaudi', 'chillig']",2026-08-03,01-45-33,Monday
318703044695,567928581,mooda,509658,Just Chatting,524,2026-08-02T18:35:37Z,en,['English'],2026-08-03,01-45-33,Monday
318112722533,111040032,sabaku_no_sutoriimaa,23110,Resident Evil: The Darkside Chronicles,523,2026-08-02T18:03:14Z,it,"['sabaku', 'Italiano']",2026-08-03,01-45-33,Monday
318108473061,150436863,gskianto,509672,IRL,523,2026-08-02T11:34:16Z,it,['Italiano'],2026-08-03,01-45-33,Monday
320710436698,400033906,vgbootcamp3,504461,Super Smash Bros. Ultimate,523,2026-08-02T17:37:43Z,en,"['Esports', 'English', 'Competitive', 'smash', 'smashbros', 'SmashUltimate']",2026-08-03,01-45-33,Monday
319639566686,1171769612,247jynxzi,499973,Always On,523,2026-08-02T00:29:53Z,en,"['English', 'jynxzi', 'siege', 'rainbowixsiege']",2026-08-03,01-45-33,Monday
315995941611,254907342,ott4,499634,Crypto,523,2026-08-02T12:02:09Z,en,['English'],2026-08-03,01-45-33,Monday
315930733546,175390873,eat1025,103436001,The Alley,522,2026-08-02T12:03:04Z,zh,['中文'],2026-08-03,01-45-33,Monday
318108786405,123293742,dankol83,509658,Just Chatting,522,2026-08-02T12:06:28Z,it,"['Italiano', 'ridere', 'giochi', 'VETRINA', 'English', 'inter', 'calcio', 'cucina', 'cinema']",2026-08-03,01-45-33,Monday
317387478628,983363590,influsytzy,32982,Grand Theft Auto V,522,2026-08-02T17:43:59Z,ru,"['Русский', 'gta']",2026-08-03,01-45-33,Monday
316620112340,737383083,leissik,1282866981,Delta Force,522,2026-08-02T09:59:27Z,en,"['English', 'chattingwithviewers', 'ExtractionShooter', 'DeltaForceGame', 'deltaforce', 'stinger', 'chill', 'bald', 'solo', 'solovssquad']",2026-08-03,01-45-33,Monday
316550656085,172781249,faister,509663,Special Events,521,2026-08-02T14:34:29Z,de,"['Deutsch', 'BesterStream', '24HourStream', 'Legat']",2026-08-03,01-45-33,Monday
315373186158,110240192,tsoding,1469308723,Software and Game Development,521,2026-08-02T16:58:50Z,en,"['English', 'ActuallyWritingCode']",2026-08-03,01-45-33,Monday
317966074599,47167396,mrscheff,27546,World of Tanks,521,2026-08-02T11:03:33Z,hu,"['Magyar', 'DropokEngedélyezve']",2026-08-03,01-45-33,Monday
318605691765,423402175,diaspaulin,33214,Fortnite,520,2026-08-02T14:52:38Z,pt,"['Português', 'DropsAtivados']",2026-08-03,01-45-33,Monday
317400572259,55434616,krayn_live,415998825,Guildrun,518,2026-08-02T13:00:18Z,fr,"['Français', 'gaming']",2026-08-03,01-45-33,Monday
318175421542,491184726,jvkson,32982,Grand Theft Auto V,518,2026-08-02T13:54:14Z,de,['Deutsch'],2026-08-03,01-45-33,Monday
317791764568,1255337545,jenstaylor,509672,IRL,518,2026-08-02T16:06:48Z,en,['English'],2026-08-03,01-45-33,Monday
318173661286,121143935,axxin_live,27471,Minecraft,518,2026-08-02T10:49:10Z,de,"['Deutsch', 'minecraft', 'minecraftserver', 'Community', 'HugoSMP', 'hugpsmp']",2026-08-03,01-45-33,Monday
318173343846,26389199,ventrua,29307,Path of Exile,517,2026-08-02T10:05:27Z,en,['English'],2026-08-03,01-45-33,Monday
320652108761,68313917,alexiaraye,1036710512,Palworld,517,2026-08-02T15:04:48Z,en,"['English', 'Cozy', 'Comfy', 'cozyvibes', 'chill', 'pokemon', 'pokemonstream', 'pokemoncontent', 'pokemongameplay', 'MegaEvolution']",2026-08-03,01-45-33,Monday
317140169335,11070640,larrylurr,504461,Super Smash Bros. Ultimate,517,2026-08-02T15:09:08Z,en,['English'],2026-08-03,01-45-33,Monday
320652523737,183846348,coletheman,2112738408,NBA 2K26,517,2026-08-02T15:46:58Z,en,['English'],2026-08-03,01-45-33,Monday
318109603301,161853695,chaosmachinegr,32502,World of Warships,517,2026-08-02T13:29:10Z,en,"['English', 'DropsEnabled']",2026-08-03,01-45-33,Monday
317966074343,26308313,wanderbraun,1260,Age of Mythology,516,2026-08-02T11:03:33Z,ru,"['История', 'Стратегии', 'Русский', 'RTS', 'Киберспорт', 'Warcraft', 'PvP', 'Українець']",2026-08-03,01-45-33,Monday
320821347419,81895572,sevel07,138585,Hearthstone,516,2026-08-02T15:24:28Z,en,"['English', 'Battlegrounds', 'Educational', 'BG']",2026-08-03,01-45-33,Monday
319715789148,73855044,kmartpoker,488190,Poker,516,2026-08-02T15:03:45Z,en,['English'],2026-08-03,01-45-33,Monday
318534193270,1078197656,nokan777,29452,Virtual Casino,513,2026-08-02T16:07:01Z,pt,['Português'],2026-08-03,01-45-33,Monday
319772905824,78077061,averse,1630982727,Where Winds Meet,513,2026-08-02T13:17:27Z,en,"['English', 'PvP', 'wherewindsmeet', 'DropsEnabled', 'WWMCCPS10', 'WWMCCS10']",2026-08-03,01-45-33,Monday
320822309979,54706574,joshog,2059463486,Waterpark Simulator,508,2026-08-02T16:51:04Z,en,"['English', 'gambling']",2026-08-03,01-45-33,Monday
317139306871,48827570,saintone,1277738947,Sephiria,508,2026-08-02T09:58:55Z,en,"['English', 'Community', 'of', 'Boomers', 'And', 'Lizard', 'People', 'MAMBO']",2026-08-03,01-45-33,Monday
317968487655,41127361,tschuki_tv,596701144,Corsair Cove,507,2026-08-02T15:09:04Z,de,"['Tschuki', 'wholesome', 'cozy', 'Endgame', 'TippsundTricks', 'Deutsch', 'KeinBackseatGaming']",2026-08-03,01-45-33,Monday
319775548512,94668680,lunchbox701,509511,Marbles on Stream,507,2026-08-02T17:46:02Z,en,"['English', 'microscape', 'funny', 'giveaway', 'viewergames', 'DropsEnabled', 'PathtoPartner', 'PartnerPush']",2026-08-03,01-45-33,Monday
319647298526,67852884,exbc,509672,IRL,507,2026-08-02T15:58:48Z,en,"['English', 'irl', 'travel', 'korea', 'cooking', 'mukbang', 'food']",2026-08-03,01-45-33,Monday
316579713878,80286320,esamarathon2,498215,UFO 50,507,2026-08-02T13:05:02Z,en,"['English', 'Speedrun', 'Marathon']",2026-08-03,01-45-33,Monday
318110487269,688343878,lykamie,509659,ASMR,506,2026-08-02T14:55:47Z,de,"['vtuber', 'gervtuber', 'dbd', 'ENVtuber', 'Deutsch', 'mommyvoice', 'ASMR', 'ASMRvtuber', 'deadbydaylight']",2026-08-03,01-45-33,Monday
319775618272,144926827,ds_lily,29307,Path of Exile,506,2026-08-02T17:51:57Z,en,"['Beef', 'NoSleep', 'Blasting', 'Stalling', 'English', 'Hardcore', 'goth']",2026-08-03,01-45-33,Monday
317386240868,2400710,membtv,13389,Age of Empires II,505,2026-08-02T15:22:43Z,en,"['English', '2k', 'Caster', 'FamilyMan', 'agefofempires2DE', 'TEB', 'aoe2', '1440p']",2026-08-03,01-45-33,Monday
316619844436,852309767,straminskiy,29595,Dota 2,505,2026-08-02T09:05:33Z,ru,"['Chıll', 'dota2', 'bets', 'PGL', 'Русский', 'Russia', 'dota', 'cs', 'CS2']",2026-08-03,01-45-33,Monday
316549747029,37133754,prefoxfox,18122,World of Warcraft,504,2026-08-02T12:09:13Z,en,"['English', 'DropsEnabled', 'Speedrunning']",2026-08-03,01-45-33,Monday
317400205283,62658190,cruelladk,36799602,Clair Obscur: Expedition 33,504,2026-08-02T12:11:08Z,fr,"['Français', 'Cuisine']",2026-08-03,01-45-33,Monday
318176531302,133528221,axozer,27471,Minecraft,503,2026-08-02T15:37:06Z,es,"['Español', 'axozer', 'axo', 'tortillaland', 'SpainRP', 'Variedad', 'gaming', 'IRL', 'TheCouch']",2026-08-03,01-45-33,Monday
318107399525,196891596,stikinson,1282866981,Delta Force,503,2026-08-02T09:17:56Z,ru,"['Русский', 'fps', 'English', 'deltaforce', 'warzone', 'DeltaForceCreator', '三角洲行动', 'DropsВключены']",2026-08-03,01-45-33,Monday
317361200098,174042680,radossb,33214,Fortnite,502,2026-08-02T14:40:32Z,es,"['Español', 'Fortnite', 'battleroyale', 'DropsActivados']",2026-08-03,01-45-33,Monday
317401350115,46979824,itsredzytv,24241,FINAL FANTASY XIV ONLINE,502,2026-08-02T14:36:28Z,en,"['English', 'EU', 'NoSpoilers', 'nospoilers・ネタバレ禁止', 'NoBackseating・指示禁止', 'DropsEnabled']",2026-08-03,01-45-33,Monday
317387357796,407204019,kinkymation,509658,Just Chatting,502,2026-08-02T17:28:40Z,en,"['English', 'review', 'CharaterDesign', 'Variety', 'artist']",2026-08-03,01-45-33,Monday
317791763032,817686442,august_anomaly,509658,Just Chatting,502,2026-08-02T16:06:22Z,en,"['Vtuber', 'ENVtuber', 'Gaming', 'English', 'Scientist', 'ComfyChaotic']",2026-08-03,01-45-33,Monday
316622049876,1077117441,filtrbob,983841243,Off The Grid,502,2026-08-02T15:01:20Z,en,"['English', 'russıan', 'OffTheGrid']",2026-08-03,01-45-33,Monday
317968267495,42984370,fridocs,32399,Counter-Strike,501,2026-08-02T14:48:41Z,de,"['English', 'Deutsch', 'cs', 'faceit']",2026-08-03,01-45-33,Monday
316582199894,133750042,gentlegoosetv,509658,Just Chatting,501,2026-08-02T18:26:53Z,ru,"['cosplay', 'Русский', 'реакт', 'реактолог', 'развлечение']",2026-08-03,01-45-33,Monday
317362470754,109306231,sixquatre,460630,Rainbow Six Siege,500,2026-08-02T17:04:14Z,fr,"['RainbowSixSiege', 'R6Competitif', 'JeuTactique', 'AnalyseGameplay', 'CoachingLive', 'FPSCompetitif', 'Champion', 'PCGaming', 'StreamerFR', 'EsportFR']",2026-08-03,01-45-33,Monday
318110418405,548273378,alunahime,1762370869,Make it Meme,500,2026-08-02T14:49:11Z,de,['Deutsch'],2026-08-03,01-45-33,Monday
316252868849,55734416,mother3rd,513143,Teamfight Tactics,499,2026-08-02T12:14:18Z,ja,['日本語'],2026-08-03,01-45-33,Monday
316580590422,136345503,auteru,2059463486,Waterpark Simulator,497,2026-08-02T15:14:48Z,en,"['English', 'GIGACHAD', 'Vtuber', 'Tomboy', 'Bird', 'cockatiel', 'subathon', 'girl', 'Pog', 'Female']",2026-08-03,01-45-33,Monday
316316935411,833682125,rosecpin9,263490,Rust,497,2026-08-02T09:00:54Z,ja,"['日本語', 'Drops有効']",2026-08-03,01-45-33,Monday
320821635419,419847317,yttalk2menice,509658,Just Chatting,496,2026-08-02T15:51:40Z,en,"['English', 'D10', 'BlackStreamer', 'ytTALK2MENICE', 'corpuschristi', 'justchatting', 'WLTS', 'CTR']",2026-08-03,01-45-33,Monday
317386966884,102404582,silerslr,21779,League of Legends,496,2026-08-02T16:45:10Z,es,"['Español', 'leagueoflegendsespañol', 'leagueoflegends', 'Challenger', 'mid']",2026-08-03,01-45-33,Monday
318177358310,136177435,jenzoou,488190,Poker,496,2026-08-02T16:53:28Z,de,['Deutsch'],2026-08-03,01-45-33,Monday
317969021415,45320647,writing_bull,492553,Sid Meier's Civilization VI,495,2026-08-02T16:01:10Z,de,"['Entspannt', 'SafeSpace', 'Strategietitel', 'Deutsch']",2026-08-03,01-45-33,Monday
320711012058,153092092,crackly,33214,Fortnite,495,2026-08-02T18:20:39Z,en,"['English', 'Fortnite', 'ZeroBuild', 'crackly', 'DropsEnabled']",2026-08-03,01-45-33,Monday
316582085206,554148793,risazatvorchestvo,509658,Just Chatting,491,2026-08-02T18:13:32Z,ru,"['Русский', 'музыка', 'рзт', 'рисазатворчество']",2026-08-03,01-45-33,Monday
316551690581,130848890,yarrgi,18122,World of Warcraft,490,2026-08-02T16:51:46Z,en,['English'],2026-08-03,01-45-33,Monday
317969710183,637107574,wonni,509660,Art,490,2026-08-02T17:00:46Z,en,"['Asian', 'Adult', 'Korean', 'English', 'Woman', 'Anime', 'DigitalArt']",2026-08-03,01-45-33,Monday
318112220901,1233279268,gennadypa1ych,509672,IRL,490,2026-08-02T17:25:17Z,ru,"['Русский', 'концерт', 'ВаняДмитриенко', 'Лужники']",2026-08-03,01-45-33,Monday
318702303575,52959392,blau,509658,Just Chatting,489,2026-08-02T16:56:20Z,en,"['English', 'hockey']",2026-08-03,01-45-33,Monday
318525950582,185939499,islautaarg00,263490,Rust,489,2026-08-01T17:10:20Z,es,"['Español', 'DropsActivados']",2026-08-03,01-45-33,Monday
318110070117,118291244,conducteir77,71375,Star Citizen,488,2026-08-02T14:13:00Z,cs,"['Čeština', 'justcchatting', 'GAMING', 'Simulators', 'FunStreamer', 'MarblesonStream', 'best', 'PovolenéDrops']",2026-08-03,01-45-33,Monday
318174983782,823665569,der_marienkaefer_live,509672,IRL,488,2026-08-02T13:14:32Z,de,"['Deutsch', 'spendenbus', 'Spendenstream', 'CharityStream', 'CharityStreamer', 'Spenden', 'Helfer', 'obdachlosenhilfe', 'einsatz', 'München']",2026-08-03,01-45-33,Monday
318604733557,501828146,americaesportsdota2,29595,Dota 2,488,2026-08-02T09:32:31Z,es,"['Español', 'DOTA2', 'ESPORTS', 'ESL', 'PGL', 'blastslam', 'THEINTERNATIONAL', 'EWC2026', 'Repetir']",2026-08-03,01-45-33,Monday
315847364050,21093999,slobulus,27284,Retro,488,2026-08-02T17:04:00Z,es,"['abuelonchos', 'slobulus', 'retro', 'generacionactual', 'Español']",2026-08-03,01-45-33,Monday
315846867922,739969775,weronest,12839,Heroes of Might and Magic III: The Restoration of Erathia,487,2026-08-02T14:29:12Z,ru,['Русский'],2026-08-03,01-45-33,Monday
317969314791,249872500,pedrohz,491487,Dead by Daylight,487,2026-08-02T16:27:14Z,en,"['English', 'deadbydaylightstream', 'englishonly', 'ItalianStreamer', 'Obiiisbad', 'PedroHz', 'gaming', 'CompDBD', 'Subroster', 'DropsEnabled']",2026-08-03,01-45-33,Monday
316317024499,53395686,qq7925168,513143,Teamfight Tactics,486,2026-08-02T09:30:36Z,zh,['中文'],2026-08-03,01-45-33,Monday
315846409810,137002416,arkvenger_tv,71375,Star Citizen,486,2026-08-02T12:00:10Z,es,"['Español', 'StarCitizen', 'MMO', 'Humo', 'Noticias', 'Inglés', 'DropsActivados']",2026-08-03,01-45-33,Monday
319691449564,245039391,promoz,2009321156,Dark and Darker,485,2026-08-01T00:13:53Z,en,"['English', 'gaming', 'tarkovgaming', 'DarkandDarker', 'DarkandDarkerPlaytest', 'drops', 'deltaforce', 'DeltaForceGame', 'DropsEnabled']",2026-08-03,01-45-33,Monday
315874968403,2142933,spraggy,488190,Poker,485,2026-08-02T16:45:05Z,en,"['english', 'fun', 'poker', 'pokerstars', 'Strategy', 'gambling', 'English']",2026-08-03,01-45-33,Monday
319705628764,1312862940,asmongold247,1095275650,Hogwarts Legacy,484,2026-08-01T22:32:15Z,en,['English'],2026-08-03,01-45-33,Monday
316581155926,1213770062,hoppoog,32982,Grand Theft Auto V,480,2026-08-02T16:26:06Z,sv,"['TPRP', 'The', 'Path', 'Svenska', 'Fivem']",2026-08-03,01-45-33,Monday
316579606230,125481655,kuzyn7,65632,DayZ,479,2026-08-02T12:48:09Z,pl,"['polskiestrumyki', 'Polski', 'DayZ', 'survíval', 'DropyWłączone']",2026-08-03,01-45-33,Monday
318110624741,61438909,wudijo,26881,Grim Dawn,479,2026-08-02T15:07:39Z,en,['English'],2026-08-03,01-45-33,Monday
319775230560,411746363,its_iron,512710,Call of Duty: Warzone,479,2026-08-02T17:19:24Z,en,['English'],2026-08-03,01-45-33,Monday
319710902620,1369581021,happyhappygal_vod,33214,Fortnite,479,2026-08-02T03:49:24Z,en,"['English', 'happyhappygal', 'fortnite', 'christian', 'FamilyFriendly', 'ZeroBuild', 'Rerun', 'DropsEnabled']",2026-08-03,01-45-33,Monday
318111119333,84093291,tom_poker_nl,488190,Poker,478,2026-08-02T15:56:14Z,en,['English'],2026-08-03,01-45-33,Monday
315846778578,1367238665,deadchaps,2132205352,Deadlock,478,2026-08-02T14:00:27Z,en,"['deadlock', 'Competitive', 'MOBA', 'Tournament', 'English']",2026-08-03,01-45-33,Monday
317360502498,100245745,kailon,509658,Just Chatting,478,2026-08-02T13:17:19Z,fr,['Français'],2026-08-03,01-45-33,Monday
318702803287,9092112,feliciaday,499973,Always On,478,2026-08-02T18:04:12Z,en,"['English', 'coop', 'Farming', 'fantasy', 'TV', 'feliciaday', 'supernatural', 'Guild', 'actor', 'farming']",2026-08-03,01-45-33,Monday
320709799386,207264502,daymr,1264310518,Marvel Rivals,478,2026-08-02T16:46:35Z,en,"['English', 'DropsEnabled']",2026-08-03,01-45-33,Monday
317969719143,1034978590,lumizap,509658,Just Chatting,477,2026-08-02T17:01:21Z,de,"['vtuber', 'German', 'Deutsch', 'GerVTuber', 'DeVTuber', 'Anime', 'gapmoe']",2026-08-03,01-45-33,Monday
317403148771,54118379,jamiedrakehd,509672,IRL,477,2026-08-02T18:05:34Z,pt,['Português'],2026-08-03,01-45-33,Monday
318177332710,53190635,sebo,1036710512,Palworld,477,2026-08-02T16:51:56Z,de,"['Deutsch', 'Roleplay', 'VarietyGaming']",2026-08-03,01-45-33,Monday
316317495923,771876295,krrnbot,263490,Rust,477,2026-08-02T11:32:33Z,ja,"['日本語', 'コスプレ', 'Vtuber', 'Drops有効']",2026-08-03,01-45-33,Monday
317967605991,38608008,serverenok,1393304883,Mir Tankov,476,2026-08-02T13:42:59Z,ru,['Русский'],2026-08-03,01-45-33,Monday
318176870118,75564309,psychohypnotic,2059463486,Waterpark Simulator,473,2026-08-02T16:07:52Z,en,"['English', 'giveaway', 'Switzerland', 'Horror', 'DropsEnabled']",2026-08-03,01-45-33,Monday
319717966812,488916600,abolishegirls,491487,Dead by Daylight,473,2026-08-02T18:00:18Z,en,"['English', 'woman', 'feet', 'EGirl', 'head', 'shoulders', 'knees', 'toes', 'DropsEnabled']",2026-08-03,01-45-33,Monday
317362449762,167618935,tpk_live,509658,Just Chatting,472,2026-08-02T17:02:10Z,fr,"['tpk', 'Français', 'discussion', 'lestream', 'esport', 'gaming', 'FGC', 'winx', 'react']",2026-08-03,01-45-33,Monday
316581018710,765394889,banshameow,509658,Just Chatting,471,2026-08-02T16:08:20Z,ru,"['Vtuber', 'Витубер', 'Русский', 'девушка', 'Дислексия', 'кошкожена']",2026-08-03,01-45-33,Monday
318534504950,43406087,eujegue,516575,VALORANT,471,2026-08-02T17:00:01Z,pt,"['Nordestino', 'humor', 'Nordeste', 'Português', 'valorantgameplay', 'valorant', 'valorant', 'valorantbrasil', 'valorant']",2026-08-03,01-45-33,Monday
317967838823,125334700,jagdwurstjanik,283386,Devil May Cry,470,2026-08-02T14:04:44Z,de,"['platin', 'Deutsch', 'Trophies']",2026-08-03,01-45-33,Monday
318175458150,719598628,antifa,515214,Politics,470,2026-08-02T13:57:32Z,de,"['Deutsch', 'Politik', 'Reaction', 'IRL', 'Demo', 'Protest', 'Antifa', '161', 'FCKNZS', 'FCKAFD']",2026-08-03,01-45-33,Monday
318175573990,30264374,terenas,21779,League of Legends,470,2026-08-02T14:06:37Z,it,"['Italiano', 'Autistico', 'ADHD', 'chill', 'DropAbilitati']",2026-08-03,01-45-33,Monday
317968860519,508527736,extrim_7777,32399,Counter-Strike,469,2026-08-02T15:46:56Z,ru,['Русский'],2026-08-03,01-45-33,Monday
317358523746,870215396,phandrel,19357,Guild Wars 2,469,2026-08-02T07:37:59Z,en,"['Gaming', 'MMORPG', 'GuildWars2', 'PvE', 'English', 'DropsEnabled']",2026-08-03,01-45-33,Monday
317385172068,50573540,baianinha,116747788,"Pools, Hot Tubs, and Beaches",469,2026-08-02T13:15:27Z,en,"['ingles', 'English', 'francais', 'Frances', 'America', 'Brasil']",2026-08-03,01-45-33,Monday
316580913878,797146558,hhhakkku,32399,Counter-Strike,468,2026-08-02T15:56:43Z,ru,['Русский'],2026-08-03,01-45-33,Monday
318107374821,118263259,cemka,29595,Dota 2,468,2026-08-02T09:14:16Z,ru,"['Русский', 'Україна', 'VarietyGaming', 'Chıll', 'Anime']",2026-08-03,01-45-33,Monday
316623521876,45887494,westham,459931,Old School RuneScape,468,2026-08-02T18:04:55Z,en,"['English', 'DMAllstars2', 'Pking', 'osrsbmm']",2026-08-03,01-45-33,Monday
317401936227,1310426148,deliverthefood,509672,IRL,467,2026-08-02T15:47:53Z,en,"['Biking', 'IRL', 'delivery', 'English', 'Cycling', 'Deliveroo', 'UberEats', 'Ebike', 'Guildford']",2026-08-03,01-45-33,Monday
318109699429,192234076,shaker,27471,Minecraft,467,2026-08-02T13:37:46Z,de,['Deutsch'],2026-08-03,01-45-33,Monday
320822148827,476830379,angelz,491487,Dead by Daylight,467,2026-08-02T16:37:44Z,en,"['English', 'Competitive', 'cynic', 'dbd', 'DropsEnabled']",2026-08-03,01-45-33,Monday
316623113428,752587373,bez_ls,509658,Just Chatting,466,2026-08-02T17:18:03Z,ru,['Русский'],2026-08-03,01-45-33,Monday
318701643863,44173074,shenryyr,1414406743,Europa Universalis V,466,2026-08-02T15:01:26Z,en,"['furry', 'oregon', 'serval', 'meow', 'derp', 'lgbtqiaplus', 'English', 'NoBackseatingUnlessAsked']",2026-08-03,01-45-33,Monday
318176277862,63740412,attrix,21779,League of Legends,464,2026-08-02T15:10:31Z,it,['Italiano'],2026-08-03,01-45-33,Monday
316623034324,71955255,nikitasudar,509658,Just Chatting,464,2026-08-02T17:07:28Z,ru,"['Русский', 'VituberRu', 'Vituber', 'ананас', 'аукцион', 'аук']",2026-08-03,01-45-33,Monday
317969003239,106718381,dieserkingphil,1936295360,Fall Again,464,2026-08-02T16:00:04Z,de,"['Deutsch', 'streamer', 'Variety', 'Horror', 'Simulator', 'fun', 'horrorgames', 'indiegame']",2026-08-03,01-45-33,Monday
318530552694,54387112,nuuhfps,29452,Virtual Casino,463,2026-08-02T02:06:33Z,pt,"['Português', 'VALORANT', 'humor']",2026-08-03,01-45-33,Monday
320823348571,51850283,kreekcraft,23020,ROBLOX,463,2026-08-02T18:06:59Z,en,"['roblox', 'doors', 'bloxfruits', 'murdermystery2', 'forsaken', 'dandysworld', 'growagarden', 'rivals', 'stealabrainrot', 'robux']",2026-08-03,01-45-33,Monday
316622849364,733382958,yukkkkee,32982,Grand Theft Auto V,463,2026-08-02T16:46:58Z,ru,['Русский'],2026-08-03,01-45-33,Monday
318109504101,43780497,blackfireice,1426873999,Heroes of Might & Magic: Olden Era,463,2026-08-02T13:18:59Z,pl,"['polski', 'Polski', 'Ranked', 'grind', 'Ladder', 'teamfigttactics', 'TFT']",2026-08-03,01-45-33,Monday
317384092132,497414507,zyfraraider,417528,Albion Online,463,2026-08-02T10:44:43Z,es,"['Español', 'AlbionOnline', 'Giveaways', 'MMORPG', 'LATAM', 'Dropshabilitados', 'Sorteo', 'DropsActivados']",2026-08-03,01-45-33,Monday
317791262936,44811367,zeddy,138585,Hearthstone,462,2026-08-02T13:49:17Z,en,"['English', 'DropsEnabled']",2026-08-03,01-45-33,Monday
316621782868,1321270540,locomotyvas,32982,Grand Theft Auto V,460,2026-08-02T14:20:25Z,other,"['Lithuanian', 'Lietuva', 'Gta5RolePlay', 'fivem', 'MainCharacter', 'mesyte', 'neclaperis', 'onex', 'gandrudirektorius', 'OZYS']",2026-08-03,01-45-33,Monday
316317787251,700262945,idoce_69,516575,VALORANT,460,2026-08-02T12:28:18Z,zh,"['中文', 'VALORANＴ', '冥想台', '聊天']",2026-08-03,01-45-33,Monday
315405143280,38158532,drainys,509658,Just Chatting,458,2026-08-02T08:01:32Z,ru,"['Русский', 'латте', 'лавандовыйраф', 'натуралы', 'жопуа', 'Coconut']",2026-08-03,01-45-33,Monday
315405278448,139482710,kant0211,516575,VALORANT,458,2026-08-02T09:11:30Z,zh,"['中文', '動作', 'fps', '启用掉宝']",2026-08-03,01-45-33,Monday
317402256227,484356001,antoniomasmas,509658,Just Chatting,456,2026-08-02T16:24:56Z,es,['Español'],2026-08-03,01-45-33,Monday
317967792231,49035758,jimmyboyyy,1036710512,Palworld,455,2026-08-02T14:00:31Z,fr,"['Français', 'JimmyBoy', 'chill', 'Luiji', 'aigri', 'Plaisir']",2026-08-03,01-45-33,Monday
316581494358,823606835,toad_anna,509658,Just Chatting,454,2026-08-02T17:04:53Z,ru,"['Русский', 'кино', 'Витьюберы', 'Vtuber', 'GachiMuchi', 'femdom', 'Витубер', 'Втюбер', 'фильмы', 'втубер']",2026-08-03,01-45-33,Monday
315387702255,505730173,excsise,32982,Grand Theft Auto V,454,2026-08-02T17:22:12Z,ru,"['Россия', 'Русский']",2026-08-03,01-45-33,Monday
318112280037,179279586,kertus,509658,Just Chatting,453,2026-08-02T17:29:53Z,it,"['Italiano', 'gta5', 'kertus', 'fivem', 'imperorp', 'impero', 'anc', 'gtaonline', 'Roleplay']",2026-08-03,01-45-33,Monday
316253498993,515737396,hikaru_shiftne,55453844,Street Fighter 6,451,2026-08-02T14:27:34Z,ja,"['格闘ゲーム', '日本語', 'SF6', 'スト6', 'AKI', 'ひかる', 'しとね']",2026-08-03,01-45-33,Monday
318092325861,79317000,guyfindsgopro,509672,IRL,450,2026-07-31T19:53:36Z,de,"['Travel', 'Exploring', 'Deutsch', 'IRL', 'DIY', 'offroad', 'Fahrrad', 'camper', 'Germany', 'bicycle']",2026-08-03,01-45-33,Monday
316318395379,55664807,lilybbb1,509658,Just Chatting,450,2026-08-02T14:39:38Z,zh-hk,"['戶外台', '國語', '英語', '粵語']",2026-08-03,01-45-33,Monday
318111423845,495531137,vahnilly,509658,Just Chatting,450,2026-08-02T16:21:47Z,de,"['Deutsch', 'english', 'gaming', 'IRL', 'kochen']",2026-08-03,01-45-33,Monday
320823699419,1234126540,subrozavod,516575,VALORANT,450,2026-08-02T18:30:13Z,en,"['English', 'Pro', 'Professional', 'French', 'EN', 'FR', 'ROZA', 'Subroza', 'FUNNY']",2026-08-03,01-45-33,Monday
318108352997,132256306,lunateac,1036710512,Palworld,448,2026-08-02T11:20:12Z,en,"['English', 'ADHD', 'Chatty', 'Interactive', 'Variety', 'FirstPlaythrough']",2026-08-03,01-45-33,Monday
316254203506,1239620176,yamadamei_,509659,ASMR,448,2026-07-31T22:54:16Z,ja,"['Japanese', '耳舐め', 'ku100', 'VTuber', '睡眠導入', '作業BGM', '初見さん大歓迎', 'asmr', '日本語', 'EarCleaning']",2026-08-03,01-45-33,Monday
317140207351,21302211,venruki,18122,World of Warcraft,447,2026-08-02T15:20:45Z,en,['English'],2026-08-03,01-45-33,Monday
317362970722,21080562,mrbboy45,32399,Counter-Strike,447,2026-08-02T17:59:54Z,fr,['Français'],2026-08-03,01-45-33,Monday
319716344412,449858930,mooni,808406262,POOLS,446,2026-08-02T15:55:00Z,en,"['Vtuber', 'English', 'ENVtuber']",2026-08-03,01-45-33,Monday
316262239218,264909001,kagura0mea,21779,League of Legends,446,2026-08-02T15:24:22Z,ja,"['Vtuber', '日本語', '新人Vtuber']",2026-08-03,01-45-33,Monday
320821281883,163866394,sifurp,32982,Grand Theft Auto V,446,2026-08-02T15:17:53Z,en,"['English', 'Roleplay', 'RP', 'prodigy', 'prodigyrp', 'NoPixel', 'chaseRP']",2026-08-03,01-45-33,Monday
320821106651,98274770,slick,33214,Fortnite,445,2026-08-02T15:00:18Z,es,"['Español', 'DropsActivados']",2026-08-03,01-45-33,Monday
318177934566,189401752,rickyfri3s,509658,Just Chatting,444,2026-08-02T17:39:05Z,it,['Italiano'],2026-08-03,01-45-33,Monday
320653962585,765082469,nybergdm,515214,Politics,444,2026-08-02T17:49:43Z,ru,"['Русский', 'English', 'Українська', 'Cleveland', 'Ohio', 'Music', 'Gaming', 'Politics']",2026-08-03,01-45-33,Monday
317387608548,704323790,shiverpt_,32982,Grand Theft Auto V,443,2026-08-02T17:58:28Z,pt,['Português'],2026-08-03,01-45-33,Monday
317791978328,24138907,alfie,459931,Old School RuneScape,442,2026-08-02T16:56:22Z,en,"['Christian', 'English', 'osrsbmm']",2026-08-03,01-45-33,Monday
319647334494,114856888,varsitygaming,460630,Rainbow Six Siege,442,2026-08-02T16:01:31Z,en,['English'],2026-08-03,01-45-33,Monday
317400598883,36468444,glubbable,499003,VRChat,441,2026-08-02T13:03:00Z,en,"['English', 'Anime', 'VR', 'VTuber', 'Fox', 'Girl', 'VRChat', 'ASMR', 'Brat', '2026']",2026-08-03,01-45-33,Monday
316318604787,39704463,orchlon,1064893715,Resident Evil 3,439,2026-08-02T15:42:36Z,en,"['English', 'Speedrun']",2026-08-03,01-45-33,Monday
317400616419,91752888,lucasrojo,516575,VALORANT,439,2026-08-02T13:05:05Z,es,"['Español', 'valorant', 'DropsActivados']",2026-08-03,01-45-33,Monday
315846473810,585280534,lucyjrobyn,796500915,Halo: Campaign Evolved,437,2026-08-02T12:19:12Z,en,"['NoSpoilers', 'NorthernIreland', 'NewcastleUponTyne', 'English', 'Chilled', 'NoBackseating', 'FirstPlaythrough', 'DropsEnabled']",2026-08-03,01-45-33,Monday
317140679031,23460970,lethalfrag,1000656761,Oaken Tower,437,2026-08-02T17:17:05Z,en,"['Relaxation', 'Enjoyment', 'Cats', 'Calming', 'Indie', 'Gaming', 'ClosedCaptions', 'CC', 'CleanScreen', 'English']",2026-08-03,01-45-33,Monday
317385100644,757102582,streamdatabase,499973,Always On,437,2026-08-02T13:06:09Z,en,"['English', 'Stream', 'Database', 'Badge', 'Marvel', 'Tokon', 'Final', 'Fantasy', 'XIV', 'DropsEnabled']",2026-08-03,01-45-33,Monday
317965895783,98827681,tankelit,27546,World of Tanks,436,2026-08-02T10:42:42Z,hu,"['Magyar', 'DropokEngedélyezve']",2026-08-03,01-45-33,Monday
315847495634,150214820,ashlyne,1264310518,Marvel Rivals,436,2026-08-02T17:43:06Z,en,"['English', 'Filipino', 'Scottish', 'asian', 'celestial', 'DPS', 'marvelrivals', 'Ranked', 'DropsEnabled']",2026-08-03,01-45-33,Monday
315846668626,118786208,smooyacs,32399,Counter-Strike,433,2026-08-02T13:26:17Z,en,"['English', 'CS2', 'Giveaways', 's1mpleo', 'donk', '4000elo', 'RAGE', 'Esports', 'pro', 'CASESOPENING']",2026-08-03,01-45-33,Monday
315830229329,186914621,marzcakez,3947,Silent Hill,432,2026-08-02T15:21:51Z,en,"['Black', 'Retro', 'Cozy', 'Chatty', 'Cosplay', 'English', 'Woman', 'Horror', 'communıty', 'DropsEnabled']",2026-08-03,01-45-33,Monday
317362913122,798312463,mathieusommetlive,509658,Just Chatting,431,2026-08-02T17:54:45Z,fr,"['chillstream', 'Français', 'twitchfr', 'multigaming']",2026-08-03,01-45-33,Monday
318701282263,23317308,mitchflowerpower,745589378,Balatro,430,2026-08-02T13:27:20Z,en,['English'],2026-08-03,01-45-33,Monday
318702385623,10180554,victoria,509658,Just Chatting,430,2026-08-02T17:06:51Z,en,"['FINDOM', 'WALLETDRAIN', 'PAYPIG', 'GODDESS', 'FEET', 'ASMR', 'EGIRL', 'HOT', 'WOMAN', 'ENGLISH']",2026-08-03,01-45-33,Monday
317361885794,529775679,4rtoise,509658,Just Chatting,428,2026-08-02T16:00:28Z,fr,"['Français', 'react', 'susanelaconne', 'téléréalité']",2026-08-03,01-45-33,Monday
316620923092,27954235,nuke73,27284,Retro,428,2026-08-02T12:11:32Z,ru,"['Русский', 'DropsВключены']",2026-08-03,01-45-33,Monday
320821519707,100700066,wallah,407314011,Marathon,428,2026-08-02T15:40:05Z,en,['English'],2026-08-03,01-45-33,Monday
315874667347,29273855,purespam,459931,Old School RuneScape,428,2026-08-02T15:11:05Z,en,['English'],2026-08-03,01-45-33,Monday
316551360725,619688409,clayton_57,491931,Escape from Tarkov,427,2026-08-02T16:09:32Z,ru,"['клэйтон', 'Русский', 'escapefromtarkov', 'tarkov', 'тарков', 'побегизтаркова']",2026-08-03,01-45-33,Monday
318175471462,72127925,dyanna,263490,Rust,427,2026-08-02T13:58:30Z,en,"['rust', 'romanian', 'English', 'survival', 'PvP', 'gamergirl', 'soloqueue', 'DropsEnabled']",2026-08-03,01-45-33,Monday
317362562530,656274122,cosasmilitares,417752,Talk Shows & Podcasts,426,2026-08-02T17:15:01Z,es,"['Ucrania', 'Rusia', 'Israel', 'Libano', 'Gaza', 'Iran', 'Trump', 'Español']",2026-08-03,01-45-33,Monday
316552077781,68153844,near_you,1393304883,Mir Tankov,426,2026-08-02T17:35:39Z,ru,"['mirtankov', 'миртанков', 'танки', 'nearyou', 'WorldofTanks', 'tanks', 'Русский']",2026-08-03,01-45-33,Monday
316551381077,448946039,alicia,460630,Rainbow Six Siege,425,2026-08-02T16:12:05Z,en,"['English', 'Irish']",2026-08-03,01-45-33,Monday
317968185959,64408020,seriumtv,32982,Grand Theft Auto V,424,2026-08-02T14:40:15Z,de,"['Deutsch', 'Roleplay', 'LuckyV', 'Variety', 'Lehrreich', 'Anime', 'Piraten']",2026-08-03,01-45-33,Monday
320820133595,105827290,mirreytv,29452,Virtual Casino,423,2026-08-02T12:42:55Z,es,"['Español', 'mundial', 'EWC', 'warzone', 'calldofduty', 'DropsActivados']",2026-08-03,01-45-33,Monday
320651194969,101938522,foxcitiespinball,609194457,Pinball,423,2026-08-02T12:55:48Z,en,"['English', 'pinball', 'Tournament', 'Competitive', 'ifpapinball', 'foxcitiespinball', 'Multiplayer', 'social']",2026-08-03,01-45-33,Monday
317970759143,27639667,laranity,19357,Guild Wars 2,422,2026-08-02T18:22:34Z,en,"['English', 'DropsEnabled']",2026-08-03,01-45-33,Monday
