id,user_id,user_login,game_id,game_name,viewer_count,started_at,language,tags,snapshot_date,snapshot_time,snapshot_day
317803599320,267160288,caseoh_,2059463486,Waterpark Simulator,63560,2026-08-04T02:01:28Z,en,['English'],2026-08-04,12-25-44,Tuesday
319661339614,472066926,theburntpeanut,491931,Escape from Tarkov,35998,2026-08-03T17:15:26Z,en,"['English', 'funny', 'gaming', 'Ptuber', 'fpsgames', 'Variety', 'tobacco', 'Peanut', 'DropsEnabled']",2026-08-04,12-25-44,Tuesday
316259726833,813704147,indegnasen0706,263490,Rust,13752,2026-08-04T04:04:41Z,ja,"['日本語', 'Drops有効']",2026-08-04,12-25-44,Tuesday
317150146039,204730616,cinna,509658,Just Chatting,10884,2026-08-03T22:54:44Z,en,['English'],2026-08-04,12-25-44,Tuesday
319742428892,451786566,silky,509658,Just Chatting,10457,2026-08-04T03:46:21Z,en,"['English', 'VTuber', 'StreamerUniversity']",2026-08-04,12-25-44,Tuesday
316259699569,67519684,sasatikk,491931,Escape from Tarkov,10190,2026-08-04T03:54:38Z,ja,"['ネタバレなし', 'アドバイスなし', '日本語']",2026-08-04,12-25-44,Tuesday
319666990430,936171791,yugi2x,509658,Just Chatting,8932,2026-08-04T00:16:24Z,en,"['English', 'yugi2x']",2026-08-04,12-25-44,Tuesday
319741670620,132230344,moistcr1tikal,539257489,Beast of Reincarnation,8575,2026-08-04T02:52:40Z,en,['English'],2026-08-04,12-25-44,Tuesday
316259799281,102631269,yaritaiji,263490,Rust,7645,2026-08-04T04:31:42Z,ja,"['たいじ', '日本語', 'Drops有効']",2026-08-04,12-25-44,Tuesday
318715606359,26490481,summit1g,504463,Tom Clancy's The Division 2,7559,2026-08-03T20:19:07Z,en,['English'],2026-08-04,12-25-44,Tuesday
318192421734,162757011,leva2k,509672,IRL,6878,2026-08-04T04:27:37Z,ru,['Русский'],2026-08-04,12-25-44,Tuesday
319739407836,25725272,vinesauce,1836510422,Broken Reality 2000,6332,2026-08-04T00:46:09Z,en,"['English', 'lenoverse', 'bingbingwahooman', 'variety', 'pizzarat', 'questionableitalianman', 'solidhog', 'trash', 'Aliens', 'bingus']",2026-08-04,12-25-44,Tuesday
318717814615,23936415,jerma985,1317379021,Look Outside,5937,2026-08-03T23:58:15Z,en,"['English', 'Retired', 'ExtrovertedIntrovert', 'BroadcastArc', 'VirgoLibra', 'BigJ', 'XpressRediSetGoFanclub']",2026-08-04,12-25-44,Tuesday
317803775064,516862428,kaysan,32982,Grand Theft Auto V,5485,2026-08-04T02:22:23Z,en,['English'],2026-08-04,12-25-44,Tuesday
317150022775,238498798,kingsman265_twitch,1264310518,Marvel Rivals,5444,2026-08-03T22:34:11Z,en,"['English', 'MarvelRivalsJubilee', 'DropsEnabled']",2026-08-04,12-25-44,Tuesday
320847689819,143179777,agustinunaplay8,491487,Dead by Daylight,5120,2026-08-04T01:00:10Z,es,"['Español', 'Inglés', 'DropsActivados']",2026-08-04,12-25-44,Tuesday
318721452887,100869214,arky,509658,Just Chatting,4830,2026-08-04T04:37:52Z,en,['English'],2026-08-04,12-25-44,Tuesday
316268322034,50988750,stylishnoob4,509658,Just Chatting,4539,2026-08-04T04:25:35Z,ja,"['日本語', '感謝します', 'Drops有効']",2026-08-04,12-25-44,Tuesday
319667028062,59635827,supertf,965771331,Deltarune,4416,2026-08-04T00:18:18Z,en,"['English', 'FleshTuber']",2026-08-04,12-25-44,Tuesday
318718987735,122888997,willneff,509658,Just Chatting,4227,2026-08-04T01:31:22Z,en,['English'],2026-08-04,12-25-44,Tuesday
317152647159,738493418,madi2hottyy,509672,IRL,4077,2026-08-04T04:24:28Z,en,"['English', 'madi2hottyy', 'IRL', 'streamer', 'justcchatting']",2026-08-04,12-25-44,Tuesday
317981997671,129405323,oilrats,263490,Rust,3902,2026-08-03T19:46:38Z,en,"['Deutsch', 'English', 'DropsEnabled']",2026-08-04,12-25-44,Tuesday
316323578739,77415295,jasper7se,491931,Escape from Tarkov,3897,2026-08-03T20:22:12Z,ja,"['日本語', 'Drops有効']",2026-08-04,12-25-44,Tuesday
319668595934,596247354,e11ysa,509672,IRL,3693,2026-08-04T01:41:19Z,en,['English'],2026-08-04,12-25-44,Tuesday
318126944997,110059426,bao,509672,IRL,3549,2026-08-04T02:50:39Z,en,['English'],2026-08-04,12-25-44,Tuesday
315410013552,15027034,zrush,539257489,Beast of Reincarnation,3488,2026-08-04T00:54:02Z,zh,"['中文', '訂閱免廣告']",2026-08-04,12-25-44,Tuesday
316589960150,59829074,deerkufa,498592,I'm Only Sleeping,3265,2026-08-03T19:56:55Z,ru,"['Русский', 'Уфа']",2026-08-04,12-25-44,Tuesday
317149487991,519084584,santipulgaz,509658,Just Chatting,3155,2026-08-03T21:07:41Z,en,"['English', 'oscs']",2026-08-04,12-25-44,Tuesday
317150836727,27992608,pikabooirl,21779,League of Legends,3117,2026-08-04T00:35:04Z,en,['English'],2026-08-04,12-25-44,Tuesday
317374248802,217476533,sol1xd,21779,League of Legends,3073,2026-08-04T03:06:56Z,es,"['gwen', 'otp', 'challenger', '6XX', 'Español']",2026-08-04,12-25-44,Tuesday
318716855639,45302947,iitztimmy,460630,Rainbow Six Siege,2901,2026-08-03T22:25:58Z,en,"['English', 'iiTzHimothy', 'RedBullGuy', 'PlayApexStreamer', 'mightbestupid', 'DropsEnabled']",2026-08-04,12-25-44,Tuesday
317370476002,149107396,caresapo,21779,League of Legends,2877,2026-08-03T17:16:58Z,es,"['Español', 'LoL', 'Vtuber', 'Calvo', 'Furry', 'Therian', 'LGBTQPlus', 'Femboy']",2026-08-04,12-25-44,Tuesday
317803193816,679116841,suburbbaby,509658,Just Chatting,2838,2026-08-04T01:12:31Z,en,"['English', 'suburbbaby', 'streameruniversity2026', 'streameruniversity', 'kaicenat', 'IRL']",2026-08-04,12-25-44,Tuesday
317150656375,46673989,masayoshi,9618,Pokémon Trading Card Game,2673,2026-08-04T00:10:10Z,en,['English'],2026-08-04,12-25-44,Tuesday
320674248537,568329848,sunnys,509658,Just Chatting,2436,2026-08-03T21:50:45Z,en,"['miata', 'English', '100Thieves', 'oscs', 'DropsEnabled']",2026-08-04,12-25-44,Tuesday
318718480471,471218475,carolinekwan,493959,Red Dead Redemption II,2408,2026-08-04T00:53:04Z,en,['English'],2026-08-04,12-25-44,Tuesday
320679193689,126750144,crystalmolly,21779,League of Legends,2377,2026-08-04T01:47:15Z,es,"['Mujer', 'She', 'Español', 'comedia', 'DropsActivados']",2026-08-04,12-25-44,Tuesday
318715659863,27369897,ben_,29307,Path of Exile,2356,2026-08-03T20:24:36Z,en,['English'],2026-08-04,12-25-44,Tuesday
317151238007,480299813,reemknocks,509658,Just Chatting,2317,2026-08-04T01:26:35Z,en,['English'],2026-08-04,12-25-44,Tuesday
320728843738,415858333,beterbabbit,138585,Hearthstone,2276,2026-08-03T19:27:55Z,en,['English'],2026-08-04,12-25-44,Tuesday
320737969370,115590970,daigothebeastv,55453844,Street Fighter 6,2271,2026-08-04T03:28:39Z,ja,['日本語'],2026-08-04,12-25-44,Tuesday
319794772704,86224100,pge4,515025,Overwatch,2219,2026-08-04T00:43:50Z,en,"['English', 'DidIMentionChill', 'RealBuddha', 'ｃｈｉｌｌ', 'SeriousRolePlay', 'DropsEnabled']",2026-08-04,12-25-44,Tuesday
320735807322,62191658,pezzzy,491487,Dead by Daylight,2086,2026-08-04T01:48:18Z,en,"['English', 'DropsEnabled']",2026-08-04,12-25-44,Tuesday
317150571255,870681445,braeden,509672,IRL,2025,2026-08-03T23:59:04Z,en,['English'],2026-08-04,12-25-44,Tuesday
320674774873,2982838,surefour,852009328,Mistfall Hunter,1999,2026-08-03T22:19:52Z,en,"['English', 'DropsEnabled']",2026-08-04,12-25-44,Tuesday
316268366962,805456112,naru0419045,55453844,Street Fighter 6,1998,2026-08-04T04:42:54Z,ja,['日本語'],2026-08-04,12-25-44,Tuesday
319733246428,36973271,geega,509658,Just Chatting,1964,2026-08-03T18:13:15Z,en,"['English', 'Vtuber', 'groceries', 'corn', 'NoPixel', 'Evil', 'CancerSurvivor']",2026-08-04,12-25-44,Tuesday
320851055579,103314254,tray,509658,Just Chatting,1952,2026-08-04T03:32:13Z,en,['English'],2026-08-04,12-25-44,Tuesday
317803403608,408679510,jessu,1669431183,DJs,1909,2026-08-04T01:39:22Z,en,"['English', 'bruh', 'House', 'Funk', 'Electronic', 'EDM', 'DJ', 'farts', 'music']",2026-08-04,12-25-44,Tuesday
316259623153,276504990,shinjifromjapanxd,539257489,Beast of Reincarnation,1904,2026-08-04T03:23:29Z,ja,['日本語'],2026-08-04,12-25-44,Tuesday
320677933401,167189231,staryuuki,509658,Just Chatting,1882,2026-08-04T00:52:38Z,es,"['Español', 'Staryuuki', 'Yuuki', 'Videosvirales']",2026-08-04,12-25-44,Tuesday
320738217946,115467657,gale,1264310518,Marvel Rivals,1853,2026-08-04T03:42:20Z,en,"['English', 'marvelrivals', 'gale', 'aim', 'top500', 'DropsEnabled']",2026-08-04,12-25-44,Tuesday
315915105641,106013742,pestily,491931,Escape from Tarkov,1842,2026-08-04T04:19:25Z,en,['English'],2026-08-04,12-25-44,Tuesday
317985160935,1524955383,pokerluca11,29452,Virtual Casino,1809,2026-08-04T04:50:17Z,en,['English'],2026-08-04,12-25-44,Tuesday
317152153719,133333248,demon1,516575,VALORANT,1798,2026-08-04T03:22:17Z,en,"['Valorant', 'Russian', 'English']",2026-08-04,12-25-44,Tuesday
320672623321,429907927,bushwacker,500188,Hunt: Showdown 1896,1790,2026-08-03T19:55:58Z,en,"['English', 'Educational', 'feet', 'DropsEnabled']",2026-08-04,12-25-44,Tuesday
317151300727,217629686,dgthe99,32982,Grand Theft Auto V,1788,2026-08-04T01:34:34Z,en,"['English', 'dgthe99', 'duketucker', 'GTARP', 'Rerun']",2026-08-04,12-25-44,Tuesday
316262065138,25202416,shuteye_orange,539257489,Beast of Reincarnation,1787,2026-08-02T14:34:58Z,zh,"['中文', '恐怖遊戲', 'Horror', 'horrorgames', '恐怖', '燕雲十六聲', 'wherewindsmeet']",2026-08-04,12-25-44,Tuesday
316324658931,807131251,ikoma_dogura,55453844,Street Fighter 6,1786,2026-08-04T04:09:22Z,ja,"['プロゲーマー', 'CrazyRaccoon', '質問歓迎', '日本語', 'English']",2026-08-04,12-25-44,Tuesday
319663910238,1312862940,asmongold247,1095275650,Hogwarts Legacy,1783,2026-08-03T21:09:27Z,en,['English'],2026-08-04,12-25-44,Tuesday
320735440602,110276214,cutedog_,29307,Path of Exile,1751,2026-08-04T01:31:29Z,en,"['English', 'ASMR', 'Vtuber', 'Anime', 'girl', 'pregnant', 'Mindbreak', 'gyaru', 'Tentacles']",2026-08-04,12-25-44,Tuesday
316266719986,123355356,killin9hit,491931,Escape from Tarkov,1734,2026-08-03T16:34:04Z,ja,"['日本語', 'キムチ', 'オスシ']",2026-08-04,12-25-44,Tuesday
318676775156,1015125228,grmzinho,509658,Just Chatting,1734,2026-08-03T04:46:50Z,pt,['Português'],2026-08-04,12-25-44,Tuesday
319735360476,554057125,higgs,33214,Fortnite,1731,2026-08-03T21:00:57Z,en,['English'],2026-08-04,12-25-44,Tuesday
317151840887,90229091,extesyy,511224,Apex Legends,1691,2026-08-04T02:43:44Z,en,"['English', 'gaming', 'egirl', 'eboygamer', 'feet', 'mommyasmr', 'DropsEnabled']",2026-08-04,12-25-44,Tuesday
319742074972,655661486,kittyflutevt,509659,ASMR,1690,2026-08-04T03:19:37Z,en,"['English', 'Mature']",2026-08-04,12-25-44,Tuesday
315914605161,32099052,purpp,459931,Old School RuneScape,1682,2026-08-04T00:46:51Z,en,['English'],2026-08-04,12-25-44,Tuesday
316561243861,732749999,baxadoto,29595,Dota 2,1680,2026-08-03T23:50:51Z,ru,"['Русский', 'Engisih']",2026-08-04,12-25-44,Tuesday
315915067497,438944099,hello_kiko,509658,Just Chatting,1669,2026-08-04T04:02:39Z,en,"['korean', '한국어', '日本語', 'English', 'Asian', 'Australian', 'feet', '中文', 'taiwan', 'kpop']",2026-08-04,12-25-44,Tuesday
318712905047,468932694,youladecadd,509672,IRL,1641,2026-08-03T13:18:30Z,fr,['Français'],2026-08-04,12-25-44,Tuesday
316324033779,119497908,kyo1984123,509658,Just Chatting,1608,2026-08-04T00:04:05Z,zh,"['中文', '時事話題', 'Vtuber', '國際台']",2026-08-04,12-25-44,Tuesday
316266119666,800349542,isuzumaccha,516575,VALORANT,1600,2026-08-03T13:42:52Z,zh,"['中文', 'Vtuber', '抹茶', 'Live2D', '委託開放中', '沒有技術', '沒有可愛', '要輸出有尖叫', '論文小狗']",2026-08-04,12-25-44,Tuesday
319795808736,933366019,tbvnks,210472759,Shift at Midnight,1581,2026-08-04T01:39:59Z,en,"['tbvnks', 'English']",2026-08-04,12-25-44,Tuesday
317152589943,116673961,lftoxy_val,516575,VALORANT,1570,2026-08-04T04:17:31Z,en,['English'],2026-08-04,12-25-44,Tuesday
317151166199,52891155,lowtiergod,488615,Street Fighter V,1568,2026-08-04T01:17:09Z,en,"['English', 'FORYOUPAGE', 'justchatting', 'lowtiergod', 'drops']",2026-08-04,12-25-44,Tuesday
317804503256,234973404,waterlynn,509658,Just Chatting,1543,2026-08-04T03:52:31Z,en,"['English', 'Travel', 'China', 'food', 'lifestyle', 'Chinese中文', 'IRL']",2026-08-04,12-25-44,Tuesday
318718140119,156571999,yuzu,539257489,Beast of Reincarnation,1541,2026-08-04T00:24:23Z,en,"['Vtuber', 'Anime', 'ENVtuber', 'vtuber', 'English', 'gamer', 'Geriatric']",2026-08-04,12-25-44,Tuesday
317972579303,106159308,gronkhtv,896525007,Gas Station Simulator,1531,2026-08-02T21:09:04Z,de,['Deutsch'],2026-08-04,12-25-44,Tuesday
315874551016,478575546,projektmelody,1081998272,PEAK,1526,2026-08-03T23:59:39Z,en,"['Vtuber', 'ENVtuber', 'English', 'AdultsOnly', 'ADHD', 'Chatty']",2026-08-04,12-25-44,Tuesday
316259515761,29528480,greentea,513143,Teamfight Tactics,1504,2026-08-04T02:39:36Z,zh,['中文'],2026-08-04,12-25-44,Tuesday
318682036852,53052202,boltz,509549,Pummel Party,1497,2026-08-03T23:55:32Z,pt,['Português'],2026-08-04,12-25-44,Tuesday
316268465778,440518979,a1u330_,516575,VALORANT,1490,2026-08-04T05:16:44Z,zh,"['聊天', '中文', '我愛說實話']",2026-08-04,12-25-44,Tuesday
318721289303,131439149,supcaitlin,509658,Just Chatting,1463,2026-08-04T04:25:06Z,en,"['English', 'feet', 'Asian', 'Furry']",2026-08-04,12-25-44,Tuesday
319733714780,116706369,mictia00,498592,I'm Only Sleeping,1447,2026-08-03T18:53:10Z,es,"['Ama', 'comer', 'charlar', 'multijugador', 'espectadores', 'Español']",2026-08-04,12-25-44,Tuesday
317802840280,114579205,hamy,509658,Just Chatting,1435,2026-08-04T00:28:06Z,en,"['English', 'Hamy', 'Stallion']",2026-08-04,12-25-44,Tuesday
318616980469,62336028,burgaofps,29452,Virtual Casino,1433,2026-08-03T23:32:24Z,pt,['Português'],2026-08-04,12-25-44,Tuesday
316561432405,592201379,stanislaw89,32399,Counter-Strike,1417,2026-08-04T01:09:52Z,ru,"['Русский', 'неадекват']",2026-08-04,12-25-44,Tuesday
315935928426,693883340,clioaite,1913410799,Total War: WARHAMMER III,1401,2026-08-04T00:40:27Z,en,"['Vtuber', 'History', 'Chatty', 'Hag', 'LHWHPGFGSGASMRIE', 'Australia', 'English', 'PhaseConnect']",2026-08-04,12-25-44,Tuesday
319735012572,25458544,sequisha,852009328,Mistfall Hunter,1397,2026-08-03T20:35:04Z,en,"['English', 'Solo', 'comedy', 'DropsEnabled']",2026-08-04,12-25-44,Tuesday
316324604659,72480716,tonton,539257489,Beast of Reincarnation,1394,2026-08-04T03:50:03Z,fr,"['Éducatif', 'Français', 'English', 'German', 'Spanish']",2026-08-04,12-25-44,Tuesday
320844509403,11824781,themrsark,1125407021,Backrooms Exploration,1390,2026-08-03T22:31:43Z,en,"['English', 'CantShaveUntilImOut', 'NoBackseating']",2026-08-04,12-25-44,Tuesday
317150055671,89203552,m0ts,982348888,ELDEN RING NIGHTREIGN,1390,2026-08-03T22:39:55Z,en,"['English', 'nightreigngameplay', 'eldenringgame']",2026-08-04,12-25-44,Tuesday
320670350553,43204993,lilaggy,6086,Super Mario Sunshine,1373,2026-08-03T16:54:13Z,en,['English'],2026-08-04,12-25-44,Tuesday
320731028442,230583557,itskxtlyn,509659,ASMR,1371,2026-08-03T22:00:13Z,en,"['English', 'ASMR', 'Vtuber', 'brat', 'meowmeowmeowmeow', 'ENVtuber']",2026-08-04,12-25-44,Tuesday
319739832028,865320951,sadgirl,509658,Just Chatting,1369,2026-08-04T01:06:11Z,en,"['English', 'news', 'girl', 'Tattoos', 'trending', 'chill', 'Woman']",2026-08-04,12-25-44,Tuesday
320846241883,20508512,calebhart42,8676,Mega Man X,1360,2026-08-03T23:57:04Z,en,"['SPEEDRUN', 'SWAG', 'FF7', 'ALLCAPS', 'GENERICTAG', 'WORLDRECORD', 'English', 'MEGAMAN', 'SHINYHUNT', 'ironMON']",2026-08-04,12-25-44,Tuesday
315914427369,57519051,darkviperau,32982,Grand Theft Auto V,1353,2026-08-03T23:14:04Z,en,"['English', 'Chatty', 'OCE', 'Speedrun', 'PC', 'Australian']",2026-08-04,12-25-44,Tuesday
318718112343,43246220,itswill,1122982998,Dark Souls: Remastered,1351,2026-08-04T00:22:07Z,en,"['English', 'Tomfoolery', 'hijinks', 'wisecracks', 'evil', 'PossibleGasLeak', 'ConfirmedGasLeak', 'VillageIdiot', 'DropsEnabled']",2026-08-04,12-25-44,Tuesday
319792744672,181743137,xarola_,516575,VALORANT,1345,2026-08-03T22:54:53Z,pt,"['Português', 'valorant', 'lindo', 'Nordeste', 'fortlev']",2026-08-04,12-25-44,Tuesday
317804196440,89041633,maxylobes,1597660489,RESIDENT EVIL: requiem,1343,2026-08-04T03:14:02Z,en,"['Speedrun', 'Marathon', 'Horror', 'Spageggu', 'GodGamer', 'GIGACHAD', 'speedrunning', 'Musician', 'English', 'GAMER']",2026-08-04,12-25-44,Tuesday
319791508448,24124090,datmodz,29307,Path of Exile,1340,2026-08-03T21:32:20Z,en,"['AMA', 'English']",2026-08-04,12-25-44,Tuesday
320850517595,107536229,aurateur,511399,Super Mario Maker 2,1335,2026-08-04T03:05:05Z,en,"['Bald', 'English']",2026-08-04,12-25-44,Tuesday
317804579416,702432427,twaimzzz,66082,Games + Demos,1331,2026-08-04T04:00:19Z,en,['English'],2026-08-04,12-25-44,Tuesday
316268105202,102192603,mimiluckying,852009328,Mistfall Hunter,1299,2026-08-04T03:04:41Z,zh,"['中文', '启用掉宝']",2026-08-04,12-25-44,Tuesday
320668590425,133896185,sheefgg,491931,Escape from Tarkov,1297,2026-08-03T13:24:24Z,en,"['English', 'NewPlayerFriendly', 'Chıll', 'BigBenisEnergy']",2026-08-04,12-25-44,Tuesday
318682175220,61868550,bwipolol,21779,League of Legends,1293,2026-08-04T00:07:40Z,en,"['Speedrunning', 'English', 'Challenger', 'soloqueue']",2026-08-04,12-25-44,Tuesday
318720164951,592934481,marimari_en,509658,Just Chatting,1282,2026-08-04T02:59:41Z,en,"['English', 'Vtuber', 'Corndog', 'QuattroBagina', 'Truckin', 'CrankingMyHog', 'PokemonXDGaleOfDarkness', 'Triceratops']",2026-08-04,12-25-44,Tuesday
320849597403,214483682,pattymeza,263490,Rust,1279,2026-08-04T02:22:18Z,es,"['Español', 'pattymeza', 'DropsActivados']",2026-08-04,12-25-44,Tuesday
319670046686,7010591,uhn,1597660489,RESIDENT EVIL: requiem,1278,2026-08-04T03:20:49Z,en,"['retired', 'unretired', 'English']",2026-08-04,12-25-44,Tuesday
320849288795,204081863,rivesor,516575,VALORANT,1274,2026-08-04T02:08:44Z,en,"['cozy', 'girl', 'buh', 'comfy', 'unemployed', 'AAAAAAAAAAAAAAAAAAAAAAAAA', 'English']",2026-08-04,12-25-44,Tuesday
319669208926,69012069,m0xyy,1264310518,Marvel Rivals,1244,2026-08-04T02:19:45Z,en,"['English', 'Hawkeye', 'old', 'Chud', 'DropsEnabled']",2026-08-04,12-25-44,Tuesday
316621480404,54739364,esamarathon,24034,NieR,1212,2026-08-02T13:35:28Z,en,['English'],2026-08-04,12-25-44,Tuesday
317803477208,42764895,jungroan,29307,Path of Exile,1210,2026-08-04T01:47:58Z,en,['English'],2026-08-04,12-25-44,Tuesday
315377187566,107514872,rush,21779,League of Legends,1198,2026-08-04T03:06:53Z,en,['English'],2026-08-04,12-25-44,Tuesday
319658821470,400999129,clout,23020,ROBLOX,1192,2026-08-03T09:34:11Z,en,"['English', 'DropsEnabled']",2026-08-04,12-25-44,Tuesday
316633122132,179997759,mixazver,29595,Dota 2,1192,2026-08-04T04:14:57Z,ru,"['Русский', 'MetroRoyale', 'arenabreakoutinfinite', 'общение']",2026-08-04,12-25-44,Tuesday
320848713307,115659124,sanchovies,21779,League of Legends,1191,2026-08-04T01:43:44Z,en,['English'],2026-08-04,12-25-44,Tuesday
318718185431,9679595,grimmmz,852009328,Mistfall Hunter,1176,2026-08-04T00:28:34Z,en,"['English', 'Hardcore', 'fps', 'RPG', 'Adventure', 'chatting', 'memes', 'Comedy', 'NoReligion', 'NoPolitics']",2026-08-04,12-25-44,Tuesday
318715089751,245488727,vulture_ow,515025,Overwatch,1159,2026-08-03T19:24:40Z,en,"['English', 'Competitive', 'fps', 'junkrat', 'SewerRat', 'overwatch', 'hashtagawesome', 'DropsEnabled']",2026-08-04,12-25-44,Tuesday
320728731610,475015198,jimcarona,509663,Special Events,1152,2026-08-03T19:19:06Z,es,"['Español', 'pokemon']",2026-08-04,12-25-44,Tuesday
318720019927,141045387,ellyen,24241,FINAL FANTASY XIV ONLINE,1148,2026-08-04T02:48:42Z,en,"['English', 'Vtuber', 'FFXIV', 'stinky', 'Pisstuber', 'ComfyVibes', 'Cumfy', 'Balding', 'DropsEnabled']",2026-08-04,12-25-44,Tuesday
320850334171,30080751,dyrus,21779,League of Legends,1143,2026-08-04T02:56:23Z,en,"['English', 'DropsEnabled']",2026-08-04,12-25-44,Tuesday
318720486743,208239719,nicknayersina,509672,IRL,1132,2026-08-04T03:23:37Z,en,"['English', 'IRL', 'nicknayersina']",2026-08-04,12-25-44,Tuesday
318715145559,598403800,juniperactias,723826053,Subnautica 2,1098,2026-08-03T19:30:35Z,en,"['vtuber', 'monstergirl', 'mothgirl', 'English', 'ChillVibes', 'discomfortstreamer', 'ComfyChaotic', 'honkoid', 'PanicPixieDreamGirl', 'ProjectZomfoid']",2026-08-04,12-25-44,Tuesday
318703902039,125953517,y4mi,2009321156,Dark and Darker,1098,2026-08-02T20:10:26Z,en,"['English', 'twinkmaxxing', 'notafemboy', 'DropsEnabled']",2026-08-04,12-25-44,Tuesday
317150370167,76084292,marymaybe,1036710512,Palworld,1095,2026-08-03T23:29:09Z,en,"['English', 'Filipino', 'Asian', 'Comfy']",2026-08-04,12-25-44,Tuesday
320849933019,220160764,ad9re,516575,VALORANT,1089,2026-08-04T02:37:16Z,en,"['cozy', 'comfy', 'English']",2026-08-04,12-25-44,Tuesday
318191803494,982132619,itcanberight,509658,Just Chatting,1088,2026-08-04T01:01:37Z,ru,"['Русский', 'Повтор']",2026-08-04,12-25-44,Tuesday
316324770419,48893421,sumomo_x,509658,Just Chatting,1080,2026-08-04T04:50:43Z,ja,"['日本語', 'DFM', 'Vtuber']",2026-08-04,12-25-44,Tuesday
320726892122,198758158,parkenharbor,11557,The Legend of Zelda: Ocarina of Time,1066,2026-08-03T16:45:19Z,en,"['Chatty', 'Educational', 'Canada', 'Cozy', 'English', 'hard', 'challenge', 'FirstPlaythrough']",2026-08-04,12-25-44,Tuesday
319668416990,804956586,yungeenace,509658,Just Chatting,1058,2026-08-04T01:31:38Z,en,['English'],2026-08-04,12-25-44,Tuesday
316259848049,214737896,minoru04160,263490,Rust,1052,2026-08-04T04:49:26Z,ja,"['日本語', 'Drops有効']",2026-08-04,12-25-44,Tuesday
320848772827,27842439,lourlo,21779,League of Legends,1048,2026-08-04T01:46:05Z,en,"['pro', 'ranked', 'Challenger', 'English', 'Anime', 'rumble', 'poppy', 'teamliquid', 'xdd', 'music']",2026-08-04,12-25-44,Tuesday
317151317623,197406569,thenicolet,509659,ASMR,1048,2026-08-04T01:37:09Z,en,"['English', 'ENGLISH', 'ASMR', 'FINDOM', 'EGIRL', 'GIRL', 'feet', 'goddess', 'woman']",2026-08-04,12-25-44,Tuesday
318721816919,1372665369,officialjaidynalexxis,509672,IRL,1048,2026-08-04T05:07:47Z,en,['English'],2026-08-04,12-25-44,Tuesday
318718608087,24198048,matimi0,539257489,Beast of Reincarnation,1042,2026-08-04T01:01:59Z,en,['English'],2026-08-04,12-25-44,Tuesday
317803776856,12835111,thecrimsonblur,1435206302,Slay the Spire II,1042,2026-08-04T02:22:31Z,en,['English'],2026-08-04,12-25-44,Tuesday
319663710174,56399221,viper,21779,League of Legends,1037,2026-08-03T20:54:51Z,en,"['English', 'leagueoflegeneds', 'DropsEnabled']",2026-08-04,12-25-44,Tuesday
316324392307,222497376,dada_0124,19976,MapleStory,1034,2026-08-04T02:29:07Z,zh,['中文'],2026-08-04,12-25-44,Tuesday
320847002971,453880006,eggsterr,516575,VALORANT,1033,2026-08-04T00:29:22Z,en,['English'],2026-08-04,12-25-44,Tuesday
318714236375,170600136,jaygriffyuh,2009321156,Dark and Darker,1028,2026-08-03T17:41:34Z,en,"['RANK1', 'THEBEST', 'DARKANDDARKER', 'Wizard', 'English', 'solo', 'highroller', 'DaD', 'ProdigyRP', 'DropsEnabled']",2026-08-04,12-25-44,Tuesday
319797015904,563445803,momoseventh,491487,Dead by Daylight,1021,2026-08-04T02:56:52Z,en,"['English', 'DropsEnabled']",2026-08-04,12-25-44,Tuesday
316561821141,116780430,spt083,29595,Dota 2,1014,2026-08-04T04:37:40Z,ru,['Русский'],2026-08-04,12-25-44,Tuesday
318546477814,41783889,axtlol,852009328,Mistfall Hunter,1013,2026-08-04T00:58:14Z,pt,"['Português', 'CBLOL', 'lol', 'leagueoflegeneds', 'LTA', 'DropsAtivados']",2026-08-04,12-25-44,Tuesday
319793794272,414699449,rebeldustypinky,66170,Warframe,1004,2026-08-03T23:53:36Z,en,"['English', 'VarietyStreamer', 'Helldivers', 'Vtuber', 'Arc', 'wow', 'Horror', 'warframe', 'Finals']",2026-08-04,12-25-44,Tuesday
320675438041,645498689,paypay,32982,Grand Theft Auto V,1003,2026-08-03T22:56:45Z,en,"['English', 'LGBTQ', 'Gay']",2026-08-04,12-25-44,Tuesday
320736905050,59131475,caprimint,263490,Rust,996,2026-08-04T02:35:51Z,es,"['Español', 'DropsActivados']",2026-08-04,12-25-44,Tuesday
320850504155,143655015,nezumivy,4280,Zoo Tycoon 2,989,2026-08-04T03:04:25Z,es,"['Español', 'LGBTQ']",2026-08-04,12-25-44,Tuesday
318720559831,425543889,ghostiexuwu,509659,ASMR,986,2026-08-04T03:29:15Z,en,"['English', '420', 'Vtuber', 'ASMR', 'mommy', 'FemboyEnjoyer', 'vrchat', 'brat']",2026-08-04,12-25-44,Tuesday
316267922802,529552506,tqq999_,515025,Overwatch,982,2026-08-04T01:49:47Z,ja,"['日本語', 'Drops有効']",2026-08-04,12-25-44,Tuesday
315881295315,172376071,maxim,539257489,Beast of Reincarnation,982,2026-08-04T05:05:43Z,de,"['BesterSpieler', 'Maxim', 'Deutsch', 'german']",2026-08-04,12-25-44,Tuesday
320673206745,588397817,jaystayup,509658,Just Chatting,976,2026-08-03T20:41:48Z,en,['English'],2026-08-04,12-25-44,Tuesday
318683395572,109093498,sofikimmy,21779,League of Legends,974,2026-08-04T02:03:55Z,es,"['Español', 'Chile', 'DropsActivados']",2026-08-04,12-25-44,Tuesday
319796194784,44338537,burkeblack,508798,Warhammer,963,2026-08-04T02:02:56Z,en,"['English', 'Pirate', 'PG16', 'NoPolitics', 'NoStorySpoilers', 'BackSeatingAllowed']",2026-08-04,12-25-44,Tuesday
318712506711,415513756,hyperrattv,491931,Escape from Tarkov,961,2026-08-03T11:19:06Z,en,['English'],2026-08-04,12-25-44,Tuesday
317985160807,1525451104,heyodds09,498566,Slots,956,2026-08-04T04:50:14Z,en,['English'],2026-08-04,12-25-44,Tuesday
316591127638,52968416,asmodaitv,138585,Hearthstone,954,2026-08-04T00:58:38Z,en,"['English', 'Hearthstone', 'Battlegrounds']",2026-08-04,12-25-44,Tuesday
319735193180,151487295,lomein,2132205352,Deadlock,953,2026-08-03T20:48:48Z,en,"['English', 'deadlock']",2026-08-04,12-25-44,Tuesday
318718138199,103952647,nezba,539257489,Beast of Reincarnation,953,2026-08-04T00:24:18Z,en,"['English', 'ADHD', 'cringe', 'Chatty', 'ADD', 'Mean', 'drops', 'girl', 'Woman']",2026-08-04,12-25-44,Tuesday
317800328664,159143377,stankrat,491931,Escape from Tarkov,944,2026-08-03T17:53:56Z,en,['English'],2026-08-04,12-25-44,Tuesday
318716836055,64926136,detune,509658,Just Chatting,939,2026-08-03T22:24:26Z,en,"['lgbtqIa', 'black', 'LGBT', 'horror', 'paranormal', 'English', 'Biracial', 'scary', 'ghosthunting', 'momswelcome']",2026-08-04,12-25-44,Tuesday
317150839799,563807568,heyyouvideogame,491931,Escape from Tarkov,934,2026-08-04T00:35:31Z,en,"['English', 'RP', 'duostream', 'duo', 'Roleplay', 'philosophical', 'ProdigyRP', 'Gimmick', 'Juiceman']",2026-08-04,12-25-44,Tuesday
317803450968,186531172,gamstergaming,417528,Albion Online,923,2026-08-04T01:45:01Z,es,"['Vtuber', 'funnymoments', 'oneesanhunter', 'grannyhunter', 'boyoyoinghunter', 'Español', 'MaleVtuber', 'English', 'DropsActivados']",2026-08-04,12-25-44,Tuesday
316632278100,133763336,uniquee,29595,Dota 2,911,2026-08-03T22:07:45Z,ru,"['Русский', 'Топ2мира', 'юник']",2026-08-04,12-25-44,Tuesday
320683137113,1044437195,brewwley,33214,Fortnite,909,2026-08-04T05:17:06Z,en,"['goodvibesgaming', 'calldofduty', 'Phasmophobia', 'CHILLandVIBES', 'FortniteGamplay', 'English']",2026-08-04,12-25-44,Tuesday
319797213152,207884217,joeknowsyt,2112738408,NBA 2K26,908,2026-08-04T03:10:12Z,en,['English'],2026-08-04,12-25-44,Tuesday
316619721300,729639945,perra,509658,Just Chatting,907,2026-08-02T08:40:29Z,sv,"['Svenska', 'Norsk', 'IRL', 'ADHD', 'English', 'Fat']",2026-08-04,12-25-44,Tuesday
320738722138,987218763,panicapex,511224,Apex Legends,903,2026-08-04T04:12:04Z,en,"['English', 'DropsEnabled']",2026-08-04,12-25-44,Tuesday
316267897202,797780136,shuto_fgc,55453844,Street Fighter 6,899,2026-08-04T01:40:05Z,ja,"['日本語', 'streeetfighter6', 'under', '雑談']",2026-08-04,12-25-44,Tuesday
316628560212,27572209,mazoni,491931,Escape from Tarkov,896,2026-08-03T13:43:38Z,ru,"['Русский', 'EFT']",2026-08-04,12-25-44,Tuesday
316259548785,205775893,haitani0904,55453844,Street Fighter 6,894,2026-08-04T02:53:19Z,ja,['日本語'],2026-08-04,12-25-44,Tuesday
319792665696,22510310,gamesdonequick,1483574214,Games Done Quick,893,2026-08-03T22:50:31Z,en,"['English', 'Speedrun', 'Rerun']",2026-08-04,12-25-44,Tuesday
316324378867,89969094,zerost_s,55453844,Street Fighter 6,886,2026-08-04T02:22:27Z,ja,['日本語'],2026-08-04,12-25-44,Tuesday
317150885751,54989347,fairlight_excalibur,508798,Warhammer,885,2026-08-04T00:41:49Z,en,"['English', 'UnfathomablyBased', 'Strategy', 'NoPolitics']",2026-08-04,12-25-44,Tuesday
318546731894,648713158,locking,509658,Just Chatting,882,2026-08-04T01:22:18Z,pt,"['fps', 'locking', 'Português', 'gta', 'cpx', 'metropole', 'fivem']",2026-08-04,12-25-44,Tuesday
317148252023,1437641429,oilrats247,263490,Rust,880,2026-08-03T17:31:21Z,en,"['English', 'DropsEnabled']",2026-08-04,12-25-44,Tuesday
320852103515,40754777,masondota2,29595,Dota 2,877,2026-08-04T04:36:28Z,en,"['English', 'clown', 'horni']",2026-08-04,12-25-44,Tuesday
320737427418,118220323,pompeyo4,491168,Clash Royale,871,2026-08-04T03:00:51Z,es,['Español'],2026-08-04,12-25-44,Tuesday
318186076646,198939622,onlyjson,509658,Just Chatting,870,2026-08-03T15:16:36Z,de,"['gtavrproleplay', 'Deutsch', 'NARCOCITY', 'fivem', 'Unterhaltung', 'gta']",2026-08-04,12-25-44,Tuesday
320672098777,231053562,cursedfiber78,497480,Detroit: Become Human,865,2026-08-03T19:14:45Z,es,"['Español', 'tortilla', 'malabarista', 'Elmejorstreamerdelmundo', 'tupapá']",2026-08-04,12-25-44,Tuesday
318717784407,530301765,biohazard1862,23020,ROBLOX,856,2026-08-03T23:56:03Z,en,['English'],2026-08-04,12-25-44,Tuesday
320734079194,24538518,sneakylol,491931,Escape from Tarkov,855,2026-08-04T00:31:33Z,en,['English'],2026-08-04,12-25-44,Tuesday
318125953125,169958802,treelover462,512953,ELDEN RING,852,2026-08-03T22:54:13Z,de,['Deutsch'],2026-08-04,12-25-44,Tuesday
319739488092,51383365,dayoshi,500188,Hunt: Showdown 1896,851,2026-08-04T00:50:16Z,en,"['shinyhunting', 'shinypokemon', 'ADHD', 'GarlicDefender', 'FireEmblemEnjoyers', 'English', 'PokémonTCG', 'DropsEnabled']",2026-08-04,12-25-44,Tuesday
319737863260,496942388,jill,539257489,Beast of Reincarnation,847,2026-08-03T23:30:48Z,en,"['English', 'jillcrofts', 'TombRaider', 'Speedrun', 'ChallengeRunner', 'cosplay', 'anime', 'NoBackseating', 'kpop', 'VoiceActing']",2026-08-04,12-25-44,Tuesday
316259474161,148588540,obormentv,509658,Just Chatting,844,2026-08-04T02:22:04Z,ja,['日本語'],2026-08-04,12-25-44,Tuesday
316591472854,39643904,nogpyra,539257489,Beast of Reincarnation,844,2026-08-04T04:01:34Z,ru,"['Женщина', 'Русский', 'БезМата', 'БезПодсказок']",2026-08-04,12-25-44,Tuesday
318717535703,28054687,etalyx,31339,Project Zomboid,837,2026-08-03T23:32:19Z,en,"['English', 'NoSpoilers', 'VibesBasedTimeouts', 'UnpaidPlaytester', 'NoBackseating']",2026-08-04,12-25-44,Tuesday
319739725020,56361303,drgluon,2059463486,Waterpark Simulator,834,2026-08-04T01:01:07Z,en,"['English', 'BackseatGamingAllowed', 'itsafez', 'funny', 'Cozy', 'wholesome']",2026-08-04,12-25-44,Tuesday
318192387942,63828424,aimlul,491931,Escape from Tarkov,832,2026-08-04T04:14:22Z,ru,"['Русский', 'Свин', 'свинота', 'Витубер', 'Депрессия', 'Шизофрения', 'Дружелюбнаяатмосфера', 'длявсейсемьи', 'Фурри', 'Нефурри']",2026-08-04,12-25-44,Tuesday
320728499162,72700357,pinkwardlol,21779,League of Legends,827,2026-08-03T19:01:22Z,en,"['English', 'DropsEnabled']",2026-08-04,12-25-44,Tuesday
317802869848,596714492,kyouasmr,509659,ASMR,825,2026-08-04T00:31:11Z,en,"['asmr', 'adhd', 'Comfy', 'mommy', 'SleepAid', 'healing', 'Mature', 'Chatting', 'HAG', 'korean']",2026-08-04,12-25-44,Tuesday
317409435363,39692658,elojoninja,21779,League of Legends,824,2026-08-03T15:09:33Z,es,"['Español', 'LeagueofLegends', 'LoL', 'Didactico', 'MOBA', 'Ivern', 'LeeSin', 'Nidalee', 'Challenger', 'DropsActivados']",2026-08-04,12-25-44,Tuesday
317398938212,676652575,itsjxin,1441208453,Once Human,817,2026-08-04T03:31:17Z,en,"['Español', 'PvP', 'PvE', 'Canto', 'MMA', 'Ranked', 'English', 'chino']",2026-08-04,12-25-44,Tuesday
320733489114,752959475,k1m6a,499634,Crypto,816,2026-08-04T00:04:55Z,en,"['English', 'bitcoin', 'crypto', 'trading', 'cryptocurrency', 'cryptotrading', 'marketanalysis', 'howtotrade', 'solana', 'ethereum']",2026-08-04,12-25-44,Tuesday
320729060314,560547447,ghouly,500188,Hunt: Showdown 1896,814,2026-08-03T19:45:19Z,en,"['English', 'Hispanic', 'egirl', 'ADHD', 'Horror', 'Cosplay', 'DropsEnabled']",2026-08-04,12-25-44,Tuesday
318618107893,471175257,facada,509658,Just Chatting,813,2026-08-04T01:13:57Z,pt,"['facadarp', 'facada', 'Português']",2026-08-04,12-25-44,Tuesday
319791620192,28579743,dorki,18122,World of Warcraft,812,2026-08-03T21:41:01Z,en,['English'],2026-08-04,12-25-44,Tuesday
317374460770,48245475,areslps,852009328,Mistfall Hunter,811,2026-08-04T04:30:21Z,de,"['german', 'deutsch', 'variety', 'Deutsch', 'Giveaways', 'chill', 'chillout', 'DropsAktiviert']",2026-08-04,12-25-44,Tuesday
320851725275,29249710,skyshocktv,509658,Just Chatting,808,2026-08-04T04:11:24Z,es,"['Español', 'entretenimiento']",2026-08-04,12-25-44,Tuesday
319667163614,81672274,fleshy,1509529923,Burglin' Gnomes,805,2026-08-04T00:25:16Z,en,"['English', 'fleshenjoyer', 'catgirl', 'youarestuckherenow', 'menace2society', 'art', 'Chatty', 'Freak', 'Vtuber', 'Latino']",2026-08-04,12-25-44,Tuesday
316267866738,29066611,yulihong22,610246500,Mabinogi Mobile,801,2026-08-04T01:27:36Z,zh,"['中文', '叉滴娛樂', '抽卡不歪', '超級幸運']",2026-08-04,12-25-44,Tuesday
318710255575,452321499,lopezfnx,498592,I'm Only Sleeping,800,2026-08-03T05:13:18Z,es,"['España', 'Español']",2026-08-04,12-25-44,Tuesday
318182420326,751853238,michilurk,18122,World of Warcraft,799,2026-08-03T06:01:03Z,de,['Deutsch'],2026-08-04,12-25-44,Tuesday
318720103639,441850396,hydrasung,518184,Phasmophobia,794,2026-08-04T02:55:12Z,en,"['Asian', 'Taiwan', 'Australia', 'kpop', 'Singapore', 'Malaysia', 'Japan', 'Korean', 'Korea', 'Phasmophobia']",2026-08-04,12-25-44,Tuesday
315850286034,59685493,cohh,499973,Always On,791,2026-08-03T12:00:05Z,en,"['ReRun', 'Cozy', 'GoodVibes', 'SFW', 'Parent', 'Chill', 'English']",2026-08-04,12-25-44,Tuesday
316324399731,21838653,z60411,509658,Just Chatting,790,2026-08-04T02:31:48Z,zh,"['IRL', 'Gundam', '中文', '嚴厲斥責', 'pachinko', 'MMORPG']",2026-08-04,12-25-44,Tuesday
316632429652,426251614,vodkaskndr,509658,Just Chatting,788,2026-08-03T22:53:07Z,ru,['Русский'],2026-08-04,12-25-44,Tuesday
316259564785,31673401,gunguno,509658,Just Chatting,782,2026-08-04T03:00:18Z,zh,"['顏值', '射擊', '幽默', '錢來就幹', '掉宝開启', 'English', '中文', '飆哥開示了', '启用掉宝']",2026-08-04,12-25-44,Tuesday
318548092406,124656692,seucreysonreborn,29595,Dota 2,778,2026-08-04T03:42:34Z,pt,"['Português', 'dota2', 'Coach', 'campeonato', 'campeão', 'CampeãoBrasileiro', 'MOBA']",2026-08-04,12-25-44,Tuesday
318683655668,231079149,jacarepereira,509658,Just Chatting,778,2026-08-04T02:29:00Z,pt,['Português'],2026-08-04,12-25-44,Tuesday
317984880871,1354738224,ifnonadish,29452,Virtual Casino,777,2026-08-04T03:17:44Z,fr,['Français'],2026-08-04,12-25-44,Tuesday
320736254298,87596756,lltrigger,21779,League of Legends,775,2026-08-04T02:07:09Z,en,"['English', 'Challenger', 'ADCMain', 'Educational', 'Coaching', 'Ranked', 'Competitive', 'LucianOTP', 'RPG', 'ASMR']",2026-08-04,12-25-44,Tuesday
317149542519,494022527,jaykunvt,386821,Black Desert,775,2026-08-03T21:16:25Z,en,"['NewAndReturningWelcome', 'English', 'ENVtuber', 'PlayingwithViewers', 'DropsEnabled']",2026-08-04,12-25-44,Tuesday
317804215128,37853510,hitchariide,34134,Call of Duty: Black Ops II,774,2026-08-04T03:16:27Z,en,['English'],2026-08-04,12-25-44,Tuesday
320847863771,43490123,moosebrother,32982,Grand Theft Auto V,768,2026-08-04T01:06:53Z,en,"['English', 'RP', 'looksmaxxing']",2026-08-04,12-25-44,Tuesday
316561182165,155869388,jointhesystemm,491931,Escape from Tarkov,767,2026-08-03T23:25:36Z,ru,['Русский'],2026-08-04,12-25-44,Tuesday
316590641494,598365549,xah0b,498592,I'm Only Sleeping,766,2026-08-03T22:00:28Z,ru,"['Русский', 'СиськиТут', 'Ханов', 'Hanov', 'СиндромДауна', 'СосуСтинтику', 'НародныйСтример', 'ДелаетРазницу', 'Пахан', 'КиркЖив67']",2026-08-04,12-25-44,Tuesday
318192053222,42163359,vulpeshd,539257489,Beast of Reincarnation,766,2026-08-04T02:15:43Z,en,"['Vtuber', 'CuteEmotes', 'feet', 'armpit', 'Mute', 'English', 'forsen']",2026-08-04,12-25-44,Tuesday
317984880487,1345327251,wildis_sous,29452,Virtual Casino,760,2026-08-04T03:17:43Z,en,['English'],2026-08-04,12-25-44,Tuesday
318721413847,138034808,mayz,1678532194,EA Sports College Football 27,757,2026-08-04T04:35:08Z,en,"['competitive', 'gaming', 'madden', 'Football', 'trashtalk', 'challenge', 'collegefootball', 'English']",2026-08-04,12-25-44,Tuesday
317984881255,1152050414,ramz3iro,29452,Virtual Casino,755,2026-08-04T03:17:44Z,pl,"['English', 'Polski']",2026-08-04,12-25-44,Tuesday
320672679769,190399133,czanee,386821,Black Desert,754,2026-08-03T20:00:15Z,en,"['English', 'DropEnabled', 'IYELLALOT', 'silly', 'wacky', 'goofy', 'LyingEncouraged', 'DropsEnabled']",2026-08-04,12-25-44,Tuesday
316323882355,932431057,ultimateojo,27284,Retro,754,2026-08-03T22:55:47Z,ja,"['日本語', 'twitch界の鮮魚', '収益で歯列矯正をするのが目標', 'Drops有効']",2026-08-04,12-25-44,Tuesday
318718357591,82292123,yebshow,709941216,Endacopia,751,2026-08-04T00:42:44Z,en,"['english', 'girl', 'adhd', 'based', 'English', 'Speed', 'Yapper', 'yeb', 'YEB', 'yungelderberry']",2026-08-04,12-25-44,Tuesday
316561510997,805929546,cozart_2s1,32399,Counter-Strike,746,2026-08-04T01:54:34Z,ru,['Русский'],2026-08-04,12-25-44,Tuesday
317984881127,407906401,playsimka,29452,Virtual Casino,745,2026-08-04T03:17:44Z,ru,['Русский'],2026-08-04,12-25-44,Tuesday
317984880743,914076211,tuydoha,29452,Virtual Casino,744,2026-08-04T03:17:44Z,en,['English'],2026-08-04,12-25-44,Tuesday
319797271520,202230506,aidanbeans,512710,Call of Duty: Warzone,742,2026-08-04T03:14:37Z,en,"['cod', 'rebirth', 'dropsenabled', 'adhd', 'English', 'warzone']",2026-08-04,12-25-44,Tuesday
318721149015,125142625,luckyzeal,1264310518,Marvel Rivals,739,2026-08-04T04:14:33Z,en,"['English', 'DropsEnabled']",2026-08-04,12-25-44,Tuesday
317148399607,553867116,hyyjoe,509672,IRL,738,2026-08-03T18:01:37Z,en,['English'],2026-08-04,12-25-44,Tuesday
317984880999,1427946683,tsayokoclub,29452,Virtual Casino,733,2026-08-04T03:17:44Z,en,['English'],2026-08-04,12-25-44,Tuesday
319739993564,581410479,spoonerdawg,509658,Just Chatting,730,2026-08-04T01:14:37Z,en,['English'],2026-08-04,12-25-44,Tuesday
318720017495,647016813,djdiablito,1669431183,DJs,726,2026-08-04T02:48:30Z,en,"['English', 'Music', 'Spanish', 'House', 'HipHop', 'Reggaeton', 'Disco', 'Classics', 'Latin']",2026-08-04,12-25-44,Tuesday
320681745497,64577558,aliciaxlife,509658,Just Chatting,722,2026-08-04T03:48:41Z,en,"['English', 'VarietyStreamer', 'VarietyGamer', 'aliciaxdeath']",2026-08-04,12-25-44,Tuesday
320730266586,13326547,parasite,2012789438,Call of Duty: Black Ops 7,719,2026-08-03T21:10:41Z,en,"['English', 'pro', 'Ranked', 'fps', 'PvP']",2026-08-04,12-25-44,Tuesday
320738526810,158126658,littlespacerock,491487,Dead by Daylight,714,2026-08-04T04:00:08Z,en,"['English', 'DropsEnabled']",2026-08-04,12-25-44,Tuesday
316323903603,83435622,arex,539257489,Beast of Reincarnation,712,2026-08-03T23:05:31Z,en,"['English', 'Cursed', 'Japan', 'ESL', 'Bold', 'ADHD', 'Unlucky', 'deadinside', 'Despair', 'Coffee']",2026-08-04,12-25-44,Tuesday
316632926676,491802186,inseq,491931,Escape from Tarkov,709,2026-08-04T02:27:27Z,ru,"['Русский', 'EFT', 'шутер']",2026-08-04,12-25-44,Tuesday
319795344864,143762141,ezzmoandyoyo,509672,IRL,705,2026-08-04T01:13:50Z,en,['English'],2026-08-04,12-25-44,Tuesday
317984488679,225634436,thechichallenge,1494,Call of Duty,704,2026-08-04T01:16:49Z,en,"['English', 'Rerun', 'podcast', 'PodcastStreamer', 'podcasting', 'IRL', 'ırl', 'irlstream', 'IRLlivestream', 'IRLchatting']",2026-08-04,12-25-44,Tuesday
318718068055,39464264,aplatypuss,539257489,Beast of Reincarnation,702,2026-08-04T00:18:02Z,en,['English'],2026-08-04,12-25-44,Tuesday
319792316384,1098347707,mishelletv,19976,MapleStory,701,2026-08-03T22:28:49Z,en,"['English', 'korean', 'maplestory', 'maplestoryreboot', 'MaplestoryNA', 'happy', 'goodvibes', 'limbo']",2026-08-04,12-25-44,Tuesday
317802306008,48827570,saintone,539257489,Beast of Reincarnation,697,2026-08-03T23:13:31Z,en,"['English', 'Community', 'of', 'Boomers', 'And', 'Lizard', 'People', 'MAMBO']",2026-08-04,12-25-44,Tuesday
319798136800,230151386,bajiru_en,26936,Music,695,2026-08-04T04:33:31Z,en,"['English', 'Vtuber', 'Karaoke', 'Singer', 'Jako']",2026-08-04,12-25-44,Tuesday
318718952279,469946584,wigwugg,513143,Teamfight Tactics,691,2026-08-04T01:28:37Z,en,"['Mortdogged', 'mortdogssecondson', 'TFT', 'yapping', 'English', 'Canada', 'fraud', 'teamfighttactics', 'ConnorMcDavid']",2026-08-04,12-25-44,Tuesday
320844253403,24534372,jimrsng,21779,League of Legends,690,2026-08-03T22:16:54Z,es,"['Español', 'divertido', 'comedia', 'irreverente', 'cringe', 'ajedrecista', 'sc2', 'drops', 'DropsActivados']",2026-08-04,12-25-44,Tuesday
320679721689,31457927,wanderdl,2132205352,Deadlock,687,2026-08-04T02:09:34Z,en,['English'],2026-08-04,12-25-44,Tuesday
317151314551,651144965,mikamoonlight,499003,VRChat,684,2026-08-04T01:36:36Z,en,"['English', 'Vtuber', 'ENVtuber', 'Anime', 'Dance']",2026-08-04,12-25-44,Tuesday
317374110690,152454625,jokaa45,509658,Just Chatting,683,2026-08-04T02:14:12Z,fr,"['Français', 'react', 'humour', 'sponsored']",2026-08-04,12-25-44,Tuesday
316588624726,466996650,w_pushkin,509658,Just Chatting,679,2026-08-03T17:11:06Z,ru,"['Русский', 'донатофон', 'ваз']",2026-08-04,12-25-44,Tuesday
319734345052,1100301902,enchantressdani,852009328,Mistfall Hunter,677,2026-08-03T19:43:47Z,en,"['mmorpg', 'vibes', 'pvp', 'newplayer', 'dropsenabled', 'cosplaygoal', 'cosplaystream', 'mistfallhunter', 'findinggyldenhunter', 'English']",2026-08-04,12-25-44,Tuesday
317803698392,10217631,patty,498215,UFO 50,675,2026-08-04T02:12:45Z,en,"['Bald', 'Masculine', 'GigaChad', 'Nobackseating', 'English', 'NoHints', 'NoHelp', 'NoHelpUnlessAsked', 'MONKEY']",2026-08-04,12-25-44,Tuesday
318714681047,763706766,redify,509658,Just Chatting,672,2026-08-03T18:38:59Z,en,"['English', 'jasontheween', 'catgirl', 'meow', 'oscs', 'catboy', 'femboy']",2026-08-04,12-25-44,Tuesday
315875237096,29826549,bebelolz,21779,League of Legends,669,2026-08-04T04:52:55Z,zh,"['中文', '启用掉宝']",2026-08-04,12-25-44,Tuesday
318544106742,792606534,bahiaqz,624536948,EA Sports FC 26,668,2026-08-03T21:16:53Z,pt,['Português'],2026-08-04,12-25-44,Tuesday
316267901426,69600926,entych,21779,League of Legends,663,2026-08-04T01:41:58Z,ja,"['日本語', 'ネタバレ禁止', '雑談', 'Chıll']",2026-08-04,12-25-44,Tuesday
318720470231,497124700,shizunara,511224,Apex Legends,658,2026-08-04T03:22:03Z,zh,"['中文', 'English', '日本勉強中', '启用掉宝']",2026-08-04,12-25-44,Tuesday
319666062814,14408894,cdnthe3rd,1158884259,Splatoon 3,651,2026-08-03T23:27:49Z,en,"['OftenImitated', 'NeverDuplicated', 'BidetEnthusiast', 'English', 'DFWPYUO', 'Muppemorphasis']",2026-08-04,12-25-44,Tuesday
318127091301,236165845,f3nixstream,491931,Escape from Tarkov,650,2026-08-04T03:40:15Z,de,"['Deutsch', 'Promotion']",2026-08-04,12-25-44,Tuesday
319742022748,25766032,wintergaming,813773698,ZeroSpace,646,2026-08-04T03:15:55Z,en,"['Chill', 'English', 'Salt', 'RTS', 'Strategy', 'DropsEnabled']",2026-08-04,12-25-44,Tuesday
319731216604,18816864,spikevegeta,27284,Retro,642,2026-08-03T14:47:13Z,en,['English'],2026-08-04,12-25-44,Tuesday
320737337818,21588571,anthony_kongphan,852009328,Mistfall Hunter,638,2026-08-04T02:56:42Z,en,"['English', 'Vampire', 'goth', 'Patellanation', 'ADHDStreamer', 'DropsEnabled']",2026-08-04,12-25-44,Tuesday
318717779159,42320398,ramez05,539257489,Beast of Reincarnation,637,2026-08-03T23:55:43Z,en,"['English', 'Filipino', 'Pinoy', 'giveaway', 'Blasian', 'kaicenat', 'BeastOfReincarnation']",2026-08-04,12-25-44,Tuesday
320727563482,1281867897,jay3vod,1264310518,Marvel Rivals,635,2026-08-03T17:46:02Z,en,"['fps', 'fpsgames', 'fpsshooter', 'vods', 'Vodstream', 'jay3', 'marvelrivals', 'English', 'Rerun']",2026-08-04,12-25-44,Tuesday
320682866521,25743612,graycen,18122,World of Warcraft,629,2026-08-04T04:57:42Z,en,"['Variety', 'English']",2026-08-04,12-25-44,Tuesday
316323566707,471685664,tamatthi,491931,Escape from Tarkov,628,2026-08-03T20:16:25Z,ja,['日本語'],2026-08-04,12-25-44,Tuesday
316591587542,408833527,markl1nck,32982,Grand Theft Auto V,627,2026-08-04T04:55:47Z,ru,"['Русский', 'strogo']",2026-08-04,12-25-44,Tuesday
319797463264,72414688,eduardo_hook,210472759,Shift at Midnight,626,2026-08-04T03:30:13Z,en,"['English', 'DropsEnabled']",2026-08-04,12-25-44,Tuesday
319661974110,53741885,crayon_fps,2132205352,Deadlock,622,2026-08-03T18:20:49Z,en,"['gamer', 'English', 'Vietnamese', 'extremelypassionate', 'richRP', 'eternus', 'deadlock', 'NA']",2026-08-04,12-25-44,Tuesday
318682141172,246149775,jorge,509658,Just Chatting,620,2026-08-04T00:05:03Z,pt,['DropsAtivados'],2026-08-04,12-25-44,Tuesday
320838491611,125387632,amouranth,509672,IRL,618,2026-08-03T14:34:41Z,en,"['English', 'IRL']",2026-08-04,12-25-44,Tuesday
316259560561,50755163,haretti,21779,League of Legends,617,2026-08-04T02:57:35Z,ja,"['日本語', 'ネタバレ注意', '料理', '初見歓迎', 'ADC', 'Drops有効']",2026-08-04,12-25-44,Tuesday
318719339863,67450965,patstaresat,24241,FINAL FANTASY XIV ONLINE,613,2026-08-04T01:58:02Z,en,"['English', 'gaming', 'ObsessiveCompulsive', 'SleepDeprived', 'Dad', 'DropsEnabled']",2026-08-04,12-25-44,Tuesday
318713794391,9092112,feliciaday,499973,Always On,609,2026-08-03T16:29:24Z,en,"['English', 'coop', 'Farming', 'fantasy', 'TV', 'feliciaday', 'supernatural', 'Guild', 'actor', 'farming']",2026-08-04,12-25-44,Tuesday
316259623281,1294268399,gamingrinko,509672,IRL,608,2026-08-04T03:23:48Z,ja,"['日本', 'japan', '日本語']",2026-08-04,12-25-44,Tuesday
318718740567,598826002,tobs,1833870110,At Night : Freakshow,606,2026-08-04T01:12:02Z,en,"['vtuber', 'gluestick', 'batsard', 'tob', 'educacional', 'informative', 'subway5dollarfootlong', 'Walmart', 'English']",2026-08-04,12-25-44,Tuesday
320678616025,320878,protonjon,4162,Donkey Kong Country 3: Dixie Kong's Double Trouble!,602,2026-08-04T01:21:42Z,en,"['English', 'Canada', 'Retro', 'Modern', 'Variety', 'AcquiredTaste', 'FlyFree', 'Glitched', 'PsychologicalHorror', 'TechnicalDifficulties']",2026-08-04,12-25-44,Tuesday
319734227804,216400079,oshakonig,33214,Fortnite,600,2026-08-03T19:33:56Z,en,"['MUSICARTIST', 'PartneredStreamer', 'FortniteGamplay', 'English', 'FNCS', 'EpicCreator', 'rankedfortnite', 'DropsEnabled']",2026-08-04,12-25-44,Tuesday
318617018997,138160925,kraizen_gaming,417528,Albion Online,597,2026-08-03T23:36:36Z,es,"['Español', 'Chile', 'Inglés', 'DropsActivados']",2026-08-04,12-25-44,Tuesday
318720894679,569334251,suhmmiee,509658,Just Chatting,595,2026-08-04T03:55:09Z,en,"['Variety', 'JUSTCHATTING', 'English']",2026-08-04,12-25-44,Tuesday
317371996898,622498423,otplol_,21779,League of Legends,593,2026-08-03T19:55:20Z,fr,"['Français', 'DropsActivés']",2026-08-04,12-25-44,Tuesday
319795412448,529705123,shvfty__,32982,Grand Theft Auto V,593,2026-08-04T01:17:45Z,en,['English'],2026-08-04,12-25-44,Tuesday
320682561753,485420539,muzz,33214,Fortnite,589,2026-08-04T04:38:27Z,en,['English'],2026-08-04,12-25-44,Tuesday
318719554647,55539337,jikerdor,1089655891,PERSONA3 RELOAD,589,2026-08-04T02:12:29Z,en,"['furry', 'vtuber', 'joinandplay', 'playingwithviewers', 'English', 'FirstPlayrthrough', 'vrchat']",2026-08-04,12-25-44,Tuesday
317144351223,137518388,emiru247,1122982998,Dark Souls: Remastered,584,2026-08-03T02:37:13Z,en,"['Emiru', 'Cosplay', 'English', '247', 'VOD']",2026-08-04,12-25-44,Tuesday
316632019028,442652832,sbolttt,32399,Counter-Strike,582,2026-08-03T21:11:18Z,ru,"['Русский', 'English']",2026-08-04,12-25-44,Tuesday
317804329688,256788013,cloudyatnight,511224,Apex Legends,582,2026-08-04T03:30:46Z,en,"['chill', 'ash', 'cloudy', 'English', 'vibe', 'DropsEnabled']",2026-08-04,12-25-44,Tuesday
316633138004,88106653,rodjer,29595,Dota 2,580,2026-08-04T04:23:29Z,ru,"['Русский', 'bobrkurwa', 'dota2', 'warcraft3', 'CS2']",2026-08-04,12-25-44,Tuesday
318619528821,1513945066,skynoriotransmisiones,509658,Just Chatting,576,2026-08-04T03:44:22Z,es,['Español'],2026-08-04,12-25-44,Tuesday
319793169632,70941755,pizzahs,138585,Hearthstone,574,2026-08-03T23:17:41Z,en,"['English', 'hearthstone']",2026-08-04,12-25-44,Tuesday
320837815643,214337266,honeyxxo,491931,Escape from Tarkov,572,2026-08-03T12:48:16Z,en,"['English', 'fps', 'gamergirl', 'subathon', 'hottub']",2026-08-04,12-25-44,Tuesday
319669190878,508056306,shamnyc,509658,Just Chatting,569,2026-08-04T02:18:29Z,en,"['English', 'shamnyc', 'STK']",2026-08-04,12-25-44,Tuesday
317398492772,150783395,jennyyl,509658,Just Chatting,568,2026-08-04T00:59:34Z,fr,"['Français', 'JennyyL', 'streameuse', 'multigaming', 'valorant']",2026-08-04,12-25-44,Tuesday
316324483955,77553266,momochoco,55453844,Street Fighter 6,567,2026-08-04T03:04:13Z,ja,"['ももち', 'Momochi', 'ChocoBlanka', '日本語', 'チョコ', 'スト6']",2026-08-04,12-25-44,Tuesday
320680741337,6659152,oroboro,852009328,Mistfall Hunter,566,2026-08-04T02:57:39Z,en,"['English', 'DropsEnabled']",2026-08-04,12-25-44,Tuesday
317802451288,98087706,whatifjulia,12482,The Legend of Zelda: Majora's Mask,565,2026-08-03T23:35:24Z,en,"['English', 'pspsps', 'ClosedCaptions', 'LGBTQIAPlus', 'ComfyChaotic', 'FirstPlaythrough']",2026-08-04,12-25-44,Tuesday
318717843799,110623396,nexzou,512710,Call of Duty: Warzone,563,2026-08-04T00:00:27Z,en,"['English', 'warzone', 'mw3', 'resurgence', 'cdl', 'LOUD', 'rage', 'rebirth']",2026-08-04,12-25-44,Tuesday
318719483095,148827825,benitofam5,461221,MARVEL Contest of Champions,563,2026-08-04T02:07:33Z,en,"['English', 'mcoc', 'mcoclivestream', 'Battlegrounds', 'Celestial', 'DropsEnabled']",2026-08-04,12-25-44,Tuesday
318720290775,605318564,nathanpereirao,509672,IRL,562,2026-08-04T03:08:27Z,pt,['Português'],2026-08-04,12-25-44,Tuesday
319796267360,597184343,meat,1568081763,Mass Effect Legendary Edition,560,2026-08-04T02:07:43Z,en,"['Vtuber', 'Green', 'silly', 'English']",2026-08-04,12-25-44,Tuesday
317804312536,132968488,saucekill,509658,Just Chatting,559,2026-08-04T03:28:19Z,en,"['English', 'killkrew', 'Kode']",2026-08-04,12-25-44,Tuesday
316266378610,662034422,chisufps,511224,Apex Legends,558,2026-08-03T14:45:52Z,zh,"['中文', '頂獵', '職業選手', '我有躁鬱症', '启用掉宝']",2026-08-04,12-25-44,Tuesday
315874959720,245910945,sinuuki,509658,Just Chatting,553,2026-08-04T03:05:29Z,en,"['Tomboy', 'Vtuber', 'Australia', 'Horror', 'ASMR', 'Autism', 'ADHD', 'English', 'cringe', 'mud']",2026-08-04,12-25-44,Tuesday
319741550044,1369581021,happyhappygal_vod,33214,Fortnite,553,2026-08-04T02:44:36Z,en,"['English', 'happyhappygal', 'fortnite', 'christian', 'FamilyFriendly', 'ZeroBuild', 'Rerun']",2026-08-04,12-25-44,Tuesday
318617592949,62471807,safiro01,509658,Just Chatting,550,2026-08-04T00:28:02Z,es,"['Español', 'drops', 'valorant']",2026-08-04,12-25-44,Tuesday
318721408343,48389176,asunaweeb,516575,VALORANT,550,2026-08-04T04:34:48Z,en,['English'],2026-08-04,12-25-44,Tuesday
319668445918,492779169,xoaeriel,116747788,"Pools, Hot Tubs, and Beaches",542,2026-08-04T01:33:09Z,en,"['English', 'Germany', 'France', 'ADHD', 'blonde', 'Rerun']",2026-08-04,12-25-44,Tuesday
318684434548,400344217,darrima,29452,Virtual Casino,542,2026-08-04T04:08:37Z,pt,"['Português', 'casino', 'virtualcasino', 'virtualcasino', 'slot', 'slots', 'cassino', 'cs']",2026-08-04,12-25-44,Tuesday
318548502902,496860848,ukothz7,498566,Slots,540,2026-08-04T05:08:00Z,es,"['Español', 'slots', 'ARG', 'Chile']",2026-08-04,12-25-44,Tuesday
317151193207,588999119,fuzhpuzy,539257489,Beast of Reincarnation,540,2026-08-04T01:20:40Z,en,"['English', 'Woman', 'Canada', 'Persian', 'Cosplay', 'FirstPlayThrough', 'backseating', 'Chatty', 'Interactive', 'RPG']",2026-08-04,12-25-44,Tuesday
320731428058,27787567,iateyourpie,458149,La-Mulana 2,536,2026-08-03T22:22:00Z,en,"['English', 'PieCommunity', 'TeamN64', 'DiscordWars']",2026-08-04,12-25-44,Tuesday
316632262100,514473492,gwizdakk,32399,Counter-Strike,531,2026-08-03T22:04:04Z,pl,['Polski'],2026-08-04,12-25-44,Tuesday
317151667447,51898091,theblackhokage,539257489,Beast of Reincarnation,530,2026-08-04T02:21:22Z,en,['English'],2026-08-04,12-25-44,Tuesday
316268237298,679708594,friend44444,32399,Counter-Strike,529,2026-08-04T03:55:07Z,ru,"['Русский', '10lvlFACEIT', '3000elo', '4000elo', 'pro', 'proplayer', 'hltv']",2026-08-04,12-25-44,Tuesday
319669671902,237528876,paigethewitch,539257489,Beast of Reincarnation,525,2026-08-04T02:51:47Z,en,"['English', 'Woman', 'cats', 'adhd', 'girl', 'gamefreak']",2026-08-04,12-25-44,Tuesday
320737271130,48876235,pekinwoof,21779,League of Legends,520,2026-08-04T02:53:34Z,en,"['English', 'DropsEnabled']",2026-08-04,12-25-44,Tuesday
320672673881,478290210,sheiden,21779,League of Legends,520,2026-08-03T19:59:56Z,en,"['English', 'LCS', 'Challenger', 'Tagalog', 'pro', 'LEC', 'jungle', 'Rank1', 'Philippines', 'NA']",2026-08-04,12-25-44,Tuesday
315874763112,26766376,q158688920,509658,Just Chatting,519,2026-08-04T01:41:49Z,zh,"['中文', 'gamer']",2026-08-04,12-25-44,Tuesday
318546196470,225943943,mandymess,1820839024,MECCHA CHAMELEON,517,2026-08-04T00:33:31Z,pt,"['LGBT', 'DragQueen', 'Português', 'DBDcreator']",2026-08-04,12-25-44,Tuesday
317150345719,782947440,policechasenetwork,509658,Just Chatting,517,2026-08-03T23:26:08Z,en,"['English', 'feet']",2026-08-04,12-25-44,Tuesday
320677069017,122475319,triumphant,459931,Old School RuneScape,517,2026-08-04T00:12:33Z,en,"['English', 'Partnered', 'guy', 'Chad', 'goofy']",2026-08-04,12-25-44,Tuesday
318545809526,1078936961,thaytg,29452,Virtual Casino,515,2026-08-04T00:00:19Z,pt,"['Português', 'slots']",2026-08-04,12-25-44,Tuesday
317392828644,1110808352,cineillojuan,499973,Always On,513,2026-08-03T12:13:58Z,es,"['Español', 'Repetir']",2026-08-04,12-25-44,Tuesday
318717994455,435908187,raylene,1264310518,Marvel Rivals,510,2026-08-04T00:12:01Z,en,"['English', 'adamwarlock', 'marvelrivals', 'egirl', 'channelguest', 'DropsEnabled']",2026-08-04,12-25-44,Tuesday
318719686743,132214615,whithblade,417528,Albion Online,504,2026-08-04T02:22:58Z,es,"['Español', 'México', 'DropsActivados']",2026-08-04,12-25-44,Tuesday
320847698139,1388782425,thatkidl1ve,1735094656,Tetris Effect: Connected,504,2026-08-04T01:00:25Z,en,['English'],2026-08-04,12-25-44,Tuesday
319738397020,10692319,eli_x,796500915,Halo: Campaign Evolved,502,2026-08-03T23:59:06Z,en,"['English', 'Drops', 'DropsEnabled']",2026-08-04,12-25-44,Tuesday
319790517600,436604544,imbadkidjay,509672,IRL,499,2026-08-03T20:12:56Z,en,"['English', 'BadKidJay', 'ＧTA5']",2026-08-04,12-25-44,Tuesday
315406039792,907334098,serimm11,509658,Just Chatting,499,2026-08-02T15:16:30Z,ko,['한국어'],2026-08-04,12-25-44,Tuesday
319735807196,137077628,marcdeezyy,1264310518,Marvel Rivals,494,2026-08-03T21:32:18Z,en,"['marvelrivals', 'marvel', 'captainamerica', 'drops', 'dropsenabled', 'English', 'DropsEnabled']",2026-08-04,12-25-44,Tuesday
317799668952,49974185,snakeeyez,55453844,Street Fighter 6,493,2026-08-03T15:20:09Z,en,"['English', 'EVO', 'Speed', 'Momentum', 'Action']",2026-08-04,12-25-44,Tuesday
315936288106,195047234,dragneel_fh,29595,Dota 2,493,2026-08-04T03:19:44Z,ru,"['Русский', 'dota', 'dota2', 'дота']",2026-08-04,12-25-44,Tuesday
316629717588,30175806,vetal_911,27284,Retro,493,2026-08-03T16:15:16Z,ru,['Русский'],2026-08-04,12-25-44,Tuesday
318684027380,674862312,zec4w,32399,Counter-Strike,491,2026-08-04T03:09:35Z,pt,['Português'],2026-08-04,12-25-44,Tuesday
318545752950,159239195,sabrinoca,513181,Genshin Impact,489,2026-08-03T23:55:06Z,pt,['Português'],2026-08-04,12-25-44,Tuesday
317150290295,118376649,raeibon,21779,League of Legends,488,2026-08-03T23:16:38Z,en,['English'],2026-08-04,12-25-44,Tuesday
318619926773,1078197656,nokan777,29452,Virtual Casino,487,2026-08-04T05:01:00Z,pt,['Português'],2026-08-04,12-25-44,Tuesday
316630921684,109227360,itsmoriko,376500771,Hades II,485,2026-08-03T18:34:10Z,ru,"['Витубер', 'Втубер', 'Vtuber', 'Аниме', 'Anime', 'Русский', 'Russian', 'СДВГ', 'DropsВключены']",2026-08-04,12-25-44,Tuesday
320724118362,141661193,lyesval,464339927,ARC Raiders,483,2026-08-03T09:06:02Z,en,"['english', 'radiant', 'esexaddict', 'egirl', 'arcraiders', 'dropsenabled', 'English']",2026-08-04,12-25-44,Tuesday
315936432106,157469268,p_tatotv,1264310518,Marvel Rivals,482,2026-08-04T04:16:43Z,en,"['marvelrivals', 'English', 'DropsEnabled', 'OCE']",2026-08-04,12-25-44,Tuesday
318545320566,134648408,bboladin,32399,Counter-Strike,482,2026-08-03T23:13:24Z,pt,['Português'],2026-08-04,12-25-44,Tuesday
320677270745,29558031,davemon,21779,League of Legends,481,2026-08-04T00:21:53Z,en,['English'],2026-08-04,12-25-44,Tuesday
317984518375,45188531,welderb,10775,S.T.A.L.K.E.R.: Shadow of Chernobyl,481,2026-08-04T01:25:15Z,ru,"['stalker', 'сталкер', 'Русский']",2026-08-04,12-25-44,Tuesday
320840557147,97160118,vincentsmg,263490,Rust,480,2026-08-03T17:59:01Z,en,"['English', 'Rust', 'Vincent', 'gaming', 'rustdrops', 'Rustdrop', 'ruststreamer', 'newgame', 'facepunch', 'Rustupdate']",2026-08-04,12-25-44,Tuesday
319795573600,1524316273,fullporttrades,10953,Day Trader,478,2026-08-04T01:26:50Z,en,"['kalshi', 'English']",2026-08-04,12-25-44,Tuesday
320846647771,12578353,sidearms4reason,27471,Minecraft,478,2026-08-04T00:13:34Z,en,['English'],2026-08-04,12-25-44,Tuesday
319661642590,72957565,shift,503749,The SpongeBob SquarePants Movie,477,2026-08-03T17:48:07Z,en,"['English', 'Speedrun', 'speedrunning', 'WRAttempts', 'SpongeBob', 'Speedrunner', 'Speedruns', 'GameCube', 'PS2', '100Percent']",2026-08-04,12-25-44,Tuesday
317151915639,90381336,ultrasaurus,31339,Project Zomboid,476,2026-08-04T02:53:53Z,en,"['english', 'canada', 'chill', 'cozy', 'friendly', 'woman', 'asian', 'mixedrace', 'simulation', 'nobackseating']",2026-08-04,12-25-44,Tuesday
320738520538,105168040,milkypuff,509672,IRL,476,2026-08-04T03:59:48Z,en,"['Japan', 'Cosplay', 'Travel', 'Anime', 'Outdoors', 'IRL', 'English', 'Japanese']",2026-08-04,12-25-44,Tuesday
318683522164,748361965,ziriguidum777,29452,Virtual Casino,473,2026-08-04T02:15:28Z,pt,['Português'],2026-08-04,12-25-44,Tuesday
318721432023,415249792,bigex,509658,Just Chatting,471,2026-08-04T04:36:17Z,en,['English'],2026-08-04,12-25-44,Tuesday
318719763031,741205749,marshievt,509658,Just Chatting,468,2026-08-04T02:28:44Z,en,"['Anime', 'Vtuber', 'Gremlin', 'bottom', 'Asian', 'English']",2026-08-04,12-25-44,Tuesday
316268342002,74505272,keanelol,513143,Teamfight Tactics,467,2026-08-04T04:32:49Z,en,['English'],2026-08-04,12-25-44,Tuesday
318678728052,908203378,pugzaao,29452,Virtual Casino,467,2026-08-03T16:44:26Z,pt,"['slots', 'Português']",2026-08-04,12-25-44,Tuesday
317396398564,90250629,fakemonster,32982,Grand Theft Auto V,462,2026-08-03T19:35:23Z,fr,['Français'],2026-08-04,12-25-44,Tuesday
320681995993,519650598,crazymangovr,499003,VRChat,461,2026-08-04T04:03:12Z,en,"['English', 'Vtuber', 'Dance', 'music', 'VR']",2026-08-04,12-25-44,Tuesday
320675239641,184581890,krinkz,512710,Call of Duty: Warzone,458,2026-08-03T22:45:58Z,en,['English'],2026-08-04,12-25-44,Tuesday
316267665266,162271954,riri_lol,513143,Teamfight Tactics,458,2026-08-04T00:01:55Z,ja,['日本語'],2026-08-04,12-25-44,Tuesday
320736803546,1234210919,bord,509658,Just Chatting,456,2026-08-04T02:31:28Z,en,['English'],2026-08-04,12-25-44,Tuesday
318613854197,438686523,trollzinha,386821,Black Desert,455,2026-08-03T17:00:14Z,pt,"['Português', 'Vtuber', 'Shai', 'English', 'Русский', 'Español', 'Ｖｔｕｂｅｒ', 'Lahn', 'PIX', 'VtuberBR']",2026-08-04,12-25-44,Tuesday
320668476889,144621813,viibiin,491931,Escape from Tarkov,455,2026-08-03T13:02:59Z,en,['English'],2026-08-04,12-25-44,Tuesday
317395236196,883885610,lolcharolon,21779,League of Legends,454,2026-08-03T17:38:16Z,es,['Español'],2026-08-04,12-25-44,Tuesday
316044479085,884437469,dramaqueen_555,743,Chess,454,2026-08-04T04:53:52Z,en,"['English', 'India', 'girlstreamer', 'chess']",2026-08-04,12-25-44,Tuesday
318121415525,93914461,cooldee__,491931,Escape from Tarkov,454,2026-08-03T16:26:34Z,en,"['English', 'Chad', 'sweaty']",2026-08-04,12-25-44,Tuesday
319740115932,40181971,bluekandy,23857,Pokémon HeartGold/SoulSilver,453,2026-08-04T01:21:23Z,en,"['Gay', 'Furry', 'Dog', 'with', 'Big', 'Balls', 'and', 'Cheeks', 'Kaizo', 'Ironmon']",2026-08-04,12-25-44,Tuesday
319797122656,1212806276,summyahmarie,509672,IRL,453,2026-08-04T03:03:37Z,en,['English'],2026-08-04,12-25-44,Tuesday
317980561511,80629581,deemonrider,329951934,Pokémon Community Game,453,2026-08-03T18:03:35Z,en,"['Chatting', 'English']",2026-08-04,12-25-44,Tuesday
320730244186,40968796,lawlman,31339,Project Zomboid,446,2026-08-03T21:08:57Z,en,['English'],2026-08-04,12-25-44,Tuesday
318719893847,38682663,rain,32399,Counter-Strike,445,2026-08-04T02:38:32Z,en,"['English', 'chillguy', 'Fatherless']",2026-08-04,12-25-44,Tuesday
317800517080,7832442,rifftrax,499973,Always On,441,2026-08-03T18:29:28Z,en,['English'],2026-08-04,12-25-44,Tuesday
318619702261,422168413,kcvzin,27471,Minecraft,441,2026-08-04T04:13:23Z,en,"['English', 'Português']",2026-08-04,12-25-44,Tuesday
318684158068,848696016,moomoozilla,509659,ASMR,441,2026-08-04T03:26:07Z,en,"['English', 'Español', 'asmr', 'goddess', 'latina', 'tattoos', 'weed']",2026-08-04,12-25-44,Tuesday
320850228315,133899900,sawnic,491487,Dead by Daylight,440,2026-08-04T02:51:16Z,en,"['English', 'DropsEnabled']",2026-08-04,12-25-44,Tuesday
318717421911,46865623,thiefs,34134,Call of Duty: Black Ops II,440,2026-08-03T23:21:24Z,en,"['English', 'FamilyFriendly', 'Competitive']",2026-08-04,12-25-44,Tuesday
317804072792,504098034,joechuck7,2132205352,Deadlock,438,2026-08-04T02:59:53Z,en,"['doorman', 'deadlock', 'English', 'eternus']",2026-08-04,12-25-44,Tuesday
318721427287,418916072,donsznyt,32982,Grand Theft Auto V,435,2026-08-04T04:36:00Z,en,"['Funny', 'roleplay', 'chatting', 'GTA', 'online', 'English', 'PvP', 'fun']",2026-08-04,12-25-44,Tuesday
315936208490,50191268,crayator,491487,Dead by Daylight,434,2026-08-04T02:48:57Z,en,"['overthetop', 'English', 'DropsEnabled']",2026-08-04,12-25-44,Tuesday
315915147369,724162819,makofukasame,509658,Just Chatting,434,2026-08-04T04:35:53Z,en,"['Woman', 'Australia', 'English', 'Vtuber', 'Hag', 'Collab']",2026-08-04,12-25-44,Tuesday
318721217879,123907423,nixstah,512710,Call of Duty: Warzone,433,2026-08-04T04:20:02Z,en,['English'],2026-08-04,12-25-44,Tuesday
317149871095,55356966,defects,22393,Call of Duty: Modern Warfare 2,433,2026-08-03T22:09:49Z,en,['English'],2026-08-04,12-25-44,Tuesday
315915234537,204113138,yunabb,516575,VALORANT,433,2026-08-04T05:09:18Z,zh,"['中文', 'fps', '遊戲']",2026-08-04,12-25-44,Tuesday
318546960374,261990854,shivasbr,31339,Project Zomboid,431,2026-08-04T01:44:08Z,pt,['Português'],2026-08-04,12-25-44,Tuesday
320738047322,702351590,karhus,21779,League of Legends,431,2026-08-04T03:32:18Z,en,"['English', 'Karthus', 'Challenger', 'Canada']",2026-08-04,12-25-44,Tuesday
317414492643,193032346,ache,33214,Fortnite,431,2026-08-04T05:00:00Z,es,"['Español', 'Shooter', 'Fortnite', 'ache', 'DropsActivados']",2026-08-04,12-25-44,Tuesday
319646528478,1425176207,juntaurgente,1398657661,Anime Squad,431,2026-08-02T14:37:29Z,es,"['Español', 'ANHQV', 'juancuesta', 'juntaurgentee', 'AlwaysOn', 'radiopatio']",2026-08-04,12-25-44,Tuesday
320849073627,30713503,hinabobina,24241,FINAL FANTASY XIV ONLINE,430,2026-08-04T02:00:06Z,en,"['Vtuber', 'Educational', 'Woman', 'Funny', 'psychological', 'English', 'silly', 'clown', 'clowngirl', 'DropsEnabled']",2026-08-04,12-25-44,Tuesday
318192488550,636587384,alveussanctuary,272263131,"Animals, Aquariums, and Zoos",430,2026-08-04T04:51:32Z,en,"['English', 'TogetherForGood', 'purplemartins', 'Charity']",2026-08-04,12-25-44,Tuesday
318720032983,132172250,derrekow,516575,VALORANT,428,2026-08-04T02:49:55Z,en,['English'],2026-08-04,12-25-44,Tuesday
317152131063,10393956,vesperarcade,55453844,Street Fighter 6,427,2026-08-04T03:19:33Z,en,['English'],2026-08-04,12-25-44,Tuesday
320681852121,437113193,noobmini,499634,Crypto,425,2026-08-04T03:54:47Z,en,['English'],2026-08-04,12-25-44,Tuesday
318127221349,144294896,acid_fired,491931,Escape from Tarkov,424,2026-08-04T04:26:31Z,de,"['Techno', 'unfug', 'SAUERCROWD', 'Deutsch', 'English', 'braucheViewer', 'binNichSoGut']",2026-08-04,12-25-44,Tuesday
319669812190,935147817,muvaellaivy,23020,ROBLOX,424,2026-08-04T03:02:37Z,en,"['English', 'DropsEnabled']",2026-08-04,12-25-44,Tuesday
317984575591,794660225,gaijin1up,509672,IRL,423,2026-08-04T01:41:34Z,de,"['Deutsch', 'Japan', 'IRL', 'Gaijin', '1UP', 'Natur', 'Kultur', 'cosystream', 'Lorcana', 'Entspannt']",2026-08-04,12-25-44,Tuesday
320737412442,31819679,birdieboba,509659,ASMR,418,2026-08-04T03:00:17Z,en,"['SheHer', 'Gremlin', 'Vtuber', 'English', 'cozy', 'ComfyChaotic', 'comfy', 'asmr', 'handcam', '3dio']",2026-08-04,12-25-44,Tuesday
320675167961,111203619,jocat,24241,FINAL FANTASY XIV ONLINE,416,2026-08-03T22:42:08Z,en,"['English', 'Jocat', 'Vtuber', 'DropsEnabled']",2026-08-04,12-25-44,Tuesday
318544058998,113969037,dcosta,509658,Just Chatting,416,2026-08-03T21:10:51Z,pt,"['Português', 'gta', 'BOPE', 'DCOSTA', 'GTARP', 'grota', 'capitalcity', 'cpx', 'GTAⅤ', 'English']",2026-08-04,12-25-44,Tuesday
319742458460,893815682,tinykhy,509658,Just Chatting,416,2026-08-04T03:48:44Z,en,"['English', 'tinykhy', 'funny', 'ADHD', 'khy', 'short']",2026-08-04,12-25-44,Tuesday
317983940711,192234076,shaker,491931,Escape from Tarkov,414,2026-08-03T23:18:38Z,de,['Deutsch'],2026-08-04,12-25-44,Tuesday
317149726071,42297683,aceofspades,515025,Overwatch,414,2026-08-03T21:47:30Z,en,"['English', 'DropsEnabled']",2026-08-04,12-25-44,Tuesday
319743259612,251125971,natymoon,509659,ASMR,413,2026-08-04T05:01:49Z,es,"['asmr', 'english', 'spanish', 'irl', 'Español']",2026-08-04,12-25-44,Tuesday
318703151319,1131600178,lirik_247,499973,Always On,412,2026-08-02T18:48:52Z,en,"['English', 'lirik', 'Variety', 'Rerun']",2026-08-04,12-25-44,Tuesday
316628947668,9528182,chilledchaos,499973,Always On,412,2026-08-03T14:37:00Z,en,"['English', 'ItalianSafeSpace', 'ChilledChaos', 'LyingEncouraged', 'seventeencarat', 'AmongUs', 'Multiplayer']",2026-08-04,12-25-44,Tuesday
319795763424,787488960,brayitangaming27,493959,Red Dead Redemption II,411,2026-08-04T01:37:06Z,es,"['Español', 'RedDeadRedempition2', 'Roleplay', 'puertoricogaming', 'frontera', 'fronterarp']",2026-08-04,12-25-44,Tuesday
319797070432,581369280,cam_8l,33214,Fortnite,410,2026-08-04T03:00:14Z,en,"['fortnite', 'kaicenat', 'ninja', 'stableronaldo', 'clix', 'happyhappygal', 'TypicalGamer', 'Higgs', 'xQc', 'AussieAntics']",2026-08-04,12-25-44,Tuesday
318718344151,85581832,julien,30921,Rocket League,408,2026-08-04T00:41:31Z,en,"['aries', 'English', 'camboy', 'ally']",2026-08-04,12-25-44,Tuesday
320848770523,1389671297,shinchan_oficial,1398657661,Anime Squad,408,2026-08-04T01:45:59Z,es,['Español'],2026-08-04,12-25-44,Tuesday
320680595929,449091900,stephaniemx_,6521,Grand Theft Auto: San Andreas,406,2026-08-04T02:50:22Z,es,"['Español', 'DropsActivados']",2026-08-04,12-25-44,Tuesday
318545437302,39027013,coloniacontraatacalive,27284,Retro,406,2026-08-03T23:24:27Z,pt,"['retro', 'meme', 'ColoniaContraAtaca', 'Wison', 'liveeditada', 'Português', 'challenge', 'N64']",2026-08-04,12-25-44,Tuesday
319793107040,448496093,pilat,509658,Just Chatting,404,2026-08-03T23:14:02Z,en,['English'],2026-08-04,12-25-44,Tuesday
318720411351,863531160,mintydewvt,509659,ASMR,402,2026-08-04T03:17:28Z,es,"['Español', 'English', 'Mujer', 'Vtuber', 'Latina', 'ASMR', '3dio']",2026-08-04,12-25-44,Tuesday
319665924062,29156271,goratha,29307,Path of Exile,402,2026-08-03T23:19:32Z,en,"['English', 'CoffeeAddict', 'ARPG']",2026-08-04,12-25-44,Tuesday
318544354294,59336873,fnxlntc,509549,Pummel Party,402,2026-08-03T21:42:46Z,pt,['Português'],2026-08-04,12-25-44,Tuesday
316619833044,808203756,r2cronus,502829,R2 Online: Reign of Revolution,401,2026-08-02T09:03:07Z,ru,"['Русский', 'R2Online']",2026-08-04,12-25-44,Tuesday
318181680742,1447297241,gtastyslots,498566,Slots,400,2026-08-03T01:46:12Z,de,"['Deutsch', 'Österreich', 'casino', 'slots', 'gTasty']",2026-08-04,12-25-44,Tuesday
315914716393,48075193,hozitojones,18122,World of Warcraft,400,2026-08-04T01:36:52Z,en,"['English', 'WorldfofWarcraft', 'wow', 'Arena', 'Australia', 'RPG', 'AdventureGame', 'MMO', 'Action', 'Guatemala']",2026-08-04,12-25-44,Tuesday
317151767671,1409820604,solada,516575,VALORANT,400,2026-08-04T02:33:36Z,en,"['valorant', 'radiant', 'English']",2026-08-04,12-25-44,Tuesday
317150398839,26551727,mang0,65627,I Wanna Be the Boshy,399,2026-08-03T23:33:56Z,en,['English'],2026-08-04,12-25-44,Tuesday
320675648857,128158951,purpzuki,515025,Overwatch,397,2026-08-03T23:05:24Z,en,"['English', 'otot', 'Brigitte', 'Juno', 'MikuExpo', 'tiktok', 'vocaloid', 'DropsEnabled']",2026-08-04,12-25-44,Tuesday
318720714327,1206919547,xojas001,509658,Just Chatting,397,2026-08-04T03:41:06Z,en,['English'],2026-08-04,12-25-44,Tuesday
317804539352,506728919,antonychenn,210472759,Shift at Midnight,396,2026-08-04T03:55:52Z,en,['English'],2026-08-04,12-25-44,Tuesday
318619686389,1095127653,ygorrsouzza,509658,Just Chatting,394,2026-08-04T04:10:01Z,pt,['Português'],2026-08-04,12-25-44,Tuesday
315936127338,69439030,toastracktv,491931,Escape from Tarkov,394,2026-08-04T02:09:19Z,en,"['Australian', 'BackseatingWelcome', 'Gentleman', 'English', 'PositiveVibes', 'Over30Gamer', 'Over40Gamer', 'Over50Gamer', 'Over60Gamer', 'Subathon']",2026-08-04,12-25-44,Tuesday
316268095090,1326384213,aelis_chamamatti,509658,Just Chatting,391,2026-08-04T03:00:03Z,zh,"['中文', 'Vtuber', '我愛圖奇', '已讀亂回', '換彈癌末期', '欸不了']",2026-08-04,12-25-44,Tuesday
316560184277,1440439229,estend1,24241,FINAL FANTASY XIV ONLINE,391,2026-08-03T19:51:33Z,en,"['Engisih', 'drops', 'FFXIV', 'FinalFantasy', 'gift', 'English']",2026-08-04,12-25-44,Tuesday
319739342044,223010731,bigiraq,32982,Grand Theft Auto V,390,2026-08-04T00:42:58Z,en,['English'],2026-08-04,12-25-44,Tuesday
317404494947,683126925,emi_mge7,509658,Just Chatting,387,2026-08-02T20:12:35Z,fr,['Français'],2026-08-04,12-25-44,Tuesday
317983242343,62789124,oruipinto,32399,Counter-Strike,383,2026-08-03T21:37:21Z,pt,['Português'],2026-08-04,12-25-44,Tuesday
316631780180,1440711741,daydem,24241,FINAL FANTASY XIV ONLINE,383,2026-08-03T20:29:24Z,en,"['drops', 'English', 'FFXIV', 'DropsEnabled']",2026-08-04,12-25-44,Tuesday
317151332727,880562387,rawdogmoon,509658,Just Chatting,383,2026-08-04T01:39:33Z,en,"['English', 'assyrian', 'streameruniversity']",2026-08-04,12-25-44,Tuesday
316581367382,1452895933,orangemorangeslots,498566,Slots,382,2026-08-02T16:51:27Z,de,['Deutsch'],2026-08-04,12-25-44,Tuesday
318544293750,223104499,senclerk,32399,Counter-Strike,381,2026-08-03T21:36:17Z,pt,"['Português', 'Inglés', 'Russia', 'Ucrania', 'Portugal']",2026-08-04,12-25-44,Tuesday
318681654772,1039932348,veexzyfps,498566,Slots,380,2026-08-03T23:17:31Z,pt,"['Português', 'English', 'counterstrike', 'cassino', 'slots', 'virtualcasino']",2026-08-04,12-25-44,Tuesday
320846767195,56625428,sentry,763595669,Into the Dead: Our Darkest Days,377,2026-08-04T00:18:54Z,en,"['English', 'Improv', 'VoiceActing', 'Comedy', 'Roleplay']",2026-08-04,12-25-44,Tuesday
320846466779,714227664,walton,32982,Grand Theft Auto V,377,2026-08-04T00:05:44Z,en,"['ADHD', 'USA', 'England', 'English', 'dominican', 'spanish', 'fanum', 'AMP', 'streameruniversity2026', 'D10']",2026-08-04,12-25-44,Tuesday
317151488631,143646010,luckychamu,512710,Call of Duty: Warzone,376,2026-08-04T01:59:30Z,en,"['English', 'ADHD', 'warzone', 'rebirth']",2026-08-04,12-25-44,Tuesday
319668247134,124992464,mastermarkvgc,1931693784,Pokémon Champions,376,2026-08-04T01:22:30Z,en,"['English', 'VGC', 'Competitive', 'Pokémon']",2026-08-04,12-25-44,Tuesday
318681315572,30458295,frttt,509658,Just Chatting,375,2026-08-03T22:45:05Z,pt,"['Português', 'DropsAtivados']",2026-08-04,12-25-44,Tuesday
318718687447,66949711,soloortroll,2094865572,SMITE 2,375,2026-08-04T01:07:37Z,en,"['English', 'sololane', 'pro', 'DropsEnabled']",2026-08-04,12-25-44,Tuesday
318192338790,262236323,dunc,539257489,Beast of Reincarnation,373,2026-08-04T03:58:17Z,en,"['English', 'chatty', 'friendly', 'funny', 'justchatting', 'drops', 'dropsenabled', 'beastofreincarnation']",2026-08-04,12-25-44,Tuesday
320739127770,764200941,trilllyyyy,1966055328,Fears to Fathom - Scratch Creek,371,2026-08-04T04:39:31Z,en,['English'],2026-08-04,12-25-44,Tuesday
319668904286,52049736,knotty,65632,DayZ,371,2026-08-04T02:00:48Z,en,"['English', 'gaming', 'fps', 'reactions', 'Chatting', 'NoPixel', 'guyjones', 'DayZ', 'knotty', 'egirl']",2026-08-04,12-25-44,Tuesday
320681845977,525587062,alanalarana,1036710512,Palworld,370,2026-08-04T03:54:20Z,es,"['Español', 'Inglés', 'KingsLeague', 'reacciones', 'IRL', 'ranizafc', 'justchattıng', 'alanaflores', 'supernova']",2026-08-04,12-25-44,Tuesday
319795875936,204453760,ohbenjitv,490100,Lost Ark,369,2026-08-04T01:43:42Z,en,"['English', 'games', 'LostArkGame']",2026-08-04,12-25-44,Tuesday
319666471006,72607778,therealomgeez,852009328,Mistfall Hunter,367,2026-08-03T23:50:42Z,en,"['chill', 'English', 'ADHD', 'spookygames', 'survivalgame', 'Comedy', 'Variety', 'DropsEnabled']",2026-08-04,12-25-44,Tuesday
320681890521,38958459,ceremor,960290413,Sand: Raiders Of Sophie,366,2026-08-04T03:57:00Z,en,['English'],2026-08-04,12-25-44,Tuesday
316561560021,46393386,autodestruction,29595,Dota 2,365,2026-08-04T02:22:56Z,ru,"['радио', 'драма', 'психология', 'гаддем', 'увереннаяигра', 'уютныйвайб', 'бумер', 'Медитация', 'адекватность', 'умиротворение']",2026-08-04,12-25-44,Tuesday
320734781914,131635862,itskaikai_,513143,Teamfight Tactics,365,2026-08-04T01:02:33Z,en,"['English', 'Asian', 'gamergirl', 'softspokensometimes', 'pngtuber', 'musicwhilegaming', 'vibesandchill', 'ASMR', 'whisperafter9pm']",2026-08-04,12-25-44,Tuesday
318127221605,23308993,igorghk,497456,Days Gone,364,2026-08-04T04:26:35Z,ru,"['Русский', 'igorghk', 'динамо', 'Веселимся', 'прохождениеигр', 'games']",2026-08-04,12-25-44,Tuesday
317151535735,203670402,buni,509658,Just Chatting,364,2026-08-04T02:04:23Z,en,"['English', 'vtuber', 'australia', 'subathon', 'ADHD', 'Dance', 'vrchat']",2026-08-04,12-25-44,Tuesday
317393965412,190881508,soso_942,509658,Just Chatting,362,2026-08-03T15:01:20Z,fr,"['SOLVE', 'RP', 'NARUTORP', 'ROLEPLAY', 'GTA', 'GTARP', 'Français', 'Rediffusion', 'FlashbackWL', 'flashback']",2026-08-04,12-25-44,Tuesday
318717764823,40459951,fream,509660,Art,362,2026-08-03T23:54:34Z,en,"['ENGLISH', 'FRENCH', 'VTUBER', 'ADHD', 'ARTIST', 'DESIGNER', 'PRODUCTION', 'AUTISTIC', 'STIMTUBER', 'ECHOLALIA']",2026-08-04,12-25-44,Tuesday
318615875445,1434676778,sallesgote77,29452,Virtual Casino,360,2026-08-03T21:47:29Z,pt,"['Português', 'slots']",2026-08-04,12-25-44,Tuesday
318617260405,487205170,purrjectyui,509658,Just Chatting,360,2026-08-03T23:59:53Z,es,"['Español', 'Chile', 'Vtuber', 'latinoamerica', 'Valo', 'VALORANT', 'Valorant']",2026-08-04,12-25-44,Tuesday
317406906723,908188453,sintoniadasorte,29452,Virtual Casino,359,2026-08-03T06:21:01Z,pt,['Português'],2026-08-04,12-25-44,Tuesday
318117088869,265924246,berbatow,509663,Special Events,358,2026-08-03T06:56:07Z,de,"['English', 'Deutsch', 'drops', 'EWC', 'EWC2026', 'DropsAktiviert']",2026-08-04,12-25-44,Tuesday
318546878838,185294744,ghoul33_,516575,VALORANT,357,2026-08-04T01:36:38Z,pt,"['Português', 'English', 'Español', 'Reposição']",2026-08-04,12-25-44,Tuesday
318721708503,517739813,yfubaby,509658,Just Chatting,357,2026-08-04T04:58:10Z,en,"['Vtuber', 'Musician', 'Anime', 'English', 'subathon', 'vtubers', 'gyaru']",2026-08-04,12-25-44,Tuesday
316589361494,508412432,oses7,509658,Just Chatting,355,2026-08-03T18:39:00Z,ru,"['Русский', 'English']",2026-08-04,12-25-44,Tuesday
318186946534,37810366,360chrism,14543,Pokémon Crystal Version,355,2026-08-03T16:42:35Z,en,"['English', 'European']",2026-08-04,12-25-44,Tuesday
319785919200,1242487781,rdcwaitingroom_,499973,Always On,354,2026-08-03T09:04:20Z,en,['English'],2026-08-04,12-25-44,Tuesday
320838546523,1465724141,gladdalwayson,499973,Always On,351,2026-08-03T14:41:47Z,en,"['English', 'Rerun', 'Gladd', 'survival', 'RPG', 'alldaygladd', 'Rerun', '247', 'story']",2026-08-04,12-25-44,Tuesday
319735062236,32064652,cochard,509658,Just Chatting,351,2026-08-03T20:38:58Z,en,"['English', 'Variety', 'charming', 'women', 'FEET', 'elderly', 'asian', 'Multilingual', 'subathon', 'ginger']",2026-08-04,12-25-44,Tuesday
316589924054,70875051,y0ncecs,24241,FINAL FANTASY XIV ONLINE,349,2026-08-03T19:51:43Z,en,"['Русский', 'English', 'FFXIV', 'GiftedSubs', 'DropsEnable', 'DropsEnabled']",2026-08-04,12-25-44,Tuesday
318720332375,103474990,cantelope,138585,Hearthstone,348,2026-08-04T03:11:36Z,en,"['chill', 'educational', 'strategy', 'cool', 'legend', 'music', 'English', 'hearthstonearena', 'streameruniversity2026', 'streameruniversity']",2026-08-04,12-25-44,Tuesday
319795864032,160116853,equalplays,1282866981,Delta Force,347,2026-08-04T01:43:01Z,en,"['English', 'ExtractionShooter', 'DeltaForceGame', 'deltaforce', 'chill', 'solo', 'TalksToChat', 'Anxiety']",2026-08-04,12-25-44,Tuesday
319667866334,82603912,deku,515025,Overwatch,346,2026-08-04T01:01:50Z,en,"['English', 'spanish', 'depressed', 'fps', 'Zangief', 'TallestStreamer', 'DropsEnabled']",2026-08-04,12-25-44,Tuesday
320682557657,174984146,teawithmandy,539257489,Beast of Reincarnation,345,2026-08-04T04:38:09Z,en,"['English', 'Cozy', 'Comfy', 'Anime', 'Woman', 'Chatty', 'Canada', 'Drops', 'Chill', 'Girl']",2026-08-04,12-25-44,Tuesday
315936454378,194331558,august,515025,Overwatch,344,2026-08-04T04:26:05Z,en,"['Kiriko', 'Support', 'ADHD', 'English', 'Ana', 'Top500', 'Mean', 'Wholesome', 'Anime', 'DropsEnabled']",2026-08-04,12-25-44,Tuesday
317152778743,63029227,melizande,1036710512,Palworld,344,2026-08-04T04:41:08Z,en,"['English', 'Vtuber', 'VoiceActing', 'Anime', 'Gamer', 'Comfy', 'Female', 'ENVtuber', 'Misfit', 'Melizande']",2026-08-04,12-25-44,Tuesday
320668994521,123248345,baddie,491931,Escape from Tarkov,343,2026-08-03T14:28:22Z,en,"['English', 'ginger', 'Veteran', 'baddie', 'fps', 'egirl']",2026-08-04,12-25-44,Tuesday
317794533464,884338173,ferretsoftware,272263131,"Animals, Aquariums, and Zoos",342,2026-08-02T23:25:16Z,en,"['Ferret', 'Tube', 'Long', 'Wiggler', 'CatSnake', 'Noodle', 'Stinky', 'English']",2026-08-04,12-25-44,Tuesday
318718846679,807325521,peach,1264310518,Marvel Rivals,341,2026-08-04T01:20:28Z,en,"['English', 'ENVtuber', 'VTuber', 'Woman', 'ADHD', 'Chatty', 'Indie', 'Anime', 'PlayingWithViewers', 'DropsEnabled']",2026-08-04,12-25-44,Tuesday
316549418581,66628850,arrav,509658,Just Chatting,341,2026-08-02T11:12:54Z,en,"['English', 'Norway', 'powerlifter', 'Travel', 'IRL', 'Adventure', 'Survival']",2026-08-04,12-25-44,Tuesday
320736008538,426424316,nikkisia,500188,Hunt: Showdown 1896,341,2026-08-04T01:57:10Z,en,"['English', 'hunt', 'HuntShowdown', 'girlgamer', 'chill', 'greek', 'NewPlayersWelcome', 'funny', 'ExtractionShooter', 'Autistic']",2026-08-04,12-25-44,Tuesday
317804795608,656441343,enemycharlie,509658,Just Chatting,340,2026-08-04T04:26:31Z,en,"['English', 'tolkien']",2026-08-04,12-25-44,Tuesday
320847032155,67510492,okieamara,512710,Call of Duty: Warzone,338,2026-08-04T00:30:42Z,en,"['English', 'ADHD', 'LOUD', 'GamerGirl', 'COD', 'Warzone', 'BO7']",2026-08-04,12-25-44,Tuesday
317972100071,748881142,kubabonus,498566,Slots,338,2026-08-02T20:16:19Z,de,['Deutsch'],2026-08-04,12-25-44,Tuesday
318547390326,202987684,muriloso,509658,Just Chatting,337,2026-08-04T02:22:49Z,pt,"['Português', 'yuri22', 'tropadogoti', 'Muriloso']",2026-08-04,12-25-44,Tuesday
317368168290,153176290,saiiren,498592,I'm Only Sleeping,336,2026-08-03T12:06:45Z,en,"['Vtuber', 'Chatty', 'Anime', 'English', 'ENVtuber', 'DropsEnabled']",2026-08-04,12-25-44,Tuesday
316259436017,78404059,1hoeji,29307,Path of Exile,335,2026-08-04T02:05:44Z,zh,"['中文', '貓人', 'English', 'drops']",2026-08-04,12-25-44,Tuesday
320736658522,425493794,justmaliyah,1264310518,Marvel Rivals,333,2026-08-04T02:25:01Z,en,"['English', 'halo', 'FirstPlaythrough', 'newplayer', 'DropsEnabled']",2026-08-04,12-25-44,Tuesday
315408681328,801971589,youchi0_0,509658,Just Chatting,332,2026-08-03T13:22:50Z,en,"['한국어', 'USA', '日本語', 'Dance', 'English', 'kpop', 'korean', '台灣']",2026-08-04,12-25-44,Tuesday
317984089575,76661869,satoriuslol,21779,League of Legends,331,2026-08-03T23:47:04Z,de,"['English', 'Deutsch', 'educational', 'challenger', 'triplechallenger', 'toplane', 'DropsAktiviert']",2026-08-04,12-25-44,Tuesday
317152279927,32169047,stunt,21779,League of Legends,331,2026-08-04T03:39:02Z,en,"['English', 'chill', 'challenger', 'support', 'DropsEnabled']",2026-08-04,12-25-44,Tuesday
319795007712,200295960,benjamin_bucks,32982,Grand Theft Auto V,329,2026-08-04T00:56:40Z,en,"['English', 'spanish', 'gaming', 'reacts', 'D10']",2026-08-04,12-25-44,Tuesday
320733856346,8843899,quirkitized,19554,iRacing,328,2026-08-04T00:21:30Z,en,['English'],2026-08-04,12-25-44,Tuesday
320843781467,1056472714,jaymommy0,512710,Call of Duty: Warzone,328,2026-08-03T21:51:20Z,en,"['English', 'streameruniversity2026']",2026-08-04,12-25-44,Tuesday
320738678490,554712890,sang,511224,Apex Legends,327,2026-08-04T04:09:23Z,en,"['English', 'apex', 'Sang', 'SangAPEX', 'MnK', 'MouseANDKeyboard', 'ballistic', 'apexpredator', 'top500', 'DropsEnabled']",2026-08-04,12-25-44,Tuesday
317803011160,30661033,saintvicious,513143,Teamfight Tactics,327,2026-08-04T00:51:07Z,en,['English'],2026-08-04,12-25-44,Tuesday
317804084824,21327052,ninasc2,490422,StarCraft II,326,2026-08-04T03:00:56Z,en,"['English', 'BackSeattingAllowed', 'progamer', 'chill', 'Cozy']",2026-08-04,12-25-44,Tuesday
315914873833,617224090,zorgo_hs,138585,Hearthstone,326,2026-08-04T02:44:37Z,en,"['Battlegrounds', 'Autobattler', 'English']",2026-08-04,12-25-44,Tuesday
318720237911,186783860,sincerelyjuju,32399,Counter-Strike,325,2026-08-04T03:04:33Z,en,['English'],2026-08-04,12-25-44,Tuesday
317803267288,137322725,rackzy,2012789438,Call of Duty: Black Ops 7,324,2026-08-04T01:22:41Z,en,"['Aura', 'ADHD', 'Movement', 'Cinema', 'Skill', 'English']",2026-08-04,12-25-44,Tuesday
318719640663,68417932,renonfps,2132205352,Deadlock,324,2026-08-04T02:19:07Z,en,"['Deadlock', 'Wraith', 'English', 'marathon', 'venator', 'Infernus', 'haze']",2026-08-04,12-25-44,Tuesday
316259421681,1335538461,bibibiscuitch,1625670105,An Airport for Aliens Currently Run by Dogs,322,2026-08-04T01:59:58Z,en,"['English', 'PhaseConnect', 'ENVtuber', 'Chatty', 'Vtuber', 'Dog']",2026-08-04,12-25-44,Tuesday
318615666549,181077473,gaules,31339,Project Zomboid,321,2026-08-03T21:23:26Z,pt,"['Português', 'DropsAtivados']",2026-08-04,12-25-44,Tuesday
319796932704,1076022569,ventress,33214,Fortnite,321,2026-08-04T02:50:43Z,en,"['English', 'LGBTQ', 'Fortnite', 'girlypop', 'HighkillGames']",2026-08-04,12-25-44,Tuesday
317399098724,45878070,pochipoom,21779,League of Legends,320,2026-08-04T04:36:56Z,es,"['Español', 'Didáctico', 'profesional', 'Educativo']",2026-08-04,12-25-44,Tuesday
319740524892,152005768,lordnm,2132205352,Deadlock,320,2026-08-04T01:44:03Z,en,"['English', 'persian']",2026-08-04,12-25-44,Tuesday
319668180446,118385536,achillefps,2059463486,Waterpark Simulator,320,2026-08-04T01:18:24Z,fr,"['Français', 'BR', 'Variety', 'fps', 'qc', 'RP', 'gta', 'Rust', 'IRL', 'react']",2026-08-04,12-25-44,Tuesday
318118435045,163299585,blastpremier,32399,Counter-Strike,319,2026-08-03T10:51:10Z,en,"['Esports', 'English', 'BLAST', 'blastpremier', 'counterstrike', 'counterstrike2', 'CS2', 'CS2Live', 'cs2twitch', 'cs2major']",2026-08-04,12-25-44,Tuesday
320845637467,1041855607,hilmknife,460630,Rainbow Six Siege,318,2026-08-03T23:28:01Z,en,['English'],2026-08-04,12-25-44,Tuesday
317804145496,104216179,xchronofox,21779,League of Legends,318,2026-08-04T03:08:45Z,es,['Español'],2026-08-04,12-25-44,Tuesday
319653477342,111882197,emilycc,509658,Just Chatting,315,2026-08-02T23:49:07Z,en,"['English', 'subathon', 'ADHD', 'Marathon', 'girl', 'feet', 'Chatty', 'IRL', 'Travel', 'streameruniversity']",2026-08-04,12-25-44,Tuesday
317151304823,1038346609,bobbooobpb,415998825,Guildrun,314,2026-08-04T01:35:06Z,en,"['English', 'BackpackBattles']",2026-08-04,12-25-44,Tuesday
320737575514,610631393,bigcartiier,512710,Call of Duty: Warzone,314,2026-08-04T03:07:59Z,en,"['games', 'Variety', 'indie', 'Horror', 'English']",2026-08-04,12-25-44,Tuesday
320679485913,266423223,bighowelldawdy,509658,Just Chatting,313,2026-08-04T02:00:10Z,en,"['English', 'chill']",2026-08-04,12-25-44,Tuesday
319665203550,13958058,omegapro,509658,Just Chatting,313,2026-08-03T22:39:28Z,en,['English'],2026-08-04,12-25-44,Tuesday
317151714679,159331887,kaisa,1074044196,Alan Wake II,313,2026-08-04T02:27:50Z,en,"['Girl', 'Ally', 'English', 'AAPI', 'Furry', 'OnlyFangs', 'music']",2026-08-04,12-25-44,Tuesday
318718610263,891197166,torioriane,509658,Just Chatting,312,2026-08-04T01:02:06Z,en,"['English', 'vtuber', 'brat', 'anime', 'adhd', 'mold', 'girlfailure']",2026-08-04,12-25-44,Tuesday
316624352724,84152112,linny,509658,Just Chatting,312,2026-08-02T19:51:57Z,en,"['girl', 'gamer', 'gym', 'fitness', 'cooking', 'irl', 'woman', 'female', 'cats', 'sweden']",2026-08-04,12-25-44,Tuesday
318715757527,511579230,maisy,17179,Star Wars: Knights of the Old Republic,311,2026-08-03T20:34:25Z,en,"['English', 'peepeepoopoo', 'LGBTQIAPlus', 'women', 'jenniferaniston']",2026-08-04,12-25-44,Tuesday
320737766234,853506443,bigj_offical,23020,ROBLOX,311,2026-08-04T03:17:23Z,en,"['funny', 'reaction', 'English', 'Rerun', 'DropsEnabled']",2026-08-04,12-25-44,Tuesday
318547287414,188070695,coezinr,21779,League of Legends,309,2026-08-04T02:13:41Z,pt,"['Português', 'English', 'fps', 'MOBA']",2026-08-04,12-25-44,Tuesday
318548508662,939171873,riqzinn7,32399,Counter-Strike,309,2026-08-04T05:10:19Z,pt,['Português'],2026-08-04,12-25-44,Tuesday
317406772323,416031592,solaryhs,138585,Hearthstone,309,2026-08-03T05:04:43Z,fr,['Français'],2026-08-04,12-25-44,Tuesday
319795225440,189059192,ntre,852009328,Mistfall Hunter,308,2026-08-04T01:07:24Z,en,['English'],2026-08-04,12-25-44,Tuesday
315410423408,600069315,yejuniverse,26936,Music,308,2026-08-04T04:14:45Z,en,"['acoustic', 'musician', 'singer', 'songwriter', 'originals', 'pop', 'indie', 'rock', 'kpop', 'knitting']",2026-08-04,12-25-44,Tuesday
320852553691,1028563011,kawanochannn,55453844,Street Fighter 6,307,2026-08-04T05:06:20Z,ja,"['格ゲー', 'ストリートファイター6', '雑談', '日本語']",2026-08-04,12-25-44,Tuesday
319792670304,137218232,speros,512710,Call of Duty: Warzone,307,2026-08-03T22:50:46Z,en,"['SuperTall', 'NotShort', 'Buff', 'Athletic', 'Warzone', 'Gaming', 'Specimen', '7tv', 'Speros', 'SpOG']",2026-08-04,12-25-44,Tuesday
319737506908,39658876,zaferino1,55453844,Street Fighter 6,307,2026-08-03T23:11:56Z,en,"['English', 'Educational', 'family']",2026-08-04,12-25-44,Tuesday
320849561435,1094384412,thechad_wick,32982,Grand Theft Auto V,307,2026-08-04T02:20:38Z,en,"['gamingwithveiwers', 'Chıll', 'English', 'gta', 'GTAVFiveM', 'TARP', 'TARPPartnered', 'TheAcademyRolePlay']",2026-08-04,12-25-44,Tuesday
320678342233,185510119,eigh1_puppies,65654,The Elder Scrolls Online,306,2026-08-04T01:09:39Z,en,"['English', 'TeachingBeginners', 'Esports', 'Competition', 'DropsEnabled']",2026-08-04,12-25-44,Tuesday
318721696471,940989118,neonnvlr,516575,VALORANT,306,2026-08-04T04:57:13Z,es,"['Español', 'Português', 'English']",2026-08-04,12-25-44,Tuesday
317975072743,268540895,hotbeatstv,1669431183,DJs,306,2026-08-03T07:15:23Z,en,"['ElectronicMusic', 'DJ', 'Techno', 'IRL', 'music', 'EDM', 'event', 'Studio', 'Dance', 'DanceMusic']",2026-08-04,12-25-44,Tuesday
316259233265,150785152,kashi_neko,491931,Escape from Tarkov,305,2026-08-04T00:40:18Z,ja,"['女性', '睡眠導入', 'Cooking', 'Vtuber', 'Chıll', 'Anime', '日本語']",2026-08-04,12-25-44,Tuesday
320735518042,664112890,kyanafit,33214,Fortnite,305,2026-08-04T01:34:53Z,en,"['English', 'Fortnite', 'ZeroBuild', 'funny', 'zerobuilds', 'Female', 'Woman', 'KyanaFit', 'Xen']",2026-08-04,12-25-44,Tuesday
320736308954,94163447,arabellavr,499003,VRChat,305,2026-08-04T02:09:40Z,en,"['English', 'watermelon', 'vrchatstreamer', 'PoolsHotTubsandBeaches', 'Dancer']",2026-08-04,12-25-44,Tuesday
320681964249,729544713,xolotv90,1441208453,Once Human,305,2026-08-04T04:01:09Z,en,"['México', 'streming', 'Español', 'livegamestream', 'gamesstreamer', 'English']",2026-08-04,12-25-44,Tuesday
317800703192,64372897,problemwright,1678532194,EA Sports College Football 27,302,2026-08-03T19:00:55Z,en,['English'],2026-08-04,12-25-44,Tuesday
319795640672,554170602,eden,980422880,Dinoblade,302,2026-08-04T01:30:28Z,en,"['English', 'LightBulbCertified', 'HOYNYAA', 'Vtuber', 'VtuberEN', 'WindowsCertified']",2026-08-04,12-25-44,Tuesday
318720400471,720555722,primetimehitlalive,509658,Just Chatting,302,2026-08-04T03:16:32Z,en,['English'],2026-08-04,12-25-44,Tuesday
319670162398,1391238391,hmblzayy,509672,IRL,301,2026-08-04T03:30:09Z,en,"['English', 'HMBLFAITHWALK', 'HMBLZAYY', 'MINISTERZAY']",2026-08-04,12-25-44,Tuesday
320739603162,864659400,thatsdaveontv,509672,IRL,299,2026-08-04T05:12:20Z,en,"['englìsh', 'daveontv', 'English', 'streameruniversity']",2026-08-04,12-25-44,Tuesday
318548293366,1153241054,guaramix1,32399,Counter-Strike,298,2026-08-04T04:16:16Z,pt,"['cassino', 'coperar', 'Português']",2026-08-04,12-25-44,Tuesday
315875112936,44119758,drewd0g,1282866981,Delta Force,297,2026-08-04T04:03:39Z,en,"['OCE', 'aussiestreamer', 'police', 'ExtractionShooter', 'deltaforce', 'Deltaforcecreator', 'English']",2026-08-04,12-25-44,Tuesday
320731308890,41757843,zeroxdeath,417528,Albion Online,296,2026-08-03T22:15:17Z,en,"['NA', 'English', 'Hmong', 'PvP', 'Asian', 'drops', 'MMO', 'MMORPG', 'ALBION', 'DropsEnabled']",2026-08-04,12-25-44,Tuesday
319795546976,1173965512,jaadezz,417528,Albion Online,296,2026-08-04T01:25:26Z,es,"['Español', 'Argentina', 'Peru', 'Mexico', 'PvP', 'chill', 'TikToks', 'youtube', 'AlbionOnline', 'AlbionOnlineDrops']",2026-08-04,12-25-44,Tuesday
320848553691,31894912,delt4forc3,491487,Dead by Daylight,296,2026-08-04T01:36:32Z,es,"['Vtuber', 'drops', 'Español', 'DropsActivados']",2026-08-04,12-25-44,Tuesday
318544973942,195394906,taruh,32399,Counter-Strike,295,2026-08-03T22:42:50Z,pt,['Português'],2026-08-04,12-25-44,Tuesday
318719005527,110888890,hydro__ow,515025,Overwatch,295,2026-08-04T01:32:41Z,en,"['English', 'support', 'SupportMain', 'anamain', 'top500', 'iloveoverwatch', 'overwatch', 'OW', 'Top500OVERWATCH', 'DropsEnabled']",2026-08-04,12-25-44,Tuesday
315914980201,192376620,valeria7k,509658,Just Chatting,295,2026-08-04T03:27:05Z,en,"['English', 'AMA', 'Dance', 'slavic', 'VisualASMR', 'ADHD', 'streamer', '中文', 'Australia']",2026-08-04,12-25-44,Tuesday
320731001434,109215610,socksbx,10033,Banjo-Kazooie,294,2026-08-03T21:58:58Z,en,"['English', 'unngghhhhhhhh', 'Culvers', 'Handsome', 'Cute', 'QFromImpracticalJokers', 'LGBTQPlus', 'Perc3Million', 'Divorced', 'RetroAchievements']",2026-08-04,12-25-44,Tuesday
315936579946,42596387,m989876525,21779,League of Legends,294,2026-08-04T05:17:08Z,zh,"['中文', 'Vtuber', '親親幫']",2026-08-04,12-25-44,Tuesday
318721621335,52668922,sayu,369380,Dying Light,292,2026-08-04T04:51:03Z,en,"['Vtuber', 'Tomboy', 'DarkHumor', 'PleaseReadRules', 'oldersistervibes', 'HagTuber', 'USA', 'English', 'Japanese', 'NoSpoilers']",2026-08-04,12-25-44,Tuesday
319790437216,244515925,evapartis,498592,I'm Only Sleeping,291,2026-08-03T20:06:13Z,es,['Español'],2026-08-04,12-25-44,Tuesday
320851775835,92858368,autolykuslol,21779,League of Legends,291,2026-08-04T04:14:34Z,en,"['English', 'sett', 'gaming', 'Mordekaiser']",2026-08-04,12-25-44,Tuesday
320670761945,79294007,mira,509672,IRL,291,2026-08-03T17:30:39Z,en,"['English', 'Iceland', 'Japan', 'Sweden', 'Norway', 'Scandinavia', 'USA', 'Canada', 'America', 'JUICE']",2026-08-04,12-25-44,Tuesday
316633197012,1525581302,frg_kazik_2104461,33214,Fortnite,290,2026-08-04T04:51:42Z,ru,"['слоты', 'лудоман', 'казино', 'casino', 'заносы', 'эвелон', 'evelon', 'евелон', 'English', 'Русский']",2026-08-04,12-25-44,Tuesday
316588231766,1493276818,windowlightfm,26936,Music,290,2026-08-03T16:25:06Z,en,"['lofi', '247Stream', 'lofimusic', 'Relax', 'study', 'Radio', 'English', 'Chıll', 'housemusic']",2026-08-04,12-25-44,Tuesday
318718422359,37644866,covent,852009328,Mistfall Hunter,290,2026-08-04T00:48:06Z,en,"['ADHD', 'PNW', 'English', 'mistfallhunter', 'DropsEnabled']",2026-08-04,12-25-44,Tuesday
320846849115,248928948,alexkadison,21779,League of Legends,290,2026-08-04T00:22:36Z,en,['English'],2026-08-04,12-25-44,Tuesday
316588995926,30070692,beastqt,29595,Dota 2,289,2026-08-03T17:55:28Z,ru,"['Русский', 'GIGACHAD', 'English']",2026-08-04,12-25-44,Tuesday
318179578598,455993452,sharonqueen,509659,ASMR,288,2026-08-02T19:50:00Z,en,"['asmr', 'yoga', 'girl', 'mommy', 'goddess', 'fitness', 'anime', 'queen', 'dominant', 'licking']",2026-08-04,12-25-44,Tuesday
320732604634,548633177,miamakesmusic,26936,Music,288,2026-08-03T23:22:55Z,en,"['irl', 'variety', 'music', 'English', 'Korean', 'musician', 'chicago', 'piano', 'Drummer']",2026-08-04,12-25-44,Tuesday
317139592311,195798583,yeo_ul,116747788,"Pools, Hot Tubs, and Beaches",287,2026-08-02T11:37:58Z,en,"['English', '中文', 'Deutsch', 'Italiano', 'girl', 'IRL', 'women', 'Français', 'Español', 'Русский']",2026-08-04,12-25-44,Tuesday
318717723735,4280060,lordbbh,27284,Retro,287,2026-08-03T23:50:37Z,en,"['English', 'Bongoverse', 'arcade', '1CreditClear', 'blomby', 'RetroAchievements', 'mambo', 'matikanetannhauser']",2026-08-04,12-25-44,Tuesday
318717030871,198669420,livvcote,516575,VALORANT,286,2026-08-03T22:44:16Z,en,"['girlgamers', 'girlstreaming', 'Valo', 'provalorant', 'She', 'Skyemain', 'English', 'valorant', 'VALORANＴ', 'Canada']",2026-08-04,12-25-44,Tuesday
317152122615,84473294,jacksfilms,509658,Just Chatting,285,2026-08-04T03:18:26Z,en,"['jacksfilms', 'English', 'FortniteFunnies', 'bingo', 'jjjacksfilms', 'reactbot', 'fajitas', 'sizzler', 'darkwoke']",2026-08-04,12-25-44,Tuesday
319795638880,51783711,tiffanylockheart,8645,Resident Evil 2,284,2026-08-04T01:30:24Z,en,"['playthrough', 'lgbtq', 'latin', 'finalfantasyxiv', 'fantasy', 'residentevil', 'pokemon', 'xiv', 'casual', 'hello']",2026-08-04,12-25-44,Tuesday
317804986712,111589942,redbeard,138585,Hearthstone,284,2026-08-04T04:49:57Z,en,"['ARENA', 'English']",2026-08-04,12-25-44,Tuesday
317395698660,1338234092,zombie_doctorr,852009328,Mistfall Hunter,284,2026-08-03T18:28:34Z,en,"['English', 'poe2', 'Cosplay', 'mlbb', 'Russian', 'Русский', 'DropsEnabled']",2026-08-04,12-25-44,Tuesday
316621233876,596550378,bilyiiii,498592,I'm Only Sleeping,284,2026-08-02T13:00:19Z,uk,"['Українська', 'IRL', 'Україна', 'Київ']",2026-08-04,12-25-44,Tuesday
318717199959,627036476,snowthaproduct,509672,IRL,284,2026-08-03T23:00:23Z,en,"['English', 'Bilingual', 'snowthaproduct', 'mexican', 'rapper', 'Español', 'studs', 'Lesbianstreamer', 'LGBTQ']",2026-08-04,12-25-44,Tuesday
316591639766,1525580522,shadowkek_wg_8177088,1496435078,Casino Simulator 2024,282,2026-08-04T05:17:35Z,ru,"['ЭВЕЛОН', 'КОСЫТЧ', 'ШАДОУКЕК', 'СКИЛЗ', 'СМЕШНОЙ', 'КАЗИНО', 'СТРИМ', 'Evelone192', 'Mellstroy', 'Мелстрой']",2026-08-04,12-25-44,Tuesday
320735761242,61372705,zyzx_,491931,Escape from Tarkov,282,2026-08-04T01:46:10Z,en,"['Commentator', 'English', 'VarietyGaming']",2026-08-04,12-25-44,Tuesday
316631451092,1519299080,starlightslumber,499973,Always On,282,2026-08-03T19:40:31Z,en,"['music', 'chill', 'sleep', 'Relax', 'Panda', '247', '247Stream', 'SleepyVibes', 'bedtime', 'SleepyVibes']",2026-08-04,12-25-44,Tuesday
317800002136,30258310,mitchriz,460090,Subnautica,282,2026-08-03T16:46:20Z,en,"['Speedrun', 'Educational', 'AnyPercent', 'GIGACHAD', 'English', 'worldrecord']",2026-08-04,12-25-44,Tuesday
318127329253,662704163,malipai,509658,Just Chatting,281,2026-08-04T05:01:02Z,de,"['CozyChaos', 'SafeSpace', 'Deutsch', 'justchatting']",2026-08-04,12-25-44,Tuesday
320739502042,642684295,doctordoo2kk,2112738408,NBA 2K26,281,2026-08-04T05:04:17Z,en,['English'],2026-08-04,12-25-44,Tuesday
319786245600,411931008,gameplayboy22220,498592,I'm Only Sleeping,281,2026-08-03T10:50:00Z,en,"['English', 'Rerun']",2026-08-04,12-25-44,Tuesday
317803298776,227467763,hotrodd,33214,Fortnite,281,2026-08-04T01:26:40Z,en,"['scrims', 'unreal', 'fortnite', 'ZeroBuild', 'English', 'ninja', 'clix', 'hotrodd', 'zb', 'ranked']",2026-08-04,12-25-44,Tuesday
315875194984,666530522,smacko,33214,Fortnite,280,2026-08-04T04:35:31Z,en,"['English', 'Fortnite', 'ZeroBuild']",2026-08-04,12-25-44,Tuesday
315936197098,166950158,wudamimi,509658,Just Chatting,279,2026-08-04T02:42:22Z,zh,['中文'],2026-08-04,12-25-44,Tuesday
315835778897,103878096,trexterino,494184,Mobile Legends: Bang Bang,279,2026-08-03T21:43:58Z,ru,"['никитумба', 'трекстерино', 'Русский', 'trexterino', 'игры', 'mobilelegends', 'mlbb', 'трактормлбб']",2026-08-04,12-25-44,Tuesday
317152372599,1305342529,theburntpeanut_247,499973,Always On,279,2026-08-04T03:51:41Z,en,"['English', 'VOD', 'Rerun', 'arcraiders', 'tobacco']",2026-08-04,12-25-44,Tuesday
319667330142,1171769612,247jynxzi,499973,Always On,279,2026-08-04T00:33:38Z,en,"['English', 'jynxzi', 'siege', 'rainbowixsiege']",2026-08-04,12-25-44,Tuesday
318719333975,139016093,ayytrae,796500915,Halo: Campaign Evolved,277,2026-08-04T01:57:39Z,en,"['musician', 'English', 'Variety', 'Sciencefiction', 'losangeles', 'FirstaPlayThrough']",2026-08-04,12-25-44,Tuesday
320676377817,39094409,kyerson,18122,World of Warcraft,277,2026-08-03T23:41:53Z,en,"['English', 'wsg', 'PvP', 'Warrior', 'Classic', 'Anniversary', 'wowclassic', 'rank1', 'arena', 'rogue']",2026-08-04,12-25-44,Tuesday
315936237674,56693129,megaa,1509529923,Burglin' Gnomes,276,2026-08-04T03:00:07Z,en,"['Vtuber', 'Australia', 'Cat', 'English', 'Yapper', 'ManILoveFrogs']",2026-08-04,12-25-44,Tuesday
318544721142,52614128,thedarkness,497440,Hell Let Loose,276,2026-08-03T22:19:32Z,pt,"['cs', 'battlefield', 'couterstrike', 'Português', 'gta', 'GTARP', 'forza', 'GTARP']",2026-08-04,12-25-44,Tuesday
320843400667,89390235,jdotb,18122,World of Warcraft,276,2026-08-03T21:26:24Z,en,"['old', 'bald', 'healer', 'wow', 'pve', 'English', '1440p']",2026-08-04,12-25-44,Tuesday
320679423321,139837888,oliverog,33214,Fortnite,275,2026-08-04T01:57:35Z,en,"['English', 'Fortnite']",2026-08-04,12-25-44,Tuesday
318719272279,616626768,blair,1424686657,Esoteric Ebb,275,2026-08-04T01:53:01Z,en,"['English', 'Vampire', 'Horror', 'Yapper', 'goth', 'LGBTQIA', 'ADHD', 'fantasy', 'Cosplay', 'DarkFantasy']",2026-08-04,12-25-44,Tuesday
315410498800,1400983999,ir1napart,509658,Just Chatting,274,2026-08-04T04:42:33Z,ru,"['Русский', 'Красота', 'Юрист', 'Косметика', 'Разговоры', 'Видео', 'Communication', 'Cosmetics', 'Beauty', 'Владивосток']",2026-08-04,12-25-44,Tuesday
318180287078,1510857316,eliasn97_vod,499973,Always On,273,2026-08-02T21:04:18Z,de,"['Deutsch', 'Wiederholen']",2026-08-04,12-25-44,Tuesday
318681557876,83999834,mattgael,1468,Resident Evil 4,273,2026-08-03T23:08:05Z,es,"['kamanache', 'Basement', 'residentevil', 'Argentina', 'mate', 'GIGACHAD', 'wr', 'manteca', 'Speedrun', 'Cebolla']",2026-08-04,12-25-44,Tuesday
317984282727,145856431,pixienaut,343455332,Crime Scene Cleaner,273,2026-08-04T00:26:16Z,de,"['Deutsch', 'KeinBSG', 'Gemütlich', 'pngtuber', 'Vtuber', 'VTubeDE', 'SafeSpace', 'LootGoblin', 'GoblinQueen']",2026-08-04,12-25-44,Tuesday
316591313238,821043945,pinkkdemon,509658,Just Chatting,273,2026-08-04T02:36:49Z,ru,"['Аниме', 'общение', 'Русский', 'IRL', 'девушка', 'тяночка', 'English', 'girl']",2026-08-04,12-25-44,Tuesday
318721693655,544636832,spikezinvlr,516575,VALORANT,272,2026-08-04T04:57:05Z,pt,"['Português', 'valorant', 'gamer', 'Brasil', 'BR', 'radiantevalorant', 'radiante']",2026-08-04,12-25-44,Tuesday
317397858148,54444883,tehjamjar,493959,Red Dead Redemption II,272,2026-08-03T22:32:37Z,en,"['FirstPlaythrough', 'RP', 'English']",2026-08-04,12-25-44,Tuesday
316268322162,726693099,amanogawaneru,21779,League of Legends,271,2026-08-04T04:25:37Z,ja,"['日本語', 'ネタバレ禁止', '匂わせ禁止']",2026-08-04,12-25-44,Tuesday
315878192851,170606644,audlonlx,23020,ROBLOX,271,2026-08-03T13:01:29Z,en,"['roblox', 'minecraft', 'English', 'DropsEnabled']",2026-08-04,12-25-44,Tuesday
315874946280,51592066,gratisfaction,32399,Counter-Strike,270,2026-08-04T03:00:02Z,en,"['English', 'faceit10lvl', 'ProfessionalGamer']",2026-08-04,12-25-44,Tuesday
318718984023,126051617,deere,1952,Onimusha: Dawn of Dreams,270,2026-08-04T01:31:03Z,en,"['English', 'Drag', 'EvilCharacters', 'LGBTQIA', 'BlondeEnergy', 'Horror', 'Queer', 'LGBT']",2026-08-04,12-25-44,Tuesday
316561813205,1525579794,a3336833,1496435078,Casino Simulator 2024,270,2026-08-04T04:33:05Z,ru,"['слоты', 'казино', 'пузаныч', 'puzan', 'заносынедели', 'казинострим', 'казиноонлайн', 'slots', 'English', 'Русский']",2026-08-04,12-25-44,Tuesday
318683294836,39272973,dukoth,29452,Virtual Casino,270,2026-08-04T01:54:20Z,pt,['Português'],2026-08-04,12-25-44,Tuesday
319743399772,582351498,yxlsalah,509658,Just Chatting,268,2026-08-04T05:17:04Z,en,"['English', 'YXL']",2026-08-04,12-25-44,Tuesday
317406908131,908203337,sintoniaplay,29452,Virtual Casino,268,2026-08-03T06:21:44Z,pt,"['Casal', 'Dupla', 'Sintonia', 'Português']",2026-08-04,12-25-44,Tuesday
318188868326,1106344955,r2onlineru,502829,R2 Online: Reign of Revolution,267,2026-08-03T19:04:12Z,ru,"['r2', 'R2Online', 'R2стрим', 'R2OnlineReignofRevolution', 'Русский']",2026-08-04,12-25-44,Tuesday
317398172516,100245745,kailon,498592,I'm Only Sleeping,267,2026-08-03T23:35:40Z,fr,['Français'],2026-08-04,12-25-44,Tuesday
320730923738,229308346,themrheadache,491487,Dead by Daylight,267,2026-08-03T21:54:27Z,en,"['Chill', 'DBD', 'Killer', 'DeadbyDaylight', 'xenomorph', 'alien', 'Horror', 'English', 'ExitLagAffiliate', 'DropsEnabled']",2026-08-04,12-25-44,Tuesday
320839707099,274382158,yojosherino,490292,DARK SOULS III,266,2026-08-03T16:45:23Z,en,"['English', 'Speedrun']",2026-08-04,12-25-44,Tuesday
318681179124,188532954,lucroft,32982,Grand Theft Auto V,265,2026-08-03T22:31:46Z,pt,['Português'],2026-08-04,12-25-44,Tuesday
319670167134,1074385495,goxbirds,2012789438,Call of Duty: Black Ops 7,265,2026-08-04T03:30:38Z,en,"['English', 'calldofduty', 'warzone', 'Ranked']",2026-08-04,12-25-44,Tuesday
319736222940,443487267,staycationtg,407314011,Marathon,264,2026-08-03T21:59:10Z,en,['English'],2026-08-04,12-25-44,Tuesday
320682504153,606662293,oozie,509658,Just Chatting,263,2026-08-04T04:34:36Z,en,"['English', 'oozieisasigmagooner', 'ooziie', 'oozie']",2026-08-04,12-25-44,Tuesday
318615991925,42686036,lolmechs,512070,Jump King,263,2026-08-03T21:59:36Z,es,"['Vtuber', 'Sumiso', 'Qlon', 'Furry', 'Tsundere', 'Goodboy', 'Calvo', 'ASMR', 'EvasorDeImpuestos', 'Therian']",2026-08-04,12-25-44,Tuesday
320671786841,32679628,anugy,2009321156,Dark and Darker,263,2026-08-03T18:53:07Z,en,"['English', 'DropsEnabled']",2026-08-04,12-25-44,Tuesday
320845515611,28666320,shimeco,386821,Black Desert,262,2026-08-03T23:21:52Z,en,"['English', 'DropsEnabled']",2026-08-04,12-25-44,Tuesday
318719814999,57674864,yena,26936,Music,262,2026-08-04T02:32:21Z,en,"['English', 'kpop', 'Relaxing', 'Pop', 'sleep', 'relax', 'piano', 'korean', 'chill']",2026-08-04,12-25-44,Tuesday
317803320920,51032629,moohoodles,509670,Science & Technology,262,2026-08-04T01:29:09Z,en,"['English', 'ADHD', 'Astrobiology', 'ClosedCaptions', 'Educational', 'Chatty', 'Astronomy', 'Space', 'scicomm', 'sharks']",2026-08-04,12-25-44,Tuesday
320726163674,609769606,butterflysbunnies,272263131,"Animals, Aquariums, and Zoos",262,2026-08-03T15:29:56Z,en,"['music', '24hr', 'relax', 'bunnies', 'IRL', 'Bunny', 'animals', 'Comfy', 'mentalhealth', 'Anxiety']",2026-08-04,12-25-44,Tuesday
317150663543,521338199,raregangster,512953,ELDEN RING,262,2026-08-04T00:11:08Z,en,"['English', 'Pansexual', 'LGBTQIAPlus', 'Chatty', 'Woman', 'FirstPlaythrough', 'ChallengeRuns']",2026-08-04,12-25-44,Tuesday
319735516380,146790215,replays,34134,Call of Duty: Black Ops II,261,2026-08-03T21:11:52Z,en,"['English', 'FamilyFriendly', 'Fortnite', 'Energetic']",2026-08-04,12-25-44,Tuesday
319666821214,104031977,oxalate,491168,Clash Royale,261,2026-08-04T00:07:52Z,en,['English'],2026-08-04,12-25-44,Tuesday
318715767383,230339109,swanifier,852009328,Mistfall Hunter,260,2026-08-03T20:35:25Z,en,"['thegyldenrush', 'ExtractionLooter', 'PVPE', 'English', 'DropsEnabled', 'findinggyldenhunter']",2026-08-04,12-25-44,Tuesday
319794417120,100041244,terasite,1282866981,Delta Force,260,2026-08-04T00:25:07Z,en,"['Anxiety', 'Chatty', 'KPOP', 'Asian', 'SafeSpace', 'Vietnam', 'Anime', 'English', 'LurkerFriendly', 'DropEnabled']",2026-08-04,12-25-44,Tuesday
316591048662,402162586,axellarsen,12482,The Legend of Zelda: Majora's Mask,259,2026-08-04T00:23:23Z,en,"['speedrun', 'zelda', 'oot', 'axel', 'wr', 'WRAttempts', 'English']",2026-08-04,12-25-44,Tuesday
318714058455,438067685,transforms,23020,ROBLOX,259,2026-08-03T17:15:27Z,en,"['Badge', 'BadgeHunter', 'Drops', 'English', 'DropsEnabled', 'stealabrainrot']",2026-08-04,12-25-44,Tuesday
318712289623,538506717,marinemammalrescue,272263131,"Animals, Aquariums, and Zoos",259,2026-08-03T10:16:01Z,en,"['Animals', 'ASMRvisual', 'Rerun', '24HourStream', 'Wildlife', 'FamilyFriendly', 'wholesome', 'goodvibes', 'TogetherForGood', 'English']",2026-08-04,12-25-44,Tuesday
318720122583,1270501215,ellybro_,515474,NARAKA: BLADEPOINT,259,2026-08-04T02:56:33Z,es,"['Espàñol', 'Español', 'XboxSeriesS', 'celular', 'DropsActivados']",2026-08-04,12-25-44,Tuesday
319668390110,128373306,iii_zoo_iii,796500915,Halo: Campaign Evolved,259,2026-08-04T01:30:19Z,en,"['English', 'Speedrun', 'WRAttempts', 'DropsEnabled']",2026-08-04,12-25-44,Tuesday
320734596570,154661936,bootherat,1509529923,Burglin' Gnomes,258,2026-08-04T00:55:21Z,en,"['Vtuber', 'Chaotic', 'witch', 'spooky', 'girlfailure', 'anime', 'English', 'ratgirl', 'yuri']",2026-08-04,12-25-44,Tuesday
319741300188,731803873,zelev_by_cv,33214,Fortnite,258,2026-08-04T02:28:57Z,es,"['Latino', 'Fortnite', 'cool', 'proplayer', 'Zelev', 'dlejitos', 'Español']",2026-08-04,12-25-44,Tuesday
320681505369,435562732,drsunscreen,515025,Overwatch,258,2026-08-04T03:35:26Z,en,"['English', 'DropsEnabled']",2026-08-04,12-25-44,Tuesday
317414307427,480790679,lystic,2132205352,Deadlock,257,2026-08-04T03:36:34Z,en,"['English', 'meowing', 'mewing', 'Duolingo']",2026-08-04,12-25-44,Tuesday
320851022299,140997045,naoyoon,509659,ASMR,257,2026-08-04T03:30:24Z,es,"['girl', 'Español', 'Vtuber', 'Latina', 'ASMR']",2026-08-04,12-25-44,Tuesday
317803709528,603102863,woodzzii,512710,Call of Duty: Warzone,256,2026-08-04T02:14:12Z,es,['Español'],2026-08-04,12-25-44,Tuesday
318716640855,1018843719,kaileymaeasmr,509659,ASMR,256,2026-08-03T22:04:36Z,en,"['asmr', 'sleep', 'relax', 'whispering', 'cozy', 'AuditoryASMR', 'VisualASMR', 'satisfying', 'KaileyMae', 'English']",2026-08-04,12-25-44,Tuesday
317803485912,59020050,daddyditto,21779,League of Legends,256,2026-08-04T01:49:14Z,en,"['noBackSeating', 'degen', 'tiktok', 'flirting', 'BISEXUAL', 'English', 'feet']",2026-08-04,12-25-44,Tuesday
317150744567,54119001,mazino,516575,VALORANT,256,2026-08-04T00:22:17Z,es,"['Español', 'VALORANT', 'FPS', 'Esports']",2026-08-04,12-25-44,Tuesday
316259740657,1144174134,yas_jittyoku,55453844,Street Fighter 6,255,2026-08-04T04:09:22Z,ja,"['StreetFighter6', 'ryu', '日本語']",2026-08-04,12-25-44,Tuesday
315376980078,917556509,0_0tjh,1918259609,Road to Empress II,255,2026-08-04T01:34:08Z,zh,"['聊天', '聊天台', '雑談', '日本語', '中文', '雑談配信']",2026-08-04,12-25-44,Tuesday
320738534106,163847724,wtnbxd,114524791,Shadowverse: Worlds Beyond,254,2026-08-04T04:00:31Z,ja,['日本語'],2026-08-04,12-25-44,Tuesday
317151076343,106710521,richhomiequinn,33214,Fortnite,254,2026-08-04T01:05:05Z,en,"['English', 'TypicalGamer']",2026-08-04,12-25-44,Tuesday
319786160736,31011227,castaway,116747788,"Pools, Hot Tubs, and Beaches",254,2026-08-03T10:23:21Z,en,"['princess', 'girl', 'mommy', 'cosplay', 'ADHD', 'catgirl', 'ASMR', 'goddess', 'English', 'findom']",2026-08-04,12-25-44,Tuesday
316632320596,85128009,surprise011,464339927,ARC Raiders,253,2026-08-03T22:20:26Z,ru,"['Русский', 'аниме', 'наруто', 'общение', 'Английский', 'arcraiders', 'аркрайдерс', 'арк']",2026-08-04,12-25-44,Tuesday
320738069978,601920949,heysoymariaa,509659,ASMR,253,2026-08-04T03:33:36Z,es,"['Español', 'ASMR', 'Latina', 'dominicana', 'liveasmr']",2026-08-04,12-25-44,Tuesday
318545425014,36772976,tecnosh,852009328,Mistfall Hunter,252,2026-08-03T23:23:24Z,pt,"['Português', 'English', 'DropsAtivados']",2026-08-04,12-25-44,Tuesday
315936374250,466564815,gmminhle,743,Chess,252,2026-08-04T03:54:01Z,en,"['Instructive', 'Chess', 'English']",2026-08-04,12-25-44,Tuesday
320846085211,1111930352,socksish,210472759,Shift at Midnight,252,2026-08-03T23:49:57Z,en,"['Golf', 'dbd', 'comfy', 'English', 'Chatty', 'SurvivorMain', 'dontshowmeyourtoes', 'dbdcreator', 'sillymaxxing']",2026-08-04,12-25-44,Tuesday
317803640664,88306095,wavytannerr,1264310518,Marvel Rivals,252,2026-08-04T02:06:02Z,en,"['English', 'Christian', 'DropsEnabled', 'drops']",2026-08-04,12-25-44,Tuesday
319740825692,109600209,ecto,24241,FINAL FANTASY XIV ONLINE,251,2026-08-04T02:01:02Z,en,"['vtuber', 'horror', 'adhd', 'monstergirl', 'brat', 'neet', 'VoiceActing', 'English', 'DropsEnabled']",2026-08-04,12-25-44,Tuesday
318619769461,508007333,diegoo7x,498566,Slots,250,2026-08-04T04:25:54Z,es,['Español'],2026-08-04,12-25-44,Tuesday
318619762933,488913562,badgearchive,23020,ROBLOX,250,2026-08-04T04:24:29Z,en,"['DropsEnable', 'English', 'egghunt', 'robloxegghunt', 'doors', 'Rerun', 'DropsEnabled']",2026-08-04,12-25-44,Tuesday
319669029726,610698261,jasminexu007,26936,Music,250,2026-08-04T02:08:40Z,en,"['English', 'FrenchCanadian', 'Chinese', 'music', 'ASIAN', 'AAPI', 'Canada']",2026-08-04,12-25-44,Tuesday
319792260832,9244832,timmac,493959,Red Dead Redemption II,249,2026-08-03T22:25:07Z,en,"['Roleplay', 'English']",2026-08-04,12-25-44,Tuesday
317150486647,852611504,mogi,516575,VALORANT,248,2026-08-03T23:47:29Z,en,"['English', 'girl', 'swag', 'mogi', 'AURA']",2026-08-04,12-25-44,Tuesday
315881191379,52457418,druckverlust,509672,IRL,248,2026-08-04T04:03:58Z,de,"['talk', 'Kaffee', 'DruckVerlust', 'redebedarf', 'Deutsch', 'LKW', 'LKWFahren', 'Autobahn']",2026-08-04,12-25-44,Tuesday
317150663031,59839021,whisqey,709941216,Endacopia,248,2026-08-04T00:11:05Z,en,"['English', 'LGBTQ', 'smallpp', 'MediumUgly', 'wisdom', 'kidneystones', 'Latina', 'handsome', 'bigballs']",2026-08-04,12-25-44,Tuesday
317368740962,234041548,polita,491487,Dead by Daylight,248,2026-08-03T13:33:08Z,en,"['English', 'DropsEnabled']",2026-08-04,12-25-44,Tuesday
318615963125,109868340,lucaspagun,19619,Tibia,247,2026-08-03T21:56:54Z,pt,"['Português', 'pxg']",2026-08-04,12-25-44,Tuesday
320735984218,529877178,ardentoas19,491168,Clash Royale,247,2026-08-04T01:55:59Z,es,"['Español', 'clashroyale']",2026-08-04,12-25-44,Tuesday
319666066398,41244221,sparcmac,459931,Old School RuneScape,247,2026-08-03T23:28:00Z,en,['English'],2026-08-04,12-25-44,Tuesday
318127217253,195339615,giato,401587136,Arena Breakout: Infinite,246,2026-08-04T04:24:23Z,en,"['English', 'Cozy', 'Comfy', 'Goofy', 'Joking', 'VTuber', 'DropsEnabled']",2026-08-04,12-25-44,Tuesday
316589022934,1419437522,r2remastered_official,502829,R2 Online: Reign of Revolution,246,2026-08-03T17:59:02Z,ru,"['R2OnlineReignofRevolution', 'R2Online', 'R2', 'MMORPG', 'MMO', 'PvP', 'R2стрим', 'Русский']",2026-08-04,12-25-44,Tuesday
316561849301,833830319,bugrik04,263490,Rust,246,2026-08-04T04:50:56Z,ru,"['Русский', 'DropsВключены']",2026-08-04,12-25-44,Tuesday
315874679400,1193339909,cerseasoulstorm,512033,GODDESS OF VICTORY: NIKKE,246,2026-08-04T01:01:52Z,en,"['Australian', 'English', 'chromaSHIFT']",2026-08-04,12-25-44,Tuesday
315914764649,539618993,divenda,509658,Just Chatting,245,2026-08-04T01:57:41Z,ru,"['психология', 'дивенда', 'общение', 'стримерша', 'cs', 'mazda', 'Русский', 'English', 'russıan']",2026-08-04,12-25-44,Tuesday
319670979038,463439194,eomzo,509658,Just Chatting,245,2026-08-04T04:49:03Z,en,['English'],2026-08-04,12-25-44,Tuesday
320679260633,46877634,grimmybear,1230742965,TCG Card Shop Simulator,245,2026-08-04T01:50:17Z,en,"['ADHD', 'chill', 'English', 'solo', 'Hardcore']",2026-08-04,12-25-44,Tuesday
318713084119,48220417,jonk,491931,Escape from Tarkov,245,2026-08-03T14:02:59Z,en,['English'],2026-08-04,12-25-44,Tuesday
318719248471,74350217,smcharly,1951274286,Metroid,244,2026-08-04T01:51:05Z,en,['English'],2026-08-04,12-25-44,Tuesday
315836490705,71672341,p4wnyhof,539257489,Beast of Reincarnation,244,2026-08-04T02:42:57Z,en,"['English', 'FamilyFriendly', 'Education']",2026-08-04,12-25-44,Tuesday
317399147108,48883461,manolitop,21779,League of Legends,244,2026-08-04T04:59:14Z,es,"['chile', 'mexico', 'argentina', 'peru', 'challenger', 'cl', 'top', 'Español', 'España']",2026-08-04,12-25-44,Tuesday
316633189588,873017494,xlelush,516575,VALORANT,244,2026-08-04T04:47:28Z,ru,['Русский'],2026-08-04,12-25-44,Tuesday
319666781406,194968031,johnsenn,491931,Escape from Tarkov,244,2026-08-04T00:05:56Z,en,['English'],2026-08-04,12-25-44,Tuesday
318546639990,705492806,branca,1554543571,Photomaly,243,2026-08-04T01:13:22Z,pt,['Português'],2026-08-04,12-25-44,Tuesday
316324356595,784622076,higuchi2001,55453844,Street Fighter 6,243,2026-08-04T02:14:43Z,ja,"['ゲーム雑談', '日本語', 'SF6', '雑談']",2026-08-04,12-25-44,Tuesday
320682571353,7555574,crendor,18122,World of Warcraft,242,2026-08-04T04:39:02Z,en,['English'],2026-08-04,12-25-44,Tuesday
318720647383,1208491993,joebuddentk,538054672,TEKKEN 8,242,2026-08-04T03:35:47Z,en,['English'],2026-08-04,12-25-44,Tuesday
316043460845,147788533,santadoto,29595,Dota 2,242,2026-08-03T22:31:27Z,ru,"['китайскийчай', 'чай', 'ДОТА', 'DOTA', 'Русский', 'Santa', 'доброта', 'позитивныйвайб', 'пожилойСтример', 'розыгрыши']",2026-08-04,12-25-44,Tuesday
316324752755,515737396,hikaru_shiftne,55453844,Street Fighter 6,242,2026-08-04T04:44:51Z,ja,"['格闘ゲーム', '日本語', 'SF6', 'スト6', 'AKI', 'ひかる', 'しとね']",2026-08-04,12-25-44,Tuesday
320851136987,215971487,henny,1669431183,DJs,241,2026-08-04T03:36:53Z,en,"['Filipina', 'English', 'EDM', 'DJ', 'basshouse', 'housemusic', 'Techno', 'LGBTQ', 'ADHD', 'Dubstep']",2026-08-04,12-25-44,Tuesday
318718787671,570666589,aiiygatorz,497057,Destiny 2,241,2026-08-04T01:15:42Z,en,"['ADHD', 'PvP', 'FPS', 'Girlboss', 'English']",2026-08-04,12-25-44,Tuesday
318192542822,22291444,zetalot,138585,Hearthstone,240,2026-08-04T05:08:57Z,en,"['hearthstone', 'priest', 'ranked', 'legend', 'English']",2026-08-04,12-25-44,Tuesday
318715373527,1290091321,underezeggs,31339,Project Zomboid,240,2026-08-03T19:56:13Z,en,['English'],2026-08-04,12-25-44,Tuesday
319794163168,239269603,alexgakill46,1832641890,MLB The Show 26,240,2026-08-04T00:11:55Z,en,"['Anime', 'Latino', 'Baseball', 'BadBunny', 'mlbtheshow', 'MLB', 'spanish', 'English', 'KPOP', 'mlbtheshow25']",2026-08-04,12-25-44,Tuesday
316259541745,778615399,bobsappaim0304,516575,VALORANT,240,2026-08-04T02:49:30Z,ja,['日本語'],2026-08-04,12-25-44,Tuesday
320849096283,405865757,meowdalyn,32982,Grand Theft Auto V,240,2026-08-04T02:00:56Z,en,"['English', 'Puppy', 'Dog', 'Girl', 'Neopets', 'Jesus', 'Furry']",2026-08-04,12-25-44,Tuesday
320737253594,41931263,itzcbd,512953,ELDEN RING,240,2026-08-04T02:52:40Z,en,"['Tall', 'Dark', 'Handsome', 'ASMR', 'Chill', 'Relax', 'YOURMOM', 'ClosedCaptions', 'FirstPlaythrough', 'Subtitles']",2026-08-04,12-25-44,Tuesday
320834129755,845929057,gta6news,32982,Grand Theft Auto V,240,2026-08-03T03:56:02Z,ru,['Русский'],2026-08-04,12-25-44,Tuesday
316324019955,808067783,hososhin_twitch,511224,Apex Legends,239,2026-08-04T00:00:02Z,ja,"['日本語', 'Drops有効']",2026-08-04,12-25-44,Tuesday
318619797621,787834205,frrank7,498566,Slots,239,2026-08-04T04:31:42Z,es,['Español'],2026-08-04,12-25-44,Tuesday
318183677414,92655587,rescue,1820378900,Resident Evil 4,239,2026-08-03T10:14:52Z,en,"['English', 'Comfy']",2026-08-04,12-25-44,Tuesday
319795697888,222788698,aaurie,11386,Metal Gear Solid 2: Sons of Liberty,239,2026-08-04T01:33:31Z,en,"['ADHD', 'Woman', 'Chatty', 'Pc', 'English', 'dubious', 'degen', 'Educational', 'CBT', 'findom']",2026-08-04,12-25-44,Tuesday
320679988697,51847140,chad,65632,DayZ,239,2026-08-04T02:21:38Z,en,"['Chad', 'English']",2026-08-04,12-25-44,Tuesday
316324307443,123278702,syaruru3,1174919094,Echoes of Aincrad,239,2026-08-04T01:55:21Z,ja,['日本語'],2026-08-04,12-25-44,Tuesday
320736071898,38368793,iriskpvp,263490,Rust,238,2026-08-04T01:59:42Z,en,"['English', '2k', '2560x1440', 'HighResolution', 'DropsEnabled']",2026-08-04,12-25-44,Tuesday
320848072155,550745727,saxzu,512710,Call of Duty: Warzone,238,2026-08-04T01:15:35Z,en,"['English', 'Lightskin', 'Funny', 'VarietyGamer']",2026-08-04,12-25-44,Tuesday
317414360931,809893289,drjesus_edf,518203,Sports,238,2026-08-04T03:59:31Z,es,"['Español', 'futbol', 'España', 'Charladeportiva', 'barça', 'Barcelona', 'madrid', 'realmadrid', 'Champions', 'enfermosdelfutbol']",2026-08-04,12-25-44,Tuesday
317385100644,757102582,streamdatabase,499973,Always On,238,2026-08-02T13:06:09Z,en,"['English', 'Stream', 'Database', 'Badge', 'Marvel', 'Tokon', 'Final', 'Fantasy', 'XIV', 'DropsEnabled']",2026-08-04,12-25-44,Tuesday
320846735963,105034017,kesun,852009328,Mistfall Hunter,237,2026-08-04T00:17:23Z,en,"['English', 'extraction', 'thegyldenrush', 'mistfallhunter', 'Greatswordmain', 'DropsEnabled']",2026-08-04,12-25-44,Tuesday
320671854681,1139435464,yugioh_official,1119642287,Yu-Gi-Oh! Master Duel,237,2026-08-03T18:57:52Z,en,"['YuGiOh', 'anime', 'tv', 'pokemon', 'digimon', 'movie', 'movies', 'Pokémon', 'cartoon', 'cartoons']",2026-08-04,12-25-44,Tuesday
318721845463,172170148,toptierkid,1264310518,Marvel Rivals,237,2026-08-04T05:10:07Z,en,"['English', 'TTK', 'Controller', 'xQc', 'KaiCenat', 'StableRonaldo', 'Lacy', 'CaseOh', 'Jynxzi', 'DropsEnabled']",2026-08-04,12-25-44,Tuesday
316268305266,52732546,yoshiakilol,21779,League of Legends,237,2026-08-04T04:19:32Z,ja,['日本語'],2026-08-04,12-25-44,Tuesday
316633153492,1218988861,skywinlife,32399,Counter-Strike,237,2026-08-04T04:31:27Z,ru,['Русский'],2026-08-04,12-25-44,Tuesday
319665656542,28339716,rualstorge,2059463486,Waterpark Simulator,236,2026-08-03T23:04:33Z,en,"['English', 'ClosedCaptions', 'wholesome', 'AntiMinMaxing', 'antirealism', 'Neurodivergent', 'NoBackseatingUnlessAsked']",2026-08-04,12-25-44,Tuesday
319666493406,46023180,natspresso,539257489,Beast of Reincarnation,236,2026-08-03T23:52:02Z,en,"['English', 'girl', 'chatty', 'firstplaythrough', 'ChallengeRun', 'chill', 'metal', 'variety', 'VarietyStreamer', 'Welcoming']",2026-08-04,12-25-44,Tuesday
318712550871,515337939,bigbeno03,498592,I'm Only Sleeping,236,2026-08-03T11:31:10Z,en,"['English', 'bigbeno03', 'UK', 'ukstreamer', 'funny', 'justchatting', 'gaming', 'LOUD', 'Charity']",2026-08-04,12-25-44,Tuesday
319653524830,44741426,streamerhouse,1036710512,Palworld,236,2026-08-02T23:52:11Z,en,"['Marathon', 'AlwaysOn', 'Subathon', 'StreamerHouse', 'English', '24hr', '247Stream', 'live', 'LGBTQ']",2026-08-04,12-25-44,Tuesday
318543537270,89321667,llauqstv,31339,Project Zomboid,236,2026-08-03T20:06:28Z,pt,['Português'],2026-08-04,12-25-44,Tuesday
317978818663,487510275,lofigirl,26936,Music,234,2026-08-03T15:48:28Z,en,"['study', 'chill', 'music', 'playlist', 'radio', 'relax', 'beats', 'lofi', 'lofigirl', 'sleep']",2026-08-04,12-25-44,Tuesday
320733406682,467143633,z_h_o_r_a,509658,Just Chatting,234,2026-08-04T00:01:21Z,ru,"['Русский', 'Америка', 'США', 'Майами', 'ИРЛ', 'ГТА6ИРЛ']",2026-08-04,12-25-44,Tuesday
320844631131,22916751,bajheera,18122,World of Warcraft,234,2026-08-03T22:38:18Z,en,"['English', 'Warrior']",2026-08-04,12-25-44,Tuesday
319667523166,189297689,gabedotcom1,107194810,Phoenix Wright: Ace Attorney Trilogy,234,2026-08-04T00:44:11Z,en,"['ADHD', 'gamer', 'progamer', 'English']",2026-08-04,12-25-44,Tuesday
319786324832,157485368,vonza,491931,Escape from Tarkov,234,2026-08-03T11:13:12Z,en,"['English', 'ADHD', 'thevoices', 'demon', 'Vtuber']",2026-08-04,12-25-44,Tuesday
320850399579,1241087636,mami_h_,499003,VRChat,233,2026-08-04T02:59:34Z,es,"['Español', 'Vtuber', 'VR', 'ASMR', 'ASMRvisual', 'Vtuber', 'vrchat', 'egirl']",2026-08-04,12-25-44,Tuesday
319794313056,477885912,bullet,2112738408,NBA 2K26,233,2026-08-04T00:19:25Z,en,"['English', 'DropsEnable', 'dropson']",2026-08-04,12-25-44,Tuesday
318678845684,472847130,badgecenter,491487,Dead by Daylight,233,2026-08-03T17:05:40Z,en,"['Badge', 'Emblem', 'kaicenat', 'English', 'mecchachameleon', 'EWC', 'Rerun', 'DropsEnabled']",2026-08-04,12-25-44,Tuesday
317977381607,533715367,retrolongplay,27284,Retro,233,2026-08-03T13:11:32Z,en,"['Retro', 'Games', 'TV', 'TAS', 'Speedrun', 'Speedrunning', 'Longplay', 'Marathon', 'English', 'Playthrough']",2026-08-04,12-25-44,Tuesday
318721321559,70520787,assistmedoom,2105229629,Xenoblade Chronicles 2: Nintendo Switch 2 Edition,233,2026-08-04T04:27:56Z,en,['English'],2026-08-04,12-25-44,Tuesday
320736730970,26193382,frozendesire,982017546,Palia,232,2026-08-04T02:28:25Z,en,"['momgamer', 'PlantLover', 'Canadian', 'PriorityisChat', 'Cozy', 'affirmations', 'English', 'softvoice', 'loftiapartner', 'PaliaPartner']",2026-08-04,12-25-44,Tuesday
317151471607,30305808,mattshew,490100,Lost Ark,232,2026-08-04T01:57:13Z,en,['English'],2026-08-04,12-25-44,Tuesday
318717376343,441925662,bambib00,1910324696,High on Life,231,2026-08-03T23:17:12Z,en,"['Horror', 'horrorgames', 'ADHD', 'Yapper', 'GamerGirl', 'Egirl', 'LetsPlay', 'yapfest', 'English']",2026-08-04,12-25-44,Tuesday
319670087134,655172783,iwantacinnamonroll,509658,Just Chatting,231,2026-08-04T03:23:59Z,en,['English'],2026-08-04,12-25-44,Tuesday
318127351269,157313528,zumi,509658,Just Chatting,230,2026-08-04T05:09:01Z,en,"['Food', 'Travel', '日本語', 'English', 'Japanese', 'IRL', 'justchatting']",2026-08-04,12-25-44,Tuesday
319666323294,245039391,promoz,2009321156,Dark and Darker,230,2026-08-03T23:42:07Z,en,"['English', 'gaming', 'tarkovgaming', 'DarkandDarker', 'DarkandDarkerPlaytest', 'drops', 'deltaforce', 'DeltaForceGame', 'DropsEnabled']",2026-08-04,12-25-44,Tuesday
320678138201,121738877,chelzorthedestroyer,509658,Just Chatting,230,2026-08-04T01:01:18Z,en,"['English', 'Vtuber', 'watchalong', 'Gremlin', 'catgirl', 'Salty', 'weeb', 'Southern', '18pluschannel']",2026-08-04,12-25-44,Tuesday
318545974006,36198475,shinimon,21779,League of Legends,230,2026-08-04T00:14:46Z,pt,"['Português', 'DropsAtivados']",2026-08-04,12-25-44,Tuesday
318716267095,1507399988,squeakykat_,509659,ASMR,230,2026-08-03T21:28:11Z,en,"['English', 'ASMR', 'catgirl', 'Headpats', 'mommy', 'kisses', 'Vtuber']",2026-08-04,12-25-44,Tuesday
318719629399,910512276,aresmythos,102007682,God of War Ragnarök,229,2026-08-04T02:18:21Z,en,"['English', 'ENVtuber', 'Mythos', 'Yapper', 'ADHD', 'Woman', 'Speedrunner', 'ChallengeRun', 'AresMythos', 'VTuber']",2026-08-04,12-25-44,Tuesday
318704443991,579810485,tpapaslice,459931,Old School RuneScape,229,2026-08-02T21:03:22Z,en,"['English', 'News', 'Ironman', 'Hardcore']",2026-08-04,12-25-44,Tuesday
317799549656,53019471,trancetv1,417528,Albion Online,228,2026-08-03T14:48:01Z,en,"['ADHD', 'Challenger', 'English', 'AlbionOnline', 'uwu', 'DropsEnabled', 'PvP', 'CringeButFree']",2026-08-04,12-25-44,Tuesday
318718697815,104887836,renn,1509529923,Burglin' Gnomes,228,2026-08-04T01:08:30Z,en,"['vtuber', 'woman', 'femboy', 'English', 'Chatty', 'fujoshi', 'yuri', 'youarestuckherenow', 'Gremlin', 'hag']",2026-08-04,12-25-44,Tuesday
320729331674,38368079,garek,539257489,Beast of Reincarnation,228,2026-08-03T20:04:42Z,en,"['Anime', 'IBS', 'Vtuber', 'Cringe', 'English', 'bald', 'corn']",2026-08-04,12-25-44,Tuesday
315914643305,505829433,teegstah,1515862749,Disney Dreamlight Valley,228,2026-08-04T01:06:10Z,en,"['AustralianStreamer', 'ChattyStreamer', 'WelcomingStreamer', 'English', 'DropsEnabled']",2026-08-04,12-25-44,Tuesday
316003716331,43911520,ixkillerx,538054672,TEKKEN 8,228,2026-08-04T02:44:19Z,ar,"['Arabic', 'العربية']",2026-08-04,12-25-44,Tuesday
318614550773,93529406,f0rsakenwow,506415, SEKIRO: SHADOWS DIE TWICE,227,2026-08-03T18:56:03Z,pt,"['Português', 'rage']",2026-08-04,12-25-44,Tuesday
316268119922,108667255,yuhilolz,21779,League of Legends,227,2026-08-04T03:10:25Z,ja,"['日本語', 'プロゲーマー', 'リーグ・オブ・レジェンド']",2026-08-04,12-25-44,Tuesday
319669074270,18016233,ruff_stuff_tv,490422,StarCraft II,227,2026-08-04T02:11:24Z,en,['English'],2026-08-04,12-25-44,Tuesday
318619876469,753185115,raikk0n,29452,Virtual Casino,227,2026-08-04T04:49:16Z,pt,['Português'],2026-08-04,12-25-44,Tuesday
318717885143,32409994,bikeman,27546,World of Tanks,227,2026-08-04T00:02:59Z,en,"['ADHD', 'Humor', 'noSPOILERS', 'English']",2026-08-04,12-25-44,Tuesday
318546791542,119219504,supr3meecs,32399,Counter-Strike,226,2026-08-04T01:28:06Z,es,"['Español', 'SUPR3ME', 'supr3mea2', 'argentina', 'PATO', 'PATOTIPS', 'Supr3me']",2026-08-04,12-25-44,Tuesday
317151832695,177059039,kalvish,18122,World of Warcraft,226,2026-08-04T02:42:42Z,en,"['English', 'drops', 'rogue', 'PvP', 'mage']",2026-08-04,12-25-44,Tuesday
319792426592,134639652,xalpxne,66170,Warframe,226,2026-08-03T22:35:23Z,en,"['GirlGamers', 'English', 'Chatting', 'PC', 'ChillVibes', 'Warframe', 'TennoCreate', 'PlayingWithFollowers', 'BabyTennosAreWelcome']",2026-08-04,12-25-44,Tuesday
318616955509,512168889,rhaychuu,509658,Just Chatting,225,2026-08-03T23:30:08Z,pt,"['Português', 'Anime', 'Brasil', 'react']",2026-08-04,12-25-44,Tuesday
316259182449,139864699,masterdeemosenpai,852009328,Mistfall Hunter,225,2026-08-04T00:19:04Z,en,"['English', 'proplayer', 'chill', 'DropsEnabled', 'BESTWKSOLOSBUILD']",2026-08-04,12-25-44,Tuesday
317804150488,506919714,lindsfry,512710,Call of Duty: Warzone,225,2026-08-04T03:09:22Z,en,"['English', 'ADHD', 'solo']",2026-08-04,12-25-44,Tuesday
315914950121,7720868,lice0424,539257489,Beast of Reincarnation,224,2026-08-04T03:15:22Z,zh,['中文'],2026-08-04,12-25-44,Tuesday
316323141235,115983024,crystalst,32982,Grand Theft Auto V,224,2026-08-03T17:00:09Z,en,"['cozy', 'chill', 'vtuber', 'anime', 'filipino', 'English']",2026-08-04,12-25-44,Tuesday
318683314420,261085596,mellzitos,509658,Just Chatting,224,2026-08-04T01:56:20Z,pt,"['Português', 'English']",2026-08-04,12-25-44,Tuesday
319797620576,403842955,motfrais,601470178,Just Dance 2026 Edition,224,2026-08-04T03:43:46Z,es,['Español'],2026-08-04,12-25-44,Tuesday
317398910436,462851312,lilykonjo,539257489,Beast of Reincarnation,223,2026-08-04T03:18:24Z,fr,"['Français', 'matin', 'réveil', 'café', 'livematinal', 'lilykonjo', 'gaming']",2026-08-04,12-25-44,Tuesday
318719377111,98005263,birdyovo,2059463486,Waterpark Simulator,222,2026-08-04T02:00:22Z,en,"['English', 'Vtuber', 'wholesome', '18pluschannel', 'ChaoticCozy', 'cozychaotic', 'Gremlin', 'Bird', 'DropsEnabled']",2026-08-04,12-25-44,Tuesday
316254670321,1239620176,yamadamei_,509659,ASMR,222,2026-08-02T22:54:19Z,ja,"['Japanese', '耳舐め', 'ku100', 'VTuber', '睡眠導入', '作業BGM', '初見さん大歓迎', 'asmr', '日本語', 'EarCleaning']",2026-08-04,12-25-44,Tuesday
319742169820,833843822,sodapuptv,509659,ASMR,222,2026-08-04T03:26:31Z,en,"['Vtuber', 'English', 'Comfy', 'VoiceActing', 'Yapper', 'Positivity', 'SafeSpace', 'HyperActive', 'VarietyStreamer', 'Femboy']",2026-08-04,12-25-44,Tuesday
317802340184,1255896,enable,509658,Just Chatting,222,2026-08-03T23:18:56Z,en,"['English', 'DropsEnabled']",2026-08-04,12-25-44,Tuesday
320843980635,210915729,mxddy,1264310518,Marvel Rivals,222,2026-08-03T22:01:34Z,en,"['English', 'gorl', 'idkwhatimdoing', 'yapping', 'askaboutmydog', 'egoschat', 'SafeSpace', 'DogCam', 'NOTfamilyfriendly', 'DropsEnabled']",2026-08-04,12-25-44,Tuesday
315874880232,144744393,boty0411,509658,Just Chatting,221,2026-08-04T02:32:01Z,zh,['中文'],2026-08-04,12-25-44,Tuesday
316561848533,261307522,whyshkillaz,32982,Grand Theft Auto V,221,2026-08-04T04:50:14Z,ru,"['gta5', 'gat5rp', 'ＧTA5', 'Gta5RolePlay', 'Русский', 'homixide']",2026-08-04,12-25-44,Tuesday
320737252058,569834004,indiyababy,32982,Grand Theft Auto V,221,2026-08-04T02:52:37Z,en,"['English', 'girl', 'girlgamers', 'Female', 'gta', 'indiyababy', 'WindyCityRp', 'WindyCity', 'streameruniversity']",2026-08-04,12-25-44,Tuesday
319666109406,42023073,misusingtv,19976,MapleStory,220,2026-08-03T23:30:18Z,en,"['English', 'Anime', 'BeginnerFriendly', 'EndGame', 'MMORPG', 'SideScroller', 'MapleStory', 'MMO', 'Chill', 'NewPlayersWelcome']",2026-08-04,12-25-44,Tuesday
315915153641,86100905,jollywangcore,802317268,Crabmeat,220,2026-08-04T04:37:21Z,en,"['English', 'thespiders', 'theycrawlundermyskin', 'tellingmelittlelies', 'chillgaming']",2026-08-04,12-25-44,Tuesday
319662760030,104731856,almighty_tevin,870620989,GLO,220,2026-08-03T19:32:31Z,en,"['English', 'AlmightyTevinHardMode', 'POE2DivineEnjoyer', 'Juzzy51FANCLUB', 'OrderAPizza', 'ZaryaFanClub', 'GorlWorld', 'SwollenDingusFanclub', 'MisoPLZStreamAgain']",2026-08-04,12-25-44,Tuesday
318717549015,35978160,extremebreaker1,796500915,Halo: Campaign Evolved,219,2026-08-03T23:33:48Z,es,"['Español', 'English', 'DropEnabled']",2026-08-04,12-25-44,Tuesday
316591446230,1017314562,akvamen58,32399,Counter-Strike,219,2026-08-04T03:47:14Z,ru,"['feceit', 'cs2faceit', 'Русский']",2026-08-04,12-25-44,Tuesday
318719026647,1518077,goldglove,278441117,Assassin's Creed Black Flag Resynced,219,2026-08-04T01:34:02Z,en,"['GoldGlove', 'English', 'PortlandTrailBlazers', 'SeattleMariners', 'DadsOfTwitch', 'ADHD']",2026-08-04,12-25-44,Tuesday
319662896478,707175946,hisuicai,509660,Art,218,2026-08-03T19:45:43Z,en,"['English', 'Vtuber', 'ENVtuber', 'Asian', 'GremlinEnergy', 'Music', 'Singer', 'Unproductive', 'Uneducational', 'Live2D']",2026-08-04,12-25-44,Tuesday
315877833299,545264735,humandilemma,509658,Just Chatting,218,2026-08-03T11:01:15Z,en,"['IRL', 'chat', 'Educational', 'English']",2026-08-04,12-25-44,Tuesday
320680320217,610045581,trippinzee,23020,ROBLOX,218,2026-08-04T02:36:54Z,en,"['English', 'DropsEnabled']",2026-08-04,12-25-44,Tuesday
320737114074,49745737,elsenote_,93798731,F1 25,217,2026-08-04T02:46:00Z,es,"['Español', 'F1', 'Monterrey']",2026-08-04,12-25-44,Tuesday
320735580506,448949358,mandamireu,509658,Just Chatting,217,2026-08-04T01:37:44Z,en,"['crying', '67', 'adhd', 'niche', 'asiangirl', 'ragebait', 'English', 'hyper']",2026-08-04,12-25-44,Tuesday
316259215857,77878104,disbearex,226990442,"Welcome, Dear Human",217,2026-08-04T00:32:46Z,en,"['English', 'Horror', 'Anime', 'Variety', 'VoiceActing', 'Roleplay', 'goofygoober', 'Derp']",2026-08-04,12-25-44,Tuesday
319740684380,745568554,imlilperfecto,509672,IRL,215,2026-08-04T01:53:11Z,en,"['English', 'imlilperfect', 'perfectlaughs', 'Jazz', 'STUD']",2026-08-04,12-25-44,Tuesday
318546635254,950738837,secretd0ta1,29595,Dota 2,215,2026-08-04T01:12:50Z,pt,"['dota2', 'Competitivo', 'Brasil', 'English', 'portugués', 'PortuguêsBR', 'Competitive', 'Português']",2026-08-04,12-25-44,Tuesday
317803172184,1339966997,maruxlee,509658,Just Chatting,215,2026-08-04T01:09:50Z,en,['English'],2026-08-04,12-25-44,Tuesday
318717052887,272748387,asianjeff,27471,Minecraft,215,2026-08-03T22:46:15Z,en,"['English', 'asianjeff']",2026-08-04,12-25-44,Tuesday
315874887144,185681366,brettdog_,459931,Old School RuneScape,215,2026-08-04T02:34:16Z,en,['English'],2026-08-04,12-25-44,Tuesday
317984255591,1497650900,badgenotify,23020,ROBLOX,214,2026-08-04T00:20:15Z,en,"['English', 'DropsEnabled']",2026-08-04,12-25-44,Tuesday
316259323889,181642473,day1lol,512864,Eternal Return,214,2026-08-04T01:18:27Z,ja,"['鳩禁止', 'ネタバレ禁止', '初見', '無印済', '日本語']",2026-08-04,12-25-44,Tuesday
315933470058,907091618,venomdianh,509658,Just Chatting,214,2026-08-03T08:06:07Z,zh,['中文'],2026-08-04,12-25-44,Tuesday
316259201393,446699865,sirry_twich,491931,Escape from Tarkov,214,2026-08-04T00:26:51Z,ja,['日本語'],2026-08-04,12-25-44,Tuesday
318125509861,427299487,viernulla,505980,Stoneshard,213,2026-08-03T21:52:07Z,de,"['Deutsch', 'Cozy', 'SafeSpace', 'LootGoblin', 'LateNightStream', 'StoneShard']",2026-08-04,12-25-44,Tuesday
318721078999,32956983,chillmuri_,509658,Just Chatting,213,2026-08-04T04:08:41Z,en,"['English', 'ClosedCaptions', 'funny', 'uglyface', 'lowerbackpain', 'VarietyGamer', 'josh', 'Interactive', 'ReadsChat']",2026-08-04,12-25-44,Tuesday
316585897046,1494360677,caedrel247,499973,Always On,213,2026-08-03T10:37:28Z,en,"['247', 'LCK', 'LPL', 'LEC', 'LOLESPORTS', 'CAEDREL', 'LEAGUEOFLEGENDS', 'English', 'Variety']",2026-08-04,12-25-44,Tuesday
320735419738,645942936,shakotsu_vt,27471,Minecraft,213,2026-08-04T01:30:45Z,es,['Español'],2026-08-04,12-25-44,Tuesday
318173661286,121143935,axxin_live,27471,Minecraft,213,2026-08-02T10:49:10Z,de,"['Deutsch', 'minecraft', 'minecraftserver', 'Community', 'HugoSMP', 'hugpsmp']",2026-08-04,12-25-44,Tuesday
318720923991,534751183,fucsiaworld,1669431183,DJs,213,2026-08-04T03:57:23Z,en,"['English', 'House', 'Techno', 'TechHouse', 'Breaks', 'DJ', 'Music', 'Proggressive', 'Melodic', 'afterhours']",2026-08-04,12-25-44,Tuesday
319740830812,114667740,snakecase2,1264310518,Marvel Rivals,213,2026-08-04T02:01:18Z,en,"['Venom', 'top500', 'magneto', 'snakeCase', 'marvelrivals', 'English', 'greenbean', 'marvelrivalsdeadpool', 'DropsEnabled']",2026-08-04,12-25-44,Tuesday
318617001461,1073245763,marianalogix,509658,Just Chatting,212,2026-08-03T23:34:50Z,es,['Español'],2026-08-04,12-25-44,Tuesday
319795180256,128722026,alexmasongaming,32982,Grand Theft Auto V,212,2026-08-04T01:05:02Z,en,"['TARP', 'FiveM', 'RP', 'Roleplay', 'English', 'GTAVFiveM', 'gta5fivemroleplay']",2026-08-04,12-25-44,Tuesday
316559342293,880280523,b1ezzed,32399,Counter-Strike,212,2026-08-03T18:07:00Z,ru,['Русский'],2026-08-04,12-25-44,Tuesday
318124105573,674640841,nottempoo,509658,Just Chatting,212,2026-08-03T19:42:05Z,fr,"['français', 'Français']",2026-08-04,12-25-44,Tuesday
315874558696,102180330,chuugs,32982,Grand Theft Auto V,212,2026-08-04T00:03:58Z,en,"['English', 'Chatter', 'DGthe99Community', 'osc', 'AustralianStreamer', 'HeadlinerRP', 'GULT', 'fivem', 'lostsouls']",2026-08-04,12-25-44,Tuesday
320852056539,184156778,elgamingchannel,489401,Call of Duty: Black Ops III,211,2026-08-04T04:33:23Z,es,"['Español', 'zombies', 'codzombies', 'Bo7zombies']",2026-08-04,12-25-44,Tuesday
320737328602,504324227,noemi,509672,IRL,211,2026-08-04T02:56:13Z,en,"['English', 'Bible', 'BibleStudy', 'biblereading', 'Christian', 'jesus', 'JesusIsKing', 'ChristianStreamer', 'streameruniversity', 'streameruniversity2026']",2026-08-04,12-25-44,Tuesday
315872418792,73525495,shiyu2615,386821,Black Desert,211,2026-08-03T09:29:43Z,zh,"['貓咪', '音樂', 'cat', '中文', '启用掉宝']",2026-08-04,12-25-44,Tuesday
318543793014,247303054,thedruwell,19619,Tibia,211,2026-08-03T20:40:28Z,pt,['Português'],2026-08-04,12-25-44,Tuesday
317983296999,1305680656,acmdmoomoo,460630,Rainbow Six Siege,211,2026-08-03T21:43:25Z,en,"['AchmedMooMoo', 'is', 'ZionistAnd', 'a', 'ProudIsraeli', 'English']",2026-08-04,12-25-44,Tuesday
320681768025,174079537,itsritafoxx,490948,The Isle,211,2026-08-04T03:49:59Z,en,"['disabled', 'femalestreamer', 'lgbt', 'MDNI', '18plus', 'vtuber', 'vtuberen', 'variety', 'English']",2026-08-04,12-25-44,Tuesday
318184456806,696024127,pref1k_,32399,Counter-Strike,210,2026-08-03T12:05:41Z,pl,"['rozmowy', 'Polska', 'Polski']",2026-08-04,12-25-44,Tuesday
318546642422,45581909,arkane,33214,Fortnite,210,2026-08-04T01:13:35Z,pt,"['Português', 'English']",2026-08-04,12-25-44,Tuesday
318113189605,139281105,kalil_xtx,460630,Tom Clancy's Rainbow Six: Siege,210,2026-08-02T18:39:49Z,pt,['Português'],2026-08-04,12-25-44,Tuesday
319660963806,65118001,omidlive,491931,Escape from Tarkov,209,2026-08-03T16:33:08Z,en,['English'],2026-08-04,12-25-44,Tuesday
315377274606,771085343,dardary17,509658,Just Chatting,209,2026-08-04T03:46:05Z,ru,"['Русский', 'общение', 'разговоры', 'подушам', 'девушка', 'English']",2026-08-04,12-25-44,Tuesday
320850276699,525528215,wings667,1264310518,Marvel Rivals,208,2026-08-04T02:53:53Z,es,"['Español', 'marvelrivals', 'marvel', 'MarvelRivalsStream', 'MarvelRivalsCC', 'MarvelFan', 'gaming', 'Fortnite', 'DropsActivados']",2026-08-04,12-25-44,Tuesday
320850521307,62713040,greninja,27471,Minecraft,208,2026-08-04T03:05:16Z,en,"['English', 'moneysmp', 'minecraft']",2026-08-04,12-25-44,Tuesday
316633073364,938233049,toromivana,21465,osu!,208,2026-08-04T03:49:16Z,en,"['tororororororrororo', 'English', 'osunoob', 'osupro', 'speedsama', 'Русский', 'osu', 'emo']",2026-08-04,12-25-44,Tuesday
317803973336,662576430,kickz,263490,Rust,208,2026-08-04T02:47:44Z,en,"['English', 'TwitchRivals', 'twichrivals', 'DropsEnabled']",2026-08-04,12-25-44,Tuesday
316324622067,123354413,shuton_oli,504461,Super Smash Bros. Ultimate,208,2026-08-04T03:56:04Z,ja,"['スマブラSP', 'スマブラ', '日本語', 'REJECT', 'RCWIN']",2026-08-04,12-25-44,Tuesday
318112468197,605623547,rainz_gns,497174,To the Top,208,2026-08-02T17:45:07Z,pt,['Português'],2026-08-04,12-25-44,Tuesday
319794221280,61842616,trod,1832641890,MLB The Show 26,207,2026-08-04T00:14:57Z,en,"['English', 'Baseball', 'Funny', 'Competitive', 'EngagesWithChat', 'Sports']",2026-08-04,12-25-44,Tuesday
317969071335,739831100,jepicf,512710,Call of Duty: Warzone,207,2026-08-02T16:04:53Z,en,"['Warzone', 'English']",2026-08-04,12-25-44,Tuesday
318191910630,599459353,knebel_de,71375,Star Citizen,207,2026-08-04T01:32:40Z,de,"['Deutsch', 'DropsAktiviert']",2026-08-04,12-25-44,Tuesday
317978715751,1227964961,zarbex_tv,509658,Just Chatting,207,2026-08-03T15:38:12Z,de,['Deutsch'],2026-08-04,12-25-44,Tuesday
317976831335,519268485,voertee,491487,Dead by Daylight,207,2026-08-03T12:05:07Z,en,"['Türkçe', 'English', 'DropsEnabled']",2026-08-04,12-25-44,Tuesday
320737499738,423939860,amour,55453844,Street Fighter 6,207,2026-08-04T03:04:05Z,en,"['farmer', 'vtuber', 'gamer', 'degen', 'tired', 'nightowl', 'justchatting', 'hotinvegas', 'sweaty', 'yasmine']",2026-08-04,12-25-44,Tuesday
320682864089,1209373057,trennedyjeanae,32982,Grand Theft Auto V,206,2026-08-04T04:57:29Z,en,"['English', 'LifestyleRP']",2026-08-04,12-25-44,Tuesday
320851139419,1121962475,playto_ow,515025,Overwatch,206,2026-08-04T03:37:00Z,en,"['English', 'Pastafarian', 'Burger', 'DropsEnabled']",2026-08-04,12-25-44,Tuesday
318713870551,39763722,star0chris,31376,Terraria,205,2026-08-03T16:45:36Z,en,"['Speedrun', 'Challenge', 'TheseTagsAreUseless', 'Educational', 'AdsAreCringe', 'RosesAreRed', 'ChatIsHardToManage', 'ForgetWhatYouJustRead', 'IHaveBrainDamage', 'English']",2026-08-04,12-25-44,Tuesday
317410934371,73065110,katth,21779,League of Legends,205,2026-08-03T18:11:25Z,es,"['Español', 'support', 'DropsActivados']",2026-08-04,12-25-44,Tuesday
315914345577,98814305,aandyh,31339,Project Zomboid,205,2026-08-03T22:20:58Z,en,"['English', 'Variety', 'StarvingStreamer']",2026-08-04,12-25-44,Tuesday
317804361816,195128586,blodvy,509658,Just Chatting,205,2026-08-04T03:34:28Z,en,"['tattoo', 'chatty', 'adhd', 'english', 'USA', 'English']",2026-08-04,12-25-44,Tuesday
317982896871,577081777,voistel,493959,Red Dead Redemption II,205,2026-08-03T20:59:45Z,de,"['ICH', 'MAG', 'PIZZA', 'Deutsch', 'fatlady', 'Österreich', 'Schweiz', 'HomeState', 'reaction', 'Roleplay']",2026-08-04,12-25-44,Tuesday
319741341020,41945192,jay_cee,27284,Retro,205,2026-08-04T02:31:04Z,en,"['Speedrun', 'English', 'Fundaiser']",2026-08-04,12-25-44,Tuesday
317801411032,160538649,faith,509658,Just Chatting,204,2026-08-03T20:52:47Z,en,"['findom', 'ASMR', 'girl', 'egirl', 'IRL', 'English', 'feet', 'Goddess', 'Woman', 'domme']",2026-08-04,12-25-44,Tuesday
320847623387,56125488,chrystas,18122,World of Warcraft,204,2026-08-04T00:57:23Z,en,['English'],2026-08-04,12-25-44,Tuesday
320679202009,42737641,cindercollie,27471,Minecraft,204,2026-08-04T01:47:34Z,en,"['Furry', 'Vtuber', 'Medicine', 'Teaching', 'English', 'Boomer', 'Dragon', '10Cents']",2026-08-04,12-25-44,Tuesday
318126024677,107422407,sharap,491931,Escape from Tarkov,204,2026-08-03T23:06:08Z,ru,"['Русский', 'English', 'EscapefromTarkow', 'Ｔａｒｋｏｖ']",2026-08-04,12-25-44,Tuesday
316259573361,132349933,snootydeath,509658,Just Chatting,203,2026-08-04T03:02:25Z,en,"['Daddy', 'chill', 'Yapper', 'VTuber', 'ADHD', 'Chatty', 'SafeSpace', 'ENVtuber', 'English', 'VisualASMR']",2026-08-04,12-25-44,Tuesday
316268102898,905127069,aromachi_,27471,Minecraft,203,2026-08-04T03:03:29Z,ru,"['японка', 'япония', 'ロシア語', 'караоке', 'Японский', 'Русский', 'тян', 'кукинг', 'безмата']",2026-08-04,12-25-44,Tuesday
320730149722,31457014,pace22,852009328,Mistfall Hunter,203,2026-08-03T21:03:07Z,en,"['1440p', 'PvPvE', 'Hardcore', 'MMORPG', 'English', 'DropsEnabled']",2026-08-04,12-25-44,Tuesday
318715930071,539411721,rockoutli,509658,Just Chatting,202,2026-08-03T20:53:37Z,en,"['English', 'AMP', 'AGENT00', 'YRG', 'YOURRAGE', 'gamer', 'funny', 'streameruniversity']",2026-08-04,12-25-44,Tuesday
318715550167,44190773,neuro,29595,Dota 2,202,2026-08-03T20:12:44Z,en,"['Commentary', 'MentalHealth', 'Mindfulness', 'Roleplay', 'English', 'Coaching', 'starcraft2', 'RTS', 'Zerg', 'dota']",2026-08-04,12-25-44,Tuesday
318721227863,19896210,valdudes,1669431183,DJs,202,2026-08-04T04:20:45Z,en,"['English', 'House', 'Techno', 'EDM', 'music', 'DJ', 'LGBQTIA']",2026-08-04,12-25-44,Tuesday
318184462950,477633002,lvcaoabelha,1730141938,Night Runners,201,2026-08-03T12:06:33Z,pt,"['Português', 'música', 'Conversa', 'ApenasConversando', 'uno', 'justcchatting', 'Brasileiro', 'brasilgaming', 'humor', 'REMATCH']",2026-08-04,12-25-44,Tuesday
318533022070,1405012610,todomundoodeiaoratao,509658,Just Chatting,201,2026-08-02T10:28:55Z,pt,"['Português', 'Portugal', 'react', 'cine', 'filme', 'serie', 'futurama', 'simpsons', 'Aníme', 'assistindo']",2026-08-04,12-25-44,Tuesday
320734593498,413859374,yua_stella,511554,Arknights,201,2026-08-04T00:55:11Z,en,"['Vtuber', 'adhd', 'chatty', 'NoSpoilers', 'ENVtuber', 'Arab', 'English']",2026-08-04,12-25-44,Tuesday
317803824216,465827490,alisa_muffins,509659,ASMR,200,2026-08-04T02:28:34Z,en,"['English', 'sheHerPronouns', 'Vtuber', 'Responsive', 'Cozy', 'wholesome', 'justchattingandgaming', 'ASMR', 'softspoken', 'workwithme']",2026-08-04,12-25-44,Tuesday
316324238963,45631536,shinmiri2,493217,Gwent: The Witcher Card Game,200,2026-08-04T01:28:05Z,en,"['Educational', 'Analysis', 'Friendly', 'Competitive', 'DeckConstruction', 'English']",2026-08-04,12-25-44,Tuesday
318614570741,805563738,mttremkkj7,32399,Counter-Strike,200,2026-08-03T18:58:23Z,pt,['Português'],2026-08-04,12-25-44,Tuesday
316014153324,511056607,badboyy2k,493057,PUBG: BATTLEGROUNDS,200,2026-08-04T01:48:58Z,en,"['English', 'Arabic', 'watchparty', 'pnc2026', 'Giveaways']",2026-08-04,12-25-44,Tuesday
320670601433,105623158,mst3k,499973,Always On,199,2026-08-03T17:16:21Z,en,"['MST3K', 'Movies', 'Movie', 'TV', 'Retro', 'AlwaysOn', 'Television', 'Comedy', 'Film', 'films']",2026-08-04,12-25-44,Tuesday
320733862618,32093909,ahlaundoh,18122,World of Warcraft,199,2026-08-04T00:21:42Z,en,['English'],2026-08-04,12-25-44,Tuesday
318192105574,1045648105,europeancircuit,21779,League of Legends,199,2026-08-04T02:33:39Z,en,['English'],2026-08-04,12-25-44,Tuesday
318547197814,1173001896,joaogva,29452,Virtual Casino,199,2026-08-04T02:05:25Z,pt,"['cassino', 'cassinoonline', 'Português', 'cs2']",2026-08-04,12-25-44,Tuesday
317985005415,650681286,auswandernthailand_kkteam,509672,IRL,198,2026-08-04T03:59:17Z,de,"['Deutsch', 'Thailand', 'Abenteuer', 'Reisen', 'Thaifood', 'Gartenarbeit', 'Beach', 'Flohmarkt']",2026-08-04,12-25-44,Tuesday
318719555159,102289403,veledan,69279575,Only Good Babysitters Go to Heaven,198,2026-08-04T02:12:31Z,en,"['Horror', 'LurkersWelcome', 'Roleplay', '18PlusONLY', 'Interactive', 'VoiceActing', 'VarietyStreamer', 'pngtuber', 'English']",2026-08-04,12-25-44,Tuesday
319789415136,491782455,freesuave,464339927,ARC Raiders,198,2026-08-03T18:34:16Z,en,"['ARCRaiders', 'FUNNY', 'TTS', 'DROPS', 'English']",2026-08-04,12-25-44,Tuesday
318718450391,192730945,kikyuu,1264310518,Marvel Rivals,197,2026-08-04T00:50:43Z,en,"['girlgamer', 'english', 'woman', 'girl', 'playingwithviewers', 'catgirl', 'drops', 'vtuber', 'gremlin', 'meow']",2026-08-04,12-25-44,Tuesday
316579047894,204505974,vangard,509658,Just Chatting,197,2026-08-02T11:09:13Z,en,"['English', 'Norway', 'powerlifter', 'Travel', 'IRL', 'Adventure', 'Survival']",2026-08-04,12-25-44,Tuesday
319736218972,256734589,iiizwerg,796500915,Halo: Campaign Evolved,197,2026-08-03T21:58:54Z,en,"['English', 'german', 'wholesome', 'funny', 'gaming', 'IRL']",2026-08-04,12-25-44,Tuesday
316259827057,159401590,alutemu_,138585,Hearthstone,197,2026-08-04T04:41:35Z,ja,"['日本語', 'バトグラ', 'バトルグラウンド']",2026-08-04,12-25-44,Tuesday
318718771671,506300132,spongeetl,511224,Apex Legends,197,2026-08-04T01:14:29Z,es,"['Español', 'gym', 'ApexLedends', 'DropsActivados']",2026-08-04,12-25-44,Tuesday
318718982103,529804479,house,491931,Escape from Tarkov,197,2026-08-04T01:30:52Z,en,"['English', 'survival']",2026-08-04,12-25-44,Tuesday
318682419828,208994906,caracolive,509658,Just Chatting,197,2026-08-04T00:29:05Z,pt,"['comic', 'funny', 'comica', 'engracado', 'interação', 'caracolraivoso', 'reação', 'ırl', 'justcchatting', 'Português']",2026-08-04,12-25-44,Tuesday
316003051243,412271003,al3od,505884,PUBG MOBILE,196,2026-08-03T22:30:27Z,ar,"['Arabic', 'العربية']",2026-08-04,12-25-44,Tuesday
320826459995,409001833,floppyjimmie,1248698972,Super Mario Galaxy,195,2026-08-02T21:21:54Z,en,"['IRL', 'English', 'online', 'DropsEnabled']",2026-08-04,12-25-44,Tuesday
317800318168,1501491039,erobb221live,509658,Just Chatting,195,2026-08-03T17:52:01Z,en,['English'],2026-08-04,12-25-44,Tuesday
319668327902,91060336,3mglive,509658,Just Chatting,195,2026-08-04T01:26:57Z,en,['English'],2026-08-04,12-25-44,Tuesday
320846945499,1329390429,lukemlb,1832641890,MLB The Show 26,195,2026-08-04T00:27:13Z,en,"['English', 'mlbtheshow', 'Compeitive']",2026-08-04,12-25-44,Tuesday
320737498202,132913923,jayleeto,2012789438,Call of Duty: Black Ops 7,194,2026-08-04T03:03:59Z,en,['English'],2026-08-04,12-25-44,Tuesday
318127251173,242609917,wisko,29056,Knight Online,194,2026-08-04T04:35:12Z,tr,"['Türkçe', 'MMORPG', 'knightonline', 'Warrior', 'eleyici', 'araba']",2026-08-04,12-25-44,Tuesday
317147320311,277624494,dashducks,272263131,"Animals, Aquariums, and Zoos",194,2026-08-03T13:15:22Z,en,"['English', 'Animals', 'FamilyFriendly', 'Positivity', '24hour', 'Wildlife']",2026-08-04,12-25-44,Tuesday
318191329894,1046764363,altairnative,499973,Always On,194,2026-08-03T23:18:41Z,fr,"['SecondaryChannel', 'communauté', 'Français', 'Rediffusions']",2026-08-04,12-25-44,Tuesday
320847876827,29618043,raysian,1119642287,Yu-Gi-Oh! Master Duel,193,2026-08-04T01:07:25Z,en,['English'],2026-08-04,12-25-44,Tuesday
317392590052,113080650,dahmien7,498592,I'm Only Sleeping,193,2026-08-03T11:33:25Z,fr,"['Français', 'chill', 'English']",2026-08-04,12-25-44,Tuesday
319793895904,38411875,jonahveil,852009328,Mistfall Hunter,193,2026-08-03T23:58:41Z,en,"['MMO', 'English', 'JonahVeil', 'DropsEnabled']",2026-08-04,12-25-44,Tuesday
319669425374,94591664,gmdd,516575,VALORANT,193,2026-08-04T02:33:53Z,en,['English'],2026-08-04,12-25-44,Tuesday
317153015415,131727592,ecdycis,7690,Resident Evil Code: Veronica X HD,192,2026-08-04T05:12:10Z,en,"['English', 'Horror', 'SawCon', 'Cozy', 'Speedrun', 'Spooky', 'CBT', 'Latino', 'Retro']",2026-08-04,12-25-44,Tuesday
316259631217,1050860032,ronomiyahinagiku,509658,Just Chatting,192,2026-08-04T03:27:30Z,ja,"['日本語', 'ASMR', 'KU100', '雑談', '初見さん・コメント歓迎']",2026-08-04,12-25-44,Tuesday
318548084342,517396194,guizwarm,32399,Counter-Strike,192,2026-08-04T03:41:34Z,pt,"['cassino', 'cs', 'influencer', 'streamer', 'Português', 'virtualcasino', 'virtualcassino', 'Portugal', 'cr7', 'messiteamo']",2026-08-04,12-25-44,Tuesday
320679739481,596302191,michtaquito,509658,Just Chatting,192,2026-08-04T02:10:30Z,es,['Español'],2026-08-04,12-25-44,Tuesday
318713289943,91361126,cyficy,464339927,ARC Raiders,192,2026-08-03T14:49:13Z,en,['English'],2026-08-04,12-25-44,Tuesday
317795715416,184994765,whoischelsea,509658,Just Chatting,191,2026-08-03T01:53:31Z,en,"['English', 'sillygoose', 'ChaoticCozy', 'Coffee', 'subathon', 'Birthday', 'DropsEnabled']",2026-08-04,12-25-44,Tuesday
320848809691,158966620,simplymatthias,493057,PUBG: BATTLEGROUNDS,191,2026-08-04T01:47:53Z,en,"['English', 'Ranked', 'Competitive', 'Pro']",2026-08-04,12-25-44,Tuesday
320841853787,114770735,tingting57,509659,ASMR,191,2026-08-03T19:35:37Z,en,['English'],2026-08-04,12-25-44,Tuesday
316323898355,794054633,hanazawanako,491931,Escape from Tarkov,191,2026-08-03T23:02:22Z,ja,"['日本語', 'jpvtuber', 'vtuber', 'woman', '女性', 'English', '雑談', 'chill']",2026-08-04,12-25-44,Tuesday
320737732058,611255972,checoche14,509658,Just Chatting,191,2026-08-04T03:15:44Z,es,['Español'],2026-08-04,12-25-44,Tuesday
320850871259,101648176,elstronk,512710,Call of Duty: Warzone,190,2026-08-04T03:22:39Z,es,['Español'],2026-08-04,12-25-44,Tuesday
319665527518,1010488931,danktankxiv,24241,FINAL FANTASY XIV ONLINE,190,2026-08-03T22:58:42Z,en,"['PartyFinder', 'drk', 'English', 'SavageRaid', 'UltimateRaiding', 'tank', 'UNC', 'Marbles', 'DropsEnabled']",2026-08-04,12-25-44,Tuesday
319798126304,235634967,yuggie_tv,509672,IRL,190,2026-08-04T04:32:26Z,en,"['English', 'IRL', '한국어']",2026-08-04,12-25-44,Tuesday
316013822572,1093035389,muhannadhx,1264310518,Marvel Rivals,190,2026-08-03T23:41:41Z,ar,"['Arabic', 'العربية', 'KSA', 'saudi', 'مهنداتش', 'مهندh', 'مارفل', 'English', 'rank', 'تم・تمكين・Drops']",2026-08-04,12-25-44,Tuesday
320713875802,799143178,furball_farm,272263131,"Animals, Aquariums, and Zoos",189,2026-08-02T21:25:21Z,en,['English'],2026-08-04,12-25-44,Tuesday
318719771735,128034799,tuvington_,509658,Just Chatting,189,2026-08-04T02:29:22Z,en,['English'],2026-08-04,12-25-44,Tuesday
316629877716,45614806,ou5hen,509658,Just Chatting,189,2026-08-03T16:34:30Z,ru,"['irl', 'Русский', 'belabox', 'урал', 'такси', 'taxi', 'Екатеринбург', 'ЕКБ', 'машина', 'томям']",2026-08-04,12-25-44,Tuesday
318719508951,961605581,breakofdaylight,518184,Phasmophobia,189,2026-08-04T02:09:14Z,en,"['English', 'ComfyCozy', 'Chill', 'Friendly', 'wholesome', 'Cozy', 'Phasmophobia', 'AnonymousFollows']",2026-08-04,12-25-44,Tuesday
320851101787,1004135325,hunter_cr_,491168,Clash Royale,189,2026-08-04T03:35:01Z,en,"['English', 'gaming', 'clashroyale', 'xbow', 'LOUD']",2026-08-04,12-25-44,Tuesday
320847759451,835979778,kason,460630,Rainbow Six Siege,188,2026-08-04T01:02:33Z,en,"['English', 'siege', 'fps', 'funny', 'competitive']",2026-08-04,12-25-44,Tuesday
318684482292,841581380,tateirotv,509658,Just Chatting,188,2026-08-04T04:17:25Z,es,['Español'],2026-08-04,12-25-44,Tuesday
317803953752,826419456,notreversable,2009321156,Dark and Darker,188,2026-08-04T02:44:50Z,en,"['English', 'DropsEnabled']",2026-08-04,12-25-44,Tuesday
318713219543,1418938048,elajjaz247,499973,Always On,188,2026-08-03T14:31:14Z,en,"['English', 'Rerun']",2026-08-04,12-25-44,Tuesday
317803640408,1164025511,wavygocrazyy,1264310518,Marvel Rivals,188,2026-08-04T02:06:02Z,en,"['English', 'DropEnabled', 'DropsEnabled']",2026-08-04,12-25-44,Tuesday
320848926683,723825145,elcesarcamacho,509658,Just Chatting,188,2026-08-04T01:53:30Z,es,"['DIVERDITO', 'entretendio', 'Gay', 'Español']",2026-08-04,12-25-44,Tuesday
320678701273,1206887190,orrsumn,32982,Grand Theft Auto V,188,2026-08-04T01:25:41Z,en,"['gamer', 'FUNNY', 'English', 'streameruniversity']",2026-08-04,12-25-44,Tuesday
316324197875,157648808,knxwledge,26936,Music,187,2026-08-04T01:11:33Z,ja,"['English', '日本語']",2026-08-04,12-25-44,Tuesday
317152229495,46636120,sogaeon,509511,Marbles on Stream,187,2026-08-04T03:32:17Z,en,"['English', 'PCG', 'giveaway', 'Giveaways', 'uPTCG', 'pokemon', 'LGBTIQIAPlus', 'SafeSpace', 'microscape']",2026-08-04,12-25-44,Tuesday
315853250002,121692301,trucker_dylan,509672,IRL,187,2026-08-04T02:36:19Z,en,"['driving', 'educational', 'travel', 'radio', 'music', 'outdoor', 'English', 'ASMR', 'truck', 'ETS2']",2026-08-04,12-25-44,Tuesday
317398874724,1152050684,rglqq,168648543,Battlefield 6,187,2026-08-04T03:03:47Z,en,"['English', 'Charity', 'vr', 'girl', 'pool', 'anime', 'peanut', 'girlsstreaming', 'girlstreamer', 'girlgamer']",2026-08-04,12-25-44,Tuesday
317414459875,29315858,dokhy,513143,Teamfight Tactics,187,2026-08-04T04:45:14Z,fr,['Français'],2026-08-04,12-25-44,Tuesday
317150894327,21183480,wootaru,386821,Black Desert,186,2026-08-04T00:43:09Z,en,"['AMA', 'Endgame', 'ASMR', 'Vtuber', 'English', 'VoiceActor', 'ENVtuber', 'DropsEnabled']",2026-08-04,12-25-44,Tuesday
320679352793,55996583,weegee,2692,Super Mario 64,186,2026-08-04T01:54:34Z,en,"['English', 'retro', 'retrogames', 'speedrun', 'mario', 'supermario', 'supermariobros', 'Esports']",2026-08-04,12-25-44,Tuesday
316561813077,15209689,pool,508554,Crying Suns,186,2026-08-04T04:33:04Z,ru,"['Русский', 'DropsВключены']",2026-08-04,12-25-44,Tuesday
317396447204,94570937,kaos_angel,21779,League of Legends,186,2026-08-03T19:40:26Z,en,"['English', 'Asian', 'ASMR', 'Assassin', 'Talon', 'Jungle', 'Weeb', 'Honkai', 'Gacha', 'Gooner']",2026-08-04,12-25-44,Tuesday
315914481257,85228818,sadpocky,29595,Dota 2,185,2026-08-03T23:45:37Z,en,"['vtuber', 'comfy', 'envtuber', 'adhd', 'imouto', 'asian', 'chill', '日本語', 'JP', 'English']",2026-08-04,12-25-44,Tuesday
317398209636,161168700,zongoled0z0,21779,League of Legends,185,2026-08-03T23:43:59Z,fr,['Français'],2026-08-04,12-25-44,Tuesday
316323417971,451374597,muse_tw,509658,Just Chatting,185,2026-08-03T19:00:27Z,zh,"['中文', '動畫', '木棉花', '馬拉松']",2026-08-04,12-25-44,Tuesday
320736180058,1486514800,danglebells224,518144,The Outlast Trials,184,2026-08-04T02:04:09Z,en,"['gaming', 'English', 'streaming', 'DropsEnabled']",2026-08-04,12-25-44,Tuesday
320850549851,109431309,german_intelligence,168648543,Battlefield 6,184,2026-08-04T03:06:41Z,en,['English'],2026-08-04,12-25-44,Tuesday
315936214378,156801396,jonathanong,26936,Music,184,2026-08-04T02:50:06Z,en,"['English', 'Music', 'piano']",2026-08-04,12-25-44,Tuesday
316591590998,257674621,jak3enight,138585,Hearthstone,183,2026-08-04T04:57:43Z,ru,"['РейтинговыеИгры', 'Киберспорт', 'hs', 'Русский', 'хс', 'фрик', 'разговорныйстрим', 'чилл', 'жабка', 'ИГНОРЩИК']",2026-08-04,12-25-44,Tuesday
317801129560,723083994,teanyheals,509659,ASMR,183,2026-08-03T20:10:29Z,en,"['Woman', 'English', 'Cozy', 'chill', 'quiet', 'calm', 'ASMR', 'ASMRvisual', 'asmrsounds', 'Rerun']",2026-08-04,12-25-44,Tuesday
320841400667,217965779,punz,516575,VALORANT,183,2026-08-03T19:02:00Z,en,"['English', 'DropsEnabled']",2026-08-04,12-25-44,Tuesday
318720401367,38850664,elomarmaton,30921,Rocket League,182,2026-08-04T03:16:38Z,en,"['English', 'spanish', 'rocketleague', 'Mexican', 'handsome', 'Nonchalant', 'pro', 'Professional', 'RL', 'Interactive']",2026-08-04,12-25-44,Tuesday
320851189851,170138791,mulletmace,33214,Fortnite,182,2026-08-04T03:40:02Z,en,['English'],2026-08-04,12-25-44,Tuesday
317149559927,819412039,1jdab1,509658,Just Chatting,182,2026-08-03T21:19:54Z,en,['English'],2026-08-04,12-25-44,Tuesday
318720964951,60216187,simcopter1,31339,Project Zomboid,181,2026-08-04T04:00:31Z,en,"['Simulation', 'Strategy', 'Chatty', 'Cozy', 'Funny', 'MentalHealth', 'English', 'Jewish', 'LurkerFriendly', 'Weathered']",2026-08-04,12-25-44,Tuesday
316259256049,136255354,franciscoow,160606242,Sudden Attack Zero Point,181,2026-08-04T00:49:36Z,ja,['日本語'],2026-08-04,12-25-44,Tuesday
318713405527,1030752686,ritualtrashpanda,1435206302,Slay the Spire II,181,2026-08-03T15:13:05Z,en,"['English', 'R18', 'FurryFriendly', 'DropsEnabled', 'LGTBQFriendly']",2026-08-04,12-25-44,Tuesday
320736996442,184115560,actualjake,509658,Just Chatting,181,2026-08-04T02:40:14Z,en,['English'],2026-08-04,12-25-44,Tuesday
318716963287,963484266,itsmoopybuns,509658,Just Chatting,181,2026-08-03T22:36:41Z,en,"['English', 'music', 'vtuber', 'karaoke', 'freak', 'vsinger', 'Singing', 'debut', '3D', 'requests']",2026-08-04,12-25-44,Tuesday
317804768216,718084076,briicosplays,512998,The Legend of Zelda: Tears of the Kingdom,180,2026-08-04T04:22:59Z,en,"['English', 'Cosplay', 'Chatty', 'Woman', 'NoBackseating', 'firstplaythgrough']",2026-08-04,12-25-44,Tuesday
316590050902,17083830,sebk94,29307,Path of Exile,180,2026-08-03T20:09:53Z,en,['English'],2026-08-04,12-25-44,Tuesday
316633036372,413081849,scottykil,494184,Mobile Legends: Bang Bang,180,2026-08-04T03:28:00Z,ru,['Русский'],2026-08-04,12-25-44,Tuesday
320849095003,70899168,roychiato,518188,New Pokémon Snap,179,2026-08-04T02:00:53Z,en,"['VTuber', 'VoiceActing', 'English', 'LGBTQIAPlus', 'Twunk', 'Himbo', 'Coffee']",2026-08-04,12-25-44,Tuesday
320729799130,1421187451,cs2news,32399,Counter-Strike,179,2026-08-03T20:39:16Z,ru,"['CS2', 'CS2NEWS', 'cs3news', 'cs2major', 'csgonews', 'CS2', 'CSGOSTREAM', 'evelone192', 'evelone2004', 'Повтор']",2026-08-04,12-25-44,Tuesday
318116262501,1468973220,miladeva,509672,IRL,179,2026-08-03T02:43:08Z,en,"['English', 'sport', 'god', 'love', 'yoga', 'Rerun']",2026-08-04,12-25-44,Tuesday
316632864596,82731769,vodkamage,18122,World of Warcraft,179,2026-08-04T01:55:50Z,ru,['Русский'],2026-08-04,12-25-44,Tuesday
317801156184,501302789,triciaisabirdy,1239092847,YRG Cobbleverse,179,2026-08-03T20:14:22Z,en,"['cooking', 'English', 'ADHD', 'MentalHealth', 'gaming', 'Pokémon', 'AAPI', 'LGBTQ']",2026-08-04,12-25-44,Tuesday
315914633961,629423634,hawkie,11557,The Legend of Zelda: Ocarina of Time,179,2026-08-04T01:00:41Z,en,"['English', 'ASMR', 'TheresAGoblinInMyPocket', 'AndImGoingToThrowItAtYou']",2026-08-04,12-25-44,Tuesday
318676197364,131788469,catiaflaviaaa,509658,Just Chatting,179,2026-08-03T02:54:41Z,pt,"['conversa', 'mulher', 'temporada', 'react', 'reaction', 'Português']",2026-08-04,12-25-44,Tuesday
319716631772,459898171,tenacitytv,23020,ROBLOX,178,2026-08-02T16:17:43Z,en,"['English', 'TTS', 'BaldStreamer', 'DropsEnabled']",2026-08-04,12-25-44,Tuesday
316256450673,1066806174,neipuduck,272263131,"Animals, Aquariums, and Zoos",178,2026-08-03T10:00:40Z,zh,"['Animals', 'Taiwan', '薑母鴨', '中文', '台灣', 'ducks', 'ASMR', '吃播', 'IRL']",2026-08-04,12-25-44,Tuesday
319740621276,114486316,domez,1115993535,Gears of War: Reloaded,177,2026-08-04T01:49:19Z,en,"['English', 'dominican']",2026-08-04,12-25-44,Tuesday
319792543840,620666629,nattaleet,18122,World of Warcraft,177,2026-08-03T22:43:06Z,en,"['English', 'annoying', 'LyingEncouraged', 'Manipulator', 'FortniteGamplay', 'LoudNoisesSometimes', 'HotLatina', 'scammer', 'SpanishAndEnglish']",2026-08-04,12-25-44,Tuesday
317414417123,110767738,nunohs,966704637,MIR 4,177,2026-08-04T04:24:35Z,pt,['Português'],2026-08-04,12-25-44,Tuesday
316268190578,706933752,michaaam,509658,Just Chatting,177,2026-08-04T03:36:20Z,ja,"['女性', 'woman', 'Asian', 'Travel', 'Japanese', '日本語', 'English', '中文', 'Japan', 'IRL']",2026-08-04,12-25-44,Tuesday
316591251926,188798763,lipisinkaaa,509658,Just Chatting,177,2026-08-04T02:02:41Z,ru,"['вопросответ', 'развлечение', 'веселье', 'Шутки', 'Юмор', 'Чат', 'Беседа', 'Русский']",2026-08-04,12-25-44,Tuesday
318126099685,43805440,kromia,499765,INAZUMA ELEVEN: Victory Road,176,2026-08-03T23:19:54Z,en,"['English', 'Vtuber', 'Italian', 'VR', 'Neko']",2026-08-04,12-25-44,Tuesday
318548133878,178171508,schapiramanuk,509658,Just Chatting,176,2026-08-04T03:48:35Z,es,"['Español', 'Repetir']",2026-08-04,12-25-44,Tuesday
316259279985,908263241,aionekotogi,1036710512,Palworld,176,2026-08-04T01:00:42Z,ja,"['プレイスキル皆無', '日本語', 'タコ殴り', '脳筋', '女性', '女性Vtuber', 'Drops有効']",2026-08-04,12-25-44,Tuesday
316548154581,1154755452,crypto_insider,499634,Crypto,176,2026-08-02T05:58:31Z,en,"['crypto', 'cryptobot', 'CryptoTradingBot', 'tradingbot', 'English']",2026-08-04,12-25-44,Tuesday
320678813401,487994108,anniepants02,1264310518,Marvel Rivals,176,2026-08-04T01:30:43Z,en,"['English', 'BimboDoggo', 'ASMR', 'Vtuber', 'paranoid', 'sponor', 'dyslexic', 'DropsEnabled']",2026-08-04,12-25-44,Tuesday
316256973681,89429597,informalmiku_,509672,IRL,175,2026-08-03T11:57:29Z,zh,"['中文', '真實種田台', 'IRL']",2026-08-04,12-25-44,Tuesday
315875230312,17426150,lanmeinotbeer,509673,Makers & Crafting,175,2026-08-04T04:50:40Z,zh,"['中文', '圖奇渣藍', '蛇蛇布丁', '布丁', '紫勾努力中', '想試試看標籤到底可以多長好好笑', '禁止出一張嘴', '可以出一把鈔票', '口無遮藍']",2026-08-04,12-25-44,Tuesday
320851090907,78116651,hectic,624536948,EA Sports FC 26,175,2026-08-04T03:34:25Z,en,"['English', 'dudes', 'rizz', 'clartnation', '67']",2026-08-04,12-25-44,Tuesday
318684442740,802218142,efeneerj,509658,Just Chatting,175,2026-08-04T04:10:16Z,pt,['Português'],2026-08-04,12-25-44,Tuesday
315914538857,614579554,kingberzerks,386821,Black Desert,175,2026-08-04T00:13:13Z,th,"['Engisih', 'ภาษาไทย', 'NA', 'EU', 'Korea', 'BDO', 'SEA', 'Vtuber', 'Japan', 'Drop']",2026-08-04,12-25-44,Tuesday
318181572198,43201452,saltybet,27284,Retro,175,2026-08-03T01:10:59Z,en,['English'],2026-08-04,12-25-44,Tuesday
318718734039,180503296,slush_dogg,1036710512,Palworld,174,2026-08-04T01:11:25Z,en,"['Furry', 'VTuber', 'LGBTQIA', 'NonBinary', 'NintenDogg', 'MaleGachaStream', 'EmotionalSupportDog', 'NostalgiaHunter', 'English']",2026-08-04,12-25-44,Tuesday
318715196247,158905158,shartcandy,27471,Minecraft,174,2026-08-03T19:37:02Z,en,"['English', 'borderline', 'gay', 'LGBTQ', 'arianagrande']",2026-08-04,12-25-44,Tuesday
320846583515,61755889,hyliahale,518188,New Pokémon Snap,174,2026-08-04T00:10:43Z,es,"['Español', 'nintendo', 'Retro', 'terror', 'Zelda', 'mariokart', 'Maquillaje', 'charlando', 'Mexico', 'pokemon']",2026-08-04,12-25-44,Tuesday
316323687027,154537723,zikesan,509672,IRL,174,2026-08-03T21:20:20Z,ja,"['日本語', 'Japanese', 'English', 'IRL', '顔出し', '日本', 'Japan', 'driving', 'Français', 'trucking']",2026-08-04,12-25-44,Tuesday
317373543650,25919654,zorban,982348888,ELDEN RING NIGHTREIGN,173,2026-08-03T23:33:04Z,en,"['English', 'EU', 'Digimon', 'RPG', 'Hardcore', 'UnitedKingdom', 'UK', 'soulslike', 'Nightreign', 'ChallengeRuns']",2026-08-04,12-25-44,Tuesday
320846154331,120673862,peedenisonline,31339,Project Zomboid,173,2026-08-03T23:53:02Z,en,"['AMA', 'youtube', 'pee', 'LGBTQ', 'woke', 'trans', 'ACAB', 'variety', 'English']",2026-08-04,12-25-44,Tuesday
318680280180,723764359,gemminys,417528,Albion Online,173,2026-08-03T20:50:50Z,es,"['AlbionOnline', 'vtuber', 'PvP', 'MMORPG', 'Español', 'Latina', 'drops', 'DropsActivados']",2026-08-04,12-25-44,Tuesday
320676496985,49482254,inconsiderateraccoon,538054672,TEKKEN 8,173,2026-08-03T23:48:26Z,en,['English'],2026-08-04,12-25-44,Tuesday
319786714208,1510493091,humzh247,21779,League of Legends,173,2026-08-03T12:53:07Z,en,"['English', 'Rerun']",2026-08-04,12-25-44,Tuesday
320738907482,1419323412,murailss,499634,Crypto,173,2026-08-04T04:24:35Z,en,['English'],2026-08-04,12-25-44,Tuesday
318545685238,244687431,paivagod_,32399,Counter-Strike,173,2026-08-03T23:48:50Z,pt,"['Português', 'CounterStriker2']",2026-08-04,12-25-44,Tuesday
317984027879,69986821,dai_mon,509658,Just Chatting,173,2026-08-03T23:33:49Z,fr,"['Actualités', 'Radio', 'Français', 'débat', 'politique', 'chill', 'international']",2026-08-04,12-25-44,Tuesday
319670375006,822780861,9javi_,509658,Just Chatting,172,2026-08-04T03:48:07Z,en,"['kaicenat', 'jasontheween', 'caseoh', 'rakai', 'xqc', 'stableronaldo', 'jynxzi', 'Lacy', 'joebartolozzi', 'august']",2026-08-04,12-25-44,Tuesday
316561830997,122937310,godluckplus,27471,Minecraft,172,2026-08-04T04:43:09Z,ru,"['Русский', 'Лакич', 'Roglesworld', 'MineshieldAcademy', 'MineShield']",2026-08-04,12-25-44,Tuesday
319670095454,1501165537,durde002,624536948,EA Sports FC 26,172,2026-08-04T03:24:27Z,en,"['Game', 'English', 'Sponsor']",2026-08-04,12-25-44,Tuesday
320845373915,244337957,actezcan,516588,Rise Online,172,2026-08-03T23:14:59Z,tr,"['Türkçe', 'MMORPG', 'PvE', 'PvP', 'chill', 'DroplarEtkin']",2026-08-04,12-25-44,Tuesday
316267959794,77324100,rexlin777,516575,VALORANT,172,2026-08-04T02:03:47Z,zh,"['itzy', 'RedVelvet', '聊天', '聊天互動', 'nmixx', '中文', 'gidle']",2026-08-04,12-25-44,Tuesday
316324120819,256964489,recaplol1,509658,Just Chatting,171,2026-08-04T00:40:22Z,ja,"['日本語', '質問してもいいですか確認なくても質問してOK', 'lol', 'MID', '対ありコメントx', 'ごめん禁止', '怖い禁止']",2026-08-04,12-25-44,Tuesday
317804176216,919987124,ffeenyxx,509658,Just Chatting,171,2026-08-04T03:11:47Z,en,['English'],2026-08-04,12-25-44,Tuesday
320676972889,725481924,princezamalt,511391,Hollow Knight: Silksong,171,2026-08-04T00:08:06Z,en,['English'],2026-08-04,12-25-44,Tuesday
315914527465,188958037,carla,33214,Fortnite,171,2026-08-04T00:08:23Z,en,"['English', 'Australia', 'AU', 'Positive', 'enthusiastic']",2026-08-04,12-25-44,Tuesday
318616924277,187446013,souzasoul,489401,Call of Duty: Black Ops III,170,2026-08-03T23:27:20Z,pt,['Português'],2026-08-04,12-25-44,Tuesday
316632983124,1133403292,ecs_tv,494184,Mobile Legends: Bang Bang,170,2026-08-04T03:00:00Z,en,['English'],2026-08-04,12-25-44,Tuesday
319738433756,610069413,hazumi,1036710512,Palworld,170,2026-08-04T00:00:25Z,en,"['English', 'VTuber', 'furry', 'NoBackseatingUnlessAsked', 'Vsinger', 'ENVtuber', 'AsianAmerican', 'ADHD', 'LGBTAQIAplus', 'chill']",2026-08-04,12-25-44,Tuesday
318719796055,71509335,ipav999,21779,League of Legends,170,2026-08-04T02:30:44Z,en,"['iPav', 'Teemo', 'leagueoflegends', 'English']",2026-08-04,12-25-44,Tuesday
318717646295,532838538,elvyn,407314011,Marathon,170,2026-08-03T23:43:32Z,en,"['english', 'espanol', 'latino', 'salvadoreno', 'tournament', 'drops', 'ubisoftpartner', 'esp', 'funny', 'chill']",2026-08-04,12-25-44,Tuesday
315914889193,1074987299,anzac_ace1,490948,The Isle,170,2026-08-04T02:50:36Z,en,"['australian', 'allarewelcome', 'varietystreamer', 'English', 'immersivegameplay', 'doggocam', 'occasionalfeet', 'fulltimestreamer', 'thebestbuttontwitch', 'adultlanguagewarning']",2026-08-04,12-25-44,Tuesday
318717867351,97782735,solidfps,539257489,Beast of Reincarnation,170,2026-08-04T00:01:58Z,en,['English'],2026-08-04,12-25-44,Tuesday
315875224552,253636060,michelia3,509658,Just Chatting,169,2026-08-04T04:47:13Z,zh,"['中文', '启用掉宝']",2026-08-04,12-25-44,Tuesday
318192429670,192971008,moego,624536948,EA Sports FC 26,169,2026-08-04T04:29:32Z,de,['Deutsch'],2026-08-04,12-25-44,Tuesday
316044415341,1310847512,alansgambit,743,Chess,169,2026-08-04T04:30:02Z,en,"['English', 'chess', 'blitzchess', 'HikaruNakamura', 'Speedrun', 'bulletchess', 'chesspuzzlerush']",2026-08-04,12-25-44,Tuesday
319740199388,512715150,djmagicmike01,1669431183,DJs,169,2026-08-04T01:26:23Z,en,"['Chatting', 'English', 'DJ', 'djmagicmike', 'Remixes', 'OldSkool', 'Breakbeat', 'Breaks']",2026-08-04,12-25-44,Tuesday
320680801625,456535174,elldrytch,499003,VRChat,169,2026-08-04T03:00:26Z,en,"['English', 'Dancer', 'Muted', 'VR', 'hippocore', 'confused', 'noeating', 'beneathnotice']",2026-08-04,12-25-44,Tuesday
318718110551,561219292,electrowuff,499003,VRChat,169,2026-08-04T00:21:57Z,en,"['English', 'Gay', 'Furry', 'Femboy', 'VR', 'VTuber', 'LGBTQIAPlus', 'Interactive', 'Chill', '18plus']",2026-08-04,12-25-44,Tuesday
320737682522,133516424,laribug,509658,Just Chatting,168,2026-08-04T03:13:24Z,en,"['improv', 'Anime', 'FlowArts', 'VisualASMR', 'HoopDance', 'Dance', 'Freestyle', 'English', 'ReadingAloud', 'FirstPlaythough']",2026-08-04,12-25-44,Tuesday
319667079902,110883776,commentbagel,1435206302,Slay the Spire II,168,2026-08-04T00:21:01Z,en,"['English', 'CatCam', 'BindingOfIsaacRepentance', 'deckbuilder', 'Roguelike', 'chill', 'Comfy', 'cozygaming', 'Cozy']",2026-08-04,12-25-44,Tuesday
320739640410,1378619636,visiyguv,499634,Crypto,168,2026-08-04T05:15:14Z,en,['English'],2026-08-04,12-25-44,Tuesday
318172838630,72793250,pietsmiettv,344685200,Just Another Night Shift,168,2026-08-02T08:53:36Z,de,['Deutsch'],2026-08-04,12-25-44,Tuesday
