id,user_id,user_login,game_id,game_name,viewer_count,started_at,language,tags,snapshot_date,snapshot_time,snapshot_day
316850830166,695247056,lifirant,29595,Dota 2,57881,2026-09-11T11:43:59Z,ru,['Русский'],2026-09-11,21-30-08,Friday
317696908514,92038375,caedrel,21779,League of Legends,29492,2026-09-11T08:44:28Z,en,"['English', 'LPL', 'LCK', 'LEC', 'Worlds', 'Esports']",2026-09-11,21-30-08,Friday
321487862491,180118013,hutchmf,743893402,WARDOGS,26741,2026-09-11T10:09:02Z,en,"['English', 'DropsEnabled']",2026-09-11,21-30-08,Friday
316433059185,93828097,batora324,509658,Just Chatting,21958,2026-09-11T14:07:14Z,ja,"['日本語', 'Drops有効']",2026-09-11,21-30-08,Friday
318100838616,97828400,mokrivskyi,509658,Just Chatting,21299,2026-09-11T11:38:33Z,ru,"['Русский', 'DropsВключены']",2026-09-11,21-30-08,Friday
317734556259,43683025,ohnepixel,509658,Just Chatting,20317,2026-09-11T13:39:23Z,en,"['English', 'Drops', 'DropsEnabled']",2026-09-11,21-30-08,Friday
316441752818,50988750,stylishnoob4,767864507,Dragon Quest Heroes: Torneko's Mystery Dungeon Classic HD,19069,2026-09-11T08:40:28Z,ja,"['日本語', '感謝します']",2026-09-11,21-30-08,Friday
316441855858,49207184,fps_shaka,569194045,Supermarket Chaos,18890,2026-09-11T09:06:33Z,ja,['日本語'],2026-09-11,21-30-08,Friday
315517903344,139482710,kant0211,516575,VALORANT,15380,2026-09-11T09:48:01Z,zh,"['中文', '動作', 'fps']",2026-09-11,21-30-08,Friday
320181710686,26610234,cohhcarnage,1692723000,Emberville,15134,2026-09-11T11:39:59Z,en,"['SFW', 'Parent', 'ADHD', 'moderated', 'NoPolitics', 'NoReligion', 'Interactive', 'Overencumbered', 'LootGoblin', 'English']",2026-09-11,21-30-08,Friday
318545917797,49140130,handofblood,743893402,WARDOGS,14152,2026-09-11T11:48:30Z,de,"['Deutsch', 'hänno', 'spandau', 'hob', 'handofblood', 'Coop', 'DropsAktiviert']",2026-09-11,21-30-08,Friday
321377043546,544780041,inkmate0,32399,Counter-Strike,13982,2026-09-11T11:06:15Z,ru,"['Русский', 'Українська']",2026-09-11,21-30-08,Friday
316499191411,237234078,ennaouii,516575,VALORANT,11672,2026-09-11T09:55:21Z,zh,['中文'],2026-09-11,21-30-08,Friday
316053693929,162323092,gearbaby1010,516575,VALORANT,11271,2026-09-11T13:50:21Z,zh,"['主打技術', '顏值還行', '中文', '棋靈王', '我愛黑人']",2026-09-11,21-30-08,Friday
316819352021,92048793,ravshann,509672,IRL,10735,2026-09-11T11:52:54Z,ru,['Русский'],2026-09-11,21-30-08,Friday
316895145812,465131731,shadowkekw,32399,Counter-Strike,10452,2026-09-11T14:03:41Z,ru,"['Русский', 'English', '900']",2026-09-11,21-30-08,Friday
316499990515,102631269,yaritaiji,1826300051,Mario Kart World,10397,2026-09-11T12:36:45Z,ja,"['たいじ', '日本語']",2026-09-11,21-30-08,Friday
317697827554,40063341,domingo,509658,Just Chatting,9542,2026-09-11T12:12:36Z,fr,"['Français', 'DropsActivés']",2026-09-11,21-30-08,Friday
318608997094,475757024,rostislav_999,29595,Dota 2,9451,2026-09-11T13:13:24Z,ru,['Русский'],2026-09-11,21-30-08,Friday
320278293596,175831187,ironmouse,343455332,Crime Scene Cleaner,8561,2026-09-11T10:18:29Z,en,"['English', 'Anime', 'Singing', 'puertorico', 'Vtuber', 'Latino', 'vtuber', 'DropsEnabled']",2026-09-11,21-30-08,Friday
316819655509,44748026,stintik,509658,Just Chatting,7628,2026-09-11T12:54:20Z,ru,"['Русский', 'DropsВключены']",2026-09-11,21-30-08,Friday
316851600982,39154778,recrent,743893402,WARDOGS,7494,2026-09-11T13:53:10Z,ru,"['Русский', 'DropsВключены']",2026-09-11,21-30-08,Friday
321488888155,40488774,stray228,29595,Dota 2,7470,2026-09-11T13:07:56Z,ru,"['ПАХАН', 'проигрок228', 'солевойстример', 'тащер', 'адекватнаяатмосфера', 'Бодибилдер', 'Русский', 'танцор', 'Клубничка']",2026-09-11,21-30-08,Friday
316893979732,215363437,avice,29595,Dota 2,6827,2026-09-11T10:26:30Z,ru,['Русский'],2026-09-11,21-30-08,Friday
315483689582,37278046,assentw,516575,VALORANT,6753,2026-09-11T09:08:40Z,zh,['中文'],2026-09-11,21-30-08,Friday
318608736358,129625799,necros,1264310518,Marvel Rivals,6645,2026-09-11T12:46:26Z,en,"['Spiderman', 'blackpanther', 'daredevil', 'deadpool', 'blackcat', 'vtuber', 'femboy', 'English', 'DropsEnabled']",2026-09-11,21-30-08,Friday
318546968805,176480198,gtasty,498566,Slots,6413,2026-09-11T13:34:36Z,de,['Deutsch'],2026-09-11,21-30-08,Friday
320279091036,119415848,anthonyz,32982,Grand Theft Auto V,6112,2026-09-11T13:25:16Z,en,"['English', 'nopixel', 'Rp', 'gta', 'NightZoom', 'FiveM', 'GTARP', 'Nopixelv', 'nopixelv', 'DropsEnabled']",2026-09-11,21-30-08,Friday
316895011156,26921830,elajjaz,763595669,Into the Dead: Our Darkest Days,6035,2026-09-11T13:44:12Z,en,"['English', 'megagamer']",2026-09-11,21-30-08,Friday
317722487140,28575692,mistermv,513143,Teamfight Tactics,5967,2026-09-11T13:31:18Z,fr,"['Français', 'humour', 'Vieux', 'Retro', 'indies']",2026-09-11,21-30-08,Friday
317696666850,52647450,stodeh,743893402,WARDOGS,5948,2026-09-11T07:35:13Z,en,"['English', 'DropsEnabled']",2026-09-11,21-30-08,Friday
319188963415,598713647,angryginge13,518203,Sports,5469,2026-09-11T14:00:14Z,en,"['PRO', 'FUNNY', 'GINGER', 'GAMING', 'ADHD', 'CHILL', 'english', 'insane', 'KING', 'JUNGLE']",2026-09-11,21-30-08,Friday
318544305509,162757011,leva2k,509672,IRL,5404,2026-09-11T07:55:13Z,ru,['Русский'],2026-09-11,21-30-08,Friday
318609506406,541899730,controcalcio__,518203,Sports,5366,2026-09-11T14:04:18Z,it,"['Italiano', 'gaming', 'calcio', 'DropAbilitati']",2026-09-11,21-30-08,Friday
321488279131,506457175,qoqsik,509658,Just Chatting,5307,2026-09-11T11:43:17Z,en,"['English', 'DropsEnabled']",2026-09-11,21-30-08,Friday
316850881878,233929245,m3wsu,32399,Counter-Strike,5166,2026-09-11T11:53:15Z,ru,['Русский'],2026-09-11,21-30-08,Friday
318608881894,182560660,worldoftanks,27546,World of Tanks,5090,2026-09-11T13:01:27Z,en,"['English', 'EN', 'WorldofTanks', 'DropsEnabled']",2026-09-11,21-30-08,Friday
320182131934,36769016,timthetatman,1264310518,Marvel Rivals,5090,2026-09-11T13:10:40Z,en,"['English', 'DropsEnabled']",2026-09-11,21-30-08,Friday
316442531058,952340772,hiiragitsurugi,756802928,Cursed Companions,4980,2026-09-11T11:34:32Z,ja,"['日本語', '雑談', 'ゲーム']",2026-09-11,21-30-08,Friday
316894781140,170671692,iseedeadp3ople,29595,Dota 2,4945,2026-09-11T13:07:05Z,ru,"['Русский', 'zvezd', 'slark', 'iseedeadpeople']",2026-09-11,21-30-08,Friday
315484107502,29518572,mobilmobil,508455,Valheim,4822,2026-09-11T12:25:52Z,zh,"['中文', '启用掉宝']",2026-09-11,21-30-08,Friday
320182127966,128002336,s0mcs,516575,VALORANT,4815,2026-09-11T13:09:38Z,en,"['VALORANT', 'English']",2026-09-11,21-30-08,Friday
320182459870,21841789,nmplol,32982,Grand Theft Auto V,4614,2026-09-11T14:05:39Z,en,"['English', 'OTK', 'Cooking', 'IRL', 'DropsEnabled', 'NoPixel']",2026-09-11,21-30-08,Friday
316893661652,63304572,glorious_e,743893402,WARDOGS,4608,2026-09-11T09:00:57Z,en,"['PVP', 'English', 'Turkish', 'Dansk', 'DropsEnabled']",2026-09-11,21-30-08,Friday
316499587827,818506560,gocchanmikey,32982,Grand Theft Auto V,4577,2026-09-11T11:32:39Z,ja,"['日本語', 'ストグラ', 'Drops有効']",2026-09-11,21-30-08,Friday
318879508726,63602976,skipnho,743893402,WARDOGS,4520,2026-09-11T10:48:32Z,pt,"['Português', 'DropsAtivados']",2026-09-11,21-30-08,Friday
320319670240,75322837,chess24,743,Chess,4394,2026-09-11T10:51:11Z,en,"['English', 'chess', 'Esports', 'Strategy', 'Action', 'sports', 'Multiplayer', 'IRL', 'boardgame', 'GamesAndChatting']",2026-09-11,21-30-08,Friday
316894230356,254947119,nattynattlol,21779,League of Legends,4393,2026-09-11T11:25:28Z,en,['English'],2026-09-11,21-30-08,Friday
317697362658,25233449,mago2dgod,509658,Just Chatting,4269,2026-09-11T10:39:47Z,ja,"['日本語', 'Drops有効']",2026-09-11,21-30-08,Friday
317733729891,122887284,uhsnow,32982,Grand Theft Auto V,4217,2026-09-11T11:31:22Z,en,"['English', 'Roleplay', 'fps', 'Space', 'GTARP', 'launchstream', 'SpaceX', 'NopixelV', 'DropsEnabled']",2026-09-11,21-30-08,Friday
315484165870,65653595,roger9527,509658,Just Chatting,4188,2026-09-11T12:51:40Z,zh,"['中文', '启用掉宝']",2026-09-11,21-30-08,Friday
315483552494,15027034,zrush,743893402,WARDOGS,4000,2026-09-11T08:00:55Z,zh,"['中文', '訂閱免廣告', '启用掉宝']",2026-09-11,21-30-08,Friday
319185344599,1305342529,theburntpeanut_247,499973,Always On,3957,2026-09-11T03:52:29Z,en,"['English', 'VOD', 'Rerun', 'arcraiders', 'tobacco']",2026-09-11,21-30-08,Friday
317734647779,110902144,itachi,516575,VALORANT,3911,2026-09-11T13:52:01Z,fr,['Français'],2026-09-11,21-30-08,Friday
317698322274,36138196,alexelcapo,509658,Just Chatting,3908,2026-09-11T13:32:17Z,es,['Español'],2026-09-11,21-30-08,Friday
317697140450,38558904,roman,32399,Counter-Strike,3812,2026-09-11T09:49:06Z,pt,['Português'],2026-09-11,21-30-08,Friday
317698148066,38446500,revenant,509658,Just Chatting,3712,2026-09-11T13:05:56Z,es,"['Español', 'DropsActivados']",2026-09-11,21-30-08,Friday
316052804585,128222917,bbbb87,509658,Just Chatting,3690,2026-09-11T09:51:29Z,zh,"['中文', '启用掉宝']",2026-09-11,21-30-08,Friday
320179451614,25458544,sequisha,743893402,WARDOGS,3641,2026-09-11T03:59:02Z,en,"['English', 'Solo', 'comedy', 'DropsEnabled']",2026-09-11,21-30-08,Friday
316498782579,24150891,kokujintv,516575,VALORANT,3625,2026-09-11T07:33:31Z,ja,['日本語'],2026-09-11,21-30-08,Friday
318608143462,122799408,alois_nl,21779,League of Legends,3537,2026-09-11T11:35:22Z,en,"['English', 'Riven', 'Challenger', 'Educational', 'Toplane', 'Mundo', 'leagueoflegends', 'riotgames', 'push', 'Korea']",2026-09-11,21-30-08,Friday
320278779740,86016923,camy,512710,Call of Duty: Warzone,3485,2026-09-11T12:24:41Z,en,"['ADHD', 'LOUD', 'funny', 'English', 'DropsEnabled']",2026-09-11,21-30-08,Friday
318544994789,94849379,elwycco,743893402,WARDOGS,3467,2026-09-11T09:37:36Z,ru,"['Русский', 'DropsВключены']",2026-09-11,21-30-08,Friday
317721923428,617021724,paache_,27471,Minecraft,3411,2026-09-11T11:53:17Z,es,['Español'],2026-09-11,21-30-08,Friday
320278810332,190761380,somjuu,1264310518,Marvel Rivals,3404,2026-09-11T12:31:56Z,en,"['black', 'drops', 'Anime', 'English', 'blackpanther', 'DareDevil', 'spiderman', 'DropsEnabled', 'kaicenat']",2026-09-11,21-30-08,Friday
316499521779,150989534,guanweiboy,516575,VALORANT,3390,2026-09-11T11:17:24Z,zh,"['中文', '鎖進', '競技哥', '不放水', '謙卑在謙卑', 'JETTMAIN', '高敏人', '燕雲十六聲', 'wherewindsmeet', 'WWMOnMobile']",2026-09-11,21-30-08,Friday
317734724963,189560195,ankamalive,20596,Dofus,3360,2026-09-11T14:01:37Z,fr,"['mmorpg', 'ankama', 'dofus', 'Français', 'DropsActivés']",2026-09-11,21-30-08,Friday
318608727910,49440419,qojqva,29595,Dota 2,3328,2026-09-11T12:45:17Z,en,['English'],2026-09-11,21-30-08,Friday
316894606932,42061870,daxak,29595,Dota 2,3278,2026-09-11T12:35:29Z,ru,"['Дахак', 'Русский']",2026-09-11,21-30-08,Friday
316851236566,98742675,blackufa,1399132715,Cosmic Fear,3237,2026-09-11T12:55:05Z,ru,"['Русский', 'инди', 'юмор', 'общение', 'новинки', 'Cooporative', 'дедушка']",2026-09-11,21-30-08,Friday
317734548579,22993450,tokidoki77,509658,Just Chatting,3215,2026-09-11T13:38:28Z,ja,"['日本語', 'Drops有効']",2026-09-11,21-30-08,Friday
318545144549,48865821,staiy,743893402,WARDOGS,3173,2026-09-11T10:00:58Z,de,"['Deutsch', 'DropsAktiviert']",2026-09-11,21-30-08,Friday
320319935328,56865374,barbarousking,508455,Valheim,3146,2026-09-11T12:05:11Z,en,"['English', 'BaldWelcome', 'Kaizo', 'GorillaWins', 'memberofparliament', 'bauserhaus']",2026-09-11,21-30-08,Friday
318609506278,807131251,ikoma_dogura,55453844,Street Fighter 6,3125,2026-09-11T14:04:18Z,ja,['日本語'],2026-09-11,21-30-08,Friday
318545768037,1154804580,reneredo,509672,IRL,3123,2026-09-11T11:29:28Z,de,"['unternehmer', 'reneredo', 'Gastronomie', 'Business', 'America', 'Tour', 'redo', 'GIG', 'event', 'Deutsch']",2026-09-11,21-30-08,Friday
318606958438,26819117,melharucos,509658,Just Chatting,3007,2026-09-11T08:27:37Z,ru,"['Русский', 'DropsВключены']",2026-09-11,21-30-08,Friday
316850770518,87791915,ilame,743893402,WARDOGS,3006,2026-09-11T11:32:45Z,ru,"['Русский', 'отвалжопы', 'Геморрой', 'гейминг', 'donttouchgrasschallenge', 'Skuffed', 'penusripper', 'аим400кг', 'янебудуигратьвдоту', 'DropsВключены']",2026-09-11,21-30-08,Friday
317722139620,50795214,sardoche,21779,League of Legends,2953,2026-09-11T12:34:58Z,fr,['Français'],2026-09-11,21-30-08,Friday
317722352228,46034964,oskar1up,458781,No Man's Sky,2951,2026-09-11T13:09:32Z,es,"['Español', 'DropsActivados']",2026-09-11,21-30-08,Friday
318410603495,159498717,jinnytty,509658,Just Chatting,2908,2026-09-11T10:25:56Z,en,"['English', 'IRL', 'Outdoors', 'Exploration', 'Travel', 'Variety', 'Food', 'Cosplay', 'Asian', 'Spain']",2026-09-11,21-30-08,Friday
318598719334,44281267,lost,743893402,WARDOGS,2896,2026-09-10T14:09:26Z,de,"['multiplayer', 'battleroyale', 'lustig', 'reacts', 'Deutsch', 'reaction', 'extraction', 'SurvivaI', 'Lehrreich', 'DropsAktiviert']",2026-09-11,21-30-08,Friday
316076182762,24765850,blusewilly_retry,743893402,WARDOGS,2875,2026-09-11T09:23:00Z,zh,"['中文', '启用掉宝']",2026-09-11,21-30-08,Friday
316500126835,147242239,xhalli4x,2005329090,Jinro Metropolis,2862,2026-09-11T13:00:41Z,ja,['日本語'],2026-09-11,21-30-08,Friday
321313697625,1538764448,yoace7,498566,Slots,2844,2026-09-11T07:41:57Z,en,['English'],2026-09-11,21-30-08,Friday
318100854360,506735597,djalphamusic,1669431183,DJs,2804,2026-09-11T11:43:30Z,en,"['English', 'RetroMusic', 'MusicVideos', 'pureNostalgia', 'DropsEnabled']",2026-09-11,21-30-08,Friday
316894636116,43899589,c_a_k_e,29595,Dota 2,2801,2026-09-11T12:40:50Z,ru,['Русский'],2026-09-11,21-30-08,Friday
319179620183,151368796,piratesoftware,743893402,WARDOGS,2775,2026-09-10T19:36:43Z,en,"['English', 'Programming', 'GameDev', 'NotMyBirthday', 'DropsEnabled']",2026-09-11,21-30-08,Friday
316851488470,48201326,missmikkaa,506462,Control,2762,2026-09-11T13:34:28Z,en,"['English', 'swedish', 'Interactive', 'Chatty', 'ADHD', 'girl', 'TwitchAmbassador', 'NotBald', 'FirstPlaythrough']",2026-09-11,21-30-08,Friday
318608991846,499126234,sterzik,743893402,WARDOGS,2725,2026-09-11T13:12:47Z,de,"['Deutsch', '18pluschannel', 'Sterzik', 'IndieHorror', 'Horror', 'indiegame', 'DropsAktiviert']",2026-09-11,21-30-08,Friday
318544435045,128856353,mande,511224,Apex Legends,2719,2026-09-11T08:14:11Z,en,['English'],2026-09-11,21-30-08,Friday
316850922582,560368412,mabelend,509672,IRL,2627,2026-09-11T11:59:46Z,ru,['Русский'],2026-09-11,21-30-08,Friday
316442367602,641233394,reeeiru_,516575,VALORANT,2616,2026-09-11T11:01:06Z,ja,"['日本語', 'poteoq', '女性', 'VTuber', 'ねこ']",2026-09-11,21-30-08,Friday
319180772183,36926489,yourragegaming,509658,Just Chatting,2569,2026-09-10T21:51:34Z,en,"['English', 'YRG', 'DropsEnabled']",2026-09-11,21-30-08,Friday
320320051552,25677980,deansocool,32982,Grand Theft Auto V,2565,2026-09-11T12:35:21Z,en,"['English', 'reacts', 'miami', 'DropsEnabled', 'NoPixel', 'roleplay', 'gta']",2026-09-11,21-30-08,Friday
316075312618,1057785822,michimochievee,33734,Pokémon Black/White Version 2,2548,2026-09-11T04:10:16Z,en,"['English', 'VTuber', 'Cringe', 'Bilingual', 'Anime', 'Indonesian', 'DropsEnabled']",2026-09-11,21-30-08,Friday
317733344995,48286022,tru3ta1ent,902998079,Halloween: The Game,2544,2026-09-11T10:06:50Z,en,"['English', 'DropsEnabled']",2026-09-11,21-30-08,Friday
319188527959,45221641,bean,498566,Slots,2519,2026-09-11T11:53:22Z,en,"['English', 'gambling', 'youtube', 'tiktok', 'twitter', 'american', 'usa', 'texas']",2026-09-11,21-30-08,Friday
316432169201,598495509,akamikarubi,756802928,Cursed Companions,2431,2026-09-11T11:34:33Z,ja,['日本語'],2026-09-11,21-30-08,Friday
318608952166,71324604,dkfogas1,29595,Dota 2,375,2026-09-11T13:08:33Z,ru,['Русский'],2026-09-11,21-30-08,Friday
320319720416,43830727,kinggothalion,458781,No Man's Sky,2517,2026-09-11T11:05:11Z,en,"['organic', 'NotEmbedded', 'English', 'TalksToChat', 'NoReruns', 'DropsEnabled']",2026-09-11,21-30-08,Friday
320181673438,12731745,deadlyslob,743893402,WARDOGS,2495,2026-09-11T11:30:13Z,en,"['Canada', 'SlightlyAboveAverage', 'English', 'hotdogconversations', '1008px60FPS', '1995FinnishRallyChamp', 'UNC', 'NostraDoofus', 'ToiletVacation', 'DropsEnabled']",2026-09-11,21-30-08,Friday
318543828837,932579174,froggyjolson,417528,Albion Online,2472,2026-09-11T06:28:43Z,en,"['English', 'PvP', 'Drops', 'MMORPG', 'AlbionOnline', 'Competitive', 'SoloPlay', 'giveaway', 'DropsEnabled']",2026-09-11,21-30-08,Friday
316432674289,162145194,moe_iori,509658,Just Chatting,2462,2026-09-11T12:58:46Z,ja,"['Japanese', '日本語', 'ゲーム', 'Drops有効']",2026-09-11,21-30-08,Friday
317734359139,44162266,orkpod,1863014085,Vacation Cafe Simulator,2457,2026-09-11T13:13:07Z,ru,['Русский'],2026-09-11,21-30-08,Friday
316203715052,165501463,yznsa,1264310518,Marvel Rivals,2441,2026-09-11T10:56:47Z,ar,"['Arabic', 'KSA', 'English', 'العربية', 'marvelrivals', 'تم・تمكين・Drops']",2026-09-11,21-30-08,Friday
316014736488,121521701,crazyfacetw,516575,VALORANT,2405,2026-09-11T10:10:56Z,zh,"['中文', 'English']",2026-09-11,21-30-08,Friday
317697786594,30623831,quickybaby,27546,World of Tanks,2379,2026-09-11T12:05:27Z,en,"['English', 'drops', 'Drop', 'DropsEnabled']",2026-09-11,21-30-08,Friday
316499757299,414070550,pira_real,32982,Grand Theft Auto V,2376,2026-09-11T12:01:11Z,ja,"['日本語', 'Drops有効']",2026-09-11,21-30-08,Friday
318546429413,86131599,lol_nemesis,21779,League of Legends,2344,2026-09-11T12:44:02Z,en,"['English', 'LegendsMatch']",2026-09-11,21-30-08,Friday
317733870307,122863474,saruei,512953,ELDEN RING,2339,2026-09-11T11:55:20Z,en,"['English', 'Vtuber', 'french', 'Bratty', 'DropsEnabled']",2026-09-11,21-30-08,Friday
316432767729,214737896,minoru04160,516575,VALORANT,2335,2026-09-11T13:11:49Z,ja,['日本語'],2026-09-11,21-30-08,Friday
316819232085,42316376,just_ns,29595,Dota 2,2313,2026-09-11T11:25:00Z,ru,['Русский'],2026-09-11,21-30-08,Friday
316498979315,11692694,uzra,516575,VALORANT,2297,2026-09-11T08:45:06Z,zh,['中文'],2026-09-11,21-30-08,Friday
321313865305,51065352,faide,511224,Apex Legends,2283,2026-09-11T08:21:45Z,en,"['movement', 'solo', 'trios', 'Apex', 'wraith', 'English', 'ADHD']",2026-09-11,21-30-08,Friday
321315012569,154425624,kyle,32982,Grand Theft Auto V,2265,2026-09-11T13:14:57Z,en,"['English', 'DropsEnabled']",2026-09-11,21-30-08,Friday
318412215399,978623675,tosi_chan69,66170,Warframe,2255,2026-09-11T13:31:45Z,en,"['English', 'Vtuber', 'Chaotic', 'Hamster', 'PlayingwithViewers', 'Mature', 'Gremlin', 'LGBTQPlus', 'TennoCreate', 'warframe']",2026-09-11,21-30-08,Friday
316014729192,197367758,hennie2001,516575,VALORANT,2252,2026-09-11T10:07:53Z,zh,"['中文', '台V', 'Vtuber']",2026-09-11,21-30-08,Friday
318609639142,123930975,thunderpicktv,32399,Counter-Strike,2240,2026-09-11T14:17:38Z,en,"['English', 'CS2', 'ThunerpickWC', 'Competitive', 'Esports', 'ThunderpickWC', 'ThunderpickWorld2025']",2026-09-11,21-30-08,Friday
318411995495,61776958,mailand,27546,World of Tanks,2232,2026-09-11T13:10:24Z,de,"['mailand', 'panzer', 'action', 'realtalk', 'Deutsch', 'DropsAktiviert']",2026-09-11,21-30-08,Friday
318609642982,70075625,silvername,138585,Hearthstone,2226,2026-09-11T14:18:06Z,ru,"['Русский', 'English', 'cybersport', 'worldrecord']",2026-09-11,21-30-08,Friday
316004922066,124422593,lec,21779,League of Legends,2162,2026-09-11T14:00:50Z,en,"['Esports', 'English', 'DropsEnabled']",2026-09-11,21-30-08,Friday
320182504542,1097685366,katharinaxamalia,509672,IRL,2154,2026-09-11T14:13:32Z,de,['Deutsch'],2026-09-11,21-30-08,Friday
316432233329,226535110,ukyochi_jp,511229,Pogostuck: Rage With Your Friends,2147,2026-09-11T11:47:49Z,ja,"['日本語', 'Vtuber']",2026-09-11,21-30-08,Friday
318546345445,1539517404,scheinbaron,498566,Slots,2137,2026-09-11T12:35:30Z,de,['Deutsch'],2026-09-11,21-30-08,Friday
320320292704,249820319,thestockguy,509658,Just Chatting,2132,2026-09-11T13:25:45Z,en,"['English', 'DropsEnabled']",2026-09-11,21-30-08,Friday
317712981604,25722719,dakillzor,27546,World of Tanks,2104,2026-09-10T07:33:34Z,en,"['English', 'DropsEnabled']",2026-09-11,21-30-08,Friday
320181812958,40314423,tangent,458781,No Man's Sky,2103,2026-09-11T12:03:39Z,en,"['English', 'FamilyFriendly', 'Community', 'interactive', 'Positivity', 'funny', 'English', 'Drops', 'Vtuber', 'DropsEnabled']",2026-09-11,21-30-08,Friday
315483352302,224696866,siaohu_0124,509658,Just Chatting,2099,2026-09-11T06:20:14Z,zh,"['中文', '启用掉宝']",2026-09-11,21-30-08,Friday
316499473267,94618049,tototmix,491931,Escape from Tarkov,2097,2026-09-11T11:06:13Z,ja,"['日本語', 'ネタバレ禁止']",2026-09-11,21-30-08,Friday
315983473361,36483360,zizaran,1702520304,Path of Exile 2,2092,2026-09-11T09:14:54Z,en,"['English', 'DropsEnabled']",2026-09-11,21-30-08,Friday
316894780628,156338481,cutierover,32399,Counter-Strike,2091,2026-09-11T13:07:03Z,ru,"['Русский', 'DropsВключены']",2026-09-11,21-30-08,Friday
316052870121,23852822,failverde,1448964995,ARKNIGHTS: ENDFIELD,2078,2026-09-11T10:06:51Z,zh,"['中文', '抽卡不歪', '超級幸運', '運氣超好', '這我婆', '启用掉宝']",2026-09-11,21-30-08,Friday
316499333619,582765062,peter,866287127,Welcome to Elderfield,2077,2026-09-11T10:32:46Z,en,"['Forehead', 'AMA', 'VoiceActing', 'Japan', 'English', 'NoSpoilers', 'Nerdity', 'IRL', 'fortyplusgamers']",2026-09-11,21-30-08,Friday
315518301040,139348774,hannn0501_,516575,VALORANT,2059,2026-09-11T12:53:41Z,zh,"['ＦＰＳ', '中文', '启用掉宝']",2026-09-11,21-30-08,Friday
315498025327,1322264153,p1lepe1el1,516575,VALORANT,2037,2026-09-11T09:00:07Z,zh,"['Vtuber', '中文']",2026-09-11,21-30-08,Friday
317733480163,26538483,sips_,743893402,WARDOGS,2035,2026-09-11T10:40:44Z,en,"['English', 'falconry', 'bronzesmith', 'Dad', 'mapmaking', 'esportsready', 'albino', 'Garagegaming', 'nevernude', 'BeachHaters']",2026-09-11,21-30-08,Friday
321485635931,160504245,39daph,1357871551,The Blood of Dawnwalker,2034,2026-09-11T03:58:39Z,en,"['Guam', 'Evil', 'Unhygienic', 'Unholy', 'English', 'Geriatric', 'Deceptive', 'DropsEnabled']",2026-09-11,21-30-08,Friday
316851582934,249218588,hypetried,32399,Counter-Strike,2032,2026-09-11T13:50:06Z,ru,['Русский'],2026-09-11,21-30-08,Friday
316432635377,91967953,liang_0714,516575,VALORANT,2027,2026-09-11T12:52:17Z,zh,['中文'],2026-09-11,21-30-08,Friday
317721251172,58753574,zeling,1517377137,RV There Yet?,2027,2026-09-11T09:08:36Z,es,['Español'],2026-09-11,21-30-08,Friday
316500276211,422275514,deme,509658,Just Chatting,2023,2026-09-11T13:24:07Z,en,"['AAAAAAAAAAAAAAAAAAAAAAAAA', 'VTuber', 'Woman', 'ADHD', 'silly', 'dyslexic', 'LOUD', 'English', 'reactor', 'GamerGod']",2026-09-11,21-30-08,Friday
316849742678,172643869,watchfultv,32399,Counter-Strike,2006,2026-09-11T07:45:22Z,ru,"['Русский', 'Киберспорт', 'watchfultv', 'Thunderpick', 'twc', '3DMAX', '100Thieves', 'Thieves']",2026-09-11,21-30-08,Friday
317733879523,99625250,esportmaniacos,21779,League of Legends,2004,2026-09-11T11:56:30Z,es,"['Español', 'LeagueofLegends', 'LEC', 'LolEsports']",2026-09-11,21-30-08,Friday
319010452980,44099416,rakin,743893402,WARDOGS,1993,2026-09-11T09:56:20Z,pt,"['Português', 'DropsAtivados']",2026-09-11,21-30-08,Friday
318607066726,139208197,sologesang,513143,Teamfight Tactics,1968,2026-09-11T08:47:19Z,de,"['Deutsch', 'English', 'Vietnamese', 'FUTUREWORLDSWINNER', 'FUTUREDÖNERGIVEAWAYER']",2026-09-11,21-30-08,Friday
317734850403,143424503,dannyaarons,624536948,EA Sports FC 26,1967,2026-09-11T14:17:23Z,en,['English'],2026-09-11,21-30-08,Friday
318607511014,60160906,gtimetv,509672,IRL,1954,2026-09-11T10:03:02Z,de,"['Deutsch', 'survivalgames', 'Grinder', 'PvE', 'Chilled']",2026-09-11,21-30-08,Friday
317428521463,725072884,yurnboi,509672,IRL,1943,2026-09-11T09:12:03Z,en,"['English', 'yurnboi', 'spanish']",2026-09-11,21-30-08,Friday
316499483891,427263526,yukiofps14,513143,Teamfight Tactics,1920,2026-09-11T11:08:23Z,ja,['日本語'],2026-09-11,21-30-08,Friday
316441784690,21390470,singsing,1357871551,The Blood of Dawnwalker,1915,2026-09-11T08:48:10Z,en,"['NoBackseating', 'English', 'dutch', 'DropsEnabled']",2026-09-11,21-30-08,Friday
315483367150,102192603,mimiluckying,516575,VALORANT,1870,2026-09-11T06:27:48Z,zh,['中文'],2026-09-11,21-30-08,Friday
316499427443,190110029,nacho_dayo,493057,PUBG: BATTLEGROUNDS,1835,2026-09-11T10:58:03Z,ja,['日本語'],2026-09-11,21-30-08,Friday
319010454388,688858334,elpelotasssss,417528,Albion Online,1831,2026-09-11T09:57:22Z,es,"['Español', 'AlbionOnlineDrops', 'AlbionOnline', 'DropsActivados', 'English']",2026-09-11,21-30-08,Friday
321376836826,28201887,mldeg,27471,Minecraft,1812,2026-09-11T09:50:13Z,fr,['Français'],2026-09-11,21-30-08,Friday
318609179878,68512451,goicke,32982,Grand Theft Auto V,1810,2026-09-11T13:32:57Z,de,"['Deutsch', 'ＧTA5', 'RP', 'reactions', 'Berlin', 'liesthierjemanddieTags', 'werbrauchtschontags', 'justcchatting', 'DingsBums', 'übellangertag']",2026-09-11,21-30-08,Friday
316894214100,62300805,nymn,509658,Just Chatting,1809,2026-09-11T11:21:53Z,en,"['forsen', 'react', 'cat', 'chill', 'gaming', 'English', 'xqc', 'Football', 'watchparty', 'nofrontpage']",2026-09-11,21-30-08,Friday
321377381850,798511787,reversalgg,55453844,Street Fighter 6,1801,2026-09-11T12:47:11Z,en,"['English', 'League', 'gloryus']",2026-09-11,21-30-08,Friday
320279087964,7236692,dansgaming,1692723000,Emberville,1794,2026-09-11T13:24:46Z,en,"['TwitchOG', 'DansGame', 'Emotes', 'Variety', 'English', 'Solo', 'Gaming', 'Cozy', 'Community', 'Singleplayer']",2026-09-11,21-30-08,Friday
316894671188,130313947,dmitry_bale,1104776029,Wanderburg,1783,2026-09-11T12:48:08Z,ru,"['Vtuber', 'Русский', 'Новинки', 'Игры', 'Общение', 'MarvelRivalsSeason10', 'Gorr']",2026-09-11,21-30-08,Friday
317722364132,81446331,traytonlol,516575,VALORANT,1781,2026-09-11T13:11:44Z,fr,"['Français', 'Esports', 'LEC', 'LCK', 'LPL', 'Challenger', 'stuckmaster']",2026-09-11,21-30-08,Friday
316443213810,1539438889,bullrunboss,499634,Crypto,1771,2026-09-11T13:34:44Z,en,"['English', 'Crypto', 'Trade', 'Forex', 'Finance', 'Live']",2026-09-11,21-30-08,Friday
319010430196,601665123,luzu_tv,417752,Talk Shows & Podcasts,1758,2026-09-11T09:45:50Z,es,"['Español', 'DropsActivados']",2026-09-11,21-30-08,Friday
318546063077,236507843,pizfn,33214,Fortnite,1757,2026-09-11T12:05:25Z,it,['Italiano'],2026-09-11,21-30-08,Friday
320181218398,446246227,evelynomadera,509672,IRL,1753,2026-09-11T09:12:06Z,en,"['English', 'spanish', 'evelynortiz']",2026-09-11,21-30-08,Friday
316499211251,689257502,mitsuki_mitsuu,32982,Grand Theft Auto V,1746,2026-09-11T10:00:18Z,ja,"['ストグラ', '日本語', 'Drops有効']",2026-09-11,21-30-08,Friday
316818411605,259710795,pelaajatcom,32399,Counter-Strike,1739,2026-09-11T07:31:30Z,fi,"['Suomi', 'Wombat', 'xff', 'selostajat', 'kännissä', '35', 'ihQ']",2026-09-11,21-30-08,Friday
318410918631,6094619,jankos,21779,League of Legends,1693,2026-09-11T11:08:46Z,en,"['English', 'LEC', 'LCK', 'Worlds2026', 'reaction', 'LCKwatchparty']",2026-09-11,21-30-08,Friday
316849461974,1054415735,resito98,29452,Virtual Casino,1685,2026-09-11T06:08:23Z,pt,['Português'],2026-09-11,21-30-08,Friday
320278701532,22552479,giantwaffle,743893402,WARDOGS,1677,2026-09-11T12:05:37Z,en,"['English', 'smoothbrain', 'greg', 'DropsEnabled']",2026-09-11,21-30-08,Friday
318544637541,45921282,redcs,32399,Counter-Strike,1670,2026-09-11T08:45:37Z,de,"['Deutsch', 'cs', 'counterstrike', 'german', 'gaming', 'English', 'watchparty', 'donk', 'CS2', 'csgo']",2026-09-11,21-30-08,Friday
316204154604,104717035,olyashaa,509658,Just Chatting,1664,2026-09-11T12:47:34Z,ru,"['Русский', 'sAdmin1', 'DropsВключены']",2026-09-11,21-30-08,Friday
320320496224,242209549,bugalalla,509658,Just Chatting,1653,2026-09-11T14:02:47Z,it,"['Italiano', 'DropAbilitati']",2026-09-11,21-30-08,Friday
321377341914,67209636,slate,902998079,Halloween: The Game,1650,2026-09-11T12:35:31Z,en,['English'],2026-09-11,21-30-08,Friday
316894066260,188069901,vanfantv,32399,Counter-Strike,1639,2026-09-11T10:49:30Z,en,"['English', 'PGL', '1win', 'Nemiga']",2026-09-11,21-30-08,Friday
316817045589,1054415727,sapypo15,29452,Virtual Casino,1627,2026-09-10T21:10:40Z,pt,['Português'],2026-09-11,21-30-08,Friday
319184538967,262236323,dunc,458781,No Man's Sky,1621,2026-09-11T02:56:58Z,en,"['English', 'chatty', 'friendly', 'funny', 'justchatting', 'drops', 'dropsenabled', 'NMS', 'Nomanssky', 'nomansky']",2026-09-11,21-30-08,Friday
316817048277,1054415488,hojuxohip,498566,Slots,1619,2026-09-10T21:11:12Z,pt,['Português'],2026-09-11,21-30-08,Friday
321473517275,51522914,vinment,509658,Just Chatting,1619,2026-09-10T12:15:25Z,ru,"['Русский', 'DropsВключены']",2026-09-11,21-30-08,Friday
320278384732,44424631,nickeh30,33214,Fortnite,1616,2026-09-11T10:49:03Z,en,"['Canadian', 'Positivity', 'BattleRoyale', 'PC', 'FamilyFriendly', 'Multiplayer', 'PVP', 'PlayingWithViewers', 'English', 'Drops']",2026-09-11,21-30-08,Friday
316819079637,110775952,skill4ltu,27546,World of Tanks,1606,2026-09-11T10:48:24Z,en,"['English', 'Lithuanian', 'drops', 'DropsEnabled']",2026-09-11,21-30-08,Friday
317721103972,81978976,sock22,32982,Grand Theft Auto V,1599,2026-09-11T08:27:13Z,en,"['English', 'Roleplay', 'NoPixelWL', 'NoPixel', 'nopixelV', 'DropsEnabled']",2026-09-11,21-30-08,Friday
316814443093,1054415699,zawyqiqad,498566,Slots,1589,2026-09-10T14:31:20Z,en,['English'],2026-09-11,21-30-08,Friday
321486848603,18731326,celerity,903469103,Batomon Showdown,1586,2026-09-11T06:01:05Z,en,"['Chill', 'Analytical', 'AYAYA', 'Ally', 'English']",2026-09-11,21-30-08,Friday
318400473319,636587384,alveussanctuary,272263131,"Animals, Aquariums, and Zoos",1583,2026-09-10T13:31:29Z,en,"['English', 'TogetherForGood', 'purplemartins', 'Charity', 'DropsEnabled']",2026-09-11,21-30-08,Friday
316077112554,22596190,takesipon,491487,Dead by Daylight,1572,2026-09-11T13:31:18Z,zh,['中文'],2026-09-11,21-30-08,Friday
317733971427,241808969,avamind,1357871551,The Blood of Dawnwalker,1572,2026-09-11T12:10:34Z,fr,"['Français', 'justchattıng', 'multigaming', 'discussion', 'DropsActivés']",2026-09-11,21-30-08,Friday
316820016213,64023526,del1ght,32399,Counter-Strike,1569,2026-09-11T13:53:06Z,ru,['Русский'],2026-09-11,21-30-08,Friday
317734735331,622498423,otplol_,21779,League of Legends,1561,2026-09-11T14:02:45Z,fr,['Français'],2026-09-11,21-30-08,Friday
318608687334,1087920629,eisteelepeach_1,509672,IRL,1560,2026-09-11T12:40:50Z,de,"['Deutsch', 'flohmarkt', 'Müll', 'König', 'Gaunern']",2026-09-11,21-30-08,Friday
316030730451,140968760,watsondoto,29595,Dota 2,1559,2026-09-11T13:55:16Z,ru,"['Русский', 'English']",2026-09-11,21-30-08,Friday
318547086181,277405774,sfgameofficial,510389,Shakes and Fidget,1549,2026-09-11T13:45:15Z,en,"['International', 'Classic', 'Indie', 'BrowserGame', 'shakesandfidget', 'drops', 'English', 'DropsEnabled']",2026-09-11,21-30-08,Friday
318410019431,89824217,szelioficjalnie,32399,Counter-Strike,1540,2026-09-11T08:57:45Z,pl,['Polski'],2026-09-11,21-30-08,Friday
316004667986,522478761,hackingnoisess,27471,Minecraft,1537,2026-09-11T12:09:42Z,en,"['Speedrun', 'English']",2026-09-11,21-30-08,Friday
318410613863,99966887,saberlight00,29595,Dota 2,1531,2026-09-11T10:27:44Z,en,"['educational', 'czech', 'italiano', 'English']",2026-09-11,21-30-08,Friday
318544038373,22712717,tortedelini,458781,No Man's Sky,1514,2026-09-11T07:07:05Z,en,"['English', 'BackseatingAllowed', 'gorgc', 'tortedelini', 'DropsEnabled', 'onimusha']",2026-09-11,21-30-08,Friday
318607321702,57361005,slayproxx,508455,Valheim,1510,2026-09-11T09:34:31Z,pl,"['Polski', 'DropyWłączone']",2026-09-11,21-30-08,Friday
321376982490,551855052,struggle_4,509658,Just Chatting,1510,2026-09-11T10:47:37Z,en,"['English', 'UnitedStates', 'Geopolitical', 'Politics', 'NewsAnalysis', 'Socialist', 'Leftist', 'Veteran', 'CatDad', 'DropsEnabled']",2026-09-11,21-30-08,Friday
320299776480,44741426,streamerhouse,458781,No Man's Sky,1510,2026-09-09T21:57:48Z,en,"['Marathon', 'AlwaysOn', 'Subathon', 'StreamerHouse', 'English', '24hr', '247Stream', 'gaming', 'LGBTQ', 'DropsEnabled']",2026-09-11,21-30-08,Friday
316819348565,53649632,naowh,18122,World of Warcraft,1501,2026-09-11T11:52:15Z,en,"['PvE', 'MDI', 'TGP', 'Retail', 'Raid', 'Tanking', 'English', 'Dungeons', 'ClassicEra', 'worldofwarcraft']",2026-09-11,21-30-08,Friday
316850294742,98311933,madarapoe,1702520304,Path of Exile 2,1499,2026-09-11T09:59:54Z,ru,"['Русский', 'gym', 'gachi', 'MF', 'English', 'DropsВключены']",2026-09-11,21-30-08,Friday
318412266727,59965916,rdulive,138585,Hearthstone,1494,2026-09-11T13:36:06Z,en,"['English', 'Autobattler', 'KEKW', 'Battlegrounds', 'Educational']",2026-09-11,21-30-08,Friday
316499241331,122391197,shiro_manta,32982,Grand Theft Auto V,1488,2026-09-11T10:07:34Z,ja,"['日本語', 'ネタバレ注意', '原稿のときはスクショ禁止', '鳩禁止', '固定コメント要確認', '左手デバイス', 'Drops有効']",2026-09-11,21-30-08,Friday
321488872155,31645736,goodoq,29595,Dota 2,1485,2026-09-11T13:05:41Z,ru,"['ASMR', 'Русский', 'Озеро', 'Усы']",2026-09-11,21-30-08,Friday
320318830048,29400754,lacari,394568,RimWorld,1479,2026-09-11T06:37:34Z,en,"['Vtuber', 'English', 'forsen', 'chill', 'PlayingwithViewers', 'Interactive', 'ADHD', 'Cozy', 'Anime', 'Black']",2026-09-11,21-30-08,Friday
316819838933,141651092,gagik,32399,Counter-Strike,1478,2026-09-11T13:21:53Z,ru,"['Multiplayer', 'ВИКИНГ', 'ГАГИК', 'ЦЕНТРАЛ', 'Majestic', 'Русский']",2026-09-11,21-30-08,Friday
318411801831,667193327,fantacalcio,518203,Sports,1473,2026-09-11T12:51:18Z,it,"['sport', 'Fantacalcio', 'fantasysport', 'Italiano', 'calciomercato', 'probabiliformazioni', 'SerieA', 'SerieAEnilive', 'championsleague', 'DropAbilitati']",2026-09-11,21-30-08,Friday
315983369681,124604785,kragiee,1264310518,Marvel Rivals,1459,2026-09-11T08:21:57Z,en,"['English', 'DropsEnabled']",2026-09-11,21-30-08,Friday
316004192082,22680841,joshimuz,18707,Grand Theft Auto IV,1447,2026-09-11T08:16:36Z,en,"['Speedrun', 'sPeEdRuN', 'SpEeDrUn', 'English', 'SPEEDRUN', 'speedrunning', 'Speedrunner', 'Speedruns', 'speedruning', 'speedrunners']",2026-09-11,21-30-08,Friday
317734497891,48268330,anujbost,509658,Just Chatting,1442,2026-09-11T13:31:54Z,es,"['NOTICIAS', 'NEGOCIOS', 'ACTUALIDAD', 'ANUJ', 'ECONOMIA', 'ANJU', 'ESPAÑA', 'Español', 'DIVULGACIÓN', 'Argentina']",2026-09-11,21-30-08,Friday
316442451570,206506086,euriece,511224,Apex Legends,1438,2026-09-11T11:16:23Z,ja,"['日本語勉強', '日本語', 'EURIECE', '雑談', '日本', 'ユリース']",2026-09-11,21-30-08,Friday
318546023525,62651386,general_hs_,21779,League of Legends,1437,2026-09-11T12:01:24Z,ru,"['Русский', 'АХАХАХАХАХА', 'активныйстример', 'Амазинг', 'Антискам', 'Азиаточки', 'ахуитизм', 'папик']",2026-09-11,21-30-08,Friday
315484038894,21534857,wannasinging,626298054,Machine Party,1412,2026-09-11T11:56:34Z,zh,['中文'],2026-09-11,21-30-08,Friday
317697969762,751562865,mohamedlightcr,491168,Clash Royale,1412,2026-09-11T12:37:44Z,en,"['العربية', 'English', 'MohamedLight', 'Cr', 'ClashRoyale', 'Top1']",2026-09-11,21-30-08,Friday
317721657700,104391402,psp1g,32399,Counter-Strike,1403,2026-09-11T10:58:35Z,en,"['English', 'forsen', 'xqcL', 'ADHD', 'vtuber', 'femboy', 'pngtuber', 'fps', 'gaming', 'DropsEnabled']",2026-09-11,21-30-08,Friday
316818806613,776265611,eleezabet,509658,Just Chatting,1395,2026-09-11T09:35:18Z,ru,"['Русский', 'girls', 'English', 'DropsВключены']",2026-09-11,21-30-08,Friday
316499201395,443476599,patisyu,32982,Grand Theft Auto V,1388,2026-09-11T09:57:32Z,ja,"['かっこいい', '日本語', '雑談', 'ストグラ', 'ストグラ警察', 'gta', 'Drops有効']",2026-09-11,21-30-08,Friday
316439338354,25202416,shuteye_orange,509658,Just Chatting,1384,2026-09-10T17:13:06Z,zh,"['中文', '恐怖遊戲', 'Horror', '恐怖', '燕雲十六聲', 'wherewindsmeet', '鬼武者', 'onimusha', '鬼武者ws', 'PR']",2026-09-11,21-30-08,Friday
318406471015,1539199428,zockerimperiumde,498566,Slots,1355,2026-09-10T20:47:12Z,de,['Deutsch'],2026-09-11,21-30-08,Friday
321489325275,184336761,acie,32982,Grand Theft Auto V,1348,2026-09-11T14:02:14Z,en,"['English', 'DropsEnabled', 'NoPixelV']",2026-09-11,21-30-08,Friday
316499250675,400123822,titiseadmin,32982,Grand Theft Auto V,1347,2026-09-11T10:10:09Z,ja,"['日本語', '雑談', 'ストグラ', 'Drops有効']",2026-09-11,21-30-08,Friday
318412070247,69616738,xth0rek,32982,Grand Theft Auto V,1345,2026-09-11T13:17:48Z,pl,"['Polski', 'drops', 'NoPixel', 'DropyWłączone']",2026-09-11,21-30-08,Friday
321377230938,23844396,teepee,743893402,WARDOGS,1345,2026-09-11T12:05:39Z,en,"['callofduty', 'optic', 'English', 'fps', 'battleroyale', 'warzone', 'bo7', 'Blackout', 'pro', 'DropsEnabled']",2026-09-11,21-30-08,Friday
318411937511,88107116,muhanjan,509658,Just Chatting,1342,2026-09-11T13:04:35Z,ru,"['Русский', 'IRL']",2026-09-11,21-30-08,Friday
316894787412,76036152,murzofix,32399,Counter-Strike,1341,2026-09-11T13:08:07Z,ru,['Русский'],2026-09-11,21-30-08,Friday
318411685479,594263972,sanne2411,1669431183,DJs,1341,2026-09-11T12:39:26Z,de,"['Deutsch', 'Techno', 'ACID', 'NoMic', 'German', 'English', 'LurkerFriendly', 'NoASCII', 'hardtechno', 'DropsAktiviert']",2026-09-11,21-30-08,Friday
321311764697,204659019,lockintj,602040818,NBA 2K27,1321,2026-09-11T03:51:19Z,en,"['2k', 'comp', 'English', '2k26', '2K27', 'DropsEnabled']",2026-09-11,21-30-08,Friday
316819314773,36805559,mirlol,18122,World of Warcraft,1319,2026-09-11T11:44:52Z,en,"['English', 'TBC', 'PvP', 'ADHD']",2026-09-11,21-30-08,Friday
316499258483,180584676,leotukuyomi,32982,Grand Theft Auto V,1317,2026-09-11T10:12:13Z,ja,"['日本語', 'Drops有効']",2026-09-11,21-30-08,Friday
319177746391,140313390,verybadscav,743893402,WARDOGS,1311,2026-09-10T14:13:46Z,en,"['English', 'DropsEnabled']",2026-09-11,21-30-08,Friday
317696994146,74547642,elbokeron,1313351584,Football Manager 26,1311,2026-09-11T09:08:27Z,es,['Español'],2026-09-11,21-30-08,Friday
321377262554,806386760,e36_kimitosu,32982,Grand Theft Auto V,1306,2026-09-11T12:14:36Z,ja,"['ストグラ', '雑談', '日本語', 'ストグラFV', 'Drops有効']",2026-09-11,21-30-08,Friday
316053046633,179896802,berticuss,1357871551,The Blood of Dawnwalker,1304,2026-09-11T10:52:51Z,en,"['gaming', 'Australian', 'English', 'adhd', 'girl', 'Woman', 'meme', 'SweatPants', 'ObnoxiousBrightness', 'Treadmillstreamer']",2026-09-11,21-30-08,Friday
317698378722,31813025,brucegrannec,509658,Just Chatting,1302,2026-09-11T13:41:44Z,fr,"['Français', 'DropsActivés']",2026-09-11,21-30-08,Friday
318093048536,1064197963,shrood,499973,Always On,1300,2026-09-10T10:47:19Z,en,"['English', 'shroud', 'fps', 'pubg', 'cs', '247', 'alldayshroud', 'Rerun']",2026-09-11,21-30-08,Friday
316431804529,822299689,hikari_hira,32982,Grand Theft Auto V,1291,2026-09-11T10:06:26Z,ja,"['vtuber', '日本語', 'Drops有効']",2026-09-11,21-30-08,Friday
316076417898,150323309,mee_shell,458781,No Man's Sky,1286,2026-09-11T10:30:47Z,en,"['NewZealand', 'Chatty', 'NZ', 'English', 'Kiwi', 'OCE', 'DropsEnabled']",2026-09-11,21-30-08,Friday
316499394803,41952329,bijusan,743893402,WARDOGS,1272,2026-09-11T10:49:30Z,ja,"['日本語', 'Drops有効']",2026-09-11,21-30-08,Friday
321488805723,1352024332,b1gk3v718,670138298,Madden NFL 27,1270,2026-09-11T12:57:58Z,en,"['English', 'DropsEnabled']",2026-09-11,21-30-08,Friday
316053691241,100438963,ko0416,516575,VALORANT,1270,2026-09-11T13:49:37Z,zh,"['中文', '启用掉宝']",2026-09-11,21-30-08,Friday
316431683057,45839490,alfrea,513143,Teamfight Tactics,1263,2026-09-11T09:34:42Z,ja,"['ネタバレ禁止', 'アドバイス禁止', '日本語']",2026-09-11,21-30-08,Friday
316894215124,276109315,piskulya,509658,Just Chatting,1260,2026-09-11T11:22:07Z,ru,"['Русский', 'English', 'Cosplay', 'Dance', 'Chinese中文', 'DropsВключены']",2026-09-11,21-30-08,Friday
318608368614,65411398,juice,327598602,Onimusha: Way of the Sword,1258,2026-09-11T12:03:03Z,ru,"['Русский', 'DropsВключены']",2026-09-11,21-30-08,Friday
316887576276,118031210,meetenshow,509672,IRL,1255,2026-09-10T08:30:12Z,ru,"['Русский', 'митин', 'легенда', 'bmw', 'meeten', 'f30', 'марафон', '24часа', 'артурмитин']",2026-09-11,21-30-08,Friday
317734475491,129289579,krl_stream,32399,Counter-Strike,1242,2026-09-11T13:29:09Z,fr,"['Français', 'KRL', 'CS2']",2026-09-11,21-30-08,Friday
318608269414,451024164,granadyy,687129551,Trackmania,1239,2026-09-11T11:52:57Z,en,"['speedrun', 'TrackMania', 'vroomvroom', 'wheel', 'NoBackseating', 'English']",2026-09-11,21-30-08,Friday
316850739670,583602418,off_kuka358,401587136,Arena Breakout: Infinite,1238,2026-09-11T11:26:24Z,ru,"['kuka358', 'kuka', 'кука358', 'кука', 'Русский', 'drops']",2026-09-11,21-30-08,Friday
316851008342,71089431,lagoda1337,509658,Just Chatting,1237,2026-09-11T12:13:58Z,ru,"['Русский', 'DropsВключены']",2026-09-11,21-30-08,Friday
315983393489,27107346,b0aty,459931,Old School RuneScape,1224,2026-09-11T08:35:21Z,en,"['English', 'frog', 'Toad', 'Whale', 'felloff', 'WashedUp']",2026-09-11,21-30-08,Friday
320174590942,1312862940,asmongold247,435870350,Dragon's Dogma II,1218,2026-09-10T22:12:08Z,en,['English'],2026-09-11,21-30-08,Friday
317696899682,75373669,gius,743893402,WARDOGS,1210,2026-09-11T08:40:50Z,fr,"['Français', 'Détente', 'Sport', 'Fitness', 'Multigaming', 'fps', 'MMORPG', 'DropsActivés']",2026-09-11,21-30-08,Friday
320278964188,61287590,ste_eire,32982,Grand Theft Auto V,1208,2026-09-11T13:03:09Z,en,"['English', 'Irish', 'gtaroleplay', 'NoPixel', 'NopixelV', 'DropsEnabled']",2026-09-11,21-30-08,Friday
317733904995,582419043,agorafutbol,518203,Sports,1207,2026-09-11T12:00:26Z,es,"['Español', 'deportes', 'deporte', 'fútbol', 'futbol', 'DropsActivados']",2026-09-11,21-30-08,Friday
320320095584,1047230583,fdsignifyre1,509658,Just Chatting,1202,2026-09-11T12:45:43Z,en,"['English', 'Black', 'BlackBrilliance', 'old', 'OldManGamer', 'DropsEnabled']",2026-09-11,21-30-08,Friday
318395225959,106159308,gronkhtv,498377,Staxel,1200,2026-09-09T21:12:23Z,de,['Deutsch'],2026-09-11,21-30-08,Friday
318545060709,120707836,beeblebum,458781,No Man's Sky,1197,2026-09-11T09:48:05Z,en,"['English', 'Chill', 'Building', 'Laidback', 'TalksToChat', 'BackseatMeGently', 'Adventure', 'survival', 'scifi', 'DropsEnabled']",2026-09-11,21-30-08,Friday
316893755220,85463072,randombrucetv,21779,League of Legends,1186,2026-09-11T09:28:05Z,pl,"['Polski', 'lol', 'leagueoflegends']",2026-09-11,21-30-08,Friday
316432352625,175189837,kolu_pen,921298138,BOMBANANA!,1185,2026-09-11T12:05:10Z,ja,['日本語'],2026-09-11,21-30-08,Friday
316893056084,27954235,nuke73,509658,Just Chatting,1183,2026-09-11T05:12:11Z,ru,"['Русский', 'DropsВключены']",2026-09-11,21-30-08,Friday
320278470876,78989410,zajef77,513181,Genshin Impact,1183,2026-09-11T11:13:06Z,en,['English'],2026-09-11,21-30-08,Friday
321314730969,52349411,skyrroztv,512710,Call of Duty: Warzone,1183,2026-09-11T12:18:54Z,fr,"['warzone', 'gaming', 'fr', 'podcast', 'mw4', 'callofduty', 'Français', 'zevent', 'Zevent2026', 'DropsActivés']",2026-09-11,21-30-08,Friday
321377787226,22562338,buffpup,509658,Just Chatting,1182,2026-09-11T14:08:01Z,en,"['English', 'Vtuber', 'cringe', 'monstergirl', 'Anime', 'werewolf', 'Woman', 'sterileandferal', 'Whimsy', 'DropsEnabled']",2026-09-11,21-30-08,Friday
319010468852,860305880,patoalbion,417528,Albion Online,1181,2026-09-11T10:04:18Z,pt,"['Português', 'MMORPG', 'conversa', 'drops', 'English', 'Español', 'DropsAtivados']",2026-09-11,21-30-08,Friday
317696973922,169527258,pandorelol,21779,League of Legends,1180,2026-09-11T09:03:17Z,fr,"['GIGACHAD', 'Yeslife', 'Français', 'Pouler', 'Permaban', 'Reacteur', 'Régulier', 'HenryCavill']",2026-09-11,21-30-08,Friday
318607486438,141074734,kayjii,1264310518,Marvel Rivals,1177,2026-09-11T10:00:33Z,en,"['English', 'Competitive', 'Top500', 'Chill', 'Luna', 'WhiteFox', 'Mantis', 'Femboy', 'DropsEnabled']",2026-09-11,21-30-08,Friday
319188802263,37751556,hens,491487,Dead by Daylight,1176,2026-09-11T13:16:12Z,en,"['English', 'Sluggerrat333', 'young', 'Hip', 'Not', 'old', 'Yapper', 'Wise']",2026-09-11,21-30-08,Friday
318606927590,540662549,junicats,509672,IRL,1174,2026-09-11T08:21:53Z,de,"['Deutsch', 'IRL', 'Tour', 'protugal', 'DropsAktiviert']",2026-09-11,21-30-08,Friday
317721507940,227217502,dino_xx,459931,Old School RuneScape,1168,2026-09-11T10:20:00Z,en,"['English', 'Osrs', 'Pking', 'DMAllstars2']",2026-09-11,21-30-08,Friday
318547071205,608331015,technoconnectspeople,1669431183,DJs,1166,2026-09-11T13:43:53Z,de,"['Techno', 'DJ', 'Live', 'Sets', 'German', 'English', 'Deutsch', 'DropsAktiviert']",2026-09-11,21-30-08,Friday
316053384681,835741219,josie5297,505884,PUBG MOBILE,1162,2026-09-11T12:29:42Z,zh,"['中文', '启用掉宝']",2026-09-11,21-30-08,Friday
316850780246,600513126,tabula,509658,Just Chatting,1162,2026-09-11T11:35:07Z,ru,"['Русский', 'DropsВключены']",2026-09-11,21-30-08,Friday
316053248105,43177431,asiagodtonegg3be0,21779,League of Legends,1161,2026-09-11T11:51:51Z,zh,['中文'],2026-09-11,21-30-08,Friday
319188549591,20694610,towelliee,18122,World of Warcraft,1157,2026-09-11T12:00:12Z,en,"['tank', 'worldofwarcraft', 'entertainment', 'English', 'MMORPG', 'classicplus', 'wowmidnight', 'midnightseason2', 'protpaladin']",2026-09-11,21-30-08,Friday
316029910995,22959224,crokeyz,2748,Magic: The Gathering,1149,2026-09-11T07:05:02Z,en,['English'],2026-09-11,21-30-08,Friday
318546841573,1538728349,reydelmaxwin,498566,Slots,1149,2026-09-11T13:23:18Z,es,['Español'],2026-09-11,21-30-08,Friday
316197401835,137192875,degrastream,509658,Just Chatting,1149,2026-09-11T13:07:04Z,ru,"['Русский', 'DropsВключены']",2026-09-11,21-30-08,Friday
316895083220,871186043,pashut1n,509658,Just Chatting,1149,2026-09-11T13:55:16Z,ru,"['Русский', 'DropsВключены']",2026-09-11,21-30-08,Friday
318409733351,25270623,florryworry,1414406743,Europa Universalis V,1143,2026-09-11T08:09:31Z,en,"['English', 'Strategy']",2026-09-11,21-30-08,Friday
318606295910,143123320,2twistedtv,743893402,WARDOGS,1135,2026-09-11T06:12:08Z,de,"['Deutsch', 'fps', 'Shooter', 'tacticalshooter', 'Hardcore', 'Competitive', 'survival', 'ExtractionShooter', 'DropsAktiviert']",2026-09-11,21-30-08,Friday
318411449191,51929371,ml7support,515025,Overwatch,1127,2026-09-11T12:14:41Z,en,"['English', 'gaming', 'overwatch']",2026-09-11,21-30-08,Friday
318546727909,87568138,jessirocks,515024,Diablo IV,1125,2026-09-11T13:12:00Z,de,['Deutsch'],2026-09-11,21-30-08,Friday
318411006055,21802540,versuta,29595,Dota 2,1122,2026-09-11T11:20:16Z,ru,['Русский'],2026-09-11,21-30-08,Friday
315497490415,144947284,tritonpoker,488190,Poker,1119,2026-09-11T04:21:27Z,en,"['English', 'poker', 'pokerlivestream', 'pokertournament', 'tritonpoker', 'DropsEnabled']",2026-09-11,21-30-08,Friday
316500477043,1348007437,koyuki_teraz,1898040946,How to Fish,1111,2026-09-11T13:59:04Z,zh,['中文'],2026-09-11,21-30-08,Friday
318101178072,1152047996,fluxxyqq,498566,Slots,1108,2026-09-11T13:38:10Z,en,"['slots', 'casino', 'English', 'maxwin']",2026-09-11,21-30-08,Friday
316499794419,777241187,kiruma_ch,921298138,BOMBANANA!,1108,2026-09-11T12:05:09Z,ja,"['日本語', 'ネタバレ禁止']",2026-09-11,21-30-08,Friday
318607675238,76728281,rvnxmango,743893402,WARDOGS,1105,2026-09-11T10:28:39Z,hi,['Deutsch'],2026-09-11,21-30-08,Friday
316851289174,634606699,dorozea,509658,Just Chatting,1102,2026-09-11T13:03:30Z,en,"['English', 'girlgamers', 'funtowatch', 'Bigfeet', 'NOFRIENDSOMEGALUL', 'Chickenfeet', 'LGBTQFriendly', 'DropsEnabled']",2026-09-11,21-30-08,Friday
317698473442,175017835,llunaclark,509672,IRL,1101,2026-09-11T13:57:19Z,es,['Español'],2026-09-11,21-30-08,Friday
316819133653,164699786,dima_wallhacks,32399,Counter-Strike,1100,2026-09-11T11:01:48Z,en,"['140IQ', 'English', 'ASMR', 'cs', 'CS2']",2026-09-11,21-30-08,Friday
318412364007,101020771,repaz,1357871551,The Blood of Dawnwalker,1099,2026-09-11T13:45:37Z,de,"['Deutsch', 'DropsAktiviert']",2026-09-11,21-30-08,Friday
317697779810,17308628,willyrex,27471,Minecraft,1093,2026-09-11T12:03:53Z,es,['Español'],2026-09-11,21-30-08,Friday
317697476066,546719087,gh0starcade,491487,Dead by Daylight,1085,2026-09-11T11:04:29Z,en,"['NorthernIreland', 'Ally', 'Chatty', 'Hyped', 'Memes', 'DeadbyDaylightPartner', 'English', 'Irish', 'dbdcreator', 'DropsEnabled']",2026-09-11,21-30-08,Friday
315984074065,101175894,auziomf,624536948,EA Sports FC 26,1082,2026-09-11T14:07:51Z,en,"['English', 'Football', 'fc26']",2026-09-11,21-30-08,Friday
315483837550,16677765,qttsix,743893402,WARDOGS,1078,2026-09-11T10:22:08Z,zh,"['中文', '启用掉宝']",2026-09-11,21-30-08,Friday
317721030116,37851229,break,743893402,WARDOGS,1076,2026-09-11T08:03:06Z,en,"['English', 'DropsEnabled']",2026-09-11,21-30-08,Friday
316004512978,36768783,hypnoshark,5682,CTR: Crash Team Racing,1062,2026-09-11T10:59:02Z,en,"['English', 'Speedrun', 'speedrun', 'crashbandicoot', 'crash', 'PlayStation', 'Retro', 'Spyro', 'mariokart', 'mario']",2026-09-11,21-30-08,Friday
316431767793,463657800,wakiwaki612,32982,Grand Theft Auto V,1062,2026-09-11T09:58:44Z,ja,"['サブスクビッツ乞食', 'わきを', '雑談', 'ストグラ', 'GTA', 'MADTOWN', 'スト鯖', 'VCRRUST', '脇逢魔', '日本語']",2026-09-11,21-30-08,Friday
318547224293,1539520545,edelspins,498566,Slots,1061,2026-09-11T13:56:48Z,de,['Deutsch'],2026-09-11,21-30-08,Friday
316893746004,37133754,prefoxfox,18122,World of Warcraft,1061,2026-09-11T09:25:47Z,en,"['English', 'DropsEnabled', 'Speedrunning']",2026-09-11,21-30-08,Friday
317427320183,52668922,sayu,343455332,Crime Scene Cleaner,1059,2026-09-11T04:48:11Z,en,"['Vtuber', 'Tomboy', 'DarkHumor', 'PleaseReadRules', 'oldersistervibes', 'HagTuber', 'USA', 'English', 'Japanese', 'subathon']",2026-09-11,21-30-08,Friday
315483804142,126595970,restiafps,516575,VALORANT,1058,2026-09-11T10:06:22Z,zh,['中文'],2026-09-11,21-30-08,Friday
316849525718,53607259,themainmanswe,538054672,TEKKEN 8,1056,2026-09-11T06:37:08Z,en,['English'],2026-09-11,21-30-08,Friday
317733397219,243579697,hakaiwrld,516575,VALORANT,1056,2026-09-11T10:21:43Z,fr,['Français'],2026-09-11,21-30-08,Friday
316431768817,700262945,idoce_69,516575,VALORANT,1055,2026-09-11T09:59:01Z,zh,"['中文', '冥想台', '聊天']",2026-09-11,21-30-08,Friday
317722192868,238108646,utbh_oficial,509658,Just Chatting,1054,2026-09-11T12:44:39Z,es,"['Español', 'DropsActivados']",2026-09-11,21-30-08,Friday
316499342323,41040104,foxrabbit,32982,Grand Theft Auto V,1050,2026-09-11T10:35:24Z,ja,"['fps', '日本語', '鳩禁止', 'ストグラ', 'Drops有効']",2026-09-11,21-30-08,Friday
316431997553,153034674,alphaazur,743893402,WARDOGS,1048,2026-09-11T10:57:47Z,ja,"['日本語', 'Drops有効']",2026-09-11,21-30-08,Friday
318410418791,66551495,knueppelpaste,743893402,WARDOGS,1048,2026-09-11T09:57:56Z,de,"['Deutsch', 'eigentlichganznett', 'PvP', 'vollderProfi', 'EFT', 'Lehrreich', 'DropsAktiviert']",2026-09-11,21-30-08,Friday
316499258867,147479110,ow_pepper,32982,Grand Theft Auto V,1037,2026-09-11T10:12:28Z,ja,"['日本語', 'Drops有効']",2026-09-11,21-30-08,Friday
318543619941,133099286,azamat799,509658,Just Chatting,1036,2026-09-11T05:44:05Z,ru,"['Русский', 'DropsВключены']",2026-09-11,21-30-08,Friday
318545553637,601383025,fustler,509672,IRL,1033,2026-09-11T11:00:42Z,de,"['flohmarkt', 'reselling', 'anime', 'Deutsch', 'schmeckt', 'Retro', 'vintage', 'Storage', 'StorageHunter']",2026-09-11,21-30-08,Friday
318545843813,108208500,liereyy,13389,Age of Empires II,1032,2026-09-11T11:39:17Z,en,['English'],2026-09-11,21-30-08,Friday
316013458152,92113890,midbeast,21779,League of Legends,1031,2026-09-11T02:05:59Z,en,"['leagueoflegends', 'English', 'LyingEncouraged', 'Manipulator', 'Anime', 'Australia', 'dinosaurs', 'Affectionate', 'Golf', 'trapezoid']",2026-09-11,21-30-08,Friday
318606559974,56580252,deadrabb1t,1702520304,Path of Exile 2,1025,2026-09-11T07:13:03Z,en,"['Positivity', 'AMA', 'ADHD', 'Interactive', 'Chatty', 'Educational', 'music', 'metalcore', 'Metal', 'English']",2026-09-11,21-30-08,Friday
316850764246,91465245,fruktozka,509658,Just Chatting,1018,2026-09-11T11:31:10Z,ru,"['Позитивныйстрим', 'DropsВключены', 'нешарювмузыке', 'Русский']",2026-09-11,21-30-08,Friday
315483739630,77813460,piper729,516575,VALORANT,1013,2026-09-11T09:32:21Z,zh,"['烏克麗麗', '中文', 'English', 'girl']",2026-09-11,21-30-08,Friday
316004164946,171506994,benjamool,509672,IRL,1012,2026-09-11T08:02:01Z,de,"['Deutsch', 'IRL', 'Lost', 'Reisen', 'Outdoors', 'DropsAktiviert']",2026-09-11,21-30-08,Friday
316818269525,121228500,casinodaddy,498566,Slots,1008,2026-09-11T06:37:56Z,en,"['English', 'justchatting', 'gaming', 'IRL', 'Fortnite', 'minecraft', 'GrandTheftAutoV', 'leagueoflegends', 'valorant', 'counterstrike2']",2026-09-11,21-30-08,Friday
316819418197,73625408,kate,32982,Grand Theft Auto V,1007,2026-09-11T12:06:24Z,en,"['RP', 'English', 'NoPixel', 'NoPixelWL', 'NoPixelRP', 'Cozy', 'ADHD', 'NPV', 'nopixelv', 'DropsEnabled']",2026-09-11,21-30-08,Friday
318939173493,956784486,surskity11,509658,Just Chatting,1007,2026-09-11T07:21:23Z,pt,"['Português', 'DropsAtivados']",2026-09-11,21-30-08,Friday
318412580967,867119040,chappa134,509672,IRL,1006,2026-09-11T14:04:51Z,ru,"['CS2', 'gta5rp', 'IRL', 'Русский']",2026-09-11,21-30-08,Friday
317721846884,30977449,sekiam,329951934,Pokémon Community Game,1003,2026-09-11T11:37:17Z,es,['Español'],2026-09-11,21-30-08,Friday
319011172724,49915604,moquinhaftw,32399,Counter-Strike,1001,2026-09-11T13:36:01Z,pt,['Português'],2026-09-11,21-30-08,Friday
316819157205,148844345,roadhouse,512923,Baldur's Gate 3,1001,2026-09-11T11:07:09Z,ru,['Русский'],2026-09-11,21-30-08,Friday
317733155939,40110994,reventxz,508455,Valheim,994,2026-09-11T09:18:35Z,es,"['Español', 'teamfighttactics', 'VarietyGamer', 'Challenger', 'pro', 'proplayer']",2026-09-11,21-30-08,Friday
316818658389,737383083,leissik,1282866981,Delta Force,994,2026-09-11T08:54:34Z,en,"['English', 'chattingwithviewers', 'ExtractionShooter', 'DeltaForceGame', 'deltaforce', 'stinger', 'chill', 'bald', 'solo', 'solovssquad']",2026-09-11,21-30-08,Friday
317720857188,1001439343,disneylorcana,1951012895,Disney Lorcana Trading Card Game,993,2026-09-11T06:59:48Z,en,"['disney', 'TCG', 'Lorcana', 'TradingCardGames', 'English', 'challenge']",2026-09-11,21-30-08,Friday
317697486818,40537296,linepro,1264310518,Marvel Rivals,992,2026-09-11T11:06:04Z,es,"['Pro', 'Competitive', 'Español', 'Shooter', 'acción', 'DropsActivados']",2026-09-11,21-30-08,Friday
316499598323,741229569,amakipururu,756802928,Cursed Companions,991,2026-09-11T11:34:30Z,ja,"['Vtuber', 'ネタバレ禁止', '日本語', 'ネタバレ注意']",2026-09-11,21-30-08,Friday
318411065191,147992019,skevich_,743893402,WARDOGS,990,2026-09-11T11:28:08Z,uk,"['Українська', 'DropsУвімкнено']",2026-09-11,21-30-08,Friday
316014130664,58686695,hyper2374,456845141,Zenless Zone Zero,988,2026-09-11T06:59:05Z,zh,"['中文', '搞笑擔當', '開台持久', '群皆大佬', '启用掉宝']",2026-09-11,21-30-08,Friday
317732286435,118722736,zerator_247,499973,Always On,987,2026-09-11T03:00:04Z,fr,"['AlwaysOn', '247Stream', '247Live', 'nonstop', 'replay', 'Français', 'Rediffusion']",2026-09-11,21-30-08,Friday
318410529127,49082280,v1nkub,743893402,WARDOGS,976,2026-09-11T10:15:24Z,de,"['Deutsch', 'Warzone', 'COD', 'VinKub', 'Rebirth', 'zodiac', 'DropsAktiviert']",2026-09-11,21-30-08,Friday
316442431730,127357428,mrlo_tw,1119642287,Yu-Gi-Oh! Master Duel,976,2026-09-11T11:12:55Z,zh,"['中文', '惡人谷', 'yugioh', 'YugiohMasterDuel']",2026-09-11,21-30-08,Friday
321488741851,690460356,darkmasuotv,509658,Just Chatting,972,2026-09-11T12:49:09Z,ja,"['日本語', 'Drops有効']",2026-09-11,21-30-08,Friday
318101140184,721402063,bernd_zehner,509672,IRL,972,2026-09-11T13:24:18Z,de,"['Deutsch', 'dippemess', 'IRL', 'berndzehner', 'Frankfurt', 'Kirmes', 'Essen', 'livestreaming']",2026-09-11,21-30-08,Friday
318606803686,8822303,overpow,508455,Valheim,963,2026-09-11T07:59:22Z,pl,['Polski'],2026-09-11,21-30-08,Friday
318939570421,200167429,souuthy,1264310518,Marvel Rivals,962,2026-09-11T10:54:50Z,pt,"['Português', 'Inglês', 'marvelrivals', 'drops', 'MarvelRivalsPartner', 'GORRTHEGODBUTCHER', 'scarletwitch', 'DropsAtivados']",2026-09-11,21-30-08,Friday
317696720226,56964879,twoangrygamerstv,743893402,WARDOGS,951,2026-09-11T07:51:45Z,en,"['duo', 'comedy', 'multiplayer', 'british', 'memes', 'English', 'DropsEnabled']",2026-09-11,21-30-08,Friday
315515578096,752742297,seoi1016,509658,Just Chatting,951,2026-09-10T12:56:52Z,ko,"['한국어', 'English', '中文', 'Asian', '日本語', 'Русский', 'Dance', 'kpop', 'korean', '드롭활성화됨']",2026-09-11,21-30-08,Friday
317721896036,1094009511,zewonka,516575,VALORANT,950,2026-09-11T11:47:36Z,fr,"['Français', 'ZeWonka', 'fun', 'x', 'evenement', 'Tournoi']",2026-09-11,21-30-08,Friday
316850730710,669445653,korya_mc,250649084,SILENT HILL 2,949,2026-09-11T11:24:17Z,ru,['Русский'],2026-09-11,21-30-08,Friday
318412462439,97903976,mouzakrobat,27546,World of Tanks,934,2026-09-11T13:55:06Z,de,"['Deutsch', 'DropsAktiviert']",2026-09-11,21-30-08,Friday
318410896999,21255999,kritzkast,16676,Team Fortress 2,928,2026-09-11T11:06:01Z,en,"['English', 'DropsEnabled']",2026-09-11,21-30-08,Friday
316440980594,1348099501,hitomi_teraz,516575,VALORANT,924,2026-09-11T05:12:36Z,zh,"['Vtuber', '中文', '子午計畫']",2026-09-11,21-30-08,Friday
318410118631,57317154,steelmage,1702520304,Path of Exile 2,923,2026-09-11T09:12:44Z,en,"['English', 'Australian', 'DropsEnabled']",2026-09-11,21-30-08,Friday
315518477296,11561802,godjj,516575,VALORANT,923,2026-09-11T14:11:51Z,zh,"['中文', '訂閱免廣告', '登入就送']",2026-09-11,21-30-08,Friday
316819406165,123364886,timofey,509658,Just Chatting,922,2026-09-11T12:04:20Z,ru,"['Русский', 'DropsВключены']",2026-09-11,21-30-08,Friday
318546616805,1538530423,quicomandamamma1,509658,Just Chatting,921,2026-09-11T13:01:28Z,en,"['English', 'DropsEnabled', 'Italiano', 'Comedy', 'FamilyFriendly']",2026-09-11,21-30-08,Friday
318409057767,26341777,psherotv,18122,World of Warcraft,921,2026-09-11T05:49:51Z,en,"['English', 'chill', 'MMORPG', 'Educational', 'Bulgarian']",2026-09-11,21-30-08,Friday
316500208627,163213344,title_tft,513143,Teamfight Tactics,920,2026-09-11T13:12:35Z,ja,['日本語'],2026-09-11,21-30-08,Friday
321472561883,84316241,penta,32982,Grand Theft Auto V,918,2026-09-10T07:43:38Z,en,"['English', 'Educational', 'Socialeating', 'DropsEnabled']",2026-09-11,21-30-08,Friday
316850269654,94977989,radika1fa,29595,Dota 2,914,2026-09-11T09:55:00Z,ru,['Русский'],2026-09-11,21-30-08,Friday
316894743124,203900288,rimer77,33214,Fortnite,912,2026-09-11T13:01:27Z,ru,"['RIMER77', 'Русский', 'CS2']",2026-09-11,21-30-08,Friday
318546376037,26870923,agiie,32399,Counter-Strike,909,2026-09-11T12:38:14Z,pl,"['Girl', 'giveaway', 'Polski', 'cs', 'premier', 'English', 'girlgaming', 'faceit']",2026-09-11,21-30-08,Friday
319189017815,120036289,denims,509658,Just Chatting,909,2026-09-11T14:14:44Z,en,"['English', 'politics', 'denims', 'hasan', 'trump', 'elon', 'adhd', 'hasanabi', 'DropsEnabled']",2026-09-11,21-30-08,Friday
320279019612,95569482,wastzera,743893402,WARDOGS,908,2026-09-11T13:13:11Z,pt,"['wastzera', 'sorteio', 'dicas', 'farm', 'Português', 'skin', 'cs2', 'gamersclub', 'neymar', 'DropsAtivados']",2026-09-11,21-30-08,Friday
316431776241,102173799,ajikichi,32982,Grand Theft Auto V,907,2026-09-11T10:00:19Z,ja,"['日本語', '雑談', 'PUBG', 'ストグラ', '味野環九郎', 'Drops有効']",2026-09-11,21-30-08,Friday
316819566549,280197012,alle,491931,Escape from Tarkov,901,2026-09-11T12:37:18Z,en,"['THEBEST', 'LABS', 'SCHIZOMODE', 'NOONEISBETTER', 'aimbotting', 'betterthanyou', 'English', 'NEVERGOON', 'Top1MostHumble']",2026-09-11,21-30-08,Friday
318608078310,26290555,spammiej,687129551,Trackmania,899,2026-09-11T11:26:52Z,en,['English'],2026-09-11,21-30-08,Friday
318544172773,468083960,twostone,21779,League of Legends,899,2026-09-11T07:31:21Z,de,"['Deutsch', 'English', 'mid', 'Competitive', 'midlaner', 'Lore']",2026-09-11,21-30-08,Friday
316432591345,496789097,sabu_iko,32982,Grand Theft Auto V,898,2026-09-11T12:43:37Z,ja,"['さぶ郎', '日本語', 'Drops有効']",2026-09-11,21-30-08,Friday
316850266326,23838963,mrrapolas,386821,Black Desert,897,2026-09-11T09:54:15Z,en,"['English', 'DropsEnabled']",2026-09-11,21-30-08,Friday
316430602481,143662611,tanukininja,513143,Teamfight Tactics,889,2026-09-11T03:05:38Z,ja,"['日本語', 'アライグマ', '忍者', 'LoL', 'アナグマ', 'たぬき', 'ハクビシン']",2026-09-11,21-30-08,Friday
318412519399,124053804,knightlight,491487,Dead by Daylight,885,2026-09-11T14:00:11Z,en,"['English', 'POLSKAGUROM', 'polish', 'Competitive', 'Educational', 'Ihaveagirlfriend']",2026-09-11,21-30-08,Friday
318606487142,22386881,bonkol,743893402,WARDOGS,884,2026-09-11T06:56:55Z,pl,"['polski', 'gry', 'retro', 'Polski', 'IRL', 'śląski', 'DropyWłączone']",2026-09-11,21-30-08,Friday
318609473510,38088857,xariel,75467,Euro Truck Simulator 2,883,2026-09-11T14:01:33Z,es,"['Español', 'drops', 'Simulación', 'Jugarconespectadores', 'sorteo', 'chat', 'giveaway', 'ETS2', 'comunidad', 'mods']",2026-09-11,21-30-08,Friday
318547004005,541075232,loya,743893402,WARDOGS,881,2026-09-11T13:37:53Z,en,"['nohelpers', 'Degen', 'English', 'cats', 'swedish', 'DropsEnabled']",2026-09-11,21-30-08,Friday
318607483110,162151864,klupatwins,509658,Just Chatting,881,2026-09-11T09:59:54Z,de,"['Deutsch', 'just', 'chatting', 'zwillinge', 'reactions', 'rp', 'news', 'gaming', 'Diskussion', 'Gruselspiele']",2026-09-11,21-30-08,Friday
316851670870,180166815,the_iken,401587136,Arena Breakout: Infinite,879,2026-09-11T14:03:24Z,es,"['Русский', 'общение', 'ЛучшийСтример', 'arenabreakoutinfinite', 'English', 'Friendly', 'Leageflegends', 'lol', 'Norsk', 'Português']",2026-09-11,21-30-08,Friday
316893316692,50393229,tankzor,32399,Counter-Strike,869,2026-09-11T07:04:40Z,ru,['Русский'],2026-09-11,21-30-08,Friday
317732915043,149682636,yann,602040818,NBA 2K27,868,2026-09-11T08:09:52Z,fr,"['humour', 'sport', 'codjordan', 'rire', 'fun', 'openlobby', 'setup', 'Multitalentueux', 'Français', 'DropsActivés']",2026-09-11,21-30-08,Friday
316818527189,104690726,etokeking,743893402,WARDOGS,866,2026-09-11T08:12:00Z,ru,"['ru', 'нытье', 'омнистример', 'Русский', 'DropsВключены']",2026-09-11,21-30-08,Friday
320273234524,457942039,saps,27471,Minecraft,862,2026-09-11T00:03:38Z,en,"['minecraft', 'saparata', 'saps', 'English', 'DropsEnabled']",2026-09-11,21-30-08,Friday
316851137878,118740256,b_komhate,743893402,WARDOGS,860,2026-09-11T12:37:38Z,ru,"['ТАРКОВ', 'ВКОМНАТЕ', 'Русский', 'DropsВключены']",2026-09-11,21-30-08,Friday
317722111076,115139051,vika_karter,1863014085,Vacation Cafe Simulator,860,2026-09-11T12:29:29Z,ru,"['руина', 'лучшаястримерша', 'ноготочкисаратов', 'семейноесчастье', 'Русский']",2026-09-11,21-30-08,Friday
316894263380,120908194,bezbash,508455,Valheim,858,2026-09-11T11:33:07Z,ru,"['Русский', 'Уют', 'хардкор', 'Дед', 'funny', 'Engisih', 'сюжет', 'ВопросОтвет', 'Душнила']",2026-09-11,21-30-08,Friday
318546804069,158439553,aryssa614,509658,Just Chatting,855,2026-09-11T13:19:27Z,en,"['girl', 'Female', 'gamergirl', 'English', 'AMA', 'Chatty', 'Positive', 'ClosedCaptions', 'DropsEnabled']",2026-09-11,21-30-08,Friday
318608866022,115148629,zsombey,510389,Shakes and Fidget,851,2026-09-11T13:00:06Z,hu,"['Magyar', 'DropokEngedélyezve']",2026-09-11,21-30-08,Friday
321376923482,37153210,zethiann,386821,Black Desert,851,2026-09-11T10:23:30Z,en,"['English', 'DropsEnabled']",2026-09-11,21-30-08,Friday
320320505696,143759910,runthefutmarket,331373906,eFootball,846,2026-09-11T14:04:35Z,en,"['English', 'sports', 'soccer', 'Football']",2026-09-11,21-30-08,Friday
317734181731,419394030,alvarostorm,21779,League of Legends,846,2026-09-11T12:47:16Z,es,['Español'],2026-09-11,21-30-08,Friday
315518319728,1145211269,iruni_ianvs,2066107586,Escape the Backrooms,845,2026-09-11T13:00:45Z,zh,"['Vtuber', '子午計畫', '中文', '日本語']",2026-09-11,21-30-08,Friday
321315056985,29237967,blu_haze,499003,VRChat,845,2026-09-11T13:23:33Z,en,"['English', 'VtuberEN', 'music', 'EDM', 'VirtualReallity', 'optedoutofai', 'Dancing', 'chattingwithviewers', 'girlfailure', 'goober']",2026-09-11,21-30-08,Friday
318547463525,533814723,lubricum,493057,PUBG: BATTLEGROUNDS,843,2026-09-11T14:16:12Z,ru,['Русский'],2026-09-11,21-30-08,Friday
316432467569,673595494,ksg_1912,515025,Overwatch,843,2026-09-11T12:22:32Z,ja,"['日本語', 'drops']",2026-09-11,21-30-08,Friday
318101122008,272168411,renrize,27471,Minecraft,841,2026-09-11T13:18:24Z,es,"['Español', 'locura', 'México', 'TiaRen']",2026-09-11,21-30-08,Friday
318410563943,26656197,synderen,29595,Dota 2,840,2026-09-11T10:20:15Z,en,"['English', 'GIGA', 'GAMER']",2026-09-11,21-30-08,Friday
317733370979,84413008,cinkrofwest,32399,Counter-Strike,836,2026-09-11T10:14:27Z,pl,"['Polski', 'HighEloGameplay', 'HigheloJungler', 'D1']",2026-09-11,21-30-08,Friday
316442278002,70645030,yue_san,516575,VALORANT,836,2026-09-11T10:45:09Z,ja,"['ネタバレ注意', 'ゴースティング禁止', '日本語']",2026-09-11,21-30-08,Friday
320278758748,119522206,trey24k,491931,Escape from Tarkov,835,2026-09-11T12:19:58Z,en,"['English', 'pain', 'suffering']",2026-09-11,21-30-08,Friday
316893995092,146728026,lexiav,1426873999,Heroes of Might & Magic: Olden Era,834,2026-09-11T10:30:03Z,en,['English'],2026-09-11,21-30-08,Friday
316499923059,70985559,chen810830,509658,Just Chatting,830,2026-09-11T12:26:07Z,zh,"['中文', '启用掉宝']",2026-09-11,21-30-08,Friday
316500243827,937674565,yuislime,509658,Just Chatting,827,2026-09-11T13:19:12Z,ru,"['Русский', 'DropsВключены']",2026-09-11,21-30-08,Friday
317721679844,106867975,skain,21779,League of Legends,827,2026-09-11T11:01:56Z,es,['Español'],2026-09-11,21-30-08,Friday
316893572692,56715467,neonomi,1414860634,The Binding of Isaac: Repentance,826,2026-09-11T08:32:22Z,ru,"['Русский', 'English']",2026-09-11,21-30-08,Friday
317696349154,643705238,l3scoco,513143,Teamfight Tactics,824,2026-09-11T05:25:33Z,fr,['Français'],2026-09-11,21-30-08,Friday
317698519906,149393615,spear_shot,21779,League of Legends,820,2026-09-11T14:03:09Z,en,['English'],2026-09-11,21-30-08,Friday
318608760934,438235965,eldos,498566,Slots,818,2026-09-11T12:49:32Z,de,['Deutsch'],2026-09-11,21-30-08,Friday
321314699609,118155820,willerz,743893402,WARDOGS,817,2026-09-11T12:11:08Z,en,"['English', 'chad', 'Friendly', 'Parkour', 'comedy', 'action', 'FPS', 'multiplayer', 'DropsEnabled']",2026-09-11,21-30-08,Friday
316442353650,145248977,rio_taro,32982,Grand Theft Auto V,814,2026-09-11T10:59:32Z,ja,"['日本語', 'Drops有効']",2026-09-11,21-30-08,Friday
317721705956,116245074,bagginstv,757493800,Triarchy,812,2026-09-11T11:07:16Z,en,"['Drops', 'DropsEnabled', 'English']",2026-09-11,21-30-08,Friday
316030760019,85652487,menostrece,369418,GeoGuessr,807,2026-09-11T14:05:06Z,es,['Español'],2026-09-11,21-30-08,Friday
317698224610,29377368,x9nium,32399,Counter-Strike,804,2026-09-11T13:18:11Z,es,"['Español', 'CS2', 'Counter', 'Esports', 'gaming', 'counterstrike']",2026-09-11,21-30-08,Friday
317722479588,168116110,croissantstrike,32399,Counter-Strike,802,2026-09-11T13:30:15Z,fr,"['Français', 'EsportsWorldCup2026']",2026-09-11,21-30-08,Friday
318410237287,115441727,lowyyy95,32982,Grand Theft Auto V,802,2026-09-11T09:30:00Z,de,"['Deutsch', 'sauercrowd', 'UnityLife', 'fett', 'DropsAktiviert']",2026-09-11,21-30-08,Friday
318939693685,686205120,heymayumi,509658,Just Chatting,801,2026-09-11T11:48:27Z,pt,"['English', 'Português', 'roblox', 'DropsAtivados']",2026-09-11,21-30-08,Friday
318412692583,70298660,skyyart,21779,League of Legends,800,2026-09-11T14:14:37Z,fr,['Français'],2026-09-11,21-30-08,Friday
317698646370,89873316,terracid,509658,Just Chatting,799,2026-09-11T14:20:50Z,fr,"['Français', 'DropsActivés']",2026-09-11,21-30-08,Friday
317697532130,61835123,carritoskami,21779,League of Legends,798,2026-09-11T11:15:20Z,es,"['Español', 'leagueoflegends', 'lol', 'leagueoflegendsespañol', 'ADCARRY', 'Draven', 'Akshan', 'smurf', 'botlane', 'Challenger']",2026-09-11,21-30-08,Friday
316431857009,116965093,middleeetv,32982,Grand Theft Auto V,797,2026-09-11T10:20:08Z,ja,"['日本語', '鳩禁止', 'ネタバレッ禁止', 'ロールプレイ', 'ストグラ', 'ミンドリー', 'JD', 'Drops有効']",2026-09-11,21-30-08,Friday
318879530998,99765615,k13tv,29595,Dota 2,795,2026-09-11T10:59:27Z,pt,"['Português', 'Competitivo', 'English', 'Competitive', 'Ranked', 'music', 'gamer', 'Esports', 'react']",2026-09-11,21-30-08,Friday
315982311249,199584859,casson,2059463486,Waterpark Simulator,792,2026-09-10T22:25:42Z,en,"['British', 'English', 'chatting', 'horrorgames', 'DropsEnabled']",2026-09-11,21-30-08,Friday
318939844725,908203379,ggthhay,29452,Virtual Casino,790,2026-09-11T12:42:35Z,pt,['Português'],2026-09-11,21-30-08,Friday
316820025173,1053150925,vsevkusno,493057,PUBG: BATTLEGROUNDS,788,2026-09-11T13:54:35Z,ru,"['Русский', 'комментатор']",2026-09-11,21-30-08,Friday
318545770213,89440044,streakmvp,464339927,ARC Raiders,782,2026-09-11T11:29:46Z,en,['English'],2026-09-11,21-30-08,Friday
316015276008,28990891,slrabbit99,509658,Just Chatting,782,2026-09-11T12:46:44Z,zh,"['我會騙你嗎', '會', '中文', '启用掉宝']",2026-09-11,21-30-08,Friday
318545383397,114366744,siegismund,743893402,WARDOGS,778,2026-09-11T10:37:23Z,de,"['Deutsch', 'multiplayer', 'Competitive', 'shooter', 'DropsAktiviert']",2026-09-11,21-30-08,Friday
318546268005,38499199,pow3r,743893402,WARDOGS,778,2026-09-11T12:27:18Z,it,"['Italiano', 'pelato', 'gaming', 'pro', 'GIGACHAD', 'cheat', 'banned', 'Pizza', 'DropAbilitati']",2026-09-11,21-30-08,Friday
318101137112,59016177,cooksux,509658,Just Chatting,777,2026-09-11T13:22:56Z,en,"['comedy', 'travel', 'irl', 'aapi', 'outdoors', 'English', 'KoreanAmerican', 'gundam', 'DropsEnabled']",2026-09-11,21-30-08,Friday
317697123938,115156753,taisontv,743893402,WARDOGS,771,2026-09-11T09:45:58Z,es,"['Español', 'dropsactivados', 'English', 'battlefield6', 'bf6ranked', 'battlefield', 'DropsActivados']",2026-09-11,21-30-08,Friday
316850941398,120269326,davay_po_novoy,32982,Grand Theft Auto V,771,2026-09-11T12:02:56Z,ru,"['Русский', 'gta', 'ＧTA5', 'Majestic', 'DropsВключены']",2026-09-11,21-30-08,Friday
321487813083,139094686,punkdagod,55453844,Street Fighter 6,771,2026-09-11T09:54:16Z,en,"['Tournament', 'English']",2026-09-11,21-30-08,Friday
318412329831,594196674,cu6ickk,27471,Minecraft,770,2026-09-11T13:41:55Z,ru,"['разговоры', 'домашний', 'Русский', 'тройняшки', 'тройничек', 'игры', 'Куб', 'голубь', 'Буся']",2026-09-11,21-30-08,Friday
316851573846,65261719,wukosha,12839,Heroes of Might and Magic III: The Restoration of Erathia,769,2026-09-11T13:49:16Z,ru,['Русский'],2026-09-11,21-30-08,Friday
317698000226,270997352,loupiote3,516575,VALORANT,766,2026-09-11T12:42:56Z,fr,['Français'],2026-09-11,21-30-08,Friday
316894006100,35740817,thorlar,570615518,Resonance: A Plague Tale Legacy,766,2026-09-11T10:33:20Z,en,"['Giveaways', 'pngtuber', 'vtuber', 'English', 'Swedish', 'charity', 'ADHD', 'Variety', 'SafeSpace', 'supportsmallstreamers']",2026-09-11,21-30-08,Friday
316819212117,88239974,lpgjustjohnny,513143,Teamfight Tactics,762,2026-09-11T11:20:23Z,de,"['Deutsch', 'English']",2026-09-11,21-30-08,Friday
318410413543,120079562,dinossindgeil,519291,Black Myth: Wukong,761,2026-09-11T09:57:03Z,en,"['NoHit', 'English', 'Speedrun', 'eldenring', 'Marathon', 'german', 'eldenring']",2026-09-11,21-30-08,Friday
318409978343,476077919,myko,263490,Rust,761,2026-09-11T08:50:49Z,de,"['Deutsch', 'german', 'Rust', 'IRL']",2026-09-11,21-30-08,Friday
317722026724,480790679,lystic,2132205352,Deadlock,760,2026-09-11T12:11:41Z,en,"['English', 'feet']",2026-09-11,21-30-08,Friday
320278436572,79587431,pr6spr,499634,Crypto,759,2026-09-11T11:04:59Z,en,"['English', 'crypto', 'trading', 'cupsey', 'prosper', 'memecoins']",2026-09-11,21-30-08,Friday
316052817897,1047145019,mayj0501,516575,VALORANT,753,2026-09-11T09:55:28Z,zh,"['中文', '魔法師', '暴言系', '手手', '打瓦裏人格', '躁躁人', 'Vtuber', '怪人']",2026-09-11,21-30-08,Friday
316076813162,165165027,vixi,866287127,Welcome to Elderfield,753,2026-09-11T12:21:46Z,en,"['mindbreak', 'forsen', 'ASMR', 'English', 'xqc', 'Anime', 'foxsu']",2026-09-11,21-30-08,Friday
315484054638,1372287973,maliceevermore,1500430284,Wikipedia Speedruns,752,2026-09-11T12:01:22Z,en,"['English', 'Vtuber', 'PhaseConnect']",2026-09-11,21-30-08,Friday
317723785827,1110808352,cineillojuan,499973,Always On,752,2026-09-10T00:55:40Z,es,"['Español', 'Repetir']",2026-09-11,21-30-08,Friday
318879976182,1478694617,ninjaslot_,29452,Virtual Casino,751,2026-09-11T13:26:57Z,pt,"['Português', 'English', 'aposta']",2026-09-11,21-30-08,Friday
321377225690,86815897,nosleeves12,518584827,NHL 27,747,2026-09-11T12:04:01Z,en,"['English', 'DropsEnabled']",2026-09-11,21-30-08,Friday
319188519767,26302559,numotthenummy,2748,Magic: The Gathering,744,2026-09-11T11:50:28Z,en,"['Flawless', 'Thrilling', 'Ripe', 'EmotionallyStable', 'BigBrain', 'Spicy', 'Gorgeous', '200IQ', 'Sweet', 'English']",2026-09-11,21-30-08,Friday
317698514658,175560856,hctuan,493959,Red Dead Redemption II,743,2026-09-11T14:02:23Z,fr,['Français'],2026-09-11,21-30-08,Friday
318543433701,411386930,paak_hc,508455,Valheim,741,2026-09-11T04:52:14Z,en,"['TUNES', 'English', 'PathOfExile']",2026-09-11,21-30-08,Friday
319185453271,138088505,jack,32982,Grand Theft Auto V,741,2026-09-11T04:00:04Z,en,"['English', 'DropsEnabled']",2026-09-11,21-30-08,Friday
320181737694,184683276,makeouthill,33214,Fortnite,740,2026-09-11T11:47:21Z,en,"['Loud', 'annoying', 'funny', 'competitive', 'ranked', 'erobb221', 'spanish', 'community', 'bestfriends', 'welcoming']",2026-09-11,21-30-08,Friday
318099407448,543631090,gnomonkey,459931,Old School RuneScape,740,2026-09-11T06:19:21Z,en,"['English', 'OSRS', 'Guidemaker', 'Speedrunner', 'WorldsFirstChaser', 'HCIM', 'DropsEnabled']",2026-09-11,21-30-08,Friday
316015312232,75366734,pearlescentmoon,723826053,Subnautica 2,740,2026-09-11T12:56:15Z,en,"['English', 'NoBackseating', 'Australia']",2026-09-11,21-30-08,Friday
316818808277,30383713,kungentv,508455,Valheim,738,2026-09-11T09:36:01Z,en,['English'],2026-09-11,21-30-08,Friday
318412079847,103762288,wakzlol,516575,VALORANT,735,2026-09-11T13:18:36Z,fr,"['Français', 'Challenger', 'ADC', 'Musclé', '27cm']",2026-09-11,21-30-08,Friday
316075690858,175865119,benfruit,65632,DayZ,732,2026-09-11T06:44:10Z,en,['English'],2026-09-11,21-30-08,Friday
317697663202,502281282,dhalen,508455,Valheim,731,2026-09-11T11:41:46Z,fr,['Français'],2026-09-11,21-30-08,Friday
318608874342,249877505,rxiirl,30921,Rocket League,728,2026-09-11T13:00:45Z,es,"['Español', 'English', 'ViewerParty', 'rlcs', 'major', 'rocketleague', 'pro', 'RLCS2026']",2026-09-11,21-30-08,Friday
321489237083,115994925,alphakep,30921,Rocket League,727,2026-09-11T13:52:02Z,en,"['English', 'drops', 'NoAds', 'NoAdsAfterPreroll', 'DropsActive', 'pro', 'DropsEnable', 'rocketleague', 'Golf']",2026-09-11,21-30-08,Friday
316442753650,1294268399,gamingrinko,493057,PUBG: BATTLEGROUNDS,726,2026-09-11T12:12:01Z,ja,['日本語'],2026-09-11,21-30-08,Friday
320319623776,452321499,lopezfnx,509672,IRL,726,2026-09-11T10:34:00Z,es,"['España', 'Español', 'DropsActivados']",2026-09-11,21-30-08,Friday
319010985844,90917536,rnakano,32399,Counter-Strike,725,2026-09-11T12:52:04Z,pt,['Português'],2026-09-11,21-30-08,Friday
317697271138,264502025,lydia__am,497480,Detroit: Become Human,724,2026-09-11T10:18:41Z,fr,"['Français', 'discussion', 'multigaming', 'justchattıng', 'lydiaam', 'Fashion', 'mode', 'cosyhorror', 'twitchfr']",2026-09-11,21-30-08,Friday
318607695462,500047092,haselnuuuss,458781,No Man's Sky,723,2026-09-11T10:31:12Z,de,"['Deutsch', 'food', 'DropsAktiviert']",2026-09-11,21-30-08,Friday
317715591780,416031592,solaryhs,138585,Hearthstone,722,2026-09-10T15:57:21Z,fr,['Français'],2026-09-11,21-30-08,Friday
316819155029,189755167,danucd,493057,PUBG: BATTLEGROUNDS,721,2026-09-11T11:06:23Z,en,['English'],2026-09-11,21-30-08,Friday
316076314602,440518979,a1u330_,516575,VALORANT,718,2026-09-11T10:01:27Z,zh,"['聊天', '中文', '我愛說實話']",2026-09-11,21-30-08,Friday
315498392303,37015174,baby66,488634,Don't Starve Together,718,2026-09-11T12:01:28Z,zh,['中文'],2026-09-11,21-30-08,Friday
318411851879,84760442,valarman,21779,League of Legends,716,2026-09-11T12:56:30Z,en,"['English', 'EFT', 'ＰＶＰ', 'valar', 'survival', 'ArksuvivalEvolved', 'ARK', 'viral', 'Football']",2026-09-11,21-30-08,Friday
318879400054,484136594,massroon,19619,Tibia,715,2026-09-11T09:46:27Z,pt,"['Português', 'MMORPG', 'Gostoso', 'Orebound', 'pxg']",2026-09-11,21-30-08,Friday
320320186592,229056861,kastaclysm,1354355809,Split Fiction,715,2026-09-11T13:04:21Z,en,"['TragicProstituteStories', 'PoleDancingLessons', 'BootScootinBoogie', 'TossedUp', 'WhenLifeGivesYouMakeLemon', 'BrownJelly', 'EggCanal', 'English']",2026-09-11,21-30-08,Friday
318547331685,601062761,descarlito,32982,Grand Theft Auto V,714,2026-09-11T14:04:45Z,de,"['Deutsch', 'Malta', 'Slots', 'Giveaway', 'Triple7', 'DropsAktiviert']",2026-09-11,21-30-08,Friday
317721450596,234456766,jezu_lol,516575,VALORANT,712,2026-09-11T10:03:42Z,fr,"['Français', 'ADC', 'ADCARRY', 'Challenger']",2026-09-11,21-30-08,Friday
317733619171,85834498,soursweet,743893402,WARDOGS,712,2026-09-11T11:09:09Z,en,"['English', 'Survival', 'HeyEveryoneSourHere', 'RP', 'Chilled', 'DropsEnabled']",2026-09-11,21-30-08,Friday
321300328537,581721883,lolworldchampionship,21779,League of Legends,710,2026-09-10T14:04:51Z,en,"['rebroadcast', 'LeagueofLegends', 'MSI', 'LoLWorlds', 'English', 'Charity']",2026-09-11,21-30-08,Friday
316431877489,48034972,junkman_5555,1224904220,Winning Post,706,2026-09-11T10:26:40Z,ja,['日本語'],2026-09-11,21-30-08,Friday
317721234276,137831666,situation,2132205352,Deadlock,706,2026-09-11T09:04:13Z,en,"['English', 'ranked', 'haze', 'wraith']",2026-09-11,21-30-08,Friday
320181276894,188526166,shinyatheninja,464339927,ARC Raiders,705,2026-09-11T09:31:20Z,en,"['fighting', 'comp', 'cool', 'adhd', 'English', 'extraction', 'PvP', 'DropsEnabled']",2026-09-11,21-30-08,Friday
318546979685,39115143,th3antonio,21779,League of Legends,705,2026-09-11T13:35:35Z,es,"['peluquillas', 'Español', 'CHALLENGER', 'TH3LEC', 'th3antonio', 'poker']",2026-09-11,21-30-08,Friday
316029413971,23179441,strippin,498592,I'm Only Sleeping,704,2026-09-11T02:15:45Z,en,"['English', 'Vtuber', 'RP', 'PingArthur']",2026-09-11,21-30-08,Friday
317722668516,40646018,scrapie,687129551,Trackmania,703,2026-09-11T14:00:12Z,en,"['Competitive', 'Speedrun', 'anime', 'pro', 'Multiplayer', 'English', 'worldrecord', 'jpop', 'Racing']",2026-09-11,21-30-08,Friday
321488752859,37523739,kenbogard,55453844,Street Fighter 6,700,2026-09-11T12:50:34Z,fr,"['Français', 'Zevent2026', 'caritativeevent', 'vélo', 'Nintendo']",2026-09-11,21-30-08,Friday
318095101784,197406569,thenicolet,509659,ASMR,700,2026-09-10T20:26:27Z,en,"['English', 'ENGLISH', 'ASMR', 'FINDOM', 'EGIRL', 'GIRL', 'feet', 'goddess', 'woman']",2026-09-11,21-30-08,Friday
315518020976,31673401,gunguno,516575,VALORANT,699,2026-09-11T10:45:15Z,zh,"['顏值', '射擊', '幽默', '錢來就幹', '掉宝開启', 'English', '中文', '飆哥開示了', '启用掉宝']",2026-09-11,21-30-08,Friday
318608765798,105419061,franzi,921298138,BOMBANANA!,697,2026-09-11T12:49:57Z,de,['Deutsch'],2026-09-11,21-30-08,Friday
316498279795,129440913,jongie,743893402,WARDOGS,695,2026-09-11T04:30:00Z,zh,"['Taiwan', 'HolidayHoopla', '中文', '启用掉宝']",2026-09-11,21-30-08,Friday
317734306403,124491706,mateoz,498566,Slots,694,2026-09-11T13:05:22Z,es,['Español'],2026-09-11,21-30-08,Friday
318607673190,46571894,alohadancetv,29595,Dota 2,694,2026-09-11T10:28:18Z,ru,['Русский'],2026-09-11,21-30-08,Friday
316443163122,708282501,minioni3202,32982,Grand Theft Auto V,694,2026-09-11T13:24:03Z,ja,"['日本語', '鳩禁止', 'アドバイス禁止', 'ネタバレ禁止']",2026-09-11,21-30-08,Friday
321313676505,32133240,jenazad,1038730744,Withering Realms,691,2026-09-11T07:36:24Z,en,"['English', 'Anime', 'Mindbreak']",2026-09-11,21-30-08,Friday
317696916834,151445663,ardiis,516575,VALORANT,689,2026-09-11T08:46:46Z,en,"['English', 'Latvian', 'valorant', 'Heavy', 'overweight']",2026-09-11,21-30-08,Friday
318410595431,121202124,hadi_ow,515025,Overwatch,687,2026-09-11T10:24:33Z,en,"['top500', 'german', 'English', 'Reinhardt', 'overwatch', 'Dominator', 'OWCS']",2026-09-11,21-30-08,Friday
318608060262,35866558,azzapp,21779,League of Legends,686,2026-09-11T11:24:20Z,en,"['English', 'zapzap', 'neverff', 'velkoz', 'Challenger', 'ChallengeRuns', 'CANWIN', '0deaths', 'NoBackseating', 'slaythespire2']",2026-09-11,21-30-08,Friday
318607896550,551696128,dekii,509663,Special Events,683,2026-09-11T10:59:55Z,de,"['Deutsch', 'warzone', 'DropsAktiviert']",2026-09-11,21-30-08,Friday
316004401874,41684297,mmorpg,459931,Old School RuneScape,682,2026-09-11T10:00:28Z,en,"['Juicy', 'English']",2026-09-11,21-30-08,Friday
321315139801,105621562,rosedoodle,509660,Art,679,2026-09-11T13:38:04Z,en,"['VTuber', 'chatty', 'English', 'Interactive', 'Educational', 'AdultsOnly', 'yapping', 'brat', 'anime', 'DropsEnabled']",2026-09-11,21-30-08,Friday
320313901408,521990982,player5,110758,The Legend of Zelda: Breath of the Wild,677,2026-09-11T00:06:08Z,en,"['speedrun', 'WRAttempts', 'NoBackseating', 'English', 'AnyPercent', 'Comedy', '100Percent']",2026-09-11,21-30-08,Friday
317733644899,119356722,slyders,138585,Hearthstone,677,2026-09-11T11:13:55Z,fr,['Français'],2026-09-11,21-30-08,Friday
318546863461,168514917,rachtaz,500188,Hunt: Showdown 1896,676,2026-09-11T13:25:38Z,en,"['English', 'Chill', 'AMA', 'Gaming', 'FPS']",2026-09-11,21-30-08,Friday
320163453278,31194266,shotzzy,498592,I'm Only Sleeping,673,2026-09-09T23:24:37Z,en,['English'],2026-09-11,21-30-08,Friday
316886613844,781572983,hipdashahop,509672,IRL,673,2026-09-10T00:01:34Z,ru,"['English', 'Русский', 'хипдашахоп', 'прорывгода']",2026-09-11,21-30-08,Friday
318606141542,97830437,toothy,743893402,WARDOGS,672,2026-09-11T05:34:31Z,ru,"['Русский', 'Дурка', 'позитив', 'Негатив', 'DropsВключены']",2026-09-11,21-30-08,Friday
316030745171,144209695,obsidiantime,509658,Just Chatting,671,2026-09-11T14:00:12Z,ru,"['ПоискБагов', 'ПрохождениеБезПредметов', 'Пивоварение', 'ОстровасвятойЕлены', 'Вознесения', 'Итристандакунья', 'Русский', 'DropsВключены']",2026-09-11,21-30-08,Friday
316820166741,1157667264,kazigant,1506110656,Casino Simulator,669,2026-09-11T14:15:46Z,ru,['Русский'],2026-09-11,21-30-08,Friday
317696740962,31282189,impakt,743893402,WARDOGS,669,2026-09-11T07:56:52Z,pt,"['Português', 'VarietyGaming', 'DropsAtivados']",2026-09-11,21-30-08,Friday
317734273123,1061745520,hip_connexion,509658,Just Chatting,669,2026-09-11T13:00:27Z,fr,"['react', 'Français', 'edgy', 'fr', 'cool', 'duo', 'jesuisdanslehiphop', 'rsa']",2026-09-11,21-30-08,Friday
316030486867,57220741,cakejumper,509667,Food & Drink,668,2026-09-11T12:00:30Z,en,"['Ireland', 'lgbtqia', 'Irish', 'Gaeilge', 'English', 'PEARWIGGLER', 'ADHD', 'fox']",2026-09-11,21-30-08,Friday
317697449826,809610195,cringealarm,1264310518,Marvel Rivals,667,2026-09-11T10:58:53Z,en,"['English', 'marvelrivals', 'PeniParker', 'top500', 'British', 'drops', 'Heroshooter', 'DropsEnabled']",2026-09-11,21-30-08,Friday
318595262822,145498295,exsl95,493551,Conan Exiles,665,2026-09-10T06:01:37Z,de,['Deutsch'],2026-09-11,21-30-08,Friday
318411220967,147649918,dimeax,27471,Minecraft,665,2026-09-11T11:48:29Z,de,['Deutsch'],2026-09-11,21-30-08,Friday
317732598243,101078712,jodo,743893402,WARDOGS,665,2026-09-11T06:00:31Z,en,"['English', 'warthunder', 'DropsEnabled']",2026-09-11,21-30-08,Friday
316076012266,131264920,ririii1231,509658,Just Chatting,664,2026-09-11T08:31:00Z,zh,"['中文', '启用掉宝']",2026-09-11,21-30-08,Friday
316030123603,58486016,evangelion0,1954784138,Final Fantasy Resonance,663,2026-09-11T09:01:44Z,es,['Español'],2026-09-11,21-30-08,Friday
318606359910,155869388,jointhesystemm,743893402,WARDOGS,662,2026-09-11T06:27:50Z,ru,"['Русский', 'DropsВключены']",2026-09-11,21-30-08,Friday
320307602528,100408103,zchum,743893402,WARDOGS,660,2026-09-10T13:46:57Z,en,"['English', 'DropsEnabled']",2026-09-11,21-30-08,Friday
316442592242,1273506493,tokyosims,509658,Just Chatting,660,2026-09-11T11:48:55Z,en,"['English', 'IRL', 'Japan', 'Tokyo', 'Outdoors', 'Exploration', 'Asian', 'Variety', 'wasian', 'Interviews']",2026-09-11,21-30-08,Friday
319011299956,162964576,feu_94,29452,Virtual Casino,660,2026-09-11T14:10:42Z,pt,"['Português', 'gambling', 'jogosdeazar', 'slots', 'jackpot']",2026-09-11,21-30-08,Friday
318408179303,599459353,knebel_de,71375,Star Citizen,657,2026-09-11T01:50:30Z,de,['Deutsch'],2026-09-11,21-30-08,Friday
319184905687,1157290428,nightzvl,516575,VALORANT,650,2026-09-11T03:21:00Z,en,['English'],2026-09-11,21-30-08,Friday
316851350870,86287071,alfedov,27471,Minecraft,649,2026-09-11T13:12:59Z,ru,['Русский'],2026-09-11,21-30-08,Friday
316431765361,614603576,nenemaru220,32982,Grand Theft Auto V,649,2026-09-11T09:58:01Z,ja,"['Vtuber', '寧々丸', '日本語', 'Drops有効']",2026-09-11,21-30-08,Friday
318546157285,629112069,th3discourse,509658,Just Chatting,647,2026-09-11T12:15:29Z,en,"['English', 'DropsEnabled']",2026-09-11,21-30-08,Friday
316819944789,1077774066,ogludik,32982,Grand Theft Auto V,647,2026-09-11T13:39:06Z,ru,['Русский'],2026-09-11,21-30-08,Friday
316443002354,906632893,yuki_asmr,509659,ASMR,645,2026-09-11T12:58:55Z,ja,"['Japanese', 'Vtuber', '日本語', 'earlicking', 'asmr', '耳舐め', '脳舐め', '両耳舐め', 'バ美肉']",2026-09-11,21-30-08,Friday
318880198774,1536535898,thelaquashow,509658,Just Chatting,640,2026-09-11T14:28:02Z,en,"['English', 'DropsEnabled']",2026-09-11,21-30-08,Friday
318599448166,482219642,dannykoopa,743893402,WARDOGS,639,2026-09-10T15:25:06Z,ru,"['Русский', 'DropsВключены']",2026-09-11,21-30-08,Friday
317734077155,618040919,flauschigtv,921298138,BOMBANANA!,639,2026-09-11T12:30:05Z,de,['Deutsch'],2026-09-11,21-30-08,Friday
318609525990,454421497,jamslide_,498566,Slots,638,2026-09-11T14:06:20Z,en,"['English', 'Harry']",2026-09-11,21-30-08,Friday
318409388263,174706292,peettko,18122,World of Warcraft,637,2026-09-11T07:04:09Z,en,"['MMORPG', 'JustChatting', 'Roleplay', 'WorldofWarcraft', 'Competitive', 'fun', 'English']",2026-09-11,21-30-08,Friday
318608451686,151219596,bmsjoel,509658,Just Chatting,636,2026-09-11T12:13:07Z,fr,['Français'],2026-09-11,21-30-08,Friday
316850756694,40653495,olsior,509658,Just Chatting,636,2026-09-11T11:29:47Z,uk,"['Українська', 'Україна', 'Українець', 'вау', 'чай', 'DropsУвімкнено']",2026-09-11,21-30-08,Friday
318609457894,52972297,dangar,327598602,Onimusha: Way of the Sword,634,2026-09-11T14:00:39Z,ru,"['Русский', 'DropsВключены']",2026-09-11,21-30-08,Friday
316820073173,714595791,mugretnug,509658,Just Chatting,633,2026-09-11T14:01:45Z,ru,"['Русский', 'DropsВключены']",2026-09-11,21-30-08,Friday
318543082981,1447297241,gtastyslots,498566,Slots,631,2026-09-11T02:55:02Z,de,['Deutsch'],2026-09-11,21-30-08,Friday
316075647210,843895584,yukkkkiouo,743893402,WARDOGS,630,2026-09-11T06:26:01Z,zh,"['中文', 'Vtuber', '台V', '启用掉宝']",2026-09-11,21-30-08,Friday
316848662358,29084183,gexyt,509672,IRL,629,2026-09-10T22:13:49Z,da,"['Dansk', 'irlstream']",2026-09-11,21-30-08,Friday
316851545814,56770381,aggo,509658,Just Chatting,628,2026-09-11T13:44:11Z,da,"['Dansk', 'DropsAktiveret']",2026-09-11,21-30-08,Friday
317733849827,182838120,simonpuech,509658,Just Chatting,627,2026-09-11T11:51:38Z,fr,"['Français', 'DropsActivés']",2026-09-11,21-30-08,Friday
321489272539,49608470,aspiringspike,2748,Magic: The Gathering,626,2026-09-11T13:56:50Z,en,['English'],2026-09-11,21-30-08,Friday
317687193826,250662770,jotta,509658,Just Chatting,626,2026-09-09T22:52:22Z,pt,"['Português', 'DropsAtivados']",2026-09-11,21-30-08,Friday
318410011111,192974800,alepre98,13332,Pokémon FireRed/LeafGreen,625,2026-09-11T08:56:17Z,it,"['SPORT', 'pokemon', 'REACTION', 'IRONMON', 'Italiano', 'DropAbilitati']",2026-09-11,21-30-08,Friday
317722652516,87805484,wisethug,743893402,WARDOGS,625,2026-09-11T13:57:57Z,fr,"['tuto', '4K', 'Français', 'Ultrawide', '1440p', 'DropsActivés']",2026-09-11,21-30-08,Friday
316500577395,534168696,tororo_vtuber,491931,Escape from Tarkov,625,2026-09-11T14:15:43Z,ja,['日本語'],2026-09-11,21-30-08,Friday
321475730779,188210046,saegusinha,19619,Tibia,621,2026-09-10T17:24:29Z,pt,"['Português', 'inglês', 'PKA', 'PokemonAlliance']",2026-09-11,21-30-08,Friday
316819994709,1495834467,ludka_boy,498566,Slots,620,2026-09-11T13:49:10Z,ru,['Русский'],2026-09-11,21-30-08,Friday
318608348262,1033052690,fnrax,33214,Fortnite,618,2026-09-11T12:01:27Z,it,"['Italiano', 'Inglese', 'Fortnite']",2026-09-11,21-30-08,Friday
318609288550,89569580,rallencs2,32399,Counter-Strike,617,2026-09-11T13:44:28Z,pl,"['Polski', 'faceit', 'English', 'cs', 'CS2', 'angielski', 'counterstrike', 'counterstrike2']",2026-09-11,21-30-08,Friday
316819899733,884084627,recerena,493887283,Casino,617,2026-09-11T13:30:34Z,en,"['Русский', 'English']",2026-09-11,21-30-08,Friday
318546927845,209874950,isthisrealvr,499003,VRChat,615,2026-09-11T13:31:13Z,en,"['English', 'Dancing', 'Memes', 'Wiggles']",2026-09-11,21-30-08,Friday
318879390710,884049537,olgaenvivo,417752,Talk Shows & Podcasts,614,2026-09-11T09:41:36Z,es,"['Español', 'DropsActivados']",2026-09-11,21-30-08,Friday
319186807895,174754672,prod,32982,Grand Theft Auto V,613,2026-09-11T05:59:52Z,en,"['PROD', 'English', 'DropsEnabled']",2026-09-11,21-30-08,Friday
316441500658,216351084,dasoku_aniki,516575,VALORANT,611,2026-09-11T07:32:50Z,ja,"['日本語', '雑談', '40代', '50代', 'イケオジ']",2026-09-11,21-30-08,Friday
318411417831,1133781300,askeldan,516575,VALORANT,611,2026-09-11T12:10:47Z,de,"['Deutsch', 'ADHS', 'English']",2026-09-11,21-30-08,Friday
320259736924,400999129,clout,1264310518,Marvel Rivals,611,2026-09-09T23:27:19Z,en,"['English', 'DropsEnabled']",2026-09-11,21-30-08,Friday
318543722597,175503821,benice92,138585,Hearthstone,611,2026-09-11T06:06:38Z,en,"['English', 'Autobattler', 'Chıll', 'Educational']",2026-09-11,21-30-08,Friday
318410667367,43564820,krabick,509658,Just Chatting,608,2026-09-11T10:35:10Z,ru,"['Русский', 'просмотровый', 'анимешница', 'Кореец', 'косплеерша', 'DropsВключены']",2026-09-11,21-30-08,Friday
316499046643,179122584,momomi5871,32982,Grand Theft Auto V,608,2026-09-11T09:06:21Z,ja,"['女性', 'Vtuber', 'ストグラ', '日本語', 'ネタバレ注意', 'ネタバレあり', 'Drops有効']",2026-09-11,21-30-08,Friday
318608309222,477252155,xhocii,32399,Counter-Strike,607,2026-09-11T11:57:28Z,en,"['English', 'Albanian', 'CS2', 'counterstrike', 'Hellcase', 'BCGame']",2026-09-11,21-30-08,Friday
316851545558,1495829853,ludkagirl,599619814,Casino Jackpot,603,2026-09-11T13:44:06Z,ru,['Русский'],2026-09-11,21-30-08,Friday
318409413735,140570194,seyyn,21779,League of Legends,600,2026-09-11T07:09:44Z,de,['Deutsch'],2026-09-11,21-30-08,Friday
316442654194,912775996,kawaii_club_0809,32982,Grand Theft Auto V,595,2026-09-11T11:59:31Z,ja,"['日本語', 'Drops有効']",2026-09-11,21-30-08,Friday
318390250727,56148610,aethelthryth,27471,Minecraft,592,2026-09-09T15:05:53Z,bg,['Български'],2026-09-11,21-30-08,Friday
316500240115,715990491,dttodot,511224,Apex Legends,592,2026-09-11T13:18:32Z,ja,"['日本語', 'VTuber', 'Thai', 'Japanese', 'English']",2026-09-11,21-30-08,Friday
318547326821,1068523248,rouletterage,498566,Slots,591,2026-09-11T14:04:19Z,en,['English'],2026-09-11,21-30-08,Friday
318411259111,187468813,bullseye,743893402,WARDOGS,591,2026-09-11T11:53:44Z,ru,"['Русский', '1440p', 'PVP', 'BattleRoyale', 'Extraction', 'FPS', 'DropsВключены']",2026-09-11,21-30-08,Friday
316075965034,270232021,justketh,509658,Just Chatting,589,2026-09-11T08:14:03Z,en,"['English', 'IRL', 'Travel', 'ภาษาไทย', 'justchatting', 'girl', 'Thailand', 'Pattaya', 'DropsEnabled']",2026-09-11,21-30-08,Friday
316850856278,42599156,einz,743893402,WARDOGS,588,2026-09-11T11:49:26Z,sv,"['Svenska', 'IRL', '1440p', 'TPRP', 'Bruno', 'Engllsh', 'DropsAktiverat']",2026-09-11,21-30-08,Friday
318409810663,213342013,emmo,509672,IRL,586,2026-09-11T08:22:02Z,de,"['Deutsch', 'anime', 'manga', 'lgbtqia', 'cozy', 'fiebertraum', 'gaming', 'souls', 'IRL', 'see']",2026-09-11,21-30-08,Friday
316441576690,144740532,japanese_restream,66082,Games + Demos,585,2026-09-11T07:53:54Z,ja,"['日本語', 'RTA', 'Speedrun']",2026-09-11,21-30-08,Friday
316432989937,407389031,ninja_inui,743893402,WARDOGS,585,2026-09-11T13:53:18Z,ja,"['日本語', 'アドバイス禁止', 'ネタバレ禁止', 'Drops有効']",2026-09-11,21-30-08,Friday
318546441061,72692222,antielitz,130942,Factorio,584,2026-09-11T12:45:03Z,en,"['English', 'speedrunnning']",2026-09-11,21-30-08,Friday
316849288534,173242119,degst3r,32399,Counter-Strike,583,2026-09-11T04:45:50Z,ru,"['cs', 'RU', 'Русский', 'degster', 'прокачка', 'прокачкаинвентаря']",2026-09-11,21-30-08,Friday
321489085531,26991127,hiko,516575,VALORANT,582,2026-09-11T13:32:19Z,en,['English'],2026-09-11,21-30-08,Friday
316443308274,221323567,thefuudo,55453844,Street Fighter 6,581,2026-09-11T13:54:30Z,ja,"['日本語', 'プロゲーマー', '指導', '言語化', '質問歓迎', '情報求む', 'REJECT']",2026-09-11,21-30-08,Friday
318545144933,179279586,kertus,509658,Just Chatting,580,2026-09-11T10:01:01Z,it,"['Italiano', 'gta5', 'kertus', 'fivem', 'imperorp', 'impero', 'anc', 'gtaonline', 'Roleplay', 'DropAbilitati']",2026-09-11,21-30-08,Friday
316053463017,204113138,yunabb,516575,VALORANT,579,2026-09-11T12:49:38Z,zh,"['中文', 'fps', '遊戲']",2026-09-11,21-30-08,Friday
317722809444,486205216,idreau_,509658,Just Chatting,578,2026-09-11T14:19:07Z,fr,"['Français', 'DropsActivés', 'F1']",2026-09-11,21-30-08,Friday
318539928677,1046764363,altairnative,499973,Always On,578,2026-09-10T18:59:12Z,fr,"['Français', 'Rediffusions', 'communauté', 'SecondaryChannel']",2026-09-11,21-30-08,Friday
316851137366,448946039,alicia,460630,Rainbow Six Siege,577,2026-09-11T12:37:32Z,en,"['English', 'Irish', 'DropsEnabled']",2026-09-11,21-30-08,Friday
321377416922,30923466,dangheesling,743893402,WARDOGS,577,2026-09-11T12:55:16Z,en,"['English', 'DropsEnabled']",2026-09-11,21-30-08,Friday
316431802993,71897376,kettuncyukyuhei,509658,Just Chatting,574,2026-09-11T10:06:10Z,ja,"['日本語', 'Drops有効']",2026-09-11,21-30-08,Friday
316819699413,110527823,nelk0r,743893402,WARDOGS,574,2026-09-11T13:01:00Z,ru,"['gta5', 'ＧTA5', 'Majestic', 'MajesticRP', 'gta5rp', 'Roleplay', 'CENTRAL', 'amazing', 'SOUTHCENTRAL', 'Русский']",2026-09-11,21-30-08,Friday
317733412579,37771090,kiwo,32982,Grand Theft Auto V,572,2026-09-11T10:24:53Z,en,"['English', 'British', 'NoSpoilers', 'Variety', 'indie', 'Cosygaming', 'Roleplay', 'DropsEnabled']",2026-09-11,21-30-08,Friday
319188973015,173397905,hivise,32399,Counter-Strike,572,2026-09-11T14:01:56Z,en,"['English', 'DropsEnabled']",2026-09-11,21-30-08,Friday
318547152357,409984676,mikotohero,32399,Counter-Strike,570,2026-09-11T13:50:58Z,ru,"['FlyQuest', 'G2', 'falcons', 'HOTU', 'BC', 'BCGAME', '1W', 'Nemiga', '1win', '1W']",2026-09-11,21-30-08,Friday
318546430309,64949289,divi,1357871551,The Blood of Dawnwalker,569,2026-09-11T12:44:04Z,de,"['challenge', 'German', 'Deutsch', 'drops', 'dropsaktiv', 'Speedrunner', 'DropsAktiviert']",2026-09-11,21-30-08,Friday
318411440103,84539108,nisqyy,1357871551,The Blood of Dawnwalker,566,2026-09-11T12:13:39Z,fr,"['Français', 'Chıll', 'English', 'Europe', 'leagueoflegends', 'MOBA', 'Anime', 'movie', 'gaming', 'food']",2026-09-11,21-30-08,Friday
316820087893,557341058,ellysteiny,509658,Just Chatting,565,2026-09-11T14:03:58Z,ru,"['Русский', 'втубер', 'Vtuber', 'artist', 'art', 'арт', 'художник', 'Аниме', 'DropsВключены']",2026-09-11,21-30-08,Friday
316819483477,778160753,skezzzxc,32399,Counter-Strike,563,2026-09-11T12:19:29Z,ru,['Русский'],2026-09-11,21-30-08,Friday
320182114398,27085209,aiekillu,743893402,WARDOGS,563,2026-09-11T13:07:07Z,fr,"['Français', 'DropsActivés']",2026-09-11,21-30-08,Friday
316499203827,271117427,m2_kento_heluan,32982,Grand Theft Auto V,563,2026-09-11T09:58:23Z,ja,"['オンライン', 'FPS', '実況プレイ', '日本語', 'valorant', 'ストグラ', 'グラセフ5オンライン', '雑談', 'Drops有効']",2026-09-11,21-30-08,Friday
320278884188,1032634908,cyburdial,509511,Marbles on Stream,562,2026-09-11T12:49:40Z,en,"['English', 'Community', 'Fortnite', 'MarblesonStream', 'TheCouch', 'DropsEnabled']",2026-09-11,21-30-08,Friday
316500127859,229306012,yunocy,327598602,Onimusha: Way of the Sword,562,2026-09-11T13:00:45Z,ja,"['日本語', 'Drops有効']",2026-09-11,21-30-08,Friday
315513260528,139417491,woojungx4,509658,Just Chatting,561,2026-09-09T16:00:25Z,ko,"['한국어', 'Dance', 'KPOP', 'ENG', 'english', 'asia', 'korea', 'KR', 'taiwan']",2026-09-11,21-30-08,Friday
318544521701,44096715,bandurka,32399,Counter-Strike,560,2026-09-11T08:28:01Z,ru,"['Русский', 'donk', 's1mple', 'bandurka', 'teamspirit', 'cs2', 'faceit']",2026-09-11,21-30-08,Friday
318087866200,39464264,aplatypuss,498592,I'm Only Sleeping,560,2026-09-09T21:47:17Z,en,"['English', 'DropsEnabled']",2026-09-11,21-30-08,Friday
317734307811,86195014,starky,21779,League of Legends,560,2026-09-11T13:05:30Z,ru,"['Киберспорт', 'Русский', 'LeagueOfLegends', 'LCK', 'LEC', 'LPL', 'English']",2026-09-11,21-30-08,Friday
316894037332,65360359,passatigy,743893402,WARDOGS,557,2026-09-11T10:41:50Z,ru,"['Русский', 'розыгрыш', 'общение', 'drops', 'Аниме', 'Пасатиж', 'dinghaitheoceanpillar', 'keymailer', 'DropsВключены']",2026-09-11,21-30-08,Friday
318547251813,133606416,angelkacs,32399,Counter-Strike,557,2026-09-11T13:59:07Z,pl,['Polski'],2026-09-11,21-30-08,Friday
316053730153,546317180,osiimivt,509659,ASMR,557,2026-09-11T14:01:23Z,en,"['English', 'envtuber', 'mommy', 'findom', 'ASMR', 'earlickingasmr', '3dio']",2026-09-11,21-30-08,Friday
316432044529,644963197,ajak0n,491931,Escape from Tarkov,557,2026-09-11T11:06:08Z,ja,['日本語'],2026-09-11,21-30-08,Friday
316498556275,140819284,erycyoo,511224,Apex Legends,555,2026-09-11T06:11:26Z,zh,"['English', '中文']",2026-09-11,21-30-08,Friday
316015561576,522657771,yuki878,509658,Just Chatting,555,2026-09-11T13:59:51Z,zh,"['中文', '启用掉宝']",2026-09-11,21-30-08,Friday
316817303509,784644935,barjonasbaby,509658,Just Chatting,554,2026-09-10T22:18:59Z,sv,"['Svenska', 'IRL', 'DropsAktiverat']",2026-09-11,21-30-08,Friday
317721235300,432857248,krolay,743893402,WARDOGS,553,2026-09-11T09:04:43Z,fr,"['solo', 'rouille', 'FR', 'Français', 'fps', 'pro', 'creator', 'body', 'Rust', 'Rust']",2026-09-11,21-30-08,Friday
317733742051,672078591,doseofcoffee,138585,Hearthstone,553,2026-09-11T11:33:50Z,en,"['Arena', 'Educational', 'English', 'Competitive', 'Leaderboard', 'Chill']",2026-09-11,21-30-08,Friday
317733330787,116990597,toontv,513143,Teamfight Tactics,551,2026-09-11T10:03:30Z,fr,['Français'],2026-09-11,21-30-08,Friday
318545686373,595623746,smallcurlyfry,509672,IRL,550,2026-09-11T11:19:19Z,de,"['curly', 'adhs', 'labern', 'justchatting', 'cozy', 'Deutsch', 'cringe', 'Malle', 'IRL']",2026-09-11,21-30-08,Friday
318098445144,138394663,tonytheduff,902998079,Halloween: The Game,550,2026-09-11T04:10:38Z,en,"['pepegi', 'top1percentNAsurvivor', 'LiterallyJustBetter', 'English']",2026-09-11,21-30-08,Friday
316818495061,211797594,rexnor,500188,Hunt: Showdown 1896,547,2026-09-11T08:00:42Z,en,"['pvp', 'gaming', 'hardcore', 'challenge', 'solo', 'huntshowdown', 'English', 'ExtractionShooter', 'fps', 'DropsEnabled']",2026-09-11,21-30-08,Friday
318412540519,36009345,thekller,491487,Dead by Daylight,546,2026-09-11T14:01:28Z,de,['Deutsch'],2026-09-11,21-30-08,Friday
316819276373,27268093,alliance_hakis,511224,Apex Legends,546,2026-09-11T11:36:19Z,en,"['IGL', 'Comp', 'Scrim', 'Tourney', 'Pro', 'Alliance', 'Ranked', 'ApexPredator', 'English', 'movementgod']",2026-09-11,21-30-08,Friday
318939804661,36413513,mrfalll,743893402,WARDOGS,545,2026-09-11T12:28:02Z,pt,"['Português', 'DropsAtivados']",2026-09-11,21-30-08,Friday
320279392604,803268341,captain_tubesocks,509658,Just Chatting,543,2026-09-11T14:15:35Z,en,"['English', 'Horror', 'Millenial', 'GenX', 'humor', 'gameingcommunity', 'simulation', 'funny', 'Casual', 'DropsEnabled']",2026-09-11,21-30-08,Friday
316894286292,141151400,pa1ze,516575,VALORANT,542,2026-09-11T11:38:32Z,en,"['English', 'valorant', 'Ranked', 'radiant', 'danish', 'duelist', 'fps', 'shooter']",2026-09-11,21-30-08,Friday
317429149431,184147110,olesyaliberman,509658,Just Chatting,541,2026-09-11T13:46:56Z,en,"['English', 'DropsEnabled']",2026-09-11,21-30-08,Friday
317698518370,1135402907,imow,401587136,Arena Breakout: Infinite,539,2026-09-11T14:02:57Z,en,"['ABI', 'English', 'imow', 'DropsEnabled']",2026-09-11,21-30-08,Friday
316893238356,43578182,f1ashko,743893402,WARDOGS,539,2026-09-11T06:35:46Z,ru,"['Русский', 'DropsВключены']",2026-09-11,21-30-08,Friday
318545953381,92353597,riirex,13332,Pokémon FireRed/LeafGreen,539,2026-09-11T11:53:36Z,de,"['Deutsch', 'riirex', 'grind', 'daily', 'VarietyGamer', 'matze', 'amongus', 'eldenring', 'pokemon', 'DropsAktiviert']",2026-09-11,21-30-08,Friday
316895174612,110812074,relaxcis,516575,VALORANT,538,2026-09-11T14:07:08Z,ru,"['Русский', 'valorant', 'deadinside', '89squad', 'Freak', 'masterscostream', 'Русский']",2026-09-11,21-30-08,Friday
318100911320,58529158,katie,743893402,WARDOGS,536,2026-09-11T12:03:38Z,en,"['Vtuber', 'chill', 'gaming', 'Fortnite', 'ADHD', 'Anime', 'fps', 'funny', 'pngtuber', 'English']",2026-09-11,21-30-08,Friday
317733916259,123122022,pandarina,8090,FINAL FANTASY IX,535,2026-09-11T12:02:00Z,es,"['Español', 'Malaga', 'Pandarina', 'KOI', 'videojuegos']",2026-09-11,21-30-08,Friday
319010612724,186079171,lulavlr,516575,VALORANT,534,2026-09-11T11:02:52Z,pt,"['Português', 'valorant', 'chamber', 'TryhardGameplay']",2026-09-11,21-30-08,Friday
321482321243,26202610,proplays,1702520304,Path of Exile 2,534,2026-09-11T00:50:46Z,en,"['English', 'MagicFind', 'PathOfExile', 't17maps', 't17farm', 'Mirror', 'poe2', 'PoE', 'DropsEnabled']",2026-09-11,21-30-08,Friday
318409382503,15167749,dinik,509658,Just Chatting,534,2026-09-11T07:03:01Z,ru,"['Русский', '89squad', 'DropsВключены']",2026-09-11,21-30-08,Friday
320278814684,175279277,jessekazam,743893402,WARDOGS,532,2026-09-11T12:33:12Z,en,"['English', 'tarkov', 'Shooter', 'Hardcore', 'EFT', 'pizza', 'DropsEnabled']",2026-09-11,21-30-08,Friday
321314675673,127301063,gremloe,509658,Just Chatting,530,2026-09-11T12:06:27Z,en,"['English', 'DropsEnabled']",2026-09-11,21-30-08,Friday
316819607381,1134449363,mirzalievmma,493057,PUBG: BATTLEGROUNDS,529,2026-09-11T12:45:52Z,ru,"['спб', 'Русский', 'пабг', 'гта5рп', 'гта', 'мск', 'pubg', 'рекомендации', 'ирл', 'Повтор']",2026-09-11,21-30-08,Friday
321377742810,138447079,captainlance9,29307,Path of Exile,527,2026-09-11T14:00:17Z,en,"['English', 'DropsEnabled']",2026-09-11,21-30-08,Friday
318880017398,1120085764,avellargg,32399,Counter-Strike,526,2026-09-11T13:37:53Z,pt,"['Português', 'slots', 'Español', 'counterstrike2']",2026-09-11,21-30-08,Friday
318411016423,55290849,gn_krobatv,513143,Teamfight Tactics,525,2026-09-11T11:21:43Z,el,['Ελληνικά'],2026-09-11,21-30-08,Friday
320278612444,27772699,apathy,512710,Call of Duty: Warzone,525,2026-09-11T11:44:32Z,en,"['English', 'pro', 'cod', 'callofduty', 'warzone', 'warzoneranked', 'rebirthisland', 'mw4']",2026-09-11,21-30-08,Friday
318534068709,111768177,chessgenie,27546,World of Tanks,521,2026-09-10T10:01:17Z,de,"['Deutsch', 'DropsAktiviert']",2026-09-11,21-30-08,Friday
318547498725,244703495,einholzkopf,509658,Just Chatting,520,2026-09-11T14:19:28Z,de,"['einholzkopf', 'VTuber', 'Holzarbeiten', 'Holzi', 'Animation', 'Deutsch', 'DropsAktiviert']",2026-09-11,21-30-08,Friday
320182419166,1096331847,mooimimo,509658,Just Chatting,518,2026-09-11T14:00:28Z,en,"['English', 'Cosplay', 'femboy', 'DropsEnabled']",2026-09-11,21-30-08,Friday
321488367195,77573531,liminhag0d,743893402,WARDOGS,518,2026-09-11T11:56:03Z,pt,"['Português', 'DropsAtivados']",2026-09-11,21-30-08,Friday
318547183333,604727392,la_france_insoumise,509658,Just Chatting,517,2026-09-11T13:53:42Z,fr,"['Français', 'DropsActivés']",2026-09-11,21-30-08,Friday
316432604785,811736431,bokugengar,509658,Just Chatting,517,2026-09-11T12:46:55Z,ja,"['日本語', 'Vtuber', 'コスプレ', 'Drops有効']",2026-09-11,21-30-08,Friday
315484186350,48578601,jazlatte,513143,Teamfight Tactics,516,2026-09-11T13:00:17Z,zh,['中文'],2026-09-11,21-30-08,Friday
318545590757,84818837,cucu0015,743893402,WARDOGS,516,2026-09-11T11:05:48Z,hu,"['Magyar', 'Gameplay', 'Hungarian', 'Hungary', 'devswelcome', 'Developers', 'MarathonCreator', 'DropokEngedélyezve']",2026-09-11,21-30-08,Friday
316014794856,123499768,ren0809k,743893402,WARDOGS,516,2026-09-11T10:27:43Z,zh,['中文'],2026-09-11,21-30-08,Friday
318546279653,439261935,zoematthea,31339,Project Zomboid,514,2026-09-11T12:28:36Z,de,"['Deutsch', 'Dieser', 'Stream', 'ist', 'cool', 'IRL', 'Creative', 'drops', 'Cozy', 'gaming']",2026-09-11,21-30-08,Friday
316014858472,157469268,p_tatotv,1264310518,Marvel Rivals,513,2026-09-11T10:47:39Z,en,"['marvelrivals', 'English', 'OCE', 'DropsEnabled']",2026-09-11,21-30-08,Friday
316820022869,402534373,optiludikc,29452,Virtual Casino,511,2026-09-11T13:54:10Z,ru,['Русский'],2026-09-11,21-30-08,Friday
321314926041,276696618,survivalbob,458781,No Man's Sky,511,2026-09-11T12:59:55Z,en,"['English', 'Building', 'QuestionsWelcome', 'NewPlaythough', 'DropsEnabled']",2026-09-11,21-30-08,Friday
321314811353,583098940,soraposhich,32982,Grand Theft Auto V,511,2026-09-11T12:37:05Z,ja,"['ネタバレ注意', '日本語', 'Drops有効']",2026-09-11,21-30-08,Friday
319173824599,138034808,mayz,670138298,Madden NFL 27,510,2026-09-10T03:37:15Z,en,"['competitive', 'gaming', 'madden', 'Football', 'trashtalk', 'challenge', 'collegefootball', 'English', 'DropsEnabled']",2026-09-11,21-30-08,Friday
316004821714,828239735,nogenerals,491931,Escape from Tarkov,509,2026-09-11T13:18:31Z,en,"['audio', 'English']",2026-09-11,21-30-08,Friday
318411706471,476783858,maxiliecuy,509658,Just Chatting,509,2026-09-11T12:41:50Z,de,"['Deutsch', 'DropsAktiviert']",2026-09-11,21-30-08,Friday
318608055398,43298229,d1rtyd3vil,743893402,WARDOGS,509,2026-09-11T11:23:32Z,de,"['Hardmode', 'Erwachsen', 'Entspannt', 'Deutsch', 'Variety', 'LigaDerHeftigkeiten', 'KeinBackseatGaming', 'KIMusic', 'DropsAktiviert']",2026-09-11,21-30-08,Friday
320181920734,194434289,megga,499634,Crypto,508,2026-09-11T12:28:28Z,en,['English'],2026-09-11,21-30-08,Friday
318547071461,591673917,isko,498566,Slots,507,2026-09-11T13:43:54Z,de,"['Deutsch', 'English', 'slots', 'casino', 'SLOTSSTREAM', 'onlinecasino', 'Glücksspiel']",2026-09-11,21-30-08,Friday
321377470810,55899594,corgicam,509663,Special Events,505,2026-09-11T13:05:39Z,en,"['English', 'Vtuber', 'Furry', 'LGBTQIAPlusAlly', 'short', 'LOUD', 'Interactive', 'ClosedCaptions', 'subathon', 'Yapper']",2026-09-11,21-30-08,Friday
316851674838,498937799,nooor,32982,Grand Theft Auto V,504,2026-09-11T14:03:43Z,sv,"['Svenska', 'TPRP', 'IRL']",2026-09-11,21-30-08,Friday
318607897574,98223690,amur_game,743893402,WARDOGS,502,2026-09-11T11:00:04Z,ru,"['Русский', 'DropsВключены']",2026-09-11,21-30-08,Friday
316499603443,213233389,rassya12,743893402,WARDOGS,502,2026-09-11T11:35:19Z,ja,"['日本語', 'Drops有効']",2026-09-11,21-30-08,Friday
317734738531,720057691,chocobred_,509659,ASMR,500,2026-09-11T14:03:14Z,en,"['art', 'English', 'Vtuber', 'ASMR', 'mommy', 'Français']",2026-09-11,21-30-08,Friday
317733276515,99121518,torro,743893402,WARDOGS,499,2026-09-11T09:49:53Z,de,"['Deutsch', 'DropsAktiviert']",2026-09-11,21-30-08,Friday
318410846567,1287708809,eliasundmicka,509658,Just Chatting,499,2026-09-11T11:00:06Z,de,"['Deutsch', 'MentalHealth', 'Psychologie', 'justchatting', 'philosophie', 'DropsAktiviert']",2026-09-11,21-30-08,Friday
316004440018,427306455,flles,1264310518,Marvel Rivals,497,2026-09-11T10:20:35Z,en,"['Roblox', 'Fortnite', 'Marvel', 'NTE', 'English', 'DropsEnabled']",2026-09-11,21-30-08,Friday
316894951252,568562680,t1ssuexd,32399,Counter-Strike,496,2026-09-11T13:34:44Z,ru,['Русский'],2026-09-11,21-30-08,Friday
316820015189,414553144,sanya_sniper2011,2132205352,Deadlock,496,2026-09-11T13:52:52Z,ru,['Русский'],2026-09-11,21-30-08,Friday
321314671193,531602803,therealkyzen,1264310518,Marvel Rivals,496,2026-09-11T12:05:16Z,en,"['english', 'ADHD', 'loud', 'English', 'DropsEnabled']",2026-09-11,21-30-08,Friday
317733461347,639107226,bigdaddygmann,512710,Call of Duty: Warzone,495,2026-09-11T10:37:15Z,en,"['English', 'entertainment', 'shooters', 'fps']",2026-09-11,21-30-08,Friday
320319664096,405208912,gonsabellla,509672,IRL,494,2026-09-11T10:47:57Z,es,['Español'],2026-09-11,21-30-08,Friday
317722162788,44546356,hyp_tv,743893402,WARDOGS,494,2026-09-11T12:39:16Z,fr,"['Français', 'VCTWatchParty', 'Valorant', 'Esport', 'DropsActivés']",2026-09-11,21-30-08,Friday
316441984498,163925308,17baby17lol,509658,Just Chatting,494,2026-09-11T09:40:20Z,zh,"['中文', '启用掉宝']",2026-09-11,21-30-08,Friday
317722553956,104659233,fifakillvizualz,512710,Call of Duty: Warzone,492,2026-09-11T13:41:46Z,en,['English'],2026-09-11,21-30-08,Friday
321377330138,790739876,vesper,509658,Just Chatting,492,2026-09-11T12:33:10Z,en,"['horror', 'normal', 'bug', 'vtuber', 'English', 'DropsEnabled']",2026-09-11,21-30-08,Friday
317722664164,94124693,cass_andre,509658,Just Chatting,492,2026-09-11T13:59:46Z,fr,"['LGBTQI', 'React', 'Français', 'DropsActivés']",2026-09-11,21-30-08,Friday
316014456424,202094918,slumbo_,743893402,WARDOGS,491,2026-09-11T08:47:36Z,en,"['RatExterminating', 'English', 'ShmeatEater', 'OCE', 'DropEnabled', 'DropsEnabled']",2026-09-11,21-30-08,Friday
318606881382,28213443,rax1337,743893402,WARDOGS,491,2026-09-11T08:13:21Z,de,"['Deutsch', 'English', 'Ranked', 'Pro', 'DropsAktiviert']",2026-09-11,21-30-08,Friday
317722069860,123293742,dankol83,509658,Just Chatting,491,2026-09-11T12:21:09Z,it,"['Italiano', 'ridere', 'giochi', 'VETRINA', 'English', 'inter', 'calcio', 'cucina', 'cinema', 'DropAbilitati']",2026-09-11,21-30-08,Friday
315983921617,32536070,y0nd,29595,Dota 2,491,2026-09-11T12:58:06Z,ru,"['Русский', 'HolidayHoppla', 'Повтор']",2026-09-11,21-30-08,Friday
316850420054,25701902,minpojke,18122,World of Warcraft,490,2026-09-11T10:27:47Z,en,"['English', 'PvP', 'Rank1', 'pro']",2026-09-11,21-30-08,Friday
316030607443,8535909,ukog,2060730947,Le Mans Ultimate,490,2026-09-11T12:59:46Z,en,"['Simracing', 'English', '1440p']",2026-09-11,21-30-08,Friday
317733837923,190561431,matteu,32982,Grand Theft Auto V,489,2026-09-11T11:49:10Z,en,"['English', 'NoPixel', 'RP', 'NoPixelWL', 'manor', 'LSPD', 'NopixelV', 'DropsEnabled']",2026-09-11,21-30-08,Friday
316894257620,77574065,cmarty,32399,Counter-Strike,489,2026-09-11T11:32:08Z,ru,"['Русский', 'ThunerpickWC', 'Marsborne', 'Nemesis', 'Wildcard', '100T', '3DMAX', 'NinjasinPyjamas', '1win']",2026-09-11,21-30-08,Friday
317698345058,185866554,s3kox,263490,Rust,487,2026-09-11T13:36:08Z,es,"['Español', 'Rust', 'PvP', 'España', 'vanilla', 'estrategia', 'Raid', 'vanila']",2026-09-11,21-30-08,Friday
317722771428,102680338,farfa,1119642287,Yu-Gi-Oh! Master Duel,485,2026-09-11T14:14:35Z,en,"['yugioh', 'masterduel', 'English']",2026-09-11,21-30-08,Friday
318607678182,121053325,zayi,499003,VRChat,485,2026-09-11T10:29:11Z,en,"['music', 'Vtuber', 'Dance', 'girl', 'egirl', 'wiggles', 'English', 'mommy', 'lewdtuber', 'feet']",2026-09-11,21-30-08,Friday
318409007975,99350526,qaixx,263490,Rust,485,2026-09-11T05:35:59Z,en,"['English', 'Survival', 'PositiveMentalAttitude', 'Educational', 'Hottub', 'Serbian']",2026-09-11,21-30-08,Friday
317428514295,835561319,xera,2132205352,Deadlock,483,2026-09-11T09:09:33Z,en,"['English', 'TALL', 'NOTBALD', 'AMBIGUOUS', 'FUNNYHAHA', 'FRIENDLYENOUGH', 'PREMIUM', 'GOODPERSON']",2026-09-11,21-30-08,Friday
315983937361,24981496,hydramist,18122,World of Warcraft,482,2026-09-11T13:04:52Z,en,"['English', 'PvP', 'wow', 'wowclassic', 'worldofwarcraft', 'Arena', 'mopclassic', 'MistsofPandaria', 'Priest', 'MMO']",2026-09-11,21-30-08,Friday
316894706004,802692808,chubzarik_dota,29595,Dota 2,481,2026-09-11T12:55:36Z,ru,['Русский'],2026-09-11,21-30-08,Friday
321300639193,10817445,itmejp,498592,I'm Only Sleeping,481,2026-09-10T14:59:14Z,en,"['English', 'HearingImpaired', 'DLSS5OnJackBlack', 'OptOutOfGenAI', 'DropsEnabled']",2026-09-11,21-30-08,Friday
316432239089,771664514,ikoi_momoa,32982,Grand Theft Auto V,480,2026-09-11T11:49:59Z,ja,"['Vtuber', '初見さん大歓迎', '絶叫', '日本語', 'FPS', 'Drops有効']",2026-09-11,21-30-08,Friday
321313994329,38958459,ceremor,743893402,WARDOGS,480,2026-09-11T08:58:40Z,en,"['English', 'DropsEnabled']",2026-09-11,21-30-08,Friday
318607082214,28447375,skifolk,743893402,WARDOGS,479,2026-09-11T08:50:24Z,ru,"['skifolk', 'скифолк', 'survivalgames', 'eft', 'Русский', 'DropsВключены']",2026-09-11,21-30-08,Friday
316077012842,455905660,patricksantos_,1959325619,Spiritus Sancti,478,2026-09-11T13:07:41Z,tl,"['Tagalog', 'Horror', 'Filipino']",2026-09-11,21-30-08,Friday
316851276758,240090451,finigannn,32399,Counter-Strike,477,2026-09-11T13:01:25Z,ru,"['Русский', 'EngIish', 'Повтор']",2026-09-11,21-30-08,Friday
318609192550,232850946,juanflatroo,32399,Counter-Strike,476,2026-09-11T13:34:08Z,en,['English'],2026-09-11,21-30-08,Friday
320320204256,92276803,lorcylovesyou,1931693784,Pokémon Champions,476,2026-09-11T13:07:41Z,en,"['competitive', 'gamer', 'vgc', 'pokemon', 'English', 'DropsEnabled']",2026-09-11,21-30-08,Friday
318411989735,36977583,hoppii,509658,Just Chatting,475,2026-09-11T13:09:45Z,de,"['Deutsch', 'Roleplay', 'bingo', 'depression', 'fivem', 'gta', 'reactions', 'peak', 'PeakRP', 'GTARP']",2026-09-11,21-30-08,Friday
316840048854,1452895933,orangemorangeslots,498566,Slots,475,2026-09-09T15:49:47Z,de,['Deutsch'],2026-09-11,21-30-08,Friday
318939470581,39333739,lolcohol,1702520304,Path of Exile 2,475,2026-09-11T10:00:18Z,en,"['English', 'PathOfExile', 'PoE', 'poe2', 'pathofexile2', 'ARPG', 'ARPGs', 'DropsEnabled', 'homoerectus']",2026-09-11,21-30-08,Friday
318608895846,48199446,multiplayerit,512953,ELDEN RING,470,2026-09-11T13:02:42Z,it,"['videogiochi', 'Italiano', 'quattrochiacchiere', 'notizie', 'news', 'gameplay', 'recensioni', 'eldenring', 'DropAbilitati']",2026-09-11,21-30-08,Friday
316819077589,52215959,followkudes,29595,Dota 2,469,2026-09-11T10:47:56Z,ru,"['Русский', 'English', 'cybersport', 'CS2', 'dota2', 'тильт', 'clown']",2026-09-11,21-30-08,Friday
317734340067,28354765,lamhua,509658,Just Chatting,469,2026-09-11T13:10:40Z,fr,"['Français', 'tech', 'gaming', 'mode', 'vlog', 'react', 'lamhua', 'ClosedCaptions', 'CC', 'VerticalStream']",2026-09-11,21-30-08,Friday
318412335719,125438132,tschessy,1669431183,DJs,469,2026-09-11T13:42:31Z,de,"['Deutsch', 'Variety', 'Techno', 'Rave', 'IRL', 'Musik', 'DJ', 'DropsAktiviert']",2026-09-11,21-30-08,Friday
318546731109,100662717,goofiacz,32399,Counter-Strike,468,2026-09-11T13:12:15Z,pl,"['Polski', 'English', 'CS2', 'faceit']",2026-09-11,21-30-08,Friday
317734274787,96324761,berlu,743893402,WARDOGS,468,2026-09-11T13:00:45Z,fr,"['Français', 'RP', 'gta5rp', 'pétanque', 'banane', 'troll', 'DropsActivés']",2026-09-11,21-30-08,Friday
317734287075,42120234,mywtheking,21779,League of Legends,468,2026-09-11T13:02:41Z,fr,"['Français', 'Garen', 'leagueoflegends', 'rush', 'Challenger']",2026-09-11,21-30-08,Friday
316850813270,1390976168,betboom_cs_ru,32399,Counter-Strike,467,2026-09-11T11:41:15Z,ru,"['Киберспорт', 'Esports', 'counterstrike2', 'Русский']",2026-09-11,21-30-08,Friday
318546062309,26308313,wanderbraun,12924,Warcraft III,466,2026-09-11T12:05:20Z,ru,"['История', 'Стратегии', 'Русский', 'RTS', 'Киберспорт', 'Warcraft', 'PvP', 'Українець']",2026-09-11,21-30-08,Friday
316432168817,264909001,kagura0mea,756802928,Cursed Companions,466,2026-09-11T11:34:31Z,ja,"['Vtuber', '日本語', '新人Vtuber']",2026-09-11,21-30-08,Friday
318608300774,185273496,zerrroo__,386821,Black Desert,466,2026-09-11T11:56:28Z,en,"['English', 'Arabic', 'Wizard', 'PvE', 'PvP', 'BDO', 'MMORPG', 'DropsEnabled']",2026-09-11,21-30-08,Friday
321488938971,269140208,tttcheekyttt,511224,Apex Legends,465,2026-09-11T13:14:17Z,ja,"['日本語', 'English']",2026-09-11,21-30-08,Friday
317698229346,124403155,juliettearz,511224,Apex Legends,464,2026-09-11T13:18:41Z,fr,['Français'],2026-09-11,21-30-08,Friday
315518315632,801971589,youchi0_0,509658,Just Chatting,463,2026-09-11T12:58:58Z,en,"['English', '한국어', 'Korean', 'Dance', 'USA', '日本語', 'EU', 'IRL', 'DropsEnabled']",2026-09-11,21-30-08,Friday
318546461029,62603776,cyganzor,27546,World of Tanks,463,2026-09-11T12:47:22Z,pl,"['Polski', 'Polish', 'wot', 'WorldofTanks', 'Dropy', 'DropyWłączone']",2026-09-11,21-30-08,Friday
321315366617,460930758,decu,499634,Crypto,462,2026-09-11T14:15:09Z,en,['English'],2026-09-11,21-30-08,Friday
318607715046,42302721,trundledaddy,21779,League of Legends,462,2026-09-11T10:33:54Z,en,"['trundle', 'English']",2026-09-11,21-30-08,Friday
318410141159,115395498,attix,516575,VALORANT,461,2026-09-11T09:15:34Z,de,['Deutsch'],2026-09-11,21-30-08,Friday
318545056741,67555995,g4nng,32502,World of Warships,461,2026-09-11T09:47:19Z,en,"['DropsEnabled', 'English', 'Deutsch']",2026-09-11,21-30-08,Friday
318607967462,835652944,bubblegum,511224,Apex Legends,460,2026-09-11T11:10:18Z,de,"['English', 'Deutsch']",2026-09-11,21-30-08,Friday
319011340148,39152815,clovaobengala,743893402,WARDOGS,460,2026-09-11T14:20:43Z,pt,"['Português', 'DropsAtivados']",2026-09-11,21-30-08,Friday
318539768677,1520431050,staiy24,32982,Grand Theft Auto V,459,2026-09-10T18:47:45Z,de,"['Deutsch', 'DropsAktiviert']",2026-09-11,21-30-08,Friday
321377171802,32679000,mrhappy1227,24241,FINAL FANTASY XIV ONLINE,459,2026-09-11T11:49:40Z,en,"['JRPG', 'Gameplay', 'Guidemaking', 'Guides', 'Teaching', 'Discussion', 'English']",2026-09-11,21-30-08,Friday
319187304407,48827570,saintone,866287127,Welcome to Elderfield,456,2026-09-11T07:03:56Z,en,"['English', 'Community', 'of', 'Boomers', 'And', 'Lizard', 'People', 'MAMBO']",2026-09-11,21-30-08,Friday
316895124564,257831564,v0kky,1517377137,RV There Yet?,455,2026-09-11T14:00:44Z,ru,['Русский'],2026-09-11,21-30-08,Friday
318546387685,1044383692,superquota,509658,Just Chatting,453,2026-09-11T12:39:35Z,it,"['Italiano', 'DropAbilitati']",2026-09-11,21-30-08,Friday
318938173813,908202927,puggzao,29452,Virtual Casino,453,2026-09-11T03:02:40Z,pt,['Português'],2026-09-11,21-30-08,Friday
318409345639,530561729,spontent,518203,Sports,453,2026-09-11T06:55:35Z,de,"['Deutsch', 'sport', 'beachvolleyball']",2026-09-11,21-30-08,Friday
318409400167,236329859,heawin,493057,PUBG: BATTLEGROUNDS,453,2026-09-11T07:06:58Z,de,"['Deutsch', 'DropsAktiviert']",2026-09-11,21-30-08,Friday
317698217314,726408531,hollyrex,743893402,WARDOGS,451,2026-09-11T13:17:12Z,en,"['fun', 'survíval', 'Chatty', 'British', 'English', 'chill', 'DayZ', 'DropsEnabled']",2026-09-11,21-30-08,Friday
319182953687,217629686,dgthe99,498592,I'm Only Sleeping,449,2026-09-11T01:02:56Z,en,"['English', 'dgthe99', 'duketucker', 'GTARP', 'Rerun', 'DropsEnabled']",2026-09-11,21-30-08,Friday
318607955814,132256306,lunateac,508455,Valheim,449,2026-09-11T11:08:05Z,en,"['English', 'ADHD', 'Chatty', 'Interactive', 'Variety', 'FirstPlaythrough']",2026-09-11,21-30-08,Friday
316052742377,463977359,dgiayenne,509672,IRL,449,2026-09-11T09:36:28Z,zh,"['聊天室慢回', '沒有雙螢幕', '中文', '臺南鹽行夜市一', '臺南小北夜市二', '臺南武聖夜市三', '臺南花園夜市4567', '英文', '重播']",2026-09-11,21-30-08,Friday
318412299111,59573061,detdert,21779,League of Legends,449,2026-09-11T13:39:16Z,en,['English'],2026-09-11,21-30-08,Friday
317734464739,29530640,dheylo,33214,Fortnite,448,2026-09-11T13:27:20Z,es,['Español'],2026-09-11,21-30-08,Friday
320181929310,30227322,solorenektononly,21779,League of Legends,448,2026-09-11T12:30:36Z,en,"['Bald', 'GoblinMode', 'TopLane', 'English', 'top', 'renekton', 'League', 'leagueoflegeneds', 'leaguestreams', 'UNC']",2026-09-11,21-30-08,Friday
318412235623,36969722,grabbz,21779,League of Legends,448,2026-09-11T13:33:01Z,en,['English'],2026-09-11,21-30-08,Friday
316890858068,808203756,r2cronus,502829,R2 Online: Reign of Revolution,448,2026-09-10T17:54:15Z,ru,"['Русский', 'R2Online']",2026-09-11,21-30-08,Friday
318411588967,133208673,redpandash,32982,Grand Theft Auto V,447,2026-09-11T12:29:36Z,ru,"['Русский', 'PvP', 'вайбик', 'разговор', 'DropsВключены']",2026-09-11,21-30-08,Friday
317698580066,40729999,damdamlive,509658,Just Chatting,447,2026-09-11T14:10:59Z,fr,"['fr', 'discussion', 'français', 'damdamlive', 'chill', 'Français', 'zevent', 'Zevent2026', 'CharityStream']",2026-09-11,21-30-08,Friday
316443064946,73692597,ottiki,32982,Grand Theft Auto V,447,2026-09-11T13:06:48Z,ja,"['日本語', 'Overｗatch2', '最強', 'GON', 'Drops有効']",2026-09-11,21-30-08,Friday
317733092963,822749145,cammytft,513143,Teamfight Tactics,446,2026-09-11T09:01:22Z,en,"['english', 'English', 'tft', 'teamfighttactics', 'leagueoflegends']",2026-09-11,21-30-08,Friday
316894204756,7877833,aboutoliver,1868360962,Five Nights at Freddy's,446,2026-09-11T11:19:28Z,en,"['English', 'LetsPlay', 'BlindPlaythrough', 'Ⅿinecraft', 'CreateMod']",2026-09-11,21-30-08,Friday
315983692625,206866614,g_birb,491487,Dead by Daylight,445,2026-09-11T11:08:05Z,en,"['English', 'LGBTQIAPlus', 'ClosedCaptions', 'TransRights', 'dbdcreator', 'farts']",2026-09-11,21-30-08,Friday
318546923493,102440358,arcadebulls,1692723000,Emberville,445,2026-09-11T13:30:48Z,cs,"['Čeština', 'English', 'Community']",2026-09-11,21-30-08,Friday
318607505254,63958651,holladiewaldfee,508455,Valheim,444,2026-09-11T10:02:36Z,de,"['Deutsch', 'firstimeplay']",2026-09-11,21-30-08,Friday
320279428316,248620874,juliakins,509658,Just Chatting,444,2026-09-11T14:22:11Z,en,"['English', 'mommycosplay', 'MMA', 'DropsEnabled']",2026-09-11,21-30-08,Friday
321377725914,59308271,tfblade,21779,League of Legends,442,2026-09-11T13:58:08Z,en,"['English', 'Rank1', 'Toplaner']",2026-09-11,21-30-08,Friday
317721642468,50561208,un33d,513143,Teamfight Tactics,442,2026-09-11T10:54:28Z,fr,"['Français', 'TFT', 'Caster', 'Challenger']",2026-09-11,21-30-08,Friday
316895171796,431450064,willyvance,32982,Grand Theft Auto V,441,2026-09-11T14:06:47Z,ru,"['willyvance', 'willy', 'Русский', 'вилливенс', 'вилигта', 'RP', 'ＧTA5', 'GTARP', 'DropsВключены']",2026-09-11,21-30-08,Friday
318939544949,57413515,ralisco,743893402,WARDOGS,441,2026-09-11T10:41:36Z,pt,"['Português', 'DropsAtivados']",2026-09-11,21-30-08,Friday
318607656038,421326609,rachelkay,1357871551,The Blood of Dawnwalker,441,2026-09-11T10:25:40Z,en,"['southafrica', 'girl', 'adhd', 'English', 'cosplay', 'Female', 'women', 'PC', 'NewRelease', 'DropsEnabled']",2026-09-11,21-30-08,Friday
317698311266,767965709,sotchi_riot,1669431183,DJs,439,2026-09-11T13:30:59Z,en,"['English', 'Français', 'Deutsch', 'Polski', 'DJ', 'Techno', 'ADHD', 'Girl', 'Woman', 'Cosplay']",2026-09-11,21-30-08,Friday
316499083635,25501154,devilcatwith2cat,1702520304,Path of Exile 2,438,2026-09-11T09:18:17Z,zh,"['中文', '貓咪出沒', '貓奴', 'pathofexile2', '手機遊戲', 'ARPG', '启用掉宝']",2026-09-11,21-30-08,Friday
317721772132,435565884,virtualgemma,1264310518,Marvel Rivals,438,2026-09-11T11:21:11Z,en,"['gaming', 'goodvibes', 'chill', 'Cozy', 'English', 'Competitive', 'viral', 'IRL', 'gamescom', 'DropsEnabled']",2026-09-11,21-30-08,Friday
318094761432,14675339,outerheaven,16582,Metal Gear Solid 3: Snake Eater,437,2026-09-10T19:09:35Z,en,"['English', 'metalgearsolid', 'metalgear', 'solarpowered']",2026-09-11,21-30-08,Friday
318545375845,742520098,la_vica_,491381,Golf With Your Friends,437,2026-09-11T10:36:24Z,it,"['Italiano', 'English']",2026-09-11,21-30-08,Friday
316820063957,798084090,aboven337,32399,Counter-Strike,437,2026-09-11T14:00:40Z,ru,"['Русский', 'aboven', 'aboven337', 'прокачка', 'прокачки', 'cs2']",2026-09-11,21-30-08,Friday
321314411225,166633913,loldonatello,1264310518,Marvel Rivals,436,2026-09-11T10:59:23Z,en,"['top500', 'English', 'DropsEnabled']",2026-09-11,21-30-08,Friday
318544366053,485255924,pennymeowy,458781,No Man's Sky,436,2026-09-11T08:03:40Z,en,"['English', 'nerd', 'Chatty', 'Accent', 'FunnyAccent', 'yapping', 'drops', 'DropsEnabled']",2026-09-11,21-30-08,Friday
318879747446,1135387776,vegapuunk1,32399,Counter-Strike,434,2026-09-11T12:21:30Z,pt,['Português'],2026-09-11,21-30-08,Friday
318544558437,41595433,whyandr3w,1264310518,Marvel Rivals,433,2026-09-11T08:32:51Z,en,"['English', 'Competitive', 'Vanguard', 'Educational', 'Top500', 'Venom', 'Hood', 'DropsEnabled']",2026-09-11,21-30-08,Friday
316442340466,32206679,rprx,32982,Grand Theft Auto V,432,2026-09-11T10:57:17Z,en,"['English', 'DropsEnabled']",2026-09-11,21-30-08,Friday
317721381604,497414507,zyfraraider,417528,Albion Online,432,2026-09-11T09:46:50Z,es,"['Español', 'AlbionOnline', 'Giveaways', 'MMORPG', 'LATAM', 'Dropshabilitados', 'Sorteo', 'DropsActivados']",2026-09-11,21-30-08,Friday
318546612069,130274273,se7en,29056,Knight Online,431,2026-09-11T13:01:06Z,tr,"['Knight', 'Türkçe', 'KnightOnline']",2026-09-11,21-30-08,Friday
318411695591,132103299,thomb,93798731,F1 25,431,2026-09-11T12:40:24Z,en,['English'],2026-09-11,21-30-08,Friday
316819946581,163049691,perfecto_of,32399,Counter-Strike,430,2026-09-11T13:39:43Z,ru,"['Русский', 'perfectocsgo', 'perfecto']",2026-09-11,21-30-08,Friday
317429036663,67650991,realkraftyy,491931,Escape from Tarkov,430,2026-09-11T12:59:35Z,en,"['English', 'ExtractionShooter', 'MEN']",2026-09-11,21-30-08,Friday
318606498918,522200939,rubaz,509672,IRL,429,2026-09-11T07:00:00Z,de,"['German', 'IRL', 'Deutsch', 'English', 'travel', 'Adventure', 'backpacking', 'China', 'Asia', 'Extreme']",2026-09-11,21-30-08,Friday
316432202097,726929211,kaiking1101,32982,Grand Theft Auto V,429,2026-09-11T11:41:20Z,ja,"['日本語', 'Drops有効']",2026-09-11,21-30-08,Friday
317732802531,58957187,celetik,18122,World of Warcraft,428,2026-09-11T07:30:38Z,fr,"['Français', 'warcraft', 'WorldfofWarcraft', 'MMORPG', 'PvP', 'PvE']",2026-09-11,21-30-08,Friday
316893618132,42415435,afoninje,493959,Red Dead Redemption II,428,2026-09-11T08:47:38Z,ru,['Русский'],2026-09-11,21-30-08,Friday
317425055607,58098825,fooya,743893402,WARDOGS,428,2026-09-10T23:44:59Z,en,"['troll', 'league', 'fiddlestick', 'Nami', 'support', 'English', 'Gremlin', 'Bard', 'LCS', 'DropsEnabled']",2026-09-11,21-30-08,Friday
317697062626,63740412,attrix,491931,Escape from Tarkov,427,2026-09-11T09:29:36Z,it,['Italiano'],2026-09-11,21-30-08,Friday
317695976674,90250629,fakemonster,21779,League of Legends,427,2026-09-11T01:53:57Z,fr,['Français'],2026-09-11,21-30-08,Friday
318546606949,102124149,lollinoba,93798731,F1 25,426,2026-09-11T13:00:38Z,it,"['F1', 'Formula1', 'f126', 'F1GAME', 'Italiano', 'f1dlc', 'motorsport', 'simracing', 'F1Italia', 'SpanishGP']",2026-09-11,21-30-08,Friday
317696773346,29283977,icekei,508455,Valheim,426,2026-09-11T08:03:59Z,fr,['Français'],2026-09-11,21-30-08,Friday
316052821993,417582921,badman0_x,516575,VALORANT,426,2026-09-11T09:56:26Z,zh,['中文'],2026-09-11,21-30-08,Friday
318410456551,94408137,hapsolutelly,511224,Apex Legends,425,2026-09-11T10:03:11Z,fr,"['meufcool', 'neselavepas', 'sentlefoin', 'proute', 'waf', 'lesmeules', 'crazygirl', 'Français', 'énormepaf']",2026-09-11,21-30-08,Friday
318608614886,98827681,tankelit,27546,World of Tanks,425,2026-09-11T12:32:08Z,hu,"['Magyar', 'DropokEngedélyezve']",2026-09-11,21-30-08,Friday
318939429237,105007799,artilh3iro,19619,Tibia,425,2026-09-11T09:43:15Z,pt,"['Português', 'PXGTibia', 'EXQUECE', 'monohunt', 'pxg']",2026-09-11,21-30-08,Friday
318545834213,767663818,linaaarr,1669431183,DJs,424,2026-09-11T11:38:02Z,de,"['Deutsch', 'DJ', 'Hardstyle', 'djstreaming', 'English', 'Techno', 'EDM', 'Mainstage', '808ontwitch', 'DropsAktiviert']",2026-09-11,21-30-08,Friday
316819541589,55197072,sh0tnik,1393304883,Mir Tankov,422,2026-09-11T12:32:14Z,ru,"['Русский', 'шотник', 'sh0tnik', 'shotnik', 'mirtankov', 'миртанков']",2026-09-11,21-30-08,Friday
318546046181,134477064,fufu,458353,Darkest Dungeon,420,2026-09-11T12:03:18Z,en,"['English', 'VTuber', 'Anime', 'Catgirl', 'Silly', 'Yapping', 'Gaming', 'GamerSuppsCodeFUFU', 'Ragebaiter', 'Clown']",2026-09-11,21-30-08,Friday
318409258087,1129469849,bialski_turniej_esportowy,32399,Counter-Strike,419,2026-09-11T06:36:27Z,pl,"['English', 'Polski', 'CS2']",2026-09-11,21-30-08,Friday
318545603045,40062501,dychacs,32399,Counter-Strike,419,2026-09-11T11:07:03Z,pl,"['Polski', 'faceit', 'cs2faceit']",2026-09-11,21-30-08,Friday
317698152674,683764606,annademetriou,1354355809,Split Fiction,417,2026-09-11T13:06:36Z,en,"['English', 'VoiceActor', 'MoldFreeSince93', 'ResonanceWaitingRoom', 'LGBTQPlus', 'GreekCypriot', 'StrifeInbound', 'FirstPlaythrough']",2026-09-11,21-30-08,Friday
316053036905,77322358,senyeyezi,327598602,Onimusha: Way of the Sword,417,2026-09-11T10:50:04Z,zh,"['中文', '启用掉宝']",2026-09-11,21-30-08,Friday
318411087719,85310009,casualaddict_,18122,World of Warcraft,417,2026-09-11T11:31:06Z,en,"['English', 'rogue', 'greek', 'mmorpg', 'WorldfofWarcraft', 'drops', 'Radio', 'music', 'musicplaylist']",2026-09-11,21-30-08,Friday
316234401005,176314965,swimy,138585,Hearthstone,415,2026-09-11T10:59:31Z,ar,['العربية'],2026-09-11,21-30-08,Friday
317697466850,25084072,fragnance,18122,World of Warcraft,414,2026-09-11T11:02:45Z,en,"['devourer', 'rwf', 'racetoworldsfirst', 'pve', 'best', 'mdi', 'tgp', 'mythic', 'English']",2026-09-11,21-30-08,Friday
316851515862,44057119,makatao,493057,PUBG: BATTLEGROUNDS,413,2026-09-11T13:38:43Z,ru,"['Русский', 'СпасибоЗаКачествоТвич', 'PvP', 'BattleRoyale', 'королевскаябитва']",2026-09-11,21-30-08,Friday
318604239974,1219317949,dayi,32982,Grand Theft Auto V,412,2026-09-10T21:32:26Z,de,"['deutsch', 'firma', 'wiederholen', 'gta', 'rp', 'justchatting', 'Deutsch', 'Wiederholen', 'VALORONAT', 'DropsAktiviert']",2026-09-11,21-30-08,Friday
318606923238,139113786,stormilatv,743893402,WARDOGS,411,2026-09-11T08:20:59Z,ru,"['Русский', 'English', 'DropsВключены']",2026-09-11,21-30-08,Friday
316894475860,210649460,bublikxxl,32982,Grand Theft Auto V,409,2026-09-11T12:12:03Z,ru,"['россия', 'gta', 'gta5rp', 'gta5', 'русский', 'Majestic', 'Redwood', 'LaPuerta', 'fps', 'Chilliad']",2026-09-11,21-30-08,Friday
317698035170,431460701,xxxthefocusxxx,27471,Minecraft,408,2026-09-11T12:49:07Z,es,['Español'],2026-09-11,21-30-08,Friday
316893462100,23027823,thomaspaste,743893402,WARDOGS,408,2026-09-11T07:55:19Z,no,"['Norsk', 'DropsAktivert']",2026-09-11,21-30-08,Friday
318608162534,177794648,jaskol95,1357871551,The Blood of Dawnwalker,408,2026-09-11T11:38:37Z,pl,"['Polski', 'DropyWłączone']",2026-09-11,21-30-08,Friday
318607555814,39317849,lowkotv,490422,StarCraft II,407,2026-09-11T10:09:32Z,en,"['English', 'Gaming', 'Community', 'Chill', 'Cozy']",2026-09-11,21-30-08,Friday
317721501284,115737878,wati,33214,Fortnite,407,2026-09-11T10:17:40Z,fr,"['Français', 'Machine', 'aimbot', 'HEADSHOT', 'valorant']",2026-09-11,21-30-08,Friday
321293674585,56648155,twitchplayspokemon,1931693784,Pokémon Champions,406,2026-09-10T01:07:53Z,en,"['English', 'TwitchPlays', 'Pokemon', 'OCE', 'AlwaysOn', 'AlwaysOnline', 'DropsEnabled']",2026-09-11,21-30-08,Friday
317720653028,133402142,barbe___douce,417528,Albion Online,406,2026-09-11T05:11:25Z,fr,"['ankama', 'dofus', 'mmorpg', 'français', 'Digresseurprofessionnel', 'PvM', 'Quetes', 'Succes', 'Monocompte', 'Discussion']",2026-09-11,21-30-08,Friday
316500359539,28351364,loui5ng,327598602,Onimusha: Way of the Sword,406,2026-09-11T13:37:17Z,zh-hk,['粵語'],2026-09-11,21-30-08,Friday
316820042325,790796770,ttobias_lol,21779,League of Legends,405,2026-09-11T13:57:32Z,pl,"['Polski', 'English', 'zed', 'OTP', 'Hardstyle', 'Midlane', 'Coaching', 'leagueoflegends', 'Challenger', 'music']",2026-09-11,21-30-08,Friday
318546647525,168251674,gavrilka,509672,IRL,405,2026-09-11T13:04:22Z,en,"['English', 'IRL', 'Woman', 'girl', 'Chatting', 'usa', 'uk', 'Dance', 'Cooking', 'Cozy']",2026-09-11,21-30-08,Friday
317697084898,1102868371,lhumanitefr,509658,Just Chatting,405,2026-09-11T09:35:01Z,fr,"['Humanité', 'Politique', 'Français', 'Actualités', 'Gauche', 'DropsActivés']",2026-09-11,21-30-08,Friday
317734357475,67707234,foxtergg,509658,Just Chatting,405,2026-09-11T13:12:58Z,es,"['Español', 'foxter', 'ırl', 'DropsActivados']",2026-09-11,21-30-08,Friday
316851620438,481810250,lina_meow_girl,509658,Just Chatting,403,2026-09-11T13:56:33Z,ru,"['Русский', 'играюсозритилями', 'красотка', 'женщинастример', 'Косплей', 'косплеерша', 'DropsВключены']",2026-09-11,21-30-08,Friday
316819014997,801094816,1possessed,327598602,Onimusha: Way of the Sword,402,2026-09-11T10:30:56Z,ru,"['Русский', 'Анимемимо', 'Добрый', 'PerfectEnglish', 'Пухлость', 'Качок', 'Битбокс', 'Шепелявость', 'Атлетика', 'Заикания']",2026-09-11,21-30-08,Friday
318547150181,743916464,ulyagrechka,509658,Just Chatting,400,2026-09-11T13:50:48Z,ru,"['Русский', 'Asian', 'girl', 'Женщина', 'общение', 'DropsВключены']",2026-09-11,21-30-08,Friday
318545451877,29470837,angrodtralari,515025,Overwatch,400,2026-09-11T10:47:28Z,es,"['charla', 'Español', 'overwatch', 'rankeds', 'humor']",2026-09-11,21-30-08,Friday
318547138405,30396958,camak,743893402,WARDOGS,399,2026-09-11T13:49:47Z,fr,"['Français', 'DropsActivés']",2026-09-11,21-30-08,Friday
318547373285,625831970,basssultanhengzt45,498566,Slots,399,2026-09-11T14:08:18Z,de,"['slots', 'Englisch', 'Deutsch']",2026-09-11,21-30-08,Friday
318411277799,175400318,xairen,32502,World of Warships,399,2026-09-11T11:55:49Z,de,"['CommunityContributor', 'WarshipsCC', 'warships', 'Deutsch', 'DE', 'drops', 'English', 'DropsAktiviert']",2026-09-11,21-30-08,Friday
316820058069,635988565,kamablack,32982,Grand Theft Auto V,399,2026-09-11T13:59:58Z,ru,"['Русский', 'gta5rp', 'Majestic', 'КРАСНОДАР', 'grapeseed', 'DropsВключены']",2026-09-11,21-30-08,Friday
316431742449,201393658,nyunkoro,491931,Escape from Tarkov,398,2026-09-11T09:52:44Z,ja,"['vtuber', '日本語', '大御所', '〇〇すればいいのに禁止']",2026-09-11,21-30-08,Friday
321314656985,130604772,claytonerp,32982,Grand Theft Auto V,398,2026-09-11T12:01:49Z,en,"['GTARP', 'DropsEnabled', 'NopixelV', 'npv', 'funny', 'Roleplay', 'NoPixel', 'English']",2026-09-11,21-30-08,Friday
318409180647,476237021,sophiexelisabeth,1193946948,Black Gold,397,2026-09-11T06:18:10Z,de,"['cozy', 'gemütlich', 'entspannt', 'deutsch', 'weiblich', 'safespace', 'variety', 'german', 'simulator', 'Deutsch']",2026-09-11,21-30-08,Friday
316015402088,1411044309,airizip,116747788,"Pools, Hot Tubs, and Beaches",395,2026-09-11T13:18:29Z,zh,"['中文', '聊天', '新人', '女僕', 'IRL', 'Singing']",2026-09-11,21-30-08,Friday
317697772258,100590241,farore,435870350,Dragon's Dogma II,395,2026-09-11T12:02:30Z,fr,"['Slowrun', 'Capcom', 'DragonsDogma2', 'Zelda', 'ZeldaChallenge', 'TousLesKorogusSansMasque', 'AvantOcarinaOfTimeRemake', 'Français']",2026-09-11,21-30-08,Friday
316820093013,699749584,secboba,27471,Minecraft,395,2026-09-11T14:04:39Z,ru,"['SecB', 'MineShield', 'Русский']",2026-09-11,21-30-08,Friday
318411421543,465123568,brohan,21779,League of Legends,394,2026-09-11T12:11:18Z,en,"['English', 'ASMR', 'german']",2026-09-11,21-30-08,Friday
315498028399,166432564,doodooqvvq,516575,VALORANT,394,2026-09-11T09:01:16Z,zh,['中文'],2026-09-11,21-30-08,Friday
318411519463,30264374,terenas,21779,League of Legends,394,2026-09-11T12:22:15Z,it,"['Italiano', 'Autistico', 'ADHD', 'chill', 'Esports', 'Competitive', 'DropAbilitati']",2026-09-11,21-30-08,Friday
317690400482,1527461425,peereira7_offline,499973,Always On,394,2026-09-10T14:39:53Z,es,['Español'],2026-09-11,21-30-08,Friday
318546945893,198758477,azpectcustomz,18122,World of Warcraft,392,2026-09-11T13:32:52Z,de,"['Deutsch', 'gaming', 'Giveaways', 'builds', 'WorldofWarcaft', 'MythicPlus']",2026-09-11,21-30-08,Friday
316850855254,129979277,sovietmedicina,29595,Dota 2,392,2026-09-11T11:49:14Z,ru,"['Русский', 'черемша', 'dota2', 'апчихба', 'папиросы', 'айсгергерт', 'брдыщ']",2026-09-11,21-30-08,Friday
315517950832,1117952588,inneshx,509658,Just Chatting,391,2026-09-11T10:11:29Z,en,"['English', 'IRL', 'Korea', 'korean', 'game', 'react', 'Makeup', 'fashion', 'food', 'Travel']",2026-09-11,21-30-08,Friday
320181553374,650660296,leblackpacker,509672,IRL,390,2026-09-11T10:59:45Z,fr,"['Français', 'travel', 'irl', 'voyage', 'challenge', 'caritatif', 'aventure', 'Rediffusion', 'Bretagne']",2026-09-11,21-30-08,Friday
318412335591,84946492,ruben,498566,Slots,390,2026-09-11T13:42:30Z,en,['English'],2026-09-11,21-30-08,Friday
318546048101,442551928,davenite,33214,Fortnite,390,2026-09-11T12:03:32Z,de,['Deutsch'],2026-09-11,21-30-08,Friday
316077069290,88217136,waitou1117,32982,Grand Theft Auto V,389,2026-09-11T13:20:16Z,zh,"['中文', 'GrandTheftAutoV', 'maplestory', '全糖人', 'maplestoryworlds', '三角洲行動', '金勾村火影歪', '打鏢人生', '启用掉宝']",2026-09-11,21-30-08,Friday
318607168358,94432456,crisheroes,518379,Pokémon UNITE,389,2026-09-11T09:06:19Z,en,"['English', 'DropsEnabled']",2026-09-11,21-30-08,Friday
318546553061,981821478,winningbikini,509658,Just Chatting,388,2026-09-11T12:56:42Z,en,"['English', 'gym', 'fitness', 'live', 'IRL', 'DropsEnabled']",2026-09-11,21-30-08,Friday
316052956649,53395686,qq7925168,516575,VALORANT,388,2026-09-11T10:27:43Z,zh,['中文'],2026-09-11,21-30-08,Friday
316819707861,1282498433,dafranvods,515025,Overwatch,388,2026-09-11T13:02:04Z,en,['English'],2026-09-11,21-30-08,Friday
319168163927,1131600178,lirik_247,499973,Always On,387,2026-09-09T18:53:03Z,en,"['English', 'lirik', 'Variety', 'Rerun']",2026-09-11,21-30-08,Friday
316203425004,255639681,caraxes199,458781,No Man's Sky,386,2026-09-11T09:40:03Z,en,"['English', 'DropsEnabled']",2026-09-11,21-30-08,Friday
319011150836,51633358,kennzy,21779,League of Legends,384,2026-09-11T13:30:33Z,pt,['Português'],2026-09-11,21-30-08,Friday
317697520610,61435362,hermanel,743893402,WARDOGS,383,2026-09-11T11:12:57Z,fr,"['Français', 'gaming', 'chill', 'humour', 'DropsActivés']",2026-09-11,21-30-08,Friday
315983804369,137002416,arkvenger_tv,71375,Star Citizen,383,2026-09-11T12:00:44Z,es,"['Español', 'StarCitizen', 'MMO', 'Humo', 'Noticias', 'Inglés']",2026-09-11,21-30-08,Friday
316851395286,19734320,kochevnik,515214,Politics,382,2026-09-11T13:20:25Z,ru,['Русский'],2026-09-11,21-30-08,Friday
318938997621,999147172,guuiizera1,29452,Virtual Casino,382,2026-09-11T05:50:58Z,pt,['Português'],2026-09-11,21-30-08,Friday
316499365619,48851818,bamow,626298054,Machine Party,381,2026-09-11T10:41:24Z,zh,"['中文', '世界樹計畫']",2026-09-11,21-30-08,Friday
318544883557,170116408,bizentein,18122,World of Warcraft,380,2026-09-11T09:22:00Z,en,"['English', 'fitness', 'MMA', 'worldofwarcraft']",2026-09-11,21-30-08,Friday
317698372834,45000067,rogue_rat_,489729,Caves of Qud,379,2026-09-11T13:40:22Z,en,"['adhd', 'chill', 'BackseatingAllowed', 'British', 'MentalHealth', 'Roguelike', 'LGBTQIAPlus', '18plus', 'English']",2026-09-11,21-30-08,Friday
317698463202,591776392,arrozydesgracias,509667,Food & Drink,379,2026-09-11T13:55:29Z,es,"['Español', 'food', 'comida', 'IRL', 'Tattoos']",2026-09-11,21-30-08,Friday
316432718705,595126758,ateliersage,327598602,Onimusha: Way of the Sword,379,2026-09-11T13:04:03Z,ja,"['日本語', 'Drops有効']",2026-09-11,21-30-08,Friday
316819668181,42618650,pup_ok_,12839,Heroes of Might and Magic III: The Restoration of Erathia,379,2026-09-11T12:56:03Z,ru,"['Стратегия', '800ptsgaming', 'Русский']",2026-09-11,21-30-08,Friday
318412432743,812370801,freyja,1357871551,The Blood of Dawnwalker,377,2026-09-11T13:52:30Z,en,"['English', 'Ciri', 'ADHD', 'Chatty', 'Woman', 'FirstPlaythough', 'Interactive', 'Girl', 'Feet', 'NoBackseatingUnlessAsked']",2026-09-11,21-30-08,Friday
318095557080,63585181,bookofken,509658,Just Chatting,376,2026-09-10T21:59:56Z,en,"['English', 'dailystream', 'BookOfKen', 'couple', 'horrorgames', 'variety', 'roleplay', 'subathon', 'DropsEnabled']",2026-09-11,21-30-08,Friday
316431626609,46332700,summerseachels,417528,Albion Online,375,2026-09-11T09:18:06Z,en,"['Filipino', 'English', 'VTuber', 'Singing', 'girl', 'HottubStreamer', 'Philippines', 'PHVTuber', 'DropsEnabled']",2026-09-11,21-30-08,Friday
316499443571,865792830,kentsumeshi_heyoo,32982,Grand Theft Auto V,374,2026-09-11T11:00:27Z,ja,"['雑談', 'クラロワ', '日本語', 'ストグラ', '飯田けんつ', 'けんつめし', 'Drops有効']",2026-09-11,21-30-08,Friday
318590390886,1106344955,r2onlineru,502829,R2 Online: Reign of Revolution,373,2026-09-09T17:18:39Z,ru,"['r2', 'R2Online', 'R2стрим', 'R2OnlineReignofRevolution', 'Русский']",2026-09-11,21-30-08,Friday
318545528165,139182149,lairas_,18122,World of Warcraft,373,2026-09-11T10:58:09Z,en,['English'],2026-09-11,21-30-08,Friday
320176227038,52049736,knotty,498592,I'm Only Sleeping,373,2026-09-11T00:03:22Z,en,"['English', 'gaming', 'fps', 'reactions', 'Chatting', 'NoPixel', 'guyjones', 'DayZ', 'knotty', 'egirl']",2026-09-11,21-30-08,Friday
316850773846,24811779,wagamamatv,499132,They Are Billions,373,2026-09-11T11:33:33Z,en,['English'],2026-09-11,21-30-08,Friday
318409835879,66796497,master_of__mind,12839,Heroes of Might and Magic III: The Restoration of Erathia,372,2026-09-11T08:26:06Z,ru,['Русский'],2026-09-11,21-30-08,Friday
316431764593,1077670438,sakuro_moonlit,516575,VALORANT,370,2026-09-11T09:57:49Z,zh,"['搞笑', 'ｖtuber', 'Vtuber', '新人Vtuber', 'Drop', '中文', '雙格式直播']",2026-09-11,21-30-08,Friday
316819277013,149884612,zoreaudio,743893402,WARDOGS,370,2026-09-11T11:36:31Z,fi,"['finnish', 'suomi', 'finland', 'Suomi', 'DropitKäytössä']",2026-09-11,21-30-08,Friday
316030645715,113058762,misspolaroid,1517377137,RV There Yet?,369,2026-09-11T13:14:56Z,es,"['Español', 'English', 'IRL', 'leagueoflegends', 'girl', 'game']",2026-09-11,21-30-08,Friday
316432520433,58543873,triosk,2748,Magic: The Gathering,369,2026-09-11T12:31:41Z,ja,"['日本語', 'MtG']",2026-09-11,21-30-08,Friday
317712826724,1500018585,noway24u,1517377137,RV There Yet?,368,2026-09-10T06:32:20Z,de,['Deutsch'],2026-09-11,21-30-08,Friday
318545796965,174195453,chilstreeam,494184,Mobile Legends: Bang Bang,368,2026-09-11T11:33:25Z,ru,['Русский'],2026-09-11,21-30-08,Friday
318546037989,694569511,gamingdirndl,509672,IRL,367,2026-09-11T12:02:29Z,de,"['Gaudi', 'cozy', '1010', 'Deutsch', 'Fun', 'Gemeinsam', 'IRL', 'Outdoor', 'Reise', 'DropsAktiviert']",2026-09-11,21-30-08,Friday
318410092903,42426011,clutchmeister,490382,For Honor,366,2026-09-11T09:08:17Z,en,"['Christian', 'Competitive', 'Educational', 'English', 'Croatia', 'DropsEnabled']",2026-09-11,21-30-08,Friday
316499199987,159401590,alutemu_,138585,Hearthstone,366,2026-09-11T09:57:14Z,ja,"['日本語', 'バトグラ', 'バトルグラウンド']",2026-09-11,21-30-08,Friday
317426449143,1083994430,reaperky7,509658,Just Chatting,366,2026-09-11T02:42:28Z,en,"['English', 'Toronto', 'SoulSociety', 'reaperky7', 'CatchingPreds']",2026-09-11,21-30-08,Friday
318608127846,99135872,zakloutas,32399,Counter-Strike,366,2026-09-11T11:33:36Z,el,['Ελληνικά'],2026-09-11,21-30-08,Friday
321377201370,41931263,itzcbd,512953,ELDEN RING,366,2026-09-11T11:59:12Z,en,"['Tall', 'Dark', 'Handsome', 'ASMR', 'Chill', 'Relax', 'YOURMOM', 'ClosedCaptions', 'FirstPlaythrough', 'Subtitles']",2026-09-11,21-30-08,Friday
318607855974,31890957,stovepov,18122,World of Warcraft,366,2026-09-11T10:54:17Z,en,"['RWF', 'MythicPlus', 'English']",2026-09-11,21-30-08,Friday
317734140003,165156139,strey_lol,516575,VALORANT,366,2026-09-11T12:40:37Z,fr,"['Français', 'Truand2laGalère']",2026-09-11,21-30-08,Friday
317733499747,538404693,lanocallum1,512710,Call of Duty: Warzone,365,2026-09-11T10:45:46Z,en,"['English', 'warzone', 'callofduty']",2026-09-11,21-30-08,Friday
318606304486,160991927,falganwow,1104776029,Wanderburg,364,2026-09-11T06:14:25Z,de,['Deutsch'],2026-09-11,21-30-08,Friday
321314470233,207264502,daymr,1264310518,Marvel Rivals,364,2026-09-11T11:13:55Z,en,"['English', 'DropsEnabled']",2026-09-11,21-30-08,Friday
317734237283,39850052,flexz,743893402,WARDOGS,364,2026-09-11T12:55:32Z,es,"['Español', 'warzone', 'calldofduty', 'tecladoyraton', 'VarietyStreamer', 'mnk', 'spanish', 'DropsActivados']",2026-09-11,21-30-08,Friday
318100659544,123484627,iddqd,743893402,WARDOGS,363,2026-09-11T10:31:36Z,en,"['aimbot', 'FPS', 'English', 'adhd', 'swedish', 'pro', 'Educational', 'Cassidy', 'DropsEnabled']",2026-09-11,21-30-08,Friday
318547355365,1087349043,feanrir,509658,Just Chatting,363,2026-09-11T14:07:01Z,ru,"['популярный', 'стример', 'медиамолекула', 'крутой', 'харизма', 'Русский', 'DropsВключены']",2026-09-11,21-30-08,Friday
316894145492,75390735,etlendo,417528,Albion Online,362,2026-09-11T11:06:27Z,ru,"['Russian', 'Русский', 'AlbionOnline', 'DropsВключены']",2026-09-11,21-30-08,Friday
318544348389,135496592,buggy,401587136,Arena Breakout: Infinite,362,2026-09-11T08:01:22Z,en,['English'],2026-09-11,21-30-08,Friday
316820057557,90842555,bac9ckopoctb,32399,Counter-Strike,362,2026-09-11T13:59:56Z,ru,"['розыгрыш', '3000эло', 'Магнитогорск', 'кс2', 'комментатор', 'Русский']",2026-09-11,21-30-08,Friday
315983731537,37915803,harrie,1692723000,Emberville,362,2026-09-11T11:25:44Z,en,"['Aitum', 'English', 'Cozy', 'Friendly', 'gaming', 'Tea', 'Coffee', 'DropsEnabled']",2026-09-11,21-30-08,Friday
318412414055,177887601,soloumido,509658,Just Chatting,361,2026-09-11T13:50:19Z,it,"['Italiano', 'pingone', 'pelato', 'DropAbilitati']",2026-09-11,21-30-08,Friday
316498919795,489485041,ayabdch,386821,Black Desert,360,2026-09-11T08:22:47Z,ja,"['雑談', '日本語', 'Drops有効', 'ENGsub']",2026-09-11,21-30-08,Friday
316819177941,22980711,demu,498482,Age of Empires IV,360,2026-09-11T11:12:14Z,en,['English'],2026-09-11,21-30-08,Friday
317722260964,449743956,kada,21779,League of Legends,360,2026-09-11T12:57:03Z,fr,['Français'],2026-09-11,21-30-08,Friday
317697224546,472263491,rodenasink,293693714,Resident Evil 2,360,2026-09-11T10:07:59Z,es,"['Español', 'KOI', 'rodenasink', 'variety', 'Cozy', 'DropsActivados']",2026-09-11,21-30-08,Friday
318935715445,892485468,estaciontv,417752,Talk Shows & Podcasts,360,2026-09-10T23:02:37Z,es,"['Español', 'IRL', 'Radio', 'DropsActivados']",2026-09-11,21-30-08,Friday
316500603123,800124122,takedafarukon,509658,Just Chatting,360,2026-09-11T14:21:03Z,ja,"['雑談', 'ゲーム', '対戦', 'FPS', 'デジタルカードゲーム', '究極', '日本語', 'Drops有効']",2026-09-11,21-30-08,Friday
321487680859,160155628,maplewood_tv,743893402,WARDOGS,359,2026-09-11T09:05:10Z,en,"['English', 'TalkingtoViewers', 'cats', 'InteractiveCommunity', 'Dyslexia', 'Educational', 'Competitive', 'WARDOGS', 'DropsEnabled']",2026-09-11,21-30-08,Friday
317721672420,78705692,fairypeak,30921,Rocket League,359,2026-09-11T11:00:37Z,fr,"['RocketLeague', 'Pro', 'Français', 'competition', 'rocket', 'Coach']",2026-09-11,21-30-08,Friday
316431104753,471685664,tamatthi,491931,Escape from Tarkov,359,2026-09-11T06:14:48Z,ja,['日本語'],2026-09-11,21-30-08,Friday
316500617843,702081938,jd_onlymusic,509658,Just Chatting,358,2026-09-11T14:23:36Z,zh,"['中文', '启用掉宝']",2026-09-11,21-30-08,Friday
316819619669,216212015,simfonira,461529,VA-11 HALL-A: Cyberpunk Bartender Action,358,2026-09-11T12:47:41Z,ru,"['Русский', 'vtuber', 'втубер', 'витубер', 'ruvtuber', 'девушка', 'girl', 'аниме', 'женщина', 'питомник']",2026-09-11,21-30-08,Friday
318412166375,62789124,oruipinto,27471,Minecraft,357,2026-09-11T13:26:49Z,pt,['Português'],2026-09-11,21-30-08,Friday
317722351332,36468444,glubbable,499003,VRChat,357,2026-09-11T13:09:24Z,en,"['English', 'Anime', 'VR', 'VTuber', 'Fox', 'Girl', 'VRChat', 'ASMR', 'Brat', 'DeadWeight']",2026-09-11,21-30-08,Friday
319011139572,44114966,furq,516575,VALORANT,357,2026-09-11T13:28:27Z,pt,"['Português', 'Radiante', 'Romantico', 'Tapas', 'iEsse', 'Reposição']",2026-09-11,21-30-08,Friday
319011133940,170535774,miguelnutt,19619,Tibia,356,2026-09-11T13:27:16Z,pt,"['Português', 'rubinot', 'Tibia']",2026-09-11,21-30-08,Friday
320181917534,547008668,houseofinferno,13263,EVE Online,355,2026-09-11T12:27:36Z,en,"['comedy', 'Shenanigans', 'familyfrienly', 'AMA', 'NewPlayerFriendly', 'English', 'CoupleStreamer', 'Space', 'Community', 'DropsEnabled']",2026-09-11,21-30-08,Friday
317697040994,152020460,jhay,14766,Super Mario Galaxy,354,2026-09-11T09:23:15Z,en,"['English', 'DropsEnabled']",2026-09-11,21-30-08,Friday
321312439001,92858368,autolykuslol,21779,League of Legends,354,2026-09-11T04:46:23Z,en,"['English', 'sett', 'gaming', 'Mordekaiser']",2026-09-11,21-30-08,Friday
321488483291,99591839,natarsha,512710,Call of Duty: Warzone,354,2026-09-11T12:11:51Z,en,"['English', 'Australia', 'America', 'fps', 'food', 'Foodie']",2026-09-11,21-30-08,Friday
321377599450,409811041,chuflocka,670138298,Madden NFL 27,354,2026-09-11T13:32:01Z,en,['English'],2026-09-11,21-30-08,Friday
320318848096,465987079,beddle,509658,Just Chatting,354,2026-09-11T06:41:10Z,en,"['English', 'DropsEnabled']",2026-09-11,21-30-08,Friday
317734851427,540809198,shainny_,509672,IRL,353,2026-09-11T14:17:29Z,es,"['Español', 'Mujer']",2026-09-11,21-30-08,Friday
317733516643,452724504,twickel,18122,World of Warcraft,352,2026-09-11T10:49:41Z,en,"['EU', 'English', 'FemaleCreators', 'Adventure', 'Cosygaming']",2026-09-11,21-30-08,Friday
316851641302,1307000991,fryafk,32399,Counter-Strike,352,2026-09-11T13:59:31Z,ru,['Русский'],2026-09-11,21-30-08,Friday
316893879508,51956476,rekvizit8bit,1104776029,Wanderburg,352,2026-09-11T10:00:55Z,ru,['Русский'],2026-09-11,21-30-08,Friday
318546191205,184153138,i_am_lua,386821,Black Desert,351,2026-09-11T12:18:48Z,en,"['English', 'PvP', 'PvE', 'DropsEnabled']",2026-09-11,21-30-08,Friday
318411144423,1491432514,orangebonus,498566,Slots,351,2026-09-11T11:38:35Z,de,"['Deutsch', 'slots', 'orangemorange']",2026-09-11,21-30-08,Friday
319187126103,464768510,spencer_tft,513143,Teamfight Tactics,350,2026-09-11T06:36:48Z,en,"['English', 'NotVegan']",2026-09-11,21-30-08,Friday
318939574261,797469190,fmrockandpop,417752,Talk Shows & Podcasts,350,2026-09-11T10:56:24Z,es,"['Español', 'Radio', 'Argentina', 'Rock', 'RockAndPop', 'FM', 'fmrockandpop', 'vivo', 'streaming', 'live']",2026-09-11,21-30-08,Friday
318546249829,38835086,lowepe,1702520304,Path of Exile 2,349,2026-09-11T12:24:57Z,de,"['Deutsch', 'Lehrreich', 'HIlfe', 'gameplay', 'DropsAktiviert']",2026-09-11,21-30-08,Friday
316499465459,491132354,cr_amatsuki,511224,Apex Legends,348,2026-09-11T11:04:55Z,ja,"['CrazyRaccoon', 'CR', '天月', '歌い手', '声優', 'ゲーム', '日本語']",2026-09-11,21-30-08,Friday
316004662098,32920392,paulinpelivideot,9440,Bully,348,2026-09-11T12:06:08Z,fi,"['Suomi', 'Speedrun', 'roleplaying', 'Roolipelit', 'uwu', 'CatGirlsareruiningmylife']",2026-09-11,21-30-08,Friday
320320268256,22336099,bt0tv,32399,Counter-Strike,348,2026-09-11T13:20:31Z,pt,['Português'],2026-09-11,21-30-08,Friday
318411218279,65687554,donfreez,743893402,WARDOGS,348,2026-09-11T11:48:07Z,de,"['Deutsch', 'HomeState', 'DropsAktiviert']",2026-09-11,21-30-08,Friday
318995467508,181077473,gaules,495122,State of Decay 2,348,2026-09-09T17:25:07Z,pt,['Português'],2026-09-11,21-30-08,Friday
318543989605,62763356,oldskool,27546,World of Tanks,347,2026-09-11T06:59:22Z,de,"['Drops', 'WorldofTanks', 'RentnerGaming', 'Deutsch', 'pathofexile2', 'poe2', 'wot', 'DropsAktiviert']",2026-09-11,21-30-08,Friday
316051368425,137270482,salberry,458781,No Man's Sky,347,2026-09-11T01:12:00Z,en,"['British', 'Australia', 'ADHD', 'English', 'asmr', 'woman', 'girl', 'feet', 'microscape', 'optoutofaitraining']",2026-09-11,21-30-08,Friday
321314571993,70878755,cringer,757757181,The Crust,346,2026-09-11T11:42:01Z,en,"['sarcastic', 'Strategy', 'Variety', 'English', 'simulation', 'Linux', 'chill', 'smartass', 'RPG', '1440p']",2026-09-11,21-30-08,Friday
315498440943,26088246,kamiyu666,66082,Games + Demos,346,2026-09-11T12:21:20Z,zh,['中文'],2026-09-11,21-30-08,Friday
321462368859,145790518,cashout,602040818,NBA 2K27,346,2026-09-09T19:33:56Z,en,"['English', 'DropsEnabled']",2026-09-11,21-30-08,Friday
319179088471,7832442,rifftrax,499973,Always On,345,2026-09-10T18:18:24Z,en,['English'],2026-09-11,21-30-08,Friday
317722595300,132864551,kickthepj,509658,Just Chatting,345,2026-09-11T13:49:09Z,en,"['art', 'English', 'games', 'nintendo', 'bozo', 'LGBTQIAFriendlySpace', 'NeurodivergentFriendly', 'DropsEnabled']",2026-09-11,21-30-08,Friday
318547360997,245707668,suhoyq,32982,Grand Theft Auto V,345,2026-09-11T14:07:28Z,ru,"['Русский', 'gta5rp', 'гта5рп', 'Украинский', 'DropsВключены']",2026-09-11,21-30-08,Friday
318409727335,155849154,mirageeputo_,743893402,WARDOGS,344,2026-09-11T08:08:30Z,hu,"['Magyar', 'DropokEngedélyezve']",2026-09-11,21-30-08,Friday
318547273957,568555351,kirtscho,509658,Just Chatting,343,2026-09-11T14:00:37Z,de,"['Deutsch', 'DropsAktiviert']",2026-09-11,21-30-08,Friday
318410531943,120467976,powie,415958771,Bus Simulator 27,343,2026-09-11T10:15:37Z,de,"['simulation', 'Deutsch']",2026-09-11,21-30-08,Friday
317721341540,488455482,mayucca,33214,Fortnite,343,2026-09-11T09:35:14Z,fr,"['Français', 'girl', 'fortnite', 'zerobuild', 'femme', 'PartiesAvecLesSpectateurs', 'drole', 'gameviewers', 'mayucca', 'Drop']",2026-09-11,21-30-08,Friday
320279157468,138883340,curvyelephant,32982,Grand Theft Auto V,343,2026-09-11T13:35:43Z,en,"['English', 'DropsEnabled']",2026-09-11,21-30-08,Friday
320279207772,112822444,shotz,32982,Grand Theft Auto V,342,2026-09-11T13:43:34Z,en,"['English', 'Shooter', 'Boomer', 'shotz', 'Malding', 'Roleplay', 'STARFORGE']",2026-09-11,21-30-08,Friday
316441458674,123278702,syaruru3,513143,Teamfight Tactics,341,2026-09-11T07:21:42Z,ja,['日本語'],2026-09-11,21-30-08,Friday
318589931878,221114625,xyzoom,27471,Minecraft,340,2026-09-09T16:47:39Z,de,['Deutsch'],2026-09-11,21-30-08,Friday
316894698452,132764319,segazbs,18122,World of Warcraft,340,2026-09-11T12:54:26Z,ru,"['Русский', 'segazbs', 'wow', 'мморпг', 'WorldofWarcaft', 'sirus']",2026-09-11,21-30-08,Friday
317697248482,46887220,karssi,512953,ELDEN RING,340,2026-09-11T10:13:34Z,fr,"['Français', 'Marathon', 'BirthdayStream', 'ASMRvisual', 'ASMRAuditif', 'DropsActivés']",2026-09-11,21-30-08,Friday
318608482022,79723251,delmo,2748,Magic: The Gathering,339,2026-09-11T12:16:30Z,it,"['Italiano', 'Ranked', 'Classificate', 'MagicTheGathering', 'MTGArena']",2026-09-11,21-30-08,Friday
317696752354,141166701,bemma,743893402,WARDOGS,339,2026-09-11T07:59:51Z,en,"['Chill', 'English', 'UK', 'DropsEnabled']",2026-09-11,21-30-08,Friday
317732892131,52116044,pandowner,65632,DayZ,339,2026-09-11T08:01:59Z,fr,['Français'],2026-09-11,21-30-08,Friday
316432565617,476287292,shikamemadokaaa,513143,Teamfight Tactics,339,2026-09-11T12:39:24Z,ja,['日本語'],2026-09-11,21-30-08,Friday
316893697876,733339173,qwinkiii,29595,Dota 2,339,2026-09-11T09:11:05Z,ru,['Русский'],2026-09-11,21-30-08,Friday
321314819289,46023180,natspresso,327598602,Onimusha: Way of the Sword,338,2026-09-11T12:39:00Z,en,"['English', 'girl', 'chatty', 'firstplaythrough', 'ChallengeRun', 'chill', 'metal', 'variety', 'VarietyStreamer', 'Welcoming']",2026-09-11,21-30-08,Friday
316442424690,792266876,murao77,516575,VALORANT,338,2026-09-11T11:11:22Z,ja,"['日本語', 'ADHD', 'イケメンイケボ高学歴高収入', 'かしこいかわいい最強']",2026-09-11,21-30-08,Friday
320278056156,44930725,cope,491487,Dead by Daylight,338,2026-09-11T09:00:07Z,en,"['English', 'Chill']",2026-09-11,21-30-08,Friday
316850280150,227826909,fakturka,417528,Albion Online,338,2026-09-11T09:57:30Z,ru,"['English', 'Russian', 'PVP', 'Русский', 'DropsВключены']",2026-09-11,21-30-08,Friday
318410163047,485787319,sofiko_sculpts,66082,Games + Demos,337,2026-09-11T09:19:32Z,ru,"['игры', 'Русский', 'чилл', 'творчество', 'лепка', 'ASMR', 'ПрофессиональныйСтелс', 'СофаНеДиванСофаЛоровед', 'лор', 'контент']",2026-09-11,21-30-08,Friday
316893673172,40459081,exmagistr,1702520304,Path of Exile 2,337,2026-09-11T09:04:06Z,ru,"['Русский', 'APRG', 'English', 'RPG', 'DropsВключены']",2026-09-11,21-30-08,Friday
316851649750,65560166,jaxstyle,509658,Just Chatting,337,2026-09-11T14:00:29Z,da,"['Dansk', 'EDM', 'DJ', 'producer', 'IRL', 'Festival', 'English', 'DropsAktiveret']",2026-09-11,21-30-08,Friday
316203976556,41687919,awkward,515025,Overwatch,337,2026-09-11T12:05:21Z,en,"['healbot', 'NoDamage', 'dontlistentoawkward', 'English']",2026-09-11,21-30-08,Friday
317698489954,507243639,cristobalgazquez,509658,Just Chatting,337,2026-09-11T13:59:51Z,es,"['noticias', 'Derecho', 'Español', 'actualidad', 'asmr', 'ama', 'DIVULGACIÓN', 'huties', 'IA', '47']",2026-09-11,21-30-08,Friday
317696836194,115023605,thetacticalbrit,743893402,WARDOGS,337,2026-09-11T08:21:47Z,en,"['UK', 'English', 'british', 'fps', 'milsim', 'AIOptOut', 'DropsEnabled']",2026-09-11,21-30-08,Friday
318609466854,30805171,srserpiente,509658,Just Chatting,337,2026-09-11T14:01:08Z,es,"['Español', 'srserpiente', 'survival', 'survivalgame', 'dayz', 'arma3', 'southpark', 'subnautica2', '007firstlight', 'DropsActivados']",2026-09-11,21-30-08,Friday
318880065398,40301754,mylonzete,21779,League of Legends,336,2026-09-11T13:50:19Z,pt,['Português'],2026-09-11,21-30-08,Friday
317722102500,173913378,dart0is,509658,Just Chatting,336,2026-09-11T12:27:39Z,fr,"['Français', 'English', 'Quebec', 'Leftist', 'NoPolitics', 'DropsActivés']",2026-09-11,21-30-08,Friday
317721927908,29034217,frigoadri,27471,Minecraft,335,2026-09-11T11:54:16Z,es,['Español'],2026-09-11,21-30-08,Friday
316895054676,246613312,grandrony,29595,Dota 2,335,2026-09-11T13:50:51Z,ru,"['depression', 'ya', 'ymiray', 'English', 'Germany', 'Русский']",2026-09-11,21-30-08,Friday
321377460954,100462683,beardedblevins,33214,Fortnite,334,2026-09-11T13:03:14Z,en,"['English', 'Football', 'Dad', 'Bourbon', 'sports', 'Cigar']",2026-09-11,21-30-08,Friday
318411803879,50876702,m4cm4nus,22033481,Train Sim World 7,334,2026-09-11T12:51:30Z,de,['Deutsch'],2026-09-11,21-30-08,Friday
320299850208,1171769612,jynxzi247,499973,Always On,334,2026-09-09T22:02:23Z,en,"['English', 'jynxzi', 'siege', 'rainbowixsiege', 'caseoh', 'kai']",2026-09-11,21-30-08,Friday
319188509271,490639381,itskonax,464339927,ARC Raiders,333,2026-09-11T11:48:42Z,en,"['English', 'PvP', 'BeginnerFriendly', 'Goopa', 'dogs', 'DropsEnabled']",2026-09-11,21-30-08,Friday
316500569843,55664807,lilybbb1,509658,Just Chatting,333,2026-09-11T14:14:38Z,zh-hk,"['戶外台', '國語', '粵語']",2026-09-11,21-30-08,Friday
318543498853,36196174,jimpanse,743893402,WARDOGS,333,2026-09-11T05:09:03Z,de,"['Deutsch', 'chillout', 'tarkov', 'adult', 'german', 'DropsAktiviert']",2026-09-11,21-30-08,Friday
319010480628,41783889,axtlol,743893402,WARDOGS,332,2026-09-11T10:09:32Z,pt,"['Português', 'CBLOL', 'lol', 'leagueoflegeneds', 'LTA', 'DropsAtivados']",2026-09-11,21-30-08,Friday
316441688050,194704878,wen620,509658,Just Chatting,332,2026-09-11T08:22:22Z,zh,"['N暴雷', 'N劇透', 'N控制', '中文', '不要再問了', '疑似協咖', '启用掉宝']",2026-09-11,21-30-08,Friday
319010991476,193639721,danoc0,32399,Counter-Strike,332,2026-09-11T12:53:45Z,pt,"['dicas', 'CS2', 'aulas', 'FPL', 'faceit', 'GC', 'Português']",2026-09-11,21-30-08,Friday
316431333873,760304670,tamamochi_kazuyo,366925283,TARO IS BACK,331,2026-09-11T07:38:28Z,ja,"['Vtuber', 'おしゃべり', '日本語']",2026-09-11,21-30-08,Friday
317427809911,209270984,fanta,602040818,NBA 2K27,331,2026-09-11T06:19:59Z,en,"['DropsEnabled', 'English']",2026-09-11,21-30-08,Friday
317720875364,1224397957,disneylorcana_fr,1951012895,Disney Lorcana Trading Card Game,331,2026-09-11T07:05:04Z,fr,"['lorcana', 'boosters', 'disney', 'ravensburger', 'jeux', 'Français']",2026-09-11,21-30-08,Friday
318603255782,163299585,blastpremier,32399,Counter-Strike,330,2026-09-10T19:53:51Z,en,"['Esports', 'English', 'BLAST', 'blastpremier', 'counterstrike', 'counterstrike2', 'CS2', 'CS2Live', 'cs2twitch', 'cs2major']",2026-09-11,21-30-08,Friday
317721621220,84021070,wipr,743893402,WARDOGS,330,2026-09-11T10:49:46Z,fr,"['FPS', 'wipr', 'Français', 'valorant', 'esport', 'VCTWatchParty', 'french', 'valorantesport', 'DropsActivés']",2026-09-11,21-30-08,Friday
316432072177,506396193,magnyi3,516575,VALORANT,330,2026-09-11T11:12:04Z,ja,"['日本語', 'valorant', '初見歓迎', '質問OK', '楽しく']",2026-09-11,21-30-08,Friday
321488289499,102264302,shawncurtis430,2099590881,Out of the Park Baseball 27,330,2026-09-11T11:44:54Z,en,"['ThereMayBeCats', 'LowIntensity', 'English', 'MostlyChill', 'ChatMeUp', 'DropsEnabled']",2026-09-11,21-30-08,Friday
318940045429,38790541,diegotzzs,460630,Rainbow Six Siege,329,2026-09-11T13:44:24Z,pt,"['PVP', 'Like', 'STREAM', 'r6', 'Português']",2026-09-11,21-30-08,Friday
316895133780,480389806,hesoyamof1974,401587136,Arena Breakout: Infinite,328,2026-09-11T14:01:50Z,ru,"['Русский', 'deltaforce', 'DeltaForceGame', 'arenabreakoutinfinite']",2026-09-11,21-30-08,Friday
316204164844,1513811352,ethenpov,458781,No Man's Sky,328,2026-09-11T12:50:56Z,en,"['English', 'DropsEnabled', 'NoMansSky']",2026-09-11,21-30-08,Friday
318606805862,529717118,martynkalandrynka,32399,Counter-Strike,328,2026-09-11T07:59:45Z,pl,['Polski'],2026-09-11,21-30-08,Friday
318410555367,72793250,pietsmiettv,17085,Quiz Show,328,2026-09-11T10:18:46Z,de,['Deutsch'],2026-09-11,21-30-08,Friday
316499204979,198885523,marunnn_,32982,Grand Theft Auto V,327,2026-09-11T09:58:51Z,ja,"['日本語', 'ストグラ', '花沢まるん', '日本', 'まるーん', '顔出し', 'Drops有効']",2026-09-11,21-30-08,Friday
318410958439,64756920,gerrit,31339,Project Zomboid,327,2026-09-11T11:13:54Z,de,['Deutsch'],2026-09-11,21-30-08,Friday
319007119732,152904586,brunablince,32982,Grand Theft Auto V,326,2026-09-11T00:12:18Z,pt,"['Português', 'GTARP', 'Dragona', 'GTAV', 'teatro', 'Bruxaria', 'android', 'Imersão', 'Lisboa', 'LISBOARP']",2026-09-11,21-30-08,Friday
317423916407,160538649,faith,509658,Just Chatting,326,2026-09-10T20:21:27Z,en,"['findom', 'feet', 'Goddess', 'Woman', 'English', 'ginger', 'ASMR', 'IRL', 'Princess', 'DeadWeight']",2026-09-11,21-30-08,Friday
316234407789,1412053443,solanaswaggy,499634,Crypto,326,2026-09-11T11:01:24Z,en,['English'],2026-09-11,21-30-08,Friday
321377266522,762649812,ovuhrie,1264310518,Marvel Rivals,326,2026-09-11T12:16:10Z,en,"['girl', 'facecam', 'fivem', 'Roleplay', 'GTAVFiveM', 'gta', 'fpsshooter', 'English', 'DropsEnabled']",2026-09-11,21-30-08,Friday
318544636261,112822914,driimy,743893402,WARDOGS,326,2026-09-11T08:45:26Z,de,"['Deutsch', 'PvP', 'TopPlayers', 'Ranked', 'fun', 'sauercrowd', 'ExtractionShooter', 'English', 'deltaforce', 'DropsAktiviert']",2026-09-11,21-30-08,Friday
318939068533,157809310,douglassola,509658,Just Chatting,324,2026-09-11T06:24:31Z,pt,"['Português', 'Douglassola', 'DropsAtivados']",2026-09-11,21-30-08,Friday
318412565095,46273243,seroths,902998079,Halloween: The Game,324,2026-09-11T14:03:20Z,fr,"['Français', 'reunion974', '974', 'seroths', 'horrorgame', 'mondeouvert', 'gaming', 'multigamingfr']",2026-09-11,21-30-08,Friday
320319797728,3666651,0reed,32982,Grand Theft Auto V,324,2026-09-11T11:28:11Z,en,"['gtarp', 'gta', 'roleplay', 'shooter', 'nopixel', 'onx', 'mature', 'npv', 'NOPIXEL', 'NPV']",2026-09-11,21-30-08,Friday
318546690533,171923552,shini_waifu,509658,Just Chatting,323,2026-09-11T13:08:16Z,pl,"['Polski', 'dziewczyna', 'DropyWłączone']",2026-09-11,21-30-08,Friday
318412234471,890271415,onderayanoglu,516588,Rise Online,323,2026-09-11T13:32:58Z,tr,"['DropEtkin', 'Türkçe', 'DroplarEtkin']",2026-09-11,21-30-08,Friday
321351236570,79294007,mira,509658,Just Chatting,323,2026-09-09T19:00:13Z,en,"['English', 'Iceland', 'Japan', 'Sweden', 'Norway', 'Scandinavia', 'USA', 'Canada', 'America', 'Netherlands']",2026-09-11,21-30-08,Friday
316819835861,69323922,renmen1,138585,Hearthstone,322,2026-09-11T13:21:23Z,ru,['Русский'],2026-09-11,21-30-08,Friday
318598065638,1252947491,badgetracker,32982,Grand Theft Auto V,322,2026-09-10T12:58:09Z,ru,"['Русский', 'English', 'Badge', 'DropsВключены', 'GTAV', 'nopixel']",2026-09-11,21-30-08,Friday
318939843573,1080773109,salleswin77,29452,Virtual Casino,322,2026-09-11T12:41:59Z,pt,['Português'],2026-09-11,21-30-08,Friday
316499127283,62795573,kmomo_0512,516575,VALORANT,322,2026-09-11T09:33:06Z,zh,"['中文', '貓咪']",2026-09-11,21-30-08,Friday
317734026467,42465441,drunge_,743893402,WARDOGS,321,2026-09-11T12:20:49Z,fr,"['Français', 'HardcoreGamer', 'MMO', 'RPG', 'DropsActivés']",2026-09-11,21-30-08,Friday
316499287027,182144709,karinpune,2692,Super Mario 64,321,2026-09-11T10:20:07Z,ja,"['日本語', 'マリロヨどうぶつのもり', 'マリョ', 'マリヨ', 'マロ', 'マリヘラ持ち']",2026-09-11,21-30-08,Friday
317721396836,71040143,cyborgangel,458781,No Man's Sky,321,2026-09-11T09:50:15Z,en,"['ClosedCaptions', 'UK', 'ADHD', 'VR', 'Welcoming', 'Wholesome', 'Girl', 'IRL', 'EU', 'English']",2026-09-11,21-30-08,Friday
317722011876,46903633,newaxx,458781,No Man's Sky,320,2026-09-11T12:09:15Z,fr,"['discussion', 'francais', 'jeuxvidéo', 'Français', 'DropsActivés']",2026-09-11,21-30-08,Friday
316499170803,89286587,mabushii0611,1544653089,Mimic Party,320,2026-09-11T09:48:01Z,zh,['中文'],2026-09-11,21-30-08,Friday
317734568931,142483931,jhinxx,743893402,WARDOGS,319,2026-09-11T13:40:53Z,en,"['English', 'Vtuber', 'DropsEnabled']",2026-09-11,21-30-08,Friday
316851503574,220930843,mainfinitytv,18122,World of Warcraft,318,2026-09-11T13:36:21Z,ru,['Русский'],2026-09-11,21-30-08,Friday
320278998876,22160589,prospering,33214,Fortnite,318,2026-09-11T13:09:52Z,en,"['fortnite', 'English']",2026-09-11,21-30-08,Friday
319188880599,16995144,leopard,743893402,WARDOGS,317,2026-09-11T13:37:49Z,en,"['English', 'BackgroundNoise', 'BelowAverage', 'DropsEnabled']",2026-09-11,21-30-08,Friday
318880087798,1153241054,guaramix1,29452,Virtual Casino,316,2026-09-11T13:56:57Z,pt,"['cassino', 'coperar', 'Português']",2026-09-11,21-30-08,Friday
317721256548,90481777,lilith,417528,Albion Online,316,2026-09-11T09:10:47Z,fr,"['Français', 'DropsActivés']",2026-09-11,21-30-08,Friday
318411909223,657644821,cs2_maincast,32399,Counter-Strike,316,2026-09-11T13:01:53Z,uk,"['Українська', 'maincast', 'cs2', 'кс2', 'мейнкаст', 'Ukrainian', 'кс', 'PGL']",2026-09-11,21-30-08,Friday
317725707875,407902778,levraidoffy,490377,Sea of Thieves,316,2026-09-10T11:59:31Z,fr,"['Français', 'DropsActivés']",2026-09-11,21-30-08,Friday
316894398676,83671242,officialwerren,498566,Slots,316,2026-09-11T11:59:08Z,sv,['Svenska'],2026-09-11,21-30-08,Friday
