id,user_id,user_login,game_id,game_name,viewer_count,started_at,language,tags,snapshot_date,snapshot_time,snapshot_day
319571746014,267160288,caseoh_,66082,Games + Demos,57929,2026-07-28T02:00:27Z,en,['English'],2026-07-28,12-25-31,Tuesday
319697099232,472066926,theburntpeanut,2009321156,Dark and Darker,31409,2026-07-28T00:14:40Z,en,"['English', 'DropsEnabled', 'funny', 'gaming', 'Ptuber', 'fpsgames', 'Variety', 'tobacco', 'Peanut']",2026-07-28,12-25-31,Tuesday
319627879516,71092938,xqc,666605016,Welcome to the Game III,17155,2026-07-27T21:05:28Z,en,"['English', 'femboy']",2026-07-28,12-25-31,Tuesday
317744064984,36926489,yourragegaming,1036710512,Palworld,13972,2026-07-28T01:40:42Z,en,['English'],2026-07-28,12-25-31,Tuesday
317741711448,570335223,rayasianboy,509672,IRL,13409,2026-07-27T20:06:51Z,en,"['English', 'Taiwan', 'AMP', 'Ray']",2026-07-28,12-25-31,Tuesday
317741646936,738493418,madi2hottyy,509672,IRL,12864,2026-07-27T19:55:55Z,en,"['English', 'madi2hottyy', 'IRL', 'streamer', 'justcchatting']",2026-07-28,12-25-31,Tuesday
320547648857,121059319,moonmoon,666605016,Welcome to the Game III,11217,2026-07-27T22:36:54Z,en,"['English', 'godgamer', 'doglover']",2026-07-28,12-25-31,Tuesday
318632566871,233300375,clix,33214,Fortnite,9871,2026-07-27T22:48:12Z,en,['English'],2026-07-28,12-25-31,Tuesday
319570726110,63000646,rdcgaming,1036710512,Palworld,9776,2026-07-28T01:01:28Z,en,['English'],2026-07-28,12-25-31,Tuesday
317743260760,23936415,jerma985,66082,Games + Demos,9400,2026-07-27T23:59:49Z,en,"['English', 'Retired', 'ExtrovertedIntrovert', 'BroadcastArc', 'VirgoLibra', 'BigJ', 'XpressRediSetGoFanclub']",2026-07-28,12-25-31,Tuesday
319631325916,175831187,ironmouse,509658,Just Chatting,9210,2026-07-28T00:36:38Z,en,"['English', 'Anime', 'Singing', 'puertorico', 'Vtuber', 'Latino', 'vtuber']",2026-07-28,12-25-31,Tuesday
318632358231,679116841,suburbbaby,509658,Just Chatting,8594,2026-07-27T22:28:15Z,en,"['English', 'suburbbaby', 'streameruniversity2026', 'streameruniversity', 'kaicenat', 'IRL']",2026-07-28,12-25-31,Tuesday
316229142897,50988750,stylishnoob4,982348888,ELDEN RING NIGHTREIGN,7673,2026-07-28T04:21:59Z,ja,"['日本語', '感謝します', 'Drops有効']",2026-07-28,12-25-31,Tuesday
317742265176,26490481,summit1g,32399,Counter-Strike,7080,2026-07-27T21:38:30Z,en,['English'],2026-07-28,12-25-31,Tuesday
319572186590,100869214,arky,509658,Just Chatting,6518,2026-07-28T02:27:23Z,en,['English'],2026-07-28,12-25-31,Tuesday
319569449310,59635827,supertf,210472759,Shift at Midnight,6176,2026-07-27T23:53:32Z,en,"['English', 'FleshTuber']",2026-07-28,12-25-31,Tuesday
318051220453,429614703,rhinospiritx,509659,ASMR,5772,2026-07-27T21:53:52Z,en,"['English', 'blonde', 'ASMR', 'mommy', 'girl', 'girlfriend', 'Roleplay', 'Rerun']",2026-07-28,12-25-31,Tuesday
316293639667,952340772,hiiragitsurugi,511224,Apex Legends,5641,2026-07-28T05:07:08Z,ja,"['日本語', '雑談', 'ゲーム', 'Drops有効']",2026-07-28,12-25-31,Tuesday
320608734554,143179777,agustinunaplay8,491487,Dead by Daylight,5596,2026-07-28T01:00:26Z,es,"['Español', 'Inglés']",2026-07-28,12-25-31,Tuesday
319695151328,519084584,santipulgaz,509658,Just Chatting,4158,2026-07-27T22:17:26Z,en,"['English', 'oscs']",2026-07-28,12-25-31,Tuesday
317902442343,78874179,krokoboss,509663,Special Events,3945,2026-07-27T12:45:06Z,de,['Deutsch'],2026-07-28,12-25-31,Tuesday
317098941431,471218475,carolinekwan,509658,Just Chatting,3826,2026-07-28T00:58:49Z,en,['English'],2026-07-28,12-25-31,Tuesday
320610720346,803233182,joshtwoh,509658,Just Chatting,3603,2026-07-28T02:21:32Z,en,['English'],2026-07-28,12-25-31,Tuesday
316237417586,276504990,shinjifromjapanxd,1036710512,Palworld,3492,2026-07-28T02:10:52Z,ja,['日本語'],2026-07-28,12-25-31,Tuesday
317096471543,27369897,ben_,29307,Path of Exile,3275,2026-07-27T17:35:40Z,en,"['English', 'DropsEnabled']",2026-07-28,12-25-31,Tuesday
317351342179,56040562,xthesolutiontv,509663,Special Events,3257,2026-07-27T12:28:07Z,de,"['Deutsch', 'OG', 'Erpel', 'Ente', 'Khal', 'Schere', 'Prozente']",2026-07-28,12-25-31,Tuesday
320722653275,280408230,amablitz,509658,Just Chatting,3149,2026-07-28T03:10:33Z,es,"['español', 'amablitz', 'irl', 'Español']",2026-07-28,12-25-31,Tuesday
319630813020,1134296624,sukiimellow,509672,IRL,3083,2026-07-28T00:09:45Z,en,"['girl', 'latina', 'English', 'IRL']",2026-07-28,12-25-31,Tuesday
320607256538,126750144,crystalmolly,491487,Dead by Daylight,2991,2026-07-27T23:58:13Z,es,"['Mujer', 'She', 'Español', 'comedia']",2026-07-28,12-25-31,Tuesday
317909471335,159498717,jinnytty,509658,Just Chatting,2928,2026-07-28T00:36:57Z,en,"['English', 'IRL', 'Outdoors', 'Exploration', 'Travel', 'Variety', 'Food', 'Cosplay', 'Asian', 'Korea']",2026-07-28,12-25-31,Tuesday
320719473755,1056569852,dreamdoll,509672,IRL,2900,2026-07-28T00:56:43Z,en,"['English', 'justchatting', 'studio']",2026-07-28,12-25-31,Tuesday
317902345191,430023505,xrohat,509663,Special Events,2879,2026-07-27T12:33:10Z,de,['Deutsch'],2026-07-28,12-25-31,Tuesday
316227114353,524474488,hanjoudesu,1982003207,Dragon Warrior Monsters 2: Tara's Adventure,2862,2026-07-27T14:15:59Z,ja,['日本語'],2026-07-28,12-25-31,Tuesday
319627353436,705793897,kelo,509672,IRL,2818,2026-07-27T20:22:50Z,en,['English'],2026-07-28,12-25-31,Tuesday
318118763238,126805726,scurrows,498566,Slots,2760,2026-07-27T23:47:10Z,de,['Deutsch'],2026-07-28,12-25-31,Tuesday
317098581111,27992608,pikabooirl,18122,World of Warcraft,2737,2026-07-28T00:06:02Z,en,['English'],2026-07-28,12-25-31,Tuesday
319681170912,1171769612,247jynxzi,499973,Always On,2723,2026-07-26T21:01:32Z,en,"['English', 'jynxzi', 'siege', 'rainbowixsiege']",2026-07-28,12-25-31,Tuesday
315853183827,36483360,zizaran,29307,Path of Exile,2717,2026-07-28T02:13:59Z,en,"['English', 'DropsEnabled']",2026-07-28,12-25-31,Tuesday
317098196215,45302947,iitztimmy,460630,Rainbow Six Siege,2667,2026-07-27T23:07:57Z,en,"['English', 'iiTzHimothy', 'RedBullGuy', 'PlayApexStreamer', 'mightbestupid', 'DropsEnabled']",2026-07-28,12-25-31,Tuesday
319570515038,610698261,jasminexu007,26936,Music,2490,2026-07-28T00:50:55Z,en,"['English', 'FrenchCanadian', 'Chinese', 'music', 'ASIAN', 'AAPI', 'Canada']",2026-07-28,12-25-31,Tuesday
317099147383,238498798,kingsman265_twitch,1264310518,Marvel Rivals,2378,2026-07-28T01:25:57Z,en,"['English', 'MarvelRivalsJubilee', 'DropsEnabled']",2026-07-28,12-25-31,Tuesday
319696432736,755254959,aishahsofey,509672,IRL,2378,2026-07-27T23:37:41Z,en,"['AishahSofey', 'English']",2026-07-28,12-25-31,Tuesday
317099093367,937051434,benjychavez_,509672,IRL,2365,2026-07-28T01:18:11Z,en,"['English', 'benjychavez']",2026-07-28,12-25-31,Tuesday
317743512536,1445967943,annajay99,509658,Just Chatting,2348,2026-07-28T00:31:17Z,en,['English'],2026-07-28,12-25-31,Tuesday
316293524083,48893421,sumomo_x,324632683,hololive Dreams,2331,2026-07-28T04:27:26Z,ja,"['日本語', 'DFM', 'Vtuber']",2026-07-28,12-25-31,Tuesday
320610783834,269835621,reet,33214,Fortnite,2327,2026-07-28T02:24:32Z,en,['English'],2026-07-28,12-25-31,Tuesday
320721960155,169491306,liam,210472759,Shift at Midnight,2300,2026-07-28T02:39:32Z,en,['English'],2026-07-28,12-25-31,Tuesday
320723487963,50185928,majinphil,11557,The Legend of Zelda: Ocarina of Time,2262,2026-07-28T03:53:29Z,en,"['English', 'DrPhil']",2026-07-28,12-25-31,Tuesday
316293274355,704122424,onigiri,509672,IRL,2199,2026-07-28T02:56:37Z,en,"['English', 'Japan', 'Anime', 'Bilingual', 'Chinese', 'Japanese', 'food']",2026-07-28,12-25-31,Tuesday
315848264808,1057785822,michimochievee,509658,Just Chatting,2198,2026-07-28T03:59:20Z,en,"['English', 'VTuber', 'Cringe', 'Bilingual', 'Anime', 'Indonesian']",2026-07-28,12-25-31,Tuesday
317100053239,116673961,lftoxy_val,516575,VALORANT,2153,2026-07-28T03:24:48Z,en,['English'],2026-07-28,12-25-31,Tuesday
320609441114,62191658,pezzzy,491487,Dead by Daylight,2138,2026-07-28T01:28:32Z,en,['English'],2026-07-28,12-25-31,Tuesday
315848344040,169185650,robcdee,509658,Just Chatting,2078,2026-07-28T04:38:27Z,en,"['Tokyo', 'Japan', 'Outdoors', 'Cycling', 'Exploration', 'Travel', 'Anime', 'Speedeating', 'English', 'Gout']",2026-07-28,12-25-31,Tuesday
320553011161,103314254,tray,1678532194,EA Sports College Football 27,2077,2026-07-28T02:35:51Z,en,['English'],2026-07-28,12-25-31,Tuesday
316513025621,510089466,sayfergoat,509658,Just Chatting,2065,2026-07-28T04:21:37Z,ru,"['Русский', '192', 'Америка', 'USA', 'IRL', 'рассмешистримера']",2026-07-28,12-25-31,Tuesday
320551378905,110276214,cutedog_,29307,Path of Exile,2031,2026-07-28T01:28:09Z,en,"['English', 'ASMR', 'Vtuber', 'Anime', 'girl', 'pregnant', 'Mindbreak', 'gyaru', 'Tentacles', 'DropsEnabled']",2026-07-28,12-25-31,Tuesday
319635326172,131654595,mewsicalmiqo,512953,ELDEN RING,2027,2026-07-28T05:22:42Z,en,"['Vtuber', 'BackseatGamingAllowed', 'AsianAmerican', '3DModeling', 'VNyan', 'English', 'Comfy', 'Chatty', 'NTE', 'NTEcreator']",2026-07-28,12-25-31,Tuesday
320606350810,32239862,khalamity,500188,Hunt: Showdown 1896,2000,2026-07-27T23:13:19Z,en,"['English', 'funny', 'Dad', 'DropsEnabled', 'Hardcore']",2026-07-28,12-25-31,Tuesday
316228777201,29528480,greentea,513143,Teamfight Tactics,1983,2026-07-28T01:58:13Z,zh,['中文'],2026-07-28,12-25-31,Tuesday
317909913319,40784764,shlorox,509658,Just Chatting,1951,2026-07-28T02:48:18Z,de,"['Deutsch', 'DropsAktiviert']",2026-07-28,12-25-31,Tuesday
317099731831,69955030,elfedelobo,6521,Grand Theft Auto: San Andreas,1911,2026-07-28T02:43:37Z,es,['Español'],2026-07-28,12-25-31,Tuesday
315385752304,1054415311,ryzilogo3,29452,Virtual Casino,1905,2026-07-26T12:16:03Z,pt,['Português'],2026-07-28,12-25-31,Tuesday
320611744090,703613222,grimmi,1554543571,Photomaly,1877,2026-07-28T03:07:38Z,en,"['Horror', 'VoiceActing', 'English']",2026-07-28,12-25-31,Tuesday
315385726832,1054415488,hojuxohip,498566,Slots,1835,2026-07-26T12:04:51Z,pt,['Português'],2026-07-28,12-25-31,Tuesday
315355281134,1054414878,jequrub9,498566,Slots,1816,2026-07-27T09:17:38Z,en,['English'],2026-07-28,12-25-31,Tuesday
316237877746,584184005,akarindao,511224,Apex Legends,1809,2026-07-28T05:09:11Z,ja,"['女性', 'ハスキーボイス', '日本語', 'Drops有効']",2026-07-28,12-25-31,Tuesday
315355279470,1054415157,suduwub7,29452,Virtual Casino,1805,2026-07-27T09:17:03Z,pt,['Português'],2026-07-28,12-25-31,Tuesday
316228514033,119497908,kyo1984123,509658,Just Chatting,1777,2026-07-28T00:07:59Z,zh,"['中文', '時事話題', 'Vtuber', '國際台']",2026-07-28,12-25-31,Tuesday
318561569781,142125052,sunsetgaiaasmr,509659,ASMR,1771,2026-07-28T02:04:13Z,en,"['English', 'Portuguese']",2026-07-28,12-25-31,Tuesday
317741716824,480299813,reemknocks,509658,Just Chatting,1734,2026-07-27T20:08:07Z,en,['English'],2026-07-28,12-25-31,Tuesday
320555376089,51065352,faide,511224,Apex Legends,1725,2026-07-28T04:36:52Z,en,"['movement', 'solo', 'trios', 'Apex', 'wraith', 'English', 'ADHD', 'DropsEnabled']",2026-07-28,12-25-31,Tuesday
316583619796,189795522,limitlessqt,29595,Dota 2,1700,2026-07-28T02:17:09Z,ru,['Русский'],2026-07-28,12-25-31,Tuesday
318634762327,217629686,dgthe99,32982,Grand Theft Auto V,1640,2026-07-28T01:45:58Z,en,"['English', 'dgthe99', 'duketucker', 'GTARP', 'Rerun']",2026-07-28,12-25-31,Tuesday
315357546734,91958353,jeefhs,138585,Hearthstone,1639,2026-07-28T04:18:40Z,en,['English'],2026-07-28,12-25-31,Tuesday
320550505433,20508512,calebhart42,11988,FINAL FANTASY VII,1629,2026-07-28T00:51:24Z,en,"['SPEEDRUN', 'SWAG', 'FF7', 'ALLCAPS', 'GENERICTAG', 'WORLDRECORD', 'English', 'MEGAMAN', 'SHINYHUNT', 'ironMON']",2026-07-28,12-25-31,Tuesday
317741886424,269503217,aspaszin,516575,VALORANT,1628,2026-07-27T20:38:43Z,pt,['Português'],2026-07-28,12-25-31,Tuesday
318112238438,463204522,mertabimula,509663,Special Events,1609,2026-07-27T12:53:46Z,de,['Deutsch'],2026-07-28,12-25-31,Tuesday
318632395479,31062476,fobm4ster,513181,Genshin Impact,1605,2026-07-27T22:31:51Z,en,['English'],2026-07-28,12-25-31,Tuesday
318634195799,24198048,matimi0,168648543,Battlefield 6,1573,2026-07-28T01:02:38Z,en,"['English', 'DropsEnabled']",2026-07-28,12-25-31,Tuesday
319693907168,24124090,datmodz,29307,Path of Exile,1552,2026-07-27T20:41:01Z,en,"['AMA', 'English', 'DropsEnabled']",2026-07-28,12-25-31,Tuesday
315847911528,32099052,purpp,459931,Old School RuneScape,1547,2026-07-28T00:55:24Z,en,['English'],2026-07-28,12-25-31,Tuesday
320723726555,504843877,keemsama_,66082,Games + Demos,1545,2026-07-28T04:07:07Z,en,['English'],2026-07-28,12-25-31,Tuesday
316542416470,52968416,asmodaitv,138585,Hearthstone,1542,2026-07-28T01:07:37Z,en,"['English', 'Hearthstone', 'Battlegrounds']",2026-07-28,12-25-31,Tuesday
316231647730,25202416,shuteye_orange,509658,Just Chatting,1529,2026-07-26T15:08:28Z,zh,"['中文', '恐怖遊戲', 'Horror', 'horrorgames', '恐怖', '燕雲十六聲', 'wherewindsmeet']",2026-07-28,12-25-31,Tuesday
318625297908,194749904,yayahuz,2128193047,Super Battle Golf,1523,2026-07-28T01:22:06Z,pt,"['LOUD', 'Português']",2026-07-28,12-25-31,Tuesday
317099203319,52891155,lowtiergod,488615,Street Fighter V,1511,2026-07-28T01:33:28Z,en,"['English', 'FORYOUPAGE', 'justchatting', 'lowtiergod', 'drops']",2026-07-28,12-25-31,Tuesday
318489155702,800249633,pitchularj,509658,Just Chatting,1504,2026-07-28T01:40:34Z,pt,['Português'],2026-07-28,12-25-31,Tuesday
318635784023,441850396,hydrasung,518184,Phasmophobia,1491,2026-07-28T02:59:27Z,en,"['Asian', 'Taiwan', 'Australia', 'kpop', 'Singapore', 'Malaysia', 'Japan', 'Korean', 'Korea', 'Phasmophobia']",2026-07-28,12-25-31,Tuesday
320554087385,660747188,jshock9nine,509658,Just Chatting,1490,2026-07-28T03:25:17Z,en,"['English', 'livestream', 'IRL', 'justcchatting', 'justchattingandgaming', 'IrishStreamer', 'IRLstreams']",2026-07-28,12-25-31,Tuesday
319567683934,588397817,jaystayup,32982,Grand Theft Auto V,1460,2026-07-27T22:05:23Z,en,['English'],2026-07-28,12-25-31,Tuesday
316228597745,529552506,tqq999_,515025,Overwatch,1456,2026-07-28T00:43:59Z,ja,"['日本語', 'Drops有効']",2026-07-28,12-25-31,Tuesday
316509302869,230768385,follentass,498592,I'm Only Sleeping,1445,2026-07-27T14:53:42Z,ru,"['Русский', 'IRL']",2026-07-28,12-25-31,Tuesday
316228992625,222497376,dada_0124,509672,IRL,1433,2026-07-28T03:26:18Z,zh,['中文'],2026-07-28,12-25-31,Tuesday
320721064923,11897156,roflgator,499003,VRChat,1425,2026-07-28T02:02:11Z,en,['English'],2026-07-28,12-25-31,Tuesday
318637039191,1164025511,wavygocrazyy,1264310518,Marvel Rivals,1416,2026-07-28T04:24:47Z,en,"['English', 'DropEnabled', 'DropsEnabled']",2026-07-28,12-25-31,Tuesday
320718926939,56399221,viper,21779,League of Legends,1410,2026-07-28T00:32:12Z,en,"['English', 'leagueoflegeneds']",2026-07-28,12-25-31,Tuesday
320715898459,230583557,itskxtlyn,499003,VRChat,1386,2026-07-27T21:59:10Z,en,"['English', 'ASMR', 'Vtuber', 'brat', 'meowmeowmeowmeow', 'ENVtuber']",2026-07-28,12-25-31,Tuesday
320611691098,107536229,aurateur,511399,Super Mario Maker 2,1359,2026-07-28T03:05:13Z,en,"['Bald', 'English']",2026-07-28,12-25-31,Tuesday
315390231024,107514872,rush,21779,League of Legends,1349,2026-07-28T02:02:57Z,en,['English'],2026-07-28,12-25-31,Tuesday
317908200039,106159308,gronkhtv,2737,Infected,1342,2026-07-27T21:08:33Z,de,['Deutsch'],2026-07-28,12-25-31,Tuesday
318561178229,62336028,burgaofps,29452,Virtual Casino,1330,2026-07-28T01:26:15Z,pt,['Português'],2026-07-28,12-25-31,Tuesday
317358011235,61638152,m5aoi,509658,Just Chatting,1324,2026-07-28T05:19:27Z,ar,"['arabic', 'SaudiArabia', 'Kuwait', 'UAE', 'Qatar', 'Oman', 'bahrain', 'العربية']",2026-07-28,12-25-31,Tuesday
319569896670,1114783978,snowcone,23020,ROBLOX,1310,2026-07-28T00:17:12Z,en,"['English', 'ADHD', 'streameruniversity']",2026-07-28,12-25-31,Tuesday
320606111066,115659124,sanchovies,21779,League of Legends,1279,2026-07-27T23:01:29Z,en,['English'],2026-07-28,12-25-31,Tuesday
320716189147,12943173,pokelawls,168648543,Battlefield 6,1275,2026-07-27T22:14:48Z,en,"['English', 'depression', 'ubereats', 'lo', 'gigi', 'DropsEnabled']",2026-07-28,12-25-31,Tuesday
320541512793,127309732,rainhoe,1036710512,Palworld,1267,2026-07-27T14:53:29Z,en,"['English', 'sorryimawoman', 'DIAGNOSED', 'discomfortstreamer', 'Vtuber']",2026-07-28,12-25-31,Tuesday
318632359767,1477464712,luhliv1,509658,Just Chatting,1266,2026-07-27T22:28:21Z,en,['English'],2026-07-28,12-25-31,Tuesday
320548280025,11824781,themrsark,2014089416,The Backrooms: Investigate and Escape,1260,2026-07-27T23:08:18Z,en,"['English', 'CantShaveUntilImOut', 'NoBackseating']",2026-07-28,12-25-31,Tuesday
320610213338,214483682,pattymeza,905232303,DON'T SCREAM TOGETHER,1256,2026-07-28T02:01:03Z,es,"['Español', 'pattymeza']",2026-07-28,12-25-31,Tuesday
317099048055,865320951,sadgirl,509658,Just Chatting,1254,2026-07-28T01:11:37Z,en,"['English', 'news', 'girl', 'Tattoos', 'trending', 'chill', 'Woman']",2026-07-28,12-25-31,Tuesday
318634701783,100369229,desmondpilak,491931,Escape from Tarkov,1237,2026-07-28T01:40:55Z,en,['English'],2026-07-28,12-25-31,Tuesday
319632965724,44338537,burkeblack,1913410799,Total War: WARHAMMER III,1236,2026-07-28T02:07:34Z,en,"['English', 'Pirate', 'PG16', 'NoPolitics', 'NoStorySpoilers', 'BackSeatingAllowed']",2026-07-28,12-25-31,Tuesday
320715032539,111297034,porcelainmaid,490348,Dishonored 2,1231,2026-07-27T21:05:47Z,en,"['VTuber', 'FirstPlaythrough', 'VoiceActing', 'Anime', 'English', 'Horror', 'artist', 'Cozy']",2026-07-28,12-25-31,Tuesday
320610381274,27842439,lourlo,21779,League of Legends,1229,2026-07-28T02:07:27Z,en,"['pro', 'ranked', 'Challenger', 'English', 'Anime', 'rumble', 'poppy', 'teamliquid', 'xdd', 'music']",2026-07-28,12-25-31,Tuesday
318635785303,592934481,marimari_en,509658,Just Chatting,1226,2026-07-28T02:59:33Z,en,"['English', 'Vtuber', 'Corndog', 'QuattroBagina', 'Truckin', 'CrankingMyHog', 'PokemonXDGaleOfDarkness', 'Triceratops']",2026-07-28,12-25-31,Tuesday
315909335786,693883340,clioaite,1913410799,Total War: WARHAMMER III,1225,2026-07-28T00:37:56Z,en,"['Vtuber', 'History', 'Chatty', 'Hag', 'LHWHPGFGSGASMRIE', 'Australia', 'English', 'PhaseConnect']",2026-07-28,12-25-31,Tuesday
319558634974,1187370053,lacyoffline_,499973,Always On,1220,2026-07-27T02:07:06Z,en,"['English', 'Lacy', 'faze', 'stableronaldo', 'clix']",2026-07-28,12-25-31,Tuesday
318635276631,39763722,star0chris,512953,ELDEN RING,1203,2026-07-28T02:23:09Z,en,"['Speedrun', 'Challenge', 'TheseTagsAreUseless', 'Educational', 'AdsAreCringe', 'RosesAreRed', 'ChatIsHardToManage', 'ForgetWhatYouJustRead', 'IHaveBrainDamage', 'English']",2026-07-28,12-25-31,Tuesday
316542783574,73477451,unclebjorn,512923,Baldur's Gate 3,1196,2026-07-28T04:30:20Z,ru,"['Русский', 'длявзрослых']",2026-07-28,12-25-31,Tuesday
318636906327,648879023,zanolinii,509672,IRL,1189,2026-07-28T04:15:37Z,pt,['Português'],2026-07-28,12-25-31,Tuesday
320717140955,558401452,teige2k,509672,IRL,1181,2026-07-27T23:06:11Z,en,['English'],2026-07-28,12-25-31,Tuesday
318634469463,770768520,esskayuwu,1264310518,Marvel Rivals,1176,2026-07-28T01:22:25Z,en,"['English', 'DropsEnabled']",2026-07-28,12-25-31,Tuesday
315848146152,718820856,ev913,511224,Apex Legends,1163,2026-07-28T02:59:09Z,zh,"['中文', '雜談', '启用掉宝']",2026-07-28,12-25-31,Tuesday
319572625758,7010591,uhn,458912,Kingdom Come: Deliverance,1156,2026-07-28T02:57:23Z,en,"['retired', 'unretired', 'English']",2026-07-28,12-25-31,Tuesday
317743804888,85581832,julien,210472759,Shift at Midnight,1154,2026-07-28T01:08:10Z,en,"['aries', 'English', 'camboy', 'ally']",2026-07-28,12-25-31,Tuesday
319696186592,563445803,momoseventh,491487,Dead by Daylight,1147,2026-07-27T23:23:32Z,en,['English'],2026-07-28,12-25-31,Tuesday
320608738650,56395702,coconutb,2009321156,Dark and Darker,1146,2026-07-28T01:00:37Z,en,"['English', 'DropsEnabled']",2026-07-28,12-25-31,Tuesday
316542796502,116780430,spt083,1036710512,Palworld,1140,2026-07-28T04:36:37Z,ru,['Русский'],2026-07-28,12-25-31,Tuesday
319633165916,109093498,sofikimmy,21779,League of Legends,1137,2026-07-28T02:19:57Z,es,"['Español', 'Chile']",2026-07-28,12-25-31,Tuesday
318635462999,206990465,catsen,369509,Fable Anniversary,1125,2026-07-28T02:36:16Z,en,"['English', 'Woman', 'RPG', 'soulslike', 'hard', 'challenge', 'girl', 'drops', 'ADHD', 'feet']",2026-07-28,12-25-31,Tuesday
320716822363,679245059,ramulations,509672,IRL,1118,2026-07-27T22:50:26Z,en,"['English', 'ChillVbes']",2026-07-28,12-25-31,Tuesday
317743518936,596714492,kyouasmr,509659,ASMR,1117,2026-07-28T00:32:13Z,en,"['asmr', 'adhd', 'Comfy', 'mommy', 'SleepAid', 'healing', 'Mature', 'Chatting', 'HAG', 'korean']",2026-07-28,12-25-31,Tuesday
317339808100,149393615,spear_shot,21779,League of Legends,1112,2026-07-27T20:36:54Z,en,['English'],2026-07-28,12-25-31,Tuesday
319698646880,891810381,nahyunworld,509658,Just Chatting,1112,2026-07-28T01:39:02Z,en,"['English', '한국어', 'Korea', 'korean', 'justchatting', 'Asian', 'irl', 'TRAVEL', 'TRIP', 'JAPAN']",2026-07-28,12-25-31,Tuesday
318622987636,30672329,felps,509658,Just Chatting,1111,2026-07-27T22:04:07Z,pt,"['Felps', 'Variedade', 'Português', 'FelpsFelps', 'FelpsFelpsFelps', 'FelpsFelpsFelpsFelps', 'FelpsFelpsFelpsFelpsFelps']",2026-07-28,12-25-31,Tuesday
319698510048,721835796,shazdelicious,509672,IRL,1092,2026-07-28T01:31:22Z,en,['English'],2026-07-28,12-25-31,Tuesday
319700032992,86224100,pge4,585218203,Cheese Rolling,1091,2026-07-28T03:08:11Z,en,"['English', 'DidIMentionChill', 'RealBuddha', 'ｃｈｉｌｌ', 'SeriousRolePlay', 'DropsEnabled']",2026-07-28,12-25-31,Tuesday
318489778294,61868550,bwipolol,21779,League of Legends,1085,2026-07-28T02:41:21Z,en,"['Speedrunning', 'English', 'Challenger', 'soloqueue']",2026-07-28,12-25-31,Tuesday
318045104357,636587384,alveussanctuary,272263131,"Animals, Aquariums, and Zoos",1084,2026-07-27T13:01:59Z,en,"['English', 'TogetherForGood', 'purplemartins', 'Charity']",2026-07-28,12-25-31,Tuesday
319699018848,26640321,leaflit,509658,Just Chatting,1081,2026-07-28T02:01:27Z,en,"['English', 'Grifter', 'Weeb', 'Zoltraak', 'QuangoSlayer', 'Precure', 'idol', 'StellarHumanist', 'Villaness', 'AImancer']",2026-07-28,12-25-31,Tuesday
320610837082,36829241,daddydimmutv,1678532194,EA Sports College Football 27,1076,2026-07-28T02:27:01Z,en,"['English', 'Baseball', 'baseballstreamer', 'Football']",2026-07-28,12-25-31,Tuesday
319562645214,400999129,clout,23020,ROBLOX,1065,2026-07-27T12:48:34Z,en,"['English', 'DropsEnabled']",2026-07-28,12-25-31,Tuesday
316513089621,189850266,bigrussianmum,509658,Just Chatting,1046,2026-07-28T04:56:09Z,ru,"['хардкор', 'BRM', 'Женщина', 'игра', 'БАБКАСПАКЕТАМИ', 'БРМ', 'игры', 'новинки', 'Новости', 'Русский']",2026-07-28,12-25-31,Tuesday
316237781234,102192603,mimiluckying,610246500,Mabinogi Mobile,1032,2026-07-28T04:35:56Z,zh,['中文'],2026-07-28,12-25-31,Tuesday
315888299369,29826549,bebelolz,21779,League of Legends,1026,2026-07-28T01:35:41Z,zh,['中文'],2026-07-28,12-25-31,Tuesday
318630937943,163168110,eido,27471,Minecraft,1023,2026-07-27T19:58:58Z,en,"['meow', 'mexican', 'English', 'Asian']",2026-07-28,12-25-31,Tuesday
320553493849,30080751,dyrus,21779,League of Legends,1020,2026-07-28T02:57:32Z,en,['English'],2026-07-28,12-25-31,Tuesday
320548615385,30255906,bengal,1678532194,EA Sports College Football 27,997,2026-07-27T23:25:20Z,en,['English'],2026-07-28,12-25-31,Tuesday
320604805338,38746172,esfandtv,512923,Baldur's Gate 3,990,2026-07-27T21:51:03Z,en,['English'],2026-07-28,12-25-31,Tuesday
320613449818,1435422886,chopxmeyah,509658,Just Chatting,987,2026-07-28T04:39:15Z,en,"['English', 'chopxmeyah']",2026-07-28,12-25-31,Tuesday
317341651940,152454625,jokaa45,509658,Just Chatting,986,2026-07-28T02:06:35Z,fr,"['Français', 'react', 'humour', 'sponsored']",2026-07-28,12-25-31,Tuesday
319695391968,1312862940,asmongold247,18122,World of Warcraft,980,2026-07-27T22:33:55Z,en,['English'],2026-07-28,12-25-31,Tuesday
318636362071,54989347,fairlight_excalibur,21779,League of Legends,979,2026-07-28T03:39:04Z,en,"['English', 'UnfathomablyBased', 'Strategy', 'NoPolitics']",2026-07-28,12-25-31,Tuesday
317316762338,74547134,putupau,213930085,Honkai: Star Rail,978,2026-07-27T23:37:52Z,es,"['Español', 'DropsActivados']",2026-07-28,12-25-31,Tuesday
320612777050,87596756,lltrigger,21779,League of Legends,977,2026-07-28T03:59:56Z,en,"['English', 'Challenger', 'ADCMain', 'Educational', 'Coaching', 'Ranked', 'Competitive', 'LucianOTP', 'RPG', 'ASMR']",2026-07-28,12-25-31,Tuesday
317099853431,32169047,stunt,21779,League of Legends,976,2026-07-28T03:00:03Z,en,"['English', 'chill', 'challenger', 'support']",2026-07-28,12-25-31,Tuesday
318635781719,89041633,maxylobes,666605016,Welcome to the Game III,968,2026-07-28T02:59:21Z,en,"['Speedrun', 'Marathon', 'Horror', 'Spageggu', 'GodGamer', 'GIGACHAD', 'speedrunning', 'Musician', 'English', 'GAMER']",2026-07-28,12-25-31,Tuesday
318627950679,125953517,y4mi,2009321156,Dark and Darker,965,2026-07-27T09:39:53Z,en,"['English', 'twinkmaxxing', 'notafemboy', 'DropsEnabled']",2026-07-28,12-25-31,Tuesday
320724819291,143655015,nezumivy,905232303,DON'T SCREAM TOGETHER,962,2026-07-28T05:15:00Z,es,"['Español', 'LGBTQ']",2026-07-28,12-25-31,Tuesday
315982109932,1310847512,alansgambit,743,Chess,960,2026-07-28T04:39:57Z,en,"['English', 'chess', 'blitzchess', 'HikaruNakamura', 'Speedrun', 'bulletchess', 'chesspuzzlerush']",2026-07-28,12-25-31,Tuesday
320546179801,429907927,bushwacker,500188,Hunt: Showdown 1896,944,2026-07-27T21:09:12Z,en,"['English', 'Educational', 'feet', 'DropsEnabled']",2026-07-28,12-25-31,Tuesday
318632407127,64926136,detune,509658,Just Chatting,943,2026-07-27T22:32:36Z,en,"['lgbtqIa', 'black', 'LGBT', 'horror', 'paranormal', 'English', 'Biracial', 'scary', 'ghosthunting', 'momswelcome']",2026-07-28,12-25-31,Tuesday
318119273830,1152048523,hasibi_by,29452,Virtual Casino,937,2026-07-28T02:07:01Z,ru,['Русский'],2026-07-28,12-25-31,Tuesday
320551989977,29400754,lacari,666605016,Welcome to the Game III,935,2026-07-28T01:54:02Z,en,"['Bald', 'Loud', 'Forsen', 'Vtuber', 'Black', 'Anime', 'English', 'Variety', 'FGC', 'Fitness']",2026-07-28,12-25-31,Tuesday
318488900982,96161253,tealzlol,29452,Virtual Casino,934,2026-07-28T01:17:42Z,pt,"['Português', 'emo', 'LGBT', 'proplayer', 'LeagueoflegendsWildrift', 'leagueoflegend']",2026-07-28,12-25-31,Tuesday
318634690519,167124768,t10nat,509658,Just Chatting,932,2026-07-28T01:40:08Z,en,"['Asian', 'Australia', 'asiangirl', 'Chatty', 'tism', 'ADHD', 'yapper', 'degen', 'VoiceActing', 'English']",2026-07-28,12-25-31,Tuesday
318634266327,1075993026,partychip,2009321156,Dark and Darker,931,2026-07-28T01:07:11Z,en,"['handsome', 'natty', 'energetic', 'notfat', 'Cinema', 'Thragg', 'tall', 'malding', 'English', 'DropsEnabled']",2026-07-28,12-25-31,Tuesday
318490313718,38590945,coldzin,32399,Counter-Strike,921,2026-07-28T03:47:35Z,pt,['Português'],2026-07-28,12-25-31,Tuesday
318634882519,245488727,vulture_ow,515025,Overwatch,903,2026-07-28T01:55:14Z,en,"['English', 'Competitive', 'fps', 'junkrat', 'SewerRat', 'overwatch', 'hashtagawesome', 'DropsEnabled']",2026-07-28,12-25-31,Tuesday
320716063067,231053562,cursedfiber78,518017,Resident Evil Village,901,2026-07-27T22:07:42Z,es,"['Español', 'tortilla', 'malabarista', 'Elmejorstreamerdelmundo', 'tupapá']",2026-07-28,12-25-31,Tuesday
320717135707,734475821,tonystatovci,1264310518,Marvel Rivals,899,2026-07-27T23:05:51Z,en,"['English', 'DropsEnabled']",2026-07-28,12-25-31,Tuesday
319573843166,1487807304,gardman666,509672,IRL,898,2026-07-28T04:41:22Z,ja,"['日本語', 'IRL']",2026-07-28,12-25-31,Tuesday
317317115874,683796500,srtumbao,509658,Just Chatting,883,2026-07-28T01:14:41Z,es,"['Español', 'loco', 'ad']",2026-07-28,12-25-31,Tuesday
318119274854,1350202110,spiicca,29452,Virtual Casino,882,2026-07-28T02:07:17Z,en,['English'],2026-07-28,12-25-31,Tuesday
318632830167,46865623,thiefs,33214,Fortnite,874,2026-07-27T23:09:25Z,en,"['English', 'FamilyFriendly', 'Competitive']",2026-07-28,12-25-31,Tuesday
318119274214,1152050421,kurtvanovski,29452,Virtual Casino,873,2026-07-28T02:07:08Z,en,['English'],2026-07-28,12-25-31,Tuesday
315356935150,48093884,sweetcampercs,890558948,Torchlight: Infinite,873,2026-07-27T22:41:04Z,zh,"['中文', '靈魂歌手', '帥臉', '最有禮貌', '勤奮主播', '一句不離三個國罵', '启用掉宝']",2026-07-28,12-25-31,Tuesday
318631107927,1349515600,aimkey,464339927,ARC Raiders,870,2026-07-27T20:18:33Z,en,['English'],2026-07-28,12-25-31,Tuesday
317741820248,554057125,higgs,33214,Fortnite,867,2026-07-27T20:26:35Z,en,['English'],2026-07-28,12-25-31,Tuesday
317098483703,98087706,whatifjulia,210472759,Shift at Midnight,866,2026-07-27T23:52:42Z,en,"['English', 'pspsps', 'ClosedCaptions', 'LGBTQIAPlus', 'ComfyChaotic', 'FirstPlaythrough']",2026-07-28,12-25-31,Tuesday
317743417432,9679595,grimmmz,2009321156,Dark and Darker,861,2026-07-28T00:18:48Z,en,"['English', 'Hardcore', 'fps', 'RPG', 'Adventure', 'chatting', 'memes', 'Comedy', 'NoReligion', 'NoPolitics']",2026-07-28,12-25-31,Tuesday
316512645461,592201379,stanislaw89,32399,Counter-Strike,858,2026-07-28T00:39:35Z,ru,"['Русский', 'неадекват']",2026-07-28,12-25-31,Tuesday
320719915483,27787567,iateyourpie,13332,Pokémon FireRed/LeafGreen,852,2026-07-28T01:14:23Z,en,"['English', 'PieCommunity']",2026-07-28,12-25-31,Tuesday
317745926488,1372665369,officialjaidynalexxis,509672,IRL,852,2026-07-28T05:05:37Z,en,['English'],2026-07-28,12-25-31,Tuesday
319629493596,645498689,paypay,32982,Grand Theft Auto V,850,2026-07-27T22:58:33Z,en,"['English', 'LGBTQ', 'Gay']",2026-07-28,12-25-31,Tuesday
318119275366,1348296423,bigmanxxx_,29452,Virtual Casino,847,2026-07-28T02:07:22Z,en,['English'],2026-07-28,12-25-31,Tuesday
318633963479,595555197,yungbuffalosauce,509658,Just Chatting,836,2026-07-28T00:45:10Z,en,"['vtuber', 'English']",2026-07-28,12-25-31,Tuesday
317096116983,9092112,feliciaday,499973,Always On,836,2026-07-27T16:04:04Z,en,"['English', 'coop', 'Farming', 'fantasy', 'TV', 'feliciaday', 'supernatural', 'Guild', 'actor', 'farming']",2026-07-28,12-25-31,Tuesday
318623825239,622453208,wehoopinx,512980,Fall Guys,836,2026-07-27T01:59:27Z,en,['English'],2026-07-28,12-25-31,Tuesday
317909797479,505599147,sshaggy_,29452,Virtual Casino,833,2026-07-28T02:07:29Z,ru,['Русский'],2026-07-28,12-25-31,Tuesday
318633911127,563807568,heyyouvideogame,2009321156,Dark and Darker,831,2026-07-28T00:40:28Z,en,"['English', 'RP', 'duostream', 'duo', 'Roleplay', 'philosophical', 'ProdigyRP', 'Gimmick', 'Juiceman', 'DropsEnabled']",2026-07-28,12-25-31,Tuesday
320554247769,140997045,naoyoon,509659,ASMR,830,2026-07-28T03:33:19Z,es,"['girl', 'Español', 'Vtuber', 'Latina', 'ASMR']",2026-07-28,12-25-31,Tuesday
317909797991,1096363403,wipood,29452,Virtual Casino,830,2026-07-28T02:07:34Z,ru,['Русский'],2026-07-28,12-25-31,Tuesday
320723130587,118220323,pompeyo4,491168,Clash Royale,828,2026-07-28T03:34:27Z,es,['Español'],2026-07-28,12-25-31,Tuesday
316507166677,729639945,perra,509658,Just Chatting,827,2026-07-27T08:27:02Z,sv,"['Svenska', 'Norsk', 'IRL', 'ADHD', 'English', 'Fat', 'DropsAktiverat']",2026-07-28,12-25-31,Tuesday
320596146522,752959475,k1m6a,499634,Crypto,819,2026-07-27T05:10:25Z,en,"['English', 'bitcoin', 'crypto', 'trading', 'cryptocurrency', 'cryptotrading', 'marketanalysis', 'howtotrade', 'solana', 'ethereum']",2026-07-28,12-25-31,Tuesday
318628358615,752742297,seoi1016,509658,Just Chatting,812,2026-07-27T11:47:32Z,ko,"['한국어', 'English', '中文', '台灣', '日本語', 'Русский', 'Dance', 'kpop', 'korean', '재방송']",2026-07-28,12-25-31,Tuesday
318556031221,124656692,seucreysonreborn,29595,Dota 2,806,2026-07-27T14:29:08Z,pt,"['Português', 'dota2', 'Coach', 'campeonato', 'campeão', 'CampeãoBrasileiro', 'MOBA']",2026-07-28,12-25-31,Tuesday
315819131346,59685493,cohh,499973,Always On,806,2026-07-26T12:00:05Z,en,"['ReRun', 'Cozy', 'GoodVibes', 'SFW', 'Parent', 'Chill', 'English']",2026-07-28,12-25-31,Tuesday
320719123291,23057278,gassymexican,802317268,Crabmeat,803,2026-07-28T00:41:21Z,en,"['English', 'max', 'gonzalez', 'gassymexican', 'ogtwitch', 'NoBackseatingUnlessAsked', 'NoSpoilersNoBackseating']",2026-07-28,12-25-31,Tuesday
316293282803,1326384213,aelis_chamamatti,1282866981,Delta Force,801,2026-07-28T02:59:14Z,zh,"['中文', 'Vtuber', '我愛圖奇', '已讀亂回', '換彈癌末期']",2026-07-28,12-25-31,Tuesday
320613223898,1369581021,happyhappygal_vod,33214,Fortnite,798,2026-07-28T04:25:17Z,en,"['English', 'happyhappygal', 'fortnite', 'christian', 'FamilyFriendly', 'ZeroBuild', 'Rerun']",2026-07-28,12-25-31,Tuesday
316237256946,83435622,arex,13332,Pokémon FireRed/LeafGreen,796,2026-07-28T01:05:51Z,en,"['English', 'Cursed', 'Japan', 'ESL', 'Bold', 'ADHD', 'Unlucky', 'deadinside', 'Despair', 'Coffee']",2026-07-28,12-25-31,Tuesday
320612958298,26202610,proplays,29307,Path of Exile,787,2026-07-28T04:09:56Z,en,"['English', 'MagicFind', 'PathOfExile', 't17maps', 't17farm', 'Mirror', 'poe2', 'PoE', 'DropsEnabled']",2026-07-28,12-25-31,Tuesday
316542613334,184634287,terablade,2080936601,MOUSE: P.I. For Hire,784,2026-07-28T02:53:11Z,ru,"['Русский', 'highskill', 'Battlegrounds', 'hs', 'Аниме', 'horrorgames', 'Anime', 'кино']",2026-07-28,12-25-31,Tuesday
316512226133,426251614,vodkaskndr,499856,Ghost of Tsushima,784,2026-07-27T22:08:44Z,ru,['Русский'],2026-07-28,12-25-31,Tuesday
319699525472,202230506,aidanbeans,512710,Call of Duty: Warzone,783,2026-07-28T02:32:47Z,en,"['cod', 'rebirth', 'dropsenabled', 'adhd', 'English', 'warzone']",2026-07-28,12-25-31,Tuesday
316228921841,21838653,z60411,509658,Just Chatting,781,2026-07-28T02:56:06Z,zh,"['IRL', 'Gundam', '中文', '嚴厲斥責', 'pachinko', 'MMORPG']",2026-07-28,12-25-31,Tuesday
320554667481,29249710,skyshocktv,509658,Just Chatting,777,2026-07-28T03:55:04Z,es,"['Español', 'entretenimiento']",2026-07-28,12-25-31,Tuesday
319572153950,25766032,wintergaming,490422,StarCraft II,765,2026-07-28T02:25:21Z,en,"['Chill', 'English', 'Salt', 'RTS', 'Strategy']",2026-07-28,12-25-31,Tuesday
316511741269,598365549,xah0b,498592,I'm Only Sleeping,761,2026-07-27T20:27:00Z,ru,"['Русский', 'СиськиТут', 'Ханов', 'Hanov', 'СиндромДауна', 'СосуСтинтику', 'НародныйСтример', 'ДелаетРазницу', 'Пахан', 'КиркЖив67']",2026-07-28,12-25-31,Tuesday
318635287767,125142625,luckyzeal,1264310518,Marvel Rivals,758,2026-07-28T02:23:56Z,en,"['English', 'DropsEnabled', 'LOUD', 'spiderman', 'marvelrivals']",2026-07-28,12-25-31,Tuesday
320608911834,589578053,konygebony,509672,IRL,757,2026-07-28T01:06:55Z,de,"['Deutsch', 'English', 'Miami', 'Valencia']",2026-07-28,12-25-31,Tuesday
317097210103,939451515,juanlilshow,509658,Just Chatting,756,2026-07-27T20:19:21Z,en,"['English', 'funny', 'Juanlilshow', 'juan']",2026-07-28,12-25-31,Tuesday
318488619126,47332453,darkmoonknit,491487,Dead by Daylight,753,2026-07-28T00:55:05Z,pt,"['gamer', 'darklua', 'Português']",2026-07-28,12-25-31,Tuesday
317745437912,826424854,7xnick,509658,Just Chatting,752,2026-07-28T04:10:57Z,en,['English'],2026-07-28,12-25-31,Tuesday
320716810459,13326547,parasite,2012789438,Call of Duty: Black Ops 7,750,2026-07-27T22:49:51Z,en,"['English', 'pro', 'Ranked', 'fps', 'PvP']",2026-07-28,12-25-31,Tuesday
318043878373,163299585,blastpremier,32399,Counter-Strike,748,2026-07-27T10:22:02Z,en,"['Esports', 'English', 'BLAST', 'blastpremier', 'counterstrike', 'counterstrike2', 'CS2', 'CS2Live', 'cs2twitch', 'cs2major']",2026-07-28,12-25-31,Tuesday
320720490971,38958459,ceremor,65632,DayZ,748,2026-07-28T01:38:23Z,en,['English'],2026-07-28,12-25-31,Tuesday
316513035093,808220524,saivo7,29595,Dota 2,747,2026-07-28T04:26:29Z,ru,"['Русский', 'mid']",2026-07-28,12-25-31,Tuesday
320719969627,73463218,brawlpro,55453844,Street Fighter 6,738,2026-07-28T01:16:50Z,en,"['depressed', 'haha', 'bipolar', 'Unhygienic', 'English', 'happy']",2026-07-28,12-25-31,Tuesday
320610001370,21588571,anthony_kongphan,2009321156,Dark and Darker,733,2026-07-28T01:52:00Z,en,"['English', 'Vampire', 'goth', 'Patellanation', 'ADHDStreamer', 'DropsEnabled']",2026-07-28,12-25-31,Tuesday
319697535712,475043525,epidemy,491487,Dead by Daylight,733,2026-07-28T00:37:59Z,en,"['vibes', 'gaming', 'dbd', 'bubba', 'shirtmysurvivor', 'educational', 'English', 'egirl', 'NoBackseating・指示禁止', 'dbdcreator']",2026-07-28,12-25-31,Tuesday
320549834201,43490123,moosebrother,32982,Grand Theft Auto V,732,2026-07-28T00:21:55Z,en,"['English', 'RP', 'looksmaxxing']",2026-07-28,12-25-31,Tuesday
319629247068,132968488,saucekill,509658,Just Chatting,731,2026-07-27T22:44:30Z,en,"['English', 'killkrew', 'Kode']",2026-07-28,12-25-31,Tuesday
315853484627,154794697,livedogoes,19619,Tibia,728,2026-07-28T05:05:49Z,pt,['Português'],2026-07-28,12-25-31,Tuesday
320605673434,24534372,jimrsng,813773698,ZeroSpace,718,2026-07-27T22:39:15Z,es,"['Español', 'divertido', 'comedia', 'irreverente', 'cringe', 'ajedrecista', 'sc2', 'drops']",2026-07-28,12-25-31,Tuesday
319631967964,56361303,drgluon,1457501816,Cat Mail Co.,709,2026-07-28T01:10:42Z,en,"['English', 'BackseatGamingAllowed', 'itsafez', 'funny', 'Cozy', 'wholesome']",2026-07-28,12-25-31,Tuesday
316292844403,78404059,1hoeji,29307,Path of Exile,708,2026-07-27T23:59:52Z,zh,"['中文', '貓人', 'English', 'drops', '启用掉宝']",2026-07-28,12-25-31,Tuesday
318636530775,227506541,johnqtcs,516575,VALORANT,707,2026-07-28T03:50:20Z,en,['English'],2026-07-28,12-25-31,Tuesday
316542306774,259683381,seberya_cs,32399,Counter-Strike,704,2026-07-28T00:09:29Z,ru,"['Русский', 'CS2', 'faceit10lvl', '4000elo', 'input']",2026-07-28,12-25-31,Tuesday
316228912497,557633478,dj___shige,19023,FINAL FANTASY IV,703,2026-07-28T02:53:13Z,ja,"['日本語', 'DJ', 'GAME']",2026-07-28,12-25-31,Tuesday
318637359191,199080672,diabloh,512710,Call of Duty: Warzone,697,2026-07-28T04:48:03Z,en,['English'],2026-07-28,12-25-31,Tuesday
320720507099,24538518,sneakylol,666605016,Welcome to the Game III,697,2026-07-28T01:39:06Z,en,['English'],2026-07-28,12-25-31,Tuesday
317356483811,19013029,carn_,29307,Path of Exile,696,2026-07-27T21:47:10Z,en,"['English', 'DropsEnabled']",2026-07-28,12-25-31,Tuesday
319629697628,35860942,socpens,7917,ECW Hardcore Revolution,695,2026-07-27T23:08:47Z,en,"['English', 'PotLimit', 'baaulp', 'Retro', 'Canada', 'Québec', 'VHS', 'watchalong', 'Interactive']",2026-07-28,12-25-31,Tuesday
319697640160,804956586,yungeenace,509658,Just Chatting,695,2026-07-28T00:43:57Z,en,"['English', 'LASTSTORYRP']",2026-07-28,12-25-31,Tuesday
318562196853,848696016,moomoozilla,509659,ASMR,685,2026-07-28T03:13:36Z,en,"['English', 'Español', 'asmr', 'goddess', 'latina', 'tattoos', 'weed']",2026-07-28,12-25-31,Tuesday
317910176871,1298993446,scharo,499634,Crypto,684,2026-07-28T04:17:47Z,en,['English'],2026-07-28,12-25-31,Tuesday
318561703669,231079149,jacarepereira,509658,Just Chatting,684,2026-07-28T02:17:50Z,pt,['Português'],2026-07-28,12-25-31,Tuesday
320721463643,517392632,mynameryanc,33214,Fortnite,681,2026-07-28T02:18:09Z,en,['English'],2026-07-28,12-25-31,Tuesday
319634183004,207884217,joeknowsyt,2112738408,NBA 2K26,680,2026-07-28T03:30:57Z,en,['English'],2026-07-28,12-25-31,Tuesday
317099119479,163830836,seereaxtv,1826300051,Mario Kart World,676,2026-07-28T01:21:42Z,en,"['English', 'plantbased']",2026-07-28,12-25-31,Tuesday
320548412377,453880006,eggsterr,516575,VALORANT,669,2026-07-27T23:14:44Z,en,['English'],2026-07-28,12-25-31,Tuesday
319632168796,581410479,spoonerdawg,509658,Just Chatting,668,2026-07-28T01:22:12Z,en,['English'],2026-07-28,12-25-31,Tuesday
317745609176,976310259,intoxicatedgamer,461221,MARVEL Contest of Champions,667,2026-07-28T04:29:43Z,en,"['SinglePlayer', 'ccp', 'chill', 'English', 'mcoc', 'marvel', 'mcoclivestream', 'mcocbgs', 'MarvelContestOfChampions', 'DropsEnabled']",2026-07-28,12-25-31,Tuesday
316237540082,878179800,meica05,515025,Overwatch,657,2026-07-28T03:03:55Z,es,"['VtuberES', 'Vtuber', 'VtuberJP', 'Meica', 'Japanese日本語', 'japonés', 'Español', 'CharlaLibre', '日本語', 'DropsActivados']",2026-07-28,12-25-31,Tuesday
318634397399,247301435,slater,512710,Call of Duty: Warzone,656,2026-07-28T01:17:22Z,en,"['English', 'trolling', 'callofduty', 'voicechanger', 'arcraiders', 'arc', 'controller', 'cooking']",2026-07-28,12-25-31,Tuesday
319568448094,492779169,xoaeriel,116747788,"Pools, Hot Tubs, and Beaches",653,2026-07-27T22:56:44Z,en,"['English', 'Germany', 'France', 'ADHD', 'blonde']",2026-07-28,12-25-31,Tuesday
319699123936,597184343,meat,709941216,Endacopia,646,2026-07-28T02:07:45Z,en,"['Vtuber', 'Green', 'silly', 'English']",2026-07-28,12-25-31,Tuesday
318623785844,1394295142,jpcadeirante,32399,Counter-Strike,645,2026-07-27T23:16:18Z,pt,"['Português', 'counterstrike', 'cs']",2026-07-28,12-25-31,Tuesday
318635365079,1290940299,rdcdyl,1036710512,Palworld,644,2026-07-28T02:29:31Z,en,"['English', 'rdcgaming', 'dylanrdc', 'rdcworld1', 'RDCWorld']",2026-07-28,12-25-31,Tuesday
318626503028,14331981,ryoran,2030977008,Avatar Legends: The Fighting Game,640,2026-07-28T03:23:48Z,pt,"['torneio', 'campeonato', 'Português', 'jogosdeluta', 'StreetFighter6', 'NoBackseating', 'chunli', 'proplayer', 'streetfighter', '2XKO']",2026-07-28,12-25-31,Tuesday
319628371036,212682921,bobbypoffgaming,512710,Call of Duty: Warzone,635,2026-07-27T21:44:25Z,en,"['ScarfSquad', '7tv', 'English']",2026-07-28,12-25-31,Tuesday
316583690324,159974499,poka,32399,Counter-Strike,631,2026-07-28T02:58:24Z,ru,['Русский'],2026-07-28,12-25-31,Tuesday
316583585876,805929546,cozart_2s1,32399,Counter-Strike,630,2026-07-28T01:58:01Z,ru,['Русский'],2026-07-28,12-25-31,Tuesday
317341447396,150783395,jennyyl,516575,VALORANT,629,2026-07-28T00:51:32Z,fr,"['Français', 'JennyyL', 'streameuse', 'multigaming', 'valorant']",2026-07-28,12-25-31,Tuesday
318624014068,225943943,mandymess,458443,Alien: Isolation,627,2026-07-27T23:35:43Z,pt,"['LGBT', 'DragQueen', 'Português', 'DBDcreator']",2026-07-28,12-25-31,Tuesday
318552972149,246149775,jorge,509658,Just Chatting,626,2026-07-27T01:06:55Z,pt,['Português'],2026-07-28,12-25-31,Tuesday
315848165096,245910945,sinuuki,509658,Just Chatting,622,2026-07-28T03:07:39Z,en,"['Tomboy', 'Vtuber', 'Australia', 'Horror', 'ASMR', 'Autism', 'ADHD', 'English', 'cringe', 'mud']",2026-07-28,12-25-31,Tuesday
319571541470,81672274,fleshy,251561416,Feed The Pit,620,2026-07-28T01:48:14Z,en,"['English', 'fleshenjoyer', 'catgirl', 'youarestuckherenow', 'menace2society', 'art', 'Chatty', 'Freak', 'Vtuber', 'Latino']",2026-07-28,12-25-31,Tuesday
316236958194,256964489,recaplol1,21779,League of Legends,607,2026-07-27T22:50:26Z,ja,"['日本語', '質問してもいいですか確認なくても質問してOK', 'lol', 'MID', '対ありコメントx', 'ごめん禁止', '怖い禁止']",2026-07-28,12-25-31,Tuesday
319623702364,216400079,oshakonig,33214,Fortnite,605,2026-07-27T13:03:48Z,en,"['MUSICARTIST', 'PartneredStreamer', 'FortniteGamplay', 'asianjeff', 'English', 'FORTNITEZEROBUIILDS', 'FNCS', 'peterbot', 'EpicCreator', 'clix']",2026-07-28,12-25-31,Tuesday
315847984232,26766376,q158688920,509672,IRL,605,2026-07-28T01:32:30Z,zh,"['中文', 'gamer']",2026-07-28,12-25-31,Tuesday
320554726617,158126658,littlespacerock,491487,Dead by Daylight,604,2026-07-28T03:58:09Z,en,['English'],2026-07-28,12-25-31,Tuesday
318634392791,529705123,shvfty__,32982,Grand Theft Auto V,601,2026-07-28T01:17:01Z,en,['English'],2026-07-28,12-25-31,Tuesday
320611166426,214337266,honeyxxo,491931,Escape from Tarkov,595,2026-07-28T02:41:25Z,en,"['English', 'fps', 'gamergirl', 'subathon', 'hottub']",2026-07-28,12-25-31,Tuesday
317099747191,497124700,shizunara,511224,Apex Legends,592,2026-07-28T02:45:31Z,zh,"['中文', 'English', '日本勉強中', '启用掉宝']",2026-07-28,12-25-31,Tuesday
316583781972,506447495,closetape,32399,Counter-Strike,587,2026-07-28T03:58:04Z,ru,['Русский'],2026-07-28,12-25-31,Tuesday
320550851289,129108719,girlofnox,509658,Just Chatting,586,2026-07-28T01:05:30Z,es,"['Juegos', 'minecraft', 'irl', 'Español', 'IRL']",2026-07-28,12-25-31,Tuesday
320713239003,244693730,sardaco,459931,Old School RuneScape,584,2026-07-27T19:03:06Z,en,"['English', 'ironman']",2026-07-28,12-25-31,Tuesday
317099707127,132214615,whithblade,417528,Albion Online,583,2026-07-28T02:40:13Z,es,"['Español', 'México', 'DropsActivados']",2026-07-28,12-25-31,Tuesday
320611140186,320878,protonjon,4162,Donkey Kong Country 3: Dixie Kong's Double Trouble!,581,2026-07-28T02:40:18Z,en,"['English', 'Canada', 'Retro', 'Modern', 'Variety', 'AcquiredTaste', 'FlyFree', 'Glitched', 'PsychologicalHorror', 'TechnicalDifficulties']",2026-07-28,12-25-31,Tuesday
317743083480,21827001,jcbackfire,1089655891,PERSONA3 RELOAD,581,2026-07-27T23:38:17Z,en,"['English', 'reaction', 'firsttimeplaying', 'jcbackfire']",2026-07-28,12-25-31,Tuesday
315888515689,445861017,themaindevent,509511,Marbles on Stream,580,2026-07-28T03:23:38Z,en,"['English', 'CallofdutyANZ', 'DropsEnabled']",2026-07-28,12-25-31,Tuesday
318624442100,159239195,sabrinoca,509658,Just Chatting,580,2026-07-28T00:12:17Z,pt,['Português'],2026-07-28,12-25-31,Tuesday
318051097445,438251390,sickemoangel,509658,Just Chatting,577,2026-07-27T21:36:56Z,de,"['Cosplay', 'Frau', 'Borderline', 'anime', 'Depression', 'Deutsch', 'English', 'MentalHealth', 'Dance', 'Birthday']",2026-07-28,12-25-31,Tuesday
319633755356,237528876,paigethewitch,1036710512,Palworld,573,2026-07-28T02:58:48Z,en,"['English', 'Woman', 'cats', 'adhd', 'girl', 'solo', 'palworld', 'DropsEnabled', 'drops']",2026-07-28,12-25-31,Tuesday
318637502551,68263888,merl61,1435206302,Slay the Spire II,569,2026-07-28T04:59:03Z,en,['English'],2026-07-28,12-25-31,Tuesday
317099578615,10217631,patty,552900574,Dive or Die: Children of Rain,566,2026-07-28T02:23:28Z,en,"['Bald', 'Masculine', 'GigaChad', 'Nobackseating', 'English', 'NoHints', 'NoHelp', 'NoHelpUnlessAsked', 'MONKEY']",2026-07-28,12-25-31,Tuesday
316293644659,264909001,kagura0mea,511224,Apex Legends,565,2026-07-28T05:09:14Z,ja,"['Vtuber', '日本語', '新人Vtuber', 'Drops有効']",2026-07-28,12-25-31,Tuesday
318488840822,42382433,el_persa,21779,League of Legends,563,2026-07-28T01:12:23Z,es,"['Troll', 'LeagueofLegends', 'Persa', 'Español', 'ImperioIZI', 'ADC', 'Vayne', 'Kalista', 'Teemo', 'chat']",2026-07-28,12-25-31,Tuesday
320604974810,175637409,miffoo,490377,Sea of Thieves,562,2026-07-27T22:00:06Z,en,"['English', 'DropsEnabled']",2026-07-28,12-25-31,Tuesday
317904302439,1117150465,zockenlive,32399,Counter-Strike,555,2026-07-27T16:00:40Z,pl,"['counterstrike', 'Friendly', 'Positive', 'genius', 'amazing', 'playingwithhviewers', 'german', 'Deutsch', 'Germany', 'Polski']",2026-07-28,12-25-31,Tuesday
318637405527,611238388,skyte,460630,Rainbow Six Siege,554,2026-07-28T04:51:12Z,en,['English'],2026-07-28,12-25-31,Tuesday
318633154007,782947440,policechasenetwork,509658,Just Chatting,554,2026-07-27T23:38:36Z,en,"['English', 'feet']",2026-07-28,12-25-31,Tuesday
317100689015,138034808,mayz,1678532194,EA Sports College Football 27,552,2026-07-28T04:39:53Z,en,"['competitive', 'gaming', 'madden', 'Football', 'trashtalk', 'challenge', 'collegefootball', 'English']",2026-07-28,12-25-31,Tuesday
320611043034,25743612,graycen,138585,Hearthstone,552,2026-07-28T02:36:09Z,en,"['Variety', 'English']",2026-07-28,12-25-31,Tuesday
319699068256,31457927,wanderdl,2132205352,Deadlock,547,2026-07-28T02:04:05Z,en,['English'],2026-07-28,12-25-31,Tuesday
320542157017,901615183,smokeyspo,32399,Counter-Strike,546,2026-07-27T16:00:39Z,pl,"['CSGO', 'source2', 'NaVi', 'AdinRoss', 'polish', 'Polska', 'polishstreamer', 'Polski', 'English']",2026-07-28,12-25-31,Tuesday
320544306777,28180821,onemanaleft,29307,Path of Exile,545,2026-07-27T19:01:56Z,en,"['English', 'DropsEnabled']",2026-07-28,12-25-31,Tuesday
320546569817,29558031,davemon,21779,League of Legends,544,2026-07-27T21:34:31Z,en,['English'],2026-07-28,12-25-31,Tuesday
317317060066,12585713,threedogg,18893,Metal Gear Solid 4: Guns of the Patriots,543,2026-07-28T00:56:32Z,en,"['English', 'NoBackseating']",2026-07-28,12-25-31,Tuesday
318621602804,206865739,zanfas_cenegal,29595,Dota 2,542,2026-07-27T19:11:11Z,pt,"['Português', 'RPG', 'SurvivaI', 'Futebol', 'dota', 'TDAH']",2026-07-28,12-25-31,Tuesday
317097958903,219184632,hackerling,181292138,Splatoon RAIDERS,541,2026-07-27T22:29:45Z,en,"['English', 'hackorling', 'sometimesvtuber', 'normalstreamer']",2026-07-28,12-25-31,Tuesday
318635680855,656441343,enemycharlie,509658,Just Chatting,541,2026-07-28T02:52:10Z,en,"['English', 'tolkien']",2026-07-28,12-25-31,Tuesday
320536946009,1305342529,theburntpeanut_247,499973,Always On,540,2026-07-27T03:51:31Z,en,"['English', 'VOD', 'Rerun', 'arcraiders', 'tobacco']",2026-07-28,12-25-31,Tuesday
317742390232,144264897,lvyeti,386821,Black Desert,539,2026-07-27T21:57:08Z,en,"['English', 'MixedRace', 'pngtuber', 'PMA', 'HighEnergy', 'BDOPartner', 'Kunoichi', 'MMORPG', 'BlackDesert', 'DropsEnabled']",2026-07-28,12-25-31,Tuesday
317309804642,1110808352,cineillojuan,499973,Always On,538,2026-07-27T08:48:44Z,es,"['Español', 'Repetir']",2026-07-28,12-25-31,Tuesday
320613415386,181258781,khanada_,498566,Slots,538,2026-07-28T04:37:17Z,en,['English'],2026-07-28,12-25-31,Tuesday
317746021208,131439149,supcaitlin,509658,Just Chatting,537,2026-07-28T05:17:08Z,en,"['English', 'feet', 'Asian', 'Furry', 'DropsEnabled']",2026-07-28,12-25-31,Tuesday
316237739762,579023039,momoti1234,181292138,Splatoon RAIDERS,537,2026-07-28T04:18:00Z,ja,"['日本語', 'オープンレック', 'ハラバリー', 'マリオカート', 'もんてぃもーる', 'タキシードサム']",2026-07-28,12-25-31,Tuesday
317099924215,418032275,whoajaco,1554543571,Photomaly,537,2026-07-28T03:08:33Z,en,['English'],2026-07-28,12-25-31,Tuesday
319698227936,936172979,onlylarryking,509672,IRL,535,2026-07-28T01:15:33Z,en,"['English', 'Date', 'datenight', 'larryking', 'alexis']",2026-07-28,12-25-31,Tuesday
318490219766,188070695,coezinr,509658,Just Chatting,532,2026-07-28T03:34:39Z,pt,"['Português', 'English', 'fps', 'MOBA']",2026-07-28,12-25-31,Tuesday
318560251253,175903345,gragolandia1,21779,League of Legends,531,2026-07-28T00:08:25Z,pt,['Português'],2026-07-28,12-25-31,Tuesday
320723241435,48876235,pekinwoof,21779,League of Legends,529,2026-07-28T03:39:56Z,en,['English'],2026-07-28,12-25-31,Tuesday
315806789457,861485095,takopomaco,32399,Counter-Strike,529,2026-07-27T16:00:40Z,pl,"['CSGO', 'PlayingwithViewers', 'GamerCasual', 'polish', 'Polska', 'polishstreamer', 'Polski', 'diamond', 'English']",2026-07-28,12-25-31,Tuesday
317742478680,35978160,extremebreaker1,796500915,Halo: Campaign Evolved,525,2026-07-27T22:10:28Z,es,"['Español', 'English', 'DropsEnabled']",2026-07-28,12-25-31,Tuesday
317357984227,48245475,areslps,18122,World of Warcraft,525,2026-07-28T05:05:04Z,de,"['german', 'deutsch', 'variety', 'Deutsch', 'Giveaways', 'chill', 'chillout', 'wow', 'warcraft']",2026-07-28,12-25-31,Tuesday
317096816503,955173538,thelorr,2009321156,Dark and Darker,524,2026-07-27T19:00:02Z,en,"['English', 'DropsEnabled']",2026-07-28,12-25-31,Tuesday
317339602404,90250629,fakemonster,509658,Just Chatting,524,2026-07-27T20:16:57Z,fr,['Français'],2026-07-28,12-25-31,Tuesday
316293668211,69600926,entych,21779,League of Legends,524,2026-07-28T05:17:17Z,ja,"['日本語', 'ネタバレ禁止', '雑談', 'Chıll']",2026-07-28,12-25-31,Tuesday
316542645718,1091464669,legionave,1393304883,Mir Tankov,523,2026-07-28T03:13:05Z,ru,"['Русский', 'угараем', 'DropsВключены']",2026-07-28,12-25-31,Tuesday
318632401495,49974185,snakeeyez,2030977008,Avatar Legends: The Fighting Game,510,2026-07-27T22:32:11Z,en,"['English', 'EVO', 'Speed', 'Momentum', 'Action']",2026-07-28,12-25-31,Tuesday
318488839926,415637896,caaua,509658,Just Chatting,508,2026-07-28T01:12:20Z,pt,['Português'],2026-07-28,12-25-31,Tuesday
315847707752,48075193,hozitojones,18122,World of Warcraft,508,2026-07-27T22:49:32Z,en,"['English', 'WorldfofWarcraft', 'wow', 'Arena', 'Australia', 'RPG', 'AdventureGame', 'MMO', 'Action', 'Guatemala']",2026-07-28,12-25-31,Tuesday
316228923505,201393658,nyunkoro,509658,Just Chatting,508,2026-07-28T02:56:50Z,ja,"['vtuber', '日本語', '大御所', '〇〇すればいいのに禁止']",2026-07-28,12-25-31,Tuesday
319698513760,44158279,karq,512923,Baldur's Gate 3,506,2026-07-28T01:31:34Z,en,['English'],2026-07-28,12-25-31,Tuesday
317745637720,409319563,giwi,210472759,Shift at Midnight,504,2026-07-28T04:33:14Z,en,"['Vtuber', 'English', 'ENVtuber', 'WORM', 'dirt', 'soil', 'brainworms', 'HydraulicPress']",2026-07-28,12-25-31,Tuesday
315909204458,672957517,jeanfaymas,18846,Garry's Mod,502,2026-07-27T23:20:07Z,en,"['Vtuber', 'Tomboy', 'Australia', 'bakadere', 'English', 'Vershion', 'AUS', 'scifi']",2026-07-28,12-25-31,Tuesday
315848244584,157469268,p_tatotv,1264310518,Marvel Rivals,502,2026-07-28T03:49:54Z,en,"['marvelrivals', 'English', 'DropsEnabled']",2026-07-28,12-25-31,Tuesday
318562545525,931528115,mol2u,515474,NARAKA: BLADEPOINT,500,2026-07-28T04:03:02Z,en,"['English', 'spanish', 'NTE', 'NTEcreator', 'ntegameplay', 'DropsEnabled']",2026-07-28,12-25-31,Tuesday
318633196119,42320398,ramez05,1036710512,Palworld,499,2026-07-27T23:42:27Z,en,"['English', 'Filipino', 'Pinoy', 'giveaway', 'Blasian', 'kaicenat', 'palworld', 'DropsEnabled', 'palworldgameplay', 'palworldstream']",2026-07-28,12-25-31,Tuesday
319629718364,111882197,emilycc,509672,IRL,499,2026-07-27T23:09:55Z,en,"['English', 'subathon', 'ADHD', 'Marathon', 'girl', 'feet', 'Chatty', 'IRL', 'Travel', 'streameruniversity']",2026-07-28,12-25-31,Tuesday
316293426675,436730505,anninmiru_,1101086231,Pass the Fear,498,2026-07-28T03:50:41Z,zh,"['咪嚕', '杏仁咪嚕', '中文', '日本語']",2026-07-28,12-25-31,Tuesday
316293326707,159401590,alutemu_,138585,Hearthstone,497,2026-07-28T03:11:59Z,ja,"['日本語', 'バトグラ', 'バトルグラウンド']",2026-07-28,12-25-31,Tuesday
320723831131,97782954,gamergirl,21779,League of Legends,496,2026-07-28T04:12:40Z,en,['English'],2026-07-28,12-25-31,Tuesday
318490732406,971066889,pintaddo,29452,Virtual Casino,493,2026-07-28T05:04:07Z,pt,"['Português', 'English', 'Inglês', 'virtualcasino']",2026-07-28,12-25-31,Tuesday
317744972376,863531160,mintydewvt,509659,ASMR,492,2026-07-28T03:22:02Z,es,"['Español', 'English', 'Mujer', 'Vtuber', 'Latina', 'ASMR']",2026-07-28,12-25-31,Tuesday
317099209335,588999119,fuzhpuzy,468533702,Soulframe,491,2026-07-28T01:34:10Z,en,"['English', 'Woman', 'Canada', 'Persian', 'Cosplay', 'FirstPlayThrough', 'backseating', 'Chatty', 'Interactive', 'RPG']",2026-07-28,12-25-31,Tuesday
316542725846,23480748,guru,1264310518,Marvel Rivals,489,2026-07-28T04:00:27Z,en,"['Educational', 'English', 'tank', 'Coaching', 'marvelrivals', 'timthetatman', 'OAA', 'gale', 'DropsEnabled']",2026-07-28,12-25-31,Tuesday
318562608373,1078197656,nokan777,29452,Virtual Casino,488,2026-07-28T04:15:32Z,pt,['Português'],2026-07-28,12-25-31,Tuesday
316512952917,1494809983,malrlne_doto_7500,29595,Dota 2,487,2026-07-28T03:42:57Z,ru,['Русский'],2026-07-28,12-25-31,Tuesday
318559347829,99584389,filiperaaamos,278441117,Assassin's Creed Black Flag Resynced,486,2026-07-27T22:49:00Z,pt,"['Português', 'DropsAtivados']",2026-07-28,12-25-31,Tuesday
319629444828,137077628,marcdeezyy,1264310518,Marvel Rivals,481,2026-07-27T22:55:47Z,en,"['English', 'dropsenabled', 'DropsEnabled']",2026-07-28,12-25-31,Tuesday
320720834651,31894912,delt4forc3,510202,Contraband Police,481,2026-07-28T01:53:13Z,es,"['Vtuber', 'drops', 'Español']",2026-07-28,12-25-31,Tuesday
320552082009,28379957,mrllamasc,1788326126,Diablo II: Resurrected,481,2026-07-28T01:57:50Z,en,"['English', 'Positive', 'FamilyFriendly', 'Speedrunner', 'Speedrun']",2026-07-28,12-25-31,Tuesday
318562498037,674862312,zec4w,32399,Counter-Strike,478,2026-07-28T03:55:49Z,pt,['Português'],2026-07-28,12-25-31,Tuesday
315805865809,234041548,polita,1448964995,ARKNIGHTS: ENDFIELD,476,2026-07-27T10:11:16Z,en,"['English', 'DropsEnabled']",2026-07-28,12-25-31,Tuesday
317744817752,800722031,geologyshi,509672,IRL,472,2026-07-28T03:05:37Z,en,"['English', 'funny', 'geologyshi', 'IRL']",2026-07-28,12-25-31,Tuesday
319631557340,116377450,japaneseexport,415998825,Guildrun,472,2026-07-28T00:49:58Z,en,"['English', 'Roguelike', 'BackseatingAllowed']",2026-07-28,12-25-31,Tuesday
320718288475,56625428,sentry,65632,DayZ,470,2026-07-28T00:03:24Z,en,"['English', 'Improv', 'VoiceActing', 'Comedy', 'Roleplay']",2026-07-28,12-25-31,Tuesday
317097668087,660555943,jayunmatched,509658,Just Chatting,470,2026-07-27T21:42:07Z,en,"['justchatting', 'd10', 'English']",2026-07-28,12-25-31,Tuesday
317096492023,649885352,kattpaccino,498592,I'm Only Sleeping,470,2026-07-27T17:41:10Z,en,"['kattpaccino', 'English', 'Funny', 'irl', 'blonde', 'tryonhaul', 'DropsEnabled']",2026-07-28,12-25-31,Tuesday
320720883803,519650598,crazymangovr,499003,VRChat,467,2026-07-28T01:55:18Z,en,['English'],2026-07-28,12-25-31,Tuesday
317904516583,45912780,mistafaker,509658,Just Chatting,467,2026-07-27T16:18:55Z,ru,['Русский'],2026-07-28,12-25-31,Tuesday
319569493214,70941755,pizzahs,138585,Hearthstone,466,2026-07-27T23:55:48Z,en,"['English', 'hearthstone']",2026-07-28,12-25-31,Tuesday
318562704117,748361965,ziriguidum777,29452,Virtual Casino,463,2026-07-28T04:33:13Z,pt,['Português'],2026-07-28,12-25-31,Tuesday
317099809143,256788013,cloudyatnight,511224,Apex Legends,463,2026-07-28T02:54:20Z,en,"['chill', 'ash', 'cloudy', 'English', 'vibe', 'DropsEnabled']",2026-07-28,12-25-31,Tuesday
320548067545,246097196,cygnusxy,500188,Hunt: Showdown 1896,461,2026-07-27T22:58:32Z,en,"['English', 'crytek', 'Multiplayer', 'horror', 'pvp', 'chill', 'AMA', 'DropsEnabled']",2026-07-28,12-25-31,Tuesday
318485522806,30458295,frttt,509658,Just Chatting,461,2026-07-27T19:51:38Z,pt,"['Português', 'DropsAtivados']",2026-07-28,12-25-31,Tuesday
320723315547,702351590,karhus,21779,League of Legends,460,2026-07-28T03:44:07Z,en,"['English', 'Karthus', 'Challenger', 'Canada']",2026-07-28,12-25-31,Tuesday
317098728439,63029227,melizande,509663,Special Events,460,2026-07-28T00:26:23Z,en,"['English', 'Vtuber', 'VoiceActing', 'Anime', 'Gamer', 'Comfy', 'Female', 'ENVtuber', 'Misfit', 'Melizande']",2026-07-28,12-25-31,Tuesday
320609596250,190130052,goatr2,33214,Fortnite,459,2026-07-28T01:34:47Z,en,"['English', 'tiktok', 'fortnıte', 'Dad', 'Nurse']",2026-07-28,12-25-31,Tuesday
318113988454,908692806,wolfercs,498566,Slots,459,2026-07-27T16:00:40Z,pl,"['csgo', 'English', 'gaming', 'gamer', 'Polski', 'Polak', 'Poland', 'polandstream', 'ishowspeed']",2026-07-28,12-25-31,Tuesday
318558478197,1101181439,cirilobang,32982,Grand Theft Auto V,458,2026-07-27T21:23:25Z,pt,"['Cirilo', 'Português', 'Brasil', 'Brasileiro', 'rp', 'caim', 'capitalcity', 'capital', 'pantanal']",2026-07-28,12-25-31,Tuesday
318636324439,590397583,aozami,509658,Just Chatting,456,2026-07-28T03:36:14Z,en,"['sharkussy', 'English', 'IRL', 'streameruniversity']",2026-07-28,12-25-31,Tuesday
316292044147,199842204,noe_147,509658,Just Chatting,456,2026-07-27T17:34:54Z,zh,['中文'],2026-07-28,12-25-31,Tuesday
318052503525,45188531,welderb,10775,S.T.A.L.K.E.R.: Shadow of Chernobyl,451,2026-07-28T02:19:47Z,ru,"['stalker', 'сталкер', 'Русский']",2026-07-28,12-25-31,Tuesday
319630535260,44741426,streamerhouse,504463,Tom Clancy's The Division 2,450,2026-07-27T23:55:44Z,en,"['Marathon', 'AlwaysOn', 'Subathon', 'StreamerHouse', 'English', '24hr', '247Stream', 'live', 'AMA', 'DropsEnabled']",2026-07-28,12-25-31,Tuesday
320720228699,181293545,rociodta,516575,VALORANT,450,2026-07-28T01:27:35Z,es,"['Español', 'rociodta', 'rocio', 'Merida']",2026-07-28,12-25-31,Tuesday
315356078062,139417491,woojungx4,509658,Just Chatting,449,2026-07-27T15:14:29Z,ko,"['한국어', 'eng', 'english', 'dance', 'kpop']",2026-07-28,12-25-31,Tuesday
318489019638,185294744,ghoul33_,516575,VALORANT,447,2026-07-28T01:28:15Z,pt,"['Português', 'English', 'Español', 'Reposição']",2026-07-28,12-25-31,Tuesday
320610194394,31819679,birdieboba,509659,ASMR,446,2026-07-28T02:00:23Z,en,"['SheHer', 'Gremlin', 'Vtuber', 'English', 'cozy', 'ComfyChaotic', 'asmr', 'handcam', '3Dio']",2026-07-28,12-25-31,Tuesday
319632488796,1173965512,jaadezz,417528,Albion Online,444,2026-07-28T01:40:06Z,es,"['Español', 'Argentina', 'Peru', 'Mexico', 'PvP', 'chill', 'TikToks', 'youtube', 'AlbionOnline', 'AlbionOnlineDrops']",2026-07-28,12-25-31,Tuesday
317099662711,186531172,gamstergaming,509658,Just Chatting,443,2026-07-28T02:34:21Z,es,"['Vtuber', 'funnymoments', 'oneesanhunter', 'grannyhunter', 'boyoyoinghunter', 'Español', 'MaleVtuber', 'English']",2026-07-28,12-25-31,Tuesday
318052811621,1080240819,skiziko,32399,Counter-Strike,443,2026-07-28T03:59:21Z,ru,"['Русский', 'длявзрослых', 'длявзроослых', 'азартныеигры', 'азартныеигры']",2026-07-28,12-25-31,Tuesday
320600702810,41792596,gunnermaniac,13332,Pokémon FireRed/LeafGreen,442,2026-07-27T16:59:58Z,en,"['English', 'anime', 'speedrunning', 'WRAttempts']",2026-07-28,12-25-31,Tuesday
320714988891,38368793,iriskpvp,263490,Rust,439,2026-07-27T21:03:23Z,en,"['English', '2k', '2560x1440', 'HighResolution', 'DropsEnabled']",2026-07-28,12-25-31,Tuesday
317743911256,39842292,nandre,509658,Just Chatting,439,2026-07-28T01:21:12Z,en,['English'],2026-07-28,12-25-31,Tuesday
317910268007,30685577,bsgmarathon,1548985796,Metroid: Zero Mission,438,2026-07-28T04:48:07Z,en,"['Speedrun', 'Fundraising', 'MIND', 'English', 'ChallengeRun', 'CharityStream', 'CharityFundraiser', 'Marathon', 'CharityEvent']",2026-07-28,12-25-31,Tuesday
316228942449,213192023,mrtenzouez,516575,VALORANT,438,2026-07-28T03:04:14Z,ja,"['VALORANＴ', '雑談', '日本語', 'English']",2026-07-28,12-25-31,Tuesday
319561267294,1425176207,juntaurgente,1398657661,Anime Squad,437,2026-07-27T06:31:24Z,es,"['Español', 'ANHQV', 'juancuesta', 'juntaurgentee', 'AlwaysOn', 'radiopatio']",2026-07-28,12-25-31,Tuesday
315909303530,95837807,mayberuu,509660,Art,436,2026-07-28T00:18:57Z,zh,"['中文', '可聊天', '繪畫委託']",2026-07-28,12-25-31,Tuesday
319633951964,223010731,bigiraq,32982,Grand Theft Auto V,436,2026-07-28T03:12:48Z,en,['English'],2026-07-28,12-25-31,Tuesday
318623837428,280036741,rafaao,32982,Grand Theft Auto V,432,2026-07-27T23:20:04Z,pt,"['Português', 'rp', 'OESTERP', 'oeste']",2026-07-28,12-25-31,Tuesday
320722444635,104216179,xchronofox,21779,League of Legends,432,2026-07-28T03:01:11Z,es,['Español'],2026-07-28,12-25-31,Tuesday
316511397973,66628850,arrav,509658,Just Chatting,430,2026-07-27T19:30:38Z,en,"['English', 'Norway', 'powerlifter', 'Travel', 'IRL', 'Adventure', 'Survival']",2026-07-28,12-25-31,Tuesday
320604217946,1313785781,nectarmr,1264310518,Marvel Rivals,428,2026-07-27T21:14:25Z,en,"['drops', 'ladybug', 'rank1', 'music', 'nectar', 'egirl', 'thanos', 'psylocke', 'OAA', 'English']",2026-07-28,12-25-31,Tuesday
317307293154,622498423,otplol_,21779,League of Legends,427,2026-07-26T20:52:11Z,fr,"['Français', 'DropsActivés']",2026-07-28,12-25-31,Tuesday
319632843612,579106339,deputysmitty,32982,Grand Theft Auto V,424,2026-07-28T02:00:39Z,en,['English'],2026-07-28,12-25-31,Tuesday
318626056308,59336873,fnxlntc,32399,Counter-Strike,424,2026-07-28T02:35:12Z,pt,['Português'],2026-07-28,12-25-31,Tuesday
317742173144,42297683,aceofspades,515025,Overwatch,423,2026-07-27T21:22:44Z,en,"['English', 'DropsEnabled']",2026-07-28,12-25-31,Tuesday
320608100314,1111930352,socksish,491487,Dead by Daylight,422,2026-07-28T00:34:01Z,en,"['Golf', 'dbd', 'comfy', 'English', 'Chatty', 'SurvivorMain', 'dontshowmeyourtoes', 'dbdcreator', 'sillymaxxing']",2026-07-28,12-25-31,Tuesday
318636695895,30258310,mitchriz,512953,ELDEN RING,420,2026-07-28T04:00:58Z,en,"['Speedrun', 'Educational', 'AnyPercent', 'GIGACHAD', 'English', 'worldrecord']",2026-07-28,12-25-31,Tuesday
319633125468,191159168,1800johan,509658,Just Chatting,420,2026-07-28T02:17:21Z,en,"['English', '1800johan', 'kawaii', 'GoldenRetrieverEnergy']",2026-07-28,12-25-31,Tuesday
317744798680,1414788834,yoatzicastro,509672,IRL,420,2026-07-28T03:04:03Z,en,['English'],2026-07-28,12-25-31,Tuesday
317889581543,992986208,triplelift,21779,League of Legends,418,2026-07-26T06:39:58Z,en,['English'],2026-07-28,12-25-31,Tuesday
317733412312,7832442,rifftrax,499973,Always On,417,2026-07-26T18:31:49Z,en,['English'],2026-07-28,12-25-31,Tuesday
317910238311,72263162,quendya_,386821,Black Desert,416,2026-07-28T04:37:47Z,en,"['MMORPG', 'BDO', 'HelpingNewPlayers', 'Guides', 'English', 'DropsEnabled']",2026-07-28,12-25-31,Tuesday
315981577708,35677179,redrebell,29307,Path of Exile,416,2026-07-28T00:56:02Z,ru,"['Русский', 'Никита', 'PathOfExile', 'DropsВключены']",2026-07-28,12-25-31,Tuesday
317100865527,503014047,oxillery,509658,Just Chatting,416,2026-07-28T05:03:20Z,en,['English'],2026-07-28,12-25-31,Tuesday
317744792280,208768978,dopefacetv,516866,Stalzone,413,2026-07-28T03:03:31Z,en,"['English', 'OLD', 'STALZONE', 'CHUD', 'DropsEnabled']",2026-07-28,12-25-31,Tuesday
318547128181,181077473,gaules,31339,Project Zomboid,413,2026-07-26T08:59:00Z,pt,"['Português', 'DropsAtivados']",2026-07-28,12-25-31,Tuesday
317098796791,1255896,enable,1143686580,Gamble With Your Friends,412,2026-07-28T00:36:36Z,en,['English'],2026-07-28,12-25-31,Tuesday
315888474473,105946653,juzcook,460090,Subnautica,411,2026-07-28T03:03:40Z,en,"['Australian', 'Nintendo', 'HardMode', 'Mario', 'Kaizo', 'NoBackseating', 'English', 'MetalMusic']",2026-07-28,12-25-31,Tuesday
318488730358,645581790,sallesbet22,29452,Virtual Casino,411,2026-07-28T01:03:57Z,en,['English'],2026-07-28,12-25-31,Tuesday
319698044000,124992464,mastermarkvgc,1931693784,Pokémon Champions,411,2026-07-28T01:05:34Z,en,"['English', 'VGC', 'Competitive', 'Pokémon']",2026-07-28,12-25-31,Tuesday
316582723028,57116735,mistercop,498592,I'm Only Sleeping,410,2026-07-27T21:03:38Z,ru,"['Русский', 'Шизофрения', 'Социопатия', 'фокусы']",2026-07-28,12-25-31,Tuesday
319632940636,178238725,aircool,21779,League of Legends,410,2026-07-28T02:05:59Z,en,['English'],2026-07-28,12-25-31,Tuesday
318625389684,39027013,coloniacontraatacalive,27284,Retro,407,2026-07-28T01:30:06Z,pt,"['retro', 'meme', 'ColoniaContraAtaca', 'Wison', 'liveeditada', 'Português', 'challenge', 'N64']",2026-07-28,12-25-31,Tuesday
318637113943,520731417,janifest,509658,Just Chatting,406,2026-07-28T04:29:58Z,en,"['ASMR', 'ADHD', 'English', 'Software', 'Music', 'Asian', 'Filipino']",2026-07-28,12-25-31,Tuesday
317895892967,80629581,deemonrider,329951934,Pokémon Community Game,402,2026-07-26T18:22:13Z,en,"['Chatting', 'English']",2026-07-28,12-25-31,Tuesday
316532023894,30175806,vetal_911,27284,Retro,402,2026-07-26T14:11:26Z,ru,['Русский'],2026-07-28,12-25-31,Tuesday
316228707569,133605562,heteeel,21779,League of Legends,400,2026-07-28T01:27:56Z,ja,['日本語'],2026-07-28,12-25-31,Tuesday
318624012148,487205170,purrjectyui,509658,Just Chatting,399,2026-07-27T23:35:33Z,es,"['Español', 'Chile', 'Vtuber', 'latinoamerica', 'Valo', 'VALORANT', 'Valorant']",2026-07-28,12-25-31,Tuesday
317099767671,90229091,extesyy,511224,Apex Legends,397,2026-07-28T02:48:49Z,en,"['English', 'gaming', 'egirl', 'eboygamer', 'feet', 'mommyasmr', 'DropsEnabled']",2026-07-28,12-25-31,Tuesday
317096431863,549835405,sndylan,34134,Call of Duty: Black Ops II,397,2026-07-27T17:25:24Z,en,['English'],2026-07-28,12-25-31,Tuesday
320722938715,618160134,bigdjghost,509658,Just Chatting,395,2026-07-28T03:24:13Z,en,['English'],2026-07-28,12-25-31,Tuesday
318561832181,1030821601,lodk7777,509672,IRL,392,2026-07-28T02:31:26Z,pt,['Português'],2026-07-28,12-25-31,Tuesday
318626662260,95147903,pkennys,29452,Virtual Casino,392,2026-07-28T03:46:04Z,pt,"['CS2', 'Brasil', 'Alemanha', 'frança', 'Colombia', 'Português']",2026-07-28,12-25-31,Tuesday
317341481700,228169565,velvet_7,509658,Just Chatting,392,2026-07-28T01:02:15Z,en,"['English', 'korean', 'Dance', 'irl', 'Girl', 'Japanese', 'cooking']",2026-07-28,12-25-31,Tuesday
315848140392,195047234,dragneel_fh,29595,Dota 2,390,2026-07-28T02:54:28Z,ru,"['Русский', 'dota', 'dota2', 'дота']",2026-07-28,12-25-31,Tuesday
320553018969,449091900,stephaniemx_,796500915,Halo: Campaign Evolved,389,2026-07-28T02:36:11Z,es,"['Español', 'DropsActivados']",2026-07-28,12-25-31,Tuesday
316512837077,85281492,dede_of,32399,Counter-Strike,388,2026-07-28T02:32:05Z,ru,"['Русский', 'English', 'cs', 'CS2', 'faceit', 'prem']",2026-07-28,12-25-31,Tuesday
316513030485,205834804,shuva1ord,138585,Hearthstone,388,2026-07-28T04:24:20Z,ru,"['апм', 'drops', 'абузер', 'Русский']",2026-07-28,12-25-31,Tuesday
316512358613,136852283,etozhegulman,509658,Just Chatting,386,2026-07-27T22:44:33Z,ru,['Русский'],2026-07-28,12-25-31,Tuesday
318052949093,157313528,zumi,509658,Just Chatting,386,2026-07-28T04:42:21Z,en,"['Food', 'Travel', '日本語', 'English', 'Japanese', 'IRL', 'justchatting']",2026-07-28,12-25-31,Tuesday
317341539940,1152050684,rglqq,168648543,Battlefield 6,385,2026-07-28T01:22:21Z,en,"['English', 'Charity', 'DropsEnabled']",2026-07-28,12-25-31,Tuesday
318119573478,76686469,lizzarddota2,29595,Dota 2,384,2026-07-28T03:52:35Z,en,"['English', 'dota2']",2026-07-28,12-25-31,Tuesday
319568002526,205733559,sierrasprague,509658,Just Chatting,381,2026-07-27T22:28:34Z,en,['English'],2026-07-28,12-25-31,Tuesday
319569364574,216161144,imexile,29307,Path of Exile,381,2026-07-27T23:48:56Z,en,"['English', 'DropsEnabled']",2026-07-28,12-25-31,Tuesday
318625559796,190427123,tekagaming_,32399,Counter-Strike,380,2026-07-28T01:46:00Z,pt,['Português'],2026-07-28,12-25-31,Tuesday
316237438578,52732546,yoshiakilol,21779,League of Legends,380,2026-07-28T02:21:04Z,ja,['日本語'],2026-07-28,12-25-31,Tuesday
320719084635,435562732,drsunscreen,515025,Overwatch,379,2026-07-28T00:39:21Z,en,"['English', 'DropsEnabled']",2026-07-28,12-25-31,Tuesday
320613910746,412979136,yothatsej,2112738408,NBA 2K26,378,2026-07-28T05:09:43Z,en,"['English', 'Basketball', 'gta', 'IRL', 'funny', 'Esports', 'PlayingwithViewers', 'fps', 'NBA', 'justchatting']",2026-07-28,12-25-31,Tuesday
318635588055,723083994,teanyheals,509659,ASMR,375,2026-07-28T02:45:36Z,en,"['Woman', 'English', 'Cozy', 'chill', 'quiet', 'calm', 'ASMR', 'ASMRvisual', 'asmrsounds']",2026-07-28,12-25-31,Tuesday
317097865079,26551727,mang0,65627,I Wanna Be the Boshy,373,2026-07-27T22:12:52Z,en,['English'],2026-07-28,12-25-31,Tuesday
317093505527,1131600178,lirik_247,499973,Always On,369,2026-07-27T03:48:24Z,en,"['English', 'lirik', 'Variety', 'Rerun']",2026-07-28,12-25-31,Tuesday
320553416153,28377671,temp,1820378900,Resident Evil 4,369,2026-07-28T02:54:12Z,en,['English'],2026-07-28,12-25-31,Tuesday
320601832154,560547447,ghouly,500188,Hunt: Showdown 1896,367,2026-07-27T18:32:08Z,en,"['English', 'Hispanic', 'egirl', 'ADHD', 'Horror', 'Cosplay', 'DropsEnabled']",2026-07-28,12-25-31,Tuesday
316542641366,821043945,pinkkdemon,509658,Just Chatting,367,2026-07-28T03:11:05Z,ru,"['Аниме', 'общение', 'Русский', 'IRL', 'девушка', 'тяночка', 'English', 'girl']",2026-07-28,12-25-31,Tuesday
320555177305,92858368,autolykuslol,21779,League of Legends,366,2026-07-28T04:24:21Z,en,"['English', 'sett', 'gaming', 'Mordekaiser']",2026-07-28,12-25-31,Tuesday
319695284704,22916751,bajheera,18122,World of Warcraft,364,2026-07-27T22:26:28Z,en,"['English', 'Warrior']",2026-07-28,12-25-31,Tuesday
317744490072,240261672,spaceyeen,489721,Resident Evil 0,364,2026-07-28T02:29:55Z,en,"['Furry', 'Horror', 'RPG', 'English', 'LGBT', 'Cozy', 'Gay', 'helpimtrappedinsidetwitch', 'Vtuber', 'Trans']",2026-07-28,12-25-31,Tuesday
318623425908,52614128,thedarkness,1820839024,MECCHA CHAMELEON,363,2026-07-27T22:44:09Z,pt,"['cs', 'battlefield', 'couterstrike', 'Português', 'gta', 'GTARP', 'forza', 'GTARP']",2026-07-28,12-25-31,Tuesday
318634566231,143646010,luckychamu,512710,Call of Duty: Warzone,362,2026-07-28T01:30:08Z,en,"['English', 'ADHD', 'warzone', 'rebirth']",2026-07-28,12-25-31,Tuesday
318487845494,42686036,lolmechs,1534124527,Five Hearts Under One Roof,362,2026-07-27T23:48:16Z,es,"['Vtuber', 'Sumiso', 'Qlon', 'Furry', 'Tsundere', 'Goodboy', 'Calvo', 'ASMR', 'EvasorDeImpuestos', 'Therian']",2026-07-28,12-25-31,Tuesday
318636395223,28344564,agbin3r,3123,Barbie,362,2026-07-28T03:41:10Z,es,['Español'],2026-07-28,12-25-31,Tuesday
316541691990,1305266011,shamixx,401587136,Arena Breakout: Infinite,362,2026-07-27T21:11:17Z,en,"['Gaming', 'ShamiXX', 'English', 'ArenaBreakoutPC', 'arenabreakoutinfinite', 'drops', 'DropsEnabled']",2026-07-28,12-25-31,Tuesday
318045748965,932527968,armandoforcevod,499973,Always On,357,2026-07-27T14:13:46Z,en,"['English', 'drops', 'Badge', 'BadgeHunters']",2026-07-28,12-25-31,Tuesday
320611550682,802946044,heyyvance,66082,Games + Demos,355,2026-07-28T02:59:04Z,en,"['gaming', 'horrorgames', 'funny', 'loud', 'english', 'justchatting', 'reactions', 'storytimes', 'English']",2026-07-28,12-25-31,Tuesday
317092029047,884338173,ferretsoftware,272263131,"Animals, Aquariums, and Zoos",354,2026-07-27T00:23:22Z,en,"['Ferret', 'Tube', 'Long', 'Wiggler', 'CatSnake', 'Noodle', 'Stinky', 'English']",2026-07-28,12-25-31,Tuesday
319695752288,40043146,t666ommy,417528,Albion Online,353,2026-07-27T22:57:37Z,en,"['PvP', 'English', 'NA', 'DropsEnabled']",2026-07-28,12-25-31,Tuesday
318626973044,1047952456,steefao,29452,Virtual Casino,353,2026-07-28T04:35:55Z,pt,['Português'],2026-07-28,12-25-31,Tuesday
320611619546,247528195,grayskull83,27284,Retro,350,2026-07-28T03:01:59Z,en,"['English', 'Retro', 'Speedrun', 'NES', 'Drums', 'NEScathlon']",2026-07-28,12-25-31,Tuesday
318117945190,42163359,vulpeshd,278441117,Assassin's Creed Black Flag Resynced,349,2026-07-27T21:31:31Z,en,"['Vtuber', 'CuteEmotes', 'feet', 'armpit', 'Mute', 'English', 'forsen', 'DropsEnabled']",2026-07-28,12-25-31,Tuesday
319630306012,25220420,weak3n,511295,Predecessor,348,2026-07-27T23:42:29Z,en,['English'],2026-07-28,12-25-31,Tuesday
317907608551,748881142,kubabonus,498566,Slots,347,2026-07-27T20:10:40Z,de,['Deutsch'],2026-07-28,12-25-31,Tuesday
316542721750,15209689,pool,334866442,Lootbound,347,2026-07-28T03:57:25Z,ru,"['Русский', 'DropsВключены']",2026-07-28,12-25-31,Tuesday
320607714394,1325899111,357broadway,509658,Just Chatting,343,2026-07-28T00:17:27Z,en,"['English', 'justcchatting', 'openpanel', 'TwitchPartner']",2026-07-28,12-25-31,Tuesday
319699196256,230151386,bajiru_en,2748,Magic: The Gathering,341,2026-07-28T02:12:07Z,en,"['English', 'Vtuber', 'Karaoke', 'Singer', 'Jako']",2026-07-28,12-25-31,Tuesday
316541038422,818502545,balod9l,32399,Counter-Strike,340,2026-07-27T19:16:08Z,ru,"['Русский', 'хештегЗло', 'ЗлойСтрим', 'афкконтент', 'либераха', 'лицуха', 'алкаш', 'аниме']",2026-07-28,12-25-31,Tuesday
315909832170,194331558,august,515025,Overwatch,340,2026-07-28T04:43:00Z,en,"['Kiriko', 'Support', 'ADHD', 'English', 'Ana', 'Top500', 'Mean', 'Wholesome', 'Anime', 'DropsEnabled']",2026-07-28,12-25-31,Tuesday
318044539237,1106344955,r2onlineru,502829,R2 Online: Reign of Revolution,339,2026-07-27T11:54:55Z,ru,"['r2', 'R2Online', 'R2стрим', 'R2OnlineReignofRevolution', 'Русский']",2026-07-28,12-25-31,Tuesday
320541620697,135205522,eastonwins,29307,Path of Exile,338,2026-07-27T15:04:55Z,en,"['420', 'Dad', 'PVP', 'Vibe', 'English', 'DropsEnabled']",2026-07-28,12-25-31,Tuesday
320610193114,6659152,oroboro,512953,ELDEN RING,336,2026-07-28T02:00:21Z,en,['English'],2026-07-28,12-25-31,Tuesday
318487848950,52203144,gratis150ml,903469103,Batomon Showdown,336,2026-07-27T23:48:39Z,pt,"['Português', 'ragnarok', 'MMORPG', 'gratis150ml', 'lindo']",2026-07-28,12-25-31,Tuesday
317744848600,67852884,exbc,509672,IRL,336,2026-07-28T03:09:01Z,en,"['English', 'irl', 'travel', 'korea', 'cooking', 'mukbang', 'food']",2026-07-28,12-25-31,Tuesday
319689201120,31011227,castaway,116747788,"Pools, Hot Tubs, and Beaches",335,2026-07-27T08:47:48Z,en,"['princess', 'girl', 'mommy', 'cosplay', 'ADHD', 'catgirl', 'ASMR', 'goddess', 'English', 'findom']",2026-07-28,12-25-31,Tuesday
317910153191,22291444,zetalot,138585,Hearthstone,332,2026-07-28T04:08:53Z,en,"['hearthstone', 'priest', 'ranked', 'legend', 'English']",2026-07-28,12-25-31,Tuesday
318562744053,971837438,shuaazon,29452,Virtual Casino,332,2026-07-28T04:41:19Z,pt,['Português'],2026-07-28,12-25-31,Tuesday
318628857431,469158011,kayceeedilla,1264310518,Marvel Rivals,331,2026-07-27T14:30:43Z,en,"['filipino', 'asianamerican', 'Asian', 'Competitive', 'Ranked', 'trending', 'viral', 'marvelrivals', 'English', 'DropsEnabled']",2026-07-28,12-25-31,Tuesday
319698437856,118385536,achillefps,516575,VALORANT,328,2026-07-28T01:27:23Z,fr,"['Français', 'BR', 'Variety', 'fps', 'qc', 'RP', 'gta', 'Rust', 'IRL', 'react']",2026-07-28,12-25-31,Tuesday
320547808601,184581890,krinkz,512710,Call of Duty: Warzone,327,2026-07-27T22:45:44Z,en,['English'],2026-07-28,12-25-31,Tuesday
316293403251,679708594,friend44444,32399,Counter-Strike,326,2026-07-28T03:41:17Z,ru,"['Русский', '10lvlFACEIT', '3000elo', '4000elo', 'pro', 'proplayer', 'hltv']",2026-07-28,12-25-31,Tuesday
318620795892,58396936,arnaldodk,509658,Just Chatting,326,2026-07-27T16:54:08Z,pt,"['Português', 'Portugues', 'Portugal', 'react', 'cinedk', 'reacts', 'Brasileiro', 'Brasil']",2026-07-28,12-25-31,Tuesday
319629347292,22510310,gamesdonequick,1483574214,Games Done Quick,326,2026-07-27T22:50:38Z,en,"['English', 'Speedrun', 'Rerun']",2026-07-28,12-25-31,Tuesday
317099458551,616626768,blair,460636,Bloodborne,325,2026-07-28T02:07:47Z,en,"['English', 'Vampire', 'Horror', 'Yapper', 'goth', 'LGBTQIA', 'ADHD', 'fantasy', 'Cosplay', 'DarkFantasy']",2026-07-28,12-25-31,Tuesday
319568870878,114579205,hamy,516575,VALORANT,325,2026-07-27T23:20:05Z,en,['English'],2026-07-28,12-25-31,Tuesday
317356796131,161168700,zongoled0z0,21779,League of Legends,324,2026-07-27T22:32:50Z,fr,['Français'],2026-07-28,12-25-31,Tuesday
318634554327,435908187,raylene,1264310518,Marvel Rivals,324,2026-07-28T01:29:07Z,en,"['English', 'adamwarlock', 'marvelrivals', 'egirl', 'channelguest', 'DropsEnabled']",2026-07-28,12-25-31,Tuesday
320720815195,70298142,zaikiai,509658,Just Chatting,324,2026-07-28T01:52:24Z,en,"['Vtuber', 'Anime', 'Vtubers', 'Envtuber', 'English', 'Gremlin', 'Waifu', 'react', 'Unhinged', 'reaction']",2026-07-28,12-25-31,Tuesday
315883942505,14684169,poogf01,890558948,Torchlight: Infinite,324,2026-07-26T18:52:45Z,zh,['中文'],2026-07-28,12-25-31,Tuesday
317100711799,52900869,chrisudalla,509658,Just Chatting,323,2026-07-28T04:42:25Z,en,['English'],2026-07-28,12-25-31,Tuesday
317745070552,504098034,joechuck7,2132205352,Deadlock,323,2026-07-28T03:31:59Z,en,"['doorman', 'deadlock', 'English', 'eternus']",2026-07-28,12-25-31,Tuesday
320555409881,55362430,zeezums,460636,Bloodborne,323,2026-07-28T04:39:04Z,en,"['English', 'BackseatGamingAllowed', 'CringeButFree', 'LurkersWelcome', 'feet', 'thefirekeepers', 'Bloodborne', 'Soulsborne', 'nohit']",2026-07-28,12-25-31,Tuesday
320554414553,117379932,kinggeorge,460630,Rainbow Six Siege,320,2026-07-28T03:41:48Z,en,"['English', 'rainbow6', 'R6', 'R6S', 'rainbowsix', 'fps', 'Ranked', 'champion', 'OldManGamer', 'PvP']",2026-07-28,12-25-31,Tuesday
318052395877,1447297241,gtastyslots,498566,Slots,320,2026-07-28T01:46:04Z,de,"['Deutsch', 'Österreich', 'casino', 'slots', 'gTasty']",2026-07-28,12-25-31,Tuesday
318562844149,1073401540,pakkunfps,29452,Virtual Casino,320,2026-07-28T05:03:33Z,en,"['English', 'Portugues', 'slots', 'cassino', 'cassinoaovivo', 'Counterstrike', 'apostas']",2026-07-28,12-25-31,Tuesday
320550502873,136188180,vohes13,1678532194,EA Sports College Football 27,320,2026-07-28T00:51:21Z,en,['English'],2026-07-28,12-25-31,Tuesday
318634268503,160122273,bepocarrot,513143,Teamfight Tactics,318,2026-07-28T01:07:22Z,en,"['English', 'Delusional', 'Vtuber', 'ENVtuber']",2026-07-28,12-25-31,Tuesday
319572575966,17367235,aegis_and_pred,518184,Phasmophobia,318,2026-07-28T02:53:45Z,en,"['1440p', 'ClosedCaptions', 'English', 'CozyChaos', 'KineticGamesPartner', 'NewPlayerFriendly', 'NoAI', 'cats', 'DropsEnabled']",2026-07-28,12-25-31,Tuesday
319625789020,53757670,idbz,490377,Sea of Thieves,317,2026-07-27T17:47:21Z,en,"['English', 'Db', 'goober', '9999', 'pvp', 'funny', 'DropsEnabled']",2026-07-28,12-25-31,Tuesday
319696266208,167496975,jenjaminbuttons,504463,Tom Clancy's The Division 2,315,2026-07-27T23:28:31Z,en,"['division2', 'pc', 'gamergirl', 'ubisoftpartner', 'pve', 'girlgamer', 'escalation', 'ad', 'english', 'playswithviewers']",2026-07-28,12-25-31,Tuesday
318561761397,1153241054,guaramix1,29452,Virtual Casino,314,2026-07-28T02:23:24Z,pt,"['cassino', 'coperar', 'Português']",2026-07-28,12-25-31,Tuesday
315971384427,1153293560,7m7v,33214,Fortnite,314,2026-07-28T05:01:14Z,ar,"['العربية', 'arab', 'Kuawit', 'KSA', 'Qatar', 'UAE', 'SaudiArabia', 'arbalc', 'zoro', 'العفوي']",2026-07-28,12-25-31,Tuesday
317903058407,268540895,hotbeatstv,1669431183,DJs,314,2026-07-27T13:57:57Z,en,"['ElectronicMusic', 'DJ', 'Techno', 'IRL', 'music', 'EDM', 'event', 'Studio', 'Dance', 'DanceMusic']",2026-07-28,12-25-31,Tuesday
319699276000,228428255,jonnijuro,21779,League of Legends,313,2026-07-28T02:16:53Z,es,['Español'],2026-07-28,12-25-31,Tuesday
318559350389,83999834,mattgael,1468,Resident Evil 4,313,2026-07-27T22:49:18Z,es,"['kamanache', 'Basement', 'residentevil', 'Argentina', 'mate', 'GIGACHAD', 'wr', 'manteca', 'Speedrun', 'Cebolla']",2026-07-28,12-25-31,Tuesday
318637707223,775886268,kommavt,509659,ASMR,313,2026-07-28T05:14:41Z,en,['English'],2026-07-28,12-25-31,Tuesday
318560561653,45543526,snycmaster,29307,Path of Exile,313,2026-07-28T00:34:42Z,es,"['Español', 'DropsActivados']",2026-07-28,12-25-31,Tuesday
317745504344,54119001,mazino,516575,VALORANT,313,2026-07-28T04:18:07Z,es,"['Español', 'VALORANT', 'FPS', 'Esports']",2026-07-28,12-25-31,Tuesday
315888301929,188958037,carla,2897,The Simpsons: Hit & Run,312,2026-07-28T01:37:57Z,en,"['English', 'Australia', 'AU', 'Positive', 'enthusiastic']",2026-07-28,12-25-31,Tuesday
319694132320,10692319,eli_x,506416,Halo Infinite,311,2026-07-27T21:00:32Z,en,"['English', 'Drops', 'DropsEnabled']",2026-07-28,12-25-31,Tuesday
318631812567,1507399988,squeakykat_,509659,ASMR,311,2026-07-27T21:31:20Z,en,"['English', 'ASMR', 'catgirl', 'Headpats', 'mommy', 'kisses', 'Vtuber']",2026-07-28,12-25-31,Tuesday
319633632220,1076022569,ventress,33214,Fortnite,310,2026-07-28T02:49:54Z,en,"['English', 'LGBTQ', 'Fortnite', 'girlypop', 'HighkillGames']",2026-07-28,12-25-31,Tuesday
315981776364,1006057911,amar_fc,1630982727,Where Winds Meet,310,2026-07-28T02:21:29Z,en,"['English', 'drops', 'DropsEnabeled', 'DropsEnabled']",2026-07-28,12-25-31,Tuesday
320554776665,163847724,wtnbxd,114524791,Shadowverse: Worlds Beyond,308,2026-07-28T04:00:33Z,ja,['日本語'],2026-07-28,12-25-31,Tuesday
318549612789,438686523,trollzinha,386821,Black Desert,307,2026-07-26T19:06:30Z,pt,"['Português', 'Vtuber', 'Shai', 'English', 'Русский', 'Español', 'Ｖｔｕｂｅｒ', 'Lahn', 'PIX', 'VtuberBR']",2026-07-28,12-25-31,Tuesday
320551694425,664112890,kyanafit,33214,Fortnite,307,2026-07-28T01:41:24Z,en,"['English', 'Fortnite', 'ZeroBuild', 'funny', 'zerobuilds', 'Female', 'Woman', 'KyanaFit', 'Xen']",2026-07-28,12-25-31,Tuesday
320608974938,264084087,onepumpwillie,491487,Dead by Daylight,307,2026-07-28T01:09:26Z,en,['English'],2026-07-28,12-25-31,Tuesday
318119629542,256982238,hellcr0ss,401587136,Arena Breakout: Infinite,304,2026-07-28T04:12:46Z,ru,"['Ranked', 'Русский', 'харизма', 'вайб', 'arenabreakout', 'СБЭУКомар', 'Hellcr0ss', 'arenabreakoutinfinite', 'DropsВключены']",2026-07-28,12-25-31,Tuesday
318634746583,227467763,hotrodd,33214,Fortnite,304,2026-07-28T01:44:40Z,en,"['scrims', 'unreal', 'fortnite', 'ZeroBuild', 'English', 'ninja', 'clix', 'hotrodd', 'zb', 'ranked']",2026-07-28,12-25-31,Tuesday
319632157660,24112133,hisandherslive,511224,Apex Legends,303,2026-07-28T01:21:36Z,en,"['English', 'FamilyFriendly', 'Community', 'Chatty', 'girlgamers', 'womenoftwitch', 'DropsEnabled']",2026-07-28,12-25-31,Tuesday
317742409432,55356966,defects,19006,Call of Duty: World at War,303,2026-07-27T22:00:18Z,en,['English'],2026-07-28,12-25-31,Tuesday
318488162550,68727743,razah,509658,Just Chatting,303,2026-07-28T00:14:51Z,pt,['Português'],2026-07-28,12-25-31,Tuesday
317357856355,262236323,duncstar,1036710512,Palworld,301,2026-07-28T03:57:08Z,en,"['English', 'chatty', 'friendly', 'funny', 'justchatting', 'palworld']",2026-07-28,12-25-31,Tuesday
316583799124,9528182,chilledchaos,499973,Always On,301,2026-07-28T04:06:19Z,en,"['English', 'ItalianSafeSpace', 'ChilledChaos', 'LyingEncouraged', 'seventeencarat', 'AmongUs', 'Multiplayer']",2026-07-28,12-25-31,Tuesday
317100200055,223382383,everythingnowshow,509658,Just Chatting,299,2026-07-28T03:40:51Z,en,"['improv', 'comedy', 'interactive', 'playingwithviewers', 'irl', 'RPG', 'roleplay', 'English', 'chat', 'Creative']",2026-07-28,12-25-31,Tuesday
320720005211,569834004,indiyababy,32982,Grand Theft Auto V,299,2026-07-28T01:18:13Z,en,"['English', 'girl', 'girlgamers', 'Female', 'gta', 'indiyababy', 'WindyCityRp', 'WindyCity', 'streameruniversity']",2026-07-28,12-25-31,Tuesday
318633511895,502179257,foxyannika,509658,Just Chatting,298,2026-07-28T00:08:09Z,en,"['English', 'yourdad']",2026-07-28,12-25-31,Tuesday
317743351000,852611504,mogi,369418,GeoGuessr,297,2026-07-28T00:10:09Z,en,"['English', 'girl', 'swag', 'mogi', 'AURA']",2026-07-28,12-25-31,Tuesday
317744251608,40606161,norgmang,500188,Hunt: Showdown 1896,297,2026-07-28T02:02:12Z,en,"['English', 'Interactive', 'blerp', 'Shenanigans', 'lofi', 'VoiceActor', 'ExtractionShooter', 'GoofyAF', 'DropsEnabled']",2026-07-28,12-25-31,Tuesday
318636957143,123907423,nixstah,512710,Call of Duty: Warzone,296,2026-07-28T04:19:25Z,en,['English'],2026-07-28,12-25-31,Tuesday
315888573289,264776049,emiracles,29307,Path of Exile,296,2026-07-28T03:52:42Z,en,"['English', 'retared', 'artistic', 'DropsEnabled']",2026-07-28,12-25-31,Tuesday
316511574229,717727472,tamae_,509658,Just Chatting,296,2026-07-27T19:58:34Z,pl,['Polski'],2026-07-28,12-25-31,Tuesday
319694381280,109215610,socksbx,10033,Banjo-Kazooie,295,2026-07-27T21:21:07Z,en,"['English', 'unngghhhhhhhh', 'Culvers', 'Handsome', 'Cute', 'QFromImpracticalJokers', 'LGBTQPlus', 'Perc3Million', 'Divorced', 'RetroAchievements']",2026-07-28,12-25-31,Tuesday
317908896999,926373969,pastil_dota,29595,Dota 2,294,2026-07-27T22:42:49Z,en,"['English', 'dota2', 'dota2', '16kmmr', 'persian', 'Russian', 'Moscow']",2026-07-28,12-25-31,Tuesday
319563649886,459898171,tenacitytv,210472759,Shift at Midnight,293,2026-07-27T15:31:21Z,en,"['English', 'TTS', 'BaldStreamer']",2026-07-28,12-25-31,Tuesday
315848024168,69439030,toastracktv,491931,Escape from Tarkov,293,2026-07-28T01:55:08Z,en,"['Australian', 'BackseatingWelcome', 'Gentleman', 'English', 'PositiveVibes', 'Over30Gamer', 'Over40Gamer', 'Over50Gamer', 'Over60Gamer']",2026-07-28,12-25-31,Tuesday
318631567575,38614029,johnpal,386821,Black Desert,292,2026-07-27T21:07:19Z,en,"['English', 'MMO', 'ARPG', 'NewPlayerFriendly', 'DadGamer', 'DropsEnabled']",2026-07-28,12-25-31,Tuesday
320715943899,1308839508,bradleykraut,509672,IRL,292,2026-07-27T22:01:05Z,en,"['gym', 'workout', 'English', 'motivational', 'fitness', 'ColdPlunge', 'MilliSquad', 'zooculture', 'justchatting']",2026-07-28,12-25-31,Tuesday
316541121366,204505974,vangard,509658,Just Chatting,291,2026-07-27T19:27:54Z,en,"['English', 'Norway', 'powerlifter', 'Travel', 'IRL', 'Adventure', 'Survival']",2026-07-28,12-25-31,Tuesday
318636890711,908154266,caveiragameslive,509658,Just Chatting,291,2026-07-28T04:14:50Z,pt,['Português'],2026-07-28,12-25-31,Tuesday
320612806234,610631393,bigcartiier,512710,Call of Duty: Warzone,291,2026-07-28T04:01:34Z,en,"['games', 'Variety', 'indie', 'Horror', 'English']",2026-07-28,12-25-31,Tuesday
320602844634,721725990,madmattio,491487,Dead by Daylight,291,2026-07-27T19:44:51Z,en,"['English', 'ShirtMySurvivor', 'dbd']",2026-07-28,12-25-31,Tuesday
317908959207,702254185,campnix,491487,Dead by Daylight,291,2026-07-27T22:52:13Z,de,"['Deutsch', 'deadbbydaylight', 'Nachteule', 'PS5', 'MitZuschauernspielen', 'BesteUnterhaltung', 'nachtprogramm', 'dbd']",2026-07-28,12-25-31,Tuesday
319681360736,32064652,cochard,509658,Just Chatting,291,2026-07-26T21:14:46Z,en,"['English', 'Variety', 'charming', 'women', 'FEET', 'elderly', 'asian', 'Multilingual', 'subathon', 'ginger']",2026-07-28,12-25-31,Tuesday
315909730410,86100905,jollywangcore,618423466,Polyarmory: High Calibre Love,289,2026-07-28T03:56:15Z,en,"['English', 'thespiders', 'theycrawlundermyskin', 'tellingmelittlelies', 'chillgaming']",2026-07-28,12-25-31,Tuesday
317334069732,100245745,kailon,498592,I'm Only Sleeping,289,2026-07-27T08:37:03Z,fr,['Français'],2026-07-28,12-25-31,Tuesday
317342032100,416031592,solaryhs,138585,Hearthstone,289,2026-07-28T05:02:58Z,fr,['Français'],2026-07-28,12-25-31,Tuesday
320610548314,109431309,german_intelligence,27546,World of Tanks,288,2026-07-28T02:14:22Z,en,['English'],2026-07-28,12-25-31,Tuesday
318562881141,1345556608,b0bleeswag,29452,Virtual Casino,288,2026-07-28T05:12:20Z,en,['English'],2026-07-28,12-25-31,Tuesday
318562842997,421628996,vilef0rt,29452,Virtual Casino,287,2026-07-28T05:03:10Z,pt,['Português'],2026-07-28,12-25-31,Tuesday
316228514801,771305469,yunma_flw,1294658629,R.E.P.O.,287,2026-07-28T00:08:21Z,ja,"['Vtuber', 'まったり', '雑談', '日本語', 'チル', 'chill', '女性', '動物系vtuber', 'オバケねずみのいる生活']",2026-07-28,12-25-31,Tuesday
316541645142,182725115,moreblood666,29595,Dota 2,286,2026-07-27T21:02:10Z,ru,"['Русский', 'сосал', 'богдоты', 'бальной', 'gandon', 'пяточки', 'techies', 'батарейки', 'сокяблочный']",2026-07-28,12-25-31,Tuesday
320554403929,113475158,capukeki,509659,ASMR,285,2026-07-28T03:41:10Z,en,"['VtuberEN', 'Vtuber', '18pluschannel', 'Nonbinary', 'LGBTQ', 'ASMR', 'English', 'NoEarLicking', 'SleepAid', 'feet']",2026-07-28,12-25-31,Tuesday
316293077491,1347585986,kuroikemomimi,509658,Just Chatting,285,2026-07-28T01:34:23Z,ja,['日本語'],2026-07-28,12-25-31,Tuesday
319570016990,104031977,oxalate,491168,Clash Royale,284,2026-07-28T00:24:22Z,en,['English'],2026-07-28,12-25-31,Tuesday
318558441589,188532954,lucroft,32982,Grand Theft Auto V,283,2026-07-27T21:19:15Z,pt,['Português'],2026-07-28,12-25-31,Tuesday
316010934637,147788533,santadoto,29595,Dota 2,283,2026-07-28T00:10:33Z,ru,"['китайскийчай', 'чай', 'ДОТА', 'DOTA', 'Русский', 'Santa', 'доброта', 'позитивныйвайб', 'пожилойСтример', 'розыгрыши']",2026-07-28,12-25-31,Tuesday
318631356375,1221168574,pathofky,29307,Path of Exile,282,2026-07-27T20:45:46Z,en,"['English', 'support', 'Grandmaster', 'ADC', 'DropsEnabled']",2026-07-28,12-25-31,Tuesday
316293480435,726693099,amanogawaneru,1514470699,Schrödinger's Call,282,2026-07-28T04:10:52Z,ja,"['日本語', 'ネタバレ禁止', '匂わせ禁止']",2026-07-28,12-25-31,Tuesday
316542849110,1524062162,shadowkek_wg_3371718,1496435078,Casino Simulator 2024,282,2026-07-28T05:03:46Z,ru,"['ЭВЕЛОН', 'КОСЫТЧ', 'ШАДОУКЕК', 'СКИЛЗ', 'СМЕШНОЙ', 'КАЗИНО', 'СТРИМ', 'Evelone192', 'Mellstroy', 'Мелстрой']",2026-07-28,12-25-31,Tuesday
320608503258,23196698,raysfire,6855,Paper Mario: The Thousand-Year Door,282,2026-07-28T00:51:35Z,en,"['WINNABLE', 'FOX', 'English', 'GRINDEL', 'ORANGEDOG', 'NoEggEatingInChat', 'NoAirplanes', 'Archipelago', 'Randomizer', 'AP']",2026-07-28,12-25-31,Tuesday
317098681463,40673154,parzelion,2132205352,Deadlock,281,2026-07-28T00:20:07Z,en,"['English', 'deadlock']",2026-07-28,12-25-31,Tuesday
320553270745,41931263,itzcbd,512953,ELDEN RING,280,2026-07-28T02:47:19Z,en,"['Tall', 'Dark', 'Handsome', 'ASMR', 'Chill', 'Relax', 'YOURMOM', 'ClosedCaptions', 'FirstPlaythrough', 'Subtitles']",2026-07-28,12-25-31,Tuesday
315825608018,52457418,druckverlust,509672,IRL,279,2026-07-28T02:56:58Z,de,"['talk', 'Kaffee', 'DruckVerlust', 'redebedarf', 'Deutsch', 'LKW', 'LKWFahren', 'Autobahn']",2026-07-28,12-25-31,Tuesday
318627702487,528430980,cooksuxalwayson,509672,IRL,279,2026-07-27T08:42:03Z,en,['English'],2026-07-28,12-25-31,Tuesday
316540652374,965680841,ekatrona,509658,Just Chatting,279,2026-07-27T18:23:07Z,ru,"['Общение', 'Русский']",2026-07-28,12-25-31,Tuesday
318636976215,73362563,xlice,213930085,Honkai: Star Rail,278,2026-07-28T04:20:51Z,en,"['English', 'DropsEnabled']",2026-07-28,12-25-31,Tuesday
316576683348,1493276818,windowlightfm,26936,Music,277,2026-07-26T23:17:28Z,en,"['lofi', '247Stream', 'lofimusic', 'Relax', 'study', 'Radio', 'English', 'Chıll', 'housemusic']",2026-07-28,12-25-31,Tuesday
316540023766,45614806,ou5hen,509658,Just Chatting,277,2026-07-27T17:07:16Z,ru,"['irl', 'Русский', 'belabox', 'урал', 'такси', 'taxi', 'Екатеринбург', 'ЕКБ', 'машина', 'томям']",2026-07-28,12-25-31,Tuesday
320609810010,610045581,trippinzee,23020,ROBLOX,276,2026-07-28T01:44:05Z,en,['English'],2026-07-28,12-25-31,Tuesday
315888478057,262121149,hadronna,518184,Phasmophobia,275,2026-07-28T03:05:10Z,en,"['Australia', 'English', 'OCE', 'Woman', 'Comfy', 'Horror', 'Vtuber', 'IndieHorror', 'CozyHorror', 'DropsEnabled']",2026-07-28,12-25-31,Tuesday
317741375320,64372897,problemwright,1678532194,EA Sports College Football 27,273,2026-07-27T19:04:09Z,en,['English'],2026-07-28,12-25-31,Tuesday
316503887317,84152112,linny,509658,Just Chatting,273,2026-07-26T17:32:14Z,en,"['girl', 'gamer', 'gym', 'fitness', 'cooking', 'irl', 'woman', 'female', 'cats', 'sweden']",2026-07-28,12-25-31,Tuesday
316583905620,1524068591,maxon_live_1779420,29595,Dota 2,273,2026-07-28T05:02:12Z,ru,"['casinostream', 'English', 'Русский', 'казинострим', 'казино', 'заносы', 'casino', 'максон', 'maxon']",2026-07-28,12-25-31,Tuesday
316580825300,45887494,westham,498592,I'm Only Sleeping,273,2026-07-27T16:42:03Z,en,"['English', 'DMAllstars2', 'Pking', 'osrsbmm']",2026-07-28,12-25-31,Tuesday
320548620633,46023180,natspresso,2692,Super Mario 64,272,2026-07-27T23:25:36Z,en,"['English', 'girl', 'chatty', 'firstplaythrough', 'ChallengeRun', 'chill', 'metal', 'variety', 'VarietyStreamer', 'Welcoming']",2026-07-28,12-25-31,Tuesday
320551907801,51549758,loganolio,509658,Just Chatting,272,2026-07-28T01:50:41Z,en,"['Educational', 'LGBTQIAPlus', 'English', 'Fatherless', 'FormerKohlsEmployee', 'Chopped', 'UselessBisexual']",2026-07-28,12-25-31,Tuesday
320524922073,79294007,mira,509658,Just Chatting,272,2026-07-26T17:30:36Z,en,"['English', 'Iceland', 'Japan', 'Sweden', 'Norway', 'Scandinavia', 'USA', 'Canada', 'America', 'JUICE']",2026-07-28,12-25-31,Tuesday
317745810392,111589942,redbeard,138585,Hearthstone,271,2026-07-28T04:52:29Z,en,"['ARENA', 'English']",2026-07-28,12-25-31,Tuesday
315888547049,45302347,ziggydlive,29307,Path of Exile,271,2026-07-28T03:39:02Z,en,"['English', 'indiegames', 'BeginnerFriendly', 'QnAs', 'guidemaker', 'tips', 'BackseatingWelcomed', 'ARPG', 'pathofexile2', 'DropsEnabled']",2026-07-28,12-25-31,Tuesday
319695953888,581369280,cam_8l,33214,Fortnite,270,2026-07-27T23:08:59Z,en,"['fortnite', 'duos', 'royale', 'battle', 'blitz', 'kaicenat', 'ninja', 'tiktok', 'instagram', 'English']",2026-07-28,12-25-31,Tuesday
317098312695,602935752,meatyhook,499132,They Are Billions,270,2026-07-27T23:26:40Z,en,"['NoSpoilers', 'NoElp', 'Challenge', 'VTuber', 'Vanilla', 'Comfy', 'English', 'Chill', 'Mute']",2026-07-28,12-25-31,Tuesday
317742072280,1018843719,kaileymaeasmr,509659,ASMR,270,2026-07-27T21:06:44Z,en,"['asmr', 'sleep', 'relax', 'whispering', 'cozy', 'AuditoryASMR', 'VisualASMR', 'satisfying', 'KaileyMae', 'English']",2026-07-28,12-25-31,Tuesday
318636183895,426939646,salkofnbr,33214,Fortnite,269,2026-07-28T03:26:20Z,en,"['English', 'Comptetitive', 'Fortnite']",2026-07-28,12-25-31,Tuesday
318636831447,473739345,gryffinn,21779,League of Legends,269,2026-07-28T04:10:30Z,en,['English'],2026-07-28,12-25-31,Tuesday
320716048731,51847140,chad,65632,DayZ,269,2026-07-27T22:06:55Z,en,"['Chad', 'English']",2026-07-28,12-25-31,Tuesday
317743805528,30305808,mattshew,490100,Lost Ark,269,2026-07-28T01:08:13Z,en,['English'],2026-07-28,12-25-31,Tuesday
318632984663,501302789,triciaisabirdy,1036710512,Palworld,268,2026-07-27T23:23:04Z,en,"['cooking', 'English', 'ADHD', 'MentalHealth', 'gaming', 'Pokémon', 'AAPI', 'LGBTQ']",2026-07-28,12-25-31,Tuesday
318633756247,521338199,raregangster,512953,ELDEN RING,268,2026-07-28T00:28:08Z,en,"['English', 'Pansexual', 'LGBTQIAPlus', 'Chatty', 'Woman', 'FirstPlaythrough', 'ChallengeRuns']",2026-07-28,12-25-31,Tuesday
318635127383,738006818,saski,509658,Just Chatting,267,2026-07-28T02:12:02Z,en,"['English', 'DropsEnabled']",2026-07-28,12-25-31,Tuesday
317099609975,1290938554,rdcmysticlee,1036710512,Palworld,267,2026-07-28T02:28:06Z,en,['English'],2026-07-28,12-25-31,Tuesday
320716889307,548633177,miamakesmusic,509658,Just Chatting,267,2026-07-27T22:54:02Z,en,"['irl', 'variety', 'music', 'English', 'Korean', 'musician', 'chicago', 'piano', 'fitness', 'Cycling']",2026-07-28,12-25-31,Tuesday
318562662645,400538953,mrlujooo,498566,Slots,266,2026-07-28T04:26:01Z,es,"['Español', 'Chile', 'IRL', 'mrlujo']",2026-07-28,12-25-31,Tuesday
316237133938,506396193,magnyi3,516575,VALORANT,265,2026-07-28T00:12:47Z,ja,"['日本語', 'valorant', '初見歓迎', '質問OK', '楽しく']",2026-07-28,12-25-31,Tuesday
318560648309,39272973,dukoth,29452,Virtual Casino,263,2026-07-28T00:42:06Z,pt,['Português'],2026-07-28,12-25-31,Tuesday
320723067867,152019397,loneckz,509658,Just Chatting,262,2026-07-28T03:31:02Z,es,"['Español', 'Anime', 'animeenespañol', 'animestream', 'AnimeSquad', 'drakeyjosh', 'BigTimeRush', 'Victorious', 'samycat']",2026-07-28,12-25-31,Tuesday
320613056858,729544713,xolotv90,1901865180,NTE: Neverness to Everness,262,2026-07-28T04:15:36Z,en,"['México', 'streming', 'Español', 'livegamestream', 'gamesstreamer', 'English', 'ntenevernesstoeverness']",2026-07-28,12-25-31,Tuesday
320550490585,248928948,alexkadison,21779,League of Legends,262,2026-07-28T00:50:52Z,en,['English'],2026-07-28,12-25-31,Tuesday
320611939802,7555574,crendor,18122,World of Warcraft,261,2026-07-28T03:16:31Z,en,['English'],2026-07-28,12-25-31,Tuesday
319699471200,119477429,jillyfish,459931,Old School RuneScape,261,2026-07-28T02:29:34Z,en,"['Comfy', 'English']",2026-07-28,12-25-31,Tuesday
319634220636,740000438,triiogy_,386821,Black Desert,261,2026-07-28T03:34:04Z,es,"['Español', 'DropsActivados']",2026-07-28,12-25-31,Tuesday
316513104469,1524055279,a2790294,1496435078,Casino Simulator 2024,261,2026-07-28T05:03:58Z,ru,"['слоты', 'казино', 'пузаныч', 'puzan', 'заносынедели', 'казинострим', 'казиноонлайн', 'slots', 'English', 'Русский']",2026-07-28,12-25-31,Tuesday
319568533598,448496093,pilat,509658,Just Chatting,260,2026-07-27T23:01:02Z,en,['English'],2026-07-28,12-25-31,Tuesday
318635205847,110888890,hydro__ow,515025,Overwatch,260,2026-07-28T02:17:30Z,en,"['English', 'support', 'SupportMain', 'anamain', 'top500', 'iloveoverwatch', 'overwatch', 'OW', 'Top500OVERWATCH', 'DropsEnabled']",2026-07-28,12-25-31,Tuesday
316583904084,1524066683,frg_kazik_9541983,33214,Fortnite,259,2026-07-28T05:01:47Z,ru,"['слоты', 'лудоман', 'казино', 'casino', 'заносы', 'эвелон', 'evelon', 'евелон', 'English', 'Русский']",2026-07-28,12-25-31,Tuesday
317300936034,751853238,michilurk,512710,Call of Duty: Warzone,259,2026-07-26T06:09:59Z,de,['Deutsch'],2026-07-28,12-25-31,Tuesday
318044079461,533715367,retrolongplay,27284,Retro,259,2026-07-27T10:50:36Z,en,"['Retro', 'Games', 'TV', 'TAS', 'Speedrun', 'Speedrunning', 'Longplay', 'Marathon', 'English', 'Playthrough']",2026-07-28,12-25-31,Tuesday
320719470427,97690707,entxurage,32399,Counter-Strike,259,2026-07-28T00:56:35Z,en,"['English', 'Veteran', 'military', 'MilitaryVeteran', 'RegimentGG', 'Regiment', 'Marine']",2026-07-28,12-25-31,Tuesday
315888593001,1517416320,aiala_tang,509672,IRL,259,2026-07-28T04:00:50Z,en,['English'],2026-07-28,12-25-31,Tuesday
319551764318,142915097,auroralgames,515024,Diablo IV,259,2026-07-26T18:39:18Z,en,"['Friendly', 'LurkerFriendly', 'LootGoblin', 'Snacks', 'GoodVibes', 'GFuel', 'SSF', 'NewPlayersWelcome', 'Barbarian', 'English']",2026-07-28,12-25-31,Tuesday
316293636595,74505272,keanelol,513143,Teamfight Tactics,258,2026-07-28T05:06:07Z,en,['English'],2026-07-28,12-25-31,Tuesday
319629156700,256734589,iiizwerg,1036710512,Palworld,258,2026-07-27T22:38:29Z,en,"['English', 'german', 'wholesome', 'funny', 'gaming', 'IRL']",2026-07-28,12-25-31,Tuesday
319700536672,731803873,zelev_by_cv,33214,Fortnite,258,2026-07-28T03:49:02Z,es,"['Latino', 'Fortnite', 'cool', 'proplayer', 'Zelev', 'dlejitos', 'Español']",2026-07-28,12-25-31,Tuesday
318635049943,506919714,lindsfry,512710,Call of Duty: Warzone,258,2026-07-28T02:06:22Z,en,"['English', 'ADHD', 'solo']",2026-07-28,12-25-31,Tuesday
318636658519,529804479,house,65632,DayZ,258,2026-07-28T03:58:37Z,en,"['English', 'survival']",2026-07-28,12-25-31,Tuesday
317341845220,462851312,lilykonjo,278441117,Assassin's Creed Black Flag Resynced,257,2026-07-28T03:28:35Z,fr,"['Français', 'matin', 'réveil', 'café', 'livematinal', 'lilykonjo', 'gaming', 'DropsActivés']",2026-07-28,12-25-31,Tuesday
316512219989,85128009,surprise011,464339927,ARC Raiders,257,2026-07-27T22:07:23Z,ru,"['Русский', 'аниме', 'наруто', 'общение', 'Английский', 'arcraiders', 'аркрайдерс', 'арк']",2026-07-28,12-25-31,Tuesday
317316836706,54444883,tehjamjar,493959,Red Dead Redemption II,256,2026-07-27T23:55:52Z,en,"['FirstPlaythrough', 'RP', 'English']",2026-07-28,12-25-31,Tuesday
318635351895,1290937524,desmondrdc,1036710512,Palworld,256,2026-07-28T02:28:45Z,en,['English'],2026-07-28,12-25-31,Tuesday
318634389079,37644866,covent,1036710512,Palworld,256,2026-07-28T01:16:44Z,en,"['ADHD', 'PNW', 'English']",2026-07-28,12-25-31,Tuesday
316583679828,46393386,autodestruction,29595,Dota 2,255,2026-07-28T02:52:43Z,ru,"['радио', 'драма', 'психология', 'гаддем', 'увереннаяигра', 'уютныйвайб', 'бумер', 'Медитация', 'адекватность', 'умиротворение']",2026-07-28,12-25-31,Tuesday
316237438322,174533423,naohiro21_twitch,515025,Overwatch,255,2026-07-28T02:20:47Z,ja,"['日本語', 'Drops有効']",2026-07-28,12-25-31,Tuesday
318616372340,466097610,galinhodoido,401587136,Arena Breakout: Infinite,254,2026-07-27T00:05:46Z,en,"['English', 'badge', 'dropsenabled', 'EWC', 'kaicenat', 'FINALFANTASY', 'FinalFantasyXIV', 'FINALFANTASYXIVONLINE', 'DropsEnabled']",2026-07-28,12-25-31,Tuesday
318616498519,538506717,marinemammalrescue,272263131,"Animals, Aquariums, and Zoos",254,2026-07-26T10:59:50Z,en,"['Animals', 'ASMRvisual', 'Rerun', '24HourStream', 'Wildlife', 'FamilyFriendly', 'wholesome', 'goodvibes', 'TogetherForGood', 'English']",2026-07-28,12-25-31,Tuesday
317354933475,683126925,emi_mge7,509658,Just Chatting,254,2026-07-27T19:11:10Z,fr,['Français'],2026-07-28,12-25-31,Tuesday
318052457701,76661869,satoriuslol,21779,League of Legends,253,2026-07-28T02:05:03Z,de,"['English', 'Deutsch', 'educational', 'challenger', 'triplechallenger', 'toplane']",2026-07-28,12-25-31,Tuesday
318633171287,66949711,soloortroll,2094865572,SMITE 2,253,2026-07-27T23:40:18Z,en,"['English', 'sololane', 'pro', 'DropsEnabled']",2026-07-28,12-25-31,Tuesday
317098484599,210934509,kesslive,18122,World of Warcraft,252,2026-07-27T23:52:55Z,en,"['English', 'MMORPG', 'Canadian', 'DogDad', 'Balding']",2026-07-28,12-25-31,Tuesday
320610474586,266423223,bighowelldawdy,509658,Just Chatting,251,2026-07-28T02:11:33Z,en,"['English', 'chill']",2026-07-28,12-25-31,Tuesday
320604935770,177454663,kingpotato_23,29595,Dota 2,251,2026-07-27T21:58:12Z,en,"['dota2stream', 'English', 'pudgeenthusiast', 'GodGamer', 'dota2', 'Interactivewithchat']",2026-07-28,12-25-31,Tuesday
316504881109,1519299080,starlightslumber,499973,Always On,251,2026-07-26T19:33:09Z,en,"['music', 'chill', 'sleep', 'Relax', 'Panda', '247', '247Stream', 'SleepyVibes', 'bedtime', 'SleepyVibes']",2026-07-28,12-25-31,Tuesday
318630398551,1135759184,notdebpark,509658,Just Chatting,251,2026-07-27T18:54:07Z,en,"['English', 'korean', '中文', 'IRL', 'ADHD', 'Cooking', 'Yapper', 'Variety', 'Austin', 'Texas']",2026-07-28,12-25-31,Tuesday
320554190809,882545378,rarri,509658,Just Chatting,250,2026-07-28T03:30:28Z,en,"['English', 'Rarri', 'streameruniversity']",2026-07-28,12-25-31,Tuesday
319631461212,100041244,terasite,1282866981,Delta Force,250,2026-07-28T00:44:35Z,en,"['Anxiety', 'Chatty', 'KPOP', 'Asian', 'SafeSpace', 'Vietnam', 'Anime', 'English', 'LurkerFriendly', 'DropEnabled']",2026-07-28,12-25-31,Tuesday
319570505694,13766215,smight,27284,Retro,250,2026-07-28T00:50:25Z,en,"['English', 'LGBTQFriendly', 'retrogaming']",2026-07-28,12-25-31,Tuesday
318034419685,121143935,axxin_live,27471,Minecraft,249,2026-07-26T12:28:59Z,de,"['Deutsch', 'minecraft', 'minecraftserver', 'Community', 'HugoSMP', 'hugpsmp']",2026-07-28,12-25-31,Tuesday
318635844311,627036476,snowthaproduct,509672,IRL,249,2026-07-28T03:03:23Z,en,"['English', 'Bilingual', 'snowthaproduct', 'mexican', 'rapper', 'Español', 'studs', 'Lesbianstreamer', 'LGBTQ']",2026-07-28,12-25-31,Tuesday
318634241751,109679098,inksie,1918259609,Road to Empress II,249,2026-07-28T01:05:38Z,en,"['English', 'Vtuber', 'Anime', 'ADHD', 'moe', 'inksie', 'Comfy']",2026-07-28,12-25-31,Tuesday
318636128471,845300388,lancesavali,509658,Just Chatting,248,2026-07-28T03:22:48Z,en,"['English', 'music', 'NZ', 'lancesavali', 'US', 'gaming', 'IRL', 'DJ']",2026-07-28,12-25-31,Tuesday
319628976732,13958058,omegapro,2112738408,NBA 2K26,248,2026-07-27T22:25:55Z,en,['English'],2026-07-28,12-25-31,Tuesday
320717256155,137501794,jesscapricorn,11988,FINAL FANTASY VII,248,2026-07-27T23:12:35Z,en,"['ClosedCaptions', 'English', 'FinalFantasy', 'LeonSKennedy', 'LiberiFatali', 'LGBTQIAPIus', 'Woman', 'MetalPipeEnjoyer']",2026-07-28,12-25-31,Tuesday
318038336741,1046764363,altairnative,499973,Always On,248,2026-07-26T18:21:17Z,fr,"['SecondaryChannel', 'communauté', 'Français', 'Rediffusions']",2026-07-28,12-25-31,Tuesday
319617846236,42023073,misusingtv,19976,MapleStory,247,2026-07-27T00:27:12Z,en,"['English', 'Anime', 'BeginnerFriendly', 'EndGame', 'MMORPG', 'SideScroller', 'MapleStory', 'MMO', 'Chill', 'NewPlayersWelcome']",2026-07-28,12-25-31,Tuesday
320610580698,81035638,rencognito,655697363,Abiotic Factor,247,2026-07-28T02:15:46Z,en,['English'],2026-07-28,12-25-31,Tuesday
318562572021,171990719,triskaltv,386821,Black Desert,247,2026-07-28T04:08:15Z,pt,"['Português', '18anos', 'DropsAtivados']",2026-07-28,12-25-31,Tuesday
319635251804,806840624,rene8808,509658,Just Chatting,247,2026-07-28T05:12:21Z,es,['Español'],2026-07-28,12-25-31,Tuesday
318488128118,119219504,supr3meecs,32399,Counter-Strike,245,2026-07-28T00:11:37Z,es,"['Español', 'SUPR3ME', 'supr3mea2', 'argentina', 'PATO', 'PATOTIPS', 'Supr3me']",2026-07-28,12-25-31,Tuesday
318635876439,87812984,joejoystick,604522654,GrassChopper,245,2026-07-28T03:05:22Z,es,"['español', 'Español', 'mexíco', 'RPG', 'miedo', 'scarygame', 'Puzzles']",2026-07-28,12-25-31,Tuesday
318637085143,154911419,litchiglimmer,509658,Just Chatting,245,2026-07-28T04:28:08Z,es,"['Español', 'sleep', 'chat', 'Waifu', 'relaxing', 'Cozy', 'Relax', 'Waifu', 'Woman', 'justcchatting']",2026-07-28,12-25-31,Tuesday
320554004441,162257460,chosen_ow,515025,Overwatch,244,2026-07-28T03:21:27Z,en,"['English', 'top500', 'overwatch', 'Competitive', 'DropsEnabled', 'Illari']",2026-07-28,12-25-31,Tuesday
319630002140,152005768,lordnm,2132205352,Deadlock,244,2026-07-27T23:25:55Z,en,"['English', 'persian']",2026-07-28,12-25-31,Tuesday
315888263785,525258443,yozora,2502,Tomba! 2: The Evil Swine Return,244,2026-07-28T01:17:20Z,en,"['NewZealand', 'Woman', 'English', 'DeckConstruction', 'hag', 'Furry', 'Vtuber', 'unblockableCuteness', 'ＥＮＧＬＩＳＨ']",2026-07-28,12-25-31,Tuesday
318637129431,526888384,dandannyboy,27471,Minecraft,244,2026-07-28T04:31:08Z,en,"['Speedrun', 'AnyPercent', 'English', 'forsen']",2026-07-28,12-25-31,Tuesday
315389069552,907334098,serimm11,509658,Just Chatting,243,2026-07-27T15:36:12Z,ko,"['한국어', 'US', 'korean', 'EN']",2026-07-28,12-25-31,Tuesday
317737579864,1418939132,missmikkaa247,499973,Always On,243,2026-07-27T03:48:41Z,en,"['Rerun', 'AlwaysOn', 'English']",2026-07-28,12-25-31,Tuesday
320601657946,143057934,milquetoast_claire,31339,Project Zomboid,243,2026-07-27T18:18:30Z,en,"['English', 'environmentalstorytelling', 'ProjectZomboid', 'indie', 'vanilla', 'chill', 'relaxing', 'ClosedCaptions', 'funny']",2026-07-28,12-25-31,Tuesday
318119608038,28447375,skifolk,491931,Escape from Tarkov,242,2026-07-28T04:04:01Z,ru,"['Русский', 'Skifolk', 'Скифолк', 'survivalgames']",2026-07-28,12-25-31,Tuesday
320703889115,104731856,almighty_tevin,29307,Path of Exile,242,2026-07-27T02:13:19Z,en,"['English', 'AlmightyTevinHardMode', 'POE2DivineEnjoyer', 'Juzzy51FANCLUB', 'OrderAPizza', 'ZaryaFanClub', 'GorlWorld', 'SwollenDingusFanclub', 'MisoPLZStreamAgain', 'DropsEnabled']",2026-07-28,12-25-31,Tuesday
319573331678,403842955,motfrais,601470178,Just Dance 2026 Edition,242,2026-07-28T03:54:20Z,es,['Español'],2026-07-28,12-25-31,Tuesday
317350132451,908203337,sintoniaplay,29452,Virtual Casino,242,2026-07-27T08:22:23Z,pt,"['Casal', 'Dupla', 'Sintonia', 'Português']",2026-07-28,12-25-31,Tuesday
316293271539,86282366,kamango0857,509672,IRL,242,2026-07-28T02:55:17Z,zh,['中文'],2026-07-28,12-25-31,Tuesday
320719052379,154661936,bootherat,1465804742,Hell Maiden,241,2026-07-28T00:37:58Z,en,"['Vtuber', 'Chaotic', 'witch', 'spooky', 'girlfailure', 'anime', 'English', 'ratgirl', 'yuri']",2026-07-28,12-25-31,Tuesday
319632941660,136822306,taxi2g,655697363,Abiotic Factor,240,2026-07-28T02:06:05Z,en,"['TRASH', 'SchizoMode', 'LoudisFunny', 'ToxicStream', 'GAMINGGOLEMJUICERMEGAMAN', 'aimbotting', 'AimAssistOff', 'Vtuber', 'cutegirl', 'English']",2026-07-28,12-25-31,Tuesday
317744152664,662899088,xwlumpy,32399,Counter-Strike,239,2026-07-28T01:51:45Z,es,"['Competitivo', 'valorant', 'valorantvalorant', 'gameplay', 'Español']",2026-07-28,12-25-31,Tuesday
320716937435,140135053,zavalr,796500915,Halo: Campaign Evolved,239,2026-07-27T22:56:46Z,en,"['English', 'Vtuber', 'BRAINROT', 'WATCHOUT']",2026-07-28,12-25-31,Tuesday
320612211290,81651931,xxgenmuzeroxx,517159,GUILTY GEAR -STRIVE-,238,2026-07-28T03:30:13Z,en,"['Testament', 'Nonbinary', 'BackseatingaIIowed', 'LurkersWelcome', 'chill', 'LGBTQIAPIus', 'learning', 'gaming', 'LurkerFriendly', 'Practice']",2026-07-28,12-25-31,Tuesday
318622983156,109868340,lucaspagun,19619,Tibia,238,2026-07-27T22:03:42Z,pt,"['Português', 'pxg']",2026-07-28,12-25-31,Tuesday
316583801428,873017494,xlelush,516575,VALORANT,238,2026-07-28T04:08:07Z,ru,['Русский'],2026-07-28,12-25-31,Tuesday
318489928566,1296971380,lu4ntv1,509658,Just Chatting,238,2026-07-28T02:58:50Z,pt,['Português'],2026-07-28,12-25-31,Tuesday
319698252768,160116853,equalplays,1282866981,Delta Force,237,2026-07-28T01:17:06Z,en,"['English', 'ExtractionShooter', 'DeltaForceGame', 'deltaforce', 'chill', 'solo', 'TalksToChat', 'Anxiety']",2026-07-28,12-25-31,Tuesday
318624737140,146758860,belenyaa,509658,Just Chatting,237,2026-07-28T00:37:26Z,es,"['Español', 'Chile', 'Anime', 'Cosplay', 'cosplayer', 'English']",2026-07-28,12-25-31,Tuesday
315888283497,103742139,rayinthecity,509658,Just Chatting,237,2026-07-28T01:27:46Z,en,"['English', 'IRL', 'Nightlife', 'OCE', 'Travel', 'justchatting', 'mukbang', 'Asian', 'NZ', 'Giveaways']",2026-07-28,12-25-31,Tuesday
317909995751,213949008,thamiel13,1036710512,Palworld,237,2026-07-28T03:15:27Z,de,"['Deutsch', 'English', 'oldschoolsince2005', 'Retail']",2026-07-28,12-25-31,Tuesday
318562455797,225617283,guizn_,624536948,EA Sports FC 26,236,2026-07-28T03:49:48Z,pt,"['Português', 'guizn', 'metropolegg']",2026-07-28,12-25-31,Tuesday
318562310261,590577283,holisofi,509658,Just Chatting,235,2026-07-28T03:28:31Z,es,['Español'],2026-07-28,12-25-31,Tuesday
318635912279,74781515,theawesomesauce,20941,Wizard101,235,2026-07-28T03:07:43Z,en,['English'],2026-07-28,12-25-31,Tuesday
318488113398,865811693,lupac,2128193047,Super Battle Golf,235,2026-07-28T00:10:15Z,pt,"['Português', 'humor', 'Inglês', 'English', 'Comedy']",2026-07-28,12-25-31,Tuesday
316237243890,1057805386,samui_cyfuture,509658,Just Chatting,235,2026-07-28T01:00:41Z,zh,"['Vtuber', '中文', 'CYFuture', '冬雲凜', '遊戲', '聊天互動', '唱歌聊天']",2026-07-28,12-25-31,Tuesday
317745334232,78944666,wolfbrink,168648543,Battlefield 6,235,2026-07-28T04:00:18Z,en,"['Battlefield', 'Battlefield6', 'gaming', 'fps', 'Littlebird', 'helicopter', 'shooter', 'flying', 'English', 'DropsEnabled']",2026-07-28,12-25-31,Tuesday
320719648987,100942042,blaster_yoda,27546,World of Tanks,232,2026-07-28T01:03:18Z,en,"['English', 'Fishing', 'SongRequests']",2026-07-28,12-25-31,Tuesday
320525972441,799143178,furball_farm,272263131,"Animals, Aquariums, and Zoos",231,2026-07-26T18:32:13Z,en,['English'],2026-07-28,12-25-31,Tuesday
320549355353,137182419,kitsune_eve,278441117,Assassin's Creed Black Flag Resynced,231,2026-07-28T00:00:40Z,en,"['English', 'vtuber', 'Canadian', 'Dyslexia', 'LGBTQIA', 'FoxTuber', 'Chatty', 'girlfailure', 'tupid', 'brat']",2026-07-28,12-25-31,Tuesday
319631884636,166072194,runiktvlive,789588840,Funnel Runners,230,2026-07-28T01:06:16Z,en,"['English', 'Runik', 'Runiktv', 'Runiktvlive', 'streameruniversity2026']",2026-07-28,12-25-31,Tuesday
317100314871,38474066,skyjlv,512033,GODDESS OF VICTORY: NIKKE,230,2026-07-28T03:54:12Z,en,"['English', 'chill', 'NoBackseatingUnlessAsked']",2026-07-28,12-25-31,Tuesday
315847598952,92112610,evscape,459931,Old School RuneScape,230,2026-07-27T21:33:45Z,en,"['English', 'dmallstars2']",2026-07-28,12-25-31,Tuesday
317100874999,649654712,tkzinvlr_,516575,VALORANT,230,2026-07-28T05:04:24Z,pt,"['Português', 'Inglês', 'VALORANＴ', 'espanhol']",2026-07-28,12-25-31,Tuesday
317744223064,19896210,valdudes,1669431183,DJs,230,2026-07-28T01:59:44Z,en,"['English', 'House', 'Techno', 'EDM', 'music', 'DJ', 'LGBQTIA']",2026-07-28,12-25-31,Tuesday
317099230455,1214996980,maemirror,506415, SEKIRO: SHADOWS DIE TWICE,230,2026-07-28T01:37:31Z,en,"['reaction', 'justchatting', 'English', 'ReadsChat', 'challenge', 'soulslike']",2026-07-28,12-25-31,Tuesday
317745047512,197702477,deadlynaya,491487,Dead by Daylight,230,2026-07-28T03:29:35Z,en,"['English', 'SurvivorMain', 'Educational', 'LOUD', 'Horror', 'gaming', 'jasonvoorhees', 'Fridaythe13th', 'dbdcreator', 'DropsEnabeled']",2026-07-28,12-25-31,Tuesday
318634699991,174838795,spowte,509511,Marbles on Stream,229,2026-07-28T01:40:48Z,en,"['English', 'Furry', 'FurryStreamer', 'Vtuber', '18pluschannel', 'LGBT', 'dumptruck', 'Bird', 'ibsAlly', 'DropsEnabled']",2026-07-28,12-25-31,Tuesday
316293114739,780248759,olko_official,55453844,Street Fighter 6,229,2026-07-28T01:50:46Z,ja,"['Vtuber', '日本語', 'EWC']",2026-07-28,12-25-31,Tuesday
315847691496,220677660,jacjac,500188,Hunt: Showdown 1896,228,2026-07-27T22:40:04Z,en,"['DogCamera', 'RestingWitchFace', 'Libra', 'bestlaugh', 'LegendaryWomen', 'English', 'CrytekPartner', 'Doggocam', 'feet', 'WomanInGaming']",2026-07-28,12-25-31,Tuesday
317097538551,90690332,levitatingkitty,32982,Grand Theft Auto V,228,2026-07-27T21:18:21Z,en,"['PositiveVibes', 'LGBTQIAFriendlySpace', 'HeadphoneWarning', 'English', 'gamergirlpower', 'gtarp', 'silly', 'goofy', 'Socialeating']",2026-07-28,12-25-31,Tuesday
315888061801,98814305,aandyh,65632,DayZ,228,2026-07-27T23:19:21Z,en,"['English', 'Variety', 'StarvingStreamer']",2026-07-28,12-25-31,Tuesday
318488230902,149081001,loryez,509658,Just Chatting,228,2026-07-28T00:20:37Z,pt,['Português'],2026-07-28,12-25-31,Tuesday
319629900892,121135020,moxsy,29307,Path of Exile,228,2026-07-27T23:20:02Z,en,"['English', 'DropsEnabled']",2026-07-28,12-25-31,Tuesday
318636104023,417852144,mcd00dle,26936,Music,228,2026-07-28T03:21:12Z,en,"['English', 'saxophone', 'ukulele', 'ocarina', 'ADHD', 'cowboycorner', 'teamgnome', 'duck', 'grwm']",2026-07-28,12-25-31,Tuesday
316580675540,1452895933,orangemorangeslots,498566,Slots,228,2026-07-27T16:22:12Z,de,['Deutsch'],2026-07-28,12-25-31,Tuesday
319699618144,727917698,4suvy,32982,Grand Theft Auto V,228,2026-07-28T02:39:03Z,en,"['English', 'gta', 'RP', 'GTAVFiveM']",2026-07-28,12-25-31,Tuesday
317744250712,98005263,birdyovo,1036710512,Palworld,227,2026-07-28T02:02:05Z,en,"['English', 'Vtuber', 'wholesome', '18pluschannel', 'ChaoticCozy', 'cozychaotic', 'Gremlin', 'Bird', 'DropsEnabled']",2026-07-28,12-25-31,Tuesday
320546939609,47849672,whycue,509658,Just Chatting,227,2026-07-27T21:56:28Z,en,['English'],2026-07-28,12-25-31,Tuesday
319633250780,38568005,xxxdesperadoxxx,1780647523,HITMAN World of Assassination,227,2026-07-28T02:25:16Z,en,"['Chill', 'Speedrun', 'Scary', 'Horror', 'English', 'Randomizer', 'Spooky', 'Subathon', 'Variety', 'Anime']",2026-07-28,12-25-31,Tuesday
320605130330,210915729,mxddy,1264310518,Marvel Rivals,227,2026-07-27T22:08:03Z,en,"['English', 'gorl', 'idkwhatimdoing', 'yapping', 'askaboutmydog', 'egoschat', 'SafeSpace', 'DogCam', 'NOTfamilyfriendly', 'DropsEnabled']",2026-07-28,12-25-31,Tuesday
318630898007,212015114,lost4k_,263490,Rust,226,2026-07-27T19:54:15Z,en,"['English', 'Rust', 'DropsEnabled']",2026-07-28,12-25-31,Tuesday
320608487898,120673862,peedenisonline,32982,Grand Theft Auto V,226,2026-07-28T00:50:55Z,en,"['AMA', 'youtube', 'pee', 'LGBTQ', 'woke', 'trans', 'ACAB', 'variety', 'English']",2026-07-28,12-25-31,Tuesday
318633820247,1518077,goldglove,278441117,Assassin's Creed Black Flag Resynced,226,2026-07-28T00:33:03Z,en,"['GoldGlove', 'English', 'PortlandTrailBlazers', 'SeattleMariners', 'DadsOfTwitch', 'ADHD', 'DropsEnabled']",2026-07-28,12-25-31,Tuesday
320540358361,908818451,toaststix,33214,Fortnite,226,2026-07-27T11:23:25Z,en,"['English', 'Toast']",2026-07-28,12-25-31,Tuesday
318487559030,666231969,albertobzm,32982,Grand Theft Auto V,226,2026-07-27T23:23:43Z,pt,"['LGBTQIAPlus', 'Português', 'RP', 'fivem', 'dalia', 'gtarp', 'gta5']",2026-07-28,12-25-31,Tuesday
319632137180,476830379,angelz,491487,Dead by Daylight,226,2026-07-28T01:20:20Z,en,"['English', 'Competitive', 'cynic', 'dbd']",2026-07-28,12-25-31,Tuesday
316512599765,1123504914,lilcandymlbb,494184,Mobile Legends: Bang Bang,225,2026-07-28T00:18:06Z,ru,"['Русский', 'mlbb', 'mobilelegends', 'МобаилЛегендс', 'Киберспорт', 'Lilcandymlbb', 'mobilelegendsLive']",2026-07-28,12-25-31,Tuesday
317099532279,197210702,demigodhue,491487,Dead by Daylight,225,2026-07-28T02:17:11Z,en,"['SafeSpace', 'English', 'Cosplay', 'dbd', 'deadbydaylight', 'SteveHarrington', 'IntoTheFog', 'juicer', 'moonwalker']",2026-07-28,12-25-31,Tuesday
318625989108,93529406,f0rsakenwow,980422880,Dinoblade,224,2026-07-28T02:28:10Z,pt,"['Português', 'rage']",2026-07-28,12-25-31,Tuesday
316293249395,81296754,detonator_robin,491931,Escape from Tarkov,224,2026-07-28T02:44:25Z,ja,['日本語'],2026-07-28,12-25-31,Tuesday
319567059422,60537669,o_p_hacker,13389,Age of Empires II,224,2026-07-27T21:19:02Z,en,"['English', 'drops']",2026-07-28,12-25-31,Tuesday
318556322933,472847130,badgecenter,386821,Black Desert,223,2026-07-27T15:38:24Z,en,"['Badge', 'Emblem', 'kaicenat', 'English', 'mecchachameleon', 'Rerun', 'DropsEnabled']",2026-07-28,12-25-31,Tuesday
318623454580,175726538,fenand4,21779,League of Legends,223,2026-07-27T22:47:00Z,pt,['Português'],2026-07-28,12-25-31,Tuesday
315909517418,74601799,balormage,29307,Path of Exile,222,2026-07-28T02:09:43Z,en,"['English', 'DropsEnabled']",2026-07-28,12-25-31,Tuesday
315909278826,73153515,myelingames,407314011,Marathon,221,2026-07-28T00:05:26Z,en,"['English', 'Australian']",2026-07-28,12-25-31,Tuesday
318633121623,665750145,nothingb4kaiyo,509672,IRL,221,2026-07-27T23:35:33Z,en,['English'],2026-07-28,12-25-31,Tuesday
319564465630,270638957,alinaavii,509658,Just Chatting,221,2026-07-27T17:08:52Z,ru,"['Русский', 'DropsВключены']",2026-07-28,12-25-31,Tuesday
318633468887,59839021,whisqey,509658,Just Chatting,221,2026-07-28T00:04:22Z,en,"['English', 'LGBTQ', 'smallpp', 'MediumUgly', 'wisdom', 'kidneystones', 'Latina', 'handsome', 'bigballs']",2026-07-28,12-25-31,Tuesday
320723332699,601920949,heysoymariaa,509659,ASMR,221,2026-07-28T03:44:58Z,es,"['Español', 'ASMR', 'English', 'Latina', 'dominicana', 'MultiStreaming', 'liveasmr']",2026-07-28,12-25-31,Tuesday
317909858023,435984259,zvezdo4kina,509658,Just Chatting,221,2026-07-28T02:28:39Z,ru,['Русский'],2026-07-28,12-25-31,Tuesday
320608827994,97224375,dannyled,27471,Minecraft,219,2026-07-28T01:03:30Z,es,"['Español', 'Vtuber']",2026-07-28,12-25-31,Tuesday
318045083749,161580815,zg__,278441117,Assassin's Creed Black Flag Resynced,219,2026-07-27T12:59:58Z,en,"['English', 'Русский', 'DropsEnabled']",2026-07-28,12-25-31,Tuesday
318562330357,154843490,isaroza_,1435206302,Slay the Spire II,218,2026-07-28T03:31:00Z,pt,['Português'],2026-07-28,12-25-31,Tuesday
316542712790,1129713302,akuta666,32399,Counter-Strike,217,2026-07-28T03:52:00Z,ru,"['Русский', 'Nekzey', 'counterstrike', 'counterstrike2', 'CS2', 'кс2', 'akutagawa', 'AKUTA']",2026-07-28,12-25-31,Tuesday
318053005157,140766201,nofearr1337,27471,Minecraft,217,2026-07-28T04:59:49Z,en,"['speedrun', 'minecraft', 'English']",2026-07-28,12-25-31,Tuesday
316237191410,77878104,disbearex,763595669,Into the Dead: Our Darkest Days,217,2026-07-28T00:39:05Z,en,"['English', 'Horror', 'Anime', 'Variety', 'VoiceActing', 'Roleplay', 'goofygoober', 'Derp']",2026-07-28,12-25-31,Tuesday
317743141080,137098928,impheetus,1036710512,Palworld,217,2026-07-27T23:46:37Z,en,"['English', '420', 'Circumsized']",2026-07-28,12-25-31,Tuesday
316228892529,855786559,pumpupupu,2009321156,Dark and Darker,216,2026-07-28T02:44:24Z,ja,"['日本語', '雑談', 'Drops有効']",2026-07-28,12-25-31,Tuesday
320602933850,38368079,garek,518873,"Warhammer 40,000: Darktide",216,2026-07-27T19:51:52Z,en,"['Anime', 'IBS', 'Vtuber', 'Cringe', 'English', 'GTARP', 'bald', 'corn']",2026-07-28,12-25-31,Tuesday
320722215643,764718554,ashu,19976,MapleStory,216,2026-07-28T02:50:56Z,en,"['English', 'Cantonese', 'Chinese', 'pokemon', 'maplestory']",2026-07-28,12-25-31,Tuesday
320609597658,664896385,eiseitsukimaru,456845141,Zenless Zone Zero,216,2026-07-28T01:34:50Z,en,"['Vtuber', 'Anime', 'VoiceActor', 'NoSpoilers', 'MoonGoddess', 'MagicalGirl', 'comfy', 'cozy', 'English']",2026-07-28,12-25-31,Tuesday
320720215003,49745737,elsenote_,93798731,F1 25,215,2026-07-28T01:27:03Z,es,"['Español', 'F1', 'Monterrey']",2026-07-28,12-25-31,Tuesday
319632824540,947010422,huskypuppies35,1743359147,MARVEL SNAP,214,2026-07-28T01:59:40Z,en,"['English', 'snap', 'marvelsnap', 'highmmr', 'Codes', 'giveaway']",2026-07-28,12-25-31,Tuesday
318626461940,512345320,mathskrr,498566,Slots,214,2026-07-28T03:18:57Z,pt,['Português'],2026-07-28,12-25-31,Tuesday
320612368858,144621813,viibiin,491931,Escape from Tarkov,214,2026-07-28T03:38:11Z,en,['English'],2026-07-28,12-25-31,Tuesday
316292289395,451374597,muse_tw,509658,Just Chatting,214,2026-07-27T19:28:48Z,zh,"['中文', '動畫', '木棉花', '馬拉松']",2026-07-28,12-25-31,Tuesday
319698291680,44812713,brazilianshorty,509658,Just Chatting,214,2026-07-28T01:19:39Z,en,"['English', 'Brazilian', 'brazil', 'Afrolatina', 'warzone', 'momgamer', 'Português', 'Portuguese', 'vibesandchill']",2026-07-28,12-25-31,Tuesday
316540849110,880280523,b1ezzed,509658,Just Chatting,214,2026-07-27T18:51:23Z,ru,['Русский'],2026-07-28,12-25-31,Tuesday
317744386776,204453760,ohbenjitv,490100,Lost Ark,213,2026-07-28T02:17:40Z,en,"['English', 'games', 'LostArkGame']",2026-07-28,12-25-31,Tuesday
318117716838,1510857316,eliasn97_vod,499973,Always On,213,2026-07-27T21:04:11Z,de,"['Deutsch', 'Wiederholen']",2026-07-28,12-25-31,Tuesday
320554401497,1121962475,playto_ow,515025,Overwatch,213,2026-07-28T03:41:03Z,en,"['English', 'Pastafarian', 'Burger', 'DropsEnabled']",2026-07-28,12-25-31,Tuesday
316583662676,1087163321,ozgur,516588,Rise Online,212,2026-07-28T02:41:45Z,tr,"['Türkçe', 'riseonline', 'riseonlineworld', 'RiseonlineDrop', 'DroplarAktif', 'DroplarEtkin']",2026-07-28,12-25-31,Tuesday
317903865575,455993452,sharonqueen,509659,ASMR,212,2026-07-27T15:20:22Z,en,"['asmr', 'yoga', 'girl', 'mommy', 'goddess', 'fitness', 'anime', 'queen', 'dominant', 'licking']",2026-07-28,12-25-31,Tuesday
317099429367,570666589,aiiygatorz,497057,Destiny 2,212,2026-07-28T02:03:50Z,en,"['ADHD', 'PvP', 'FPS', 'Girlboss', 'English']",2026-07-28,12-25-31,Tuesday
319569196638,941612275,imblade,32982,Grand Theft Auto V,212,2026-07-27T23:38:51Z,en,['English'],2026-07-28,12-25-31,Tuesday
318627002100,412538253,hoppusfps,29452,Virtual Casino,212,2026-07-28T04:42:27Z,pt,"['Português', 'Español', 'Espàñol']",2026-07-28,12-25-31,Tuesday
315909835498,253636060,michelia3,509658,Just Chatting,211,2026-07-28T04:44:32Z,zh,"['中文', '启用掉宝']",2026-07-28,12-25-31,Tuesday
320547843033,2601579,mew2king,16282,Super Smash Bros. Melee,211,2026-07-27T22:47:47Z,en,['English'],2026-07-28,12-25-31,Tuesday
320578548954,31837162,quicksandgm,509658,Just Chatting,211,2026-07-26T07:57:25Z,en,"['lebanese', 'toronto', 'Variety', 'English', 'Improv', 'Comedy', 'funny', 'chill', 'habibi', 'Chaotic']",2026-07-28,12-25-31,Tuesday
320720199771,187223610,leeshcapeesh,1918259609,Road to Empress II,211,2026-07-28T01:26:19Z,en,"['Chatty', 'ClosedCaption', 'ChaoticNeutral', 'RandomScreamer', 'AstrologyNerd', '18Plus', 'English', 'LurkerFriendly', 'Black']",2026-07-28,12-25-31,Tuesday
318634835543,1038346609,bobbooobpb,415998825,Guildrun,210,2026-07-28T01:51:47Z,en,"['English', 'BackpackBattles']",2026-07-28,12-25-31,Tuesday
320551513945,26193382,frozendesire,982017546,Palia,210,2026-07-28T01:33:48Z,en,"['momgamer', 'PlantLover', 'Canadian', 'PriorityisChat', 'Cozy', 'affirmations', 'English', 'softvoice', 'loftiapartner', 'PaliaPartner']",2026-07-28,12-25-31,Tuesday
320552842073,160688454,ralph,491487,Dead by Daylight,210,2026-07-28T02:28:48Z,en,"['ADHD', 'Huntress', 'Conversation', 'English']",2026-07-28,12-25-31,Tuesday
317910214759,431200070,myrealthailand,509672,IRL,210,2026-07-28T04:30:01Z,de,"['Deutsch', 'Thailand', 'IRL', 'Farming', 'Auswandern', 'Reisen', 'BauenUndPlaudern', 'tierefüttern', 'travel', 'Scooter']",2026-07-28,12-25-31,Tuesday
318633667927,488913562,badgearchive,1448964995,ARKNIGHTS: ENDFIELD,210,2026-07-28T00:20:46Z,en,"['English', 'Rerun', 'DopsEnabled', 'ArknightsEndfield', 'drops', 'Arknights', 'DropsEnabled']",2026-07-28,12-25-31,Tuesday
318637376471,70520787,assistmedoom,495061,Xenoblade Chronicles 2,210,2026-07-28T04:49:24Z,en,['English'],2026-07-28,12-25-31,Tuesday
318110397030,477633002,lvcaoabelha,1730141938,Night Runners,209,2026-07-27T08:01:46Z,pt,"['Português', 'música', 'Conversa', 'ApenasConversando', 'uno', 'justcchatting', 'Brasileiro', 'brasilgaming', 'humor', 'REMATCH']",2026-07-28,12-25-31,Tuesday
319572689374,235634967,yuggie_tv,509658,Just Chatting,208,2026-07-28T03:01:48Z,en,"['English', 'IRL', '한국어']",2026-07-28,12-25-31,Tuesday
318635146199,42361222,chadjungle,21779,League of Legends,208,2026-07-28T02:13:14Z,en,"['SoloQ', 'leagueoflegends', 'ADHD', 'jungler', 'informative', 'jg', 'LGBTQfriendly', 'Educational', 'English', 'Challenger']",2026-07-28,12-25-31,Tuesday
316542842326,1133403292,ecs_tv,494184,Mobile Legends: Bang Bang,207,2026-07-28T04:59:38Z,en,['English'],2026-07-28,12-25-31,Tuesday
319630901212,477885912,bullet,2112738408,NBA 2K26,207,2026-07-28T00:14:30Z,en,['English'],2026-07-28,12-25-31,Tuesday
318488179318,261085596,mellzitos,509658,Just Chatting,207,2026-07-28T00:16:19Z,pt,"['Português', 'English']",2026-07-28,12-25-31,Tuesday
320722747611,588199800,coachmaryy,32399,Counter-Strike,207,2026-07-28T03:15:08Z,en,"['NØØB', 'cool', 'jacked', 'humble', 'counterstrike', 'burger', 'booger', 'awesome', 'funny', 'English']",2026-07-28,12-25-31,Tuesday
320548311513,12578353,sidearms4reason,459931,Old School RuneScape,207,2026-07-27T23:09:54Z,en,['English'],2026-07-28,12-25-31,Tuesday
320723982683,476703571,el_xox,509658,Just Chatting,206,2026-07-28T04:21:53Z,en,"['English', 'LGBTQ', 'Vtuber', 'ENVtuber', 'Nonbinary', 'girlfailure', 'badatgames', 'yuri', 'mlp', 'SIGMA']",2026-07-28,12-25-31,Tuesday
319571559134,18016233,ruff_stuff_tv,490422,StarCraft II,206,2026-07-28T01:49:29Z,en,['English'],2026-07-28,12-25-31,Tuesday
320553445849,133516424,laribug,509658,Just Chatting,206,2026-07-28T02:55:27Z,en,"['improv', 'Anime', 'FlowArts', 'VisualASMR', 'HoopDance', 'Dance', 'Freestyle', 'English', 'ReadingAloud', 'FirstPlaythough']",2026-07-28,12-25-31,Tuesday
320724243931,25467580,b4nny,16676,Team Fortress 2,206,2026-07-28T04:36:55Z,en,['English'],2026-07-28,12-25-31,Tuesday
318636668247,623048421,melzii,552900574,Dive or Die: Children of Rain,205,2026-07-28T03:59:21Z,en,"['ADHD', 'AuDHD', 'LurkerFriendly', 'LGBTQIAPlus', 'CraftWitch', 'Derp', 'SlowPlaythrough', 'Chatty', 'DarkMode', 'English']",2026-07-28,12-25-31,Tuesday
318562734069,889408683,mr_timba7,498566,Slots,205,2026-07-28T04:38:50Z,es,['Español'],2026-07-28,12-25-31,Tuesday
317099037047,250852256,iqcontained,2112738408,NBA 2K26,205,2026-07-28T01:10:09Z,en,"['Competitive', 'Interactive', 'Entertainment', 'Basketball', 'Gaming', 'NBA2K', 'NBA2K26', 'English']",2026-07-28,12-25-31,Tuesday
316293468275,181642473,day1lol,114524791,Shadowverse: Worlds Beyond,205,2026-07-28T04:06:30Z,ja,"['鳩禁止', 'ネタバレ禁止', '初見', '無印済', '日本語']",2026-07-28,12-25-31,Tuesday
318632036567,444743773,lyss,2012789438,Call of Duty: Black Ops 7,205,2026-07-27T21:55:22Z,en,"['English', 'Asian', 'Latina', 'Multiplayer', 'Cozy', 'rage', 'rank', 'rankedplay', 'Interactive', 'holidayhoopla']",2026-07-28,12-25-31,Tuesday
317317601378,133402142,barbe___douce,20596,Dofus,204,2026-07-28T05:05:11Z,fr,"['ankama', 'dofus', 'mmorpg', 'français', 'Digresseurprofessionnel', 'PvM', 'Quetes', 'Succes', 'Monocompte', 'Discussion']",2026-07-28,12-25-31,Tuesday
316542518358,1045648105,europeancircuit,21779,League of Legends,204,2026-07-28T02:01:30Z,en,['English'],2026-07-28,12-25-31,Tuesday
319624340060,137786375,luxthos,26881,Grim Dawn,204,2026-07-27T14:52:29Z,en,"['English', 'AMA', 'Québec', 'MMORPG', 'ARPG', 'LurkerFriendly', 'Interactive', 'giveaway']",2026-07-28,12-25-31,Tuesday
319634436316,91060336,3mglive,509658,Just Chatting,204,2026-07-28T03:52:56Z,en,['English'],2026-07-28,12-25-31,Tuesday
320693186395,105623158,mst3k,499973,Always On,203,2026-07-26T16:45:06Z,en,"['MST3K', 'Movies', 'Movie', 'TV', 'Retro', 'AlwaysOn', 'Television', 'Comedy', 'Film', 'films']",2026-07-28,12-25-31,Tuesday
320609155162,498983893,isaiah_mtg,2748,Magic: The Gathering,203,2026-07-28T01:16:24Z,en,"['English', 'stuff', 'things', 'beard', 'tattoos', 'SoothingVoice', 'draft']",2026-07-28,12-25-31,Tuesday
315888600553,953474794,faeyris,2085980140,Lethal Company,203,2026-07-28T04:03:13Z,en,"['English', 'silly', 'comfy', 'kpop', '日本語', 'girl', 'food', 'vtuber']",2026-07-28,12-25-31,Tuesday
316228959345,132349933,snootydeath,509658,Just Chatting,203,2026-07-28T03:12:20Z,en,"['Daddy', 'chill', 'Yapper', 'VTuber', 'ADHD', 'Chatty', 'SafeSpace', 'ENVtuber', 'English', 'VisualASMR']",2026-07-28,12-25-31,Tuesday
320550005337,66455112,ag_deivi,6667,Barbie and the Magic of Pegasus,203,2026-07-28T00:29:37Z,es,['Español'],2026-07-28,12-25-31,Tuesday
320720027611,158966620,simplymatthias,493057,PUBG: BATTLEGROUNDS,202,2026-07-28T01:19:10Z,en,"['English', 'Ranked', 'Competitive', 'Pro']",2026-07-28,12-25-31,Tuesday
318119192166,599459353,knebel_de,71375,Star Citizen,202,2026-07-28T01:40:18Z,de,['Deutsch'],2026-07-28,12-25-31,Tuesday
315888083561,909677712,mitsuki3i,509658,Just Chatting,201,2026-07-27T23:34:04Z,zh,"['ASMR', 'Vtuber', '中文']",2026-07-28,12-25-31,Tuesday
318036437989,487510275,lofigirl,26936,Music,201,2026-07-26T15:48:18Z,en,"['study', 'chill', 'music', 'playlist', 'radio', 'relax', 'beats', 'lofi', 'lofigirl', 'sleep']",2026-07-28,12-25-31,Tuesday
318052542181,173988850,daetojestkaa,138585,Hearthstone,201,2026-07-28T02:31:11Z,ru,"['ARENA', '12Wins', 'Leaderboard', 'Русский', 'Arena']",2026-07-28,12-25-31,Tuesday
316542861782,591385433,mrsxxot,509672,IRL,201,2026-07-28T05:09:25Z,ru,"['Русский', 'IRL', 'girl', 'общение', 'English', 'drops', 'justchatting', 'doors']",2026-07-28,12-25-31,Tuesday
318488544374,254800384,ddd_pinda,19619,Tibia,201,2026-07-28T00:48:56Z,pt,['Português'],2026-07-28,12-25-31,Tuesday
316235976434,810345657,tecnofilms,509511,Marbles on Stream,200,2026-07-27T15:25:18Z,es,"['Español', 'DropsActivados']",2026-07-28,12-25-31,Tuesday
317098387447,1124255565,merberry0410,509658,Just Chatting,200,2026-07-27T23:38:34Z,en,"['English', 'Asian', 'korean', 'Canada', '한국어', 'Korea', 'idol']",2026-07-28,12-25-31,Tuesday
320712826203,409001833,floppyjimmie,1248698972,Super Mario Galaxy,199,2026-07-27T18:32:49Z,en,"['IRL', 'English', 'online', 'DropsEnabled']",2026-07-28,12-25-31,Tuesday
320691210203,1421187451,cs2news,32399,Counter-Strike,198,2026-07-26T13:42:04Z,ru,"['CS2', 'CS2NEWS', 'cs3news', 'cs2major', 'csgonews', 'CS2', 'CSGOSTREAM', 'evelone192', 'evelone2004', 'Повтор']",2026-07-28,12-25-31,Tuesday
316229123057,934741705,amatsukasatan,491931,Escape from Tarkov,198,2026-07-28T04:14:20Z,ja,"['Vtuber', '作業用', '日本語']",2026-07-28,12-25-31,Tuesday
320611326938,101648176,elstronk,512710,Call of Duty: Warzone,198,2026-07-28T02:48:43Z,es,['Español'],2026-07-28,12-25-31,Tuesday
318633946583,45301539,worldofchap,490377,Sea of Thieves,198,2026-07-28T00:43:47Z,en,"['English', 'DropsEnabled']",2026-07-28,12-25-31,Tuesday
318635227607,194806607,saul,18122,World of Warcraft,197,2026-07-28T02:19:23Z,en,"['Arena', 'PvP', 'Enhance', 'English']",2026-07-28,12-25-31,Tuesday
317742140120,709629345,sacred,511224,Apex Legends,197,2026-07-27T21:17:18Z,en,"['English', 'DropsEnabled']",2026-07-28,12-25-31,Tuesday
315357509358,815427798,huidaro1004,509658,Just Chatting,197,2026-07-28T03:59:51Z,ko,"['한국어', 'korean', 'Dance', 'kpop', 'English']",2026-07-28,12-25-31,Tuesday
320525882841,1139435464,yugioh_official,1119642287,Yu-Gi-Oh! Master Duel,197,2026-07-26T18:27:18Z,en,"['YuGiOh', 'anime', 'tv', 'pokemon', 'digimon', 'movie', 'movies', 'Pokémon', 'cartoon', 'cartoons']",2026-07-28,12-25-31,Tuesday
316228640753,902215505,yokojpn4,509658,Just Chatting,197,2026-07-28T01:02:11Z,ja,"['English', 'Japanese', '日本語', 'Japan', '日本', 'IRL']",2026-07-28,12-25-31,Tuesday
318635313495,30661033,saintvicious,415998825,Guildrun,196,2026-07-28T02:25:56Z,en,['English'],2026-07-28,12-25-31,Tuesday
317742754264,482842978,ipoketcg,9618,Pokémon Trading Card Game,196,2026-07-27T22:52:42Z,en,"['pokemon', 'pokemonlive', 'pokemontcg', 'ascendedheroes', 'ipoketcg', 'English']",2026-07-28,12-25-31,Tuesday
319571507166,115943443,heavenlyuchiha,538054672,TEKKEN 8,196,2026-07-28T01:46:22Z,en,"['anime', 'black', 'safeplace', 'English', 'reina', 'Mishima']",2026-07-28,12-25-31,Tuesday
320611821274,13343566,filisgg,509658,Just Chatting,195,2026-07-28T03:11:15Z,es,"['Español', 'filisgg', 'Retro', 'minecraft']",2026-07-28,12-25-31,Tuesday
319571255774,592394083,skil,2012789438,Call of Duty: Black Ops 7,195,2026-07-28T01:31:18Z,en,['English'],2026-07-28,12-25-31,Tuesday
318635492439,642842386,carsonyaps,1678532194,EA Sports College Football 27,195,2026-07-28T02:38:25Z,en,"['English', 'egirl', 'girlgamer', '18plus', 'RespondsToChat', 'giveaway', 'American', 'Community', 'NewViewersWelcomed']",2026-07-28,12-25-31,Tuesday
316542691542,1350422902,destinyleague_d2_ru1,29595,Dota 2,194,2026-07-28T03:40:42Z,ru,"['Русский', 'dota2']",2026-07-28,12-25-31,Tuesday
316228176241,154537723,zikesan,509672,IRL,194,2026-07-27T21:24:32Z,ja,"['日本語', 'Japanese', 'English', 'IRL', '顔出し', '日本', 'Japan', 'driving', 'Français', 'trucking']",2026-07-28,12-25-31,Tuesday
316228640625,510473442,crazyjapanese,509658,Just Chatting,193,2026-07-28T01:02:11Z,en,"['English', 'Japan']",2026-07-28,12-25-31,Tuesday
318626751604,498213822,sorckfps,516575,VALORANT,193,2026-07-28T03:58:53Z,es,"['Español', 'valorant']",2026-07-28,12-25-31,Tuesday
316237471986,77430846,kabeosyama,21779,League of Legends,192,2026-07-28T02:35:41Z,ja,['日本語'],2026-07-28,12-25-31,Tuesday
318049502309,31239503,eslcs,32399,Counter-Strike,192,2026-07-27T19:10:03Z,en,['English'],2026-07-28,12-25-31,Tuesday
319572251358,199164328,gl40labsrat,401587136,Arena Breakout: Infinite,192,2026-07-28T02:31:38Z,en,"['Solo', 'Dad', 'Help', 'Friendly', 'Quest', 'Roubles', 'English', 'arenabreakoutinfinite', 'ABI', 'DropsEnabled']",2026-07-28,12-25-31,Tuesday
320593855450,2734215,zeldadungeon,10979,The Legend of Zelda,192,2026-07-27T02:57:47Z,en,"['English', 'Zelda', 'Speedrun', 'BeginnerFriendly', 'Marathon', 'Charity', 'thelegendofzelda']",2026-07-28,12-25-31,Tuesday
320717608923,515513353,itsstephlee,30028,The Elder Scrolls V: Skyrim,192,2026-07-27T23:31:19Z,en,['English'],2026-07-28,12-25-31,Tuesday
318625566551,195798583,yeo_ul,509658,Just Chatting,191,2026-07-27T04:17:37Z,en,"['English', '中文', 'Deutsch', 'Español', 'Italiano', 'Français', 'Español', 'girl', 'IRL', 'Русский']",2026-07-28,12-25-31,Tuesday
318637720919,848792986,cloudcrystall,509659,ASMR,191,2026-07-28T05:15:55Z,en,"['English', 'ASMR', 'cozystream', '3dioASMR']",2026-07-28,12-25-31,Tuesday
320587273050,960389260,flemgodthegreat,509658,Just Chatting,191,2026-07-26T21:40:05Z,en,"['English', 'Veteran', 'blackgirlstream', 'Blackgirlgamers', 'ArmyVeteran', 'AllLanguages', 'Filipino', 'FilipinoGamer', 'girlswithtattoos', 'Veterangamer']",2026-07-28,12-25-31,Tuesday
315848140520,197261347,futwiz_mark11,624536948,EA Sports FC 26,191,2026-07-28T02:54:31Z,en,['English'],2026-07-28,12-25-31,Tuesday
317745072728,37960068,mosquieto,18122,World of Warcraft,190,2026-07-28T03:32:11Z,en,['English'],2026-07-28,12-25-31,Tuesday
317744363736,427741464,tayluss_twitch,511224,Apex Legends,190,2026-07-28T02:15:16Z,es,"['Español', 'Inglés', 'apex', 'apexlegends', 'Repetir', 'DropsActivados']",2026-07-28,12-25-31,Tuesday
319569232990,639355031,tapinwittoot,509658,Just Chatting,189,2026-07-27T23:41:04Z,en,['English'],2026-07-28,12-25-31,Tuesday
318637168215,10393956,vesperarcade,2030977008,Avatar Legends: The Fighting Game,189,2026-07-28T04:34:02Z,en,['English'],2026-07-28,12-25-31,Tuesday
318100900966,92655587,rescue,1820378900,Resident Evil 4,189,2026-07-26T10:00:20Z,en,"['English', 'Comfy']",2026-07-28,12-25-31,Tuesday
318560910325,705492806,branca,20922,Habbo,189,2026-07-28T01:03:27Z,pt,['Português'],2026-07-28,12-25-31,Tuesday
318636701783,718084076,briicosplays,512998,The Legend of Zelda: Tears of the Kingdom,189,2026-07-28T04:01:11Z,en,"['English', 'Cosplay', 'Chatty', 'Woman', 'NoBackseating', 'firstplaythgrough']",2026-07-28,12-25-31,Tuesday
318118670566,944627117,kiaraoksi,29595,Dota 2,189,2026-07-27T23:27:03Z,ru,"['Русский', 'девушка', 'общение']",2026-07-28,12-25-31,Tuesday
320721073499,462208622,elsrsanto,2030977008,Avatar Legends: The Fighting Game,189,2026-07-28T02:02:31Z,es,"['Español', 'elsrsanto', 'elciber', 'podcast', 'comedía', 'Comedy', 'comunidad', 'justcchatting', 'México']",2026-07-28,12-25-31,Tuesday
315888739817,31067155,uma_kagami,324632683,hololive Dreams,188,2026-07-28T05:03:49Z,zh,['中文'],2026-07-28,12-25-31,Tuesday
320603767130,146790215,replays,34134,Call of Duty: Black Ops II,188,2026-07-27T20:47:14Z,en,"['English', 'FamilyFriendly', 'Fortnite', 'Energetic']",2026-07-28,12-25-31,Tuesday
320718261595,97013611,marcecatfish,66082,Games + Demos,188,2026-07-28T00:02:15Z,en,"['largeandincharge', 'ToxicStreamer', 'vore', 'adhd', 'furry', '18plus', 'MorbidlyABeast', 'Fatfur', 'SizeDifference', 'Slop']",2026-07-28,12-25-31,Tuesday
315848167656,115678140,aer0plane,29307,Path of Exile,188,2026-07-28T03:08:18Z,en,"['horror', 'singapore', 'singaporestreamer', 'arpg', 'English']",2026-07-28,12-25-31,Tuesday
320553857625,78116651,hectic,624536948,EA Sports FC 26,188,2026-07-28T03:14:02Z,en,"['English', 'dudes', 'rizz', 'clartnation']",2026-07-28,12-25-31,Tuesday
318562645237,139608412,fox1w,32399,Counter-Strike,188,2026-07-28T04:22:38Z,pt,['Português'],2026-07-28,12-25-31,Tuesday
318488839030,552777092,bacontibia,19619,Tibia,188,2026-07-28T01:12:18Z,pt,"['Português', 'Tibia', 'MMORPG', 'rubinot', 'RPG', 'otserver']",2026-07-28,12-25-31,Tuesday
319570218718,1290591681,jitnoward,1264310518,Marvel Rivals,187,2026-07-28T00:34:26Z,en,"['English', 'spiderman', 'DareDevil', 'venom', 'femboy', 'Jitlixir', 'arab', 'deadpool', 'top500', 'OAA']",2026-07-28,12-25-31,Tuesday
316237551986,120182303,toraneco,516575,VALORANT,186,2026-07-28T03:07:06Z,ja,"['日本語', 'VALORANＴ']",2026-07-28,12-25-31,Tuesday
317098792439,489994832,emelea,1669431183,DJs,186,2026-07-28T00:36:06Z,en,"['DJ', 'English', 'guitar', 'DanceMusic', 'EDM', 'rave', 'Dance', 'djset', 'Trance', 'Progressive']",2026-07-28,12-25-31,Tuesday
315820642002,545264735,humandilemma,509658,Just Chatting,186,2026-07-26T19:01:08Z,en,"['IRL', 'chat', 'Educational', 'English']",2026-07-28,12-25-31,Tuesday
320722711259,611255972,checoche14,27471,Minecraft,186,2026-07-28T03:13:18Z,es,['Español'],2026-07-28,12-25-31,Tuesday
318635448151,151289347,zephracarl,494508,Yu-Gi-Oh! Duel Links,186,2026-07-28T02:35:12Z,es,"['Español', 'YuGiOh', 'DuelLinks', 'SV', 'JcJ', 'Ranked', 'Rankedduels', 'ElSalvador']",2026-07-28,12-25-31,Tuesday
318633803351,249728680,hyphala,509660,Art,185,2026-07-28T00:31:31Z,en,"['Narwhal', 'Demon', 'Blue', 'ADHD', 'Gremlin', 'Vtuber', 'LOUD', 'REEEEEEEEEEEEEEEEEEEEEEEE', 'Chaotic', 'FirstPlaythrough']",2026-07-28,12-25-31,Tuesday
318051010149,427299487,viernulla,1036710512,Palworld,185,2026-07-27T21:26:16Z,de,"['Deutsch', 'Cozy', 'SafeSpace', 'LootGoblin', 'LateNightStream', 'Palworld', 'Survival', 'Multiplayer']",2026-07-28,12-25-31,Tuesday
315909534058,192832500,j_little,494184,Mobile Legends: Bang Bang,184,2026-07-28T02:18:54Z,ru,"['mlbb', 'mobile', 'legends', 'mobilelegends', 'фильм', 'общение', 'Русский']",2026-07-28,12-25-31,Tuesday
319693779168,143762141,ezzmoandyoyo,509672,IRL,184,2026-07-27T20:29:52Z,en,['English'],2026-07-28,12-25-31,Tuesday
318561738485,51993057,lucas1,32399,Counter-Strike,184,2026-07-28T02:21:20Z,pt,"['Português', 'CS2', 'proplayer', 'fps', 'Competitivo', 'queota']",2026-07-28,12-25-31,Tuesday
318119238118,606610688,killmehermit,491487,Dead by Daylight,184,2026-07-28T01:54:52Z,ru,"['Русский', 'ДОБРО', 'ПОЗИТИВ', 'ДОБРЫЙВАЙБ']",2026-07-28,12-25-31,Tuesday
319571025886,114667740,snakecase2,1264310518,Marvel Rivals,184,2026-07-28T01:18:06Z,en,"['Venom', 'top500', 'magneto', 'snakeCase', 'marvelrivals', 'English', 'greenbean', 'marvelrivalsdeadpool', 'DropsEnabled']",2026-07-28,12-25-31,Tuesday
316228272881,180406537,nnntarpe,15681,Kirby 64: The Crystal Shards,183,2026-07-27T22:11:51Z,ja,"['日本語', 'チル', 'ネタバレあり']",2026-07-28,12-25-31,Tuesday
319549748702,31852423,shizu,509663,Special Events,183,2026-07-26T16:02:03Z,en,"['English', 'MaleVtuber', 'Vtuber', 'ADHD', 'ENVtuber', 'twinkmaxxing', 'femboy', 'palworld']",2026-07-28,12-25-31,Tuesday
316291770867,513408854,akai_ryoka,116747788,"Pools, Hot Tubs, and Beaches",182,2026-07-27T15:50:23Z,ru,"['Dance', 'общение', 'Русский', 'English', 'Asian', 'girl', '中文', 'Кореянка', 'kpop', 'Повтор']",2026-07-28,12-25-31,Tuesday
320550215641,126127894,squidfan99,27471,Minecraft,182,2026-07-28T00:38:43Z,en,"['DonutSMP', 'minecraft', 'English', 'donut', 'DonutSMPnet']",2026-07-28,12-25-31,Tuesday
319698158688,823473652,wifellc,1328935758,Alter Evo,182,2026-07-28T01:12:00Z,en,"['forsen', 'xqc', 'English', 'divvity', 'freaky', 'Irish', 'variety', 'brazil', 'Linux', 'Australia']",2026-07-28,12-25-31,Tuesday
319700262752,56116271,levelupkent,18122,World of Warcraft,182,2026-07-28T03:26:43Z,en,"['English', 'PlayingWithViewers', 'AMA', 'BackseatingAllowed', 'FirstPlaythrough', 'Hardcore', 'Challengerun', 'SpeedRun', 'Anime', 'Permadeath']",2026-07-28,12-25-31,Tuesday
318117898342,574254875,clownpierce,512953,ELDEN RING,182,2026-07-27T21:25:13Z,en,"['English', 'RPG', 'minecraft', 'eldenring', 'Variety', 'clown', '18plus', '18plusstream', 'minecraft']",2026-07-28,12-25-31,Tuesday
318632673239,428953431,saerek,19976,MapleStory,182,2026-07-27T22:57:30Z,en,"['English', 'talentedplayer', 'HighIQ', 'performative', 'socalasian', 'korean']",2026-07-28,12-25-31,Tuesday
315888232553,629423634,hawkie,11557,The Legend of Zelda: Ocarina of Time,182,2026-07-28T01:00:11Z,en,"['English', 'ASMR', 'TheresAGoblinInMyPocket', 'AndImGoingToThrowItAtYou']",2026-07-28,12-25-31,Tuesday
320610650842,491782455,freesuave,464339927,ARC Raiders,182,2026-07-28T02:18:43Z,en,"['ARCraiders', 'FUNNY', 'TTS', 'DROPS', 'English']",2026-07-28,12-25-31,Tuesday
318634451671,180503296,slush_dogg,10033,Banjo-Kazooie,181,2026-07-28T01:20:58Z,en,"['Furry', 'VTuber', 'LGBTQIA', 'NonBinary', 'NintenDogg', 'MaleGachaStream', 'EmotionalSupportDog', 'NostalgiaHunter', 'English']",2026-07-28,12-25-31,Tuesday
317095668215,277624494,dashducks,272263131,"Animals, Aquariums, and Zoos",181,2026-07-27T13:15:22Z,en,"['English', 'Animals', 'FamilyFriendly', 'Positivity', '24hour', 'Wildlife']",2026-07-28,12-25-31,Tuesday
315808006097,82996418,prestoncitron,491931,Escape from Tarkov,181,2026-07-27T21:31:15Z,fr,"['Français', 'handicap', 'multigaming', 'Bienveillance']",2026-07-28,12-25-31,Tuesday
316228718705,476952237,pz_duoduo,509658,Just Chatting,181,2026-07-28T01:31:07Z,zh,"['中文', '聊天', '繪圖', '皮立']",2026-07-28,12-25-31,Tuesday
315980775532,85289321,aldiyargh,498592,I'm Only Sleeping,180,2026-07-27T20:14:55Z,ru,"['Казахстан', 'казах', 'Русский', 'денежныйкорридор', 'емлошадей', 'казы', 'кумыс', 'шубат', 'чотам']",2026-07-28,12-25-31,Tuesday
319572723294,1230377042,comfymew,509659,ASMR,180,2026-07-28T03:04:35Z,es,"['Español', 'ASMR', 'Anime', 'chile', 'México', 'Vtuber', 'Comfy', 'englìsh', 'English', 'Latina']",2026-07-28,12-25-31,Tuesday
317908318695,265455860,zombakua,1991115310,Forza Horizon 6,180,2026-07-27T21:21:59Z,uk,"['Ukraine', 'UA', 'Speedrun', 'Україна', 'Українська', 'Українською', 'Ukrainian', 'English', 'Vtuber']",2026-07-28,12-25-31,Tuesday
320611928026,498077666,luciyasa,1264310518,Marvel Rivals,180,2026-07-28T03:16:06Z,en,"['tiktok', 'supportmain', 'marvelrivals', 'invisiblewoman', 'drops', 'luciyasa', 'womeninstem', 'English', 'DropsEnabled']",2026-07-28,12-25-31,Tuesday
318105241958,72793250,pietsmiettv,509658,Just Chatting,180,2026-07-26T17:30:14Z,de,['Deutsch'],2026-07-28,12-25-31,Tuesday
318561726325,598963546,maionesers7,509658,Just Chatting,180,2026-07-28T02:19:58Z,pt,['Português'],2026-07-28,12-25-31,Tuesday
320612655066,1104826458,trmpoker,488190,Poker,179,2026-07-28T03:53:29Z,en,['English'],2026-07-28,12-25-31,Tuesday
318634653527,245355421,wolfatyourgate,210472759,Shift at Midnight,179,2026-07-28T01:36:58Z,en,"['NoSpoilers', 'English', 'Horror', 'Variety', 'IndieHorror', 'ADHD', 'LurkerFriendly', 'Cosplay', 'chainmail']",2026-07-28,12-25-31,Tuesday
318486021366,705970869,anysdc,509511,Marbles on Stream,179,2026-07-27T21:00:02Z,es,"['DropEnabled', 'English', 'Marbles', 'MarblesonStream', 'juegos', 'Drop', 'Español', 'holidayhoopla', 'PartnerPush', 'PathtoPartner']",2026-07-28,12-25-31,Tuesday
318631093207,160538649,faith,509658,Just Chatting,179,2026-07-27T20:16:44Z,en,"['English', 'ASMR', 'girl', 'Goddess', 'feet', 'Woman', 'egirl', 'domme', 'IRL', 'findom']",2026-07-28,12-25-31,Tuesday
316505562709,1494360677,caedrel247,499973,Always On,179,2026-07-26T21:32:32Z,en,"['247', 'LCK', 'LPL', 'LEC', 'LOLESPORTS', 'CAEDREL', 'LEAGUEOFLEGENDS', 'English', 'Rerun', 'Variety']",2026-07-28,12-25-31,Tuesday
319569038174,108005221,dizzy,168648543,Battlefield 6,179,2026-07-27T23:29:47Z,en,"['English', 'buh', 'depression', 'cyberathlete', 'glorp', 'DropsEnabled']",2026-07-28,12-25-31,Tuesday
320553553497,456535174,elldrytch,499003,VRChat,179,2026-07-28T03:00:04Z,en,"['English', 'Dancer', 'Muted', 'VR', 'hippocore', 'confused']",2026-07-28,12-25-31,Tuesday
320550880601,157949473,elliebwalker,369418,GeoGuessr,178,2026-07-28T01:06:44Z,en,"['chudmaxxing', 'Variety', 'English', 'pickmegirl', 'linkedinpremium', 'protectivebeta']",2026-07-28,12-25-31,Tuesday
319634784348,889843780,sarasheehan,509658,Just Chatting,178,2026-07-28T04:23:01Z,en,"['English', 'sarasheehan', 'streameruniversity', 'Desktop', 'reactions', 'Filipino', 'SAYNTS']",2026-07-28,12-25-31,Tuesday
319573121758,1521012465,moman24h,499973,Always On,178,2026-07-28T03:36:12Z,fr,"['Français', 'moman', 'Rediffusion']",2026-07-28,12-25-31,Tuesday
317100320631,216590862,desiheat,18122,World of Warcraft,178,2026-07-28T03:54:46Z,en,"['English', 'Interactive', 'ChattingAndGaming', 'Spanish', 'Music']",2026-07-28,12-25-31,Tuesday
317744205016,169944585,thejiminatorhs,138585,Hearthstone,178,2026-07-28T01:57:32Z,en,"['memes', 'standard', 'English']",2026-07-28,12-25-31,Tuesday
316228634737,908263241,aionekotogi,1036710512,Palworld,178,2026-07-28T01:00:02Z,ja,"['プレイスキル皆無', '日本語', 'タコ殴り', '脳筋', '女性', '女性Vtuber', 'Drops有効']",2026-07-28,12-25-31,Tuesday
320553275609,46877634,grimmybear,1036710512,Palworld,178,2026-07-28T02:47:29Z,en,"['ADHD', 'chill', 'English', 'solo', 'Hardcore']",2026-07-28,12-25-31,Tuesday
318490107638,130558052,raulzao_,509658,Just Chatting,178,2026-07-28T03:19:47Z,pt,['Português'],2026-07-28,12-25-31,Tuesday
316506633813,1154755452,crypto_insider,499634,Crypto,178,2026-07-27T05:58:23Z,en,"['crypto', 'cryptobot', 'CryptoTradingBot', 'tradingbot', 'English']",2026-07-28,12-25-31,Tuesday
316237473010,95791920,stilers,29307,Path of Exile,178,2026-07-28T02:36:16Z,ja,['日本語'],2026-07-28,12-25-31,Tuesday
320608359770,42691024,cloudmark27,293693714,Resident Evil 2,178,2026-07-28T00:45:26Z,en,"['Hispanic', 'Horror', 'Speedrun', 'English', 'Tifa', 'scary', 'Cozy', 'JRPG', 'gamer', 'Chatting']",2026-07-28,12-25-31,Tuesday
317745099224,46636120,sogaeon,1334842388,Cheater's Table,177,2026-07-28T03:34:54Z,en,"['English', 'PCG', 'giveaway', 'Giveaways', 'uPTCG', 'pokemon', 'LGBTIQIAPlus', 'SafeSpace', 'microscape']",2026-07-28,12-25-31,Tuesday
320610411738,42020616,wonderful,24241,FINAL FANTASY XIV ONLINE,177,2026-07-28T02:08:55Z,en,"['English', 'EndGame', 'Raiding', 'Savage', 'Ultimate', 'Samurai', 'DPS', 'old']",2026-07-28,12-25-31,Tuesday
320554565593,555695261,aris,509658,Just Chatting,177,2026-07-28T03:49:44Z,en,"['Latina', 'GamerGirl', 'JustChatting', 'yap', 'English']",2026-07-28,12-25-31,Tuesday
318634718935,177059039,kalvish,18122,World of Warcraft,177,2026-07-28T01:42:12Z,en,"['English', 'drops', 'rogue', 'PvP', 'mage']",2026-07-28,12-25-31,Tuesday
319634176220,581170643,koraaaura,509658,Just Chatting,177,2026-07-28T03:30:21Z,en,"['English', 'cosplayer', 'Anime']",2026-07-28,12-25-31,Tuesday
316542725334,188798763,lipisinkaaa,509658,Just Chatting,177,2026-07-28T04:00:13Z,ru,"['вопросответ', 'развлечение', 'веселье', 'Шутки', 'Юмор', 'Чат', 'Беседа', 'Русский']",2026-07-28,12-25-31,Tuesday
319566081374,30787338,nazori,2009321156,Dark and Darker,177,2026-07-27T19:55:25Z,en,"['English', 'ChampionoftheHammer', '3DPrinting', 'DropsEnabled']",2026-07-28,12-25-31,Tuesday
318049940837,793911978,hynamorii,1036710512,Palworld,176,2026-07-27T19:44:24Z,de,"['Deutsch', 'Anime', 'Cozy', 'LGBTQIAPlus', 'SafeSpace', 'Gesprächig', 'Vtuber', 'NoBSG', 'lustig', 'UbisoftPartner']",2026-07-28,12-25-31,Tuesday
316236919666,644642707,chi_chaan,491931,Escape from Tarkov,176,2026-07-27T22:29:58Z,ja,"['日本語', 'Vtuber', '女性', '雑談', '関西弁', '脳筋', '予備の鼓膜推奨', 'SCOP']",2026-07-28,12-25-31,Tuesday
316509506005,1116259476,hotzmxd43,960290413,Sand: Raiders Of Sophie,176,2026-07-27T15:23:31Z,en,"['English', 'Badge', 'Estonian', 'Français', 'steam', 'gaming', 'AdventureGame', 'RPG', 'Fortnite', 'DropsEnabled']",2026-07-28,12-25-31,Tuesday
316583589844,59904138,redduch,1282866981,Delta Force,176,2026-07-28T01:59:41Z,ru,['Русский'],2026-07-28,12-25-31,Tuesday
320723714267,712168723,pyesees,509659,ASMR,175,2026-07-28T04:06:31Z,en,"['ASMR', 'VisualASMR', 'AuditoryASMR', 'Cozychaos', 'English', 'Chatty', 'sleep', 'ADHD', 'ChaoticChillVibes', 'CheeseItsFanatic']",2026-07-28,12-25-31,Tuesday
318633375063,571048326,stormmalina,19554,iRacing,175,2026-07-27T23:57:38Z,en,['English'],2026-07-28,12-25-31,Tuesday
320713451995,1288048960,alinitytv247,509658,Just Chatting,175,2026-07-27T19:18:30Z,en,"['English', 'alinity', 'Girl', 'Woman', 'reruns']",2026-07-28,12-25-31,Tuesday
318635363415,1290939367,rdcxben,1036710512,Palworld,175,2026-07-28T02:29:25Z,en,"['RDCWorld', 'RDC', 'Ben', 'English', 'rdcgaming']",2026-07-28,12-25-31,Tuesday
319572640734,956384297,moskitao_oficial,509672,IRL,175,2026-07-28T02:58:18Z,pt,['Português'],2026-07-28,12-25-31,Tuesday
320724666075,1419640734,fogenegr,499634,Crypto,174,2026-07-28T05:04:01Z,en,['English'],2026-07-28,12-25-31,Tuesday
319563898334,406581322,fuzzthebeast,518184,Phasmophobia,174,2026-07-27T16:01:10Z,en,"['gta', 'police', 'Leo', 'Military', 'Gamer', 'English', 'GrandTheftAutoV', 'Roleplay', 'TARP', 'TheAcademyRolePlay']",2026-07-28,12-25-31,Tuesday
318637440215,103474990,cantelope,138585,Hearthstone,174,2026-07-28T04:54:06Z,en,"['chill', 'educational', 'strategy', 'cool', 'legend', 'music', 'English', 'hearthstonearena', 'streameruniversity2026', 'streameruniversity']",2026-07-28,12-25-31,Tuesday
316237296882,45752562,miz4ry,29307,Path of Exile,174,2026-07-28T01:21:20Z,ja,"['日本語', '紫', 'Drops有効']",2026-07-28,12-25-31,Tuesday
318635471191,137518388,emiru247,1122982998,Dark Souls: Remastered,174,2026-07-28T02:36:54Z,en,"['Emiru', 'Cosplay', 'English', '247', 'VOD']",2026-07-28,12-25-31,Tuesday
318626589556,113969037,dcosta,509658,Just Chatting,173,2026-07-28T03:35:34Z,pt,"['Português', 'gta', 'BOPE', 'DCOSTA', 'GTARP', 'grota', 'capitalcity', 'cpx', 'GTAⅤ', 'English']",2026-07-28,12-25-31,Tuesday
316237247602,907062234,fps_shina,516575,VALORANT,173,2026-07-28T01:01:45Z,ja,"['日本語', '絶叫でお湯沸かす', 'ADHD', 'PR', '実写ワイプ', 'コスプレ']",2026-07-28,12-25-31,Tuesday
318558504949,417191427,lulita10x2,21779,League of Legends,173,2026-07-27T21:25:57Z,es,['Español'],2026-07-28,12-25-31,Tuesday
317903544423,702839969,riseonlinedede,516588,Rise Online,173,2026-07-27T14:49:38Z,tr,"['riseonline', 'Türkçe', 'DroplarAktif', 'vatangame', 'DroplarEtkin']",2026-07-28,12-25-31,Tuesday
318636356439,642891774,aq_85,509511,Marbles on Stream,173,2026-07-28T03:38:42Z,en,"['giveaways', 'dropsenabled', 'vibes', 'playingwithviewers', 'prizes', 'English', 'DropsEnabled']",2026-07-28,12-25-31,Tuesday
317743796312,61322455,iheartjustice,1264310518,Marvel Rivals,173,2026-07-28T01:07:16Z,en,"['English', 'ELSALVADORIAN', 'tryharding', 'LGBTQFriendly', 'chill', 'compet', 'funnystream', 'interactiveStreamer', 'DropsEnabled']",2026-07-28,12-25-31,Tuesday
319695781856,28339716,rualstorge,394568,RimWorld,172,2026-07-27T22:59:18Z,en,"['English', 'ClosedCaptions', 'wholesome', 'AntiMinMaxing', 'antirealism', 'Neurodivergent', 'NoBackseatingUnlessAsked']",2026-07-28,12-25-31,Tuesday
317908146535,195339615,giato,401587136,Arena Breakout: Infinite,172,2026-07-27T21:02:55Z,en,"['English', 'Cozy', 'Comfy', 'Goofy', 'Joking', 'VTuber', 'DropsEnabled']",2026-07-28,12-25-31,Tuesday
318634917847,148827825,benitofam5,461221,MARVEL Contest of Champions,172,2026-07-28T01:57:45Z,en,"['English', 'mcoc', 'mcoclivestream', 'Battlegrounds', 'Celestial', 'DropsEnabled']",2026-07-28,12-25-31,Tuesday
319634140380,421394777,santiluvs,509658,Just Chatting,172,2026-07-28T03:27:22Z,en,"['English', 'auramaxxing']",2026-07-28,12-25-31,Tuesday
320555720665,1237011652,rnsmeer,509658,Just Chatting,171,2026-07-28T04:58:44Z,en,"['funny', 'kaicenat', 'trolling', 'ADHD', 'English']",2026-07-28,12-25-31,Tuesday
317743770712,579810485,tpapaslice,459931,Old School RuneScape,171,2026-07-28T01:04:30Z,en,"['English', 'News', 'Ironman', 'Hardcore']",2026-07-28,12-25-31,Tuesday
316583066964,901942426,r2alliance,502829,R2 Online: Reign of Revolution,171,2026-07-27T22:22:34Z,ru,"['R2', 'R2Online', 'R2OnlineReignofRevolution', 'R2стрим', 'MMORPG', 'PvP', 'Classic', 'Русский']",2026-07-28,12-25-31,Tuesday
318625809780,1291138602,feindplays,479192189,DragonSword: Awakening,170,2026-07-28T02:10:04Z,pt,"['Português', 'lançamento', 'Lançamentos']",2026-07-28,12-25-31,Tuesday
316583679444,431555052,emiiri_,32399,Counter-Strike,170,2026-07-28T02:51:51Z,ru,"['Русский', '4kelo', 'hltv', 'faceit', 'premiumfaceit']",2026-07-28,12-25-31,Tuesday
320713625947,504883057,pandatvmx,512710,Call of Duty: Warzone,170,2026-07-27T19:30:17Z,es,"['Español', 'WSOW', 'PandaTv', 'PandaTvmx', 'WARZONE', 'TORNEOS', 'TORNEO', 'ADHD', 'Ranked']",2026-07-28,12-25-31,Tuesday
320552843993,103329166,dannahouse,21779,League of Legends,170,2026-07-28T02:28:52Z,es,"['Español', 'Europa', 'Venezuela', 'Colombia', 'Latina', 'latinagamergirl', 'Peru', 'México', 'Argentina', 'Chile']",2026-07-28,12-25-31,Tuesday
316542358102,39131893,dis_1,499973,Always On,170,2026-07-28T00:34:31Z,ru,"['музыка', 'Русский']",2026-07-28,12-25-31,Tuesday
316542777430,262949237,dimataboo,1923236616,Magic Chess: Go Go,170,2026-07-28T04:25:32Z,ru,"['Русский', 'MagicChessGoGo', 'MCGG', 'ПАХАН', 'DimaTaboo', 'МагическиеШахматы', 'ДимаТабу', 'MCGGRUCreators']",2026-07-28,12-25-31,Tuesday
320609381978,189028702,jay12310,27471,Minecraft,170,2026-07-28T01:25:59Z,en,"['Speedrun', 'PBAttempts', 'English', 'mcsr']",2026-07-28,12-25-31,Tuesday
316575714644,1390976168,betboom_cs_ru,32399,Counter-Strike,170,2026-07-26T19:40:59Z,ru,"['Киберспорт', 'Esports', 'BLAST', 'counterstrike2', 'Русский']",2026-07-28,12-25-31,Tuesday
320550733529,154840666,luna_ticia,515025,Overwatch,169,2026-07-28T01:00:52Z,en,"['English', 'Woman', 'girlfailure', 'Metalhead', 'AAAAAAAAAAAAAAAAAAAAAAAAA', 'Vtuber', 'OilersWelcome', 'DropsEnabled']",2026-07-28,12-25-31,Tuesday
318635399383,79286465,spongeybuns,509658,Just Chatting,169,2026-07-28T02:31:35Z,en,"['English', 'Vtuber', 'ENVtuber', 'brat', 'demon', 'funny', 'LOUD']",2026-07-28,12-25-31,Tuesday
316009174765,1148220965,xkr4k,32399,Counter-Strike,169,2026-07-27T16:00:43Z,pl,"['faceit', 'prem', 'lvl10', 'Man', 'Masculine', 'Tattoos', 'CS2', 'CounterStrikeGlobal', 'Italiano', 'Italy']",2026-07-28,12-25-31,Tuesday
316229158001,602496239,lizcat403,506415, SEKIRO: SHADOWS DIE TWICE,169,2026-07-28T04:27:04Z,ja,"['日本語', 'English', '台湾', 'ネタバレ禁止', 'コスプレレイヤー', 'コスプレ', '雑談']",2026-07-28,12-25-31,Tuesday
319697913312,185881905,malek_04,509658,Just Chatting,169,2026-07-28T00:59:06Z,en,"['English', 'kaicenat', 'Woman', 'girl', 'egirl', 'streameruniversity', 'funny', 'Clip', 'dukedennis']",2026-07-28,12-25-31,Tuesday
320719293403,918631592,shurahiwa,27471,Minecraft,169,2026-07-28T00:48:42Z,es,"['English', 'Español', 'Vtuber']",2026-07-28,12-25-31,Tuesday
320609876186,444313039,deya,33214,Fortnite,169,2026-07-28T01:46:48Z,en,"['English', 'HeadphoneUserWarning']",2026-07-28,12-25-31,Tuesday
318119767014,44536868,orzanel,27546,World of Tanks,169,2026-07-28T05:00:32Z,en,['English'],2026-07-28,12-25-31,Tuesday
319570691422,160901264,deezbp,2013539540,Blue Prince,168,2026-07-28T01:00:12Z,en,"['Bingo', 'BluePrince', 'Pokemon', 'English']",2026-07-28,12-25-31,Tuesday
316293059315,91560763,onsta,509660,Art,168,2026-07-28T01:26:56Z,en,"['Vtuber', 'ADHD', 'Onsta', 'LGBTQIA', 'japan', 'Black', 'onstamonsta', 'yakuza', 'sega', 'English']",2026-07-28,12-25-31,Tuesday
320609030106,21270244,snip3down,1910103699,THE FINALS,168,2026-07-28T01:11:30Z,en,"['English', 'apex', 'DropsEnabled']",2026-07-28,12-25-31,Tuesday
319632496732,21877706,elcolomboparaguayo,19619,Tibia,167,2026-07-28T01:40:31Z,es,['Español'],2026-07-28,12-25-31,Tuesday
316583870164,985060325,sushopapi,138585,Hearthstone,167,2026-07-28T04:46:40Z,en,"['English', 'Georgian', 'goat', 'Educational', 'Legendary', 'Coach', 'Coaching', 'Arena', 'legend']",2026-07-28,12-25-31,Tuesday
320611848922,3183629,royal2,506416,Halo Infinite,167,2026-07-28T03:12:29Z,en,['English'],2026-07-28,12-25-31,Tuesday
319628647388,64955666,moonzkii,506462,Control,166,2026-07-27T22:03:19Z,en,"['ebony', 'Black', 'English', 'Vtuber', 'ebonygamer', 'exoticblack']",2026-07-28,12-25-31,Tuesday
315888450153,156801396,jonathanong,26936,Music,166,2026-07-28T02:51:30Z,en,"['English', 'Music', 'piano']",2026-07-28,12-25-31,Tuesday
317100127351,84310923,corey2u,509672,IRL,166,2026-07-28T03:32:53Z,en,['English'],2026-07-28,12-25-31,Tuesday
318636103767,1102672535,suggieland,509658,Just Chatting,166,2026-07-28T03:21:12Z,en,"['Liveanimals', 'Cute', 'pets', 'LIVE', 'funny', 'ASMR', 'chill', 'English']",2026-07-28,12-25-31,Tuesday
316289937523,1066806174,neipuduck,272263131,"Animals, Aquariums, and Zoos",165,2026-07-27T08:55:57Z,zh,"['Animals', 'Taiwan', '薑母鴨', '中文', '台灣', 'ducks', 'ASMR', '吃播', 'IRL']",2026-07-28,12-25-31,Tuesday
318633346519,36384551,theendboss,2009321156,Dark and Darker,165,2026-07-27T23:55:47Z,en,"['English', 'Chill', 'Solo', 'Cleric', 'HighRoller', 'Leaderboard', 'onlyfangs', 'Pulsoid', 'Heartratemonitor', 'DropsEnabled']",2026-07-28,12-25-31,Tuesday
318626458356,126671776,natval,509658,Just Chatting,164,2026-07-28T03:18:36Z,pt,"['Português', 'kaicenat', 'English', 'Português', 'totaamc', 'resenha']",2026-07-28,12-25-31,Tuesday
320550098009,1407564996,chocotaco247,499973,Always On,164,2026-07-28T00:33:35Z,en,['English'],2026-07-28,12-25-31,Tuesday
316542291414,54739364,esamarathon,459931,Old School RuneScape,164,2026-07-28T00:02:36Z,en,"['Rerun', 'English']",2026-07-28,12-25-31,Tuesday
316542733270,674592830,destinyleague_d2_ru,29595,Dota 2,163,2026-07-28T04:02:54Z,ru,['Русский'],2026-07-28,12-25-31,Tuesday
317902660071,1497650900,badgenotify,278441117,Assassin's Creed Black Flag Resynced,163,2026-07-27T13:11:00Z,en,"['English', 'DropsEnabled']",2026-07-28,12-25-31,Tuesday
320718128859,43932109,bellesprout,709941216,Endacopia,163,2026-07-27T23:57:23Z,en,"['Vtuber', 'ENVtuber', 'Cozy', 'Chill', 'English', 'Chatty', 'Food']",2026-07-28,12-25-31,Tuesday
320549418841,156195270,londy,27471,Minecraft,163,2026-07-28T00:02:59Z,en,"['Woman', 'Relax', 'Black', 'Cozy', 'SuperSweetBot', 'English']",2026-07-28,12-25-31,Tuesday
316512267477,1422545006,cloverreggie,509658,Just Chatting,163,2026-07-27T22:19:45Z,en,"['Reggie', 'Reginald', 'REGINALD', 'English', 'kaicenat', '2xrakai', 'girlhefunny1x', 'clover', 'IShowSpeed', 'streameruniversity']",2026-07-28,12-25-31,Tuesday
317743366872,519653084,sugaajg,2012789438,Call of Duty: Black Ops 7,162,2026-07-28T00:12:33Z,en,"['English', 'cod', 'callofduty', 'snd', 'codleague']",2026-07-28,12-25-31,Tuesday
318626427636,678734791,ayakazaphyr,27471,Minecraft,162,2026-07-28T03:14:52Z,es,"['vtuber', 'Chile', 'otaku', 'girl', 'cosplay', 'ASMR', 'México', 'VtuberEN', 'VtuberES', '日本語']",2026-07-28,12-25-31,Tuesday
315909154666,178101176,kratzy76au,756752520,Ascend to ZERO,162,2026-07-27T22:47:27Z,en,"['Australian', 'Christian', 'FamilyFriendly', 'English', 'faithandgaming', 'skullandbones', 'UbisoftPartner', 'UbisoftCreator', 'AscendtoZERO', 'KraftonPartner']",2026-07-28,12-25-31,Tuesday
317317521122,496616854,liliyafae,982017546,Palia,162,2026-07-28T04:23:51Z,en,"['Disabled', 'ChronicIllness', 'Cosy', 'English', 'Vtuber', 'ClosedCaptions', 'Bisexual', 'LGBTQIAPIus', 'dannydevito', 'Autistic']",2026-07-28,12-25-31,Tuesday
316236838770,704912609,momotukihiyori,114524791,Shadowverse: Worlds Beyond,162,2026-07-27T21:47:50Z,ja,"['日本語', 'Vtuber', '女の子', 'Japanese']",2026-07-28,12-25-31,Tuesday
320720438875,755561038,ridindirtie15,497057,Destiny 2,162,2026-07-28T01:36:18Z,en,"['ArkAscended', 'minecraftsream', 'dyinglightthebeast', 'English', 'phasmaphobiawithfriends', 'OW2', 'fyptwitch']",2026-07-28,12-25-31,Tuesday
320520556249,123424342,chilledcat_music,26936,Music,162,2026-07-26T07:53:41Z,en,"['chill', 'Relax', 'Radio', 'Loーfi', 'LofiMusicChill', 'lofimusic', 'study', 'playlist', 'lofihiphop', 'Australia']",2026-07-28,12-25-31,Tuesday
320608587482,245996676,athieno,460630,Rainbow Six Siege,162,2026-07-28T00:55:08Z,en,['English'],2026-07-28,12-25-31,Tuesday
315888176233,99391695,ranran1019,516575,VALORANT,161,2026-07-28T00:30:32Z,zh,"['中文', 'Vtuber', '台灣Vtuber', '女性', '新人Vtuber', '沒讀書']",2026-07-28,12-25-31,Tuesday
319696963808,85696274,cjshiz,490377,Sea of Thieves,161,2026-07-28T00:06:48Z,en,"['PvP', 'English', 'GFUEL', 'SeaOfThievesPartner', 'DropsEnabled']",2026-07-28,12-25-31,Tuesday
315848170472,191674633,bardicbroadcasts,43579844,Lego & Brickbuilding,161,2026-07-28T03:10:06Z,en,['English'],2026-07-28,12-25-31,Tuesday
318620950772,541744377,ogfelps,509658,Just Chatting,161,2026-07-27T17:24:26Z,pt,['Português'],2026-07-28,12-25-31,Tuesday
316583752788,56715467,neonomi,511391,Hollow Knight: Silksong,161,2026-07-28T03:39:01Z,ru,"['Русский', 'English']",2026-07-28,12-25-31,Tuesday
316513008725,976639628,powartech,516866,Stalzone,161,2026-07-28T04:12:51Z,ru,"['Русский', 'STALZONE', 'PvP', 'общение', 'DropsВключены']",2026-07-28,12-25-31,Tuesday
320553977177,42999001,mymtumtum69,1077552121,Barbie Project Friendship,161,2026-07-28T03:20:05Z,es,['Español'],2026-07-28,12-25-31,Tuesday
320612539610,727834726,densitta,1264310518,Marvel Rivals,160,2026-07-28T03:47:06Z,es,"['Español', 'gamergirl', 'México', 'gymgirl', 'USA', 'España', 'LATAM', 'Francia', 'italia', 'Canada']",2026-07-28,12-25-31,Tuesday
320607373914,413859374,yua_stella,213930085,Honkai: Star Rail,160,2026-07-28T00:02:06Z,en,"['Vtuber', 'adhd', 'chatty', 'NoSpoilers', 'ENVtuber', 'Arab', 'English', 'DropsEnabled']",2026-07-28,12-25-31,Tuesday
320613517274,1419323412,murailss,499634,Crypto,160,2026-07-28T04:43:43Z,en,['English'],2026-07-28,12-25-31,Tuesday
320555492569,548962385,sammjauwu,509658,Just Chatting,160,2026-07-28T04:44:16Z,es,"['Español', 'Horror']",2026-07-28,12-25-31,Tuesday
316542371414,175753841,l7kni,491931,Escape from Tarkov,160,2026-07-28T00:40:49Z,ru,['Русский'],2026-07-28,12-25-31,Tuesday
317909576423,59949742,goose_ru,491931,Escape from Tarkov,160,2026-07-28T01:04:29Z,ru,['Русский'],2026-07-28,12-25-31,Tuesday
316293502451,451588912,tattofn,516575,VALORANT,159,2026-07-28T04:18:30Z,ja,"['valorant', 'radiant', 'ADHD', '日本語']",2026-07-28,12-25-31,Tuesday
315352800878,801971589,youchi0_0,509658,Just Chatting,159,2026-07-26T12:06:54Z,en,"['한국어', 'USA', '日本語', 'Dance', 'English', 'kpop', 'korean', '台灣']",2026-07-28,12-25-31,Tuesday
318106739046,114770735,tingting57,509659,ASMR,159,2026-07-26T19:28:50Z,en,['English'],2026-07-28,12-25-31,Tuesday
319629059932,240909240,bansherz,18122,World of Warcraft,159,2026-07-27T22:31:49Z,en,['English'],2026-07-28,12-25-31,Tuesday
320718489947,40271722,iskys,982348888,ELDEN RING NIGHTREIGN,159,2026-07-28T00:12:45Z,en,"['AMA', 'Competitive', 'ADHD', 'Vtuber', 'English', 'ViewershipRewards', 'Nightreign', 'EldenRingNightreign', 'eldenring', 'nightreigndlc']",2026-07-28,12-25-31,Tuesday
316512820693,82731769,vodkamage,18122,World of Warcraft,159,2026-07-28T02:21:48Z,ru,['Русский'],2026-07-28,12-25-31,Tuesday
320613716442,134976538,iamnotkenneth,509658,Just Chatting,159,2026-07-28T04:56:32Z,en,"['English', 'Houston', 'BlackStreamer', 'LOUD', 'imnotkenneth']",2026-07-28,12-25-31,Tuesday
317356447715,757102582,streamdatabase,499973,Always On,159,2026-07-27T21:41:59Z,en,"['English', 'Stream', 'Database', 'Badge', 'Marvel', 'Tokon', 'Final', 'Fantasy', 'XIV']",2026-07-28,12-25-31,Tuesday
318052810725,650681286,auswandernthailand_kkteam,509672,IRL,158,2026-07-28T03:59:07Z,de,"['Deutsch', 'Thailand', 'Abenteuer', 'Reisen', 'Thaifood', 'Gartenarbeit', 'Beach', 'Flohmarkt']",2026-07-28,12-25-31,Tuesday
315357436654,1210789376,fatmanplaypoe,29307,Path of Exile,158,2026-07-28T03:21:41Z,ru,"['English', 'Русский', 'DropsВключены']",2026-07-28,12-25-31,Tuesday
