id,user_id,user_login,game_id,game_name,viewer_count,started_at,language,tags,snapshot_date,snapshot_time,snapshot_day
317457454434,92038375,caedrel,21779,League of Legends,34090,2026-08-14T07:18:46Z,en,"['English', 'LPL', 'LCK', 'LEC', 'Worlds', 'Esports']",2026-08-15,01-35-46,Saturday
316641825365,922408450,anarabdullaev,509672,IRL,30895,2026-08-14T17:18:27Z,ru,['Русский'],2026-08-15,01-35-46,Saturday
319810688862,411377640,jynxzi,509658,Just Chatting,28662,2026-08-14T17:26:05Z,en,"['English', 'DropsEnabled']",2026-08-15,01-35-46,Saturday
318300446054,22866306,ewc_plus_en,32399,Counter-Strike,25680,2026-08-14T10:10:19Z,en,"['Esports', 'English']",2026-08-15,01-35-46,Saturday
317482878564,43683025,ohnepixel,32399,Counter-Strike,25385,2026-08-14T14:54:54Z,en,"['English', 'Drops']",2026-08-15,01-35-46,Saturday
316709550420,465131731,shadowkekw,32399,Counter-Strike,24912,2026-08-14T13:22:17Z,ru,"['Русский', 'English', '900']",2026-08-15,01-35-46,Saturday
318235790693,65171890,rainbow6,460630,Rainbow Six Siege,23853,2026-08-14T13:07:16Z,en,"['English', 'ubisoft', 'rainbowsixsiege', 'R6', 'Rerun', 'DropsEnabled']",2026-08-15,01-35-46,Saturday
318100435303,155601320,jltomy,516575,VALORANT,18242,2026-08-14T16:59:52Z,fr,"['Français', 'DropsActivés']",2026-08-15,01-35-46,Saturday
318098659943,45044816,montanablack88,509672,IRL,18140,2026-08-14T14:16:07Z,de,['Deutsch'],2026-08-15,01-35-46,Saturday
318840580695,207813352,hasanabi,509658,Just Chatting,17646,2026-08-14T18:05:56Z,en,"['news', 'politics', 'adhd', 'English', 'GamerRage']",2026-08-15,01-35-46,Saturday
318303391462,777707810,zubarefff,509658,Just Chatting,16940,2026-08-14T16:04:15Z,other,"['ТОП', '1', 'АФК', 'СТРИМЕР', 'ДЕTKA']",2026-08-15,01-35-46,Saturday
319809140446,403594122,zarbex,509672,IRL,16576,2026-08-14T14:15:07Z,de,['Deutsch'],2026-08-15,01-35-46,Saturday
321027020763,427632467,lvndmark,491931,Escape from Tarkov,15651,2026-08-14T15:07:33Z,en,"['English', 'DropsEnabled']",2026-08-15,01-35-46,Saturday
317460751202,110119637,nikof,33214,Fortnite,15581,2026-08-14T16:50:57Z,fr,"['Français', 'Fortnite', 'M8WIN']",2026-08-15,01-35-46,Saturday
318234663397,47733806,chopperinho,32399,Counter-Strike,14723,2026-08-14T10:39:07Z,ru,"['Русский', 'English', 'TeamSpirit', 'MajorWinner', 'BetBoom']",2026-08-15,01-35-46,Saturday
315953941481,224539819,aussieantics,33214,Fortnite,14581,2026-08-14T16:25:10Z,en,['English'],2026-08-15,01-35-46,Saturday
318234710629,121835095,mellstroy,29595,Dota 2,14208,2026-08-14T10:45:59Z,ru,['Русский'],2026-08-15,01-35-46,Saturday
317482786276,83232866,ibai,21779,League of Legends,13744,2026-08-14T14:41:17Z,es,"['Español', 'IRL', 'Chatting', 'KOI']",2026-08-15,01-35-46,Saturday
315923478995,598902753,valorant_emea,516575,VALORANT,13731,2026-08-14T14:30:04Z,en,"['Esports', 'English', 'VALORANT', 'VCT', 'VALORANTEurope', 'VCTEMEA']",2026-08-15,01-35-46,Saturday
319899642844,7601562,chess,743,Chess,13701,2026-08-14T10:26:45Z,en,"['Esports', 'English', 'chess', 'Action', 'Multiplayer', 'Strategy', 'DropsEnabled']",2026-08-15,01-35-46,Saturday
315896682322,95399374,vinewood_motors,32982,Grand Theft Auto V,13604,2026-08-14T15:39:37Z,en,"['English', 'PS5', 'GTAOnline', 'GTA', 'Drops', 'DropsEnabled']",2026-08-15,01-35-46,Saturday
319808528350,180118013,hutchmf,491931,Escape from Tarkov,12938,2026-08-14T12:13:30Z,en,"['English', 'DropsEnabled']",2026-08-15,01-35-46,Saturday
316315583730,134850221,rtainjapan,1920054447,Sunblaze,12674,2026-08-14T10:54:58Z,ja,"['RTAinJapan', 'RTAちゃんの夏休み', 'Speedrun', '日本語']",2026-08-15,01-35-46,Saturday
317884733656,14371185,northernlion,1429246898,A Weird Game About Sausage,12266,2026-08-14T16:17:35Z,en,['English'],2026-08-15,01-35-46,Saturday
316638573013,63304572,glorious_e,491931,Escape from Tarkov,11723,2026-08-14T08:58:20Z,en,"['PVP', 'English', 'Turkish', 'Dansk', 'DropsEnabled']",2026-08-15,01-35-46,Saturday
318839237975,21841789,nmplol,509658,Just Chatting,11266,2026-08-14T14:01:39Z,en,"['English', 'OTK', 'Cooking', 'IRL', 'DropsEnabled']",2026-08-15,01-35-46,Saturday
320926975450,165301937,realkatieb,509658,Just Chatting,10908,2026-08-14T16:41:44Z,en,['English'],2026-08-15,01-35-46,Saturday
316641499733,55125740,fortnite,33214,Fortnite,10897,2026-08-14T16:43:47Z,en,"['English', 'DropsEnabled']",2026-08-15,01-35-46,Saturday
317494080099,48260043,gtaseriesvideos,32982,Grand Theft Auto V,10501,2026-08-14T08:34:51Z,en,"['GTAOnline', 'English', 'PS5', 'TeamECola', 'BrandWars', 'RockstarGames', 'DropsEnabled']",2026-08-15,01-35-46,Saturday
317459475170,622498423,otplol_,21779,League of Legends,10444,2026-08-14T14:02:17Z,fr,['Français'],2026-08-15,01-35-46,Saturday
319926554208,468932694,youladecadd,509672,IRL,10382,2026-08-13T15:28:35Z,fr,['Français'],2026-08-15,01-35-46,Saturday
319901873244,223191589,tubbo,27471,Minecraft,10312,2026-08-14T17:00:06Z,en,"['English', 'tubtime', 'sussexgamer', 'cheerfulexpert', 'RealmSMP']",2026-08-15,01-35-46,Saturday
315421765999,65653595,roger9527,512953,ELDEN RING,10124,2026-08-14T13:26:32Z,zh,['中文'],2026-08-15,01-35-46,Saturday
315877678545,30623831,quickybaby,27546,World of Tanks,9776,2026-08-14T11:59:55Z,en,"['English', 'drops', 'Drop', 'DropsEnabled']",2026-08-15,01-35-46,Saturday
319901399516,23161357,lirik,766571430,HELLDIVERS 2,9764,2026-08-14T16:01:20Z,en,"['English', 'LUL']",2026-08-15,01-35-46,Saturday
316641640149,887449462,aslanshukasha,509658,Just Chatting,9529,2026-08-14T16:59:17Z,ru,['Русский'],2026-08-15,01-35-46,Saturday
318819541975,40934651,ludwig,653624336,Lies of P,9306,2026-08-12T22:09:49Z,en,"['English', 'lolcow', 'AIOptedOut']",2026-08-15,01-35-46,Saturday
320857124057,488996078,pepe,461221,MARVEL Contest of Champions,8449,2026-08-14T14:25:50Z,es,"['Español', 'English', 'Português', 'DropsActivados']",2026-08-15,01-35-46,Saturday
315878037585,124422593,lec,21779,League of Legends,8340,2026-08-14T14:00:14Z,en,"['Esports', 'English', 'DropsEnabled']",2026-08-15,01-35-46,Saturday
316639125461,111454676,deko,32399,Counter-Strike,8117,2026-08-14T10:43:54Z,ru,['Русский'],2026-08-15,01-35-46,Saturday
319899966940,15564828,nickmercs,491931,Escape from Tarkov,8083,2026-08-14T12:02:22Z,en,"['BEST', 'HUGE', 'TALL', 'WIDE', 'BIG', 'STRONG', 'English', 'CONTROLLER', 'escapefromtarkov', 'DropsEnabled']",2026-08-15,01-35-46,Saturday
319930594144,204730616,cinna,509658,Just Chatting,8059,2026-08-13T21:59:45Z,en,"['English', 'DropsEnabled']",2026-08-15,01-35-46,Saturday
317222473207,496105401,byilhann,509672,IRL,7889,2026-08-13T17:02:50Z,fr,['Français'],2026-08-15,01-35-46,Saturday
317483861604,41719107,zerator,2143999112,Forest Escape: Last Train,7820,2026-08-14T16:53:12Z,fr,['Français'],2026-08-15,01-35-46,Saturday
321010122203,140313390,verybadscav,491931,Escape from Tarkov,7407,2026-08-13T10:38:04Z,en,"['English', 'DropsEnabled']",2026-08-15,01-35-46,Saturday
316665953878,181718577,guacamolemolly,509658,Just Chatting,7316,2026-08-14T15:21:25Z,ru,['Русский'],2026-08-15,01-35-46,Saturday
318237387493,36954803,h2p_gucio,32399,Counter-Strike,7196,2026-08-14T15:51:17Z,pl,['Polski'],2026-08-15,01-35-46,Saturday
318099186407,95603047,orangemorange,498566,Slots,6972,2026-08-14T15:06:42Z,de,['Deutsch'],2026-08-15,01-35-46,Saturday
317484438756,63936838,mastu,856465807,A Difficult Game About Climbing,6893,2026-08-14T17:59:22Z,fr,['Français'],2026-08-15,01-35-46,Saturday
318838891863,128002336,s0mcs,516575,VALORANT,6795,2026-08-14T12:03:38Z,en,"['VALORANT', 'English']",2026-08-15,01-35-46,Saturday
316641923029,87186401,lenagol0vach,29595,Dota 2,6709,2026-08-14T17:29:58Z,ru,['Русский'],2026-08-15,01-35-46,Saturday
319901619804,598713647,angryginge13,518203,Sports,6542,2026-08-14T16:26:44Z,en,['English'],2026-08-15,01-35-46,Saturday
318100452327,38121996,bastighg,27471,Minecraft,6444,2026-08-14T17:00:40Z,de,['Deutsch'],2026-08-15,01-35-46,Saturday
318099015143,152633332,knekro,1137788951,Security 51,6206,2026-08-14T14:52:33Z,es,"['Español', 'Elmejor', 'Knekrer', 'Challenger', 'hardcoregamer', 'peepoClown', 'vuelaalto', 'cracabut']",2026-08-15,01-35-46,Saturday
317484009444,135468063,antoinedaniel,2143999112,Forest Escape: Last Train,6137,2026-08-14T17:08:27Z,fr,['Français'],2026-08-15,01-35-46,Saturday
320858409177,38871579,feinberg,27471,Minecraft,6084,2026-08-14T16:54:18Z,en,"['English', 'Speedrun']",2026-08-15,01-35-46,Saturday
317496244323,96116107,mixwell,516575,VALORANT,6059,2026-08-14T14:40:21Z,es,"['Español', 'pro', 'otakar', 'watchparty', 'lyonesport', 'VALORANT']",2026-08-15,01-35-46,Saturday
319901237084,32645411,tampaneversleeps,630009802,MARVEL TŌKON: Fighting Souls,5954,2026-08-14T15:43:19Z,en,"['English', 'fgc', 'fighting', 'games', 'fightinggames', 'tournament', 'DropsEnabled']",2026-08-15,01-35-46,Saturday
321027049307,51496027,loltyler1,21779,League of Legends,5911,2026-08-14T15:09:54Z,en,"['English', 'loltyler1', 'tyler1', 'DropsEnabled']",2026-08-15,01-35-46,Saturday
318096461415,26292947,ewc_plus_en2,32399,Counter-Strike,5897,2026-08-14T10:12:32Z,en,"['Esports', 'English']",2026-08-15,01-35-46,Saturday
319940599392,274625,swiftor,32982,Grand Theft Auto V,5830,2026-08-14T16:06:04Z,en,"['English', 'hairless', 'DropsEnabled', 'eCola']",2026-08-15,01-35-46,Saturday
317229818231,25093116,fl0m,32399,Counter-Strike,5817,2026-08-14T12:59:18Z,en,"['BEARD', 'Washed', 'Pro', 'CONTENT', 'FAT', 'NotFat', 'NOTlate', 'SwoleDaddy', 'English']",2026-08-15,01-35-46,Saturday
316641873749,82197170,ewroon,509658,Just Chatting,5529,2026-08-14T17:24:38Z,pl,['Polski'],2026-08-15,01-35-46,Saturday
315923514579,45276816,sliggytv,516575,VALORANT,5516,2026-08-14T14:41:12Z,en,['English'],2026-08-15,01-35-46,Saturday
320926244186,147927227,aspen,515025,Overwatch,5479,2026-08-14T15:31:09Z,en,"['English', 'DropsEnabled']",2026-08-15,01-35-46,Saturday
316711043028,40855047,qlnek,33214,Fortnite,5430,2026-08-14T16:40:41Z,pl,['Polski'],2026-08-15,01-35-46,Saturday
317493810659,81446331,traytonlol,21779,League of Legends,5426,2026-08-14T07:12:49Z,fr,"['Français', 'Esports', 'LEC', 'LCK', 'LPL', 'Challenger', 'stuckmaster']",2026-08-15,01-35-46,Saturday
319941300832,148561738,faxuty,33214,Fortnite,5353,2026-08-14T17:30:35Z,en,['English'],2026-08-15,01-35-46,Saturday
319809853534,36769016,timthetatman,491931,Escape from Tarkov,5269,2026-08-14T15:58:27Z,en,"['English', 'DropsEnabled']",2026-08-15,01-35-46,Saturday
315953818217,56649026,quin69,1036710512,Palworld,5212,2026-08-14T15:32:58Z,en,['English'],2026-08-15,01-35-46,Saturday
315878048465,101175894,auziomf,624536948,EA Sports FC 26,5119,2026-08-14T14:04:05Z,en,"['English', 'Football', 'fc26']",2026-08-15,01-35-46,Saturday
319939009248,23220337,emongg,515025,Overwatch,5116,2026-08-14T11:50:31Z,en,"['English', 'DropsEnabled']",2026-08-15,01-35-46,Saturday
316638729045,110775952,skill4ltu,27546,World of Tanks,5058,2026-08-14T09:29:28Z,en,"['English', 'Lithuanian', 'drops', 'DropsEnabled']",2026-08-15,01-35-46,Saturday
316638906069,1390976168,betboom_cs_ru,32399,Counter-Strike,5028,2026-08-14T10:02:48Z,ru,"['Киберспорт', 'Esports', 'BLAST', 'counterstrike2', 'Русский']",2026-08-15,01-35-46,Saturday
318303291878,448447092,marli,509658,Just Chatting,5007,2026-08-14T15:55:04Z,de,['Deutsch'],2026-08-15,01-35-46,Saturday
318840113751,26194208,mitchjones,498566,Slots,4852,2026-08-14T16:56:54Z,en,['English'],2026-08-15,01-35-46,Saturday
318304009702,67931625,amar,33214,Fortnite,4818,2026-08-14T17:01:20Z,de,"['Deutsch', 'drops']",2026-08-15,01-35-46,Saturday
315976317546,106013742,pestily,491931,Escape from Tarkov,4816,2026-08-14T16:16:28Z,en,"['English', 'DropsEnabled']",2026-08-15,01-35-46,Saturday
320928056666,660840731,happyhappygal,33214,Fortnite,4779,2026-08-14T18:24:54Z,en,"['Christian', 'Women', 'Woman', 'Girl', 'Female', 'PlayingWithViewers', 'FamilyFriendly', 'Fortnite', 'ZeroBuild', 'English']",2026-08-15,01-35-46,Saturday
318234053221,530561729,spontent,518203,Sports,4774,2026-08-14T09:00:36Z,de,"['Deutsch', 'sport', 'beachvolleyball', 'germanbeachtour']",2026-08-15,01-35-46,Saturday
318237848933,179144678,nezak_,33214,Fortnite,4739,2026-08-14T16:30:53Z,it,['Italiano'],2026-08-15,01-35-46,Saturday
318301424742,159498717,jinnytty,509658,Just Chatting,4677,2026-08-14T12:25:56Z,en,"['English', 'IRL', 'Outdoors', 'Exploration', 'Travel', 'Variety', 'Food', 'Cosplay', 'Asian', 'Serbia']",2026-08-15,01-35-46,Saturday
316665491030,39154778,recrent,1282866981,Delta Force,4528,2026-08-14T14:11:39Z,ru,"['Русский', 'DropsВключены']",2026-08-15,01-35-46,Saturday
316307305585,125575465,shootingmoon,491931,Escape from Tarkov,4498,2026-08-14T12:46:53Z,ja,"['NTR経験済み', 'ギャン中はタルコフにはまる', 'パチンカス', 'バーで出会った人の家に住んでる男', '顔出し', '日本語', 'エアコン実装', '帰宅したら窓が無かった男', 'Drops有効']",2026-08-15,01-35-46,Saturday
318838606551,540056482,shanks_ttv,516575,VALORANT,4450,2026-08-14T10:38:47Z,en,['English'],2026-08-15,01-35-46,Saturday
319939085920,56865374,barbarousking,509663,Special Events,4447,2026-08-14T12:06:03Z,en,"['English', 'BaldWelcome', 'Kaizo', 'GorillaWins', 'memberofparliament', 'bauserhaus']",2026-08-15,01-35-46,Saturday
316316913650,147242239,xhalli4x,2005329090,Jinro Metropolis,4439,2026-08-14T14:43:36Z,ja,['日本語'],2026-08-15,01-35-46,Saturday
317460087138,85800130,etoiles,27471,Minecraft,4350,2026-08-14T15:20:06Z,fr,['Français'],2026-08-15,01-35-46,Saturday
318236647141,21431060,phunkroyal,1793199608,Slots & Diapers,4257,2026-08-14T14:43:07Z,de,"['Deutsch', 'gaming', 'Cozy', 'RichtigSchönerStream', 'echtTollerStream', 'SchöneZuschauer', 'GeileSpielauswahl', 'KrasseSkillsHatDerPhunk', 'WahnsinnigTolleZuschauer', 'ChatIstAuchGanzOk']",2026-08-15,01-35-46,Saturday
316317114226,147462900,capcomfighters_jp,55453844,Street Fighter 6,4226,2026-08-14T15:30:10Z,ja,"['eSports', 'ストリートファイターリーグ', '日本語', 'スト6', 'ストリートファイター6', 'ストリートファイター', 'SF6', 'SFリーグ', 'CPT2026', 'CAPCOMCUP13']",2026-08-15,01-35-46,Saturday
318637472630,68727743,razah,460630,Rainbow Six Siege,4226,2026-08-14T13:58:14Z,pt,"['Português', 'DropsAtivados']",2026-08-15,01-35-46,Saturday
317480511332,181357564,tolkin,21779,League of Legends,4222,2026-08-14T07:44:51Z,de,['Deutsch'],2026-08-15,01-35-46,Saturday
317458792674,25722719,dakillzor,27546,World of Tanks,4220,2026-08-14T12:21:29Z,en,"['English', 'DropsEnabled']",2026-08-15,01-35-46,Saturday
318238114277,422417281,rezonfn,33214,Fortnite,4213,2026-08-14T16:56:33Z,de,"['Deutsch', 'Pro', 'Fortnite', 'drops']",2026-08-15,01-35-46,Saturday
316307127537,584184005,akarindao,1286363364,Snowed Under,4201,2026-08-14T12:12:53Z,ja,"['女性', 'ハスキーボイス', '日本語']",2026-08-15,01-35-46,Saturday
318304072806,75738685,insym,1355624463,Massacre at the Mirage,4194,2026-08-14T17:05:33Z,en,['English'],2026-08-15,01-35-46,Saturday
315877981649,438062587,tigz,491931,Escape from Tarkov,4139,2026-08-14T13:42:43Z,en,"['English', 'DropsEnabled']",2026-08-15,01-35-46,Saturday
321027594459,128440061,zentreya,1081998272,PEAK,4136,2026-08-14T16:05:44Z,en,"['English', 'ForkliftCertified', 'GoodMusicTaste', 'ENVtuber', 'PositiveVibes', 'Anime', 'funny', 'gaming', 'Vtuber', 'SVA']",2026-08-15,01-35-46,Saturday
318302104934,49440419,qojqva,29595,Dota 2,4034,2026-08-14T13:47:41Z,en,['English'],2026-08-15,01-35-46,Saturday
316665425622,270698079,mazellovvv,512980,Fall Guys,4032,2026-08-14T14:02:01Z,ru,"['Русский', 'mazellovvv', 'mzlff', 'English']",2026-08-15,01-35-46,Saturday
318303349862,715007052,kussia88,509658,Just Chatting,3956,2026-08-14T16:00:38Z,ru,['Русский'],2026-08-15,01-35-46,Saturday
320923920602,47124404,dunduk,491931,Escape from Tarkov,3890,2026-08-14T10:04:36Z,ru,"['Русский', 'DropsВключены']",2026-08-15,01-35-46,Saturday
317496413283,120110085,cartanyaaa,32982,Grand Theft Auto V,3826,2026-08-14T15:00:06Z,es,"['Español', 'Español', 'gta', 'gta5online', 'gtaonline', 'latam', 'ps5', 'ps4', 'jugandoconseguidores', 'DropsActivados']",2026-08-15,01-35-46,Saturday
316639824725,956007096,heroes_hub,12839,Heroes of Might and Magic III: The Restoration of Erathia,3815,2026-08-14T12:45:07Z,ru,['Русский'],2026-08-15,01-35-46,Saturday
315922399059,44944867,bstaaard,32982,Grand Theft Auto V,3781,2026-08-14T07:20:17Z,it,"['epic', 'new', 'Drop', 'Italiano', 'DropAbilitati']",2026-08-15,01-35-46,Saturday
316666341974,63614185,snailkick,509658,Just Chatting,3739,2026-08-14T16:11:00Z,ru,"['реакция', 'юмор', 'бв16', 'вайб', 'атмосфера', 'snailkick', 'CS2', 'horrorgames', 'Русский']",2026-08-15,01-35-46,Saturday
318238875365,78874179,krokoboss,2040832301,MiniGolf Maker,3731,2026-08-14T18:01:04Z,de,['Deutsch'],2026-08-15,01-35-46,Saturday
320926088922,40972890,admiralbahroo,1277738947,Sephiria,3720,2026-08-14T15:15:53Z,en,"['English', 'Vtuber', 'Panda', 'ProfessionalThrowing']",2026-08-15,01-35-46,Saturday
317230225911,119407348,shxtou,318184140,The Skin Stapler,3638,2026-08-14T14:51:18Z,en,"['English', 'Vtuber', 'LGBTQ', 'MaleVtuber', 'Twunk', 'Asian', 'Femboy', 'Anime', 'ENVtuber', 'twinkmaxxing']",2026-08-15,01-35-46,Saturday
316710983892,663995665,frametamer666,509658,Just Chatting,3630,2026-08-14T16:33:38Z,ru,"['лампово', 'разговоры', 'Русский']",2026-08-15,01-35-46,Saturday
317483499364,56040562,xthesolutiontv,2040832301,MiniGolf Maker,3601,2026-08-14T16:07:31Z,de,"['Deutsch', 'OG', 'Erpel', 'Ente', 'Khal', 'Schere', 'Prozente']",2026-08-15,01-35-46,Saturday
318237984229,41665974,xop0,661352069,Pop! Pachinko,3530,2026-08-14T16:44:30Z,en,"['English', 'YAP', 'Yapper']",2026-08-15,01-35-46,Saturday
318304314598,463204522,mertabimula,509658,Just Chatting,3520,2026-08-14T17:26:22Z,de,['Deutsch'],2026-08-15,01-35-46,Saturday
316301378801,471685664,tamatthi,491931,Escape from Tarkov,3512,2026-08-13T06:42:33Z,ja,['日本語'],2026-08-15,01-35-46,Saturday
318099608551,73437396,bonjwa,32982,Grand Theft Auto V,3494,2026-08-14T15:48:20Z,de,['Deutsch'],2026-08-15,01-35-46,Saturday
320927292378,43784278,tomato,713385723,Dagger Directive,3494,2026-08-14T17:10:46Z,en,"['English', 'PowertrippingMods', 'PainfullyUnfunnyStreamer', 'TheLastMillennial', 'GodSupportsHimIronically', 'AskMeAboutMyFrogVoice', 'AbsolutelyFoulVibes', 'BackdownKing', 'AskMeToSayPickleRick', 'DarkWhimsy']",2026-08-15,01-35-46,Saturday
318238464869,100901794,shylily,509658,Just Chatting,3480,2026-08-14T17:27:27Z,en,"['English', 'Vtuber', 'Anime', 'AAAAAAAAAAAAAAAAAAAAAAAAA', 'ASMR', 'ASMRvisual', 'screwdriver']",2026-08-15,01-35-46,Saturday
319901253852,36616300,capcomfighters,55453844,Street Fighter 6,3469,2026-08-14T15:45:35Z,en,"['StreetFighter6', 'Esports', 'FGC', 'fightinggames', 'English']",2026-08-15,01-35-46,Saturday
315441281648,456798977,kspksp,509658,Just Chatting,3462,2026-08-14T15:16:17Z,zh,['中文'],2026-08-15,01-35-46,Saturday
318238481637,1098527438,juls,1669431183,DJs,3462,2026-08-14T17:29:06Z,de,"['music', 'dj', 'deutsch', 'Deutsch', 'Hardstyle', 'Techno', 'House', 'English', 'talk', '808ontwitch']",2026-08-15,01-35-46,Saturday
315913100904,1057785822,michimochievee,509658,Just Chatting,3459,2026-08-14T04:01:07Z,en,"['English', 'VTuber', 'Cringe', 'Bilingual', 'Anime', 'Indonesian']",2026-08-15,01-35-46,Saturday
316664479958,230768385,follentass,509658,Just Chatting,3380,2026-08-14T11:11:17Z,ru,"['Русский', 'IRL']",2026-08-15,01-35-46,Saturday
317495414755,62989856,shisheyu,867112720,Metal Slug X,3368,2026-08-14T12:50:42Z,fr,"['Français', 'chill', 'DropsActivés']",2026-08-15,01-35-46,Saturday
316640875093,121023163,dinablin,509658,Just Chatting,3352,2026-08-14T15:19:59Z,ru,['Русский'],2026-08-15,01-35-46,Saturday
320857224537,133896185,sheefgg,491931,Escape from Tarkov,3319,2026-08-14T14:39:28Z,en,"['English', 'NewPlayerFriendly', 'Chıll', 'BigBenisEnergy', 'DropsEnabled']",2026-08-15,01-35-46,Saturday
316639031509,30814134,welovegames,509658,Just Chatting,3304,2026-08-14T10:26:39Z,ru,"['юмор', 'игры', 'новинки', 'общение', 'IRL', 'русский', 'хоррор', 'Русский']",2026-08-15,01-35-46,Saturday
318300479078,42971110,heideltraut,32982,Grand Theft Auto V,3286,2026-08-14T10:16:00Z,de,"['LuckyV', 'Deutsch', 'GTARP', 'rainbowsixsiege']",2026-08-15,01-35-46,Saturday
319808700894,114856888,varsitygaming,460630,Rainbow Six Siege,3199,2026-08-14T12:55:29Z,en,"['English', 'DropsEnabled']",2026-08-15,01-35-46,Saturday
317481846116,789080214,huntpremier,491931,Escape from Tarkov,3178,2026-08-14T12:29:33Z,en,"['English', 'DropsEnabled']",2026-08-15,01-35-46,Saturday
320857875929,32085830,xaryu,21779,League of Legends,3164,2026-08-14T15:57:57Z,en,['English'],2026-08-15,01-35-46,Saturday
316632388821,27572209,mazoni,491931,Escape from Tarkov,3134,2026-08-13T12:23:53Z,ru,"['Русский', 'EFT', 'DropsВключены']",2026-08-15,01-35-46,Saturday
321028748379,40488774,stray228,29595,Dota 2,3087,2026-08-14T17:55:29Z,ru,"['ПАХАН', 'проигрок228', 'солевойстример', 'тащер', 'адекватнаяатмосфера', 'Бодибилдер', 'Русский', 'танцор', 'Клубничка']",2026-08-15,01-35-46,Saturday
318101231079,162969546,kubafps,498566,Slots,3029,2026-08-14T18:03:40Z,de,"['Deutsch', 'slots', 'casino']",2026-08-15,01-35-46,Saturday
319901419356,7236692,dansgaming,127502910,Sandustry,2993,2026-08-14T16:03:21Z,en,"['TwitchOG', 'DansGame', 'Emotes', 'Variety', 'English', 'Solo', 'Gaming', 'Cozy', 'Community', 'Singleplayer']",2026-08-15,01-35-46,Saturday
318302024166,61776958,mailand,27546,World of Tanks,2990,2026-08-14T13:38:27Z,de,"['mailand', 'panzer', 'action', 'realtalk', 'Deutsch', 'DropsAktiviert']",2026-08-15,01-35-46,Saturday
318234577893,32304693,gndugun,31336,Metin2,2986,2026-08-14T10:26:39Z,de,"['Pro', 'Gamer', 'Free2Play', 'speedrun', 'Deutsch', 'DropsAktiviert']",2026-08-15,01-35-46,Saturday
318840430551,41894099,thetremba,32982,Grand Theft Auto V,2963,2026-08-14T17:44:41Z,uk,['Українська'],2026-08-15,01-35-46,Saturday
320922362586,115994925,alphakep,30921,Rocket League,2891,2026-08-14T06:07:37Z,en,"['English', 'drops', 'NoAds', 'NoAdsAfterPreroll', 'DropsActive', 'pro', 'DropsEnable', 'rocketleague', 'Golf', 'DropsEnabled']",2026-08-15,01-35-46,Saturday
321026638939,227504250,valorant_fr,516575,VALORANT,2884,2026-08-14T14:14:15Z,fr,"['Esports', 'Français', 'EMEA', 'valorant', 'valorantfrance', 'CHALLENGERS', 'ValorantCompetitive']",2026-08-15,01-35-46,Saturday
317497660771,140846786,fugu_fps,516575,VALORANT,2862,2026-08-14T17:18:19Z,fr,['Français'],2026-08-15,01-35-46,Saturday
319940682720,512190147,meesterkeem,509672,IRL,2859,2026-08-14T16:16:21Z,en,"['IRL', 'Asian', 'Anime', 'VTuber', 'English', 'agent00', 'pokemon', 'extraemily', 'kaicenat', 'cinna']",2026-08-15,01-35-46,Saturday
320858228057,141429177,flats,1264310518,Marvel Rivals,2849,2026-08-14T16:36:13Z,en,"['English', 'DropsEnabled']",2026-08-15,01-35-46,Saturday
316666330838,125658197,nexe_,509658,Just Chatting,2774,2026-08-14T16:09:36Z,pl,"['Polski', 'pl', 'nexe', 'qsmp']",2026-08-15,01-35-46,Saturday
318303538918,20992865,grubby,12924,Warcraft III,2769,2026-08-14T16:20:01Z,en,"['English', 'Warcraft3', 'RTS', 'RPG', '4X', 'Grubby', 'Cardgames']",2026-08-15,01-35-46,Saturday
316639069781,1390977462,betboom_cs_ru2,32399,Counter-Strike,2726,2026-08-14T10:33:11Z,ru,"['Киберспорт', 'Esports', 'BLAST', 'counterstrike2', 'Русский']",2026-08-15,01-35-46,Saturday
317229418999,40980097,faux,2083,RuneScape,2726,2026-08-14T11:05:23Z,en,['English'],2026-08-15,01-35-46,Saturday
320927875290,146922206,imperialhal__,511224,Apex Legends,2713,2026-08-14T18:06:16Z,en,['English'],2026-08-15,01-35-46,Saturday
317484398564,707288845,mehditdonc,1763263,nanos world,2705,2026-08-14T17:55:07Z,fr,"['Français', 'DropsActivés']",2026-08-15,01-35-46,Saturday
316666516438,888120457,rera_seal,509658,Just Chatting,2691,2026-08-14T16:33:03Z,ru,['Русский'],2026-08-15,01-35-46,Saturday
317457841378,149107396,caresapo,21779,League of Legends,2688,2026-08-14T09:08:06Z,es,"['Español', 'LoL', 'Vtuber', 'Calvo', 'Furry', 'Therian', 'LGBTQPlus', 'Femboy']",2026-08-15,01-35-46,Saturday
316665587926,54742538,karmikkoala,512953,ELDEN RING,2652,2026-08-14T14:29:03Z,ru,['Русский'],2026-08-15,01-35-46,Saturday
318237872101,269636706,gripey,33214,Fortnite,2645,2026-08-14T16:33:06Z,de,"['Deutsch', 'Fortnite', 'WAVEBOYS', 'Wave', 'drops']",2026-08-15,01-35-46,Saturday
318097958887,97903976,mouzakrobat,27546,World of Tanks,2633,2026-08-14T13:08:13Z,de,"['Deutsch', 'DropsAktiviert']",2026-08-15,01-35-46,Saturday
318304370790,1516865648,hallyustream1,509658,Just Chatting,2631,2026-08-14T17:30:35Z,en,"['PrimoAscolto', 'English']",2026-08-15,01-35-46,Saturday
316373146227,207356702,kannachan524,516575,VALORANT,2628,2026-08-14T13:52:12Z,zh,['中文'],2026-08-15,01-35-46,Saturday
316711601492,834113869,judah_xx,29595,Dota 2,2627,2026-08-14T17:39:51Z,ru,['Русский'],2026-08-15,01-35-46,Saturday
317884307032,109118789,central_committee,509658,Just Chatting,2598,2026-08-14T14:07:32Z,en,"['Hasanabi', 'History', 'News', 'MikeFromPA', 'Denims', 'HAS', 'MajorityReport', 'CarolineKwan', 'English']",2026-08-15,01-35-46,Saturday
319940744544,50881182,aztecross,497057,Destiny 2,2595,2026-08-14T16:24:58Z,en,"['English', 'mistfallhunter', 'TheGyldenRush']",2026-08-15,01-35-46,Saturday
316666612054,408301033,at0m,33214,Fortnite,2580,2026-08-14T16:44:59Z,ru,['Русский'],2026-08-15,01-35-46,Saturday
317231149687,749197329,rachitroo_1,509658,Just Chatting,2578,2026-08-14T18:07:13Z,en,"['hindi', 'rachitroo', 'justchatting', 'English', 'India', 'IRL']",2026-08-15,01-35-46,Saturday
315924094931,28337972,limealicious,1846293708,Fields of Mistria,2576,2026-08-14T17:36:33Z,en,"['Cozy', 'Vtuber', 'English', 'Gremlin']",2026-08-15,01-35-46,Saturday
317495574627,50795214,sardoche,21779,League of Legends,2534,2026-08-14T13:13:08Z,fr,['Français'],2026-08-15,01-35-46,Saturday
316306892913,226535110,ukyochi_jp,511229,Pogostuck: Rage With Your Friends,2493,2026-08-14T11:29:42Z,ja,"['日本語', 'Vtuber']",2026-08-15,01-35-46,Saturday
318839566167,27369897,ben_,29307,Path of Exile,2487,2026-08-14T15:20:25Z,en,['English'],2026-08-15,01-35-46,Saturday
318237235429,804923620,leothecrack,33214,Fortnite,2483,2026-08-14T15:36:54Z,fr,"['fortnite', 'cup', 'finale', 'chill', 'token', 'Scrims', 'FNCS', 'Tournament', 'Français', 'English']",2026-08-15,01-35-46,Saturday
317494697443,80216715,rosdri_twitch,30921,Rocket League,2481,2026-08-14T10:54:21Z,es,"['rlcs', 'rocketleague', 'español', 'drops', 'watchparty', 'esports', 'spanish', 'ViewerParty', 'Español', 'DropsActivados']",2026-08-15,01-35-46,Saturday
318299463910,215880834,kim_gottwald,518203,Sports,2467,2026-08-14T07:01:14Z,de,['Deutsch'],2026-08-15,01-35-46,Saturday
317496169059,558530984,echo_esports,18122,World of Warcraft,2456,2026-08-14T14:30:58Z,en,"['English', 'DropsEnabled']",2026-08-15,01-35-46,Saturday
317483679460,211172494,gopster_,491931,Escape from Tarkov,2421,2026-08-14T16:30:06Z,ru,"['Шутеры', 'gopster', 'Русский', 'DropsВключены']",2026-08-15,01-35-46,Saturday
318099774567,739061673,der_typ_ist_anders,509658,Just Chatting,2420,2026-08-14T16:01:37Z,de,"['Interactive', 'Community', 'Deutsch', 'reaction', 'ReactionsVideos', 'reactions']",2026-08-15,01-35-46,Saturday
316708572372,657644821,cs2_maincast,32399,Counter-Strike,2420,2026-08-14T10:30:49Z,uk,"['Українська', 'maincast', 'cs2', 'кс2', 'мейнкаст', 'Ukrainian', 'кс', 'EWC2026']",2026-08-15,01-35-46,Saturday
316666336470,92848919,renatko,509658,Just Chatting,2417,2026-08-14T16:10:21Z,ru,"['Русский', 'машины', 'СТАЯ', 'ирл', 'ИРЛСТРИМ', 'ирлстример']",2026-08-15,01-35-46,Saturday
315896639698,137907801,dekarldent,509658,Just Chatting,2392,2026-08-14T15:26:18Z,de,['Deutsch'],2026-08-15,01-35-46,Saturday
316711561940,64173519,deadp47_,509658,Just Chatting,2391,2026-08-14T17:35:27Z,ru,['Русский'],2026-08-15,01-35-46,Saturday
316664015062,87791915,ilame,1081998272,PEAK,2388,2026-08-14T09:27:21Z,ru,"['Русский', 'отвалжопы', 'Геморрой', 'гейминг', 'donttouchgrasschallenge', 'Skuffed', 'penusripper', 'аим400кг', 'янебудуигратьвдоту']",2026-08-15,01-35-46,Saturday
319940712160,41253053,baalorlord,1435206302,Slay the Spire II,2374,2026-08-14T16:20:46Z,en,"['English', 'Educational', 'Roguelike']",2026-08-15,01-35-46,Saturday
316639046485,259710795,pelaajatcom,32399,Counter-Strike,2363,2026-08-14T10:28:58Z,fi,"['Suomi', 'Wombat', 'xff', 'selostajat', 'kännissä', '35', 'ihQ']",2026-08-15,01-35-46,Saturday
317459727970,137192875,degrastream,509658,Just Chatting,2342,2026-08-14T14:36:03Z,ru,['Русский'],2026-08-15,01-35-46,Saturday
319809640670,947519,tekken,538054672,TEKKEN 8,2334,2026-08-14T15:30:32Z,en,"['Esports', 'developer', 'fightinggames', 'bandainamco', 'English']",2026-08-15,01-35-46,Saturday
318101116775,608644451,artyom_gentleman,509672,IRL,2326,2026-08-14T17:56:12Z,ru,"['Русский', 'GentlemaN', 'standoff2']",2026-08-15,01-35-46,Saturday
316315694322,77415295,jasper7se,515025,Overwatch,2325,2026-08-14T11:19:14Z,ja,"['日本語', 'Drops有効']",2026-08-15,01-35-46,Saturday
321026568027,404051693,fettr6s,460630,Rainbow Six Siege,2315,2026-08-14T14:02:21Z,en,"['English', 'Esports', 'DropsEnabled']",2026-08-15,01-35-46,Saturday
318302886886,29565445,h0llylp,1253800827,Mafia: The Old Country,2293,2026-08-14T15:11:22Z,de,['Deutsch'],2026-08-15,01-35-46,Saturday
318638098678,83691960,baxbeast,491931,Escape from Tarkov,2265,2026-08-14T16:19:26Z,es,"['Español', 'DropsActivados']",2026-08-15,01-35-46,Saturday
318703906805,71934478,neskwga,460630,Rainbow Six Siege,2256,2026-08-14T13:53:18Z,pt,"['Português', 'DropsAtivados']",2026-08-15,01-35-46,Saturday
316639552469,280197012,alle,491931,Escape from Tarkov,2253,2026-08-14T11:58:58Z,en,"['THEBEST', 'LABS', 'SCHIZOMODE', 'NOONEISBETTER', 'aimbotting', 'betterthanyou', 'English', 'NEVERGOON', 'Top1MostHumble', 'DropsEnabled']",2026-08-15,01-35-46,Saturday
316639839829,118740256,b_komhate,491931,Escape from Tarkov,2249,2026-08-14T12:47:52Z,ru,"['ТАРКОВ', 'ВКОМНАТЕ', 'Русский', 'DropsВключены']",2026-08-15,01-35-46,Saturday
318303568998,123182260,hiswattson,511224,Apex Legends,2232,2026-08-14T16:22:50Z,en,"['English', 'Furry', 'femboyfurry', 'dentedhead', 'dentedcatboy']",2026-08-15,01-35-46,Saturday
318099008359,84539108,nisqyy,21779,League of Legends,2225,2026-08-14T14:52:00Z,fr,"['Français', 'Chıll', 'English', 'Europe', 'leagueoflegends', 'MOBA', 'Anime', 'movie', 'gaming', 'food']",2026-08-15,01-35-46,Saturday
318834906199,1305342529,theburntpeanut_247,499973,Always On,2219,2026-08-14T03:51:53Z,en,"['English', 'VOD', 'Rerun', 'arcraiders', 'tobacco']",2026-08-15,01-35-46,Saturday
319939792096,1087920629,eisteelepeach_1,509672,IRL,2217,2026-08-14T14:15:11Z,de,"['Deutsch', 'flohmarkt', 'Müll', 'König', 'Gaunern']",2026-08-15,01-35-46,Saturday
318231872869,53815140,olesha,1330093788,Voices of the Void,2211,2026-08-14T00:09:31Z,ru,"['Русский', 'ГигантМысли', 'ГигаГеймер', 'ПолитическиПодкованный', 'ФилософияЖизни', 'БеспроводнаяКлавиатура', 'КлавиатураБезНумпада', 'БоссСваги']",2026-08-15,01-35-46,Saturday
318304136550,487318498,vadeal,33214,Fortnite,2202,2026-08-14T17:10:43Z,de,['Deutsch'],2026-08-15,01-35-46,Saturday
319809224030,133118594,mingo,460630,Rainbow Six Siege,2198,2026-08-14T14:28:28Z,en,"['English', 'jynxzi', 'DropsEnabled']",2026-08-15,01-35-46,Saturday
317494490211,168116110,croissantstrike,32399,Counter-Strike,2184,2026-08-14T10:16:25Z,fr,"['Français', 'EsportsWorldCup2026']",2026-08-15,01-35-46,Saturday
319939805152,48533154,bawkbasoup,1286363364,Snowed Under,2128,2026-08-14T14:16:57Z,en,"['GodGamer', 'GamerGod', 'English', 'Canada', 'ADHD', 'Horror', 'Canadian']",2026-08-15,01-35-46,Saturday
317495453155,44162266,orkpod,1264310518,Marvel Rivals,2116,2026-08-14T12:55:44Z,ru,"['Русский', 'DropsВключены']",2026-08-15,01-35-46,Saturday
316666612310,14397255,mirwana,33214,Fortnite,2099,2026-08-14T16:45:01Z,ru,"['Русский', 'Киберспорт', 'Украина', 'чернобыль', 'туретта', 'безмата', 'прохождение', 'хоррор', 'девочка', 'Россия']",2026-08-15,01-35-46,Saturday
317884539096,26302559,numotthenummy,2748,Magic: The Gathering,2089,2026-08-14T15:24:51Z,en,"['Flawless', 'Thrilling', 'Ripe', 'EmotionallyStable', 'BigBrain', 'Spicy', 'Gorgeous', '200IQ', 'Sweet', 'English']",2026-08-15,01-35-46,Saturday
317458886498,89872865,laink,200049774,Servant of the Lake,2079,2026-08-14T12:36:58Z,fr,['Français'],2026-08-15,01-35-46,Saturday
319901368284,444477609,themajorityreport,509658,Just Chatting,2076,2026-08-14T15:58:59Z,en,['English'],2026-08-15,01-35-46,Saturday
316664350806,1318974958,lentbb,32399,Counter-Strike,2052,2026-08-14T10:45:49Z,ru,"['Русский', 'EWC', 'chopper', 'zoner', 'EsportsWorldCup', 'shadowkek', 'K27', 'MIBR', 'PARIVISION', '100Thieves']",2026-08-15,01-35-46,Saturday
318772735348,137765361,ismeiow,509658,Just Chatting,2039,2026-08-14T17:06:59Z,pt,['Português'],2026-08-15,01-35-46,Saturday
316711211348,47966045,by_owl,509658,Just Chatting,2039,2026-08-14T17:00:34Z,ru,"['Русский', 'DropsВключены']",2026-08-15,01-35-46,Saturday
318235258597,1528652617,gameslotskolja,498566,Slots,2019,2026-08-14T12:02:08Z,de,['Deutsch'],2026-08-15,01-35-46,Saturday
318302650214,111974014,knebeltv,71375,Star Citizen,1996,2026-08-14T14:49:58Z,de,"['Deutsch', 'German', 'Weltraum', 'Rollenspiel', 'StarCitizen', 'PvE', 'PvP', '4K', 'SpaceSim', 'Shooter']",2026-08-15,01-35-46,Saturday
318235196645,51929371,ml7support,515025,Overwatch,1996,2026-08-14T11:54:29Z,en,"['English', 'gaming', 'overwatch', 'DropsEnabled']",2026-08-15,01-35-46,Saturday
318229758309,93914461,cooldee__,491931,Escape from Tarkov,1993,2026-08-13T19:39:05Z,en,"['English', 'Chad', 'sweaty', 'DropsEnabled']",2026-08-15,01-35-46,Saturday
318300563558,36717908,izakooo,32399,Counter-Strike,1988,2026-08-14T10:30:03Z,pl,['Polski'],2026-08-15,01-35-46,Saturday
317884904920,402998527,nstvgames,509658,Just Chatting,1974,2026-08-14T17:02:53Z,ru,['Русский'],2026-08-15,01-35-46,Saturday
318238022373,84547838,timgioh,33214,Fortnite,1969,2026-08-14T16:48:28Z,de,"['Yugioh', 'English', 'twìtch', 'justchatting', 'Action', 'Horror', 'Community', 'Deutsch', 'DeutschGerman', 'TwitchPartner']",2026-08-15,01-35-46,Saturday
316701117396,202684068,axel_tv,491931,Escape from Tarkov,1960,2026-08-13T11:14:54Z,en,"['English', 'german', 'food', 'chill', 'Русский', 'DropsEnabled']",2026-08-15,01-35-46,Saturday
318099614183,101020771,repaz,21779,League of Legends,1939,2026-08-14T15:48:56Z,de,['Deutsch'],2026-08-15,01-35-46,Saturday
317458058210,625931244,mawkzy_,30921,Rocket League,1938,2026-08-14T09:59:38Z,fr,"['Dropsactivés', 'Français']",2026-08-15,01-35-46,Saturday
316094065005,1118064582,mc0cnoob,461221,MARVEL Contest of Champions,1935,2026-08-14T16:32:03Z,en,"['Mcoc', 'Banquet', 'crystal', 'opening', 'code', 'giveaway', 'whale', 'English', 'DropsEnabled']",2026-08-15,01-35-46,Saturday
319901233756,26144028,jwonggg,2030977008,Avatar Legends: The Fighting Game,1915,2026-08-14T15:42:52Z,en,"['fgc', 'fightinggames', 'English']",2026-08-15,01-35-46,Saturday
316314964978,41952329,bijusan,511224,Apex Legends,1913,2026-08-14T07:42:07Z,ja,['日本語'],2026-08-15,01-35-46,Saturday
318638335478,84170512,dydy,33214,Fortnite,1910,2026-08-14T17:03:25Z,es,['Español'],2026-08-15,01-35-46,Saturday
316710987732,239867683,awizotv,509658,Just Chatting,1909,2026-08-14T16:34:10Z,pl,"['Polski', 'Awizo', 'DominikBos', 'awizotv']",2026-08-15,01-35-46,Saturday
317230523895,148414764,astralspiff,490730,FNaF World,1902,2026-08-14T16:01:58Z,en,"['English', 'NoGenAI']",2026-08-15,01-35-46,Saturday
321028013659,488890222,djbizzon,1669431183,DJs,1900,2026-08-14T16:47:58Z,en,"['English', 'Funk', 'DJ', 'HipHop', 'RnB', 'music', 'DropsEnabled']",2026-08-15,01-35-46,Saturday
318100419047,151883075,mahluna,509658,Just Chatting,1899,2026-08-14T16:58:45Z,de,['Deutsch'],2026-08-15,01-35-46,Saturday
318236396133,236507843,pizfn,33214,Fortnite,1893,2026-08-14T14:17:00Z,it,['Italiano'],2026-08-15,01-35-46,Saturday
317460852834,578762718,fallenshadow,509663,Special Events,1879,2026-08-14T17:03:56Z,en,"['VTuber', 'Anime', 'Silly', 'English', 'Awesome', 'Girl', 'Cute', 'Fute', 'NotADictator', 'Hello']",2026-08-15,01-35-46,Saturday
318236772837,134287989,yinsu,516575,VALORANT,1865,2026-08-14T14:56:06Z,en,"['watchparty', 'English', 'VCTEMEA', 'VCTCN', '中文', 'VCT']",2026-08-15,01-35-46,Saturday
320857103833,118155820,willerz,491931,Escape from Tarkov,1861,2026-08-14T14:22:32Z,en,"['English', 'chad', 'Friendly', 'Parkour', 'comedy', 'action', 'FPS', 'multiplayer', 'DropsEnabled']",2026-08-15,01-35-46,Saturday
316664589142,20567961,ziqoftw,18122,World of Warcraft,1861,2026-08-14T11:35:39Z,en,"['English', 'rank1', 'funny', 'ziqo', 'pvp', 'Hardcore', 'ZNN', 'midnight', 'Clasicplus', 'DropsEnabled']",2026-08-15,01-35-46,Saturday
318301733606,753003524,feidunn,27546,World of Tanks,1846,2026-08-14T13:03:48Z,en,"['English', 'WorldofTanks', 'wot', 'drops', 'fulltimestreamer', 'chill', 'Giveaways', 'DropsEnabled']",2026-08-15,01-35-46,Saturday
317230712951,649885352,kattpaccino,509658,Just Chatting,1840,2026-08-14T16:41:39Z,en,"['kattpaccino', 'English', 'Funny', 'irl', 'blonde', 'tryonhaul']",2026-08-15,01-35-46,Saturday
316642050645,583602418,off_kuka358,1282866981,Delta Force,1837,2026-08-14T17:45:32Z,ru,"['kuka358', 'kuka', 'кука358', 'кука', 'Русский', 'drops', 'DropsВключены']",2026-08-15,01-35-46,Saturday
319940709728,112295341,andersonjph,602959317,Dispatch,1836,2026-08-14T16:20:23Z,en,"['English', 'sword', 'bouldering']",2026-08-15,01-35-46,Saturday
316665511254,159782005,guddummit,138585,Hearthstone,1833,2026-08-14T14:15:33Z,ru,['Русский'],2026-08-15,01-35-46,Saturday
315975776874,117348035,et_1231,509658,Just Chatting,1829,2026-08-14T13:59:51Z,zh,"['中文', '惡校遊戲']",2026-08-15,01-35-46,Saturday
319939054176,59685493,cohh,499973,Always On,1827,2026-08-14T12:00:04Z,en,"['ReRun', 'Cozy', 'GoodVibes', 'SFW', 'Parent', 'Chill', 'English']",2026-08-15,01-35-46,Saturday
321027744603,126678134,officermesser,32982,Grand Theft Auto V,1815,2026-08-14T16:21:20Z,en,['English'],2026-08-15,01-35-46,Saturday
318301778406,86131599,lol_nemesis,21779,League of Legends,1814,2026-08-14T13:09:16Z,en,"['English', 'LegendsMatch']",2026-08-15,01-35-46,Saturday
317876478936,20694610,towelliee,18122,World of Warcraft,1799,2026-08-13T09:19:28Z,en,"['tank', 'worldofwarcraft', 'entertainment', 'English', 'MMORPG', 'midnight', 'classicplus', 'wowmidnight', 'FFXIV', 'DropsEnabled']",2026-08-15,01-35-46,Saturday
316659590998,596550378,bilyiiii,509672,IRL,1798,2026-08-13T16:22:56Z,uk,"['Українська', 'IRL', 'Україна', 'Київ']",2026-08-15,01-35-46,Saturday
320857603545,166901339,sparkles_qt,33214,Fortnite,1797,2026-08-14T15:27:50Z,en,"['English', 'HeadphoneWarning', 'Fortnite', 'ScreamQueen', 'LoudAF', 'BestMods', '100thieves']",2026-08-15,01-35-46,Saturday
321025865307,562644209,narang_421,116747788,"Pools, Hot Tubs, and Beaches",1785,2026-08-14T11:31:50Z,ko,"['한국어', '臺灣', '日本', 'USA', 'USA']",2026-08-15,01-35-46,Saturday
316373463155,37106068,krapycoco,516575,VALORANT,1784,2026-08-14T14:56:08Z,zh,['中文'],2026-08-15,01-35-46,Saturday
316665316950,101204178,jamside,2132205352,Deadlock,1775,2026-08-14T13:44:49Z,ru,"['Русский', 'English', 'MONKEY', 'ape', 'Gorilla']",2026-08-15,01-35-46,Saturday
315404552302,1054415674,synare35,498566,Slots,1748,2026-08-13T11:37:14Z,en,['English'],2026-08-15,01-35-46,Saturday
320858391769,248600377,infume,27471,Minecraft,1748,2026-08-14T16:52:27Z,en,"['English', 'Speedrun']",2026-08-15,01-35-46,Saturday
321028493147,87184624,zacknani,518203,Sports,1735,2026-08-14T17:32:57Z,fr,"['football', 'Français', 'zackenrouelibre']",2026-08-15,01-35-46,Saturday
318100161383,135556026,yaheljr,29056,Knight Online,1724,2026-08-14T16:36:57Z,tr,['Türkçe'],2026-08-15,01-35-46,Saturday
318099600359,66094104,coachboop,33214,Fortnite,1722,2026-08-14T15:47:31Z,en,"['Analyst', 'Broadcast', 'ViewingParty', 'CoachBoop', 'Boop', 'FNCS', 'Scrims', 'English']",2026-08-15,01-35-46,Saturday
316666612438,163488747,n3utr4lsf,510389,Shakes and Fidget,1714,2026-08-14T16:45:03Z,pl,"['shakes', 'fidget', 'shakesfidget', 'Polski', 'DropyWłączone']",2026-08-15,01-35-46,Saturday
317460710498,123341090,wazz,33214,Fortnite,1709,2026-08-14T16:44:45Z,fr,['Français'],2026-08-15,01-35-46,Saturday
317230872439,117349875,smallant,493997,Super Mario Odyssey,1704,2026-08-14T17:12:01Z,en,['English'],2026-08-15,01-35-46,Saturday
318097312999,65411398,juice,509658,Just Chatting,1696,2026-08-14T12:04:07Z,ru,['Русский'],2026-08-15,01-35-46,Saturday
316640326613,141651092,gagik,493959,Red Dead Redemption II,1695,2026-08-14T14:01:07Z,ru,"['Multiplayer', 'ВИКИНГ', 'ГАГИК', 'ЦЕНТРАЛ', 'Majestic', 'Русский']",2026-08-15,01-35-46,Saturday
319940130272,75341599,adamwas_here,490948,The Isle,1694,2026-08-14T15:06:09Z,en,['English'],2026-08-15,01-35-46,Saturday
317228471799,151368796,piratesoftware,766571430,HELLDIVERS 2,1677,2026-08-14T07:13:10Z,en,"['English', 'Programming', 'GameDev', 'NotMyBirthday']",2026-08-15,01-35-46,Saturday
316665144278,515919232,me4tatelnica_irina,2133072147,Mir Korabley,1671,2026-08-14T13:17:43Z,ru,"['Русский', 'DropsВключены']",2026-08-15,01-35-46,Saturday
318234696549,176262150,dayneez,32399,Counter-Strike,1665,2026-08-14T10:44:30Z,ru,"['Русский', 'cs', 'CS2', 'faceit', 'EWC', 'EWC2026', 'DropsВключены', 'к27', 'MIBR']",2026-08-15,01-35-46,Saturday
316064974316,165501463,yznsa,460630,Rainbow Six Siege,1664,2026-08-14T17:41:03Z,ar,"['Arabic', 'KSA', 'English', 'العربية', 'marvelrivals', 'تم・تمكين・Drops']",2026-08-15,01-35-46,Saturday
319807758302,492227911,minuself,509672,IRL,1657,2026-08-14T08:18:30Z,de,"['Deutsch', 'German', 'blonde', 'skgaming', 'English', 'HobbyHorsing']",2026-08-15,01-35-46,Saturday
317497812067,537217836,trebor,497497,Brawl Stars,1649,2026-08-14T17:35:50Z,es,['Español'],2026-08-15,01-35-46,Saturday
316665227222,908305099,xanny,491487,Dead by Daylight,1634,2026-08-14T13:30:20Z,en,"['English', 'goth', 'Vampire', 'soulslike', 'Horror', 'girlgamer', 'girlstreamer', 'Goddess', 'Woman', 'eldenring']",2026-08-15,01-35-46,Saturday
319810951262,195902242,jude_low,27471,Minecraft,1627,2026-08-14T17:55:27Z,en,['English'],2026-08-15,01-35-46,Saturday
318235865701,70075625,silvername,18122,World of Warcraft,1622,2026-08-14T13:16:52Z,ru,"['Русский', 'English', 'cybersport', 'worldrecord', 'DropsВключены']",2026-08-15,01-35-46,Saturday
320925370842,22562338,buffpup,645512413,Agefield High: Rock the School,1618,2026-08-14T14:02:33Z,en,"['English', 'Vtuber', 'cringe', 'monstergirl', 'Anime', 'werewolf', 'Woman', 'sterileandferal']",2026-08-15,01-35-46,Saturday
320857904857,139518335,dearninette,509663,Special Events,1617,2026-08-14T16:00:21Z,en,"['ModelDebut', 'ElfVtuber', 'English', 'DropsEnabled']",2026-08-15,01-35-46,Saturday
315922300627,171506994,benjamool,509672,IRL,1608,2026-08-14T06:27:31Z,de,"['Deutsch', 'IRL', 'Lost', 'Reisen', 'Outdoors', 'Schweden', 'DropsAktiviert']",2026-08-15,01-35-46,Saturday
317449043042,113080650,dahmien7,491931,Escape from Tarkov,1607,2026-08-13T06:04:46Z,fr,"['Français', 'chill', 'English', 'DropsActivés']",2026-08-15,01-35-46,Saturday
318304110950,406995218,itsassitv,498566,Slots,1604,2026-08-14T17:08:46Z,de,"['Deutsch', 'itsassitv', 'AssiTV']",2026-08-15,01-35-46,Saturday
321025002075,568329848,sunnys,509658,Just Chatting,1600,2026-08-14T07:20:14Z,en,"['miata', 'English', '100Thieves', 'oscs']",2026-08-15,01-35-46,Saturday
317461073890,34371079,horcus,516575,VALORANT,1600,2026-08-14T17:32:16Z,es,"['Español', 'España', 'Valorant', 'Radiant', 'Spanish', 'English', 'Competitive', 'Drops', 'dropsenabled', 'dropsactivados']",2026-08-15,01-35-46,Saturday
315878527569,522478761,hackingnoisess,27471,Minecraft,1581,2026-08-14T16:34:09Z,en,"['Speedrun', 'English']",2026-08-15,01-35-46,Saturday
318839316439,136182935,whatever,509658,Just Chatting,1579,2026-08-14T14:25:46Z,en,"['podcast', 'dating', 'egirl', 'English']",2026-08-15,01-35-46,Saturday
317495485923,38553197,beaulo,460630,Rainbow Six Siege,1578,2026-08-14T13:00:19Z,en,"['English', 'beaulo', 'pro', 'STATE', 'smallpp', 'hugenuts', 'DropsEnabled']",2026-08-15,01-35-46,Saturday
316709540692,130313947,dmitry_bale,1264310518,Marvel Rivals,1577,2026-08-14T13:20:17Z,ru,"['Vtuber', 'Русский', 'Новинки', 'Игры', 'Общение', 'DropsВключены']",2026-08-15,01-35-46,Saturday
316316134130,1528659797,cryptociblive24,499634,Crypto,1577,2026-08-14T12:32:42Z,en,"['English', 'Crypto', 'Trade', 'Forex', 'Finance', 'Live']",2026-08-15,01-35-46,Saturday
317230994551,60978448,dogdog,138585,Hearthstone,1576,2026-08-14T17:37:17Z,en,['English'],2026-08-15,01-35-46,Saturday
315953074025,1047145019,mayj0501,516575,VALORANT,1570,2026-08-14T11:59:27Z,zh,"['中文', '魔法師', '暴言系', '手手', '打瓦裏人格', '躁躁人', 'Vtuber', '怪人']",2026-08-15,01-35-46,Saturday
317481640804,84240904,humility,20596,Dofus,1557,2026-08-14T11:57:57Z,fr,['Français'],2026-08-15,01-35-46,Saturday
315975738474,1144251923,itsuki_ianvs,509658,Just Chatting,1551,2026-08-14T13:51:28Z,zh,"['vtubers', '唱歌聊天', '中文', '音樂', 'ENG', 'English']",2026-08-15,01-35-46,Saturday
318225237733,636587384,alveussanctuary,509658,Just Chatting,1534,2026-08-13T12:52:20Z,en,"['English', 'TogetherForGood', 'purplemartins', 'Charity']",2026-08-15,01-35-46,Saturday
318235192805,1528650661,deslotscasinojoy,498566,Slots,1523,2026-08-14T11:53:56Z,de,['Deutsch'],2026-08-15,01-35-46,Saturday
318772456436,47071880,yoda,21779,League of Legends,1513,2026-08-14T16:11:18Z,pt,"['Português', 'wYzards', 'Y', 'SehLoiro', 'FON', 'SLGames', 'RBH']",2026-08-15,01-35-46,Saturday
316664480086,425608057,fasoollka,509658,Just Chatting,1512,2026-08-14T11:11:17Z,ru,['Русский'],2026-08-15,01-35-46,Saturday
315914421608,162323092,gearbaby1010,516575,VALORANT,1507,2026-08-14T11:34:42Z,zh,"['主打技術', '顏值還行', '中文', '棋靈王', '我愛黑人']",2026-08-15,01-35-46,Saturday
317483001572,96564203,suja,33214,Fortnite,1491,2026-08-14T15:09:49Z,es,"['Español', 'drops', 'Fortnite', 'casteo']",2026-08-15,01-35-46,Saturday
317459627746,521583209,jujalag,1027337331,Defender of the Crown: The Legend Returns,1489,2026-08-14T14:22:34Z,es,['Español'],2026-08-15,01-35-46,Saturday
321025769179,69907855,bearki,491931,Escape from Tarkov,1488,2026-08-14T11:01:00Z,en,"['English', 'DropsEnabled']",2026-08-15,01-35-46,Saturday
318100514919,1406699577,chaosduoirl,509658,Just Chatting,1486,2026-08-14T17:04:37Z,hu,"['Hungarian', 'Magyar', 'IRL', 'ChaosDuo', 'Akos', 'Peti']",2026-08-15,01-35-46,Saturday
319900343516,175279277,jessekazam,491931,Escape from Tarkov,1483,2026-08-14T13:22:43Z,en,"['English', 'tarkov', 'Shooter', 'Hardcore', 'EFT', 'pizza', 'DropsEnabled']",2026-08-15,01-35-46,Saturday
315952977641,11692694,uzra,138585,Hearthstone,1479,2026-08-14T11:34:23Z,zh,['中文'],2026-08-15,01-35-46,Saturday
317480140516,48245475,areslps,31339,Project Zomboid,1475,2026-08-14T04:58:05Z,de,"['german', 'deutsch', 'variety', 'Deutsch', 'Giveaways', 'chill', 'chillout', 'zomboid', 'projectozomboid', 'pz']",2026-08-15,01-35-46,Saturday
320856129625,37153210,zethiann,386821,Black Desert,1469,2026-08-14T11:04:39Z,en,['English'],2026-08-15,01-35-46,Saturday
319808930014,22552479,giantwaffle,130942,Factorio,1464,2026-08-14T13:38:29Z,en,"['English', 'smoothbrain', 'greg']",2026-08-15,01-35-46,Saturday
320927142746,814026647,ereklo_game,19976,MapleStory,1463,2026-08-14T16:58:10Z,en,"['english', 'MMO', 'maplestory', 'twins', 'English']",2026-08-15,01-35-46,Saturday
320924953306,29237967,blu_haze,499003,VRChat,1455,2026-08-14T13:11:08Z,en,"['VtuberEN', 'VR', 'Dancing', 'chattingwithviewers', 'ioptedoutofgenai', 'music', 'EDM', 'girlfailure', 'goober']",2026-08-15,01-35-46,Saturday
321029156315,116706369,mictia00,509658,Just Chatting,1444,2026-08-14T18:26:47Z,es,"['Ama', 'comer', 'charlar', 'multijugador', 'espectadores', 'Español']",2026-08-15,01-35-46,Saturday
317493324643,224928691,coolestjonas,491931,Escape from Tarkov,1441,2026-08-14T02:48:08Z,en,"['English', 'femboy', 'DropsEnabled']",2026-08-15,01-35-46,Saturday
316666553686,1333807261,ksufee,509658,Just Chatting,1434,2026-08-14T16:37:35Z,ru,"['Русский', 'аниме', 'девушка', 'English', 'girl', 'стримерша', 'общение', 'Косплей', 'девушкастример', 'Anime']",2026-08-15,01-35-46,Saturday
321027383259,52349411,skyrroztv,512710,Call of Duty: Warzone,1427,2026-08-14T15:43:53Z,fr,"['warzone', 'gaming', 'cod', 'fr', 'podcast', 'mw4', 'callofduty', 'Français']",2026-08-15,01-35-46,Saturday
319809889758,22993450,tokidoki77,509658,Just Chatting,1426,2026-08-14T16:01:20Z,ja,['日本語'],2026-08-15,01-35-46,Saturday
318302911846,568555351,kirtscho,509658,Just Chatting,1425,2026-08-14T15:14:38Z,de,['Deutsch'],2026-08-15,01-35-46,Saturday
316317214706,25202416,shuteye_orange,509658,Just Chatting,1423,2026-08-14T16:01:09Z,zh,"['中文', '恐怖遊戲', 'Horror', 'horrorgames', '恐怖', '燕雲十六聲', 'wherewindsmeet']",2026-08-15,01-35-46,Saturday
320926495962,78989410,zajef77,513181,Genshin Impact,1423,2026-08-14T15:57:00Z,en,"['English', 'DropsEnabled']",2026-08-15,01-35-46,Saturday
318236724197,32806281,castcrafter,27471,Minecraft,1417,2026-08-14T14:51:01Z,de,['Deutsch'],2026-08-15,01-35-46,Saturday
319901152860,431782741,tyyplays,2106425216,Gray Zone Warfare,1416,2026-08-14T15:31:37Z,en,"['English', 'grayzone', 'gzw', 'GrayzoneWarfare', 'drops', 'ExtractionShooter', 'Events']",2026-08-15,01-35-46,Saturday
321027116635,65635551,attach,1672324422,Call of Duty: Black Ops 6,1406,2026-08-14T15:15:38Z,en,['English'],2026-08-15,01-35-46,Saturday
319808118110,459898171,tenacitytv,30921,Rocket League,1403,2026-08-14T10:13:11Z,en,"['English', 'TTS', 'BaldStreamer', 'DropsEnabled']",2026-08-15,01-35-46,Saturday
318301699814,540662549,junicats,509672,IRL,1398,2026-08-14T13:00:09Z,de,"['Deutsch', 'IRL', 'SubGoals', 'Ruppig']",2026-08-15,01-35-46,Saturday
320924890202,154425624,kyle,32982,Grand Theft Auto V,1395,2026-08-14T13:02:55Z,en,['English'],2026-08-15,01-35-46,Saturday
318097832039,62603776,cyganzor,27546,World of Tanks,1395,2026-08-14T12:56:26Z,pl,"['Polski', 'Polish', 'wot', 'WorldofTanks', 'Dropy', 'DropyWłączone']",2026-08-15,01-35-46,Saturday
319940048096,1124490553,moomooclover,1517377137,RV There Yet?,1393,2026-08-14T14:55:52Z,en,"['Vtuber', 'Cozy', 'yapping', 'English', 'Live2D', 'silly']",2026-08-15,01-35-46,Saturday
316641265621,161987808,stoun_m,518017,Resident Evil Village,1388,2026-08-14T16:12:24Z,ru,['Русский'],2026-08-15,01-35-46,Saturday
318101108967,821717189,ilrossopiubelloditwitch,509658,Just Chatting,1386,2026-08-14T17:55:20Z,it,"['Italiano', 'ilrosso', 'Cabaret', 'salottino']",2026-08-15,01-35-46,Saturday
315895913810,27107346,b0aty,459931,Old School RuneScape,1383,2026-08-14T11:28:04Z,en,"['English', 'frog', 'Toad', 'Whale']",2026-08-15,01-35-46,Saturday
318705001717,410320296,snopey,509658,Just Chatting,1372,2026-08-14T18:00:11Z,pt,['Português'],2026-08-15,01-35-46,Saturday
317483824612,149555200,joshstrifehayes,18122,World of Warcraft,1371,2026-08-14T16:48:55Z,en,"['community', 'English', 'fitness', 'DropsEnabled']",2026-08-15,01-35-46,Saturday
319809832414,9846758,vgbootcamp,16282,Super Smash Bros. Melee,1370,2026-08-14T15:56:13Z,en,"['Esport', 'Esports', 'smash', 'smashbros', 'English', 'SuperSmashBros', 'SuperSmashBrosUltimate', 'SuperSmashBrosMelee', 'Comptetitive', 'Competition']",2026-08-15,01-35-46,Saturday
318840110039,415954300,nicewigg,32399,Counter-Strike,1361,2026-08-14T16:56:34Z,en,"['100T', 'English', 'fps']",2026-08-15,01-35-46,Saturday
315878557649,529626809,juniorhealy,509658,Just Chatting,1360,2026-08-14T16:44:17Z,es,['Español'],2026-08-15,01-35-46,Saturday
318299600998,6094619,jankos,21779,League of Legends,1359,2026-08-14T07:34:05Z,en,"['English', 'LEC', 'LCK', 'Worlds2026', 'reaction', 'LCKwatchparty']",2026-08-15,01-35-46,Saturday
318839295063,47972131,choice,386821,Black Desert,1348,2026-08-14T14:20:21Z,en,"['English', 'Choice', 'BlackDesert', 'DropsEnabled']",2026-08-15,01-35-46,Saturday
319809743710,13108948,ceogaming,630009802,MARVEL TŌKON: Fighting Souls,1344,2026-08-14T15:45:05Z,en,"['English', 'DropsEnabled']",2026-08-15,01-35-46,Saturday
320925637594,236171146,cented,499634,Crypto,1343,2026-08-14T14:33:08Z,en,['English'],2026-08-15,01-35-46,Saturday
317481185124,99121518,torro,960290413,Sand: Raiders Of Sophie,1342,2026-08-14T10:33:28Z,de,['Deutsch'],2026-08-15,01-35-46,Saturday
317483666020,679901587,elespiadearagon,509663,Special Events,1339,2026-08-14T16:28:39Z,es,"['Español', 'Zaragoza', 'Huesca', 'Teruel', 'espiadearagon', 'DropsActivados']",2026-08-15,01-35-46,Saturday
318299870054,48082917,jokerdtv,512953,ELDEN RING,1339,2026-08-14T08:29:32Z,en,"['MMORPG', 'English', 'drops']",2026-08-15,01-35-46,Saturday
321026940379,138447079,captainlance9,29307,Path of Exile,1339,2026-08-14T14:57:54Z,en,['English'],2026-08-15,01-35-46,Saturday
316708703700,661059687,lota,509658,Just Chatting,1334,2026-08-14T10:57:01Z,ru,"['Русский', 'девушка', 'узбек', 'р', 'москва', 'картавость', 'падл', 'тенис']",2026-08-15,01-35-46,Saturday
316372567411,587350743,kinapoppo,515025,Overwatch,1332,2026-08-14T12:10:34Z,ja,"['日本語', 'Drops有効']",2026-08-15,01-35-46,Saturday
316372833267,773185713,shinomiya_runa,55453844,Street Fighter 6,1331,2026-08-14T12:59:08Z,ja,['日本語'],2026-08-15,01-35-46,Saturday
318099301223,99351845,jennyan,32982,Grand Theft Auto V,1331,2026-08-14T15:18:39Z,de,"['Travel', 'Japan', 'Tokyo', 'IRL', 'Cozy', 'GTARP', 'RP', 'german', 'Deutsch']",2026-08-15,01-35-46,Saturday
317484400484,177146919,angledroit,509658,Just Chatting,1328,2026-08-14T17:55:18Z,fr,['Français'],2026-08-15,01-35-46,Saturday
317884320984,95304188,zoil,509658,Just Chatting,1324,2026-08-14T14:11:12Z,en,['English'],2026-08-15,01-35-46,Saturday
318236581349,27370971,xnapycz,21779,League of Legends,1322,2026-08-14T14:36:00Z,cs,"['Čeština', 'costreaming']",2026-08-15,01-35-46,Saturday
318304048102,98916815,sunglitters,138585,Hearthstone,1322,2026-08-14T17:03:30Z,en,"['English', 'German', 'potatoes', 'Vtuber', 'Deutsch', 'OnlyFangs', 'ZNN']",2026-08-15,01-35-46,Saturday
317230594551,622580525,nykchazza,509672,IRL,1321,2026-08-14T16:16:39Z,en,['English'],2026-08-15,01-35-46,Saturday
318303344358,623247381,matiskaterryfl,509658,Just Chatting,1312,2026-08-14T16:00:15Z,pl,['Polski'],2026-08-15,01-35-46,Saturday
318638340214,26857029,hastad,29452,Virtual Casino,1305,2026-08-14T17:04:14Z,pt,"['Português', 'lol', 'Vayne', 'ADC', 'raze', 'CS2', 'slots', 'casino', 'leagueoflegends']",2026-08-15,01-35-46,Saturday
318098226151,1528444265,slotnovaesgames,498566,Slots,1303,2026-08-14T13:34:00Z,es,['Español'],2026-08-15,01-35-46,Saturday
319796465886,754571401,elcalvolol,509672,IRL,1297,2026-08-13T16:00:41Z,es,['Español'],2026-08-15,01-35-46,Saturday
316664172502,35739604,rekkles,512953,ELDEN RING,1296,2026-08-14T10:06:19Z,en,['English'],2026-08-15,01-35-46,Saturday
316709887828,232372312,pathofexilebota,29307,Path of Exile,1295,2026-08-14T14:14:49Z,ru,['Русский'],2026-08-15,01-35-46,Saturday
318840600279,23211159,atrioc,653624336,Lies of P,1294,2026-08-14T18:08:28Z,en,['English'],2026-08-15,01-35-46,Saturday
321026096219,135449947,officerfa,491931,Escape from Tarkov,1293,2026-08-14T12:37:17Z,en,"['Chill', 'Memes', 'Funny', 'Relaxing', 'Proximity', 'Metal', 'Tattoos', 'English', 'DropsEnabled']",2026-08-15,01-35-46,Saturday
315923045715,726408531,hollyrex,65632,DayZ,1291,2026-08-14T12:01:44Z,en,"['fun', 'survíval', 'Chatty', 'British', 'English', 'chill', 'DayZ']",2026-08-15,01-35-46,Saturday
318101452903,501438035,niklaswilson,509658,Just Chatting,1287,2026-08-14T18:21:36Z,de,['Deutsch'],2026-08-15,01-35-46,Saturday
317230803063,902183508,kriss_drummer,26936,Music,1284,2026-08-14T16:59:54Z,en,"['English', 'Rock', 'Metal']",2026-08-15,01-35-46,Saturday
318100856807,711444058,mrmalfoy07,66082,Games + Demos,1283,2026-08-14T17:33:33Z,ru,['Русский'],2026-08-15,01-35-46,Saturday
321028350555,25514193,deathydl,2132205352,Deadlock,1282,2026-08-14T17:19:04Z,en,['English'],2026-08-15,01-35-46,Saturday
315404553454,1054415311,ryzilogo3,29452,Virtual Casino,1280,2026-08-13T11:37:29Z,pt,['Português'],2026-08-15,01-35-46,Saturday
315404552046,1054415488,hojuxohip,498566,Slots,1268,2026-08-13T11:37:13Z,pt,['Português'],2026-08-15,01-35-46,Saturday
317475990116,1156267140,kinoah2k,509658,Just Chatting,1267,2026-08-13T17:45:13Z,fr,"['FOLLOWATHON', 'Français', 'DropsActivés', 'justchatting', 'Discussions']",2026-08-15,01-35-46,Saturday
318097167335,49408183,sick_nerd,2083,RuneScape,1260,2026-08-14T11:49:53Z,en,"['English', 'RecedingHairline', 'NeanderthalAncestry', 'AskMeAnything', 'Deposit', 'Your', 'Primes', 'Here', 'Denmark']",2026-08-15,01-35-46,Saturday
317884667992,94572313,phidx,538054672,TEKKEN 8,1254,2026-08-14T16:00:29Z,en,"['composed', 'emotionallystable', 'CalmGameplay', 'neverangry', 'English']",2026-08-15,01-35-46,Saturday
315877693265,199584859,casson,518184,Phasmophobia,1251,2026-08-14T12:04:55Z,en,"['British', 'English', 'chatting', 'horrorgames', 'DropsEnabled']",2026-08-15,01-35-46,Saturday
318637375606,132106826,rainbow6br,460630,Rainbow Six Siege,1249,2026-08-14T13:30:50Z,pt,"['Esports', 'Português', 'DropsAtivados']",2026-08-15,01-35-46,Saturday
315897022802,438465591,stokes,624536948,EA Sports FC 26,1249,2026-08-14T17:10:51Z,en,"['English', 'Stokes', 'fc26']",2026-08-15,01-35-46,Saturday
317481063908,39115143,th3antonio,21779,League of Legends,1246,2026-08-14T10:09:01Z,es,"['peluquillas', 'Español', 'CHALLENGER', 'TH3LEC', 'th3antonio', 'poker']",2026-08-15,01-35-46,Saturday
317496329443,138347708,fatiiiih,516575,VALORANT,1242,2026-08-14T14:50:47Z,fr,"['Français', 'Valorant', 'TFT']",2026-08-15,01-35-46,Saturday
315952690153,100438963,ko0416,509658,Just Chatting,1236,2026-08-14T10:08:46Z,zh,['中文'],2026-08-15,01-35-46,Saturday
315897032914,198040640,keshaeuw,21779,League of Legends,1235,2026-08-14T17:12:28Z,en,"['English', 'AUTISM', 'LOUD', 'FUNNY', 'CHALLENGER', 'SMART', 'DISABLED', 'NUNU', 'SWEDISH']",2026-08-15,01-35-46,Saturday
318237029989,265064174,callmeatsa,624536948,EA Sports FC 26,1230,2026-08-14T15:17:03Z,el,"['Ελληνικά', 'ελλάδα', 'Greek']",2026-08-15,01-35-46,Saturday
319899729756,31688366,symfuhny,766571430,HELLDIVERS 2,1223,2026-08-14T10:56:20Z,en,['English'],2026-08-15,01-35-46,Saturday
317495517795,825937345,ellie_minibot,509658,Just Chatting,1222,2026-08-14T13:04:55Z,en,"['vtuber', 'english', 'goofy', 'chill', 'cozy', 'educational', 'banjo', 'ASMR', 'English', 'subathon']",2026-08-15,01-35-46,Saturday
318704672245,582336589,cesgod,461221,MARVEL Contest of Champions,1220,2026-08-14T17:05:06Z,es,"['cesgod', 'cesgame', 'peru', 'mcoc', 'marvelcontestofchampions', 'mexico', 'juegos', 'Español', 'English', 'DropsActivados']",2026-08-15,01-35-46,Saturday
316641706069,856748910,lildjeyy1,1282866981,Delta Force,1220,2026-08-14T17:05:07Z,ru,"['Русский', 'DeltaForce', 'WhereWindsMeet', 'WWMCIES9', 'thegyldenrush', 'WWMCIES10', 'DropsВключены']",2026-08-15,01-35-46,Saturday
319901077340,106008951,saltydolphin,13332,Pokémon FireRed/LeafGreen,1212,2026-08-14T15:21:48Z,en,"['English', 'Pokemon', 'ironMON', 'Horseexpert', 'VGC', 'Humble', 'kaizoironmon', 'Pokemonchampions', 'Superkaizo']",2026-08-15,01-35-46,Saturday
320857796825,29751088,dave_aoe,13389,Age of Empires II,1210,2026-08-14T15:49:16Z,en,['English'],2026-08-15,01-35-46,Saturday
318101029991,75830338,zanoxvii,624536948,EA Sports FC 26,1210,2026-08-14T17:48:24Z,it,['Italiano'],2026-08-15,01-35-46,Saturday
318101198823,608304717,punisherenlive,509658,Just Chatting,1205,2026-08-14T18:01:37Z,fr,['Français'],2026-08-15,01-35-46,Saturday
316641158357,134799723,xkamysh,509658,Just Chatting,1204,2026-08-14T16:00:10Z,ru,"['Русский', 'vtuber', 'Furry', 'Аниме', 'девушка', 'втубер']",2026-08-15,01-35-46,Saturday
317496007779,93740128,beyaz,516575,VALORANT,1201,2026-08-14T14:11:34Z,fr,['Français'],2026-08-15,01-35-46,Saturday
318301902822,38019896,heatoncs,32399,Counter-Strike,1196,2026-08-14T13:24:43Z,en,['English'],2026-08-15,01-35-46,Saturday
318637727606,197433346,tynnkz,33214,Fortnite,1194,2026-08-14T14:59:05Z,pt,"['Português', 'English', 'DropsAtivados']",2026-08-15,01-35-46,Saturday
318300637798,66551495,knueppelpaste,1253800827,Mafia: The Old Country,1186,2026-08-14T10:40:27Z,de,"['Deutsch', 'eigentlichganznett', 'PvP', 'vollderProfi', 'EFT', 'Lehrreich']",2026-08-15,01-35-46,Saturday
319901206236,181743137,xarola_,509672,IRL,1182,2026-08-14T15:39:03Z,pt,"['Português', 'valorant', 'lindo', 'Nordeste', 'fortlev']",2026-08-15,01-35-46,Saturday
318838940887,596031520,fanfan,1081998272,PEAK,1178,2026-08-14T12:23:57Z,en,"['English', 'feet', 'fertile', 'anxiety']",2026-08-15,01-35-46,Saturday
319940340064,69012069,m0xyy,1264310518,Marvel Rivals,1177,2026-08-14T15:33:03Z,en,"['English', 'Hawkeye', 'old', 'Chud', 'DropsEnabled']",2026-08-15,01-35-46,Saturday
318098813415,29188740,fantabobshow,569377921,Truck-kun is Supporting Me from Another World?!,1170,2026-08-14T14:32:06Z,fr,"['Français', 'PyroBarbare', 'BobLennon', 'fantabobshow']",2026-08-15,01-35-46,Saturday
317496820323,945267893,wissam_xelka,509658,Just Chatting,1170,2026-08-14T15:49:41Z,fr,['Français'],2026-08-15,01-35-46,Saturday
320857146073,29829912,drlupo,491931,Escape from Tarkov,1169,2026-08-14T14:28:39Z,en,"['English', 'Depression', 'Blasting', 'Guys', 'Educational', 'DropsEnabled']",2026-08-15,01-35-46,Saturday
321028820315,88257023,skylordzoey,982348888,ELDEN RING NIGHTREIGN,1163,2026-08-14T18:00:47Z,en,"['Trans', 'Transgender', 'LGBTQIAPlus', 'English', 'Vtuber', 'Quirky', 'Loud', 'Vtuber', 'NoGenAI', 'TransRights']",2026-08-15,01-35-46,Saturday
318096612327,817971043,w1llyv,30921,Rocket League,1162,2026-08-14T10:33:12Z,ar,"['arabic', 'arab', 'DropsEnabeled', 'العربية', 'تم・تمكين・Drops']",2026-08-15,01-35-46,Saturday
316316717426,1470831065,mikogami_kotone,55453844,Street Fighter 6,1161,2026-08-14T14:05:04Z,ja,"['日本語', 'にじさんじ']",2026-08-15,01-35-46,Saturday
318101007719,93400114,lars_tm,687129551,Trackmania,1156,2026-08-14T17:46:19Z,en,['English'],2026-08-15,01-35-46,Saturday
318771194612,601665123,luzu_tv,417752,Talk Shows & Podcasts,1154,2026-08-14T09:46:30Z,es,['Español'],2026-08-15,01-35-46,Saturday
315953600105,66548548,dingding248,516575,VALORANT,1150,2026-08-14T14:19:13Z,zh,['中文'],2026-08-15,01-35-46,Saturday
316308172273,673595494,ksg_1912,515025,Overwatch,1150,2026-08-14T15:48:20Z,ja,"['日本語', 'drops', 'Drops有効']",2026-08-15,01-35-46,Saturday
317497522275,44759993,ranzratte,32982,Grand Theft Auto V,1146,2026-08-14T17:03:36Z,de,"['Deutsch', 'multiplayer', 'extraction', 'battleroyale', 'roleplay', 'Musikproduktion']",2026-08-15,01-35-46,Saturday
318303972838,65723137,danielmagical,509658,Just Chatting,1142,2026-08-14T16:59:21Z,pl,['Polski'],2026-08-15,01-35-46,Saturday
316307482737,184589724,mushamaru_,491931,Escape from Tarkov,1142,2026-08-14T13:16:29Z,ja,"['日本語', 'Drops有効']",2026-08-15,01-35-46,Saturday
316712033620,1228051796,reznikbtw,32399,Counter-Strike,1140,2026-08-14T18:22:49Z,ru,['Русский'],2026-08-15,01-35-46,Saturday
318236049125,115340082,palsteron,29307,Path of Exile,1139,2026-08-14T13:40:08Z,en,['English'],2026-08-15,01-35-46,Saturday
320927166170,415858333,beterbabbit,138585,Hearthstone,1136,2026-08-14T17:00:27Z,en,['English'],2026-08-15,01-35-46,Saturday
318236227173,84021070,wipr,516575,VALORANT,1135,2026-08-14T14:00:17Z,fr,"['FPS', 'wipr', 'Français', 'valorant', 'esport', 'VCTWatchParty', 'aigri', 'watchparty', 'french', 'valorantesport']",2026-08-15,01-35-46,Saturday
318839534039,55782451,sideshow,516575,VALORANT,1134,2026-08-14T15:13:41Z,en,['English'],2026-08-15,01-35-46,Saturday
318704654709,124656692,seucreysonreborn,29595,Dota 2,1132,2026-08-14T17:02:45Z,pt,"['Português', 'dota2', 'Coach', 'campeonato', 'campeão', 'CampeãoBrasileiro', 'MOBA']",2026-08-15,01-35-46,Saturday
317459676386,43976593,zaboutine,21779,League of Legends,1127,2026-08-14T14:29:54Z,fr,"['Français', 'Analyse', 'Esports']",2026-08-15,01-35-46,Saturday
319810331358,557148694,couriway,27471,Minecraft,1127,2026-08-14T16:48:25Z,en,"['English', 'Ally', 'noreset', 'Speedrun', 'couriway', 'midoffs']",2026-08-15,01-35-46,Saturday
315897138514,54603105,jabo,489776,Fallout 4,1123,2026-08-14T17:44:51Z,en,"['Fallout', 'ChallengeRuns', '7TV', 'sweaty', 'English', 'Snuffles', 'ReallyGoodAim', 'rats']",2026-08-15,01-35-46,Saturday
317497201507,695897019,la4awale,624536948,EA Sports FC 26,1122,2026-08-14T16:30:33Z,en,"['English', 'fc26', 'fifa', 'ad']",2026-08-15,01-35-46,Saturday
316665839702,62651386,general_hs_,21779,League of Legends,1119,2026-08-14T15:05:49Z,ru,"['Русский', 'АХАХАХАХАХА', 'активныйстример', 'Амазинг', 'Антискам', 'Азиаточки', 'ахуитизм', 'папик']",2026-08-15,01-35-46,Saturday
315877822033,104659233,fifakillvizualz,512710,Call of Duty: Warzone,1116,2026-08-14T12:50:36Z,en,['English'],2026-08-15,01-35-46,Saturday
316664792022,25604128,guit88man,1393304883,Mir Tankov,1113,2026-08-14T12:15:08Z,ru,['Русский'],2026-08-15,01-35-46,Saturday
317494488547,129289579,krl_stream,32399,Counter-Strike,1109,2026-08-14T10:15:59Z,fr,"['Français', 'KRL', 'CS2']",2026-08-15,01-35-46,Saturday
318760259316,72736442,ns_art,29595,Dota 2,1107,2026-08-13T01:33:22Z,pt,"['Português', 'DOTA', 'nsart', 'gaules', 'Português', 'MOBA', 'TheInternational', 'lol', 'commpetitive']",2026-08-15,01-35-46,Saturday
319809537374,144313101,mish,491487,Dead by Daylight,1107,2026-08-14T15:14:04Z,en,"['ClosedCaptions', 'English']",2026-08-15,01-35-46,Saturday
318839847127,62334719,theonlyryann,1679923773,Ells Tales: Chairbound,1105,2026-08-14T16:11:44Z,en,"['chatty', 'Irish', 'LOUD', 'AMA', 'ADHD', 'English', 'funny', 'Variety', 'gaming', 'VoiceActing']",2026-08-15,01-35-46,Saturday
318096639079,38341628,hooch,32399,Counter-Strike,1102,2026-08-14T10:37:26Z,ru,['Русский'],2026-08-15,01-35-46,Saturday
317884426968,24174314,zikzlol,516575,VALORANT,1102,2026-08-14T14:49:50Z,en,['English'],2026-08-15,01-35-46,Saturday
321028176475,58365850,noodlewolfvt,509659,ASMR,1099,2026-08-14T17:02:06Z,en,"['Vtuber', 'ASMR', 'Woman', 'girl', 'mommy', 'English', 'feet', 'Autism', 'girlfailure', 'DeadWeight']",2026-08-15,01-35-46,Saturday
316641678549,450197949,abramovich,493959,Red Dead Redemption II,1098,2026-08-14T17:02:23Z,ru,['Русский'],2026-08-15,01-35-46,Saturday
315407981550,139482710,kant0211,516575,VALORANT,1097,2026-08-14T14:37:12Z,zh,"['中文', '動作', 'fps']",2026-08-15,01-35-46,Saturday
318090621799,592783747,basti_trimborn,509663,Special Events,1096,2026-08-13T18:08:25Z,de,"['Deutsch', 'Fahrrad', 'RAAM']",2026-08-15,01-35-46,Saturday
317480399716,39692658,elojoninja,21779,League of Legends,1094,2026-08-14T07:04:03Z,es,"['Español', 'LeagueofLegends', 'LoL', 'Didactico', 'MOBA', 'Ivern', 'LeeSin', 'Nidalee', 'Challenger']",2026-08-15,01-35-46,Saturday
317459729506,116461043,b0rja,516575,VALORANT,1092,2026-08-14T14:36:22Z,es,"['Español', 'b0rja', 'KRÜ', 'valorant', 'canarias', 'dropsactivados', 'watchparty']",2026-08-15,01-35-46,Saturday
320858834649,48918044,spookyloopz,491487,Dead by Daylight,1092,2026-08-14T17:34:35Z,en,"['English', 'TallStreamer', 'HagFreeZone']",2026-08-15,01-35-46,Saturday
316666534870,797146558,hhhakkku,32399,Counter-Strike,1091,2026-08-14T16:35:37Z,ru,['Русский'],2026-08-15,01-35-46,Saturday
315954128105,764755560,dinah,509658,Just Chatting,1090,2026-08-14T18:01:38Z,en,"['female', 'feet', 'femboy', 'vtuber', 'chinese', 'korean', 'Japanese', 'furry', 'Taiwan', 'ADHD']",2026-08-15,01-35-46,Saturday
317458211170,807344204,jz3rep,32982,Grand Theft Auto V,1089,2026-08-14T10:30:56Z,es,"['gaming', 'Español', 'gta', 'GTAⅤ', 'ＧTA5', 'gta5', 'gtaonline', 'gta5online', 'DropsActivados']",2026-08-15,01-35-46,Saturday
318100399463,49606101,kerems,13389,Age of Empires II,1087,2026-08-14T16:57:13Z,de,"['Deutsch', 'GermanStreamer', 'English', 'aoe2DE']",2026-08-15,01-35-46,Saturday
316667055830,114010306,mulder,491487,Dead by Daylight,1087,2026-08-14T17:39:51Z,ru,['Русский'],2026-08-15,01-35-46,Saturday
318097624679,29214396,mastertay,960290413,Sand: Raiders Of Sophie,1085,2026-08-14T12:36:23Z,de,"['Deutsch', 'Roleplay', 'Buxtehude', 'UnityLifeDE', 'Mastertay']",2026-08-15,01-35-46,Saturday
317458683106,167100879,abby_,21779,League of Legends,1081,2026-08-14T12:01:43Z,es,['Español'],2026-08-15,01-35-46,Saturday
315953121513,16677765,qttsix,24241,FINAL FANTASY XIV ONLINE,1080,2026-08-14T12:10:47Z,zh,"['中文', '启用掉宝']",2026-08-15,01-35-46,Saturday
321026227931,130404073,boxyfresh,490377,Sea of Thieves,1079,2026-08-14T13:06:33Z,en,['English'],2026-08-15,01-35-46,Saturday
317497951203,267550907,mystk,2012789438,Call of Duty: Black Ops 7,1079,2026-08-14T17:52:00Z,fr,"['Français', 'callofduty', 'Ranked', 'cdl']",2026-08-15,01-35-46,Saturday
318236602981,183714759,doctorio,18122,World of Warcraft,1076,2026-08-14T14:38:10Z,de,"['PvE', 'Tutorial', 'Guides', 'Endgame', 'Beginner', 'Education', 'German', 'English', 'Youtube', 'Deutsch']",2026-08-15,01-35-46,Saturday
318303211750,91647183,katoo,33214,Fortnite,1076,2026-08-14T15:45:49Z,de,"['Deutsch', 'German', 'Fortnite']",2026-08-15,01-35-46,Saturday
318101448807,181677239,l4hmadju,493057,PUBG: BATTLEGROUNDS,1075,2026-08-14T18:21:20Z,ru,"['Lahma', 'Lahmadju', 'Lajma', 'Русский']",2026-08-15,01-35-46,Saturday
318100968295,851088609,dota2_paragon_ru,29595,Dota 2,1074,2026-08-14T17:43:31Z,ru,"['Русский', 'Esports', 'Киберспорт']",2026-08-15,01-35-46,Saturday
317496971235,36318615,theguill84,27471,Minecraft,1071,2026-08-14T16:06:40Z,fr,"['Français', 'aigri', 'minecraft', 'Guill', 'TheGuill84']",2026-08-15,01-35-46,Saturday
316710226516,836843004,rouszztrash,29595,Dota 2,1068,2026-08-14T15:02:02Z,ru,['Русский'],2026-08-15,01-35-46,Saturday
317497283299,1135402907,imow,401587136,Arena Breakout: Infinite,1065,2026-08-14T16:40:13Z,en,"['ABI', 'English', 'imow', 'DropsEnabled']",2026-08-15,01-35-46,Saturday
321027188571,144555242,sheriffeli,32982,Grand Theft Auto V,1063,2026-08-14T15:24:47Z,en,"['English', 'Roleplay', 'Comedy', 'VarietyStreamer', 'Funny', 'sheriffeli', 'PoliceRP', 'chaseRP']",2026-08-15,01-35-46,Saturday
317885068120,563807568,heyyouvideogame,491931,Escape from Tarkov,1061,2026-08-14T17:40:28Z,en,"['English', 'RP', 'duostream', 'duo', 'Roleplay', 'philosophical', 'Gimmick', 'Juiceman', 'Lemon', 'Lemonsmith']",2026-08-15,01-35-46,Saturday
318098614119,30118763,newmultishow,27546,World of Tanks,1061,2026-08-14T14:11:46Z,pl,"['Polski', 'wot', 'DropyWłączone']",2026-08-15,01-35-46,Saturday
318237526501,66019478,korbendetka,27546,World of Tanks,1059,2026-08-14T16:01:35Z,ru,"['Русский', 'korben', 'WorldofTanks', 'корбен', 'DropsВключены']",2026-08-15,01-35-46,Saturday
315953977961,82695830,arven93,401587136,Arena Breakout: Infinite,1053,2026-08-14T16:43:13Z,ru,"['Русский', 'arven93', 'motovlog', 'moto', 'arenabreakout', 'Arena', 'arenabreakoutinfinite', 'Арена', 'аренабрекаут', 'arven']",2026-08-15,01-35-46,Saturday
316710957140,71955255,nikitasudar,509658,Just Chatting,1048,2026-08-14T16:30:55Z,ru,"['Русский', 'VituberRu', 'Vituber', 'ананас', 'питомник', 'уродск']",2026-08-15,01-35-46,Saturday
318300791014,102860313,obkatiekat,1081998272,PEAK,1043,2026-08-14T11:02:17Z,en,"['English', 'British', 'ADHD', 'Autism', 'Furry', 'goth', 'Vtuber', 'Metal', 'Anime', 'music']",2026-08-15,01-35-46,Saturday
318098789479,135558945,mortenroyale,491168,Clash Royale,1042,2026-08-14T14:29:51Z,de,['Deutsch'],2026-08-15,01-35-46,Saturday
319809037278,129801067,joshseki,1081998272,PEAK,1039,2026-08-14T13:58:59Z,en,"['English', 'Valorant', 'Kpop', 'Anime', 'Cozy']",2026-08-15,01-35-46,Saturday
318238022885,47627824,rocketbeanstv,66082,Games + Demos,1039,2026-08-14T16:48:33Z,de,['Deutsch'],2026-08-15,01-35-46,Saturday
316666282582,187468813,bullseye,491931,Escape from Tarkov,1036,2026-08-14T16:03:56Z,ru,"['Русский', '1440p', 'PVP', 'BattleRoyale', 'Extraction', 'FPS', 'DropsВключены']",2026-08-15,01-35-46,Saturday
317483830884,410673195,xababtv,460327,Pokémon Omega Ruby/Alpha Sapphire,1035,2026-08-14T16:49:25Z,fr,"['Français', 'aigri', 'Zinzin']",2026-08-15,01-35-46,Saturday
315877852753,24981496,hydramist,18122,World of Warcraft,1031,2026-08-14T12:59:57Z,en,"['English', 'PvP', 'wow', 'wowclassic', 'worldofwarcraft', 'Arena', 'mopclassic', 'MistsofPandaria', 'Priest', 'MMO']",2026-08-15,01-35-46,Saturday
317884891352,31062476,fobm4ster,32399,Counter-Strike,1028,2026-08-14T16:59:57Z,en,['English'],2026-08-15,01-35-46,Saturday
318100548711,80384015,donkaaklijn,481755850,Hell Let Loose: Vietnam,1025,2026-08-14T17:07:29Z,nl,['Nederlands'],2026-08-15,01-35-46,Saturday
318100104935,39067173,psychoghost,500188,Hunt: Showdown 1896,1023,2026-08-14T16:31:23Z,en,"['survival', 'hardcore', 'guide', 'English']",2026-08-15,01-35-46,Saturday
316667020758,987102096,uzorrrr,32399,Counter-Strike,1023,2026-08-14T17:34:09Z,ru,"['Русский', 'Повтор']",2026-08-15,01-35-46,Saturday
320842707161,214337266,honeyxxo,491931,Escape from Tarkov,1023,2026-08-13T18:12:11Z,en,"['English', 'fps', 'gamergirl', 'subathon', 'hottub', 'DropsEnabled']",2026-08-15,01-35-46,Saturday
316316286194,1359297061,naibao0123,509658,Just Chatting,1022,2026-08-14T12:57:14Z,zh,['中文'],2026-08-15,01-35-46,Saturday
318303380966,29468517,pago3,32399,Counter-Strike,1020,2026-08-14T16:03:15Z,pl,"['Polski', 'English']",2026-08-15,01-35-46,Saturday
317458416994,793865610,k2nnn8,743,Chess,1020,2026-08-14T11:13:02Z,ar,"['العربية', 'إعادة・البث', 'Drop', 'فالكون', 'Esports', 'calldofduty', 'English', 'EWC', 'drops', 'تم・تمكين・Drops']",2026-08-15,01-35-46,Saturday
315896976978,3389768,philza,796500915,Halo: Campaign Evolved,1020,2026-08-14T16:59:28Z,en,"['English', 'Hardcore', 'British', 'distracted', 'qsmp']",2026-08-15,01-35-46,Saturday
316664304470,67788628,mager1337,32399,Counter-Strike,1013,2026-08-14T10:35:22Z,ru,['Русский'],2026-08-15,01-35-46,Saturday
321026688987,119089037,colthavok,2012789438,Call of Duty: Black Ops 7,1012,2026-08-14T14:23:02Z,en,['English'],2026-08-15,01-35-46,Saturday
316666287190,96757582,paverpapa,263490,Rust,1009,2026-08-14T16:04:23Z,ru,"['Русский', 'DropsВключены']",2026-08-15,01-35-46,Saturday
318238466533,1505568570,adelichh06,509658,Just Chatting,1004,2026-08-14T17:27:37Z,ru,"['тег', 'Русский']",2026-08-15,01-35-46,Saturday
318839852119,689975521,heinzbaines_,509672,IRL,1004,2026-08-14T16:12:52Z,en,['English'],2026-08-15,01-35-46,Saturday
316641146837,106318725,demonzz1,32399,Counter-Strike,1002,2026-08-14T15:58:41Z,pl,['Polski'],2026-08-15,01-35-46,Saturday
320927075034,10817445,itmejp,334866442,Lootbound,1000,2026-08-14T16:51:42Z,en,"['English', 'HearingImpaired', 'DLSS5OnJackBlack', 'OptOutOfGenAI']",2026-08-15,01-35-46,Saturday
317482691172,53265819,poko,515025,Overwatch,999,2026-08-14T14:28:13Z,fr,"['french', 'DVA', 'ZARYA', 'SIGMA', 'PRO', 'Français', 'TANK', 'ENGLISH', 'Stadium', 'DropsActivés']",2026-08-15,01-35-46,Saturday
315954134633,713086532,mars_fortuna,509659,ASMR,998,2026-08-14T18:06:45Z,en,"['ASMR', 'Vtuber', 'Woman', 'lewdtuber', 'thighs', 'Tomboy', 'mommy', 'earlicking', 'Chinese', 'hag']",2026-08-15,01-35-46,Saturday
318220428005,106159308,gronkhtv,23863,Thief,998,2026-08-12T21:09:56Z,de,['Deutsch'],2026-08-15,01-35-46,Saturday
321028431067,478123075,thewafflecake27,493618,Hello Neighbor,998,2026-08-14T17:26:52Z,en,"['havingfun', 'random', 'English']",2026-08-15,01-35-46,Saturday
317496142691,1420579810,les,21779,League of Legends,997,2026-08-14T14:28:16Z,es,"['leagueoflegends', 'español', 'Español', 'esports', 'LEC']",2026-08-15,01-35-46,Saturday
318303557350,25821344,shenpai,24241,FINAL FANTASY XIV ONLINE,995,2026-08-14T16:21:38Z,en,"['English', 'OhGodHelpMe', 'NoBackseating', 'Bisexual', 'WomenKisser', 'yaoiconnoisseur', 'ADHD', 'TransRights', 'NoGenAI', 'antiGenAI']",2026-08-15,01-35-46,Saturday
318300423014,198939622,onlyjson,509658,Just Chatting,985,2026-08-14T10:06:46Z,de,"['gtavrproleplay', 'Deutsch', 'NARCOCITY', 'fivem', 'Unterhaltung', 'gta']",2026-08-15,01-35-46,Saturday
317459416802,540376267,ekkotheneeko,21779,League of Legends,982,2026-08-14T13:55:16Z,es,"['Español', 'LoL', 'Challenger', 'OTPEkko', 'English', 'Leagueoflegends', 'Ekko', 'Neeko', 'Pokemon']",2026-08-15,01-35-46,Saturday
318303928166,46786508,dennsen86,1229,Super Mario World,981,2026-08-14T16:56:02Z,de,['Deutsch'],2026-08-15,01-35-46,Saturday
316666401750,102803402,gilticus,509658,Just Chatting,981,2026-08-14T16:18:37Z,ru,['Русский'],2026-08-15,01-35-46,Saturday
318303717862,98048949,javierrlol,21779,League of Legends,980,2026-08-14T16:38:05Z,es,"['Mid', 'EUW', 'Challenger', 'Smurfing', 'GGWP', 'Zoe', 'Español', 'LVP']",2026-08-15,01-35-46,Saturday
318098688999,62789124,oruipinto,32399,Counter-Strike,979,2026-08-14T14:19:33Z,pt,['Português'],2026-08-15,01-35-46,Saturday
318304074598,1033052690,fnrax,33214,Fortnite,977,2026-08-14T17:05:44Z,it,"['Italiano', 'Inglese', 'Fortnite']",2026-08-15,01-35-46,Saturday
317497031779,121652526,littlebigwhale,493057,PUBG: BATTLEGROUNDS,974,2026-08-14T16:12:42Z,fr,['Français'],2026-08-15,01-35-46,Saturday
317230399351,36594525,emilyywang,513143,Teamfight Tactics,974,2026-08-14T15:33:39Z,en,"['FUTUREWORLDSWINNER', 'FUTURERANK1', 'COMPETITIVE', 'English']",2026-08-15,01-35-46,Saturday
316666261590,668551428,qeqoqeq,881025643,Penguin Lifter,973,2026-08-14T16:01:43Z,ru,"['Русский', 'дедодед']",2026-08-15,01-35-46,Saturday
318301960806,37550199,pilavpowa,489170,DARK SOULS II: Scholar of the First Sin,970,2026-08-14T13:31:20Z,en,"['English', 'WorldfofWarcraft', 'comedian']",2026-08-15,01-35-46,Saturday
319940995936,39886669,oatsngoats,7595,Super Metroid,969,2026-08-14T16:56:21Z,en,"['English', 'Retro', 'Speedrun']",2026-08-15,01-35-46,Saturday
316641371605,134593986,quattroace,401587136,Arena Breakout: Infinite,968,2026-08-14T16:27:44Z,ru,"['Русский', 'English', 'DropsВключены']",2026-08-15,01-35-46,Saturday
316628600661,57116735,mistercop,29307,Path of Exile,967,2026-08-12T23:41:43Z,ru,"['Русский', 'Шизофрения', 'Социопатия', 'фокусы']",2026-08-15,01-35-46,Saturday
316710032852,498937799,nooor,509658,Just Chatting,966,2026-08-14T14:36:44Z,sv,['Svenska'],2026-08-15,01-35-46,Saturday
317483545956,469724446,pressea,27422,The Lord of the Rings: War in the North,964,2026-08-14T16:13:27Z,fr,['Français'],2026-08-15,01-35-46,Saturday
321027848027,81463115,kotton,481755850,Hell Let Loose: Vietnam,962,2026-08-14T16:31:41Z,en,"['English', 'fps', 'survival', 'Strategy', '1440p', '2k']",2026-08-15,01-35-46,Saturday
318235252325,476077919,myko,263490,Rust,960,2026-08-14T12:01:31Z,de,"['Deutsch', 'german', 'Rust', 'IRL', 'DropsAktiviert']",2026-08-15,01-35-46,Saturday
315914752232,522657771,yuki878,509658,Just Chatting,956,2026-08-14T13:03:37Z,zh,['中文'],2026-08-15,01-35-46,Saturday
320856762073,23860581,ben_nissim,509658,Just Chatting,937,2026-08-14T13:33:03Z,en,"['English', 'golfing', 'Golf', 'Golfer']",2026-08-15,01-35-46,Saturday
317230894967,24991333,imaqtpie,513143,Teamfight Tactics,934,2026-08-14T17:16:51Z,en,['English'],2026-08-15,01-35-46,Saturday
317482574308,44546356,hyp_tv,516575,VALORANT,934,2026-08-14T14:11:59Z,fr,"['Français', 'VCTWatchParty', 'Valorant', 'Esport']",2026-08-15,01-35-46,Saturday
316666750294,41295894,nostoro,103436001,The Alley,931,2026-08-14T17:01:29Z,ru,['Русский'],2026-08-15,01-35-46,Saturday
318238268773,54247848,milschbaum,509658,Just Chatting,930,2026-08-14T17:08:55Z,de,"['Deutsch', 'Corgi']",2026-08-15,01-35-46,Saturday
317461226466,154132449,melhssn_,516575,VALORANT,927,2026-08-14T17:54:18Z,fr,['Français'],2026-08-15,01-35-46,Saturday
315953863273,32686914,firemanruby2,55453844,Street Fighter 6,925,2026-08-14T15:50:34Z,zh,"['中文', 'FTG', 'restream', 'CoStreamers']",2026-08-15,01-35-46,Saturday
315922614227,850519260,nukadave,518184,Phasmophobia,923,2026-08-14T09:04:59Z,en,"['Irish', 'Chill', 'Educational', 'ChallengeRun', 'Bingo', 'Giveaway', 'Phasmophobia', 'KineticGamesPartner', 'English', 'DropsEnabled']",2026-08-15,01-35-46,Saturday
319902420700,57188694,theneedledrop,26936,Music,922,2026-08-14T18:03:04Z,en,"['indie', 'spotify', 'interview', 'fantano', 'theneedledrop', 'English', 'music']",2026-08-15,01-35-46,Saturday
316638290005,30381987,ettnix,852009328,Mistfall Hunter,921,2026-08-14T07:55:23Z,en,"['English', 'Sverige', 'Svenska', 'battleroyale', 'DropsEnabled']",2026-08-15,01-35-46,Saturday
320858006105,157440062,redshell,884569009,The Choicer Voicer,919,2026-08-14T16:11:36Z,en,['English'],2026-08-15,01-35-46,Saturday
315976576106,131986952,froggerow,515025,Overwatch,918,2026-08-14T18:05:54Z,en,"['English', 'DropsEnabled']",2026-08-15,01-35-46,Saturday
318234697317,204388426,iyouxin,27546,World of Tanks,916,2026-08-14T10:44:40Z,en,"['English', 'Drops', 'DropsEnabled']",2026-08-15,01-35-46,Saturday
318237196773,667597085,myketv,33214,Fortnite,916,2026-08-14T15:32:54Z,it,"['Italiano', 'Fortnite', 'MykeTV', 'CoachMyke', 'FNCS']",2026-08-15,01-35-46,Saturday
317460361570,94830708,sura,32982,Grand Theft Auto V,911,2026-08-14T15:54:27Z,fr,"['Français', 'flashback', 'FlashbackWL']",2026-08-15,01-35-46,Saturday
319941268704,1424123474,dimpiy,34134,Call of Duty: Black Ops II,908,2026-08-14T17:26:35Z,en,"['Variety', 'chill', 'competitive', 'English']",2026-08-15,01-35-46,Saturday
316707987540,121228500,casinodaddy,498566,Slots,904,2026-08-14T08:12:34Z,en,"['English', 'slots', 'casino', 'gambling', 'funny', 'Giveaways', 'hype', 'IRL', 'Community']",2026-08-15,01-35-46,Saturday
318098780263,24641245,praden,103436001,The Alley,902,2026-08-14T14:28:52Z,ru,"['Русский', 'Вараети', 'Геймер', 'Реактор', 'Комедия', 'Депрессия', 'Дислексия', 'СДВГ', 'Ключи']",2026-08-15,01-35-46,Saturday
319808758622,190761380,somjuu,1264310518,Marvel Rivals,901,2026-08-14T13:05:35Z,en,"['black', 'drops', 'Anime', 'English', 'blackpanther', 'DareDevil', 'spiderman', 'DropsEnabled', 'kaicenat']",2026-08-15,01-35-46,Saturday
317482905572,86195014,starkycast,21779,League of Legends,900,2026-08-14T14:58:12Z,ru,"['Киберспорт', 'Русский', 'LeagueOfLegends', 'LCK', 'LEC', 'LPL', 'English']",2026-08-15,01-35-46,Saturday
317496993251,53236934,chez_lex,509658,Just Chatting,898,2026-08-14T16:08:30Z,fr,"['Français', 'Gauche', 'Médias', 'Actualités']",2026-08-15,01-35-46,Saturday
320926147162,614718025,mathpellerin,509672,IRL,898,2026-08-14T15:21:57Z,fr,['Français'],2026-08-15,01-35-46,Saturday
319900246748,229056861,kastaclysm,1354355809,Split Fiction,893,2026-08-14T13:03:12Z,en,"['TragicProstituteStories', 'PoleDancingLessons', 'BootScootinBoogie', 'TossedUp', 'WhenLifeGivesYouMakeLemon', 'BrownJelly', 'EggCanal', 'English']",2026-08-15,01-35-46,Saturday
320926213850,48463701,tettles,18122,World of Warcraft,893,2026-08-14T15:28:42Z,en,"['English', 'WorldofWarcaft', 'DropsEnabled']",2026-08-15,01-35-46,Saturday
318303381094,142181685,velja_lol,21779,League of Legends,892,2026-08-14T16:03:15Z,en,"['LeagueOfLegends', 'challenger', 'English']",2026-08-15,01-35-46,Saturday
316641467093,263748648,akyuliych,23020,ROBLOX,892,2026-08-14T16:39:44Z,ru,"['Русский', 'DropsВключены']",2026-08-15,01-35-46,Saturday
315915486568,598287720,zorthas,18122,World of Warcraft,891,2026-08-14T17:35:14Z,en,"['English', 'Australian', 'Tomato', 'Shaman', 'DropsEnabled']",2026-08-15,01-35-46,Saturday
317460694626,661039691,fcgrugby,518203,Sports,890,2026-08-14T16:42:07Z,fr,"['Français', 'Rugby', 'sports']",2026-08-15,01-35-46,Saturday
318302975846,32140000,sypherpk,33214,Fortnite,889,2026-08-14T15:22:40Z,en,"['PvP', 'Multiplayer', 'English', 'battleroyale', 'Fortnite']",2026-08-15,01-35-46,Saturday
316308235121,31673401,gunguno,516575,VALORANT,887,2026-08-14T16:07:31Z,zh,"['顏值', '射擊', '幽默', '錢來就幹', '掉宝開启', 'English', '中文', '飆哥開示了', '启用掉宝']",2026-08-15,01-35-46,Saturday
320926395482,86308586,fragas,491931,Escape from Tarkov,878,2026-08-14T15:46:36Z,en,"['English', 'glorp', 'buh', 'mistfallhunter', 'thegyldenrush', 'DropsEnabled']",2026-08-15,01-35-46,Saturday
319939740000,81628627,gladd,491189,Scrap Mechanic,876,2026-08-14T14:06:18Z,en,"['English', 'Relatable', 'Chill', 'ChallengeRun', 'Unfiltered']",2026-08-15,01-35-46,Saturday
321028987739,120244187,aydan,512710,Call of Duty: Warzone,869,2026-08-14T18:12:52Z,en,['English'],2026-08-15,01-35-46,Saturday
320859458009,118202507,repullze,512710,Call of Duty: Warzone,863,2026-08-14T18:29:56Z,en,"['warzone', 'wsow', 'ewc', 'callofduty', 'verdansk', 'cod', 'rebirthisland', 'English', 'ADHD']",2026-08-15,01-35-46,Saturday
316639807957,110688194,boosfer,27471,Minecraft,861,2026-08-14T12:41:48Z,en,"['Printer', 'English', 'speedrun', 'rage', 'Kindness', 'survival', 'minecraft', 'truthful', 'Educational', 'AIOptedOut']",2026-08-15,01-35-46,Saturday
318234300005,129405323,oilrats,960290413,Sand: Raiders Of Sophie,856,2026-08-14T09:43:12Z,en,"['Deutsch', 'English']",2026-08-15,01-35-46,Saturday
319937585760,127087298,omegatooyew,1702520304,Path of Exile 2,855,2026-08-14T06:27:10Z,en,"['English', 'Aura', 'PrayForMe', 'PTSD', 'PositiveVibrations', 'DropsEnabled', 'HCSSF']",2026-08-15,01-35-46,Saturday
316641417429,890411239,leha2077legend,32399,Counter-Strike,854,2026-08-14T16:33:16Z,ru,['Русский'],2026-08-15,01-35-46,Saturday
318098147559,52351531,zonixxcs,32399,Counter-Strike,854,2026-08-14T13:26:28Z,de,"['Deutsch', 'English', 'CS2', 'pro', 'faceit', 'major', 'majorcs2', 'german', 'Competitive', 'EWC2026']",2026-08-15,01-35-46,Saturday
316664875606,86287071,alfedov,509658,Just Chatting,846,2026-08-14T12:31:37Z,ru,['Русский'],2026-08-15,01-35-46,Saturday
318303513318,121676028,ashlizzlle,2748,Magic: The Gathering,844,2026-08-14T16:16:33Z,en,"['English', 'LGBTQ']",2026-08-15,01-35-46,Saturday
316665098966,808203756,r2cronus,502829,R2 Online: Reign of Revolution,844,2026-08-14T13:09:52Z,ru,"['Русский', 'R2Online']",2026-08-15,01-35-46,Saturday
315896456146,150214820,ashlyne,1264310518,Marvel Rivals,842,2026-08-14T14:26:31Z,en,"['English', 'Filipino', 'Scottish', 'asian', 'celestial', 'DPS', 'marvelrivals', 'Ranked', 'DropsEnabled']",2026-08-15,01-35-46,Saturday
318101008999,65660593,morrog,481755850,Hell Let Loose: Vietnam,841,2026-08-14T17:46:26Z,nl,"['Nederlands', 'DropsIngeschakeld']",2026-08-15,01-35-46,Saturday
316708178772,15407527,widdz,504463,Tom Clancy's The Division 2,841,2026-08-14T09:00:49Z,en,"['English', 'UbisoftPartner', 'swedish', 'gym', 'fitness', 'DropsEnabled']",2026-08-15,01-35-46,Saturday
320856147673,117783070,kiyoon,513143,Teamfight Tactics,841,2026-08-14T11:10:31Z,en,['English'],2026-08-15,01-35-46,Saturday
318100918503,126101469,dirkneuenfels,1669431183,DJs,840,2026-08-14T17:39:03Z,de,"['StandupComedy', 'DJ', 'Charts', 'House', 'Musik', 'Party', 'LGBTＱ', 'Electronic', 'Techno', 'entertainment']",2026-08-15,01-35-46,Saturday
321018489947,752959475,k1m6a,499634,Crypto,840,2026-08-14T00:04:55Z,en,"['English', 'bitcoin', 'crypto', 'trading', 'cryptocurrency', 'cryptotrading', 'marketanalysis', 'howtotrade', 'solana', 'ethereum']",2026-08-15,01-35-46,Saturday
317884998744,1149282473,math6tv,509658,Just Chatting,837,2026-08-14T17:25:10Z,fr,"['Français', 'Québec', 'Quebec', 'fr', 'qc', 'IRL']",2026-08-15,01-35-46,Saturday
318098365031,68512451,goicke,32982,Grand Theft Auto V,834,2026-08-14T13:48:02Z,de,"['Deutsch', 'ＧTA5', 'RP', 'reactions', 'Berlin', 'liesthierjemanddieTags', 'werbrauchtschontags', 'justcchatting', 'DingsBums', 'übellangertag']",2026-08-15,01-35-46,Saturday
320856735705,95569482,wastzera,32399,Counter-Strike,830,2026-08-14T13:28:58Z,pt,"['wastzera', 'sorteio', 'dicas', 'farm', 'Português', 'skin', 'cs2', 'gamersclub', 'neymar']",2026-08-15,01-35-46,Saturday
316666609622,469383472,halflex,18122,World of Warcraft,830,2026-08-14T16:44:41Z,ru,"['English', 'wow', 'gta', 'Русский', 'дед', 'акакий', 'circle', 'halflex', 'lex', 'half']",2026-08-15,01-35-46,Saturday
318302073830,26341777,psherotv,18122,World of Warcraft,829,2026-08-14T13:44:32Z,en,"['English', 'chill', 'MMORPG', 'Educational', 'Bulgarian', 'DropsEnabled']",2026-08-15,01-35-46,Saturday
319940786528,603439887,lefty_knocks,461221,MARVEL Contest of Champions,829,2026-08-14T16:30:03Z,en,"['English', 'Action', 'Strategy', 'PvP', 'Competitive', 'FirstPlaythrough', 'Chill', 'Grinding', 'DropsEnabeled', 'DropsEnabled']",2026-08-15,01-35-46,Saturday
316666438870,514473492,gwizdakk,32399,Counter-Strike,824,2026-08-14T16:23:37Z,pl,['Polski'],2026-08-15,01-35-46,Saturday
318830448471,163562674,jankyrondo,670138298,Madden NFL 27,820,2026-08-13T22:18:19Z,en,"['sports', 'ADHD', 'Commanders', 'NFL', 'funny', 'funnystream', 'entertaining', 'entertainment', 'English', 'jankyrondo']",2026-08-15,01-35-46,Saturday
317497120867,49128094,jeanbaptisteshow,509658,Just Chatting,819,2026-08-14T16:21:49Z,fr,"['Français', 'Actualités']",2026-08-15,01-35-46,Saturday
319796819166,96324761,berlu,499973,Always On,819,2026-08-13T16:45:51Z,fr,"['Français', 'RP', 'gta5rp', 'pétanque', 'banane', 'troll', 'Rediffusion']",2026-08-15,01-35-46,Saturday
318100253415,788862523,kuzma671,509658,Just Chatting,814,2026-08-14T16:45:30Z,ru,['Русский'],2026-08-15,01-35-46,Saturday
319901038172,120812775,lotusasakura,630009802,MARVEL TŌKON: Fighting Souls,813,2026-08-14T15:16:48Z,en,"['English', 'DropsEnabled']",2026-08-15,01-35-46,Saturday
319798039646,197406569,thenicolet,509659,ASMR,813,2026-08-13T19:06:28Z,en,"['English', 'ENGLISH', 'ASMR', 'FINDOM', 'EGIRL', 'GIRL', 'feet', 'goddess', 'woman']",2026-08-15,01-35-46,Saturday
315421620463,637574386,olezha27,509658,Just Chatting,813,2026-08-14T12:21:10Z,ru,['Русский'],2026-08-15,01-35-46,Saturday
318304581990,186125705,abdu9974,509658,Just Chatting,812,2026-08-14T17:47:13Z,de,['Deutsch'],2026-08-15,01-35-46,Saturday
317496840803,186034430,paqmanlive,28105,Wii Party,808,2026-08-14T15:52:33Z,fr,"['WiiSports', 'WiiSportsResort', 'paqman', 'Français', 'youtube']",2026-08-15,01-35-46,Saturday
317497580515,416783639,daruma_sn,509658,Just Chatting,807,2026-08-14T17:09:46Z,es,"['Español', 'reaccion']",2026-08-15,01-35-46,Saturday
317483904100,47920871,thedrewzaj,509658,Just Chatting,807,2026-08-14T16:58:01Z,ru,['Русский'],2026-08-15,01-35-46,Saturday
318235093349,188614162,gloriamatvien,509658,Just Chatting,807,2026-08-14T11:39:02Z,en,"['irl', 'dance', 'English', 'Chatting', '댄스', 'Русский']",2026-08-15,01-35-46,Saturday
316667146838,144663813,es4xtank,32399,Counter-Strike,807,2026-08-14T17:51:40Z,ru,"['csgo', 'Победитель', 'тигр', 'Шоу', 'Турниры', 'Киберспорт', 'ДЕД', 'ТОП', 'Русский', 'интересный']",2026-08-15,01-35-46,Saturday
316315110514,414070550,pira_real,511224,Apex Legends,807,2026-08-14T08:29:28Z,ja,['日本語'],2026-08-15,01-35-46,Saturday
319901568860,178870986,nickich,21779,League of Legends,806,2026-08-14T16:20:36Z,en,"['English', 'lit', 'Gaslighting', 'slowstrokesonly', 'WomensRights', 'MIDDIFF']",2026-08-15,01-35-46,Saturday
316709899348,32184566,rxnexus,29595,Dota 2,805,2026-08-14T14:16:36Z,ru,['Русский'],2026-08-15,01-35-46,Saturday
317483344996,645911728,khadim,32982,Grand Theft Auto V,805,2026-08-14T15:50:28Z,fr,"['Français', 'DropsActivés']",2026-08-15,01-35-46,Saturday
316641404757,466018751,mad6996_,490242481,GRAIN ROT,802,2026-08-14T16:31:48Z,ru,"['Русский', 'English', 'DropsВключены']",2026-08-15,01-35-46,Saturday
320926666842,98014947,thefutaccountant,624536948,EA Sports FC 26,802,2026-08-14T16:12:42Z,en,['English'],2026-08-15,01-35-46,Saturday
317461402210,73486167,prince__off,32982,Grand Theft Auto V,801,2026-08-14T18:12:43Z,fr,['Français'],2026-08-15,01-35-46,Saturday
317483948644,59036533,biggysweats,539257489,Beast of Reincarnation,799,2026-08-14T17:02:28Z,en,"['English', 'DropsEnabled', 'FirstPlaythrough', 'ActionRPG', 'BeastOfReincarnation', 'soulslike']",2026-08-15,01-35-46,Saturday
317495903587,69303923,ragevl_,516575,VALORANT,793,2026-08-14T14:00:18Z,fr,"['Français', 'valorant', 'karminecorp', 'gentlemates', 'futesports', 'DropsEnable', 'DropActive', 'valorantfr']",2026-08-15,01-35-46,Saturday
316373406579,1348007437,koyuki_teraz,516575,VALORANT,791,2026-08-14T14:44:11Z,zh,['中文'],2026-08-15,01-35-46,Saturday
317884445912,95416766,frostprime,1435206302,Slay the Spire II,790,2026-08-14T14:55:42Z,en,"['English', 'ProtectTheDolls', 'PoliticsAllowed', 'CouchEnthusiast', 'BTierStreamer', 'MiddleClassStreamer', 'EVILTransTuesday', 'GodGamer', 'LurkerDestroyer']",2026-08-15,01-35-46,Saturday
316663751126,135377687,posty,263490,Rust,788,2026-08-14T08:20:38Z,en,"['FPS', 'PVP', 'English', 'solo', 'xd', 'Rust', 'highpop', 'GOAT', 'DropsEnabled']",2026-08-15,01-35-46,Saturday
315924227155,34405377,w33haa,29595,Dota 2,788,2026-08-14T18:10:01Z,en,"['Romanian', 'Arabic', 'English', 'Competitive']",2026-08-15,01-35-46,Saturday
317484041956,440140011,twincytv,516575,VALORANT,787,2026-08-14T17:12:11Z,fr,['Français'],2026-08-15,01-35-46,Saturday
318237346533,64340525,suun,31339,Project Zomboid,784,2026-08-14T15:47:16Z,de,"['Musiker', 'Guitar', 'Bass', 'Drums', 'Music', 'Requests', 'Metal', 'Rock', 'Deutsch', 'sauercrowd']",2026-08-15,01-35-46,Saturday
318840139223,42583390,xchocobars,1081998272,PEAK,783,2026-08-14T17:00:17Z,en,"['English', 'xRizzBars', 'StingerQueen']",2026-08-15,01-35-46,Saturday
321026574939,30573404,pohx,29307,Path of Exile,783,2026-08-14T14:03:19Z,en,"['English', 'Teaching', 'ARPG', 'RPG', 'Interactivewithchat', 'PathofExile']",2026-08-15,01-35-46,Saturday
316666538582,275428609,woodskiyded,494184,Mobile Legends: Bang Bang,783,2026-08-14T16:36:01Z,ru,"['Русский', 'вудский', 'вудскийдед', 'МобаилЛегендс', 'mobilelegends', 'mlbb']",2026-08-15,01-35-46,Saturday
319901983964,457942039,saps,27471,Minecraft,780,2026-08-14T17:12:27Z,en,"['minecraft', 'saparata', 'saps', 'English']",2026-08-15,01-35-46,Saturday
317230506743,190163874,headshotchick,33214,Fortnite,777,2026-08-14T15:59:34Z,en,"['English', 'giveaway', 'PS5', 'cozy', 'female', 'girl', 'NintendoSwitch', '1440p', 'FamilyFriendly']",2026-08-15,01-35-46,Saturday
318237394661,71336,robbaz,1029216698,Honcho,774,2026-08-14T15:52:03Z,en,['English'],2026-08-15,01-35-46,Saturday
316708976340,59573061,detdert,21779,League of Legends,774,2026-08-14T11:46:41Z,en,['English'],2026-08-15,01-35-46,Saturday
318100545255,722249819,buzzftn,33214,Fortnite,769,2026-08-14T17:07:09Z,fr,"['Français', 'Fortnite']",2026-08-15,01-35-46,Saturday
318100202215,236895575,acorn,33214,Fortnite,768,2026-08-14T16:40:52Z,en,"['Fortnite', 'English']",2026-08-15,01-35-46,Saturday
318302382182,30805171,srserpiente,766571430,HELLDIVERS 2,767,2026-08-14T14:18:24Z,es,"['Español', 'srserpiente', 'survival', 'survivalgame', 'dayz', 'arma3', 'southpark', 'subnautica2', '007firstlight']",2026-08-15,01-35-46,Saturday
318771872756,90917536,rnakano,624536948,EA Sports FC 26,766,2026-08-14T13:30:01Z,pt,['Português'],2026-08-15,01-35-46,Saturday
318237385317,133528221,axozer,1881949588,ReStory: Chill Electronics Repairs,765,2026-08-14T15:51:09Z,es,"['Español', 'axozer', 'axo', 'tortillaland', 'SpainRP', 'Variedad', 'gaming', 'IRL', 'TheCouch']",2026-08-15,01-35-46,Saturday
317458362850,39518378,sirmaza,516575,VALORANT,763,2026-08-14T11:02:41Z,es,"['valorant', 'radiant', 'Español']",2026-08-15,01-35-46,Saturday
317482185828,1110808352,cineillojuan,499973,Always On,762,2026-08-14T13:18:06Z,es,"['Español', 'Repetir']",2026-08-15,01-35-46,Saturday
317497388899,58074830,josplay,460327,Pokémon Omega Ruby/Alpha Sapphire,761,2026-08-14T16:51:48Z,fr,"['challenge', 'amour', 'paix', 'lovebait', 'Français']",2026-08-15,01-35-46,Saturday
318098038887,44281267,lost,960290413,Sand: Raiders Of Sophie,760,2026-08-14T13:16:00Z,de,"['multiplayer', 'battleroyale', 'lustig', 'reacts', 'Deutsch', 'reaction', 'extraction', 'SurvivaI', 'Lehrreich']",2026-08-15,01-35-46,Saturday
317483991652,613526412,maiiser,21779,League of Legends,757,2026-08-14T17:06:30Z,es,"['pareja', 'maii', 'javi', 'Español', 'charlando', 'maiiser', 'leagueoflegends', 'lol', 'Vtuber', 'DropsActivados']",2026-08-15,01-35-46,Saturday
316712009300,227384895,aydarchee,509658,Just Chatting,756,2026-08-14T18:20:12Z,ru,"['Русский', 'хазяева', 'едут', 'кокошка', 'айдар', 'ванг', 'рак']",2026-08-15,01-35-46,Saturday
316666522070,714595791,mugretnug,884569009,The Choicer Voicer,753,2026-08-14T16:33:43Z,ru,['Русский'],2026-08-15,01-35-46,Saturday
320858680537,73463218,brawlpro,538054672,TEKKEN 8,751,2026-08-14T17:19:17Z,en,"['depressed', 'haha', 'bipolar', 'Unhygienic', 'English', 'happy']",2026-08-15,01-35-46,Saturday
319902150876,452016586,sadicaz,417528,Albion Online,750,2026-08-14T17:33:56Z,es,"['Español', 'argentina', 'España', 'AlbionOnline', 'drops', 'Português', 'English', 'giveaway', 'PVE', 'DropsActivados']",2026-08-15,01-35-46,Saturday
318237602789,472526384,kelre0n,32982,Grand Theft Auto V,746,2026-08-14T16:07:45Z,de,"['Deutsch', 'gta', 'peak', 'RP', 'reaction', 'fivem', 'chaos']",2026-08-15,01-35-46,Saturday
318637334518,75891532,michel,32399,Counter-Strike,745,2026-08-14T13:19:59Z,pt,"['Português', 'FURIA', 'g3x', 'paiN', 'MIBR', 'legacy', 'Imperial', 'counterstrike', 'counterstrike2', 'Tribo']",2026-08-15,01-35-46,Saturday
321026604763,834068358,yokasiri,1820839024,MECCHA CHAMELEON,744,2026-08-14T14:08:00Z,en,"['English', 'LGBTQ', 'ADHD', 'bunnygirl', 'brat', 'DropsEnabled']",2026-08-15,01-35-46,Saturday
318703747573,36413513,mrfalll,368233137,Island Beekeeper,742,2026-08-14T12:59:33Z,pt,['Português'],2026-08-15,01-35-46,Saturday
317483645924,75052332,zulzorander,509658,Just Chatting,742,2026-08-14T16:26:37Z,fr,"['Français', 'Femme', 'LGBTQSafeplace', 'Actualités', 'MentalHealthFriendly', 'LGBTQ', 'Gauchiasse', 'Politique']",2026-08-15,01-35-46,Saturday
318238159333,536621382,maximzocktslots,498566,Slots,741,2026-08-14T17:00:10Z,de,"['Deutsch', 'slots']",2026-08-15,01-35-46,Saturday
315878393937,22365608,rotterdam08,490422,StarCraft II,738,2026-08-14T15:54:16Z,en,"['esports', 'starcraft', 'English']",2026-08-15,01-35-46,Saturday
315975450474,54525106,aliythia,509658,Just Chatting,738,2026-08-14T12:50:12Z,en,"['ADHD', 'AUS', 'LOUD', 'Woman', 'girl', 'English', 'Female', 'Banter', 'Australian', 'Aussie']",2026-08-15,01-35-46,Saturday
319810218334,105826363,solarbacca,21779,League of Legends,738,2026-08-14T16:36:24Z,en,"['English', 'leagueoflegends', 'gangplank', 'Challenger', 'handsome', 'humble', 'ExtremelyHumble', 'Educational', 'EducationalStream']",2026-08-15,01-35-46,Saturday
318235272549,100360329,eazykee,509672,IRL,737,2026-08-14T12:03:58Z,hu,"['Magyar', 'GTAⅤ', 'Travel', 'justchatting', 'IRLchatting', 'IRL', 'twìtch', 'show', 'GameShow']",2026-08-15,01-35-46,Saturday
317230878583,138498363,apply,515025,Overwatch,736,2026-08-14T17:13:23Z,en,"['English', 'handsome', 'DropsEnabled']",2026-08-15,01-35-46,Saturday
318303467494,129631469,9impulse,511224,Apex Legends,733,2026-08-14T16:12:14Z,ru,['Русский'],2026-08-15,01-35-46,Saturday
321027428315,195104909,mzdunk,491931,Escape from Tarkov,732,2026-08-14T15:48:51Z,en,"['English', 'CatCamSometimes', 'CoolCalmCollected', 'LimitedBackseating', 'DropsEnabled', 'solo', 'seasonal', 'pvp', 'LimitedBackseating']",2026-08-15,01-35-46,Saturday
316666752470,111181356,chr1swave,1191549523,Five Hearts Under One Roof 2,729,2026-08-14T17:01:41Z,ru,['Русский'],2026-08-15,01-35-46,Saturday
317471925860,158875619,train__,491931,Escape from Tarkov,727,2026-08-13T07:49:02Z,en,"['English', 'fps', 'DropsEnabled']",2026-08-15,01-35-46,Saturday
317230525175,23735582,sacriel,31339,Project Zomboid,725,2026-08-14T16:02:08Z,en,"['English', 'Educational', 'British', 'Banter', 'Canadian', 'TwitchOG', 'NoGenAI']",2026-08-15,01-35-46,Saturday
319902476636,1279330498,juliocasalnascimento,509672,IRL,724,2026-08-14T18:08:21Z,pt,"['IRL', 'Brasil', 'SãoPaulo', 'zonasul', 'pesadelonacozinha', 'churrascaria', 'Festival', 'Português']",2026-08-15,01-35-46,Saturday
318238269541,467161807,ricborr,33214,Fortnite,723,2026-08-14T17:08:59Z,it,"['Italiano', 'English']",2026-08-15,01-35-46,Saturday
317230326391,94269217,fengrush,852009328,Mistfall Hunter,723,2026-08-14T15:16:46Z,en,"['English', 'DropsEnabled']",2026-08-15,01-35-46,Saturday
318099136359,63179445,kuruhs,23050,Test Drive Unlimited 2,723,2026-08-14T15:02:59Z,en,"['English', 'Speedrun', 'Racing', 'openworld', 'online', 'Multiplayer']",2026-08-15,01-35-46,Saturday
318301666662,84760442,valarman,509658,Just Chatting,722,2026-08-14T12:56:38Z,en,"['English', 'EFT', 'ＰＶＰ', 'valar', 'survival', 'ArksuvivalEvolved', 'ARK', 'viral', 'Football']",2026-08-15,01-35-46,Saturday
318099229671,35893764,xpandorya,32982,Grand Theft Auto V,720,2026-08-14T15:11:04Z,de,"['Deutsch', 'Horror', 'indiegames', 'justchatting', 'GTARP', 'VarietyGamer', 'RDR2RP', 'Simulatoren', 'Multiplayer', 'LuckyV']",2026-08-15,01-35-46,Saturday
318100414311,572320726,ninaninin,509658,Just Chatting,720,2026-08-14T16:58:23Z,en,"['English', 'Vtuber', 'Singing', 'Retro', 'Chatty', 'Woman', 'Anime', 'softspoken']",2026-08-15,01-35-46,Saturday
318237646693,810054395,maimaittv,509658,Just Chatting,720,2026-08-14T16:11:59Z,ja,"['日本語', '台灣', 'deadbydaylight', 'dbdcreator', '旅行', 'IRL', '雑談', '中文', 'English']",2026-08-15,01-35-46,Saturday
315878195281,828239735,nogenerals,491931,Escape from Tarkov,718,2026-08-14T14:52:34Z,en,"['audio', 'English', 'DropsEnabled']",2026-08-15,01-35-46,Saturday
316316258930,613764195,bump1p,491931,Escape from Tarkov,718,2026-08-14T12:52:43Z,ja,"['日本語', 'Tarkov', 'lol', '顔出し配信', '再配信', 'Drops有効']",2026-08-15,01-35-46,Saturday
316314679154,188490730,9qoq,509658,Just Chatting,717,2026-08-14T06:11:02Z,zh,['中文'],2026-08-15,01-35-46,Saturday
318301063782,45921282,redcs,32399,Counter-Strike,716,2026-08-14T11:40:24Z,de,"['Deutsch', 'cs', 'counterstrike', 'german', 'gaming', 'English', 'watchparty', 'donk', 'zywoo', 'CS2']",2026-08-15,01-35-46,Saturday
318236003045,125438132,tschessy,1669431183,DJs,716,2026-08-14T13:33:53Z,de,"['Deutsch', 'Variety', 'Techno', 'Rave', 'IRL', 'Tomorrowland', 'Musik', 'DropsAktiviert']",2026-08-15,01-35-46,Saturday
316317384818,213686587,derapchu,27471,Minecraft,715,2026-08-14T16:57:40Z,en,"['English', 'LifestealSMP', 'NoBackseating', 'mcsr', 'mcsrranked']",2026-08-15,01-35-46,Saturday
316639044309,632543201,szzalony,516575,VALORANT,714,2026-08-14T10:28:29Z,pl,['Polski'],2026-08-15,01-35-46,Saturday
318304270182,189401752,rickyfri3s,509658,Just Chatting,713,2026-08-14T17:23:04Z,it,['Italiano'],2026-08-15,01-35-46,Saturday
316316720370,407389031,ninja_inui,864092569,Rhythm Heaven Groove,712,2026-08-14T14:05:53Z,ja,"['日本語', 'アドバイス禁止', 'ネタバレ禁止']",2026-08-15,01-35-46,Saturday
318301587430,98827681,tankelit,27546,World of Tanks,705,2026-08-14T12:46:32Z,hu,"['Magyar', 'DropokEngedélyezve']",2026-08-15,01-35-46,Saturday
318235922533,237979777,egoriksigma52,509658,Just Chatting,705,2026-08-14T13:24:38Z,ru,"['Русский', 'кель']",2026-08-15,01-35-46,Saturday
318096081383,78115558,autdany,509672,IRL,704,2026-08-14T09:14:17Z,de,"['Outdoor', 'IRL', 'Deutsch', 'Abenteuer', 'offroad', 'overlanding', 'Reisen', 'Brixton', 'island', 'Iceland']",2026-08-15,01-35-46,Saturday
318300972134,503312408,the_elnico,544682640,NextWorld2,703,2026-08-14T11:28:20Z,hu,"['Magyar', 'MMORPPG', 'MMＯ', 'NW2Online', 'NextWorld2', 'Solaris', 'metin', 'Multiplayer', 'DropokEngedélyezve']",2026-08-15,01-35-46,Saturday
318840108503,71031406,kindafunnygames,509658,Just Chatting,701,2026-08-14T16:56:18Z,en,['English'],2026-08-15,01-35-46,Saturday
315878591953,516424812,noarmwhatley,21779,League of Legends,701,2026-08-14T16:53:18Z,en,"['British', 'TahmKench', 'Submissive', 'Femboy', 'English', 'frogs', 'Vtuber', 'frog', 'peppapig']",2026-08-15,01-35-46,Saturday
319899482716,149357864,albright55,263490,Rust,699,2026-08-14T09:29:08Z,en,"['English', 'ARCRadiers', 'fps', 'TPS', 'Multiplayer', 'gaming', 'chill', 'DropsEnabled']",2026-08-15,01-35-46,Saturday
320924894298,59308271,tfblade,21779,League of Legends,698,2026-08-14T13:03:17Z,en,"['English', 'Rank1', 'Toplaner']",2026-08-15,01-35-46,Saturday
317460400482,54892839,melyoh,1050003477,The Elder Scrolls V: Skyrim - Special Edition,698,2026-08-14T16:00:18Z,fr,"['VoiceActing', 'RPG', 'humour', 'Roleplay', 'Français', 'fantasy', 'InclusiveSpace', 'RP', 'communauté', 'Adventure']",2026-08-15,01-35-46,Saturday
316666541654,239373609,anek,509658,Just Chatting,697,2026-08-14T16:36:22Z,ru,['Русский'],2026-08-15,01-35-46,Saturday
318238301925,224502550,davidrubino,509658,Just Chatting,697,2026-08-14T17:11:40Z,it,"['justchatting', '4chiacchiere', 'Italiano', 'grenbaud', 'together', 'italia', 'blur']",2026-08-15,01-35-46,Saturday
318237561317,510756816,eltheodoro0,509672,IRL,694,2026-08-14T16:04:27Z,de,"['justchatting', 'Deutsch', 'theo']",2026-08-15,01-35-46,Saturday
319939914848,434291754,juicyjohns,512710,Call of Duty: Warzone,694,2026-08-14T14:35:20Z,en,"['English', 'rebirth', 'juicyjohns', 'camy', 'jynxzi', 'warzone', 'kaicenat', 'Giveaways', 'swagg']",2026-08-15,01-35-46,Saturday
318300576742,512663730,geisterweltnights,1669431183,DJs,693,2026-08-14T10:31:34Z,en,"['English', '808', 'goth', 'darkwave', 'GothicRock', 'postpunk', 'synthpop', 'party', 'music', 'halloween']",2026-08-15,01-35-46,Saturday
318235594725,103495737,shoxx__,32982,Grand Theft Auto V,691,2026-08-14T12:46:43Z,de,"['Deutsch', 'gta', 'GTARP', 'justcchatting', 'HomeState', 'HomestateRP']",2026-08-15,01-35-46,Saturday
315878581969,37348520,duncan,27471,Minecraft,691,2026-08-14T16:51:30Z,nl,"['vibe', 'LurkerFriendly', 'dutch', 'Nederlands']",2026-08-15,01-35-46,Saturday
317448896226,416031592,solaryhs,138585,Hearthstone,690,2026-08-13T05:00:44Z,fr,['Français'],2026-08-15,01-35-46,Saturday
318238305253,170825002,yoclesh,509660,Art,690,2026-08-14T17:12:00Z,en,"['Anime', 'Artist', 'Vocalist', 'Oni', 'Lurk', 'English', 'vtuber', 'Singing']",2026-08-15,01-35-46,Saturday
317493113571,190881508,soso_942,21779,League of Legends,689,2026-08-14T01:08:25Z,fr,"['SOLVE', 'RP', 'NARUTORP', 'ROLEPLAY', 'GTA', 'GTARP', 'Français', 'Rediffusion', 'FlashbackWL', 'flashback']",2026-08-15,01-35-46,Saturday
318304389094,937211995,rubenuria_,518203,Sports,688,2026-08-14T17:31:29Z,es,"['futbol', 'periodismo', 'debate', 'Español', 'Atleticodemadrid', 'realmadrid', 'FCBarcelone', 'deportes']",2026-08-15,01-35-46,Saturday
318303885286,55104849,jeremyfrieser,27471,Minecraft,688,2026-08-14T16:52:40Z,nl,['Nederlands'],2026-08-15,01-35-46,Saturday
321026873947,81413527,vegas,884569009,The Choicer Voicer,687,2026-08-14T14:50:43Z,en,"['English', 'silly', 'peak', 'femboy', 'Eternus', 'spanish']",2026-08-15,01-35-46,Saturday
317483363556,175243955,miguelillo_rl,676802825,Big Walk,687,2026-08-14T15:52:34Z,es,['Español'],2026-08-15,01-35-46,Saturday
317484089316,827283493,anddriuu,456845141,Zenless Zone Zero,687,2026-08-14T17:17:46Z,es,"['Español', 'Gacha', 'DropsActivados']",2026-08-15,01-35-46,Saturday
318228735589,1528397957,braceslotsgamees,498566,Slots,687,2026-08-13T18:19:04Z,es,['Español'],2026-08-15,01-35-46,Saturday
320925647066,43356746,amaz,630489509,Sol Cesto,685,2026-08-14T14:34:04Z,en,['English'],2026-08-15,01-35-46,Saturday
315878548689,129564164,sword4000,27471,Minecraft,684,2026-08-14T16:41:05Z,en,"['event', 'minecraft', 'hungergamesminecraft', 'sword4000', 'bestplayerintheworld', 'hungergames', 'English', 'StrengthSMP', 'sword']",2026-08-15,01-35-46,Saturday
316664966742,148844345,roadhouse,515619,Pathfinder: Wrath of the Righteous,683,2026-08-14T12:48:11Z,ru,"['Русский', 'DropsВключены']",2026-08-15,01-35-46,Saturday
317480986212,73987082,revenja,33214,Fortnite,682,2026-08-14T09:52:04Z,fr,"['Français', 'Fortnite', 'English', 'FNCS', 'Compétitif', 'tournois']",2026-08-15,01-35-46,Saturday
317460609634,632582385,maxggs,27471,Minecraft,679,2026-08-14T16:30:03Z,en,"['ENGLISH', 'HEHIM', 'IRL', 'MIDOFFS', 'AVERAGEHARRYSFRIEND', 'JONNAAY', 'yo', 'English', 'EXQSMPMEMBER']",2026-08-15,01-35-46,Saturday
320851525721,203300412,nemurf,30921,Rocket League,679,2026-08-14T02:35:41Z,es,"['Español', 'México', 'Inglés', 'drops', 'DropsActivados']",2026-08-15,01-35-46,Saturday
317460038882,522351847,xurreriaivette,509667,Food & Drink,678,2026-08-14T15:14:17Z,es,"['español', 'Español', 'churros', 'Porras', 'Crepes', 'Gofres', 'nutella', 'foodtruck', 'verano']",2026-08-15,01-35-46,Saturday
321026889179,49370117,skimbooo23,670138298,Madden NFL 27,678,2026-08-14T14:53:00Z,en,"['English', 'madden', 'madden26']",2026-08-15,01-35-46,Saturday
318638717302,1438086755,7mz_lucasart,509658,Just Chatting,677,2026-08-14T18:00:14Z,pt,"['Musica', 'Geek', 'Português']",2026-08-15,01-35-46,Saturday
318234554341,216221783,anaaja,960290413,Sand: Raiders Of Sophie,674,2026-08-14T10:22:53Z,de,"['Deutsch', 'SafeSpace', 'toller', 'stream', 'deine', 'Mutter']",2026-08-15,01-35-46,Saturday
317884665304,229729353,criticalrole,509664,Tabletop RPGs,674,2026-08-14T16:00:10Z,en,"['English', 'Improv', 'DungeonsandDragons', 'thelegendofvoxmachina', 'DnD', 'Rerun']",2026-08-15,01-35-46,Saturday
317495601251,156643179,caramelooficial,460630,Rainbow Six Siege,672,2026-08-14T13:17:33Z,es,"['Español', 'DROPS', 'DropsActivados']",2026-08-15,01-35-46,Saturday
317496666467,53571235,remx,32982,Grand Theft Auto V,670,2026-08-14T15:30:05Z,fr,"['Français', 'rp', 'LSC', 'GTARP']",2026-08-15,01-35-46,Saturday
316666345942,180114226,ranga,493057,PUBG: BATTLEGROUNDS,669,2026-08-14T16:11:29Z,ru,['Русский'],2026-08-15,01-35-46,Saturday
315878737617,697498408,p4perback,210472759,Shift at Midnight,669,2026-08-14T17:36:40Z,en,"['english', 'british', 'lgbt', 'french', 'p4persmp', 'horror', 'loud', 'English']",2026-08-15,01-35-46,Saturday
318302076518,38499199,pow3r,491931,Escape from Tarkov,669,2026-08-14T13:44:53Z,it,"['Italiano', 'pelato', 'gaming', 'pro', 'GIGACHAD', 'cheat', 'banned', 'Pizza', 'DropAbilitati']",2026-08-15,01-35-46,Saturday
318638210934,182813308,heitir,1487424848,Story of Seasons: A Wonderful Life,668,2026-08-14T16:40:28Z,pt,['Português'],2026-08-15,01-35-46,Saturday
318302564710,485471555,rodnoy,1253800827,Mafia: The Old Country,666,2026-08-14T14:39:57Z,ru,"['Русский', 'ЦЕНТРАЛ', 'Родной', 'Multiplayer', 'Majestic']",2026-08-15,01-35-46,Saturday
317493660771,133268904,i_reaz,21779,League of Legends,665,2026-08-14T06:00:43Z,fr,"['Français', 'DropsActivés']",2026-08-15,01-35-46,Saturday
318831011927,400999129,clout,23020,ROBLOX,664,2026-08-13T23:11:52Z,en,"['English', 'DropsEnabled']",2026-08-15,01-35-46,Saturday
317459161698,20838704,gokedtv,516575,VALORANT,663,2026-08-14T13:19:06Z,es,"['watchparty', 'coach', 'tournament', 'spanish', 'Español']",2026-08-15,01-35-46,Saturday
318840023767,421560387,itsryanhiga,1081998272,PEAK,663,2026-08-14T16:42:34Z,en,"['english', 'English']",2026-08-15,01-35-46,Saturday
318840216407,22998189,stonemountain64,481755850,Hell Let Loose: Vietnam,661,2026-08-14T17:11:05Z,en,"['vietnamgameplay', 'good', 'bad', 'console', 'pc', 'crossplay', 'crossprogression', 'English']",2026-08-15,01-35-46,Saturday
320858493785,540513989,territorioblaugrana,518203,Sports,661,2026-08-14T17:01:16Z,es,['Español'],2026-08-15,01-35-46,Saturday
318302591718,75309526,bucher,516575,VALORANT,660,2026-08-14T14:43:08Z,de,"['Deutsch', 'pro', 'Esports', 'radiant']",2026-08-15,01-35-46,Saturday
319941477216,702328358,criminalgod_,512710,Call of Duty: Warzone,659,2026-08-14T17:48:57Z,es,"['Repetir', 'Español']",2026-08-15,01-35-46,Saturday
317497313891,36086436,sundae,31339,Project Zomboid,658,2026-08-14T16:43:24Z,fr,"['Français', 'discussion', 'découverte', 'challenge', '200iq', 'HPI', 'chill']",2026-08-15,01-35-46,Saturday
317481296100,29377368,x9nium,32399,Counter-Strike,657,2026-08-14T10:57:57Z,es,"['Español', 'CS2', 'Counter', 'valorant', 'KOI', 'Esports', 'gaming', 'M8WIN', 'M8']",2026-08-15,01-35-46,Saturday
317885044312,161468834,saintontas,209738946,Wuthering Waves,656,2026-08-14T17:35:10Z,en,"['English', 'giveaway']",2026-08-15,01-35-46,Saturday
319930611424,1312862940,asmongold247,509658,Just Chatting,655,2026-08-13T22:00:27Z,en,['English'],2026-08-15,01-35-46,Saturday
318238011365,49099014,marty_vole,27546,World of Tanks,654,2026-08-14T16:47:34Z,cs,"['Čeština', 'PovolenéDrops']",2026-08-15,01-35-46,Saturday
318236784229,20969023,beastyqt,498482,Age of Empires IV,653,2026-08-14T14:56:21Z,en,"['RTS', 'GAMER', 'English']",2026-08-15,01-35-46,Saturday
318303665638,56863404,joshmaen1,32982,Grand Theft Auto V,652,2026-08-14T16:32:56Z,de,"['roleplay', 'unscripted', 'reddeadredemption2', 'Deutsch', 'RP', 'GTARP', 'reaction', 'StarCitizen']",2026-08-15,01-35-46,Saturday
315976577258,1344955656,cyberdesecrator,1441208453,Once Human,652,2026-08-14T18:06:54Z,en,['English'],2026-08-15,01-35-46,Saturday
316664111830,737383083,leissik,1282866981,Delta Force,651,2026-08-14T09:52:43Z,en,"['English', 'chattingwithviewers', 'ExtractionShooter', 'DeltaForceGame', 'deltaforce', 'stinger', 'chill', 'bald', 'solo', 'solovssquad']",2026-08-15,01-35-46,Saturday
315408343150,827630416,kris_this,509658,Just Chatting,650,2026-08-14T17:34:01Z,ru,"['шоу', 'Россия', 'отношения', 'юмор', 'общение', 'Русский', 'Любовь', 'скандал', 'выживалити']",2026-08-15,01-35-46,Saturday
318840675287,36439445,darthmicrotransaction,1702520304,Path of Exile 2,647,2026-08-14T18:18:09Z,en,"['English', 'DropsEnabled']",2026-08-15,01-35-46,Saturday
317461291874,65201243,manta,509658,Just Chatting,645,2026-08-14T18:00:52Z,en,"['English', 'Degen', 'Mindbreak', 'NTR', '3DVtuber', 'VTuber']",2026-08-15,01-35-46,Saturday
315878293969,127387636,flareycs,32399,Counter-Strike,643,2026-08-14T15:22:40Z,en,"['English', 'ADHD', 'skins', 'music', 'CS2', 'UK', 'tradeups']",2026-08-15,01-35-46,Saturday
316641363413,886508467,kiiiroki,32982,Grand Theft Auto V,643,2026-08-14T16:26:22Z,ru,['Русский'],2026-08-15,01-35-46,Saturday
321028138843,26642416,arcus,27284,Retro,640,2026-08-14T16:59:40Z,en,"['Retro', 'FamilyFriendly', 'NES', 'speedrun', 'English']",2026-08-15,01-35-46,Saturday
317494056803,138038581,warhammer,508798,Warhammer,639,2026-08-14T08:27:50Z,en,"['English', 'warhammer', 'warhammer40k', 'warhammer40000', 'TabletopGames', 'Tabletop', 'Tournament', 'grandtournament', 'Wales', 'newport']",2026-08-15,01-35-46,Saturday
319939982176,934563409,alison_ace,509672,IRL,638,2026-08-14T14:45:30Z,en,"['English', 'IRL', 'IRLstreams', 'girl', 'Golf', 'golfing', 'working', 'workwithme', 'golfcourse', 'outside']",2026-08-15,01-35-46,Saturday
318304137702,94606599,teamkrado,32502,World of Warships,636,2026-08-14T17:10:50Z,de,"['PVP', 'Hardcore', 'FUN', 'Deutsch', 'DropsAktiviert']",2026-08-15,01-35-46,Saturday
320858418649,87596756,lltrigger,21779,League of Legends,636,2026-08-14T16:55:05Z,en,"['English', 'Challenger', 'ADCMain', 'Educational', 'Coaching', 'Ranked', 'Competitive', 'LucianOTP', 'RPG', 'ASMR']",2026-08-15,01-35-46,Saturday
315953327977,121521701,crazyfacetw,1036710512,Palworld,635,2026-08-14T13:10:58Z,zh,"['中文', 'English']",2026-08-15,01-35-46,Saturday
317483182692,38350595,drfeelgood,1846293708,Fields of Mistria,634,2026-08-14T15:30:55Z,fr,"['Français', 'cheveux']",2026-08-15,01-35-46,Saturday
318101095015,68261767,knister,509658,Just Chatting,634,2026-08-14T17:54:06Z,de,['Deutsch'],2026-08-15,01-35-46,Saturday
317460812642,419394030,alvarostorm,21779,League of Legends,634,2026-08-14T16:59:44Z,es,['Español'],2026-08-15,01-35-46,Saturday
316711018068,225473192,blachu_,624536948,EA Sports FC 26,633,2026-08-14T16:37:46Z,pl,['Polski'],2026-08-15,01-35-46,Saturday
319809285470,112822444,shotz,32982,Grand Theft Auto V,633,2026-08-14T14:37:42Z,en,"['English', 'Shooter', 'Boomer', 'shotz', 'Malding', 'Roleplay', 'STARFORGE']",2026-08-15,01-35-46,Saturday
317496703843,174042680,radossb,33214,Fortnite,632,2026-08-14T15:34:18Z,es,"['Español', 'Fortnite', 'battleroyale']",2026-08-15,01-35-46,Saturday
318839113559,69214305,kanonxo,565625321,Scramble Knights Online,632,2026-08-14T13:23:26Z,en,"['English', '한국어', 'MMO', 'MMORPG']",2026-08-15,01-35-46,Saturday
318304830438,667209041,pangi,27471,Minecraft,631,2026-08-14T18:03:03Z,en,['English'],2026-08-15,01-35-46,Saturday
317458602466,38284441,sakor_,509658,Just Chatting,631,2026-08-14T11:49:10Z,fr,"['Français', 'Solary', 'Esport', 'Gaming', 'multigaming', 'goat', 'mageblanc', 'jeuxvidéo']",2026-08-15,01-35-46,Saturday
316307187569,22596190,takesipon,21779,League of Legends,630,2026-08-14T12:24:56Z,zh,['中文'],2026-08-15,01-35-46,Saturday
316709260884,115139051,vika_karter,1264310518,Marvel Rivals,627,2026-08-14T12:35:24Z,ru,"['руина', 'лучшаястримерша', 'ноготочкисаратов', 'семейноесчастье', 'Русский', 'DropsВключены']",2026-08-15,01-35-46,Saturday
317884762072,88957496,metaphor,512710,Call of Duty: Warzone,627,2026-08-14T16:24:08Z,en,"['marmot', 'English']",2026-08-15,01-35-46,Saturday
317230308471,21302211,venruki,18122,World of Warcraft,626,2026-08-14T15:11:29Z,en,"['English', 'DropsEnabled']",2026-08-15,01-35-46,Saturday
316710680788,926384072,meowh0cki,509658,Just Chatting,626,2026-08-14T15:59:21Z,ru,"['Русский', 'Аниме', 'Яйца', '42iqстример', '42iqмодеры', 'адекватность']",2026-08-15,01-35-46,Saturday
319941274080,126632539,katevolved,21779,League of Legends,626,2026-08-14T17:27:08Z,en,"['English', 'WomensRights', 'Vtuber', 'Manipulator', 'Gaslighting', 'ManicDepression', 'Masculine', 'Schizophrenia', 'Katarina', 'GODCOMPLEX']",2026-08-15,01-35-46,Saturday
317230227063,48827570,saintone,509658,Just Chatting,626,2026-08-14T14:51:41Z,en,"['English', 'Community', 'of', 'Boomers', 'And', 'Lizard', 'People', 'MAMBO']",2026-08-15,01-35-46,Saturday
316642403413,960749814,br1xxly,498566,Slots,626,2026-08-14T18:27:22Z,en,['English'],2026-08-15,01-35-46,Saturday
316664940118,150814235,lhcloudy27,515025,Overwatch,625,2026-08-14T12:43:08Z,en,"['English', 'finnish', 'Suomi', 'DropsEnabled']",2026-08-15,01-35-46,Saturday
316306679409,941489207,23fpstv,32399,Counter-Strike,624,2026-08-14T10:40:44Z,vi,"['cs2', 'csgo', 'pgl', 'blast', 'esl', 'majorcs2', 'major', 'TiếngViệt', 'Phátlạitrựctuyến']",2026-08-15,01-35-46,Saturday
320858438105,1130530884,carstenjahn_teamheimat,509658,Just Chatting,623,2026-08-14T16:56:42Z,de,"['Deutsch', 'Politik']",2026-08-15,01-35-46,Saturday
318098170855,47167396,mrscheff,27546,World of Tanks,623,2026-08-14T13:29:08Z,hu,"['Magyar', 'DropokEngedélyezve']",2026-08-15,01-35-46,Saturday
318303694054,1021181704,gei_angel,513181,Genshin Impact,622,2026-08-14T16:35:27Z,ru,"['Русский', 'DropsВключены']",2026-08-15,01-35-46,Saturday
316710242644,619688409,clayton_57,491931,Escape from Tarkov,622,2026-08-14T15:03:32Z,ru,"['клэйтон', 'Русский', 'побегизтаркова', 'escapefromtarkov', 'tarkov', 'тарков', 'DropsВключены']",2026-08-15,01-35-46,Saturday
316640871253,1087349043,feanrir,509658,Just Chatting,621,2026-08-14T15:19:29Z,ru,"['популярный', 'стример', 'медиамолекула', 'крутой', 'харизма', 'Русский']",2026-08-15,01-35-46,Saturday
318237562597,503630305,anastasia_rose_official,1669431183,DJs,620,2026-08-14T16:04:32Z,de,"['Party', 'Love', 'Deutsch', 'music', 'DJLivemix', 'DJ', 'Techno', 'DJANE', 'djmixset', 'House']",2026-08-15,01-35-46,Saturday
316371098099,29923971,rainbrain,263490,Rust,619,2026-08-14T05:23:51Z,ja,"['日本語', 'Drops有効']",2026-08-15,01-35-46,Saturday
316711846996,413999272,conway671,509658,Just Chatting,619,2026-08-14T18:04:13Z,ru,['Русский'],2026-08-15,01-35-46,Saturday
317495757027,49619460,wazzy,2083,RuneScape,619,2026-08-14T13:40:12Z,en,"['puns', 'chill', 'hastheoccasionalfunnyjoke', 'English', 'ironman', 'RS3andOSRSGrandmaster']",2026-08-15,01-35-46,Saturday
316093540461,1007186731,anonymous1270ttv,460630,Rainbow Six Siege,617,2026-08-14T14:09:29Z,en,"['English', 'anonymous1270', 'anonymous1270ttv', 'ewc', 'DropsEnabled', 'R6', 'rainbowsixsiege', 'UbisoftPartner', 'sponsored', 'ad']",2026-08-15,01-35-46,Saturday
320921983578,208808396,durpee82,515025,Overwatch,616,2026-08-14T05:33:13Z,en,"['English', 'DropsEnabled']",2026-08-15,01-35-46,Saturday
318096508903,133621591,wakayashi,386821,Black Desert,615,2026-08-14T10:18:28Z,de,"['MMORPG', 'MMO', 'Deutsch', 'English', 'sauercrowd', 'DropsAktiviert']",2026-08-15,01-35-46,Saturday
318840143959,104632789,zemie,33214,Fortnite,615,2026-08-14T17:00:50Z,en,"['English', 'Fortnite', 'Tournament', 'Zemie', 'worldcup2026']",2026-08-15,01-35-46,Saturday
318294521830,28447375,skifolk,491931,Escape from Tarkov,614,2026-08-13T17:22:55Z,ru,"['Русский', 'Skifolk', 'Скифолк', 'survivalgames', 'DropsВключены']",2026-08-15,01-35-46,Saturday
316308010353,140819284,erycyoo,511224,Apex Legends,614,2026-08-14T15:02:20Z,zh,"['English', '中文', '启用掉宝']",2026-08-15,01-35-46,Saturday
316711805140,65560166,jaxstyle,1669431183,DJs,611,2026-08-14T18:00:38Z,da,"['Dansk', 'EDM', 'DJ', 'producer', 'IRL', 'Festival', 'DropsAktiveret']",2026-08-15,01-35-46,Saturday
318637522038,128775333,coreano,1264310518,Marvel Rivals,611,2026-08-14T14:10:42Z,pt,"['Português', 'DropsAtivados']",2026-08-15,01-35-46,Saturday
316711967060,43578182,f1ashko,509658,Just Chatting,610,2026-08-14T18:16:21Z,ru,['Русский'],2026-08-15,01-35-46,Saturday
316638654933,30383713,kungentv,479682350,Monsters & Memories,610,2026-08-14T09:14:05Z,en,['English'],2026-08-15,01-35-46,Saturday
321027545947,14410317,ezekiel_iii,8118,Star Wars: Knights of the Old Republic II - The Sith Lords,609,2026-08-14T16:01:18Z,en,"['English', 'ADHD', 'humor', 'ClosedCaptions']",2026-08-15,01-35-46,Saturday
315953734633,526538225,kwoli,509667,Food & Drink,608,2026-08-14T14:59:57Z,en,"['Australia', 'JustChatting', 'Chatty', 'English', 'Chat', 'Aussie', 'assassinscreed', 'latenightgaming']",2026-08-15,01-35-46,Saturday
321027359707,419847317,yttalk2menice,509658,Just Chatting,605,2026-08-14T15:41:54Z,en,"['English', 'D10', 'BlackStreamer', 'ytTALK2MENICE', 'corpuschristi', 'justchatting', 'WLTS', 'CTR']",2026-08-15,01-35-46,Saturday
317884173656,752742297,seoi1016,509658,Just Chatting,604,2026-08-14T13:18:39Z,ko,"['한국어', 'English', '中文', 'Asian', '日本語', 'Русский', 'Dance', 'kpop', 'korean', '드롭활성화됨']",2026-08-15,01-35-46,Saturday
316063406700,477111082,owbrain,511910411,Chess,603,2026-08-14T10:49:55Z,ar,"['Arabic', 'العربية', 'تم・تمكين・Drops']",2026-08-15,01-35-46,Saturday
321028858459,808631627,deedge_live,1432155743,Hariti,603,2026-08-14T18:03:34Z,en,['English'],2026-08-15,01-35-46,Saturday
320859018841,158577991,carmen,32982,Grand Theft Auto V,602,2026-08-14T17:51:33Z,en,"['English', 'rp', 'cringe', 'woman', 'toxic', 'feet']",2026-08-15,01-35-46,Saturday
318098539239,58448005,zazzone230,1253800827,Mafia: The Old Country,601,2026-08-14T14:03:57Z,it,['Italiano'],2026-08-15,01-35-46,Saturday
318237320805,41800669,ins4ne_hs,138585,Hearthstone,601,2026-08-14T15:45:14Z,en,['English'],2026-08-15,01-35-46,Saturday
317884919512,700115497,babydollobscurity,499003,VRChat,600,2026-08-14T17:05:47Z,en,['English'],2026-08-15,01-35-46,Saturday
317482840548,171364604,nokapt,513181,Genshin Impact,599,2026-08-14T14:49:59Z,fr,['Français'],2026-08-15,01-35-46,Saturday
318099251943,100905909,altertimesk,18122,World of Warcraft,599,2026-08-14T15:13:18Z,es,"['Español', 'DropsActivados']",2026-08-15,01-35-46,Saturday
316641426389,1296761400,c1ymba_mt,1393304883,Mir Tankov,599,2026-08-14T16:34:37Z,ru,"['C1yMba', 'клумба', 'миртанков', 'русский', 'Русский']",2026-08-15,01-35-46,Saturday
319810767838,700526126,blukitsune9,509658,Just Chatting,599,2026-08-14T17:34:52Z,en,"['English', 'Woman', 'Travel', 'IRL', 'VarietyGamer', 'girl', 'reaction', 'Friendly', 'tism', 'Crafting']",2026-08-15,01-35-46,Saturday
318100296935,36998510,rob2628,515024,Diablo IV,598,2026-08-14T16:48:48Z,en,"['English', 'Deutsch', 'ARPG']",2026-08-15,01-35-46,Saturday
316664389078,35740817,thorlar,490242481,GRAIN ROT,598,2026-08-14T10:53:19Z,en,"['Giveaways', 'LGBTQ', 'pngtuber', 'vtuber', 'English', 'Swedish', 'charity', 'ADHD', 'Variety', 'NoGenerativeAI']",2026-08-15,01-35-46,Saturday
318301687654,28572093,kubon_,21779,League of Legends,598,2026-08-14T12:58:47Z,pl,['Polski'],2026-08-15,01-35-46,Saturday
319940817632,139094686,punkdagod,630009802,MARVEL TŌKON: Fighting Souls,598,2026-08-14T16:34:04Z,en,"['Tournament', 'English', 'DropsEnabled']",2026-08-15,01-35-46,Saturday
316710700756,248224644,amor_ed,29595,Dota 2,596,2026-08-14T16:01:05Z,ru,"['Русский', 'EngIish', 'ШКИЖМЕШ', 'хех', 'soslo']",2026-08-15,01-35-46,Saturday
318300663526,793598024,cs2_maincast2,32399,Counter-Strike,596,2026-08-14T10:44:43Z,uk,['Українська'],2026-08-15,01-35-46,Saturday
318638027638,151016308,teconanita,509658,Just Chatting,596,2026-08-14T16:04:55Z,es,"['irl', 'debates', 'anita', 'Español', 'charla', 'chisme']",2026-08-15,01-35-46,Saturday
317482228836,767965709,sotchi_riot,1669431183,DJs,594,2026-08-14T13:24:23Z,en,"['English', 'Français', 'Deutsch', 'Polski', 'DJ', 'Techno', 'ADHD', 'Girl', '808', '808ontwitch']",2026-08-15,01-35-46,Saturday
318299389670,175503821,benice92,138585,Hearthstone,592,2026-08-14T06:43:35Z,en,"['English', 'Autobattler', 'Chıll', 'Educational']",2026-08-15,01-35-46,Saturday
318236789093,92062529,karni,21779,League of Legends,590,2026-08-14T14:56:36Z,de,"['support', 'botlane', 'Deutsch']",2026-08-15,01-35-46,Saturday
316709826644,93820421,geppe,32982,Grand Theft Auto V,589,2026-08-14T14:06:08Z,sv,['Svenska'],2026-08-15,01-35-46,Saturday
317483991908,452454652,nikos,481755850,Hell Let Loose: Vietnam,589,2026-08-14T17:06:31Z,fr,['Français'],2026-08-15,01-35-46,Saturday
317495974755,84413008,cinkrofwest,32399,Counter-Strike,587,2026-08-14T14:07:54Z,pl,"['Polski', 'HighEloGameplay', 'HigheloJungler', 'D1']",2026-08-15,01-35-46,Saturday
316641749205,102909149,mikerina,3256,Max Payne 2: The Fall of Max Payne,587,2026-08-14T17:09:49Z,ru,"['интерактивы', 'микеринанеумеетиграть', 'Русский', 'English', 'общение', 'girl', 'mikerina', 'Cooking']",2026-08-15,01-35-46,Saturday
318302489830,25452510,nervarien,21779,League of Legends,586,2026-08-14T14:30:55Z,pl,"['Polski', 'DropyWłączone', 'LEC']",2026-08-15,01-35-46,Saturday
320858001497,28379957,mrllamasc,1788326126,Diablo II: Resurrected,585,2026-08-14T16:10:57Z,en,"['English', 'Positive', 'FamilyFriendly', 'Speedrunner', 'Speedrun']",2026-08-15,01-35-46,Saturday
318772728436,523267558,luuuklz,32982,Grand Theft Auto V,583,2026-08-14T17:05:48Z,es,"['risas', 'Español', 'chillingstream', 'gta', 'carrerasGTA5online', 'PS5', 'gta6', 'DropsActivados']",2026-08-15,01-35-46,Saturday
320857542745,28640725,lobosjr,852009328,Mistfall Hunter,582,2026-08-14T15:19:11Z,en,"['voiceactor', 'chill', 'rpg', 'English', 'vgm', 'soulslike', 'Retro', 'nostalgía']",2026-08-15,01-35-46,Saturday
316307880689,496970086,shibuya_kaho,492035,Resident Evil,581,2026-08-14T14:33:17Z,ja,"['English', 'Japan', 'Japanese', '日本語']",2026-08-15,01-35-46,Saturday
319900688348,73169370,kingtreytv,499634,Crypto,581,2026-08-14T14:24:39Z,en,"['English', 'memecoins', 'memecointrading', 'solana']",2026-08-15,01-35-46,Saturday
319901127004,153092092,crackly,33214,Fortnite,581,2026-08-14T15:28:26Z,en,"['English', 'Fortnite', 'ZeroBuild', 'crackly']",2026-08-15,01-35-46,Saturday
318095348327,56924673,obsess3,21779,League of Legends,580,2026-08-14T07:05:20Z,de,"['Deutsch', 'VerticalStream', 'vertical', 'manchmalchallenger', 'meistensnicht']",2026-08-15,01-35-46,Saturday
318232163685,514761065,jussef,509672,IRL,579,2026-08-14T01:08:02Z,de,"['Deutsch', 'Wiederholen']",2026-08-15,01-35-46,Saturday
320858679641,119981767,shobek,24241,FINAL FANTASY XIV ONLINE,578,2026-08-14T17:19:10Z,en,"['MMORPG', 'English', 'MMO', 'ADHDStreamer', 'adhd', 'ADHDfriendly', 'worldofwarcraft', 'wow', 'DropsEnabled']",2026-08-15,01-35-46,Saturday
315952885353,23526154,x5_pig,490422,StarCraft II,578,2026-08-14T11:06:09Z,en,"['English', 'Esports', 'RTS']",2026-08-15,01-35-46,Saturday
317460404194,940798321,thepeoplespundit,509658,Just Chatting,578,2026-08-14T16:00:43Z,en,"['English', 'UK', 'Football']",2026-08-15,01-35-46,Saturday
317495135843,38822100,titavion,1041,Diablo II,573,2026-08-14T12:04:23Z,fr,"['Français', 'Vieux']",2026-08-15,01-35-46,Saturday
315913633512,165165027,vixi,2085980140,Lethal Company,573,2026-08-14T07:28:46Z,en,"['Vtuber', 'English', 'ADHD', 'Chatty', 'Anime', 'Cozy', 'Mindbreak', 'foxsu', 'ASMR', 'DeadWeight']",2026-08-15,01-35-46,Saturday
318236193509,118288907,pwnage,516588,Rise Online,572,2026-08-14T13:56:57Z,tr,"['Türkçe', 'MMORPG', 'JustChatting', 'RiseOnline', 'DroplarEtkin']",2026-08-15,01-35-46,Saturday
318237794661,144798294,bigspincr,30921,Rocket League,572,2026-08-14T16:26:00Z,de,"['Deutsch', 'DropsAktiviert']",2026-08-15,01-35-46,Saturday
318704858613,142974849,4fungamingg,31339,Project Zomboid,572,2026-08-14T17:36:49Z,es,['Español'],2026-08-15,01-35-46,Saturday
318236930661,806311369,jxness7,33214,Fortnite,569,2026-08-14T15:08:03Z,pt,['Português'],2026-08-15,01-35-46,Saturday
316707750868,1063130958,hoshiyurei,29595,Dota 2,569,2026-08-14T07:00:19Z,ru,['Русский'],2026-08-15,01-35-46,Saturday
318702818421,438686523,trollzinha,386821,Black Desert,567,2026-08-14T05:43:48Z,pt,"['Português', 'Vtuber', 'Shai', 'English', 'Русский', 'Español', 'Ｖｔｕｂｅｒ', 'Lahn', 'PIX', 'VtuberBR']",2026-08-15,01-35-46,Saturday
318099108327,172781249,faister,27471,Minecraft,566,2026-08-14T15:00:44Z,de,"['Deutsch', 'BesterStream', '24HourStream', 'Legat']",2026-08-15,01-35-46,Saturday
317459757154,18887776,moman,2143999112,Forest Escape: Last Train,566,2026-08-14T14:39:53Z,fr,"['Français', 'escapefromtarkov', 'EFT', 'tarkov', 'fps', 'CS', 'RP', 'gta', 'valorant', 'DropsActivés']",2026-08-15,01-35-46,Saturday
317459345634,109306231,sixquatre,460630,Rainbow Six Siege,565,2026-08-14T13:44:52Z,fr,"['RainbowSixSiege', 'R6Competitif', 'JeuTactique', 'AnalyseGameplay', 'CoachingLive', 'FPSCompetitif', 'Champion', 'PCGaming', 'StreamerFR', 'EsportFR']",2026-08-15,01-35-46,Saturday
318096825191,24974812,manni2,29307,Path of Exile,564,2026-08-14T11:03:59Z,en,['English'],2026-08-15,01-35-46,Saturday
319901312732,485205691,celthewitch,512953,ELDEN RING,564,2026-08-14T15:52:42Z,en,"['English', 'gothgirl', 'goth', 'GothMommy', 'marvelrivals', 'justchatting', 'Cosplay', 'drops', 'yapper', 'findom']",2026-08-15,01-35-46,Saturday
317884535512,73855044,kmartpoker,488190,Poker,563,2026-08-14T15:23:38Z,en,['English'],2026-08-15,01-35-46,Saturday
316709963348,113765405,turunpug,687499288,Assetto Corsa Rally,563,2026-08-14T14:27:02Z,fi,"['Suomi', 'IRL']",2026-08-15,01-35-46,Saturday
317498049123,486205216,idreau_,2060730947,Le Mans Ultimate,561,2026-08-14T18:01:59Z,fr,['Français'],2026-08-15,01-35-46,Saturday
318100453991,494699792,fuataslan,516588,Rise Online,559,2026-08-14T17:00:44Z,tr,"['Türkçe', 'riseonlineworld', 'valorant', 'DroplarEtkin']",2026-08-15,01-35-46,Saturday
318304426854,1018879667,brigante_831,509672,IRL,558,2026-08-14T17:34:21Z,de,['Deutsch'],2026-08-15,01-35-46,Saturday
317459931874,532809786,viizzzm,516575,VALORANT,558,2026-08-14T15:01:22Z,es,"['Español', 'shooters', 'Competitivo', 'valorant', 'Esports']",2026-08-15,01-35-46,Saturday
318237084517,183796200,kraandop,515025,Overwatch,557,2026-08-14T15:22:02Z,en,"['Nederlands', 'English', 'DropsEnabled']",2026-08-15,01-35-46,Saturday
321026361179,30214074,jeffhoogland,1743359147,MARVEL SNAP,556,2026-08-14T13:29:27Z,en,['English'],2026-08-15,01-35-46,Saturday
318237766885,1157841394,king_auga,32399,Counter-Strike,555,2026-08-14T16:23:00Z,el,"['English', 'faceitlvl10', 'greekcs2', 'greek', 'Ελληνικά', 'CS2', 'counterstrike2']",2026-08-15,01-35-46,Saturday
318638511606,170324904,guigzvlr,29452,Virtual Casino,555,2026-08-14T17:30:56Z,pt,['Português'],2026-08-15,01-35-46,Saturday
318099027175,36108496,liveplayging,18122,World of Warcraft,555,2026-08-14T14:54:01Z,de,"['Deutsch', 'Wiederholen', 'DropsAktiviert']",2026-08-15,01-35-46,Saturday
316373471987,1304671507,4tmel,511224,Apex Legends,555,2026-08-14T14:57:40Z,ja,"['日本語', '女性', '女性配信者', 'Japanese', '雑談', 'English', 'Vtuber', '女性Vtuber', 'コメント歓迎', 'translation']",2026-08-15,01-35-46,Saturday
317459213666,471969987,cheffius,31336,Metin2,554,2026-08-14T13:26:06Z,es,"['Español', 'DropsActivados']",2026-08-15,01-35-46,Saturday
318234446949,22859340,ewc_allianzvault_en,743,Chess,551,2026-08-14T10:06:28Z,en,"['esports', 'English', 'DropsEnabled']",2026-08-15,01-35-46,Saturday
317884923608,103262684,jasonr,32399,Counter-Strike,549,2026-08-14T17:07:10Z,en,['English'],2026-08-15,01-35-46,Saturday
318304083430,468638176,predagefn,33214,Fortnite,548,2026-08-14T17:06:26Z,it,"['Italiano', 'predage', 'goat', 'palestra', 'proplayer']",2026-08-15,01-35-46,Saturday
315896842578,1140302988,g1oladdd,509658,Just Chatting,547,2026-08-14T16:24:40Z,en,['English'],2026-08-15,01-35-46,Saturday
318237140837,171103531,sieglinde,18122,World of Warcraft,544,2026-08-14T15:27:53Z,de,"['Deutsch', 'wow', 'classicwow', 'Hardcore', 'sieglinde', 'worldofwarcraft', 'lurkATwork', 'classicplus', 'hc', 'DropsAktiviert']",2026-08-15,01-35-46,Saturday
316709458900,28222988,zmok,1967973853,Hero Wars,544,2026-08-14T13:07:12Z,en,"['gaming', 'fun', 'WorldofWarcraft', 'Mythic', 'Drops', 'English', 'MMORPG', 'MythicPlusDungeon']",2026-08-15,01-35-46,Saturday
316665071446,187669658,albino,1169827,Quasimorph,544,2026-08-14T13:05:06Z,en,['English'],2026-08-15,01-35-46,Saturday
318099360615,221114625,xyzoom,27471,Minecraft,542,2026-08-14T15:25:28Z,de,['Deutsch'],2026-08-15,01-35-46,Saturday
316641174101,810656365,aliksunder,29595,Dota 2,541,2026-08-14T16:01:58Z,ru,"['dota2', 'дота', 'Русский']",2026-08-15,01-35-46,Saturday
316316222194,497825111,yoichi_0v0,516575,VALORANT,540,2026-08-14T12:46:30Z,ja,"['日本語', '雑談', 'ゲーム雑談', 'アドバイス禁止', 'art']",2026-08-15,01-35-46,Saturday
318627060726,181077473,gaules,31339,Project Zomboid,540,2026-08-13T04:17:31Z,pt,['Português'],2026-08-15,01-35-46,Saturday
316666026198,1077117433,pepeshot101,983841243,Off The Grid,539,2026-08-14T15:31:57Z,en,"['English', 'Ukrainian', 'OTG', 'justcchatting']",2026-08-15,01-35-46,Saturday
321026311643,144621813,viibiin,491931,Escape from Tarkov,538,2026-08-14T13:20:27Z,en,"['English', 'DropsEnabled']",2026-08-15,01-35-46,Saturday
316316860786,64092271,pikat,509660,Art,537,2026-08-14T14:32:33Z,en,"['Vtuber', 'art', 'CasualPlaythrough', 'PvE', 'English', 'PvP', 'CoWorking']",2026-08-15,01-35-46,Saturday
317482453220,139445443,skladic,1702520304,Path of Exile 2,537,2026-08-14T13:55:39Z,ru,"['Общение', 'Игры', 'BDO', 'POE', 'Развлечение', 'Русский', 'Diablo', 'DiabloIV', 'ARPG', 'poe2']",2026-08-15,01-35-46,Saturday
318100147431,155042124,kurtiskush,32982,Grand Theft Auto V,537,2026-08-14T16:35:24Z,de,"['Deutsch', 'Comedy', 'Communityfreundlich', 'Rollenspiel', 'LuckyV']",2026-08-15,01-35-46,Saturday
319940496736,320878,protonjon,18808,Resident Evil 5,533,2026-08-14T15:53:47Z,en,"['English', 'Canada', 'Retro', 'Modern', 'Variety', 'AcquiredTaste', 'FlyFree', 'Glitched', 'PsychologicalHorror', 'TechnicalDifficulties']",2026-08-15,01-35-46,Saturday
316666173014,235644046,wildanimalhs,138585,Hearthstone,532,2026-08-14T15:52:06Z,ru,['Русский'],2026-08-15,01-35-46,Saturday
318703997045,39152815,clovaobengala,852009328,Mistfall Hunter,531,2026-08-14T14:18:26Z,pt,"['Português', 'DropsAtivados']",2026-08-15,01-35-46,Saturday
320925661914,43494917,knut,509658,Just Chatting,530,2026-08-14T14:35:34Z,en,"['English', 'IRL', 'AustinTX', 'fitness', 'food', 'Texas', 'IronForge', 'Outdoors', 'cars']",2026-08-15,01-35-46,Saturday
318704608757,157756109,nikomfps,32399,Counter-Strike,529,2026-08-14T16:55:18Z,es,"['Español', 'windingo', 'CS2', 'RagerGamer']",2026-08-15,01-35-46,Saturday
320927728858,46032684,senseitrihard,852009328,Mistfall Hunter,529,2026-08-14T17:53:50Z,en,"['thegyldenrush', 'EatractionLooter', 'English', 'PVPVE', 'DropsEnabled']",2026-08-15,01-35-46,Saturday
317495911267,30773592,djboucherie,2105826178,Choo-Choo Charles,529,2026-08-14T14:01:07Z,fr,"['humour', 'metal', 'animation', 'gaming', 'énergique', 'Français', 'multigaming', 'animateur', 'HorrorStreamer', 'survivalhorrorgames']",2026-08-15,01-35-46,Saturday
315408256366,110240192,tsoding,1469308723,Software and Game Development,528,2026-08-14T16:51:52Z,en,"['English', 'ActuallyWritingCode']",2026-08-15,01-35-46,Saturday
318237540965,127040829,anakq,515025,Overwatch,528,2026-08-14T16:02:43Z,ru,"['Русский', 'DropsВключены']",2026-08-15,01-35-46,Saturday
318839041495,60175881,techsmith314,1881949588,ReStory: Chill Electronics Repairs,528,2026-08-14T13:00:03Z,en,"['Canadian', 'Wholesome', 'Variety', 'CC', 'English']",2026-08-15,01-35-46,Saturday
321027467739,543631090,gnomonkey,459931,Old School RuneScape,527,2026-08-14T15:53:28Z,en,"['English', 'OSRS', 'Guidemaker', 'Speedrunner', 'WorldsFirstChaser', 'HCIM']",2026-08-15,01-35-46,Saturday
320856591193,140575817,jwantedl,515025,Overwatch,527,2026-08-14T13:03:49Z,en,"['nihowdy', '中文', 'English', 'DropsEnabled']",2026-08-15,01-35-46,Saturday
316711830228,225999279,ixbt_games,1253800827,Mafia: The Old Country,526,2026-08-14T18:02:44Z,ru,"['Русский', 'mafiatheoldcountry']",2026-08-15,01-35-46,Saturday
315896735442,521822000,jeza1989,31339,Project Zomboid,526,2026-08-14T15:55:28Z,es,"['Español', 'LDOE', 'ProjectZomboid', 'zombie', 'España', 'pc', 'movil']",2026-08-15,01-35-46,Saturday
315441447024,80188115,liz0n,898206463,Baby Steps,525,2026-08-14T16:31:36Z,ru,"['Уют', 'Образование', 'Женщина', 'РазработкаИгр', 'Русский', 'IRL', 'Стратегии', 'DropsВключены']",2026-08-15,01-35-46,Saturday
316641571797,470611900,vladboyz,509658,Just Chatting,525,2026-08-14T16:52:02Z,ru,['Русский'],2026-08-15,01-35-46,Saturday
318301219174,468083960,twostone,513143,Teamfight Tactics,524,2026-08-14T12:00:36Z,de,"['Deutsch', 'English', 'mid', 'Competitive', 'midlaner', 'Lore']",2026-08-15,01-35-46,Saturday
318304416486,173819413,nicolepeachy,509658,Just Chatting,522,2026-08-14T17:33:29Z,en,"['English', 'Italian', 'Italiano', 'egf', 'Moody', 'moodyAF', 'Rock']",2026-08-15,01-35-46,Saturday
318236300773,7093315,slop3,509658,Just Chatting,521,2026-08-14T14:06:56Z,sv,"['Svenska', 'IRL', 'resa', 'explore', 'Sverige', 'worldcup2026', 'WorldCupFootball', 'worldcup', 'WorldCup26']",2026-08-15,01-35-46,Saturday
320856971225,74319395,jaybroski,512710,Call of Duty: Warzone,520,2026-08-14T14:03:28Z,en,"['warzone', 'cod', 'English', 'UNC', 'freakofnature', 'monster', 'cowboywarzone', 'rebirthisland', 'Ranked', 'mw4']",2026-08-15,01-35-46,Saturday
318289426790,118291244,conducteir77,491487,Dead by Daylight,519,2026-08-13T07:10:48Z,cs,"['Čeština', 'justcchatting', 'GAMING', 'Simulators', 'FunStreamer', 'MarblesonStream', 'best']",2026-08-15,01-35-46,Saturday
319900783708,141185807,firebox720,852009328,Mistfall Hunter,519,2026-08-14T14:40:32Z,en,"['English', 'DropsEnabled']",2026-08-15,01-35-46,Saturday
318101184103,1222536093,yaliubka,624536948,EA Sports FC 26,519,2026-08-14T18:00:45Z,uk,"['Українська', 'ukrainestreamers']",2026-08-15,01-35-46,Saturday
318300019686,901615183,smokeyspo,32399,Counter-Strike,518,2026-08-14T08:57:33Z,pl,"['CSGO', 'source2', 'NaVi', 'AdinRoss', 'polish', 'Polska', 'polishstreamer', 'Polski', 'English']",2026-08-15,01-35-46,Saturday
318304720742,43281991,dear_hellgirl,509658,Just Chatting,518,2026-08-14T17:57:27Z,ru,"['Vtuber', 'Втубер', 'Витубер', 'Русский', 'Аниме', 'ruvtuber', 'девушка']",2026-08-15,01-35-46,Saturday
318237831781,506611431,mira004,509658,Just Chatting,518,2026-08-14T16:29:04Z,en,"['girls', 'woman', 'chatting', 'princess', 'english', 'magyar', 'English']",2026-08-15,01-35-46,Saturday
318772578676,117411572,strakatv,32399,Counter-Strike,517,2026-08-14T16:38:44Z,es,['Español'],2026-08-15,01-35-46,Saturday
318236825317,168251674,gavrilka,509672,IRL,514,2026-08-14T14:59:32Z,en,"['English', 'IRL', 'Woman', 'girl', 'Chatting', 'usa', 'uk', 'Dance', 'Cooking', 'Cozy']",2026-08-15,01-35-46,Saturday
318237524581,216735494,furkyplayzz,624536948,EA Sports FC 26,512,2026-08-14T16:01:24Z,de,['Deutsch'],2026-08-15,01-35-46,Saturday
318236714597,36977583,hoppii,32982,Grand Theft Auto V,511,2026-08-14T14:50:08Z,de,"['Deutsch', 'Roleplay', 'bingo', 'depression', 'fivem', 'gta', 'reactions', 'peak', 'PeakRP', 'GTARP']",2026-08-15,01-35-46,Saturday
317455222882,170606644,audlonlx,23020,ROBLOX,511,2026-08-13T21:04:01Z,en,"['roblox', 'minecraft', 'English', 'DropsEnabled']",2026-08-15,01-35-46,Saturday
316665458390,268295470,larvinen12,370472,Wreckfest,511,2026-08-14T14:06:46Z,fi,['Suomi'],2026-08-15,01-35-46,Saturday
321029242331,26301881,sodapoppin,509658,Just Chatting,511,2026-08-14T18:33:40Z,en,['English'],2026-08-15,01-35-46,Saturday
318234634469,103700930,zoodle,489170,DARK SOULS II: Scholar of the First Sin,509,2026-08-14T10:35:26Z,en,"['English', 'Speedrun', 'challenge']",2026-08-15,01-35-46,Saturday
317483407332,35936672,chigre,624536948,EA Sports FC 26,508,2026-08-14T15:56:58Z,es,['Español'],2026-08-15,01-35-46,Saturday
321026193883,247923583,upandadam_gaming,1678532194,EA Sports College Football 27,506,2026-08-14T13:01:04Z,en,"['DTandLBJstream', 'SoupLover', 'RaidTrain', 'BallPit', 'WheelSpinEnthusiast', 'MayoLover', 'lordfarquaad', 'CostumeEnthusiast', 'English', 'DropsEnabled']",2026-08-15,01-35-46,Saturday
321026045403,269140208,tttcheekyttt,491931,Escape from Tarkov,506,2026-08-14T12:26:30Z,ja,"['日本語', 'English', 'Drops有効']",2026-08-15,01-35-46,Saturday
315952822505,673082016,iitifox,516575,VALORANT,505,2026-08-14T10:47:15Z,zh,"['中文', 'Vtuber', '稻米米', 'wawa', '狐扯', '值夜選手']",2026-08-15,01-35-46,Saturday
318098006247,28213443,rax1337,516575,VALORANT,503,2026-08-14T13:12:41Z,de,"['Deutsch', 'English', 'Ranked', 'Pro', 'DropsAktiviert']",2026-08-15,01-35-46,Saturday
317460622306,144870212,nogodi,245266135,EA Sports UFC 6,503,2026-08-14T16:31:50Z,fr,['Français'],2026-08-15,01-35-46,Saturday
318301724262,100649748,olyavoodoo,509658,Just Chatting,502,2026-08-14T13:02:39Z,ru,"['Русский', 'drops', 'girl', 'English', 'Japan', 'рыжаябулочка', 'depression', 'permatilted', 'кринжцесса']",2026-08-15,01-35-46,Saturday
318098207975,217653999,layme,29595,Dota 2,500,2026-08-14T13:32:23Z,ru,['Русский'],2026-08-15,01-35-46,Saturday
318235572709,28868142,outc1der,491931,Escape from Tarkov,500,2026-08-14T12:44:03Z,de,"['Deutsch', 'Fragen', 'hardware', 'solo', 'pvp', 'chat', 'german', 'English', 'DropsAktiviert']",2026-08-15,01-35-46,Saturday
321026828507,160010466,elly,386821,Black Desert,500,2026-08-14T14:44:17Z,en,"['English', 'elly', 'Vtuber', 'spanish', 'México', 'WordOfTheDay', 'Comedy', 'DropsEnabled']",2026-08-15,01-35-46,Saturday
319938567520,11558942,witwix,1407788051,Pegfinity,498,2026-08-14T10:00:25Z,en,"['EsotericGamingForGeniuses', 'MeLikeVideoGames', 'DrippingGrease', 'AlabamaHammaSlamma', 'English']",2026-08-15,01-35-46,Saturday
316709531348,121202124,hadi_ow,515025,Overwatch,498,2026-08-14T13:18:33Z,en,"['top500', 'german', 'English', 'Reinhardt', 'overwatch', 'Dominator', 'OWCS', 'DropsEnabled']",2026-08-15,01-35-46,Saturday
317484293348,53226469,farodgames,11557,The Legend of Zelda: Ocarina of Time,495,2026-08-14T17:42:54Z,fr,"['humour', 'chill', 'Français', 'France', 'SafeSpace', 'jeuxvidéo']",2026-08-15,01-35-46,Saturday
318303859942,457986836,nick__136,461221,MARVEL Contest of Champions,495,2026-08-14T16:50:39Z,en,"['English', 'Multiplayer', 'mcoc', 'MarvelContestOfChampions', 'myheroultrarumble', 'MHUR', 'gaming', 'Anime', 'Fortnite', 'Etheriarestart']",2026-08-15,01-35-46,Saturday
321027699547,153667766,claraatwork,511224,Apex Legends,495,2026-08-14T16:17:13Z,en,['English'],2026-08-15,01-35-46,Saturday
318100504679,575410736,youney,32982,Grand Theft Auto V,494,2026-08-14T17:03:48Z,en,"['English', 'NoPixelWL', 'clown', 'English', 'ChillandChaotic']",2026-08-15,01-35-46,Saturday
318099685479,852549791,sh0kerix,27546,World of Tanks,493,2026-08-14T15:55:18Z,uk,"['wot', 'game', 'woteu', 'танки', 'drops', 'УКРАЇНСЬКИЙСТРІМТАНКІВ', 'Sh0kerix', 'Українська', 'DropsУвімкнено']",2026-08-15,01-35-46,Saturday
315878456145,20502899,metro,2132205352,Deadlock,493,2026-08-14T16:12:52Z,en,"['English', 'Deutsch', 'deadlock', 'Eternus']",2026-08-15,01-35-46,Saturday
321026879195,55899594,corgicam,2059463486,Waterpark Simulator,492,2026-08-14T14:51:23Z,en,"['English', 'Vtuber', 'Furry', 'LGBTQIAPlusAlly', 'short', 'LOUD', 'Interactive', 'ClosedCaptions', 'Yapper']",2026-08-15,01-35-46,Saturday
319902521052,189583809,bbreadman,512710,Call of Duty: Warzone,491,2026-08-14T18:12:58Z,en,"['English', 'Norwegian']",2026-08-15,01-35-46,Saturday
318637189366,484136594,massroon,19619,Tibia,489,2026-08-14T12:44:00Z,pt,"['Português', 'MMORPG', 'Gostoso', 'Orebound', 'pxg']",2026-08-15,01-35-46,Saturday
321028173403,195166073,hachubby,509672,IRL,488,2026-08-14T17:01:52Z,en,"['English', 'Variety', 'IRL', 'USA', 'gaming', 'korean', 'Cooking', 'music']",2026-08-15,01-35-46,Saturday
319810073566,775286650,bobbyraygray,32982,Grand Theft Auto V,487,2026-08-14T16:21:25Z,en,"['English', 'Roleplay', 'GrandTheftAutoV', 'TARP', 'TheAcademyRP']",2026-08-15,01-35-46,Saturday
317497863779,983363590,influsytzy,32982,Grand Theft Auto V,487,2026-08-14T17:41:47Z,ru,"['Русский', 'gta']",2026-08-15,01-35-46,Saturday
317459221986,185866554,s3kox,263490,Rust,487,2026-08-14T13:27:44Z,es,"['Español', 'Rust', 'PvP', 'España', 'vanilla', 'estrategia', 'Raid', 'vanila', 'DropsActivados']",2026-08-15,01-35-46,Saturday
319809678814,504324227,noemi,509672,IRL,486,2026-08-14T15:36:03Z,en,"['English', 'Bible', 'BibleStudy', 'biblereading', 'Christian', 'jesus', 'JesusIsKing', 'ChristianStreamer', 'streameruniversity', 'streameruniversity2026']",2026-08-15,01-35-46,Saturday
316666803670,118031210,meetenshow,32982,Grand Theft Auto V,486,2026-08-14T17:06:40Z,ru,"['Русский', 'gta5rp', 'гта5рп', 'рмрп', 'rmrp', 'россияонлайн', 'митин', 'легенда', 'марафон']",2026-08-15,01-35-46,Saturday
318704903669,134648408,bboladin,32399,Counter-Strike,486,2026-08-14T17:44:34Z,pt,"['Português', 'skins', 'csgo', 'fps']",2026-08-15,01-35-46,Saturday
317459536482,879861299,valorant_es,516575,VALORANT,486,2026-08-14T14:10:28Z,es,['Español'],2026-08-15,01-35-46,Saturday
318302297830,61275499,forestlamb,491931,Escape from Tarkov,485,2026-08-14T14:08:37Z,ru,"['Русский', 'DropsВключены']",2026-08-15,01-35-46,Saturday
316640701269,121892485,vls_ww,491931,Escape from Tarkov,484,2026-08-14T14:55:03Z,ru,"['Русский', 'DropsВключены']",2026-08-15,01-35-46,Saturday
318238797797,663103118,visky,32982,Grand Theft Auto V,484,2026-08-14T17:56:26Z,de,['Deutsch'],2026-08-15,01-35-46,Saturday
319810465118,1266785772,softsagevt,509659,ASMR,483,2026-08-14T17:01:16Z,en,"['ASMR', 'softspoken', 'soft', 'Asmrtist', 'relaxing', 'Vtuber', 'cozy', 'English', 'mommy', 'earlicking']",2026-08-15,01-35-46,Saturday
318096367591,162151864,klupatwins,960290413,Sand: Raiders Of Sophie,483,2026-08-14T10:00:22Z,de,"['Deutsch', 'just', 'chatting', 'zwillinge', 'reactions', 'rp', 'news', 'gaming', 'Diskussion', 'Gruselspiele']",2026-08-15,01-35-46,Saturday
318237696869,251502475,cowfee,515025,Overwatch,482,2026-08-14T16:16:02Z,en,"['English', 'vtuber', 'support', 'kiriko', 'DropsEnabled']",2026-08-15,01-35-46,Saturday
318304827878,102440358,arcadebulls,315165001,Low-Budget Repairs,482,2026-08-14T18:02:55Z,cs,"['Čeština', 'English', 'Community']",2026-08-15,01-35-46,Saturday
316642030293,486770217,vupsx,32982,Grand Theft Auto V,481,2026-08-14T17:42:45Z,ru,"['Русский', 'gta', 'гта5рп']",2026-08-15,01-35-46,Saturday
315922799571,547157570,tomnk21,518184,Phasmophobia,480,2026-08-14T10:25:55Z,en,"['English', 'Chatty', 'Anxiety', 'CozyChaos', 'DropsEnabled']",2026-08-15,01-35-46,Saturday
318302271846,693170984,vtubercypress,318184140,The Skin Stapler,480,2026-08-14T14:06:03Z,en,"['Netherlands', 'Vtuber', 'Introvert', 'envtuber', 'horror', 'English']",2026-08-15,01-35-46,Saturday
315975260522,26088246,kamiyu666,66082,Games + Demos,480,2026-08-14T12:02:05Z,zh,['中文'],2026-08-15,01-35-46,Saturday
316307556209,191406595,tomozoh85,460630,Rainbow Six Siege,479,2026-08-14T13:30:36Z,ja,"['日本語', 'ネタバレ注意', 'ネタバレ禁止', 'コメント大歓迎', 'コメント返します', 'Drops有効']",2026-08-15,01-35-46,Saturday
315914092776,28651510,migi_tw,610246500,Mabinogi Mobile,477,2026-08-14T09:54:19Z,zh,"['歌唱', '不要控制我', '米姬電台', '不專業', '少囉嗦', '中文', '圖奇爛嘴大冠軍', '启用掉宝']",2026-08-15,01-35-46,Saturday
320858715097,86654766,gutfoxx,670138298,Madden NFL 27,476,2026-08-14T17:22:43Z,en,['English'],2026-08-15,01-35-46,Saturday
318099042535,136789153,cezzy,960290413,Sand: Raiders Of Sophie,476,2026-08-14T14:55:43Z,de,['Deutsch'],2026-08-15,01-35-46,Saturday
315896895954,97706114,weswoes,33214,Fortnite,476,2026-08-14T16:38:09Z,nl,"['Nederlands', 'DropsIngeschakeld']",2026-08-15,01-35-46,Saturday
318300064614,67555995,g4nng,32502,World of Warships,476,2026-08-14T09:04:11Z,en,"['DropsEnabled', 'English', 'Deutsch']",2026-08-15,01-35-46,Saturday
315924063699,181082311,realykekss,32399,Counter-Strike,475,2026-08-14T17:27:43Z,ru,['Русский'],2026-08-15,01-35-46,Saturday
319879227868,44741426,streamerhouse,504463,Tom Clancy's The Division 2,475,2026-08-12T22:57:09Z,en,"['Marathon', 'AlwaysOn', 'Subathon', 'StreamerHouse', 'English', '24hr', '247Stream', 'live', 'LGBTQ', 'DropsEnabled']",2026-08-15,01-35-46,Saturday
318304456550,60513811,spartiatix,509658,Just Chatting,475,2026-08-14T17:37:03Z,pl,['Polski'],2026-08-15,01-35-46,Saturday
315922596819,1117150465,zockenlive,32399,Counter-Strike,475,2026-08-14T08:57:33Z,pl,"['counterstrike', 'Friendly', 'Positive', 'genius', 'amazing', 'playingwithhviewers', 'german', 'Deutsch', 'Germany', 'Polski']",2026-08-15,01-35-46,Saturday
318098515815,40059032,craft12354,18122,World of Warcraft,473,2026-08-14T14:01:52Z,de,"['Deutsch', 'DropsAktiviert']",2026-08-15,01-35-46,Saturday
318095527911,82173521,kenrhen,21779,League of Legends,472,2026-08-14T07:45:19Z,it,['Italiano'],2026-08-15,01-35-46,Saturday
316307892465,106491108,mafuyumh1012,21779,League of Legends,472,2026-08-14T14:35:17Z,ja,['日本語'],2026-08-15,01-35-46,Saturday
321027024475,21588571,anthony_kongphan,766571430,HELLDIVERS 2,472,2026-08-14T15:07:47Z,en,"['English', 'Vampire', 'goth', 'ADHDStreamer']",2026-08-15,01-35-46,Saturday
316640606165,136345503,auteru,518764,Kukoro: Stream Chat Games,471,2026-08-14T14:40:57Z,en,"['English', 'GIGACHAD', 'Vtuber', 'Tomboy', 'Bird', 'cockatiel', 'subathon', 'girl', 'Pog', 'Female']",2026-08-15,01-35-46,Saturday
316641842901,65360359,passatigy,18122,World of Warcraft,471,2026-08-14T17:20:27Z,ru,"['Пасатиж', 'Конкурс', 'Русский', 'розыгрыш', 'общение', 'mistfallhunter', 'drops', 'Аниме', 'DropsВключены']",2026-08-15,01-35-46,Saturday
317884436568,44173074,shenryyr,512923,Baldur's Gate 3,471,2026-08-14T14:51:45Z,en,"['furry', 'oregon', 'serval', 'meow', 'derp', 'lgbtqiaplus', 'English', 'NoBackseatingUnlessAsked', 'NoSpoilers', 'firstplaythgrough']",2026-08-15,01-35-46,Saturday
316709236820,37133754,prefoxfox,18122,World of Warcraft,470,2026-08-14T12:31:50Z,en,"['English', 'DropsEnabled', 'Speedrunning']",2026-08-15,01-35-46,Saturday
317496897379,86392571,thatguytoxic,13263,EVE Online,470,2026-08-14T15:59:15Z,en,"['eveonline', 'eve', 'pvp', 'mmorpg', 'toxic', 'English', 'DropsEnabled']",2026-08-15,01-35-46,Saturday
318237599717,404813066,flokox,624536948,EA Sports FC 26,469,2026-08-14T16:07:32Z,it,"['Italiano', 'FC26', 'worldcup']",2026-08-15,01-35-46,Saturday
316315750898,40211539,ceros127,21779,League of Legends,469,2026-08-14T11:32:12Z,ja,"['日本語', '雑談', 'LoL', '英語', 'SF6', 'ラシード', '質問歓迎']",2026-08-15,01-35-46,Saturday
316306302449,1395114884,shunsukekirisaki,516575,VALORANT,469,2026-08-14T08:43:19Z,ja,"['ADHD', '虚言癖', 'valorant', '日本語']",2026-08-15,01-35-46,Saturday
318300581222,115441727,lowyyy95,960290413,Sand: Raiders Of Sophie,469,2026-08-14T10:32:12Z,de,"['Deutsch', 'sauercrowd', 'UnityLife', 'fett', 'DropsAktiviert']",2026-08-15,01-35-46,Saturday
318098530535,30264374,terenas,21779,League of Legends,468,2026-08-14T14:03:04Z,it,"['Italiano', 'Autistico', 'ADHD', 'chill', 'Esports', 'Competitive']",2026-08-15,01-35-46,Saturday
320858434905,54138936,moarf23,493997,Super Mario Odyssey,468,2026-08-14T16:56:23Z,en,"['speedrun', 'challenge', 'Mario', 'Lomster', 'English']",2026-08-15,01-35-46,Saturday
319808370782,43830727,kinggothalion,630009802,MARVEL TŌKON: Fighting Souls,467,2026-08-14T11:31:15Z,en,"['organic', 'NotEmbedded', 'English', 'TalksToChat', 'NoReruns', 'DropsEnabled']",2026-08-15,01-35-46,Saturday
319900823132,137786375,luxthos,18122,World of Warcraft,467,2026-08-14T14:47:07Z,en,"['English', 'AMA', 'Québec', 'MMORPG', 'ARPG', 'LurkerFriendly', 'Interactive', 'giveaway', 'DropsEnabled']",2026-08-15,01-35-46,Saturday
317460783458,68594999,ultia,1253800827,Mafia: The Old Country,467,2026-08-14T16:55:46Z,fr,['Français'],2026-08-15,01-35-46,Saturday
318238187493,136177435,jenzoou,488190,Poker,467,2026-08-14T17:01:50Z,de,['Deutsch'],2026-08-15,01-35-46,Saturday
316641815637,124432017,detoo,509672,IRL,465,2026-08-14T17:17:00Z,no,"['Norsk', 'IRL']",2026-08-15,01-35-46,Saturday
317884865368,71918503,lagacy99,461221,MARVEL Contest of Champions,465,2026-08-14T16:52:10Z,en,"['mcoc', 'MarvelContestOfChampions', 'twitchdrops', 'TwitchDropsEnabled', 'Rerun', 'English', 'coliseum', 'abyss', 'Carina', 'Challenges']",2026-08-15,01-35-46,Saturday
318771978996,748361965,ziriguidum777,29452,Virtual Casino,464,2026-08-14T13:58:36Z,pt,['Português'],2026-08-15,01-35-46,Saturday
316667253718,812339339,sxxxxdd,32399,Counter-Strike,464,2026-08-14T18:04:35Z,ru,"['Русский', '10llvlfaceit', '3000elo', 'faceit10lvl', 'ESEA', 'Повтор']",2026-08-15,01-35-46,Saturday
318839420119,69588825,kalei,1264310518,Marvel Rivals,463,2026-08-14T14:51:08Z,en,"['English', 'feet', 'Metal', '100Thieves', 'whitina', 'DropsEnabled']",2026-08-15,01-35-46,Saturday
316710886228,29888774,thejove,1393304883,Mir Tankov,463,2026-08-14T16:21:47Z,ru,"['Русский', 'миртанков', 'drops', 'дропс', 'танки', 'джов', 'jove']",2026-08-15,01-35-46,Saturday
319938868704,30227322,solorenektononly,21779,League of Legends,463,2026-08-14T11:15:33Z,en,"['Bald', 'GoblinMode', 'TopLane', 'English', 'top', 'renekton', 'League', 'leagueoflegeneds', 'leaguestreams']",2026-08-15,01-35-46,Saturday
320925923802,53831996,grandpoobear,493997,Super Mario Odyssey,463,2026-08-14T15:01:32Z,en,"['English', 'hotmen', '1', 'Crack', 'zaddy', 'zaddylicious', 'HelpCenter']",2026-08-15,01-35-46,Saturday
316666778454,536489766,ya_keka,509658,Just Chatting,462,2026-08-14T17:04:22Z,ru,"['Русский', 'кек', 'рыжая', 'Женщина', 'хоррор', 'альтушка', 'пикми', 'кринжуля']",2026-08-15,01-35-46,Saturday
318299847910,185273496,zerrroo__,386821,Black Desert,461,2026-08-14T08:24:42Z,en,"['English', 'Arabic', 'Wizard', 'PvE', 'PvP', 'BDO', 'MMORPG', 'DropsEnabled']",2026-08-15,01-35-46,Saturday
316307281137,552163752,niconini11369,516575,VALORANT,459,2026-08-14T12:41:37Z,zh,['中文'],2026-08-15,01-35-46,Saturday
317497524195,46526453,triplaxion,32982,Grand Theft Auto V,458,2026-08-14T17:03:44Z,fr,"['Français', '2k', 'multigaming', 'StarCitizen', 'horreur', 'Roleplay']",2026-08-15,01-35-46,Saturday
316640564565,672084395,chynao_o,32399,Counter-Strike,458,2026-08-14T14:35:04Z,ru,"['Русский', 'girl', 'hltv', 'cybersport', 'chyna']",2026-08-15,01-35-46,Saturday
316307729265,55664807,lilybbb1,275874319,Evil School,457,2026-08-14T14:01:39Z,zh-hk,"['戶外台', '國語', '粵語']",2026-08-15,01-35-46,Saturday
318773007732,134826318,nattank,19619,Tibia,457,2026-08-14T17:54:22Z,pt,"['Português', 'Tibia']",2026-08-15,01-35-46,Saturday
317460481634,1310426148,deliverthefood,509672,IRL,456,2026-08-14T16:12:01Z,en,"['Biking', 'IRL', 'delivery', 'English', 'Cycling', 'Deliveroo', 'UberEats', 'Ebike', 'Guildford']",2026-08-15,01-35-46,Saturday
318839316311,47485986,sekapoko,513181,Genshin Impact,456,2026-08-14T14:25:38Z,en,"['English', 'DropsEnabled']",2026-08-15,01-35-46,Saturday
317460844386,798312463,mathieusommetlive,509658,Just Chatting,455,2026-08-14T17:02:38Z,fr,"['chillstream', 'Français', 'twitchfr', 'multigaming', 'gaming', 'discussion']",2026-08-15,01-35-46,Saturday
318839769687,72576794,kingbendrick,713385723,Dagger Directive,454,2026-08-14T15:59:39Z,en,['English'],2026-08-15,01-35-46,Saturday
318099368167,147992019,skevich_,369345,Lords of the Fallen,454,2026-08-14T15:26:14Z,uk,['Українська'],2026-08-15,01-35-46,Saturday
318235356389,138310362,chefstrobel,30921,Rocket League,454,2026-08-14T12:15:26Z,de,"['Deutsch', 'DropsAktiviert']",2026-08-15,01-35-46,Saturday
316642282325,685725155,16karino4ka,32982,Grand Theft Auto V,453,2026-08-14T18:13:08Z,ru,"['Русский', 'гта', 'гта5рп', 'гта5', 'гтарп', 'gta', 'gta5', 'gta5rp']",2026-08-15,01-35-46,Saturday
318237397733,131291001,claina,1253800827,Mafia: The Old Country,453,2026-08-14T15:52:18Z,cs,"['Čeština', 'artist', 'english', 'longhosenose', 'Slovenčina']",2026-08-15,01-35-46,Saturday
316710361172,38461708,xakoh,29595,Dota 2,452,2026-08-14T15:18:48Z,ru,"['Русский', 'xakoh', 'xakon', 'dota', 'dota2', 'chill']",2026-08-15,01-35-46,Saturday
318635380854,63319940,chars_eg,488634,Don't Starve Together,451,2026-08-14T02:58:42Z,es,"['Español', 'Inglés', 'DropsActivados']",2026-08-15,01-35-46,Saturday
318236809573,138490205,looney,498566,Slots,451,2026-08-14T14:58:04Z,de,"['MMO', 'MMORPG', 'openworld', 'gta', 'Deutsch']",2026-08-15,01-35-46,Saturday
319900341980,23524577,swifty,509672,IRL,451,2026-08-14T13:22:33Z,en,"['English', 'swifty', 'warcraft', 'worldofwarcraft', 'worldofwarcraft', 'pvp', 'oneshot', 'IRL', 'delivery', 'gta']",2026-08-15,01-35-46,Saturday
316666624214,1126960946,maga_trener,32399,Counter-Strike,449,2026-08-14T16:46:40Z,ru,"['Русский', 'кс', 'english', 'кс2', 'навитренер', 'открытиекейсов', 'прокачка']",2026-08-15,01-35-46,Saturday
317459567970,576344198,vidgunn,464339927,ARC Raiders,449,2026-08-14T14:14:35Z,es,"['pvp', 'snaphook', 'ExtractionShooter', 'Español', 'arcraiders', 'arcraidersgameplay', 'arcraiderspvp']",2026-08-15,01-35-46,Saturday
315914472424,864364302,kannazukilubee,24241,FINAL FANTASY XIV ONLINE,449,2026-08-14T11:49:43Z,zh,"['嚴禁暴雷', 'FPS白癡', '預見娛樂', '中文', 'HolidayHoopla', '启用掉宝']",2026-08-15,01-35-46,Saturday
318302851942,1405800686,dragunovgg,31336,Metin2,448,2026-08-14T15:07:40Z,tr,"['Türkçe', 'DroplarEtkin']",2026-08-15,01-35-46,Saturday
318100510567,670450636,kasumisen,509658,Just Chatting,447,2026-08-14T17:04:18Z,it,['Italiano'],2026-08-15,01-35-46,Saturday
318236834789,71533996,arukori,509658,Just Chatting,447,2026-08-14T15:00:20Z,de,"['Vtuber', 'GERVtuber', 'Deutsch', 'Weiblich', 'ADHD', 'LGBTQ', 'Anime', 'Tsundere']",2026-08-15,01-35-46,Saturday
316642108245,44057119,makatao,493057,PUBG: BATTLEGROUNDS,447,2026-08-14T17:52:44Z,ru,"['Русский', 'СпасибоЗаКачествоТвич', 'PvP', 'BattleRoyale', 'королевскаябитва']",2026-08-15,01-35-46,Saturday
315897198930,1370348190,nitya_nil,1286363364,Snowed Under,446,2026-08-14T18:00:39Z,en,"['English', 'crocadinky', 'FamilyFriendly', 'Vtuber']",2026-08-15,01-35-46,Saturday
316641720021,48538184,mob5tertv,509658,Just Chatting,446,2026-08-14T17:06:27Z,ru,"['Русский', 'игры']",2026-08-15,01-35-46,Saturday
318838733271,490639381,itskonax,464339927,ARC Raiders,445,2026-08-14T11:11:18Z,en,"['English', 'PvP', 'BeginnerFriendly', 'Goopa', 'dogs']",2026-08-15,01-35-46,Saturday
318304704230,47924530,ailenax,1669431183,DJs,444,2026-08-14T17:56:24Z,de,"['party', 'djane', 'dj', '80s', '90s', 'techno', 'entertainment', 'Deutsch']",2026-08-15,01-35-46,Saturday
317884834904,62186098,flip_switch,31339,Project Zomboid,444,2026-08-14T16:44:02Z,en,"['Solo', 'Zombies', 'english', 'hardcore', 'Gaming', 'English']",2026-08-15,01-35-46,Saturday
317460731106,490874693,kha0rz,33214,Fortnite,443,2026-08-14T16:47:58Z,es,"['Español', 'Fortnite']",2026-08-15,01-35-46,Saturday
317483594980,91122178,cyqop,1282866981,Delta Force,443,2026-08-14T16:19:48Z,fr,"['Français', 'Anglais', 'DropsActivés']",2026-08-15,01-35-46,Saturday
318238104293,143938099,nayami,31339,Project Zomboid,443,2026-08-14T16:56:05Z,de,"['Deutsch', 'VTuber', 'Peachfox', 'FullTimeGremlin', 'Artist']",2026-08-15,01-35-46,Saturday
320858715353,98274770,slick,33214,Fortnite,443,2026-08-14T17:22:44Z,es,['Español'],2026-08-15,01-35-46,Saturday
319940446560,61765204,xenosysvex,26476,TERA,442,2026-08-14T15:47:06Z,en,"['English', 'bald', 'FFXIV', 'tank']",2026-08-15,01-35-46,Saturday
317496755555,69592711,areliann,509658,Just Chatting,442,2026-08-14T15:41:08Z,fr,['Français'],2026-08-15,01-35-46,Saturday
318235253093,1366044031,schwabbel2,852009328,Mistfall Hunter,442,2026-08-14T12:01:38Z,de,"['Deutsch', 'DropsAktiviert']",2026-08-15,01-35-46,Saturday
318236174181,106604356,einfachhunt,32982,Grand Theft Auto V,441,2026-08-14T13:54:45Z,de,['Deutsch'],2026-08-15,01-35-46,Saturday
321026222171,460930758,decu,499634,Crypto,440,2026-08-14T13:05:36Z,en,['English'],2026-08-15,01-35-46,Saturday
317495880547,110767738,nunohs,966704637,MIR 4,440,2026-08-14T13:57:20Z,pt,['Português'],2026-08-15,01-35-46,Saturday
318237838821,75973193,toperec,65632,DayZ,440,2026-08-14T16:29:55Z,en,"['dayz', 'pvp', 'survival', 'English']",2026-08-15,01-35-46,Saturday
318303902438,195382168,schikigami,771448419,Aion 2,440,2026-08-14T16:54:11Z,ru,"['aion', 'mmorpg', 'anime', 'aionclassic', 'mmo', 'chill', 'music', 'game', 'chating', 'Русский']",2026-08-15,01-35-46,Saturday
316711682004,714185170,vanyatiba,884569009,The Choicer Voicer,439,2026-08-14T17:48:29Z,ru,['Русский'],2026-08-15,01-35-46,Saturday
318238175333,1209791823,dianvegas1,498566,Slots,439,2026-08-14T17:00:59Z,en,['English'],2026-08-15,01-35-46,Saturday
318303308518,169890556,raafey,13332,Pokémon FireRed/LeafGreen,438,2026-08-14T15:57:25Z,de,['Deutsch'],2026-08-15,01-35-46,Saturday
316708714068,42703112,apollolol,490242481,GRAIN ROT,436,2026-08-14T10:58:41Z,en,"['English', 'Norsk', 'swedish', 'Chatty', 'yapping', 'girl', 'FirstPlaythrough', 'NoSpoilers', 'svensk', 'forsen']",2026-08-15,01-35-46,Saturday
318302905446,32207400,feinekatze,510218,Among Us,435,2026-08-14T15:13:44Z,de,['Deutsch'],2026-08-15,01-35-46,Saturday
318301973862,37810366,360chrism,493997,Super Mario Odyssey,435,2026-08-14T13:32:40Z,en,"['English', 'European']",2026-08-15,01-35-46,Saturday
318236088037,58221890,doktorfroid,509511,Marbles on Stream,434,2026-08-14T13:44:52Z,de,"['Deutsch', 'reaction', 'reacts', 'Comedy', 'react', 'Variety', 'IRL', 'gaming', 'DeadWeight', 'DropsAktiviert']",2026-08-15,01-35-46,Saturday
319940042464,91784405,dyl_tv,1678532194,EA Sports College Football 27,434,2026-08-14T14:54:55Z,en,"['English', 'DropsEnabled']",2026-08-15,01-35-46,Saturday
316711014356,530947420,planyach,509658,Just Chatting,434,2026-08-14T16:37:20Z,ru,"['Русский', 'девушка', 'тян', 'planyach', 'Vtuber']",2026-08-15,01-35-46,Saturday
316641633493,738150654,gubinho_jr,624536948,EA Sports FC 26,434,2026-08-14T16:58:40Z,ru,['Русский'],2026-08-15,01-35-46,Saturday
318099740007,45673220,krkocs,32399,Counter-Strike,432,2026-08-14T15:59:36Z,en,"['faceit', 'English', 'LGBTQTV240Hz', 'sexyvoice', 'SexyManGaming', 'Čeština', 'CS2']",2026-08-15,01-35-46,Saturday
319939693792,61602430,iampopularstranger,1678532194,EA Sports College Football 27,432,2026-08-14T13:59:40Z,en,"['AmericanFootball', 'Madden', 'MaddenStreamer', 'English', 'DropsEnabled']",2026-08-15,01-35-46,Saturday
319902495964,581196818,shawndonda,509658,Just Chatting,432,2026-08-14T18:10:20Z,en,"['English', 'JustChatting', 'IRL', 'Shawn', 'ShawnDonda', 'CDL', 'TruckDriver', 'TruckerLife', 'CDLDriver', 'streameruniversity']",2026-08-15,01-35-46,Saturday
318703585909,908203467,atthayy,29452,Virtual Casino,432,2026-08-14T11:59:45Z,pt,"['Português', 'slots', 'Portugal']",2026-08-15,01-35-46,Saturday
318705084917,614552462,patuxd2c,29452,Virtual Casino,432,2026-08-14T18:15:28Z,pt,"['Português', 'English', 'Español']",2026-08-15,01-35-46,Saturday
318301371878,85310009,casualaddict_,18122,World of Warcraft,431,2026-08-14T12:19:31Z,en,"['English', 'highkeys', 'rogue', 'greek', 'mmorpg', 'WorldfofWarcraft', 'drops', 'midnight', 'DropsEnabled']",2026-08-15,01-35-46,Saturday
318237966053,68990469,ronbielecki,498566,Slots,431,2026-08-14T16:42:14Z,de,"['Deutsch', 'entzünden', 'tornado', 'slots', 'Malta', 'zigarre', 'entrepreneur', 'connoisseur']",2026-08-15,01-35-46,Saturday
318098494823,24973791,esport2tv,21779,League of Legends,430,2026-08-14T14:00:13Z,hu,"['esport', 'esports', 'official', 'Magyar', 'LEC', 'live', 'MSI', 'Worlds', 'lol', 'leagueoflegeneds']",2026-08-15,01-35-46,Saturday
319810514526,51417153,mills,670138298,Madden NFL 27,430,2026-08-14T17:05:52Z,en,"['English', 'SportsTalk', 'sfw', 'football', 'Wrestling', 'Variety', 'CFB', 'collegefootball', 'franchise', 'NFL']",2026-08-15,01-35-46,Saturday
318236163429,192234076,shaker,491931,Escape from Tarkov,430,2026-08-14T13:53:57Z,de,"['Deutsch', 'DropsAktiviert']",2026-08-15,01-35-46,Saturday
317230941815,270677046,peacheo,509659,ASMR,430,2026-08-14T17:26:28Z,en,"['English', 'vtuber', 'sfw', 'comfy', 'aaaaaaa', 'ireadchat', 'catcam', '3dio', 'visualasmr', 'noearlicking']",2026-08-15,01-35-46,Saturday
320926376794,190130052,goatr2,33214,Fortnite,429,2026-08-14T15:44:24Z,en,"['English', 'tiktok', 'fortnıte', 'Dad', 'Nurse']",2026-08-15,01-35-46,Saturday
319897535324,500808509,judeuygo,1119642287,Yu-Gi-Oh! Master Duel,429,2026-08-14T04:02:26Z,en,"['English', 'Competitive']",2026-08-15,01-35-46,Saturday
317460698594,123579297,aloonea,978297816,Naruto x Boruto: Ultimate Ninja Storm Connections,429,2026-08-14T16:42:57Z,fr,['Français'],2026-08-15,01-35-46,Saturday
