id,user_id,user_login,game_id,game_name,viewer_count,started_at,language,tags,snapshot_date,snapshot_time,snapshot_day
318638914151,77827128,tumblurr,518203,Sports,50684,2026-09-30T18:07:44Z,it,"['Italiano', 'DropAbilitati']",2026-10-01,02-13-44,Thursday
319408309463,552120296,zackrawrr,509658,Just Chatting,38576,2026-09-30T17:33:32Z,en,"['English', 'politics', 'bald', 'DropsEnabled']",2026-10-01,02-13-44,Thursday
317890213860,90075649,illojuan,6521,Grand Theft Auto: San Andreas,32295,2026-09-30T15:51:40Z,es,['Español'],2026-10-01,02-13-44,Thursday
318831023718,402093335,dangerlyoha,509658,Just Chatting,29860,2026-09-30T17:13:38Z,ru,"['Русский', 'DropsВключены']",2026-10-01,02-13-44,Thursday
319408537815,411377640,jynxzi,460630,Rainbow Six Siege,27774,2026-09-30T18:08:15Z,en,"['English', 'DropsEnabled']",2026-10-01,02-13-44,Thursday
317890696932,238813810,eliasn97,123184772,EA Sports FC 27,27690,2026-09-30T16:31:39Z,de,['Deutsch'],2026-10-01,02-13-44,Thursday
317867697506,40063341,domingo,509658,Just Chatting,26600,2026-09-30T17:30:33Z,fr,"['Français', 'DropsActivés']",2026-10-01,02-13-44,Thursday
317017062228,125401117,leb1ga,509658,Just Chatting,21298,2026-09-30T18:15:24Z,uk,"['Українська', 'DropsУвімкнено']",2026-10-01,02-13-44,Thursday
316292628331,777707810,zubarefff,509658,Just Chatting,21075,2026-09-30T16:01:40Z,other,"['ТОП', '1', 'АФК', 'СТРИМЕР', 'ДЕTKA']",2026-10-01,02-13-44,Thursday
321635477466,887001013,nico_la,509672,IRL,20685,2026-09-29T10:35:45Z,fr,"['Français', 'drole', 'humour', 'nico', 'nicotine', 'nicola', 'IRL', 'react']",2026-10-01,02-13-44,Thursday
317867269730,39276140,rubius,771448419,AION 2,20652,2026-09-30T16:55:58Z,es,"['Español', 'femboy', 'DropsActivados']",2026-10-01,02-13-44,Thursday
321651138266,494543675,lacy,509658,Just Chatting,20362,2026-09-30T17:25:17Z,en,"['English', 'DropsEnabled']",2026-10-01,02-13-44,Thursday
318773894245,922408450,anarabdullaev,509672,IRL,19514,2026-09-30T16:45:04Z,ru,['Русский'],2026-10-01,02-13-44,Thursday
317868738786,52130765,squeezie,509658,Just Chatting,18913,2026-09-30T18:51:41Z,fr,"['Français', 'DropsActivés']",2026-10-01,02-13-44,Thursday
321650320602,26301881,sodapoppin,18122,World of Warcraft,18490,2026-09-30T15:51:45Z,en,['English'],2026-10-01,02-13-44,Thursday
319408346711,136765278,buddha,32982,Grand Theft Auto V,17742,2026-09-30T17:38:45Z,en,['English'],2026-10-01,02-13-44,Thursday
318636841831,64342766,trymacs,509658,Just Chatting,17718,2026-09-30T15:59:55Z,de,"['Deutsch', 'DropsAktiviert']",2026-10-01,02-13-44,Thursday
318772822373,65171890,rainbow6,460630,Rainbow Six Siege,17406,2026-09-30T15:30:26Z,en,"['English', 'ubisoft', 'rainbowsixsiege', 'R6', 'DropsEnabled']",2026-10-01,02-13-44,Thursday
318827187558,1390894728,betboom_dota_ru,29595,Dota 2,16074,2026-09-30T12:05:48Z,ru,"['Киберспорт', 'Русский']",2026-10-01,02-13-44,Thursday
318248568408,69214305,kanonxo,771448419,AION 2,14977,2026-09-30T10:45:41Z,en,"['English', '한국어', 'MMO', 'MMORPG', 'BlizzCon', 'BlizzCon2026', 'DropsEnabled']",2026-10-01,02-13-44,Thursday
318636984679,85397463,noway4u_sir,21779,League of Legends,14310,2026-09-30T16:08:38Z,de,"['Deutsch', 'English']",2026-10-01,02-13-44,Thursday
320589487712,23161357,lirik,771448419,AION 2,12392,2026-09-30T16:03:01Z,en,"['English', 'LUL', 'DropsEnabled']",2026-10-01,02-13-44,Thursday
316972134230,135385636,deepins02,509658,Just Chatting,11979,2026-09-30T16:20:32Z,ru,"['Русский', 'DropsВключены']",2026-10-01,02-13-44,Thursday
321767367131,32085830,xaryu,18122,World of Warcraft,10957,2026-09-30T15:57:14Z,en,['English'],2026-10-01,02-13-44,Thursday
318249563224,14371185,northernlion,903469103,Batomon Showdown,10936,2026-09-30T16:03:13Z,en,['English'],2026-10-01,02-13-44,Thursday
319408345559,37402112,shroud,771448419,AION 2,10689,2026-09-30T17:38:33Z,en,"['English', 'DropsEnabled']",2026-10-01,02-13-44,Thursday
318773042917,195675197,steel,509672,IRL,10637,2026-09-30T15:48:11Z,ru,['Русский'],2026-10-01,02-13-44,Thursday
317013831508,182144638,blastdota,29595,Dota 2,10577,2026-09-30T09:12:09Z,en,"['English', 'dota2', 'blast', 'blastslam', 'competitive', 'gaming', 'dota', 'дота2', 'Esports', 'дота']",2026-10-01,02-13-44,Thursday
316971056598,26921830,elajjaz,1254042066,The Witcher 3: Wild Hunt Remastered,10308,2026-09-30T13:30:36Z,en,"['English', 'megagamer', 'DropsEnabled']",2026-10-01,02-13-44,Thursday
320456509022,207813352,hasanabi,509658,Just Chatting,9670,2026-09-30T19:04:34Z,en,"['news', 'politics', 'adhd', 'English', 'GamerRage', 'DropsEnabled']",2026-10-01,02-13-44,Thursday
317016226900,89132304,sasavot,488634,Don't Starve Together,9450,2026-09-30T16:32:38Z,ru,['Русский'],2026-10-01,02-13-44,Thursday
317015139796,48189727,t2x2,493618,Hello Neighbor,9367,2026-09-30T13:57:30Z,ru,"['Русский', 'DropsВключены']",2026-10-01,02-13-44,Thursday
317901623011,41719107,zerator,771448419,AION 2,8995,2026-09-30T17:46:51Z,fr,"['Français', 'DropsActivés']",2026-10-01,02-13-44,Thursday
320454757982,119415848,anthonyz,32982,Grand Theft Auto V,8596,2026-09-30T15:59:03Z,en,"['English', 'nopixel', 'Rp', 'gta', 'NightZoom', 'FiveM', 'GTARP', 'Nopixelv', 'nopixelv', 'DropsEnabled']",2026-10-01,02-13-44,Thursday
317868106210,63936838,mastu,2042681592,Minecraft Dungeons II,8467,2026-09-30T18:04:25Z,fr,['Français'],2026-10-01,02-13-44,Thursday
318639136615,884745809,jordan_semih,509658,Just Chatting,8380,2026-09-30T18:22:33Z,de,"['Deutsch', 'DropsAktiviert']",2026-10-01,02-13-44,Thursday
318830926438,31919607,elxokas,771448419,AION 2,8370,2026-09-30T17:07:55Z,es,"['Español', 'DropsActivados']",2026-10-01,02-13-44,Thursday
318633316071,73437396,bonjwa,509658,Just Chatting,8313,2026-09-30T10:03:12Z,de,"['Deutsch', 'DropsAktiviert']",2026-10-01,02-13-44,Thursday
317899098339,30623831,quickybaby,27546,World of Tanks,7853,2026-09-30T13:00:44Z,en,"['English', 'drops', 'Drop', 'DropsEnabled']",2026-10-01,02-13-44,Thursday
317559638647,26194208,mitchjones,498566,Slots,7757,2026-09-30T17:05:29Z,en,['English'],2026-10-01,02-13-44,Thursday
318773671653,430023505,xrohat,509658,Just Chatting,7693,2026-09-30T16:31:00Z,de,"['Deutsch', 'DropsAktiviert']",2026-10-01,02-13-44,Thursday
318249040088,175831187,ironmouse,539102438,Watch Your Plastic Duck,7514,2026-09-30T13:40:20Z,en,"['English', 'Anime', 'Singing', 'puertorico', 'Vtuber', 'Latino', 'vtuber', 'DropsEnabled']",2026-10-01,02-13-44,Thursday
318824912486,27101452,mpkbk,32399,Counter-Strike,7495,2026-09-30T05:57:03Z,ru,"['cs2', 'russian', 'Русский', 'counterstrike2', 'landalan', 'cybersport', 'DropsВключены']",2026-10-01,02-13-44,Thursday
317014617684,39154778,recrent,2132205352,Deadlock,7437,2026-09-30T12:26:38Z,ru,['Русский'],2026-10-01,02-13-44,Thursday
318635305447,152633332,knekro,771448419,AION 2,7340,2026-09-30T13:52:13Z,es,"['Español', 'Elmejor', 'Challenger', 'hardcoregamer', 'peepoClown', 'vuelaalto', 'cracabut', 'DropsActivados']",2026-10-01,02-13-44,Thursday
316939029845,87186401,lenagol0vach,29595,Dota 2,7123,2026-09-30T17:00:35Z,ru,['Русский'],2026-10-01,02-13-44,Thursday
319048573174,38244180,alanzoka,509658,Just Chatting,7058,2026-09-30T18:57:02Z,pt,"['Idoso', 'Gostoso', 'Papai', 'Português', 'DropsAtivados']",2026-10-01,02-13-44,Thursday
317901776611,85498365,vedal987,509658,Just Chatting,6804,2026-09-30T18:00:02Z,en,"['English', 'DropsEnabled']",2026-10-01,02-13-44,Thursday
318636349031,125036509,gamerbrother,123184772,EA Sports FC 27,6794,2026-09-30T15:20:49Z,de,"['Deutsch', 'Fußball', 'justchatting', 'Gamerbrother', 'fifa', 'Football', 'eafc27']",2026-10-01,02-13-44,Thursday
317867706338,95603047,orangemorange,498566,Slots,6700,2026-09-30T17:31:23Z,de,['Deutsch'],2026-10-01,02-13-44,Thursday
320589743072,26610234,cohhcarnage,508455,Valheim,6585,2026-09-30T16:32:30Z,en,"['SFW', 'Parent', 'ADHD', 'moderated', 'NoPolitics', 'NoReligion', 'Interactive', 'Overencumbered', 'LootGoblin', 'English']",2026-10-01,02-13-44,Thursday
316971866582,215363437,avice,29595,Dota 2,6391,2026-09-30T15:46:55Z,ru,['Русский'],2026-10-01,02-13-44,Thursday
321649512154,146922206,imperialhal__,511224,Apex Legends,6378,2026-09-30T13:18:52Z,en,['English'],2026-10-01,02-13-44,Thursday
318832821862,31289086,wankilstudio,509658,Just Chatting,6345,2026-09-30T18:55:50Z,fr,"['Français', 'DropsActivés']",2026-10-01,02-13-44,Thursday
319407460055,70225218,tenz,771448419,AION 2,6327,2026-09-30T15:09:52Z,en,"['English', 'Anime', 'FPS', 'tenz', 'ADHD', 'DropsEnabled']",2026-10-01,02-13-44,Thursday
320588498656,180118013,hutchmf,743893402,WARDOGS,6324,2026-09-30T13:52:18Z,en,['English'],2026-10-01,02-13-44,Thursday
319406843223,27446144,fubgun,771448419,AION 2,6148,2026-09-30T12:24:59Z,en,"['English', 'drops', 'DropsEnabled']",2026-10-01,02-13-44,Thursday
319406476503,138600347,stoopzz,771448419,AION 2,6098,2026-09-30T10:28:11Z,en,"['MMORPG', 'English', 'MMO', 'RPG', 'DropsEnabled']",2026-10-01,02-13-44,Thursday
317886736868,25722719,dakillzor,27546,World of Tanks,6091,2026-09-30T07:43:06Z,en,"['English', 'DropsEnabled']",2026-10-01,02-13-44,Thursday
318249914072,517475551,extraemily,509658,Just Chatting,5751,2026-09-30T17:17:43Z,en,"['English', 'DropsEnabled']",2026-10-01,02-13-44,Thursday
317900453859,1895664,djmariio,123184772,EA Sports FC 27,5736,2026-09-30T15:38:17Z,es,"['DJMARIO', 'DJMARIIO', 'FIFA', 'FC', 'Español', 'ULTIMATEMOSTOLES', 'FC26', 'MUNDIAL', 'WORLDCUP', 'FC27']",2026-10-01,02-13-44,Thursday
318831808614,38121996,bastighg,2042681592,Minecraft Dungeons II,5668,2026-09-30T17:58:25Z,de,['Deutsch'],2026-10-01,02-13-44,Thursday
321768796251,145167538,warframeinternational,66170,Warframe,5644,2026-09-30T19:00:28Z,es,"['Español', 'DropsActivados']",2026-10-01,02-13-44,Thursday
317890927076,110902144,itachi,417892,Z1: Battle Royale,5609,2026-09-30T16:54:14Z,fr,['Français'],2026-10-01,02-13-44,Thursday
317891561572,28575692,mistermv,509664,Tabletop RPGs,5396,2026-09-30T17:53:30Z,fr,"['Français', 'humour', 'Vieux', 'Retro', 'indies', 'DropsActivés']",2026-10-01,02-13-44,Thursday
317016747220,249218588,hypetried,32399,Counter-Strike,5345,2026-09-30T17:35:00Z,ru,['Русский'],2026-10-01,02-13-44,Thursday
319406707543,1019733647,marlon,509658,Just Chatting,5332,2026-09-30T11:41:34Z,en,"['English', 'DropsEnabled']",2026-10-01,02-13-44,Thursday
315553285999,65653595,roger9527,516575,VALORANT,5316,2026-09-30T15:23:13Z,zh,['中文'],2026-10-01,02-13-44,Thursday
316938565717,63614185,snailkick,509658,Just Chatting,5236,2026-09-30T16:00:19Z,ru,"['реакция', 'юмор', 'бв16', 'вайб', 'атмосфера', 'snailkick', 'CS2', 'horrorgames', 'Русский', 'DropsВключены']",2026-10-01,02-13-44,Thursday
319408810839,54278011,starwarshq,474709880,STAR WARS: Galactic Racer,5214,2026-09-30T18:53:16Z,en,['English'],2026-10-01,02-13-44,Thursday
320549866844,660840731,happyhappygal,33214,Fortnite,5131,2026-09-30T18:07:35Z,en,"['Christian', 'Women', 'Woman', 'Girl', 'Female', 'PlayingWithViewers', 'FamilyFriendly', 'Fortnite', 'ZeroBuild', 'English']",2026-10-01,02-13-44,Thursday
319046342390,44099416,rakin,771448419,AION 2,5122,2026-09-30T11:03:26Z,pt,"['Português', 'DropsAtivados']",2026-10-01,02-13-44,Thursday
317014927700,48201326,missmikkaa,1254042066,The Witcher 3: Wild Hunt Remastered,4879,2026-09-30T13:22:15Z,en,"['English', 'swedish', 'Interactive', 'Chatty', 'ADHD', 'girl', 'Woman', 'TwitchAmbassador', 'NotBald', 'DropsEnabled']",2026-10-01,02-13-44,Thursday
319407211991,109118789,central_committee,509658,Just Chatting,4833,2026-09-30T14:11:33Z,en,"['Hasanabi', 'History', 'News', 'MikeFromPA', 'Denims', 'HAS', 'MajorityReport', 'CarolineKwan', 'English', 'DropsEnabled']",2026-10-01,02-13-44,Thursday
318618740711,467031116,enzzai,509658,Just Chatting,4815,2026-09-28T21:48:56Z,ru,"['Русский', 'DropsВключены']",2026-10-01,02-13-44,Thursday
316938602965,40488774,stray228,29595,Dota 2,4638,2026-09-30T16:04:12Z,ru,"['ПАХАН', 'проигрок228', 'солевойстример', 'тащер', 'адекватнаяатмосфера', 'Бодибилдер', 'Русский', 'танцор', 'Клубничка']",2026-10-01,02-13-44,Thursday
320588003680,15564828,nickmercs,491931,Escape from Tarkov,4614,2026-09-30T12:18:50Z,en,"['BEST', 'HUGE', 'TALL', 'WIDE', 'BIG', 'STRONG', 'English', 'CONTROLLER', 'escapefromtarkov']",2026-10-01,02-13-44,Thursday
317555985783,87204022,disguisedtoast,263490,Rust,4554,2026-09-30T02:29:03Z,en,"['English', 'DropsEnabled']",2026-10-01,02-13-44,Thursday
318775878885,137347549,locklear,509658,Just Chatting,4492,2026-09-30T18:31:58Z,fr,"['Français', 'DropsActivés']",2026-10-01,02-13-44,Thursday
320549428828,56990029,chatterbox,509658,Just Chatting,4465,2026-09-30T17:19:08Z,en,"['English', 'NoPixel', 'NoPixelV', 'Clown', 'chatterbox', 'DropsEnabled']",2026-10-01,02-13-44,Thursday
318638684263,36620767,agraelus,1254042066,The Witcher 3: Wild Hunt Remastered,4463,2026-09-30T17:55:37Z,cs,"['Čeština', 'PovolenéDrops']",2026-10-01,02-13-44,Thursday
318636752871,133621591,wakayashi,771448419,AION 2,4440,2026-09-30T15:53:51Z,de,"['MMORPG', 'MMO', 'Deutsch', 'English', 'sauercrowd', 'DropsAktiviert']",2026-10-01,02-13-44,Thursday
318774114661,75738685,insym,1851360928,POOL LOOP,4381,2026-09-30T16:57:20Z,en,['English'],2026-10-01,02-13-44,Thursday
320454052062,36769016,timthetatman,18122,World of Warcraft,4377,2026-09-30T14:26:28Z,en,['English'],2026-10-01,02-13-44,Thursday
320455200478,473942831,sandiskoptimus,21779,League of Legends,4348,2026-09-30T16:45:31Z,en,"['English', 'gaming', 'tech', 'PC', 'chaos', 'funny', 'OP', 'Sandisk']",2026-10-01,02-13-44,Thursday
318639201127,935964760,jayriddle77,509658,Just Chatting,4317,2026-09-30T18:26:57Z,de,"['Deutsch', 'DropsAktiviert']",2026-10-01,02-13-44,Thursday
317902182883,405186159,djilsi,509658,Just Chatting,4115,2026-09-30T18:31:54Z,fr,"['Français', 'DropsActivés']",2026-10-01,02-13-44,Thursday
321601076441,97245742,vei,66082,Games + Demos,4068,2026-09-30T15:01:17Z,en,"['Vtuber', 'VisualASMR', 'real', 'female', 'agirlandagamerwhoamama', 'humminahumminabazoooooing', 'English', 'awooga', 'veibae', 'dog']",2026-10-01,02-13-44,Thursday
316093815507,47124404,dunduk,404069058,ACE COMBAT 8: WINGS OF THEVE,3995,2026-09-30T11:12:17Z,ru,"['Русский', 'DropsВключены']",2026-10-01,02-13-44,Thursday
320549801564,242209549,bugalalla,509658,Just Chatting,3975,2026-09-30T18:01:21Z,it,"['DropAbilitati', 'Italiano']",2026-10-01,02-13-44,Thursday
318832166630,51653974,coachlim,509658,Just Chatting,3842,2026-09-30T18:15:34Z,de,"['Deutsch', 'DropsAktiviert']",2026-10-01,02-13-44,Thursday
317559183991,40197643,austinshow,32982,Grand Theft Auto V,3824,2026-09-30T14:59:54Z,en,"['English', 'NoPixel']",2026-10-01,02-13-44,Thursday
320587945952,56865374,barbarousking,508455,Valheim,3730,2026-09-30T12:05:14Z,en,"['English', 'BaldWelcome', 'Kaizo', 'GorillaWins', 'memberofparliament', 'bauserhaus']",2026-10-01,02-13-44,Thursday
317902292963,119657765,maximebiaggi,509658,Just Chatting,3719,2026-09-30T18:40:56Z,fr,"['Français', 'DropsActivés']",2026-10-01,02-13-44,Thursday
318249403992,39249330,mogsy,902998079,Halloween: The Game,3641,2026-09-30T15:26:45Z,en,"['adhd', 'talkstochat', 'ally', 'giveaways', 'interactive', 'English', 'DropsEnabled']",2026-10-01,02-13-44,Thursday
317899014627,956007096,heroes_hub,12839,Heroes of Might and Magic III: The Restoration of Erathia,3621,2026-09-30T12:49:36Z,ru,['Русский'],2026-10-01,02-13-44,Thursday
318771316069,97903976,mouzakrobat,27546,World of Tanks,3614,2026-09-30T13:05:12Z,de,"['Deutsch', 'DropsAktiviert']",2026-10-01,02-13-44,Thursday
321768512219,38871579,feinberg,27471,Minecraft,3598,2026-09-30T18:26:07Z,en,"['English', 'Speedrun']",2026-10-01,02-13-44,Thursday
317899853667,101175894,auziomf,123184772,EA Sports FC 27,3545,2026-09-30T14:30:08Z,en,"['English', 'Football', 'fc27']",2026-10-01,02-13-44,Thursday
318638505959,41665974,xop0,2042681592,Minecraft Dungeons II,3545,2026-09-30T17:45:22Z,en,"['English', 'YAP', 'Yapper', 'drops', 'slavic', 'indiegame']",2026-10-01,02-13-44,Thursday
318635077223,636587384,alveussanctuary,509658,Just Chatting,3498,2026-09-30T13:31:52Z,en,"['English', 'TogetherForGood', 'purplemartins', 'Charity', 'DropsEnabled']",2026-10-01,02-13-44,Thursday
317017026900,434276417,iceicell,516086,Grounded,3497,2026-09-30T18:10:52Z,ru,"['Русский', 'начинающаястримерша', 'Vtuber']",2026-10-01,02-13-44,Thursday
318638840423,64173519,deadp47_,509658,Just Chatting,3460,2026-09-30T18:03:32Z,ru,"['Русский', 'DropsВключены']",2026-10-01,02-13-44,Thursday
319408508759,145015519,foolish,263490,Rust,3446,2026-09-30T18:03:08Z,en,"['English', 'DropsEnabled']",2026-10-01,02-13-44,Thursday
316067685714,477345170,letrows,1901865180,NTE: Neverness to Everness,3435,2026-09-30T15:05:16Z,es,"['Español', 'DropsActivados']",2026-10-01,02-13-44,Thursday
318771709541,771752116,monstera,263490,Rust,3416,2026-09-30T13:46:35Z,en,"['Rust', 'ARTOFRUST', 'Roleplay', 'English', 'cosy', 'art', 'Crow', 'minecraft', 'DropsEnabled']",2026-10-01,02-13-44,Thursday
320548325724,42776357,playhearthstone,138585,Hearthstone,3416,2026-09-30T14:50:02Z,en,"['warcraft', 'Strategy', 'cardgame', 'English', 'hearthstone', 'blizzard', 'BlizzardEntertainment', 'DropsEnabled']",2026-10-01,02-13-44,Thursday
317900985955,598462554,lestwins,123184772,EA Sports FC 27,3361,2026-09-30T16:40:11Z,fr,['Français'],2026-10-01,02-13-44,Thursday
317014767060,254947119,nattynattlol,21779,League of Legends,3295,2026-09-30T12:56:15Z,en,['English'],2026-10-01,02-13-44,Thursday
321601366105,128440061,zentreya,2085980140,Lethal Company,3291,2026-09-30T15:50:55Z,en,"['English', 'ForkliftCertified', 'GoodMusicTaste', 'ENVtuber', 'PositiveVibes', 'Anime', 'funny', 'gaming', 'Vtuber', 'SVA']",2026-10-01,02-13-44,Thursday
317898381027,116245074,bagginstv,771448419,AION 2,3281,2026-09-30T11:03:07Z,en,"['Drops', 'English', 'DropsEnabled']",2026-10-01,02-13-44,Thursday
321649779930,51496027,loltyler1,55453844,Street Fighter 6,3266,2026-09-30T14:15:48Z,en,"['English', 'loltyler1', 'tyler1']",2026-10-01,02-13-44,Thursday
317868942818,155601320,jltomy,509658,Just Chatting,3263,2026-09-30T19:03:44Z,fr,"['Français', 'DropsActivés']",2026-10-01,02-13-44,Thursday
317891845348,177146919,florence,509658,Just Chatting,3244,2026-09-30T18:14:07Z,fr,"['Français', 'DropsActivés']",2026-10-01,02-13-44,Thursday
318832272102,89600394,therealmarzaa,518203,Sports,3227,2026-09-30T18:21:48Z,it,"['Italiano', 'English', 'Barese', 'DropAbilitati']",2026-10-01,02-13-44,Thursday
318770822245,190708734,altair,771448419,AION 2,3187,2026-09-30T12:13:20Z,fr,"['Français', 'gaming', 'humour', 'DiffMax', 'BienMonté', 'DropsActivés']",2026-10-01,02-13-44,Thursday
317888775140,50795214,sardoche,21779,League of Legends,3154,2026-09-30T13:27:48Z,fr,['Français'],2026-10-01,02-13-44,Thursday
321649285466,86016923,camy,512710,Call of Duty: Warzone,3142,2026-09-30T12:21:25Z,en,"['ADHD', 'LOUD', 'funny', 'English']",2026-10-01,02-13-44,Thursday
318773752037,1543972282,anarabdullaev_18772,29595,Dota 2,3117,2026-09-30T16:36:05Z,ru,['Русский'],2026-10-01,02-13-44,Thursday
316971883734,32155044,5opka,509658,Just Chatting,3112,2026-09-30T15:50:01Z,ru,"['Русский', '42iqстример', '42iqмодеры']",2026-10-01,02-13-44,Thursday
317899600355,38446500,revenant,1254042066,The Witcher 3: Wild Hunt Remastered,3109,2026-09-30T14:02:22Z,es,"['Español', 'DropsActivados']",2026-10-01,02-13-44,Thursday
317892296804,707288845,mehditdonc,1763263,nanos world,3086,2026-09-30T18:46:29Z,fr,['Français'],2026-10-01,02-13-44,Thursday
320548875356,32787655,kitboga,509658,Just Chatting,3063,2026-09-30T16:08:54Z,en,"['English', 'DropsEnabled']",2026-10-01,02-13-44,Thursday
317891490404,25058448,orslok,509658,Just Chatting,3048,2026-09-30T17:46:54Z,es,"['Español', 'DropsActivados']",2026-10-01,02-13-44,Thursday
320455486046,43784278,tomato,2144081014,PSI: Pressure Climbing,3042,2026-09-30T17:16:07Z,en,"['English', 'PowertrippingMods', 'PainfullyUnfunnyStreamer', 'TheLastMillennial', 'GodSupportsHimIronically', 'AskMeAboutMyFrogVoice', 'AbsolutelyFoulVibes', 'BackdownKing', 'AskMeToSayPickleRick', 'DarkWhimsy']",2026-10-01,02-13-44,Thursday
318633872615,30772941,lipej,771448419,AION 2,3027,2026-09-30T11:25:59Z,pl,"['Polski', 'DropyWłączone']",2026-10-01,02-13-44,Thursday
320455295710,466139555,dantes,21779,League of Legends,2987,2026-09-30T16:56:18Z,en,['English'],2026-10-01,02-13-44,Thursday
319407876055,457138035,marco_scm,66082,Games + Demos,2979,2026-09-30T16:27:55Z,de,"['Stimmen', 'werden', 'Lauter', 'clipfarm', 'deusch', 'Deutsch']",2026-10-01,02-13-44,Thursday
317015872340,270698079,mazellovvv,1751805328,I'm Pregnant at 16,2973,2026-09-30T15:46:22Z,ru,"['Русский', 'mazellovvv', 'mzlff', 'English']",2026-10-01,02-13-44,Thursday
318636981479,31952238,wartek,509658,Just Chatting,2933,2026-09-30T16:08:29Z,fr,"['Français', 'DropsActivés']",2026-10-01,02-13-44,Thursday
317866379234,56040562,xthesolutiontv,123184772,EA Sports FC 27,2900,2026-09-30T15:13:43Z,de,"['Deutsch', 'OG', 'Erpel', 'Ente', 'Khal', 'Schere', 'Prozente']",2026-10-01,02-13-44,Thursday
318635933799,21431060,phunkroyal,2042681592,Minecraft Dungeons II,2896,2026-09-30T14:48:15Z,de,"['Deutsch', 'gaming', 'Cozy', 'RichtigSchönerStream', 'echtTollerStream', 'SchöneZuschauer', 'GeileSpielauswahl', 'KrasseSkillsHatDerPhunk', 'WahnsinnigTolleZuschauer', 'ChatIstAuchGanzOk']",2026-10-01,02-13-44,Thursday
320548864988,1240608168,derpgtx,2042681592,Minecraft Dungeons II,2892,2026-09-30T16:07:23Z,en,"['minecraft', 'English', 'drops', 'dropson', 'minecraftdrops', 'cape', 'free', 'Aurora', 'Dungeons']",2026-10-01,02-13-44,Thursday
321768172379,37522866,cyr,263490,Rust,2872,2026-09-30T17:42:58Z,en,"['Ohio', 'LeftHanded', 'English', 'Cooking', 'NoPixel', 'DropsEnabled']",2026-10-01,02-13-44,Thursday
319408674135,60978448,dogdog,138585,Hearthstone,2853,2026-09-30T18:31:04Z,en,['English'],2026-10-01,02-13-44,Thursday
318775690085,833894121,ard,509658,Just Chatting,2830,2026-09-30T18:20:55Z,de,"['Deutsch', 'justchatting', 'streamtogether', 'AvatarTheLastAirbender', 'avatar', 'anime', 'atla']",2026-10-01,02-13-44,Thursday
315539604846,456798977,kspksp,1832841853,Mortal Shell II,2810,2026-09-30T12:57:24Z,zh,['中文'],2026-10-01,02-13-44,Thursday
317014983892,145972905,sondergaardlol,509672,IRL,2794,2026-09-30T13:32:20Z,da,['Dansk'],2026-10-01,02-13-44,Thursday
318773491429,20992865,grubby,1913410799,Total War: WARHAMMER III,2789,2026-09-30T16:19:03Z,en,"['English', 'Warcraft3', 'RTS', '4X', 'Grubby', 'Cardgames', 'Strategy', 'RPG']",2026-10-01,02-13-44,Thursday
318249944408,198182340,mrsavage,33214,Fortnite,2776,2026-09-30T17:23:51Z,en,"['english', 'pc', 'gaming', 'Fortnite', 'English']",2026-10-01,02-13-44,Thursday
316526787954,10985633,spygea,511224,Apex Legends,2771,2026-09-30T10:58:07Z,ja,"['日本語', 'スパイギア', 'SPYGEA']",2026-10-01,02-13-44,Thursday
316937899989,124609922,vot_vam_pyatkin,491487,Dead by Daylight,2736,2026-09-30T14:20:39Z,ru,"['Общение', 'Развлечение', 'чат', 'озвучка', 'музыка', 'Русский']",2026-10-01,02-13-44,Thursday
318632530023,22043840,khaldor,32959,Heroes of the Storm,2715,2026-09-30T07:43:51Z,en,"['Esports', 'Heroes', 'MOBA', 'English', 'Tournament', 'Khaldor', 'DropsEnabled']",2026-10-01,02-13-44,Thursday
316970487894,88107116,muhanjan,509658,Just Chatting,2702,2026-09-30T11:31:15Z,ru,"['Русский', 'Казахстан']",2026-10-01,02-13-44,Thursday
317015008212,44407373,zakvielchannel,509658,Just Chatting,2695,2026-09-30T13:36:08Z,ru,"['Русский', 'DropsВключены']",2026-10-01,02-13-44,Thursday
321649980378,208462442,arckon,32982,Grand Theft Auto V,2694,2026-09-30T14:54:58Z,en,"['English', 'chill', 'nopixelv', 'NoPixelV']",2026-10-01,02-13-44,Thursday
321767761371,42583390,xchocobars,263490,Rust,2666,2026-09-30T16:50:25Z,en,"['English', 'xRizzBars', 'StingerQueen', 'DropsEnabled', 'TARJAN']",2026-10-01,02-13-44,Thursday
316971560534,83644032,serega_pirat,32399,Counter-Strike,2649,2026-09-30T15:00:40Z,en,"['Русский', 'English']",2026-10-01,02-13-44,Thursday
316971327702,887449462,aslanshukasha,509658,Just Chatting,2641,2026-09-30T14:20:06Z,ru,"['Русский', 'адекватность', 'тишина', 'безматов', 'чистоплотный', 'добрый', 'DropsВключены']",2026-10-01,02-13-44,Thursday
319176119668,498401810,itsjazzb,509658,Just Chatting,2633,2026-09-30T17:40:04Z,pt,"['Português', 'DropsAtivados']",2026-10-01,02-13-44,Thursday
321602111449,427632467,lvndmark,491931,Escape from Tarkov,2620,2026-09-30T17:20:45Z,en,['English'],2026-10-01,02-13-44,Thursday
319105286005,639589301,malurgb,19619,Tibia,2582,2026-09-30T16:03:19Z,pt,"['Portugal', 'Mulher', 'Latina', 'Português', 'rubinot', 'Tibia', 'Brasil', 'RUBINIOT', 'RubinotOT']",2026-10-01,02-13-44,Thursday
317559845879,1441079303,aion2official,771448419,AION 2,2564,2026-09-30T18:01:40Z,en,"['English', 'DropsEnabled']",2026-10-01,02-13-44,Thursday
318770829413,135177864,sidneyeweka,123184772,EA Sports FC 27,2560,2026-09-30T12:14:33Z,de,['Deutsch'],2026-10-01,02-13-44,Thursday
318639727207,53065331,dariomocciatwitch,509658,Just Chatting,2535,2026-09-30T19:01:11Z,it,"['Italiano', 'DropAbilitati']",2026-10-01,02-13-44,Thursday
321601334745,31545223,agurin,21779,League of Legends,2531,2026-09-30T15:46:19Z,de,"['Deutsch', 'English']",2026-10-01,02-13-44,Thursday
318772067685,51931241,jeens,1254042066,The Witcher 3: Wild Hunt Remastered,2523,2026-09-30T14:20:24Z,ru,"['Ukraine', 'Русский', 'DropsВключены']",2026-10-01,02-13-44,Thursday
317891484004,62989856,shisheyu,509658,Just Chatting,2510,2026-09-30T17:46:22Z,fr,"['Français', 'chill', 'DropsActivés']",2026-10-01,02-13-44,Thursday
318830240614,1024357866,nassada_,123184772,EA Sports FC 27,2467,2026-09-30T16:29:50Z,de,['Deutsch'],2026-10-01,02-13-44,Thursday
321602425561,606510515,setsuko,513143,Teamfight Tactics,2454,2026-09-30T18:00:15Z,en,['English'],2026-10-01,02-13-44,Thursday
318826019942,410973093,society0fgaming,771448419,AION 2,2428,2026-09-30T09:19:11Z,en,"['English', 'MMORPG', 'MMO', 'Aion2', 'dailystream']",2026-10-01,02-13-44,Thursday
320588735968,25514193,deathydl,2132205352,Deadlock,2427,2026-09-30T14:27:58Z,en,['English'],2026-10-01,02-13-44,Thursday
317558668791,25677980,deansocool,32982,Grand Theft Auto V,2401,2026-09-30T12:37:16Z,en,"['English', 'reacts', 'miami', 'NoPixel', 'roleplay', 'gta', 'NoPixelV']",2026-10-01,02-13-44,Thursday
317559153399,421560387,itsryanhiga,263490,Rust,2392,2026-09-30T14:53:11Z,en,"['English', 'DropsEnabled']",2026-10-01,02-13-44,Thursday
316583847027,534168696,tororo_vtuber,771448419,AION 2,2383,2026-09-30T13:00:47Z,ja,"['日本語', 'Drops有効']",2026-10-01,02-13-44,Thursday
318825195494,1489609158,metashi24,18122,World of Warcraft,2364,2026-09-30T07:01:10Z,de,['Deutsch'],2026-10-01,02-13-44,Thursday
318637442407,239867683,awizotv,509658,Just Chatting,2347,2026-09-30T16:41:23Z,pl,"['Polski', 'Awizo', 'DominikBos', 'awizotv', 'DropyWłączone']",2026-10-01,02-13-44,Thursday
317868044258,438465591,stokes,123184772,EA Sports FC 27,2331,2026-09-30T18:00:26Z,en,"['English', 'Stokes', 'fc26', 'fc27', 'fc27ultimate']",2026-10-01,02-13-44,Thursday
318830497254,888120457,rera_seal,509658,Just Chatting,2319,2026-09-30T16:44:55Z,ru,"['Русский', 'vtuber', 'ruvtuber', 'anime', 'DropsВключены']",2026-10-01,02-13-44,Thursday
316939220181,61294188,anniefuchsia,771448419,AION 2,2312,2026-09-30T17:23:02Z,en,"['Swedish', 'Svenska', 'ADHD', 'Girl', 'EarlyAccess', 'Variety', 'Female', 'English', 'CC', 'DropsEnabled']",2026-10-01,02-13-44,Thursday
320453893470,50881182,aztecross,771448419,AION 2,2307,2026-09-30T14:01:22Z,en,"['English', 'DropsEnabled']",2026-10-01,02-13-44,Thursday
318829736294,117168642,chowh1,417892,Z1: Battle Royale,2280,2026-09-30T15:57:44Z,fr,"['Français', 'warzone', 'calldofduty']",2026-10-01,02-13-44,Thursday
316973186774,795329758,pinkssage,29452,Virtual Casino,2277,2026-09-30T18:30:37Z,ru,['Русский'],2026-10-01,02-13-44,Thursday
316972192470,125658197,nexe_,510218,Among Us,2275,2026-09-30T16:27:36Z,pl,"['pl', 'nexe', 'EngIish', 'ENsubtitles', 'subtitles', '333', 'Polski']",2026-10-01,02-13-44,Thursday
316067990226,3389768,philza,2042681592,Minecraft Dungeons II,2272,2026-09-30T17:00:25Z,en,"['English', 'Hardcore', 'British', 'distracted', 'qsmp']",2026-10-01,02-13-44,Thursday
320590349792,40965449,subroza,516575,VALORANT,2270,2026-09-30T17:43:18Z,en,"['English', 'radiant', 'Ranked', 'french', 'funny', 'pro', 'professional', 'RANK1', 'Arabic', 'Moroccan']",2026-10-01,02-13-44,Thursday
321650068058,40972890,admiralbahroo,779192097,Fire Emblem: Fortune's Weave,2253,2026-09-30T15:08:25Z,en,"['English', 'Vtuber', 'Panda', 'ProfessionalThrowing', 'DropsEnabled']",2026-10-01,02-13-44,Thursday
319407640663,23289647,ahmpy,771448419,AION 2,2252,2026-09-30T15:51:40Z,en,"['English', 'wowclassic', 'Classic', 'Hardcore', 'Forever', 'wowforever', 'Alliance']",2026-10-01,02-13-44,Thursday
319048191478,91402599,hera,13389,Age of Empires II,2246,2026-09-30T17:45:26Z,en,"['English', 'RTS']",2026-10-01,02-13-44,Thursday
318632703335,531019578,ronnyberger,509672,IRL,2195,2026-09-30T08:15:37Z,de,"['Deutsch', 'vlog', 'Christ', 'outdoor', 'Segeln', 'boot', 'mallorca', 'DropsAktiviert', 'Malle']",2026-10-01,02-13-44,Thursday
316937291093,87791915,ilame,743893402,WARDOGS,2190,2026-09-30T12:29:24Z,ru,"['Русский', 'отвалжопы', 'Геморрой', 'гейминг', 'donttouchgrasschallenge', 'Skuffed', 'penusripper', 'аим400кг', 'янебудуигратьвдоту']",2026-10-01,02-13-44,Thursday
318638241127,121706139,toosefn,33214,Fortnite,2183,2026-09-30T17:29:04Z,ru,['Русский'],2026-10-01,02-13-44,Thursday
321768110683,85875635,ray,2085980140,Lethal Company,2163,2026-09-30T17:33:32Z,en,"['English', 'TinasHusband', 'FrameRateMerch', 'Number51', 'AwardWinningStreamer', 'MarioPartyMan', 'AggressiveOmega']",2026-10-01,02-13-44,Thursday
317892446948,89873316,terracid,509658,Just Chatting,2158,2026-09-30T18:56:52Z,fr,"['Français', 'DropsActivés']",2026-10-01,02-13-44,Thursday
316516184177,783589556,dkomusubi,509658,Just Chatting,2136,2026-09-30T16:31:54Z,ja,"['日本語', 'Drops有効']",2026-10-01,02-13-44,Thursday
316151829482,422275514,deme,2085980140,Lethal Company,2100,2026-09-30T13:59:26Z,en,"['AAAAAAAAAAAAAAAAAAAAAAAAA', 'VTuber', 'Woman', 'ADHD', 'silly', 'dyslexic', 'LOUD', 'English', 'reactor', 'GamerGod']",2026-10-01,02-13-44,Thursday
315573608560,197367758,hennie2001,509658,Just Chatting,2094,2026-09-30T11:51:06Z,zh,"['中文', '台V', 'Vtuber', '启用掉宝']",2026-10-01,02-13-44,Thursday
318828952806,49719403,mauriceweber,518630,Manor Lords,2086,2026-09-30T14:59:46Z,de,['Deutsch'],2026-10-01,02-13-44,Thursday
318831634534,1051744653,kukuroneko,509659,ASMR,2067,2026-09-30T17:49:15Z,en,"['English', 'Anime', 'Woman', 'Vtuber', 'ENVtuber', 'ASMR', 'Latina']",2026-10-01,02-13-44,Thursday
317888170339,158388504,honeypuu,21779,League of Legends,2066,2026-09-29T07:31:53Z,de,"['Deutsch', 'English']",2026-10-01,02-13-44,Thursday
321649630042,117783070,kiyoon,513143,Teamfight Tactics,2063,2026-09-30T13:45:13Z,en,['English'],2026-10-01,02-13-44,Thursday
318828624230,48865821,staiy,1979693660,Transport Fever 3,2058,2026-09-30T14:33:54Z,de,['Deutsch'],2026-10-01,02-13-44,Thursday
318250288856,689975521,heinzbaines_,509658,Just Chatting,2041,2026-09-30T18:24:55Z,en,"['English', 'DropsEnabled']",2026-10-01,02-13-44,Thursday
316582842483,174700590,crazyraccoonyy,511224,Apex Legends,2026,2026-09-30T10:03:50Z,ja,"['わいわい', '日本語', 'CR', '雑談']",2026-10-01,02-13-44,Thursday
320456175454,1263412413,christinaandamber,509672,IRL,2004,2026-09-30T18:30:23Z,en,"['girls', 'English', 'christinaandamber', 'IRL', 'IRLStreaming', 'LGBTQ', 'girlstreamer', 'Austrailan', 'America', 'DropsEnabled']",2026-10-01,02-13-44,Thursday
316971037654,43899589,c_a_k_e,6521,Grand Theft Auto: San Andreas,1979,2026-09-30T13:26:03Z,ru,['Русский'],2026-10-01,02-13-44,Thursday
318828312678,42971110,heideltraut,32982,Grand Theft Auto V,1975,2026-09-30T14:08:02Z,de,"['LuckyV', 'Deutsch', 'GTARP', 'rainbowsixsiege', 'DropsAktiviert']",2026-10-01,02-13-44,Thursday
317864851426,502281282,dhalen,771448419,AION 2,1970,2026-09-30T11:41:10Z,fr,"['Français', 'DropsActivés']",2026-10-01,02-13-44,Thursday
320440906846,100408103,zchum,263490,Rust,1962,2026-09-29T13:52:38Z,en,"['English', 'DropsEnabled']",2026-10-01,02-13-44,Thursday
319408060247,104410477,humzh,509658,Just Chatting,1951,2026-09-30T16:58:27Z,en,"['English', 'DropsEnabled']",2026-10-01,02-13-44,Thursday
316582584307,48677263,lazvell,509658,Just Chatting,1946,2026-09-30T08:45:09Z,ja,"['日本語', 'チル', 'Drops有効']",2026-10-01,02-13-44,Thursday
316970481110,41108115,cyrustwo,32982,Grand Theft Auto V,1944,2026-09-30T11:29:22Z,sv,"['Svenska', 'TPRP', 'ThePath']",2026-10-01,02-13-44,Thursday
316582645363,37106068,krapycoco,516575,VALORANT,1942,2026-09-30T09:04:25Z,zh,['中文'],2026-10-01,02-13-44,Thursday
318828830310,111974014,knebeltv,71375,Star Citizen,1934,2026-09-30T14:50:21Z,de,"['Deutsch', 'German', 'Weltraum', 'Rollenspiel', 'StarCitizen', 'PvE', 'PvP', '4K', 'SpaceSim', 'Shooter']",2026-10-01,02-13-44,Thursday
317868371426,94830708,sura,32982,Grand Theft Auto V,1920,2026-09-30T18:24:24Z,fr,"['Français', 'flashback', 'FlashbackWL', 'Rediffusion']",2026-10-01,02-13-44,Thursday
318826260326,42616914,sven,263490,Rust,1918,2026-09-30T09:58:28Z,en,"['English', 'Rust', 'DropsEnabled']",2026-10-01,02-13-44,Thursday
321602195673,1541409523,rapiddealer420,498566,Slots,1918,2026-09-30T17:29:56Z,en,['English'],2026-10-01,02-13-44,Thursday
319392594391,1305342529,theburntpeanut_247,499973,Always On,1907,2026-09-29T03:52:51Z,en,"['English', 'VOD', 'Rerun', 'arcraiders', 'tobacco']",2026-10-01,02-13-44,Thursday
317890867684,149220653,gom4rt,1960720223,SILENT HILL: townfall,1906,2026-09-30T16:48:12Z,fr,['Français'],2026-10-01,02-13-44,Thursday
321650037850,67261729,savix,771448419,AION 2,1885,2026-09-30T15:03:33Z,en,"['Worldofwarcraft', 'English', 'MMORPG', 'NA', 'DropsEnabled']",2026-10-01,02-13-44,Thursday
317899512035,625931244,mawkzy_,30921,Rocket League,1881,2026-09-30T13:53:22Z,fr,"['Dropsactivés', 'Français']",2026-10-01,02-13-44,Thursday
316938382037,1029974693,zefgamingplay,75101830,Marvel's Wolverine,1876,2026-09-30T15:35:39Z,ru,"['Русский', 'zefgaming', 'reddeadonline', 'gtaonline', 'прохождения', 'шутеры', 'прохождение', 'callofduty']",2026-10-01,02-13-44,Thursday
317901278179,121652526,littlebigwhale,404069058,ACE COMBAT 8: WINGS OF THEVE,1870,2026-09-30T17:09:31Z,fr,"['Français', 'DropsActivés']",2026-10-01,02-13-44,Thursday
321766061275,61770627,jenny,771448419,AION 2,1857,2026-09-30T11:20:47Z,en,"['English', 'Chatty', 'mmo', 'Canadian', 'chill', 'wholesome', 'kpop', 'NewPlayersWelcome', 'cozy', '中文']",2026-10-01,02-13-44,Thursday
317888304995,169703688,mrhugo,2042681592,Minecraft Dungeons II,1857,2026-09-29T08:06:07Z,es,"['Español', 'minecraft', 'MINECRAFT', 'drops']",2026-10-01,02-13-44,Thursday
318636876775,623247381,matiskaterryfl,509658,Just Chatting,1850,2026-09-30T16:01:32Z,pl,"['Polski', 'DropyWłączone']",2026-10-01,02-13-44,Thursday
317868261858,66983298,benjyfishy,516575,VALORANT,1846,2026-09-30T18:16:01Z,en,"['Valorant', 'Competitive', 'Radiant', 'English']",2026-10-01,02-13-44,Thursday
318249535576,81413527,vegas,2132205352,Deadlock,1833,2026-09-30T15:57:43Z,en,"['English', 'silly', 'peak', 'femboy', 'Eternus', 'spanish']",2026-10-01,02-13-44,Thursday
319408478423,41809323,misterarther,771448419,AION 2,1831,2026-09-30T17:59:46Z,en,"['English', 'DropsEnabled', 'drops']",2026-10-01,02-13-44,Thursday
321766234459,147299717,blue_squadron,771448419,AION 2,1830,2026-09-30T12:12:52Z,en,"['comedy', 'english', 'English', 'Chinese中文', 'DropsEnabled']",2026-10-01,02-13-44,Thursday
321651716570,147927227,aspen,515025,Overwatch,1816,2026-09-30T18:34:32Z,en,['English'],2026-10-01,02-13-44,Thursday
319407895255,139745227,luality,1254042066,The Witcher 3: Wild Hunt Remastered,1808,2026-09-30T16:31:25Z,en,"['English', 'RPG', 'drops', 'ChallengeRun', 'girl', 'bnuy', 'DropsEnabled']",2026-10-01,02-13-44,Thursday
319174908916,47071880,yoda,771448419,AION 2,1806,2026-09-30T13:14:52Z,pt,"['Português', 'wYzards', 'Y', 'FON', 'SLGames', 'RBH', 'DropsAtivados']",2026-10-01,02-13-44,Thursday
318831822310,406995218,itsassitv,32982,Grand Theft Auto V,1799,2026-09-30T17:59:09Z,de,"['Deutsch', 'itsassitv', 'AssiTV']",2026-10-01,02-13-44,Thursday
319406003799,124494583,peterpark,263490,Rust,1794,2026-09-30T08:19:20Z,en,"['English', 'DropsEnabled']",2026-10-01,02-13-44,Thursday
317901627491,43286888,elotrix,512953,ELDEN RING,1789,2026-09-30T17:47:21Z,de,"['Trophäenjagd', 'Storygames', 'Deutsch']",2026-10-01,02-13-44,Thursday
319408239703,402998527,nstvgames,509658,Just Chatting,1777,2026-09-30T17:23:47Z,ru,['Русский'],2026-10-01,02-13-44,Thursday
318775295205,88547576,rtgame,556907291,Cities: Skylines II,1775,2026-09-30T17:59:49Z,en,"['Irish', 'DriftKing', 'Old', 'English']",2026-10-01,02-13-44,Thursday
316972323158,102803402,gilticus,9423,Grand Theft Auto: Vice City Stories,1769,2026-09-30T16:44:22Z,ru,['Русский'],2026-10-01,02-13-44,Thursday
318770789349,65411398,juice,1913410799,Total War: WARHAMMER III,1768,2026-09-30T12:09:55Z,ru,['Русский'],2026-10-01,02-13-44,Thursday
317900171747,110405254,carola,743893402,WARDOGS,1760,2026-09-30T15:05:43Z,es,['Español'],2026-10-01,02-13-44,Thursday
318635431783,72726363,edopeh,31339,Project Zomboid,1757,2026-09-30T14:03:00Z,de,['Deutsch'],2026-10-01,02-13-44,Thursday
318773284069,30209220,liquidhasuobs,32959,Heroes of the Storm,1749,2026-09-30T16:03:44Z,en,"['English', 'hasuobs', 'MOBA', 'Ranked', 'DropsEnabled']",2026-10-01,02-13-44,Thursday
319047841398,536794313,papomc,488190,Poker,1744,2026-09-30T16:39:20Z,es,['Español'],2026-10-01,02-13-44,Thursday
316939306837,54742538,karmikkoala,82122057,Knuckle Jet,1740,2026-09-30T17:33:48Z,ru,['Русский'],2026-10-01,02-13-44,Thursday
317016893396,189848261,dawgonosik,509658,Just Chatting,1726,2026-09-30T17:54:32Z,ru,"['Русский', 'DropsВключены']",2026-10-01,02-13-44,Thursday
317901408995,101572475,mckytv,509658,Just Chatting,1726,2026-09-30T17:24:42Z,de,"['Deutsch', 'DropsAktiviert']",2026-10-01,02-13-44,Thursday
318773434597,487318498,vadeal,33214,Fortnite,1724,2026-09-30T16:14:57Z,de,"['Deutsch', 'Fokus']",2026-10-01,02-13-44,Thursday
316939999701,767431414,kemzui,518692,Far Cry 6,1724,2026-09-30T19:08:09Z,en,['English'],2026-10-01,02-13-44,Thursday
316094683219,34405377,w33haa,29595,Dota 2,1724,2026-09-30T17:04:52Z,en,"['Romanian', 'Arabic', 'English', 'Competitive']",2026-10-01,02-13-44,Thursday
320548964316,41253053,baalorlord,1435206302,Slay the Spire II,1723,2026-09-30T16:20:23Z,en,"['English', 'Educational', 'Modded', 'Strategy']",2026-10-01,02-13-44,Thursday
319408771415,41157071,tangotek,335261990,Stonewards,1719,2026-09-30T18:47:08Z,en,['English'],2026-10-01,02-13-44,Thursday
317891339876,154132449,melhssn_,516575,VALORANT,1711,2026-09-30T17:32:09Z,fr,['Français'],2026-10-01,02-13-44,Thursday
321602116441,153314610,miltontpike1,32982,Grand Theft Auto V,1706,2026-09-30T17:21:19Z,en,['English'],2026-10-01,02-13-44,Thursday
319105540597,53052202,boltz,32399,Counter-Strike,1698,2026-09-30T16:54:28Z,pt,['Português'],2026-10-01,02-13-44,Thursday
320589303264,133118594,mingo,460630,Rainbow Six Siege,1697,2026-09-30T15:41:50Z,en,"['English', 'jynxzi', 'DropsEnabled']",2026-10-01,02-13-44,Thursday
317900620899,276821855,nuclol,21779,League of Legends,1694,2026-09-30T15:58:15Z,fr,"['problematique', 'arabe', 'Français']",2026-10-01,02-13-44,Thursday
321648923738,84316241,penta,32982,Grand Theft Auto V,1690,2026-09-30T10:14:59Z,en,"['English', 'Educational', 'Socialeating']",2026-10-01,02-13-44,Thursday
316930343125,1054416007,bygyxogy,498566,Slots,1682,2026-09-29T08:42:17Z,pt,['Português'],2026-10-01,02-13-44,Thursday
318633088871,1547441216,wildpfotede,498566,Slots,1676,2026-09-30T09:24:57Z,de,['Deutsch'],2026-10-01,02-13-44,Thursday
321766655323,115994925,alphakep,30921,Rocket League,1667,2026-09-30T13:54:28Z,en,"['English', 'drops', 'NoAds', 'NoAdsAfterPreroll', 'DropsActive', 'pro', 'DropsEnable', 'rocketleague', 'Golf']",2026-10-01,02-13-44,Thursday
317559419895,148414764,astralspiff,490730,FNaF World,1664,2026-09-30T16:01:47Z,en,['English'],2026-10-01,02-13-44,Thursday
320456500062,113494583,awake,498566,Slots,1650,2026-09-30T19:03:42Z,en,['English'],2026-10-01,02-13-44,Thursday
317901198179,109778370,velox,32982,Grand Theft Auto V,1646,2026-09-30T17:01:49Z,it,"['warzone', 'callofduty', 'ita', 'velox', 'Italiano']",2026-10-01,02-13-44,Thursday
318772764517,404813066,flokox,123184772,EA Sports FC 27,1639,2026-09-30T15:25:17Z,it,"['Italiano', 'FC26', 'FC27', 'DropAbilitati']",2026-10-01,02-13-44,Thursday
316972298838,157644799,bandospapa,509658,Just Chatting,1636,2026-09-30T16:41:00Z,ru,"['Русский', 'DropsВключены']",2026-10-01,02-13-44,Thursday
316937542997,835633520,titamin1,494184,Mobile Legends: Bang Bang,1633,2026-09-30T13:18:39Z,ru,['Русский'],2026-10-01,02-13-44,Thursday
317864304738,42852931,youmadsin,771448419,AION 2,1627,2026-09-30T09:36:34Z,en,"['aion', 'aion2', 'mmo', 'kmmo', 'gaming', 'English', 'Dragon', 'DropsEnabled']",2026-10-01,02-13-44,Thursday
318771618917,151883075,mahluna,516575,VALORANT,1624,2026-09-30T13:36:28Z,de,['Deutsch'],2026-10-01,02-13-44,Thursday
316937978837,60796327,lasqa,18707,Grand Theft Auto IV,1622,2026-09-30T14:34:25Z,ru,"['Русский', 'Геймер', 'Трезвость', 'Озвучка', 'Аукцион', 'Регулярычи', 'RTX5080', 'Нейрохрючево', 'Голосование']",2026-10-01,02-13-44,Thursday
321651716826,238008719,deusamir,512710,Call of Duty: Warzone,1618,2026-09-30T18:34:34Z,es,"['Español', 'DeusAmir', 'Amir']",2026-10-01,02-13-44,Thursday
320549536732,69906737,chocotaco,493057,PUBG: BATTLEGROUNDS,1616,2026-09-30T17:31:52Z,en,['English'],2026-10-01,02-13-44,Thursday
318634750695,44162266,orkpod,1405728308,Orbitals,1612,2026-09-30T13:01:36Z,ru,"['Русский', 'DropsВключены']",2026-10-01,02-13-44,Thursday
321767064667,236171146,cented,499634,Crypto,1611,2026-09-30T15:10:46Z,en,['English'],2026-10-01,02-13-44,Thursday
319175833460,26857029,hastad,21779,League of Legends,1610,2026-09-30T16:48:42Z,pt,"['Português', 'lol', 'Vayne', 'ADC', 'raze', 'CS2', 'slots', 'casino', 'leagueoflegends']",2026-10-01,02-13-44,Thursday
317892183780,110016424,kiliratv,509658,Just Chatting,1602,2026-09-30T18:38:14Z,fr,"['Français', 'DropsActivés']",2026-10-01,02-13-44,Thursday
318829425766,36998510,rob2628,515024,Diablo IV,1599,2026-09-30T15:34:41Z,en,"['English', 'Deutsch', 'ARPG', 'DropsEnable']",2026-10-01,02-13-44,Thursday
318249902936,589578053,konygebony,509672,IRL,1591,2026-09-30T17:14:58Z,de,['Deutsch'],2026-10-01,02-13-44,Thursday
317559343351,21302211,venruki,18122,World of Warcraft,1587,2026-09-30T15:39:31Z,en,['English'],2026-10-01,02-13-44,Thursday
317559385975,474375619,lewislefou,509658,Just Chatting,1579,2026-09-30T15:51:50Z,fr,"['Français', 'DropsActivés']",2026-10-01,02-13-44,Thursday
318832230118,111971097,pchal,1982936547,Pokémon,1579,2026-09-30T18:19:07Z,en,"['Nuzlocke', 'PlatinumKaizo', 'AuthenticItalianRecipes', 'Techno', 'Multifandom', 'Polyamorous', 'SecularPapist', 'Elvanse', 'Minoxidil', 'DrPepperZero']",2026-10-01,02-13-44,Thursday
319407919575,52028814,abe,263490,Rust,1577,2026-09-30T16:35:12Z,en,"['English', 'DropsEnabled']",2026-10-01,02-13-44,Thursday
316971211734,141651092,gagik,18707,Grand Theft Auto IV,1572,2026-09-30T13:59:57Z,ru,"['Multiplayer', 'ВИКИНГ', 'ГАГИК', 'ЦЕНТРАЛ', 'Majestic', 'Русский']",2026-10-01,02-13-44,Thursday
318637129575,30357893,werlyb,21779,League of Legends,1570,2026-09-30T16:19:32Z,es,"['Español', 'DropsActivados']",2026-10-01,02-13-44,Thursday
316525883634,45839490,alfrea,21779,League of Legends,1569,2026-09-30T06:03:33Z,ja,"['ネタバレ禁止', 'アドバイス禁止', '日本語']",2026-10-01,02-13-44,Thursday
319395719895,163168110,eido,2132205352,Deadlock,1565,2026-09-29T11:22:48Z,en,"['meow', 'mexican', 'English', 'Asian']",2026-10-01,02-13-44,Thursday
318826868454,71691082,putrefy,1254042066,The Witcher 3: Wild Hunt Remastered,1564,2026-09-30T11:25:03Z,pl,"['Polski', 'DropyWłączone']",2026-10-01,02-13-44,Thursday
318639040359,1140571796,lapizarradeandres,509658,Just Chatting,1561,2026-09-30T18:15:57Z,es,['Español'],2026-10-01,02-13-44,Thursday
317017229012,1291939588,cybersportikkk,32399,Counter-Strike,1560,2026-09-30T18:39:23Z,ru,"['English', 'cs2faceit', 'cs', 'CS2', 'Русский', 'Повтор']",2026-10-01,02-13-44,Thursday
319036092790,529162179,dropsbadge,115977,The Witcher 3: Wild Hunt,1557,2026-09-29T03:17:24Z,en,"['English', 'badges', 'Rerun', 'Drop', 'TheWitcher3WildHunt', 'DropsEnabled']",2026-10-01,02-13-44,Thursday
318638789479,501438035,niklaswilson,509658,Just Chatting,1553,2026-09-30T18:00:59Z,de,"['Deutsch', 'DropsAktiviert']",2026-10-01,02-13-44,Thursday
321768670299,404051693,fettr6s,460630,Rainbow Six Siege,1549,2026-09-30T18:45:45Z,en,"['English', 'Esports', 'DropsEnabled']",2026-10-01,02-13-44,Thursday
320452867550,216161144,imexile,508455,Valheim,1549,2026-09-30T09:53:04Z,en,['English'],2026-10-01,02-13-44,Thursday
318831604198,65660593,morrog,743893402,WARDOGS,1541,2026-09-30T17:47:34Z,nl,"['Nederlands', 'DropsIngeschakeld']",2026-10-01,02-13-44,Thursday
317901518819,74397555,dofla,509658,Just Chatting,1537,2026-09-30T17:35:45Z,fr,"['react', 'Français', 'politique', 'DropsActivés']",2026-10-01,02-13-44,Thursday
317558254967,42556012,fanhots,32959,Heroes of the Storm,1535,2026-09-30T10:12:28Z,en,"['English', 'PvP', 'Ranked', 'SidestepKing', 'B2GM', 'DropsEnabled']",2026-10-01,02-13-44,Thursday
318775333349,122808988,edizderbreite,32982,Grand Theft Auto V,1534,2026-09-30T18:01:17Z,de,['Deutsch'],2026-10-01,02-13-44,Thursday
318828924006,32806281,castcrafter,2042681592,Minecraft Dungeons II,1533,2026-09-30T14:57:59Z,de,['Deutsch'],2026-10-01,02-13-44,Thursday
315574076400,16677765,qttsix,1196484333,Dynasty Warriors 3: Complete Edition Remastered,1533,2026-09-30T14:32:14Z,zh,['中文'],2026-10-01,02-13-44,Thursday
318832653798,982132619,sippinguap,32982,Grand Theft Auto V,1513,2026-09-30T18:44:30Z,ru,['Русский'],2026-10-01,02-13-44,Thursday
318829485798,719950200,patrizio_official,509658,Just Chatting,1512,2026-09-30T15:39:34Z,it,['Italiano'],2026-10-01,02-13-44,Thursday
319407175895,106125347,couragejd,743893402,WARDOGS,1511,2026-09-30T14:01:45Z,en,['English'],2026-10-01,02-13-44,Thursday
317015852756,225473192,blachu_,123184772,EA Sports FC 27,1510,2026-09-30T15:43:21Z,pl,['Polski'],2026-10-01,02-13-44,Thursday
318829335910,232300705,rainbow6fr,460630,Rainbow Six Siege,1506,2026-09-30T15:28:00Z,fr,"['Esports', 'Français', 'DropsActivés']",2026-10-01,02-13-44,Thursday
319407556951,1093257262,itskatchii,771448419,AION 2,1506,2026-09-30T15:32:50Z,en,"['English', 'girl', 'wasian', 'lol', 'idk', 'DropsEnabled']",2026-10-01,02-13-44,Thursday
316972013014,1129044165,smetanduck,494184,Mobile Legends: Bang Bang,1502,2026-09-30T16:05:26Z,ru,"['Русский', 'млбб', 'МобаилЛегендс', 'сметанамлбб', 'SmetanaML', 'мл', '100звезд']",2026-10-01,02-13-44,Thursday
319408240471,25093116,fl0m,32399,Counter-Strike,1500,2026-09-30T17:24:02Z,en,"['BEARD', 'Washed', 'Pro', 'CONTENT', 'FAT', 'NotFat', 'NOTlate', 'SwoleDaddy', 'English']",2026-10-01,02-13-44,Thursday
317898717539,42465441,drunge_,771448419,AION 2,1498,2026-09-30T12:05:25Z,fr,"['Français', 'HardcoreGamer', 'MMO', 'RPG', 'DropsActivés']",2026-10-01,02-13-44,Thursday
321600686425,49608470,aspiringspike,2748,Magic: The Gathering,1490,2026-09-30T13:51:39Z,en,['English'],2026-10-01,02-13-44,Thursday
318826136678,73254415,maelstorm,29595,Dota 2,1478,2026-09-30T09:37:44Z,ru,['Русский'],2026-10-01,02-13-44,Thursday
316330369261,619098998,ashswag,32982,Grand Theft Auto V,1477,2026-09-30T16:28:52Z,en,"['English', 'brownboyswag']",2026-10-01,02-13-44,Thursday
318832081510,803142740,alibumayetv,509658,Just Chatting,1474,2026-09-30T18:10:54Z,de,"['Deutsch', 'alibumaye', 'DropsAktiviert']",2026-10-01,02-13-44,Thursday
319408486743,79763995,squareenix,369585,Kingdom Hearts III,1473,2026-09-30T18:00:40Z,ja,"['sqex', 'SQUAREENIX', 'Japanese', '日本語', 'finalfantasy7revelation', 'finalfantasyresonance', 'romancingsaga3']",2026-10-01,02-13-44,Thursday
318832821990,89872865,laink,509658,Just Chatting,1461,2026-09-30T18:55:50Z,fr,"['Français', 'DropsActivés']",2026-10-01,02-13-44,Thursday
318639375847,42377653,akkaluuk,27471,Minecraft,1458,2026-09-30T18:38:11Z,nl,"['CSMP4', 'Creatorsmp', 'Nederlands']",2026-10-01,02-13-44,Thursday
319104431989,256870169,marco_veio,771448419,AION 2,1455,2026-09-30T12:26:12Z,pt,"['MMORPG', 'AION2', 'English', 'Português', 'DropsAtivados']",2026-10-01,02-13-44,Thursday
316047368657,78503539,secriot_mcfly,31339,Project Zomboid,1447,2026-09-30T15:06:49Z,es,"['Sorteo', 'TennoCreate', 'Español', 'JugamosJuntos', 'Repetir']",2026-10-01,02-13-44,Thursday
316046686417,58486016,evangelion0,771448419,AION 2,1447,2026-09-30T10:02:10Z,es,"['Español', 'DropsActivados']",2026-10-01,02-13-44,Thursday
318827955814,68512451,goicke,32982,Grand Theft Auto V,1442,2026-09-30T13:33:45Z,de,"['Deutsch', 'ＧTA5', 'RP', 'reactions', 'Berlin', 'liesthierjemanddieTags', 'werbrauchtschontags', 'justcchatting', 'DingsBums']",2026-10-01,02-13-44,Thursday
319048539254,214147478,norgannonhh,771448419,AION 2,1439,2026-09-30T18:50:31Z,es,"['Español', 'MMORPG', 'Argentina', 'Drops', 'PvP', 'Gameplay', 'Noticias', 'Multijugador', 'ArcRaiders', 'Videojuegos']",2026-10-01,02-13-44,Thursday
317558234487,40980097,faux,2083,RuneScape,1439,2026-09-30T10:02:29Z,en,['English'],2026-10-01,02-13-44,Thursday
320456199774,36973271,geega,32982,Grand Theft Auto V,1436,2026-09-30T18:32:18Z,en,"['English', 'Vtuber', 'Evil', 'CancerSurvivor', 'NoPixel', 'NoPixelV', 'DropsEnabled']",2026-10-01,02-13-44,Thursday
316584935283,928482127,reirei_neon,472944250,BanG Dream! Our Notes,1435,2026-09-30T18:17:40Z,zh,"['中文', 'English', 'Vtuber', '小丑', '馬鈴薯園', 'frennless']",2026-10-01,02-13-44,Thursday
316584430707,15027034,zrush,1901865180,NTE: Neverness to Everness,1432,2026-09-30T15:03:31Z,zh,"['中文', '訂閱免廣告', '启用掉宝']",2026-10-01,02-13-44,Thursday
317867450594,157723307,pokealexvgc,1931693784,Pokémon Champions,1429,2026-09-30T17:09:28Z,es,"['Español', 'KOI', 'Pokémon', 'VGC', 'MovistarKOI', 'Competitivo', 'PokémonChampions', 'DropsActivados']",2026-10-01,02-13-44,Thursday
318771523557,84539108,nisqyy,516575,VALORANT,1423,2026-09-30T13:27:41Z,fr,"['Français', 'Chıll', 'English', 'Europe', 'leagueoflegends', 'MOBA', 'Anime', 'movie', 'gaming', 'food']",2026-10-01,02-13-44,Thursday
316939938517,1333297699,telkastrimera67,29595,Dota 2,1409,2026-09-30T19:00:06Z,ru,"['Русский', 'дарюденьги', 'пикминяша']",2026-10-01,02-13-44,Thursday
318767375077,25821344,shenpai,23857,Pokémon HeartGold/SoulSilver,1407,2026-09-29T23:58:44Z,en,"['English', 'OhGodHelpMe', 'NoBackseating', 'Bisexual', 'WomenKisser', 'yaoiconnoisseur', 'ADHD', 'TransRights', 'NoGenAI', 'antiGenAI']",2026-10-01,02-13-44,Thursday
318639511911,837046873,upminaa,1319457944,Tales of Fear: Episode Zero,1399,2026-09-30T18:47:29Z,en,"['English', 'Cosplay', 'genshinimpact']",2026-10-01,02-13-44,Thursday
321766555611,29237967,blu_haze,499003,VRChat,1392,2026-09-30T13:32:58Z,en,"['ENVtuber', 'VirtualReallity', 'chattingwithviewers', 'dancegirl', 'EDM', 'rave', 'girlfailure', 'goober', 'English']",2026-10-01,02-13-44,Thursday
320549643356,24124090,datmodz,771448419,AION 2,1389,2026-09-30T17:44:12Z,en,"['AMA', 'English', 'DropsEnabled']",2026-10-01,02-13-44,Thursday
318773141093,106318725,demonzz1,123184772,EA Sports FC 27,1385,2026-09-30T15:55:40Z,pl,['Polski'],2026-10-01,02-13-44,Thursday
317902061027,945267893,wissam_xelka,509658,Just Chatting,1381,2026-09-30T18:22:05Z,fr,"['Français', 'DropsActivés']",2026-10-01,02-13-44,Thursday
318636639079,163488747,n3utr4lsf,510389,Shakes and Fidget,1378,2026-09-30T15:45:04Z,pl,"['shakes', 'fidget', 'shakesfidget', 'Polski', 'DropyWłączone']",2026-10-01,02-13-44,Thursday
318826874726,216221783,anaaja,509663,Special Events,1377,2026-09-30T11:25:53Z,de,"['Deutsch', 'SafeSpace', 'toller', 'stream', 'deine', 'Mutter', 'DropsAktiviert']",2026-10-01,02-13-44,Thursday
317866333794,88301612,xari,509658,Just Chatting,1375,2026-09-30T15:08:30Z,fr,"['Français', 'DropsActivés']",2026-10-01,02-13-44,Thursday
320453708638,22552479,giantwaffle,1288749557,Dressmaker,1371,2026-09-30T13:28:53Z,en,"['English', 'smoothbrain', 'greg']",2026-10-01,02-13-44,Thursday
318249804760,59016177,cooksux,509672,IRL,1366,2026-09-30T16:56:14Z,en,"['comedy', 'travel', 'irl', 'aapi', 'outdoors', 'English', 'KoreanAmerican', 'gundam', 'DropsEnabled']",2026-10-01,02-13-44,Thursday
318250308824,996756981,aquwa,509658,Just Chatting,1365,2026-09-30T18:28:19Z,en,"['Vtuber', 'English', 'Seiso', 'cringe', 'LOUD', 'BALLS', 'DropsEnabled']",2026-10-01,02-13-44,Thursday
317866697570,228173368,enkeo_,512710,Call of Duty: Warzone,1360,2026-09-30T15:53:37Z,fr,"['Français', 'Compétitif', 'M8', 'GentleMates', 'Tournoi', 'WSOW', 'EWC']",2026-10-01,02-13-44,Thursday
316939948373,230768385,follentass,509658,Just Chatting,1360,2026-09-30T19:01:09Z,ru,"['Русский', 'English', 'IRL', 'DropsВключены']",2026-10-01,02-13-44,Thursday
318772229605,1210620470,helleniclegends,21779,League of Legends,1360,2026-09-30T14:36:15Z,el,"['English', 'Ελληνικά', 'ERL', 'greek', 'Esports', 'League', 'Tournament', 'Greece', 'Competitive']",2026-10-01,02-13-44,Thursday
321600557913,460930758,decu,499634,Crypto,1348,2026-09-30T13:23:29Z,en,['English'],2026-10-01,02-13-44,Thursday
321767820635,814026647,ereklo_game,19976,MapleStory,1343,2026-09-30T16:58:20Z,en,"['english', 'MMO', 'maplestory', 'twins', 'English', 'wow']",2026-10-01,02-13-44,Thursday
316930340181,1054415764,gynasyxof1,29452,Virtual Casino,1338,2026-09-29T08:42:17Z,pt,['Português'],2026-10-01,02-13-44,Thursday
320547679964,59308271,tfblade,21779,League of Legends,1332,2026-09-30T13:08:40Z,en,"['English', 'Rank1', 'Toplaner']",2026-10-01,02-13-44,Thursday
317890792164,127800,pokerstars,488190,Poker,1326,2026-09-30T16:40:45Z,en,['English'],2026-10-01,02-13-44,Thursday
317892606692,42549067,aenot,32982,Grand Theft Auto V,1319,2026-09-30T19:05:12Z,fr,"['Français', 'flashback', 'RP', 'Aenot', 'DropsActivés', 'NoPixel']",2026-10-01,02-13-44,Thursday
320590231904,1124490553,moomooclover,2085980140,Lethal Company,1316,2026-09-30T17:29:34Z,en,"['Vtuber', 'Cozy', 'yapping', 'English', 'Live2D', 'silly']",2026-10-01,02-13-44,Thursday
321601608665,184336761,acie,32982,Grand Theft Auto V,1314,2026-09-30T16:27:33Z,en,"['English', 'NoPixelV']",2026-10-01,02-13-44,Thursday
317016066644,161987808,stoun_m,509658,Just Chatting,1313,2026-09-30T16:11:02Z,ru,"['Русский', 'DropsВключены']",2026-10-01,02-13-44,Thursday
317867785826,645911728,khadim,32982,Grand Theft Auto V,1304,2026-09-30T17:38:53Z,fr,"['Français', 'DropsActivés']",2026-10-01,02-13-44,Thursday
321648845658,37153210,zethiann,386821,Black Desert,1304,2026-09-30T09:43:20Z,en,"['English', 'DropsEnabled']",2026-10-01,02-13-44,Thursday
317891566948,32053915,rivenzi,509658,Just Chatting,1302,2026-09-30T17:53:58Z,fr,"['Français', 'Histoire', 'DropsActivés']",2026-10-01,02-13-44,Thursday
316930339669,1054415727,sapypo15,29452,Virtual Casino,1297,2026-09-29T08:42:16Z,pt,['Português'],2026-10-01,02-13-44,Thursday
320589010912,31557869,dasmehdi,32982,Grand Theft Auto V,1295,2026-09-30T15:04:19Z,en,"['NoPixel', 'Roleplay', 'Variety', 'English']",2026-10-01,02-13-44,Thursday
315553015791,11561802,godjj,1626595684,Magical Princess,1295,2026-09-30T13:27:34Z,zh,"['中文', '訂閱免廣告', '登入就送', 'aniimo', '伊莫']",2026-10-01,02-13-44,Thursday
317890189284,1135402907,imow,401587136,Arena Breakout: Infinite,1292,2026-09-30T15:49:31Z,en,"['ABI', 'English', 'imow', 'DropsEnabled']",2026-10-01,02-13-44,Thursday
318637769191,58221890,doktorfroid,509658,Just Chatting,1291,2026-09-30T17:01:16Z,de,"['Deutsch', 'reaction', 'reacts', 'Comedy', 'react', 'Variety', 'IRL', 'gaming', 'DropsAktiviert']",2026-10-01,02-13-44,Thursday
319407720663,95304188,zoil,509658,Just Chatting,1289,2026-09-30T16:03:41Z,en,"['English', 'DropsEnabled']",2026-10-01,02-13-44,Thursday
316527359602,819958317,peace_tw,511224,Apex Legends,1284,2026-09-30T12:30:53Z,ja,['日本語'],2026-10-01,02-13-44,Thursday
320455737054,452016586,sadicaz,417528,Albion Online,1283,2026-09-30T17:44:18Z,es,"['Español', 'argentina', 'España', 'AlbionOnline', 'drops', 'Português', 'English', 'giveaway', 'PVE', 'DropsActivados']",2026-10-01,02-13-44,Thursday
318249709912,696039109,lucypyre,1742163310,Worming from Home,1278,2026-09-30T16:35:30Z,en,"['Vtuber', 'cringecontent', 'pegmaster', 'English', 'middleschoolhumor', 'womanplsbepatient', 'ADHD', 'autismmaxxing', 'parasocialbtw', '67enthusiast']",2026-10-01,02-13-44,Thursday
316584641139,117348035,et_1231,309493,Happy Wheels,1274,2026-09-30T16:14:21Z,zh,['中文'],2026-10-01,02-13-44,Thursday
318773442789,38378829,kapuzenwurm,866287127,Welcome to Elderfield,1272,2026-09-30T16:15:36Z,de,['Deutsch'],2026-10-01,02-13-44,Thursday
316939795669,43580012,mcpieoff,493057,PUBG: BATTLEGROUNDS,1269,2026-09-30T18:39:50Z,ru,['Русский'],2026-10-01,02-13-44,Thursday
316514579313,150989534,guanweiboy,516575,VALORANT,1267,2026-09-30T10:20:49Z,zh,['中文'],2026-10-01,02-13-44,Thursday
315552582127,1047145019,mayj0501,516575,VALORANT,1260,2026-09-30T10:33:32Z,zh,"['中文', '魔法師', '暴言系', '手手', '打瓦裏人格', '躁躁人', 'Vtuber', '怪人']",2026-10-01,02-13-44,Thursday
318831998438,411421627,hmatttv,509658,Just Chatting,1260,2026-09-30T18:06:45Z,it,"['Italiano', 'reaction', 'programmitv', 'DropAbilitati']",2026-10-01,02-13-44,Thursday
316971347670,65261719,wukosha,12839,Heroes of Might and Magic III: The Restoration of Erathia,1259,2026-09-30T14:23:29Z,ru,['Русский'],2026-10-01,02-13-44,Thursday
318638094311,36811285,tobinatorlp,1979693660,Transport Fever 3,1253,2026-09-30T17:20:04Z,de,"['Deutsch', 'Tobinator', 'drops', 'bloodofdawnwalker', 'FirstPlaythrough', 'chill']",2026-10-01,02-13-44,Thursday
321651142234,90018770,squishymuffinz,30921,Rocket League,1253,2026-09-30T17:25:43Z,en,['English'],2026-10-01,02-13-44,Thursday
319175868148,71167031,fer,32399,Counter-Strike,1246,2026-09-30T16:54:52Z,pt,['Português'],2026-10-01,02-13-44,Thursday
318831742438,1290884025,langlebepapatv,509672,IRL,1244,2026-09-30T17:55:04Z,de,['Deutsch'],2026-10-01,02-13-44,Thursday
318639237223,84547838,timgioh,509658,Just Chatting,1238,2026-09-30T18:29:28Z,de,"['Yugioh', 'English', 'twìtch', 'justchatting', 'Action', 'Horror', 'Community', 'Deutsch', 'TwitchPartner', 'DropsAktiviert']",2026-10-01,02-13-44,Thursday
321766238939,30214074,jeffhoogland,1743359147,MARVEL SNAP,1237,2026-09-30T12:14:04Z,en,"['English', 'DropsEnabled']",2026-10-01,02-13-44,Thursday
318828536038,67337350,officialhyper,32399,Counter-Strike,1236,2026-09-30T14:27:05Z,pl,['Polski'],2026-10-01,02-13-44,Thursday
319406964439,75268383,lilwhuda,509672,IRL,1233,2026-09-30T13:01:09Z,en,"['English', 'lilwhuda']",2026-10-01,02-13-44,Thursday
318764263269,1547032011,premiumwalze,498566,Slots,1229,2026-09-29T18:16:10Z,de,['Deutsch'],2026-10-01,02-13-44,Thursday
321767503067,98014947,thefutaccountant,123184772,EA Sports FC 27,1227,2026-09-30T16:14:26Z,en,['English'],2026-10-01,02-13-44,Thursday
316528029170,11692694,uzra,138585,Hearthstone,1227,2026-09-30T14:25:45Z,zh,['中文'],2026-10-01,02-13-44,Thursday
317901506019,537217836,trebor,497497,Brawl Stars,1224,2026-09-30T17:34:44Z,es,['Español'],2026-10-01,02-13-44,Thursday
317900501091,37523739,kenbogard,417752,Talk Shows & Podcasts,1222,2026-09-30T15:44:49Z,fr,"['Français', 'UFA2026', 'StreetFighter6', 'DropsActivés']",2026-10-01,02-13-44,Thursday
321600770137,1097162283,yetr,2042681592,Minecraft Dungeons II,1221,2026-09-30T14:06:18Z,en,"['English', 'Aurora', 'AuroraCape', 'Minecraft']",2026-10-01,02-13-44,Thursday
318634085607,37550199,pilavpowa,18122,World of Warcraft,1221,2026-09-30T11:52:50Z,en,"['English', 'WorldfofWarcraft', 'comedian']",2026-10-01,02-13-44,Thursday
318774328037,29468517,pago3,417892,Z1: Battle Royale,1212,2026-09-30T17:06:49Z,pl,"['Polski', 'English']",2026-10-01,02-13-44,Thursday
321600748505,45453222,ziggy,32982,Grand Theft Auto V,1212,2026-09-30T14:02:16Z,en,"['Roleplay', 'English', 'NoPixel', 'NoPixelV']",2026-10-01,02-13-44,Thursday
316937968341,25604128,guit88man,1517377137,RV There Yet?,1212,2026-09-30T14:32:49Z,ru,['Русский'],2026-10-01,02-13-44,Thursday
318772661733,87568138,jessirocks,771448419,AION 2,1206,2026-09-30T15:14:59Z,de,"['Deutsch', 'DropsAktiviert']",2026-10-01,02-13-44,Thursday
321650539610,81463115,kotton,743893402,WARDOGS,1202,2026-09-30T16:18:18Z,en,"['English', 'fps', 'survival', 'Strategy', '1440p', '2k']",2026-10-01,02-13-44,Thursday
317016463444,41295894,nostoro,1254042066,The Witcher 3: Wild Hunt Remastered,1202,2026-09-30T17:00:55Z,ru,"['Русский', 'DropsВключены']",2026-10-01,02-13-44,Thursday
316939110997,1333807261,ksufee,509658,Just Chatting,1198,2026-09-30T17:09:22Z,ru,"['Русский', 'anime', 'girl', 'English', 'девушка', 'girlstreamer', 'Аниме', 'Косплей', 'Cosplay', 'общение']",2026-10-01,02-13-44,Thursday
320455321310,504092968,djmissshelton,1669431183,DJs,1195,2026-09-30T16:59:02Z,en,"['English', 'Music', 'DJ', 'Party', 'Deutschlernen', 'DropsEnabled']",2026-10-01,02-13-44,Thursday
318775692773,609632336,der_skandal,509658,Just Chatting,1193,2026-09-30T18:21:07Z,de,"['Deutsch', 'DropsAktiviert']",2026-10-01,02-13-44,Thursday
320550169308,116673961,lftoxy_val,516575,VALORANT,1191,2026-09-30T18:42:58Z,en,['English'],2026-10-01,02-13-44,Thursday
318635672679,98916815,sunglitters,771448419,AION 2,1191,2026-09-30T14:24:56Z,en,"['English', 'German', 'potatoes', 'Vtuber', 'Deutsch', 'OnlyFangs', 'ZNN', 'DropsEnabled']",2026-10-01,02-13-44,Thursday
316150765034,41556524,thewhelps,771448419,AION 2,1190,2026-09-30T08:58:52Z,en,"['English', 'MMORPG', 'korean', 'Australia', 'F2P', 'drops', '1440p', 'DropsEnabled']",2026-10-01,02-13-44,Thursday
316064361426,27045041,toadamarillo,21779,League of Legends,1189,2026-09-29T14:49:03Z,es,"['Español', 'LeagueaofLegends', 'LOL', 'Toad', 'TOADAMARILLO', 'DropsActivados']",2026-10-01,02-13-44,Thursday
317558682231,23735582,sacriel,743893402,WARDOGS,1187,2026-09-30T12:41:17Z,en,"['English', 'Educational', 'British', 'Banter', 'Canadian', 'TwitchOG', 'NoGenAI']",2026-10-01,02-13-44,Thursday
318637727975,536621382,maximzocktslots,498566,Slots,1186,2026-09-30T16:59:48Z,de,['Deutsch'],2026-10-01,02-13-44,Thursday
321602903897,81687332,cloakzy,464339927,ARC Raiders,1183,2026-09-30T19:00:39Z,en,"['English', 'Furry']",2026-10-01,02-13-44,Thursday
316126284137,82695830,arven93,401587136,Arena Breakout: Infinite,1182,2026-09-30T15:07:07Z,ru,"['Русский', 'arven93', 'motovlog', 'moto', 'arenabreakout', 'Arena', 'arenabreakoutinfinite', 'Арена', 'аренабрекаут', 'arven']",2026-10-01,02-13-44,Thursday
318776012261,887905545,kharkivets,509658,Just Chatting,1178,2026-09-30T18:40:19Z,uk,"['Українська', 'DropsУвімкнено']",2026-10-01,02-13-44,Thursday
320588773984,129801067,joshseki,2132205352,Deadlock,1176,2026-09-30T14:33:04Z,en,"['English', 'Valorant', 'Kpop', 'Anime', 'Cozy', 'Competitive', 'Giveaways']",2026-10-01,02-13-44,Thursday
318774278373,1505967896,ehxydonut,27471,Minecraft,1173,2026-09-30T17:04:27Z,en,"['English', 'donutsmp', 'minecraft', 'giveaway', 'drdonut', 'ehxy', 'Nederlands', 'Hardcore']",2026-10-01,02-13-44,Thursday
316094036307,36974451,barny,18122,World of Warcraft,1171,2026-09-30T12:53:11Z,en,"['English', 'frog', 'NoGenerativeAI']",2026-10-01,02-13-44,Thursday
318770828901,51529432,cepreu_inq,771448419,AION 2,1169,2026-09-30T12:14:28Z,ru,"['Русский', 'Аниме', 'MMORPG', 'Shotergame', 'poe2', 'PoE', 'Build', 'PathOfExile', 'drops', 'Rust']",2026-10-01,02-13-44,Thursday
318832701414,29565445,h0llylp,1338428218,CONTROL Resonant,1167,2026-09-30T18:47:32Z,de,"['Deutsch', 'DropsAktiviert']",2026-10-01,02-13-44,Thursday
319105305973,1022882485,pacifistatibiano,19619,Tibia,1161,2026-09-30T16:07:41Z,pt,"['rubinot', 'Português', 'Reposição', 'rubini', 'Tibia', 'tibiaglobal']",2026-10-01,02-13-44,Thursday
319046526070,73456543,cahos_gaming,771448419,AION 2,1160,2026-09-30T11:53:36Z,es,"['Español', 'ARPG', 'drops', 'MMORPG', 'MMO', 'aion2partner', 'AION2', 'Aion', 'DropsActivados']",2026-10-01,02-13-44,Thursday
318637710311,1373178940,andr_surov,509672,IRL,1156,2026-09-30T16:58:54Z,ru,"['Русский', 'Україна']",2026-10-01,02-13-44,Thursday
318776088677,996524016,mangekyou_14,29595,Dota 2,1156,2026-09-30T18:45:03Z,ru,['Русский'],2026-10-01,02-13-44,Thursday
316938919509,1228051796,reznikbtw,509658,Just Chatting,1154,2026-09-30T16:48:21Z,ru,"['Русский', 'DropsВключены']",2026-10-01,02-13-44,Thursday
317887596516,116204556,waterpatate,32982,Grand Theft Auto V,1154,2026-09-30T10:52:24Z,fr,"['Français', 'cosy', 'goodvibes', 'girl', 'scifi', 'DropsActivés']",2026-10-01,02-13-44,Thursday
316068019666,785701052,fraiki,509658,Just Chatting,1152,2026-09-30T17:08:30Z,en,"['vtuber', 'anime', 'envtuber', 'gaming', 'English', 'react', 'Educational', 'Horror', 'Cozy', 'DropsEnabled']",2026-10-01,02-13-44,Thursday
320590727264,426101693,w0n23,417528,Albion Online,1150,2026-09-30T18:19:08Z,en,"['English', 'DropsEnabled', 'MMORPG']",2026-10-01,02-13-44,Thursday
316124662377,53395686,qq7925168,516575,VALORANT,1149,2026-09-30T06:55:28Z,zh,['中文'],2026-10-01,02-13-44,Thursday
317898653539,44806759,lapi,18122,World of Warcraft,1145,2026-09-30T11:55:48Z,fr,['Français'],2026-10-01,02-13-44,Thursday
317901608547,58753574,zeling,771448419,AION 2,1145,2026-09-30T17:45:18Z,es,"['Español', 'DropsActivados']",2026-10-01,02-13-44,Thursday
317868601314,243579697,hakaiwrld,509658,Just Chatting,1144,2026-09-30T18:41:20Z,fr,"['Français', 'DropsActivés']",2026-10-01,02-13-44,Thursday
318638991335,1274586812,emmnasstics,509658,Just Chatting,1138,2026-09-30T18:12:41Z,de,"['Deutsch', 'girl', 'DropsAktiviert']",2026-10-01,02-13-44,Thursday
317868042722,1156267140,kinoah2k,509658,Just Chatting,1130,2026-09-30T18:00:23Z,fr,"['Français', 'DropsActivés', 'kinoah2k', 'Discussions', 'justchatting']",2026-10-01,02-13-44,Thursday
316938215381,114010306,mulder,491487,Dead by Daylight,1128,2026-09-30T15:10:33Z,ru,['Русский'],2026-10-01,02-13-44,Thursday
318831403750,144798294,bigspincr,491168,Clash Royale,1127,2026-09-30T17:35:14Z,de,['Deutsch'],2026-10-01,02-13-44,Thursday
316972090582,102302893,fenya,32399,Counter-Strike,1125,2026-09-30T16:14:48Z,ru,"['Русский', 'CS2']",2026-10-01,02-13-44,Thursday
317867690978,223191589,tubbo,509658,Just Chatting,1123,2026-09-30T17:30:07Z,en,"['English', 'tubtime', 'sussexgamer', 'cheerfulexpert', 'RealmSMP', 'DropsEnabled']",2026-10-01,02-13-44,Thursday
318774469221,106119024,kugelbuch,743,Chess,1123,2026-09-30T17:15:07Z,de,"['deutsch', 'schach', 'chess', 'strategie', 'MUSKULÖS', '106iq', '1900elo', 'english', 'Deutsch', 'Englisch']",2026-10-01,02-13-44,Thursday
317865683554,71290640,kemist_c10h15n,512953,ELDEN RING,1121,2026-09-30T13:41:01Z,fr,"['Laboratoire', 'C10H15N', 'IUPAC', 'Chromatographie', 'Réactifs', 'Distillation', 'Spectroscopie', 'RMN', 'Français']",2026-10-01,02-13-44,Thursday
318831111910,220739785,aneyaris_,509658,Just Chatting,1120,2026-09-30T17:19:00Z,fr,"['Français', 'DropsActivés']",2026-10-01,02-13-44,Thursday
321602483033,31645736,goodoq,29595,Dota 2,1119,2026-09-30T18:07:00Z,ru,"['ASMR', 'Русский', 'Озеро', 'Усы']",2026-10-01,02-13-44,Thursday
319407683415,41176642,impulsesv,335261990,Stonewards,1118,2026-09-30T15:58:18Z,en,['English'],2026-10-01,02-13-44,Thursday
318832191078,748021712,jadealy,1901865180,NTE: Neverness to Everness,1118,2026-09-30T18:16:50Z,en,"['gaming', 'woman', 'chill', 'gacha', 'cozy', 'English', 'DropsEnabled']",2026-10-01,02-13-44,Thursday
317016390228,464843305,tadzheek,518017,Resident Evil Village,1115,2026-09-30T16:52:43Z,ru,"['staya', 'Русский', 'Таджик', 'GTARP', 'Majestic']",2026-10-01,02-13-44,Thursday
318830306278,121676028,ashlizzlle,2748,Magic: The Gathering,1110,2026-09-30T16:33:10Z,en,"['English', 'LGBTQ']",2026-10-01,02-13-44,Thursday
317559235959,49303276,nick28t,123184772,EA Sports FC 27,1108,2026-09-30T15:12:33Z,en,"['UltimateTeam', 'Tarkov', 'F1', 'MensHealth', 'iracing', 'simracing', 'IRL', 'escapefromtarkov', 'fc27', 'fc27ultimate']",2026-10-01,02-13-44,Thursday
318767242341,1547028008,tachomaxwin,498566,Slots,1108,2026-09-29T23:26:45Z,de,['Deutsch'],2026-10-01,02-13-44,Thursday
317891635044,36318615,theguill84,27471,Minecraft,1108,2026-09-30T17:59:08Z,fr,"['Français', 'aigri', 'minecraft', 'Guill', 'TheGuill84', 'acariâtre']",2026-10-01,02-13-44,Thursday
320454478686,74799314,fancyorb,263490,Rust,1104,2026-09-30T15:25:55Z,en,"['rust', 'fancyorb', 'event', 'gaming', 'English', 'DropsEnabled']",2026-10-01,02-13-44,Thursday
318827755110,61438909,wudijo,515024,Diablo IV,1104,2026-09-30T13:11:38Z,en,['English'],2026-10-01,02-13-44,Thursday
317897019875,416031592,solaryhs,138585,Hearthstone,1101,2026-09-30T05:01:25Z,fr,['Français'],2026-10-01,02-13-44,Thursday
319408065495,24991333,imaqtpie,771448419,AION 2,1096,2026-09-30T16:59:17Z,en,"['English', 'DropsEnabled']",2026-10-01,02-13-44,Thursday
316971432918,800718186,ruslandvip,509658,Just Chatting,1091,2026-09-30T14:38:59Z,ru,"['Русский', 'DropsВключены']",2026-10-01,02-13-44,Thursday
321600628825,514339555,kbmrapid,33214,Fortnite,1088,2026-09-30T13:39:09Z,en,['English'],2026-10-01,02-13-44,Thursday
317866460514,521583209,jujalag,1653894072,Antivirus Survivors 2003 Professional,1088,2026-09-30T15:24:28Z,es,['Español'],2026-10-01,02-13-44,Thursday
317868166626,622498423,otplol_,21779,League of Legends,1082,2026-09-30T18:08:50Z,fr,"['Français', 'DropsActivés']",2026-10-01,02-13-44,Thursday
317891390308,139027213,rocketbaguette,30921,Rocket League,1080,2026-09-30T17:37:07Z,fr,"['Esports', 'Français']",2026-10-01,02-13-44,Thursday
317016500052,107540500,r1outv,32982,Grand Theft Auto V,1079,2026-09-30T17:04:38Z,el,['Ελληνικά'],2026-10-01,02-13-44,Thursday
317015704276,592575770,stintlive,509658,Just Chatting,1077,2026-09-30T15:20:25Z,ru,"['Русский', 'DropsВключены']",2026-10-01,02-13-44,Thursday
317902542947,121231583,lennynjag,509658,Just Chatting,1073,2026-09-30T18:59:39Z,fr,"['Français', 'DropsActivés']",2026-10-01,02-13-44,Thursday
318832195814,138490205,looney,32982,Grand Theft Auto V,1071,2026-09-30T18:17:05Z,de,"['Deutsch', 'gta', 'RP', 'Rollenspiel', 'GTAVFiveM', 'gambling', 'slots', 'English']",2026-10-01,02-13-44,Thursday
318636864871,66019478,korbendetka,27546,World of Tanks,1071,2026-09-30T16:00:55Z,ru,"['Русский', 'korben', 'WorldofTanks', 'корбен']",2026-10-01,02-13-44,Thursday
318635252071,49440419,qojqva,29595,Dota 2,1070,2026-09-30T13:47:13Z,en,['English'],2026-10-01,02-13-44,Thursday
318774634213,118977300,viggomagic,32399,Counter-Strike,1069,2026-09-30T17:24:21Z,da,['Dansk'],2026-10-01,02-13-44,Thursday
318638696935,793157866,sarahtoninx9,509658,Just Chatting,1067,2026-09-30T17:56:17Z,de,"['Deutsch', 'german', 'justchattıng', 'BRAINROT', 'yapping', 'ragebait', 'Politik', 'reaction', 'react', 'DropsAktiviert']",2026-10-01,02-13-44,Thursday
317891664612,175560856,hctuan,2042681592,Minecraft Dungeons II,1066,2026-09-30T18:00:50Z,fr,['Français'],2026-10-01,02-13-44,Thursday
319408287319,632582385,maxggs,509658,Just Chatting,1062,2026-09-30T17:30:07Z,en,"['ENGLISH', 'HEHIM', 'IRL', 'MIDOFFS', 'AVERAGEHARRYSFRIEND', 'JONNAAY', 'yo', 'English', 'EXQSMPMEMBER', 'DropsEnabled']",2026-10-01,02-13-44,Thursday
316973303382,68950614,ybicanoooobov,29595,Dota 2,1062,2026-09-30T18:50:21Z,ru,['Русский'],2026-10-01,02-13-44,Thursday
317014455764,33932080,armadaugs,2692,Super Mario 64,1059,2026-09-30T11:51:54Z,en,['English'],2026-10-01,02-13-44,Thursday
317868071906,83174797,zafeel,2042681592,Minecraft Dungeons II,1058,2026-09-30T18:01:44Z,fr,"['Français', 'beaugosse']",2026-10-01,02-13-44,Thursday
316047616337,195942193,tyrone,32982,Grand Theft Auto V,1057,2026-09-30T16:31:43Z,en,"['English', 'British', 'capitalrp', 'plus44', 'gtarp', 'gta6']",2026-10-01,02-13-44,Thursday
320547202908,119522206,trey24k,491931,Escape from Tarkov,1054,2026-09-30T11:23:31Z,en,"['English', 'pain', 'suffering']",2026-10-01,02-13-44,Thursday
317866866530,183830454,godmota,498566,Slots,1045,2026-09-30T16:11:58Z,pt,['Português'],2026-10-01,02-13-44,Thursday
318633980391,140714397,schwabbeltown,509658,Just Chatting,1044,2026-09-30T11:40:01Z,de,"['Deutsch', 'Horror', 'HorrorGames', 'Crınge', 'DBDCreator', 'DropsAktiviert']",2026-10-01,02-13-44,Thursday
318827631078,812370801,freyja,1254042066,The Witcher 3: Wild Hunt Remastered,1043,2026-09-30T12:59:32Z,en,"['English', 'Ciri', 'ADHD', 'Chatty', 'Woman', 'FirstPlaythough', 'Girl', 'Feet', 'NoBackseatingUnlessAsked', 'Switzerland']",2026-10-01,02-13-44,Thursday
316973367382,779040773,astraasper,513143,Teamfight Tactics,1043,2026-09-30T19:00:32Z,ru,"['Русский', 'лигалегенд', 'Топлейнер', 'DropsВключены', 'RANK1']",2026-10-01,02-13-44,Thursday
318769771749,540662549,junicats,509672,IRL,1042,2026-09-30T09:44:29Z,de,"['Deutsch', 'IRL', 'clipqueue', 'DropsAktiviert', 'FreeDeathi']",2026-10-01,02-13-44,Thursday
318775504741,639535678,faroooyt,123184772,EA Sports FC 27,1037,2026-09-30T18:10:00Z,de,['Deutsch'],2026-10-01,02-13-44,Thursday
318634448359,107551531,kamikatze,32982,Grand Theft Auto V,1033,2026-09-30T12:32:22Z,de,['Deutsch'],2026-10-01,02-13-44,Thursday
317865993442,116990597,toontv,513143,Teamfight Tactics,1032,2026-09-30T14:25:08Z,fr,['Français'],2026-10-01,02-13-44,Thursday
321600665689,631774252,mpx_player,512710,Call of Duty: Warzone,1031,2026-09-30T13:47:13Z,en,"['English', 'mpxplayer', 'ADHD', 'rebirthisland', 'Veteran', 'NavyVeteran']",2026-10-01,02-13-44,Thursday
318633887975,39176440,dendi,29595,Dota 2,1028,2026-09-30T11:28:35Z,en,"['English', 'dota', 'MOBA', 'dota2']",2026-10-01,02-13-44,Thursday
320589461216,14410317,ezekiel_iii,1288749557,Dressmaker,1027,2026-09-30T16:00:29Z,en,"['English', 'ADHD', 'humor', 'ClosedCaptions']",2026-10-01,02-13-44,Thursday
321766141275,30573404,pohx,771448419,AION 2,1022,2026-09-30T11:47:54Z,en,"['English', 'Teaching', 'ARPG', 'RPG', 'Interactivewithchat', 'PathofExile', 'mmorpg', 'DropsEnabled']",2026-10-01,02-13-44,Thursday
318775923045,279419549,agendafreetv,509658,Just Chatting,1017,2026-09-30T18:34:47Z,en,"['English', 'DropsEnabled']",2026-10-01,02-13-44,Thursday
321648321882,23946146,dolphinchemist,33882,FTL: Faster Than Light,1016,2026-09-30T06:55:40Z,en,"['English', 'genius', 'Esperanto', 'NoSpoilers']",2026-10-01,02-13-44,Thursday
321650556890,32093909,ahlaundoh,18122,World of Warcraft,1011,2026-09-30T16:20:39Z,en,['English'],2026-10-01,02-13-44,Thursday
316123696745,115983024,crystalst,32982,Grand Theft Auto V,1008,2026-09-30T00:45:18Z,en,"['cozy', 'chill', 'vtuber', 'anime', 'filipino', 'English', 'NoPixel']",2026-10-01,02-13-44,Thursday
318832079974,470335253,hamedloco,123184772,EA Sports FC 27,1004,2026-09-30T18:10:50Z,de,['Deutsch'],2026-10-01,02-13-44,Thursday
317016111060,98099061,teosgame,127694361,Species: Unknown,1002,2026-09-30T16:17:10Z,en,"['English', 'LGBTQFriendly', 'swedish']",2026-10-01,02-13-44,Thursday
321768784603,501281,callofduty,512710,Call of Duty: Warzone,1000,2026-09-30T18:59:39Z,en,"['Esports', 'English', 'WSOW', 'COD', 'warzone', 'BlackOps7', 'callofduty', 'mw4', 'modernwarfare4']",2026-10-01,02-13-44,Thursday
317902355683,198040640,keshaeuw,21779,League of Legends,1000,2026-09-30T18:45:52Z,en,"['English', 'AUTISM', 'LOUD', 'FUNNY', 'CHALLENGER', 'SMART', 'DISABLED', 'NUNU', 'SWEDISH']",2026-10-01,02-13-44,Thursday
318248994648,95569482,wastzera,32399,Counter-Strike,996,2026-09-30T13:23:27Z,pt,"['wastzera', 'sorteio', 'dicas', 'farm', 'Português', 'skin', 'cs2', 'gamersclub', 'neymar', 'DropsAtivados']",2026-10-01,02-13-44,Thursday
319174311284,601665123,luzu_tv,417752,Talk Shows & Podcasts,993,2026-09-30T09:44:18Z,es,"['Español', 'DropsActivados']",2026-10-01,02-13-44,Thursday
316973217750,511291135,tusoved,509658,Just Chatting,990,2026-09-30T18:34:54Z,ru,"['общение', 'весело', 'Шизофрения', 'красивый', 'апалон', 'Русский', 'English', 'DropsВключены']",2026-10-01,02-13-44,Thursday
317901752163,655890726,tatiana_tv,32982,Grand Theft Auto V,989,2026-09-30T17:58:04Z,fr,['Français'],2026-10-01,02-13-44,Thursday
316093995091,52432582,mrgibbon,1081998272,PEAK,987,2026-09-30T12:34:40Z,en,"['English', 'Irish']",2026-10-01,02-13-44,Thursday
317900300771,24713999,smajor,27471,Minecraft,987,2026-09-30T15:20:36Z,en,"['lgbtqia', 'gay', 'scottish', 'English']",2026-10-01,02-13-44,Thursday
320590416480,660747188,jshock9nine,509672,IRL,984,2026-09-30T17:50:17Z,en,"['funny', 'English', 'chill', 'fun', 'IRL', 'twıtch', 'CEO', 'VIDSUMMIT', 'Dallas', 'Texas']",2026-10-01,02-13-44,Thursday
317890546660,127387636,flareycs,32399,Counter-Strike,981,2026-09-30T16:19:16Z,en,"['English', 'ADHD', 'skins', 'music', 'CS2', 'UK', 'tradeups']",2026-10-01,02-13-44,Thursday
317559408631,67450965,patstaresat,494099,Kingdom Hearts HD 1.5 + 2.5 ReMIX,976,2026-09-30T15:58:25Z,en,"['English', 'gaming', 'ObsessiveCompulsive', 'SleepDeprived', 'Dad']",2026-10-01,02-13-44,Thursday
319408377047,451856419,hpduketv,32982,Grand Theft Auto V,973,2026-09-30T17:42:26Z,en,['English'],2026-10-01,02-13-44,Thursday
318637999079,480775178,rejiboi,33214,Fortnite,972,2026-09-30T17:14:04Z,ru,['Русский'],2026-10-01,02-13-44,Thursday
318821388006,145498295,exsl95,509658,Just Chatting,970,2026-09-29T19:31:05Z,de,"['Deutsch', 'DropsAktiviert']",2026-10-01,02-13-44,Thursday
318636317415,507765428,xshowtime,1458901309,Find The Needle,969,2026-09-30T15:18:24Z,de,"['Deutsch', 'hannover', 'gaming', 'Reaktion', 'horrorgames', 'indiegames', 'Storygames', 'xshowtime', 'showtime']",2026-10-01,02-13-44,Thursday
317897927395,107414209,aiola,771448419,AION 2,967,2026-09-30T09:40:05Z,fr,"['Français', 'DropsActivés']",2026-10-01,02-13-44,Thursday
319407827415,492780599,aaronactionrpg,503932,Last Epoch,967,2026-09-30T16:20:17Z,en,"['gamer', 'gaming', 'actionrpg', 'arpg', 'mmorpg', 'le', 'lastepoch', 'English']",2026-10-01,02-13-44,Thursday
317889590116,68594999,ultia,489335,Outer Wilds,967,2026-09-30T14:52:16Z,fr,['Français'],2026-10-01,02-13-44,Thursday
316973112534,485471555,rodnoy,32982,Grand Theft Auto V,965,2026-09-30T18:18:58Z,ru,"['Русский', 'ЦЕНТРАЛ', 'Родной', 'Multiplayer', 'Majestic']",2026-10-01,02-13-44,Thursday
317868047970,844443492,rinpenrose,1288749557,Dressmaker,964,2026-09-30T18:00:37Z,en,"['Vtuber', 'English', 'BLÅHAJ', 'johnvtuber', 'rinpenrose2']",2026-10-01,02-13-44,Thursday
318831324646,126101469,dirkneuenfels,1669431183,DJs,961,2026-09-30T17:30:47Z,de,"['StandupComedy', 'DJ', 'Charts', 'House', 'Musik', 'Party', 'LGBTＱ', 'Electronic', 'Techno', 'entertainment']",2026-10-01,02-13-44,Thursday
318249689688,39724467,swagg,512710,Call of Duty: Warzone,961,2026-09-30T16:31:22Z,en,"['fazeswagg', 'FaZe', 'English', 'cod', 'callofduty', 'warzone', 'warzonecallofduty', 'swagg']",2026-10-01,02-13-44,Thursday
320447992926,197406569,thenicolet,116747788,"Pools, Hot Tubs, and Beaches",961,2026-09-30T00:24:42Z,en,"['English', 'asmr', 'woman', 'egirl', 'findom', 'feet', 'uwu', 'licking']",2026-10-01,02-13-44,Thursday
316937519061,280197012,alle,491931,Escape from Tarkov,961,2026-09-30T13:13:33Z,en,"['THEBEST', 'LABS', 'SCHIZOMODE', 'NOONEISBETTER', 'aimbotting', 'betterthanyou', 'English', 'NEVERGOON', 'Top1MostHumble']",2026-10-01,02-13-44,Thursday
318637591399,1125294484,v1ssenya,115977,The Witcher 3: Wild Hunt,960,2026-09-30T16:51:40Z,pl,"['Polski', 'girlstreaming', 'chillandgame', 'TheWitcher3WildHunt', 'Remaster', 'DropyWłączone']",2026-10-01,02-13-44,Thursday
318637585383,277122360,domedy47,498566,Slots,960,2026-09-30T16:51:24Z,de,['Deutsch'],2026-10-01,02-13-44,Thursday
318638547175,93400114,lars_tm,687129551,Trackmania,957,2026-09-30T17:47:50Z,en,['English'],2026-10-01,02-13-44,Thursday
320548971484,81628627,gladd,508455,Valheim,953,2026-09-30T16:21:14Z,en,"['English', 'Relatable', 'Chill', 'ChallengeRun', 'Unfiltered', 'DropsEnabled']",2026-10-01,02-13-44,Thursday
320588766304,188526166,shinyatheninja,464339927,ARC Raiders,952,2026-09-30T14:32:16Z,en,"['fighting', 'comp', 'cool', 'adhd', 'English', 'extraction', 'PvP', 'PvE', 'PvEPvP']",2026-10-01,02-13-44,Thursday
319407152087,127309732,rainhoe,31376,Terraria,947,2026-09-30T13:56:16Z,en,"['English', 'sorryimawoman', 'DIAGNOSED', 'discomfortstreamer', 'Vtuber', 'ADHD', 'ChronicPain']",2026-10-01,02-13-44,Thursday
320589235040,106008951,saltydolphin,13332,Pokémon FireRed/LeafGreen,946,2026-09-30T15:32:55Z,en,"['English', 'Pokemon', 'ironMON', 'Horseexpert', 'VGC', 'Humble', 'kaizoironmon', 'Pokemonchampions', 'Superkaizo', 'DropsEnabled']",2026-10-01,02-13-44,Thursday
319408483671,526832402,wakewilder,32982,Grand Theft Auto V,945,2026-09-30T18:00:17Z,en,"['English', 'DropsEnabled', 'NoPixel']",2026-10-01,02-13-44,Thursday
318830515558,659353089,jordystorm_,27471,Minecraft,945,2026-09-30T16:46:05Z,nl,"['JordyStorm', 'Nederlands', '1v1', 'Fortnite', 'Customs', 'minecraft', 'SMP']",2026-10-01,02-13-44,Thursday
318770586853,102440358,arcadebulls,18122,World of Warcraft,945,2026-09-30T11:44:48Z,cs,"['Čeština', 'English', 'Community']",2026-10-01,02-13-44,Thursday
317014274516,27451903,follow4ce,29595,Dota 2,944,2026-09-30T11:08:30Z,ru,"['dota', 'dota2', 'чай', 'бусидо', 'Русский', 'cs2counterstrike2', 'cs', 'CounterStrikeGO']",2026-10-01,02-13-44,Thursday
317900629987,44759993,ranzratte,32982,Grand Theft Auto V,943,2026-09-30T15:59:24Z,de,"['Deutsch', 'multiplayer', 'extraction', 'battleroyale', 'roleplay', 'Musikproduktion']",2026-10-01,02-13-44,Thursday
318828213094,601383025,fustler,509672,IRL,941,2026-09-30T14:00:21Z,de,"['flohmarkt', 'reselling', 'anime', 'Deutsch', 'schmeckt', 'Retro', 'vintage', 'Storage', 'StorageHunter']",2026-10-01,02-13-44,Thursday
321767982555,111518512,thump,417892,Z1: Battle Royale,941,2026-09-30T17:16:55Z,en,"['ADHD', 'English', 'funny', 'rank1', 'rage', 'Variety']",2026-10-01,02-13-44,Thursday
321601506649,157440062,redshell,509658,Just Chatting,940,2026-09-30T16:10:35Z,en,"['English', 'DropsEnabled']",2026-10-01,02-13-44,Thursday
317890316132,54892839,melyoh,1050003477,The Elder Scrolls V: Skyrim - Special Edition,940,2026-09-30T16:00:11Z,fr,"['VoiceActing', 'RPG', 'humour', 'Roleplay', 'Français', 'fantasy', 'InclusiveSpace', 'RP', 'communauté', 'Adventure']",2026-10-01,02-13-44,Thursday
316972241110,35739604,rekkles,519291,Black Myth: Wukong,936,2026-09-30T16:33:40Z,en,['English'],2026-10-01,02-13-44,Thursday
317888018020,40646018,scrapie,2132205352,Deadlock,936,2026-09-30T12:00:12Z,en,"['Competitive', 'Speedrun', 'anime', 'pro', 'Multiplayer', 'English', 'worldrecord', 'jpop', 'Racing', 'DropsEnabled']",2026-10-01,02-13-44,Thursday
318772809701,572320726,ninaninin,16282,Super Smash Bros. Melee,936,2026-09-30T15:29:26Z,en,"['English', 'Vtuber', 'Singing', 'Retro', 'Chatty', 'Woman', 'Anime', 'softspoken']",2026-10-01,02-13-44,Thursday
321766076635,160010466,elly,771448419,AION 2,936,2026-09-30T11:26:20Z,en,"['English', 'elly', 'Vtuber', 'spanish', 'México', 'WordOfTheDay', 'Comedy', 'DropsEnabled']",2026-10-01,02-13-44,Thursday
317866685410,53236934,chez_lex,509658,Just Chatting,935,2026-09-30T15:51:56Z,fr,"['Français', 'Gauche', 'Médias', 'Actualités']",2026-10-01,02-13-44,Thursday
317016104276,144663813,es4xtank,18122,World of Warcraft,935,2026-09-30T16:16:23Z,ru,"['csgo', 'Победитель', 'тигр', 'Шоу', 'Турниры', 'Киберспорт', 'ДЕД', 'ТОП', 'Русский', 'интересный']",2026-10-01,02-13-44,Thursday
316972759382,88106653,rodjer,29595,Dota 2,933,2026-09-30T17:33:40Z,ru,"['Русский', 'bobrkurwa', 'dota2', 'warcraft3', 'CS2']",2026-10-01,02-13-44,Thursday
318635720295,65293646,inoiizy,722422729,Scam With Your Friends,932,2026-09-30T14:29:17Z,de,"['german', 'deutsch', 'gym', 'Fitness', 'Groß', 'Deutsch']",2026-10-01,02-13-44,Thursday
317888239588,148844345,roadhouse,512953,ELDEN RING,930,2026-09-30T12:27:43Z,ru,['Русский'],2026-10-01,02-13-44,Thursday
321650840026,115659124,sanchovies,21779,League of Legends,928,2026-09-30T16:55:48Z,en,['English'],2026-10-01,02-13-44,Thursday
317016935508,509553990,nowkies,26936,Music,928,2026-09-30T18:00:16Z,ru,"['nowkie', 'новки', 'ноуки', 'Русский', 'DropsВключены']",2026-10-01,02-13-44,Thursday
316292885739,71590283,1uke337,32399,Counter-Strike,922,2026-09-30T16:49:57Z,ru,['Русский'],2026-10-01,02-13-44,Thursday
317892380004,1352210033,dumbo_ttv69,32982,Grand Theft Auto V,922,2026-09-30T18:52:26Z,fr,"['Français', 'gtarp', 'gta', 'GTAVFiveM', 'urbex', 'Urbexing', 'urbexnocturno', 'UrbexSquad']",2026-10-01,02-13-44,Thursday
316973109974,75559027,lawekyt,32982,Grand Theft Auto V,920,2026-09-30T18:18:48Z,pl,"['polish', 'Polski', 'English', 'yflsmp', 'IRL', 'gaming', 'minecraft', 'qsmp', 'NoPixel']",2026-10-01,02-13-44,Thursday
317014257876,140401920,ellvi,771448419,AION 2,919,2026-09-30T11:04:59Z,ru,"['Русский', 'DropsВключены']",2026-10-01,02-13-44,Thursday
317015382100,88239974,lpgjustjohnny,513143,Teamfight Tactics,919,2026-09-30T14:33:56Z,de,"['Deutsch', 'English']",2026-10-01,02-13-44,Thursday
317891680356,486205216,idreau_,395183857,MXGP 26: The Official Game,918,2026-09-30T18:01:35Z,fr,['Français'],2026-10-01,02-13-44,Thursday
317891426020,61582473,botkz,509658,Just Chatting,915,2026-09-30T17:40:52Z,fr,"['Français', 'HPI', '1m80', 'TrendSetter', 'DropsActivés']",2026-10-01,02-13-44,Thursday
321768290523,890185960,elextraordinariojonathan,2042681592,Minecraft Dungeons II,914,2026-09-30T17:59:37Z,es,['Español'],2026-10-01,02-13-44,Thursday
317868581346,76846779,yoona,509658,Just Chatting,914,2026-09-30T18:39:34Z,fr,"['Français', 'gaming', 'humour', 'funny', 'goodvibes', 'retro', 'horror', 'horreur', 'residentevil', 'DropsActivés']",2026-10-01,02-13-44,Thursday
321649626970,863851247,widega_,459931,Old School RuneScape,911,2026-09-30T13:44:35Z,en,"['English', 'wuh', 'moo', 'evil', 'evil2', 'evil4', 'evil8', 'evil256', 'evil512', 'moo2147483647']",2026-10-01,02-13-44,Thursday
319408396119,694413391,kanekolumi,509658,Just Chatting,910,2026-09-30T17:45:42Z,en,"['English', 'GlueSniffer', 'FemaleRedditor', 'Vtuber', 'GnomeAppreciator', 'LemonStealer', 'ParticipationPrincess', 'DrySandyToothy', 'FatNasty', 'WhyAreYourFingersBlue']",2026-10-01,02-13-44,Thursday
317898660067,726408531,hollyrex,65632,DayZ,910,2026-09-30T11:56:57Z,en,"['fun', 'survíval', 'Chatty', 'British', 'English', 'chill', 'DayZ']",2026-10-01,02-13-44,Thursday
318770727525,55867919,agromorph,771448419,AION 2,908,2026-09-30T12:02:12Z,ru,"['Русский', 'дофаминовыекачели', 'дофаминовоеголодание', 'DropsВключены']",2026-10-01,02-13-44,Thursday
318771083493,188614162,gloriamatvien,509658,Just Chatting,905,2026-09-30T12:42:17Z,en,"['irl', 'dance', 'English', 'Chatting', '댄스', 'Русский', 'DropsEnabled']",2026-10-01,02-13-44,Thursday
316938867285,856748910,lildjeyy1,1413930024,Active Matter,902,2026-09-30T16:40:32Z,ru,"['Русский', 'DeltaForce', 'DeltaForceGame', 'chill', 'DropsВключены', 'activematter']",2026-10-01,02-13-44,Thursday
317014765140,94885016,mary_day,29595,Dota 2,901,2026-09-30T12:55:47Z,ru,"['invoker', 'Русский', 'pups', 'ебанутыйпсих', 'добрякскотами', 'эскапизм']",2026-10-01,02-13-44,Thursday
318826988134,72692222,antielitz,130942,Factorio,899,2026-09-30T11:41:16Z,en,"['English', 'speedrunnning']",2026-10-01,02-13-44,Thursday
318776536165,625831970,basssultanhengzt45,498566,Slots,898,2026-09-30T19:12:47Z,de,"['slots', 'Englisch', 'Deutsch']",2026-10-01,02-13-44,Thursday
318771861989,173164131,noraexplorer,263490,Rust,898,2026-09-30T14:01:28Z,en,"['English', 'Denmark', 'IRL', 'justchattıng', 'gaming', 'LGBTQ', 'OCD', 'DropsEnabled']",2026-10-01,02-13-44,Thursday
321649445338,811224371,mellowteddy,982017546,Palia,897,2026-09-30T13:02:37Z,en,"['English', 'Cozy', 'FamilyFriendly', 'ClosedCaptions', 'Palia', 'PaliaPartner', 'Paliadrops', 'drops', 'DropsOn', 'DropsEnabled']",2026-10-01,02-13-44,Thursday
316514933105,169539617,clutch_fii,24241,FINAL FANTASY XIV ONLINE,894,2026-09-30T11:41:42Z,ja,"['日本語', 'drops']",2026-10-01,02-13-44,Thursday
321766719451,49910500,bobicraftmc,2042681592,Minecraft Dungeons II,894,2026-09-30T14:05:54Z,es,"['builder', 'cape', 'capa', 'minecraft', 'mania', 'Español']",2026-10-01,02-13-44,Thursday
318831150950,39067173,psychoghost,500188,Hunt: Showdown 1896,893,2026-09-30T17:21:11Z,en,"['survival', 'hardcore', 'guide', 'English']",2026-10-01,02-13-44,Thursday
317864422498,104320683,move_mind,509663,Special Events,893,2026-09-30T10:05:36Z,pt,"['Português', 'gta', 'DropsAtivados']",2026-10-01,02-13-44,Thursday
318632700135,529112648,knirpz,509672,IRL,893,2026-09-30T08:15:01Z,de,"['Deutsch', 'IRL', 'german', 'amorfati', 'Fahrrad', 'therace', 'Tour', 'DropsAktiviert', 'Segeln']",2026-10-01,02-13-44,Thursday
319047977590,196603901,m4rolaa,771448419,AION 2,888,2026-09-30T17:05:29Z,pt,"['Português', 'PvP', 'MMORPG', 'AION2', 'AION2GamePlay', 'AION2MMORPG', 'DropsAtivados']",2026-10-01,02-13-44,Thursday
316298811756,44096715,bandurka,32399,Counter-Strike,885,2026-09-30T11:40:28Z,ru,"['Русский', 'donk', 's1mple', 'bandurka', 'teamspirit', 'cs2', 'faceit']",2026-10-01,02-13-44,Thursday
318638876647,704296947,slizeen,32982,Grand Theft Auto V,883,2026-09-30T18:05:39Z,ru,['Русский'],2026-10-01,02-13-44,Thursday
316970740182,27572209,mazoni,491931,Escape from Tarkov,880,2026-09-30T12:27:06Z,ru,['Русский'],2026-10-01,02-13-44,Thursday
317867131874,452454652,nikos,32982,Grand Theft Auto V,877,2026-09-30T16:41:56Z,fr,['Français'],2026-10-01,02-13-44,Thursday
317559846647,407150735,comfiebee,982017546,Palia,875,2026-09-30T18:01:54Z,en,"['English', 'VarietyStreamer', 'NoBackseating', 'FREEPALESTINE', 'StreamWithMeld', 'ClosedCaptions', 'BeginnerFriendly', 'LGBTQIAFriendlySpace', 'AIOptedOut', 'DropsEnabled']",2026-10-01,02-13-44,Thursday
320455573342,456577681,xthefarmerx,1702520304,Path of Exile 2,873,2026-09-30T17:26:42Z,en,"['English', 'Bat', 'degeneracy', 'PoE']",2026-10-01,02-13-44,Thursday
320590545248,808631627,deedge_live,579369288,Traffic Stop Anomaly,873,2026-09-30T18:02:24Z,en,['English'],2026-10-01,02-13-44,Thursday
316582819571,226535110,ukyochi_jp,139364104,Welcome to the Guild Explorers,872,2026-09-30T09:58:29Z,ja,"['日本語', 'Vtuber']",2026-10-01,02-13-44,Thursday
321640236890,145790518,cashout,602040818,NBA 2K27,871,2026-09-29T21:04:35Z,en,['English'],2026-10-01,02-13-44,Thursday
319407097431,16995144,leopard,497057,Destiny 2,871,2026-09-30T13:40:36Z,en,"['English', 'BackgroundNoise', 'BelowAverage', 'DropsEnabled']",2026-10-01,02-13-44,Thursday
316938560085,28241419,gingitv,771448419,AION 2,867,2026-09-30T16:00:01Z,en,"['English', 'DropsEnabled']",2026-10-01,02-13-44,Thursday
317886091364,250662770,jotta,509658,Just Chatting,865,2026-09-30T03:05:56Z,pt,"['Português', 'DropsAtivados']",2026-10-01,02-13-44,Thursday
319408898903,196858,omie,32982,Grand Theft Auto V,864,2026-09-30T19:04:51Z,en,['English'],2026-10-01,02-13-44,Thursday
317868035938,819767825,legoml,494184,Mobile Legends: Bang Bang,862,2026-09-30T18:00:06Z,ru,"['Русский', 'mlbb']",2026-10-01,02-13-44,Thursday
317016712532,883742588,rom1ch_666,509658,Just Chatting,862,2026-09-30T17:30:54Z,ru,"['ромыч', 'Русский', 'DropsВключены']",2026-10-01,02-13-44,Thursday
316528232434,532809786,viizzzm,516575,VALORANT,862,2026-09-30T15:12:08Z,es,"['Español', 'shooters', 'Competitivo', 'valorant', 'Esports']",2026-10-01,02-13-44,Thursday
321761559131,531980177,pleasingpoet,509658,Just Chatting,861,2026-09-30T02:02:19Z,en,"['English', 'DropsEnabled']",2026-10-01,02-13-44,Thursday
318822586726,106159308,gronkhtv,494552,The Last of Us Part II,860,2026-09-29T21:14:08Z,de,['Deutsch'],2026-10-01,02-13-44,Thursday
317901316579,440140011,twincytv,32982,Grand Theft Auto V,860,2026-09-30T17:14:05Z,fr,['Français'],2026-10-01,02-13-44,Thursday
318634911335,894649045,tenkedzu,1282866981,Delta Force,854,2026-09-30T13:17:28Z,ru,"['Русский', 'проигрок', 'крутоймужик', 'жесктошпилит', 'крутизна', 'свага', 'киберспорстмен']",2026-10-01,02-13-44,Thursday
321601522009,23364603,arteezy,509658,Just Chatting,854,2026-09-30T16:13:07Z,en,"['English', 'DropsEnabled']",2026-10-01,02-13-44,Thursday
319095966197,559228021,dexggxp,2042681592,Minecraft Dungeons II,851,2026-09-29T13:11:04Z,pt,"['Badges', 'BadgesHere', 'BadgesUnlock', 'Badge', 'BadgesAvaliable', 'English', 'Português', 'drops有効', '日本語']",2026-10-01,02-13-44,Thursday
318639236583,173044445,servos_,32982,Grand Theft Auto V,851,2026-09-30T18:29:25Z,el,"['greek', 'Ελληνικά', 'English', 'Greece']",2026-10-01,02-13-44,Thursday
318775015525,121370272,wautscher,862097083,Coin maker simulator,850,2026-09-30T17:45:01Z,de,"['Deutsch', 'schwallern', 'kaffee', 'Entschleunigung', 'Deutsch']",2026-10-01,02-13-44,Thursday
321600795353,190761380,somjuu,1264310518,Marvel Rivals,849,2026-09-30T14:11:06Z,en,"['black', 'drops', 'Anime', 'English', 'blackpanther', 'spiderman', 'DropsEnabled', 'kaicenat', 'Jamaican']",2026-10-01,02-13-44,Thursday
316938445525,474535377,polemicatv,509658,Just Chatting,848,2026-09-30T15:45:28Z,ru,"['мафия', 'турнир', 'polemica', 'Русский', 'DropsВключены']",2026-10-01,02-13-44,Thursday
316972625622,174141858,elina,1254042066,The Witcher 3: Wild Hunt Remastered,848,2026-09-30T17:17:32Z,en,"['English', 'swedish', 'woman', 'stinky', 'ADHD', 'female', 'Interactive', 'Chatty', 'DropsEnabled']",2026-10-01,02-13-44,Thursday
319047208566,39152815,clovaobengala,771448419,AION 2,848,2026-09-30T14:23:37Z,pt,['Português'],2026-10-01,02-13-44,Thursday
317865513314,69824993,therunningmanz,65632,DayZ,847,2026-09-30T13:17:44Z,en,"['Survival', 'PVP', 'English', 'UK']",2026-10-01,02-13-44,Thursday
319046136054,72736442,ns_art,29595,Dota 2,846,2026-09-30T09:48:19Z,pt,['Português'],2026-10-01,02-13-44,Thursday
316582228211,165572706,dmf_kyochan,1267582829,Aniimo,845,2026-09-30T06:39:24Z,ja,"['日本語', 'Drops有効']",2026-10-01,02-13-44,Thursday
320455902430,229056861,kastaclysm,674491029,Star Wars Zero Company,842,2026-09-30T18:01:44Z,en,"['80kInDebt', '2ndBush', 'ExecutionTurd', 'ShrimpNeckShocker', 'SpaceDiapers', 'CaveHowitzer', 'SpankTankSpecialist', 'ProtectYourDongles', 'BilboBazaar', 'AskMeAboutMySecretGoodies']",2026-10-01,02-13-44,Thursday
318774025189,112702339,d0cc_tv,32399,Counter-Strike,842,2026-09-30T16:52:28Z,en,"['FACEIT', 'FPL', 'English', 'CS2', '3kelo', 'lvl10']",2026-10-01,02-13-44,Thursday
316526880882,25202416,shuteye_orange,509658,Just Chatting,841,2026-09-30T11:15:05Z,zh,"['中文', '恐怖遊戲', 'Horror', '恐怖', '燕雲十六聲', 'wherewindsmeet', '启用掉宝']",2026-10-01,02-13-44,Thursday
317868289506,43043577,heyar,2095006742,Way of the Hunter 2,837,2026-09-30T18:18:12Z,fr,['Français'],2026-10-01,02-13-44,Thursday
319047904246,182813308,heitir,509663,Special Events,835,2026-09-30T16:52:34Z,pt,"['Português', 'DropsAtivados']",2026-10-01,02-13-44,Thursday
318756358629,776265611,eleezabet,509658,Just Chatting,831,2026-09-29T01:02:06Z,ru,"['Русский', 'DropsВключены']",2026-10-01,02-13-44,Thursday
317868586978,69592711,areliann,32982,Grand Theft Auto V,831,2026-09-30T18:40:05Z,fr,['Français'],2026-10-01,02-13-44,Thursday
318774457061,36717908,izakooo,32399,Counter-Strike,830,2026-09-30T17:14:24Z,pl,['Polski'],2026-10-01,02-13-44,Thursday
317901718499,192231926,canardpc,417752,Talk Shows & Podcasts,827,2026-09-30T17:55:27Z,fr,"['Français', 'DropsActivés']",2026-10-01,02-13-44,Thursday
317901223267,496628161,akiiral2,33214,Fortnite,827,2026-09-30T17:04:02Z,fr,"['Français', 'M8', 'gentlemates', 'Fortnite', 'EU', 'France', 'ftn', 'akiira']",2026-10-01,02-13-44,Thursday
317864665826,66736986,lottie,65632,DayZ,826,2026-09-30T11:05:38Z,en,"['DayZ', 'British', 'Female', 'PvP', 'English', 'DropsEnabled']",2026-10-01,02-13-44,Thursday
316971331798,498937799,nooor,32982,Grand Theft Auto V,822,2026-09-30T14:20:29Z,sv,"['Svenska', 'TPRP', 'IRL']",2026-10-01,02-13-44,Thursday
321651338202,1541988107,playstationgames2000,33214,Fortnite,820,2026-09-30T17:49:51Z,en,['English'],2026-10-01,02-13-44,Thursday
318829777894,116882497,mirza_jahic,123184772,EA Sports FC 27,819,2026-09-30T16:00:15Z,de,"['talk', 'realtalk', 'WWE', 'motivation', 'inspiration', 'Deutsch', 'EA', 'eafc26', 'fc26', 'EASPORTSFC']",2026-10-01,02-13-44,Thursday
319048239606,68727743,razah,460630,Rainbow Six Siege,818,2026-09-30T17:54:56Z,pt,"['Português', 'DropsAtivados']",2026-10-01,02-13-44,Thursday
320590779616,648199129,froggyloch,509658,Just Chatting,817,2026-09-30T18:24:51Z,en,"['Chatty', 'Artist', 'WeaponizedADHD', 'Autism', 'FUBAR', 'English', 'Vtuber', 'MikmaqFirstNation', 'wumbologist', 'DropsEnabled']",2026-10-01,02-13-44,Thursday
318825687526,454610612,hakon,509658,Just Chatting,816,2026-09-30T08:25:47Z,de,"['Reaction', 'Deutsch', 'youtube', 'entertainment', 'IRL', 'tattoo', 'justchatting', 'DropsAktiviert']",2026-10-01,02-13-44,Thursday
319048265590,562219158,keninttv,29452,Virtual Casino,815,2026-09-30T17:58:54Z,pt,"['Português', 'slots', 'cassino']",2026-10-01,02-13-44,Thursday
318771089509,43030068,kurolily,771448419,AION 2,815,2026-09-30T12:42:58Z,it,"['Italiano', 'DropAbilitati']",2026-10-01,02-13-44,Thursday
316972790998,193107534,fpssssssssssssssssssss,32399,Counter-Strike,814,2026-09-30T17:37:18Z,ru,"['Русский', 'English', 'csproplayer', 'faceit', 'CS2']",2026-10-01,02-13-44,Thursday
317899429475,38350595,dfg,2106755390,Graveyard Keeper II,812,2026-09-30T13:44:01Z,fr,"['Français', 'cheveux']",2026-10-01,02-13-44,Thursday
318636441063,38974476,baso,509658,Just Chatting,812,2026-09-30T15:28:27Z,de,"['mausig', 'Deutsch', 'ADHS', 'LGBTQFriendly', 'DropsAktiviert']",2026-10-01,02-13-44,Thursday
315573567344,31673401,gunguno,516575,VALORANT,811,2026-09-30T11:34:40Z,zh,"['顏值', '射擊', '幽默', '錢來就幹', '掉宝開启', 'English', '中文', '飆哥開示了']",2026-10-01,02-13-44,Thursday
316937346005,155519015,mvpproject,771448419,AION 2,809,2026-09-30T12:39:51Z,ru,"['Русский', 'mmorpg', 'pvp', 'лысый', 'DropsВключены']",2026-10-01,02-13-44,Thursday
318637112935,1546993325,m1scl1ck_tv,32399,Counter-Strike,808,2026-09-30T16:18:12Z,uk,"['cs', 'csfaceit', 'CS2FACEITLV10', 'СтримЗапису', 'Українська']",2026-10-01,02-13-44,Thursday
317890467300,819789066,samzirah,509658,Just Chatting,807,2026-09-30T16:12:15Z,fr,"['téléréalité', 'samzirah', 'aja', 'talkshow', 'Français', 'DropsActivés']",2026-10-01,02-13-44,Thursday
318634463207,132289488,hollywood285,123184772,EA Sports FC 27,805,2026-09-30T12:33:33Z,it,"['Italiano', 'fc26', 'fc27', 'hollywood285', 'fifa', 'nellonigro', 'packopening', 'English', 'calcio', 'DropAbilitati']",2026-10-01,02-13-44,Thursday
318635863527,551696128,dekii,512710,Call of Duty: Warzone,805,2026-09-30T14:41:59Z,de,"['Deutsch', 'warzone']",2026-10-01,02-13-44,Thursday
317898688611,69759951,vader,32982,Grand Theft Auto V,804,2026-09-30T12:00:36Z,en,['English'],2026-10-01,02-13-44,Thursday
318776295269,1545150746,natmeriwet,498566,Slots,802,2026-09-30T18:58:07Z,de,['Deutsch'],2026-10-01,02-13-44,Thursday
318637480679,696297156,fitnesspaul,743893402,WARDOGS,802,2026-09-30T16:44:27Z,de,['Deutsch'],2026-10-01,02-13-44,Thursday
317900342243,190561431,matteu,32982,Grand Theft Auto V,802,2026-09-30T15:25:44Z,en,"['English', 'NoPixel', 'RP', 'NoPixelWL', 'manor', 'LSPD', 'NopixelV']",2026-10-01,02-13-44,Thursday
316972939990,146495671,krasnalcs,32399,Counter-Strike,800,2026-09-30T17:57:45Z,pl,"['Polski', 'counterstrike', 'faceit', 'English', 'CS2', 'csgo', 'Polska', 'dzinold', 'donk', 's1mpleo']",2026-10-01,02-13-44,Thursday
317558796407,73469143,sonii,771448419,AION 2,800,2026-09-30T13:16:47Z,en,"['English', 'Hardcore', 'MMORPG', 'PvP', 'ADHDStreamer', 'DropsEnabled']",2026-10-01,02-13-44,Thursday
316067942098,217377982,sweet_anita,492553,Sid Meier's Civilization VI,798,2026-09-30T16:44:03Z,en,"['English', 'ADHD', 'Chatty', 'Chıll', 'Animals', 'TouretteSyndrome', 'UK', 'MentalHealth', 'DropsEnabled']",2026-10-01,02-13-44,Thursday
318831375590,742062238,ruethtv,32982,Grand Theft Auto V,798,2026-09-30T17:33:44Z,de,"['Deutsch', 'Roleplay', 'Rueth', 'Rüd', 'GTARP', 'RP', 'NarcoCity', 'NC']",2026-10-01,02-13-44,Thursday
320454399582,87890182,marved6,516575,VALORANT,796,2026-09-30T15:15:08Z,en,['English'],2026-10-01,02-13-44,Thursday
316938739157,680893503,sadpigeone,1099705332,Tomodachi Life: Living the Dream,795,2026-09-30T16:22:19Z,ru,['Русский'],2026-10-01,02-13-44,Thursday
318828699750,158439553,aryssa614,509658,Just Chatting,791,2026-09-30T14:39:49Z,en,"['girl', 'Female', 'gamergirl', 'English', 'AMA', 'Chatty', 'Positive', 'ClosedCaptions', 'DropsEnabled']",2026-10-01,02-13-44,Thursday
321600468825,28640725,lobosjr,771448419,AION 2,791,2026-09-30T13:01:45Z,en,"['voiceactor', 'chill', 'rpg', 'English', 'vgm', 'soulslike', 'Retro', 'nostalgía', 'DropsEnabled']",2026-10-01,02-13-44,Thursday
318774946533,28552242,keysjore,1413930024,Active Matter,789,2026-09-30T17:40:48Z,de,"['Deutsch', 'EgoShooter', 'PvE', 'Horror', 'Atmosphärisch', 'Mehrspieler', 'Shooter', 'Realistisch', 'Loot', 'DropsAktiviert']",2026-10-01,02-13-44,Thursday
318770712421,102857458,yuli,771448419,AION 2,788,2026-09-30T12:00:18Z,en,"['English', 'Deutsch', 'Русский', '한국어', 'VTuber', 'ASMR', 'DropsEnabled']",2026-10-01,02-13-44,Thursday
319408487895,161468834,saintontas,209738946,Wuthering Waves,787,2026-09-30T18:00:48Z,en,"['English', 'giveaway', 'DropsEnabled']",2026-10-01,02-13-44,Thursday
319408382039,121111915,hjune,498592,I'm Only Sleeping,786,2026-09-30T17:43:00Z,en,"['English', 'DropsEnabled']",2026-10-01,02-13-44,Thursday
318773532645,100662717,goofiacz,32399,Counter-Strike,786,2026-09-30T16:22:03Z,pl,"['Polski', 'English', 'CS2', 'faceit']",2026-10-01,02-13-44,Thursday
317892207460,144395004,linca,509658,Just Chatting,785,2026-09-30T18:40:07Z,fr,"['Français', 'DropsActivés']",2026-10-01,02-13-44,Thursday
316971951574,71336,robbaz,897166081,Nivalis Nights,785,2026-09-30T15:59:10Z,en,['English'],2026-10-01,02-13-44,Thursday
317013738708,180080030,kiratank_tv,18122,World of Warcraft,783,2026-09-30T08:43:58Z,en,"['WoW', 'WorldofWarcraft', 'English', 'highkeys', 'tanks', 'TheWarWithin', 'Midnight', 'midnightbeta']",2026-10-01,02-13-44,Thursday
317868462306,120112663,itsnico17,509658,Just Chatting,779,2026-09-30T18:30:38Z,it,"['Italiano', 'DropAbilitati']",2026-10-01,02-13-44,Thursday
316047485649,427906847,sergicabrer3,509672,IRL,779,2026-09-30T15:52:08Z,es,"['Español', 'IRL', 'musica']",2026-10-01,02-13-44,Thursday
319408782295,25080754,pobelter,21779,League of Legends,777,2026-09-30T18:49:12Z,en,"['English', 'Chill', 'Anime', 'RotisserieChickens', 'lebronjames', 'xddfreezone', 'labubu']",2026-10-01,02-13-44,Thursday
318638642023,38714310,opus_magnum,32982,Grand Theft Auto V,776,2026-09-30T17:53:33Z,ru,"['общение', 'Русский']",2026-10-01,02-13-44,Thursday
317868431202,598300995,barnabestpasouf,509658,Just Chatting,775,2026-09-30T18:28:49Z,fr,"['barnab', 'react', 'anime', 'manga', 'inazuma', 'eleven', 'go', 'chrono', 'stone', 'Français']",2026-10-01,02-13-44,Thursday
318636902119,55898523,trilluxe,32399,Counter-Strike,773,2026-09-30T16:02:51Z,de,['Deutsch'],2026-10-01,02-13-44,Thursday
320455371358,101787976,anayan,461221,MARVEL Contest of Champions,772,2026-09-30T17:03:41Z,en,"['hehim', 'english', 'drops', 'partneredstreamer', 'ccp', 'English', 'dropsenabled', 'mcoc', 'marvelcontestofchampions', 'dcko']",2026-10-01,02-13-44,Thursday
317013848532,116640861,cispapa,29595,Dota 2,771,2026-09-30T09:17:23Z,ru,"['Русский', 'dota2', 'дота2', 'спирит', 'BLAST', 'EPL', 'Cis', 'Spirit', 'Dota2International', 'ставки']",2026-10-01,02-13-44,Thursday
318832139622,43281991,dear_hellgirl,509658,Just Chatting,771,2026-09-30T18:14:11Z,ru,"['Vtuber', 'Втубер', 'Витубер', 'Русский', 'Аниме', 'ruvtuber', 'девушка', 'DropsВключены']",2026-10-01,02-13-44,Thursday
320548388316,178870986,nickich,21779,League of Legends,770,2026-09-30T14:58:51Z,en,"['English', 'lit', 'Gaslighting', 'slowstrokesonly', 'WomensRights', 'MIDDIFF']",2026-10-01,02-13-44,Thursday
317017023828,558064505,micecrow,32399,Counter-Strike,768,2026-09-30T18:10:25Z,ru,"['dota', 'English', 'Русский']",2026-10-01,02-13-44,Thursday
320589239904,197696054,zeaiand,1313351584,Football Manager 26,765,2026-09-30T15:33:39Z,en,['English'],2026-10-01,02-13-44,Thursday
317892205668,422327581,khalgalere,509658,Just Chatting,764,2026-09-30T18:39:55Z,fr,"['France', 'Français', 'Khal', 'Galère', 'Humour', 'DropsActivés']",2026-10-01,02-13-44,Thursday
321767887963,53831996,grandpoobear,509658,Just Chatting,763,2026-09-30T17:05:17Z,en,"['English', 'hotmen', '1', 'Crack', 'zaddy', 'zaddylicious', 'HelpCenter', 'SexyMan', 'DropsEnabled']",2026-10-01,02-13-44,Thursday
318830861286,416083610,remsua,509658,Just Chatting,763,2026-09-30T17:04:27Z,pl,"['Polski', 'DropyWłączone']",2026-10-01,02-13-44,Thursday
317891773540,1521380906,aristockrat1k,1820839024,MECCHA CHAMELEON,762,2026-09-30T18:08:28Z,ru,"['Повтор', 'Русский', 'игры', 'Ⅿinecraft', 'Vtuber', 'ＲＥＰＯ', 'repo', 'shiftatmidnight']",2026-10-01,02-13-44,Thursday
318772391653,1033052690,fnrax,33214,Fortnite,761,2026-09-30T14:52:52Z,it,"['Italiano', 'Inglese', 'Fortnite']",2026-10-01,02-13-44,Thursday
318830673510,60513811,spartiatix,509658,Just Chatting,760,2026-09-30T16:55:51Z,pl,"['Polski', 'DropyWłączone']",2026-10-01,02-13-44,Thursday
320590643040,634735100,nadia,512710,Call of Duty: Warzone,759,2026-09-30T18:10:36Z,en,['English'],2026-10-01,02-13-44,Thursday
316970514134,101166558,evrialgaming,771448419,AION 2,757,2026-09-30T11:37:44Z,ru,"['Русский', 'DropsВключены']",2026-10-01,02-13-44,Thursday
318775141093,27187962,herdyn,32982,Grand Theft Auto V,757,2026-09-30T17:51:37Z,cs,['Čeština'],2026-10-01,02-13-44,Thursday
320547523548,121135020,moxsy,771448419,AION 2,755,2026-09-30T12:40:20Z,en,"['English', 'DropsEnabled']",2026-10-01,02-13-44,Thursday
316094813907,31220977,silithur,771448419,AION 2,753,2026-09-30T17:49:52Z,es,"['Español', 'English', 'DropsActivados']",2026-10-01,02-13-44,Thursday
317900104803,483705264,highkeyoli,2042681592,Minecraft Dungeons II,753,2026-09-30T14:58:48Z,en,"['English', 'Ally', 'TheRealm']",2026-10-01,02-13-44,Thursday
320550111324,32043488,nagzz,509658,Just Chatting,753,2026-09-30T18:35:43Z,en,"['English', 'nagzz', 'GamerRage', 'game', 'gaming', 'RagerGamer', 'ragestream', 'yo', 'DropsEnabled']",2026-10-01,02-13-44,Thursday
318831389670,86411887,onkelbarlow,18122,World of Warcraft,751,2026-09-30T17:34:21Z,de,"['lehrreich', 'Deutsch', 'Ü50Zockt']",2026-10-01,02-13-44,Thursday
317559999991,486127681,charlparkesx,509658,Just Chatting,749,2026-09-30T18:40:07Z,en,['English'],2026-10-01,02-13-44,Thursday
318771363173,157820196,selfmadetv,26936,Music,749,2026-09-30T13:10:15Z,de,"['Deutsch', 'DropsAktiviert', 'Singing', 'cover', 'LivePerformance', 'karaoke']",2026-10-01,02-13-44,Thursday
317866557538,117209801,seals311,1313351584,Football Manager 26,747,2026-09-30T15:36:19Z,pt,"['Português', 'Futebol', 'chill', 'desporto']",2026-10-01,02-13-44,Thursday
317891373028,46526453,triplaxion,32982,Grand Theft Auto V,745,2026-09-30T17:35:05Z,fr,"['Français', '2k', 'multigaming', 'StarCitizen', 'horreur', 'Roleplay', 'DropsActivés']",2026-10-01,02-13-44,Thursday
318772145765,477252155,xhocii,32399,Counter-Strike,745,2026-09-30T14:28:33Z,en,"['English', 'Albanian', 'CS2', 'counterstrike', 'Hellcase']",2026-10-01,02-13-44,Thursday
318775373541,135558945,mortenroyale,491168,Clash Royale,743,2026-09-30T18:03:00Z,de,['Deutsch'],2026-10-01,02-13-44,Thursday
316087267816,25575995,mathil1,1788326126,Diablo II: Resurrected,741,2026-09-30T17:36:07Z,en,['English'],2026-10-01,02-13-44,Thursday
320454277086,190163874,headshotchick,33214,Fortnite,740,2026-09-30T14:59:42Z,en,"['English', 'giveaway', 'PS5', 'cozy', 'female', 'girl', 'NintendoSwitch', '1440p', 'FamilyFriendly', 'DropsEnabled']",2026-10-01,02-13-44,Thursday
316939188437,1021181704,gei_angel,509658,Just Chatting,738,2026-09-30T17:18:48Z,ru,"['Русский', 'DropsВключены']",2026-10-01,02-13-44,Thursday
318633527015,35866558,azzapp,21779,League of Legends,737,2026-09-30T10:37:01Z,en,"['English', 'zapzap', 'neverff', 'velkoz', 'Challenger', 'ChallengeRuns', 'CANWIN', '0deaths', 'NoBackseating', 'slaythespire2']",2026-10-01,02-13-44,Thursday
321760556763,834741282,bocabola,18278,Big Rigs: Over the Road Racing,736,2026-09-30T01:09:10Z,en,"['English', 'egirl', 'Canada', 'schizophrenic', 'Schizophrenia', 'ADHD', 'cats', 'NoBalls', 'NoGenerativeAI', 'DropsEnabled']",2026-10-01,02-13-44,Thursday
321649974362,29829912,drlupo,491931,Escape from Tarkov,735,2026-09-30T14:53:57Z,en,"['English', 'Depression', 'Blasting', 'Guys', 'Educational']",2026-10-01,02-13-44,Thursday
317887358052,18887776,moman,32982,Grand Theft Auto V,733,2026-09-30T10:01:59Z,fr,"['Français', 'escapefromtarkov', 'EFT', 'tarkov', 'fps', 'CS', 'RP', 'gta', 'valorant', 'DropsActivés']",2026-10-01,02-13-44,Thursday
317892299620,203429435,originalvicz,123184772,EA Sports FC 27,732,2026-09-30T18:46:41Z,en,['English'],2026-10-01,02-13-44,Thursday
317016517972,217240521,busya18plus,509658,Just Chatting,731,2026-09-30T17:07:13Z,ru,"['Русский', 'DropsВключены']",2026-10-01,02-13-44,Thursday
317866929250,940798321,thepeoplespundit,31304,FIFA Soccer 12,731,2026-09-30T16:19:45Z,en,"['English', 'UK', 'Football']",2026-10-01,02-13-44,Thursday
321601418841,91991032,entenburg,771448419,AION 2,730,2026-09-30T15:59:25Z,de,"['mmo', 'mmorpg', 'Deutsch', 'DropsAktiviert']",2026-10-01,02-13-44,Thursday
317902608355,405570067,arthurtv,509658,Just Chatting,730,2026-09-30T19:03:08Z,en,"['ama', 'English', 'DropsEnabled']",2026-10-01,02-13-44,Thursday
319408531031,645185149,doogile,27471,Minecraft,728,2026-09-30T18:07:17Z,en,"['speedrun', 'mcsr', 'ranked', 'doogie', 'English']",2026-10-01,02-13-44,Thursday
316972602966,100649748,olyavoodoo,1254042066,The Witcher 3: Wild Hunt Remastered,726,2026-09-30T17:15:19Z,ru,"['Русский', 'drops', 'girl', 'English', 'Japan', 'рыжаябулочка', 'depression', 'permatilted', 'кринжцесса', 'DropsВключены']",2026-10-01,02-13-44,Thursday
321602204633,144555242,sheriffeli,32982,Grand Theft Auto V,724,2026-09-30T17:31:01Z,en,"['English', 'Roleplay', 'Comedy', 'VarietyStreamer', 'Funny', 'sheriffeli', 'Roleplay', 'Multiplayer', 'CopRP', 'chaseRP']",2026-10-01,02-13-44,Thursday
319104020597,484136594,massroon,19619,Tibia,722,2026-09-30T09:30:30Z,pt,"['Português', 'MMORPG', 'Gostoso', 'Orebound', 'pxg']",2026-10-01,02-13-44,Thursday
317889078244,185866554,s3kox,263490,Rust,721,2026-09-30T13:57:44Z,es,"['Español', 'Rust', 'PvP', 'España', 'vanilla', 'estrategia', 'Raid', 'vanila', 'drops', 'DropsActivados']",2026-10-01,02-13-44,Thursday
317013818580,188136982,bolt_ru,29595,Dota 2,720,2026-09-30T09:07:48Z,ru,"['Русский', 'Nemesis', 'PARIVISION', 'evelUP']",2026-10-01,02-13-44,Thursday
317888458212,813406207,comebacktv,490422,StarCraft II,718,2026-09-30T12:54:12Z,fr,"['rts', 'stratégie', 'commentary', 'cast', 'Français', 'starcraft2', 'starcraft']",2026-10-01,02-13-44,Thursday
321750384347,581721883,lolworldchampionship,21779,League of Legends,718,2026-09-29T03:38:17Z,en,"['rebroadcast', 'LeagueofLegends', 'MSI', 'LoLWorlds', 'English', 'Charity']",2026-10-01,02-13-44,Thursday
319408143575,39464264,aplatypuss,1267582829,Aniimo,717,2026-09-30T17:09:09Z,en,"['English', 'DropsEnabled']",2026-10-01,02-13-44,Thursday
319047027830,59336873,fnxlntc,32399,Counter-Strike,716,2026-09-30T13:44:14Z,pt,['Português'],2026-10-01,02-13-44,Thursday
318830300518,76079358,vitablo,515024,Diablo IV,714,2026-09-30T16:32:56Z,de,"['AlterMannzockt', 'ANFÄNGER', 'Deutsch']",2026-10-01,02-13-44,Thursday
317017127636,624299355,tohha300,32399,Counter-Strike,713,2026-09-30T18:24:44Z,ru,['Русский'],2026-10-01,02-13-44,Thursday
321650222810,60558572,whiskeyding0,509663,Special Events,713,2026-09-30T15:35:26Z,en,"['English', 'Furry', 'Vtuber', 'Hispanic', 'LOUD', 'OwO', 'cute', 'LGBTQIAPlus', 'Gay', 'Horror']",2026-10-01,02-13-44,Thursday
316973027798,121228500,casinodaddy,498566,Slots,713,2026-09-30T18:08:23Z,en,['English'],2026-10-01,02-13-44,Thursday
317901961955,126287193,blaize,509658,Just Chatting,713,2026-09-30T18:13:27Z,fr,"['Français', 'BLAIZE', 'DropsActivés']",2026-10-01,02-13-44,Thursday
318827621350,204388426,iyouxin,27546,World of Tanks,711,2026-09-30T12:58:20Z,en,"['English', 'Drops']",2026-10-01,02-13-44,Thursday
316067441618,20502899,metro,2132205352,Deadlock,711,2026-09-30T13:22:26Z,en,"['English', 'Deutsch', 'deadlock', 'Eternus']",2026-10-01,02-13-44,Thursday
320590180832,131376461,zubatlel,491487,Dead by Daylight,711,2026-09-30T17:23:39Z,en,"['joel', 'Ally', 'GIGASOY', 'cats', 'English', 'xdd']",2026-10-01,02-13-44,Thursday
318763283173,162151864,klupatwins,509658,Just Chatting,710,2026-09-29T17:17:11Z,de,"['Deutsch', 'just', 'chatting', 'zwillinge', 'reactions', 'rp', 'news', 'gaming', 'Diskussion', 'Gruselspiele']",2026-10-01,02-13-44,Thursday
317559621367,466073963,girl_dm_,18122,World of Warcraft,705,2026-09-30T17:00:19Z,en,"['greencat', 'manx', 'English', 'PG13ChatandCommentary', 'NoBackseatingUnlessAsked', 'grosslyincandescent', 'spoilingthegamecostsmoney', 'VtuberEN']",2026-10-01,02-13-44,Thursday
318831878246,154366860,bopkep_,29452,Virtual Casino,705,2026-09-30T18:01:10Z,ru,['Русский'],2026-10-01,02-13-44,Thursday
316152565738,93893204,harmless,32982,Grand Theft Auto V,703,2026-09-30T18:19:43Z,en,"['English', 'NoPixel', 'NoPixelV', 'NoPixel5']",2026-10-01,02-13-44,Thursday
317553508727,82707084,bakedjake,401587136,Arena Breakout: Infinite,702,2026-09-29T19:10:03Z,en,"['English', 'DropsEnabled']",2026-10-01,02-13-44,Thursday
316047080401,438062587,tigz,491931,Escape from Tarkov,699,2026-09-30T13:06:44Z,en,"['English', 'PvP']",2026-10-01,02-13-44,Thursday
321650436954,1028563011,kawanochannn,55453844,Street Fighter 6,697,2026-09-30T16:05:30Z,ja,"['格ゲー', 'ストリートファイター6', '雑談', '日本語']",2026-10-01,02-13-44,Thursday
318827714918,127361301,antilipsi,21779,League of Legends,697,2026-09-30T13:07:28Z,el,"['greek', 'English', 'Lissandra', 'Deutsch', 'Challenger', 'Tier3', 'Κύπρος', 'Cyprus', 'Greece', 'Ελληνικά']",2026-10-01,02-13-44,Thursday
318830417894,472526384,kelre0n,32982,Grand Theft Auto V,697,2026-09-30T16:40:04Z,de,"['Deutsch', 'gta', 'peak', 'RP', 'reaction', 'fivem', 'chaos', 'kel', 'kelre0n']",2026-10-01,02-13-44,Thursday
318830896358,667209041,pangi,2042681592,Minecraft Dungeons II,695,2026-09-30T17:06:14Z,en,"['English', 'Creatorsmp', 'LifestealSMP']",2026-10-01,02-13-44,Thursday
319105284341,71934478,neskwga,460630,Rainbow Six Siege,693,2026-09-30T16:02:58Z,pt,"['Português', 'DropsAtivados']",2026-10-01,02-13-44,Thursday
321651441114,169130874,risshella,1288749557,Dressmaker,692,2026-09-30T18:01:09Z,en,"['Bisexual', 'Neurodivergent', 'GoblinQueen', 'LGBTQIAPlus', 'English', 'AuDHD', 'simulationgames', 'ClosedCaptions', 'shellcollector', 'FamilyFriendly']",2026-10-01,02-13-44,Thursday
320588104160,61765204,xenosysvex,771448419,AION 2,691,2026-09-30T12:42:24Z,en,"['English', 'bald', 'FFXIV', 'tank', 'DropsEnabled']",2026-10-01,02-13-44,Thursday
320548347996,108586685,tenzinniznet,509658,Just Chatting,691,2026-09-30T14:53:15Z,en,"['English', 'Indian', 'tibetan', 'nepali', 'American', 'DropsEnabled']",2026-10-01,02-13-44,Thursday
315573683056,472650055,innovchik,771448419,AION 2,691,2026-09-30T12:18:44Z,ru,"['Русский', 'Aion', 'MMORPG', 'MMO', 'чант', 'общение', 'chanter', 'AION2', 'DropsВключены']",2026-10-01,02-13-44,Thursday
317901557731,499388543,wamoun,1763263,nanos world,686,2026-09-30T17:40:04Z,fr,"['Français', 'react', 'narutorp']",2026-10-01,02-13-44,Thursday
318829301350,63179445,kuruhs,489611,Need for Speed,682,2026-09-30T15:25:39Z,en,"['English', 'Speedrun', 'Racing', 'openworld', 'online', 'Multiplayer']",2026-10-01,02-13-44,Thursday
317559722103,700526126,blukitsune9,509658,Just Chatting,682,2026-09-30T17:30:18Z,en,"['English', 'Woman', 'Travel', 'IRL', 'girl', 'reaction', 'Friendly', 'tism', 'Cosplay', 'Shopping']",2026-10-01,02-13-44,Thursday
316971393494,42332234,diamondprox_lol,21779,League of Legends,681,2026-09-30T14:32:18Z,ru,"['Русский', 'English', '16xChallenger', 'Pro', 'DropsВключены']",2026-10-01,02-13-44,Thursday
321766712923,66560444,skinnycheeks,65654,The Elder Scrolls Online,681,2026-09-30T14:04:31Z,en,"['English', 'DropsEnabled']",2026-10-01,02-13-44,Thursday
317017225812,1024694449,lucas_simonsson,509658,Just Chatting,681,2026-09-30T18:38:47Z,sv,"['Svenska', 'DropsAktiverat']",2026-10-01,02-13-44,Thursday
318249803480,71031406,kindafunnygames,509658,Just Chatting,680,2026-09-30T16:55:55Z,en,"['English', 'DropsEnabled']",2026-10-01,02-13-44,Thursday
319104531701,90917536,rnakano,1616524387,Mall Rivals,679,2026-09-30T12:57:37Z,pt,['Português'],2026-10-01,02-13-44,Thursday
321767779547,64080424,roxasorg13th,123184772,EA Sports FC 27,678,2026-09-30T16:53:11Z,es,['Español'],2026-10-01,02-13-44,Thursday
317892393956,694635949,evanv_77,509658,Just Chatting,677,2026-09-30T18:53:24Z,fr,"['Français', 'DropsActivés']",2026-10-01,02-13-44,Thursday
318633891047,179279586,kertus,32982,Grand Theft Auto V,677,2026-09-30T11:28:58Z,it,"['Italiano', 'gta5', 'kertus', 'fivem', 'imperorp', 'impero', 'anc', 'gtaonline', 'Roleplay', 'DropAbilitati']",2026-10-01,02-13-44,Thursday
320453734494,31470495,carian,771448419,AION 2,677,2026-09-30T13:33:13Z,en,"['English', 'funny', 'Chıll', 'Vtuber', 'gamergirl', 'ExtractionLooter', 'Chatty', 'DropsEnabled']",2026-10-01,02-13-44,Thursday
317868166242,129289579,krl_stream,32399,Counter-Strike,675,2026-09-30T18:08:48Z,fr,"['Français', 'KRL', 'CS2']",2026-10-01,02-13-44,Thursday
318771728741,36912126,gluhammer,12839,Heroes of Might and Magic III: The Restoration of Erathia,674,2026-09-30T13:48:24Z,pl,['Polski'],2026-10-01,02-13-44,Thursday
317892478692,801995277,leyton_v2,123184772,EA Sports FC 27,671,2026-09-30T18:58:32Z,fr,['Français'],2026-10-01,02-13-44,Thursday
318830721510,24657677,back2warcraft,12924,Warcraft III,671,2026-09-30T16:58:35Z,de,"['Esports', 'strategy', 'rts', 'English', 'Deutsch']",2026-10-01,02-13-44,Thursday
317867348194,496112634,kurama_203,33214,Fortnite,671,2026-09-30T17:01:18Z,fr,['Français'],2026-10-01,02-13-44,Thursday
318639246695,159220850,baz1221,32399,Counter-Strike,671,2026-09-30T18:29:59Z,ru,['Русский'],2026-10-01,02-13-44,Thursday
317015329364,118740256,b_komhate,743893402,WARDOGS,667,2026-09-30T14:24:51Z,ru,"['ТАРКОВ', 'ВКОМНАТЕ', 'Русский', 'DropsВключены']",2026-10-01,02-13-44,Thursday
318831387366,172781249,faister,509658,Just Chatting,665,2026-09-30T17:34:14Z,de,"['Deutsch', 'BesterStream', '24HourStream', 'Legat', 'DropsAktiviert']",2026-10-01,02-13-44,Thursday
319048428278,84212120,yulla,11557,The Legend of Zelda: Ocarina of Time,662,2026-09-30T18:29:40Z,pt,['Português'],2026-10-01,02-13-44,Thursday
316973316182,178091065,dedbaldesh,509658,Just Chatting,659,2026-09-30T18:52:54Z,ru,"['Русский', 'DropsВключены']",2026-10-01,02-13-44,Thursday
318774858085,168348436,xrick75,32982,Grand Theft Auto V,659,2026-09-30T17:35:32Z,de,"['Deutsch', 'NARCOCITY', 'RP', 'fivem', 'gta']",2026-10-01,02-13-44,Thursday
318831572198,61974931,leynainu,509659,ASMR,658,2026-09-30T17:45:39Z,en,"['egirl', 'mommy', 'asmr', 'earlicking', 'chatty', 'AMA', 'English']",2026-10-01,02-13-44,Thursday
320453909470,104137861,lyric,464339927,ARC Raiders,658,2026-09-30T14:03:40Z,en,"['English', 'Anime', 'ADHD', 'Vtuber', 'movement', 'Asian', 'fps', 'catgirl', 'PvP']",2026-10-01,02-13-44,Thursday
318776303077,469383472,halflex,401587136,Arena Breakout: Infinite,658,2026-09-30T18:58:33Z,ru,"['English', 'wow', 'gta', 'Русский', 'circle', 'halflex', 'lex', 'half', 'DropsВключены']",2026-10-01,02-13-44,Thursday
321650634202,136167902,mactics,497057,Destiny 2,656,2026-09-30T16:30:05Z,en,"['English', 'DropsEnabled']",2026-10-01,02-13-44,Thursday
317888771300,36086436,sundae,515025,Overwatch,655,2026-09-30T13:27:26Z,fr,"['Français', 'discussion', 'découverte', 'challenge', '200iq', 'HPI', 'chill']",2026-10-01,02-13-44,Thursday
317867356642,410975773,bale_gg,491168,Clash Royale,655,2026-09-30T17:01:51Z,es,"['Español', 'gaming', 'clashroyale']",2026-10-01,02-13-44,Thursday
319045916022,188210046,saegusinha,19619,Tibia,653,2026-09-30T08:04:06Z,pt,"['Português', 'inglês', 'PKA', 'PokemonAlliance']",2026-10-01,02-13-44,Thursday
316094770387,181082311,realykekss,32399,Counter-Strike,652,2026-09-30T17:34:34Z,ru,['Русский'],2026-10-01,02-13-44,Thursday
316527554162,1430728070,kaytee_goringo,2005329090,Jinro Metropolis,652,2026-09-30T13:02:13Z,ja,"['人狼', '日本語', '人狼メトロポリス', '初心者配信', 'グノーシア']",2026-10-01,02-13-44,Thursday
321767067611,138447079,captainlance9,29307,Path of Exile,651,2026-09-30T15:11:24Z,en,['English'],2026-10-01,02-13-44,Thursday
318832952934,130271562,diables,32982,Grand Theft Auto V,649,2026-09-30T19:03:31Z,pl,"['Polski', 'drops', 'warszawa', 'stópki', 'NoPixel', 'NoPixelWL', 'DropyWłączone']",2026-10-01,02-13-44,Thursday
321602115417,119253305,donutoperator,509658,Just Chatting,649,2026-09-30T17:21:08Z,en,"['English', 'DropsEnabled']",2026-10-01,02-13-44,Thursday
316972101974,181097289,renamid,509658,Just Chatting,648,2026-09-30T16:16:42Z,ru,"['Аниме', 'Русский', 'ренамид', 'общениесчатом', 'DropsВключены']",2026-10-01,02-13-44,Thursday
319174194164,128775333,coreano,2042681592,Minecraft Dungeons II,648,2026-09-30T08:30:53Z,en,"['Português', 'English']",2026-10-01,02-13-44,Thursday
318828248038,575410736,youney,32982,Grand Theft Auto V,647,2026-09-30T14:02:55Z,en,"['English', 'NoPixelWL', 'clown', 'English', 'ChillandChaotic', 'NoPixel']",2026-10-01,02-13-44,Thursday
318832800998,197163785,adm1tr1pow,32399,Counter-Strike,646,2026-09-30T18:54:11Z,ru,['Русский'],2026-10-01,02-13-44,Thursday
318775532773,438504575,frajgo_,21779,League of Legends,646,2026-09-30T18:11:36Z,pl,"['Polski', 'english', 'Esport', 'leagueoflegeneds', 'LCK', 'LEC']",2026-10-01,02-13-44,Thursday
317901873763,35332416,shoxiejesuss,32399,Counter-Strike,644,2026-09-30T18:06:03Z,fr,"['Français', 'fun', 'chill', 'MajorWinner', 'Rediffusion']",2026-10-01,02-13-44,Thursday
320590525792,471119222,ryue_domi,1136666301,MLB The Show 25,644,2026-09-30T18:00:53Z,es,['Español'],2026-10-01,02-13-44,Thursday
318830535782,664177022,tenma,1414860634,The Binding of Isaac: Repentance,644,2026-09-30T16:47:29Z,en,"['vtuber', 'anime', 'idk', 'tenma', 'English']",2026-10-01,02-13-44,Thursday
319407740759,36439445,darthmicrotransaction,508455,Valheim,643,2026-09-30T16:06:25Z,en,['English'],2026-10-01,02-13-44,Thursday
318636136295,62603776,cyganzor,27546,World of Tanks,643,2026-09-30T15:03:36Z,pl,"['Polski', 'Polish', 'wot', 'WorldofTanks', 'Dropy']",2026-10-01,02-13-44,Thursday
318774252645,168514917,rachtaz,500188,Hunt: Showdown 1896,640,2026-09-30T17:03:10Z,en,"['English', 'Chill', 'AMA', 'Gaming', 'FPS']",2026-10-01,02-13-44,Thursday
318636207975,667597085,myketv,33214,Fortnite,639,2026-09-30T15:09:02Z,it,"['Italiano', 'Fortnite', 'MykeTV', 'CoachMyke', 'FNCS']",2026-10-01,02-13-44,Thursday
320453429982,23844396,teepee,743893402,WARDOGS,639,2026-09-30T12:32:47Z,en,"['callofduty', 'optic', 'English', 'fps', 'battleroyale', 'warzone', 'bo7', 'Blackout', 'pro']",2026-10-01,02-13-44,Thursday
318832583014,1544692166,everytimeallin,509658,Just Chatting,637,2026-09-30T18:40:19Z,en,"['English', 'DropsEnabled']",2026-10-01,02-13-44,Thursday
317865810402,516424812,noarmwhatley,21779,League of Legends,636,2026-09-30T13:59:22Z,en,"['British', 'TahmKench', 'Submissive', 'Femboy', 'English', 'frogs', 'Vtuber', 'frog', 'peppapig']",2026-10-01,02-13-44,Thursday
320590602976,1200831758,caseoh247,509658,Just Chatting,636,2026-09-30T18:07:08Z,en,"['caseoh', 'Caseohgames', 'VOD', 'reruns', 'Rerun', 'English', 'DropsEnabled']",2026-10-01,02-13-44,Thursday
317901507939,43490326,misslollypopsims,369252,The Sims 4,631,2026-09-30T17:34:48Z,en,"['British', 'Female', 'English', 'Cozy', 'moderated', 'Chıll', 'Modded']",2026-10-01,02-13-44,Thursday
318772484965,106673597,turk,32959,Heroes of the Storm,631,2026-09-30T15:00:13Z,en,"['English', 'DropsEnabled']",2026-10-01,02-13-44,Thursday
317902008675,43190052,cacho01,123184772,EA Sports FC 27,631,2026-09-30T18:17:30Z,es,['Español'],2026-10-01,02-13-44,Thursday
316094008915,126516726,helrig,32502,World of Warships,628,2026-09-30T12:41:48Z,de,"['Deutsch', 'Flauschig', 'Kaffee', 'German', 'Drops', 'DropsAktiviert', 'Giveaways', 'PARTY']",2026-10-01,02-13-44,Thursday
319105085557,157756109,nikomfps,32399,Counter-Strike,628,2026-09-30T15:13:30Z,es,['Español'],2026-10-01,02-13-44,Thursday
316969973590,220930843,mainfinitytv,18122,World of Warcraft,627,2026-09-30T09:10:21Z,ru,['Русский'],2026-10-01,02-13-44,Thursday
317901810147,21080562,mrbboy45,32982,Grand Theft Auto V,626,2026-09-30T18:01:44Z,fr,"['Français', 'DropsActivés']",2026-10-01,02-13-44,Thursday
320454763358,697578274,nekrolina,509658,Just Chatting,626,2026-09-30T15:59:39Z,en,"['English', 'Vtuber', 'ADHD', 'BRAT', 'DropsEnabled']",2026-10-01,02-13-44,Thursday
320588579296,434291754,juicyjohns,512710,Call of Duty: Warzone,625,2026-09-30T14:03:58Z,en,"['English', 'rebirth', 'juicyjohns', 'warzone', 'callofduty', 'camy', 'DropsEnabled']",2026-10-01,02-13-44,Thursday
316939643477,48243045,dosia_csgo,32399,Counter-Strike,625,2026-09-30T18:17:44Z,ru,['Русский'],2026-10-01,02-13-44,Thursday
317902065635,46025493,plexooh,32982,Grand Theft Auto V,622,2026-09-30T18:22:27Z,fr,"['Français', 'VIBE', 'RP', 'GTARP']",2026-10-01,02-13-44,Thursday
316516420465,776751504,asumisena,513143,Teamfight Tactics,621,2026-09-30T18:14:43Z,ja,"['Vtuber', '日本語', 'ぶいすぽ', 'きいたら教えて', 'TFT', 'tftteamfighttactics', '指示コメ禁止']",2026-10-01,02-13-44,Thursday
317900190307,1076360390,syaazfnn,33214,Fortnite,621,2026-09-30T15:07:32Z,es,['Español'],2026-10-01,02-13-44,Thursday
321600743513,250742774,wxltzy,511224,Apex Legends,619,2026-09-30T14:01:39Z,en,['English'],2026-10-01,02-13-44,Thursday
317899055587,165691707,jamiekb9v,513181,Genshin Impact,618,2026-09-30T12:55:01Z,en,"['English', 'DropsEnabled']",2026-10-01,02-13-44,Thursday
319174662900,136975562,ouluh,771448419,AION 2,618,2026-09-30T12:07:02Z,pt,"['Português', 'MMO', 'MMORPG', 'FPS', 'DropsAtivados']",2026-10-01,02-13-44,Thursday
317890499812,43045369,zorlakoka,32399,Counter-Strike,617,2026-09-30T16:15:20Z,pt,['Português'],2026-10-01,02-13-44,Thursday
318830701670,73699894,kendrobtg,1960720223,SILENT HILL: townfall,616,2026-09-30T16:57:34Z,fr,"['Français', 'horreur', 'goodvibes', 'humour', 'lgbtqia', 'Indés', 'HorreurPsychologique', 'halloween', 'silenthill', 'horreurFR']",2026-10-01,02-13-44,Thursday
317559765367,22998189,stonemountain64,743893402,WARDOGS,615,2026-09-30T17:42:15Z,en,"['goldbars', 'goldprice', 'gold', 'ciws', 'havoc', 'fixes', 'bugs', 'bug', 'exploit', 'English']",2026-10-01,02-13-44,Thursday
316126186089,54525106,aliythia,32982,Grand Theft Auto V,615,2026-09-30T14:32:32Z,en,"['ADHD', 'AUS', 'Woman', 'girl', 'Female', 'Australian', 'Aussie', 'English', 'NoPixel']",2026-10-01,02-13-44,Thursday
317559787127,22253819,scarra,513143,Teamfight Tactics,615,2026-09-30T17:48:31Z,en,"['English', 'mortdogssecondson', 'water', 'OTV', 'OfflineTV', 'fakefanspodcast', 'asmr', 'fpsprodigy']",2026-10-01,02-13-44,Thursday
318832962022,58075657,junajtedtv,123184772,EA Sports FC 27,614,2026-09-30T19:04:08Z,pl,['Polski'],2026-10-01,02-13-44,Thursday
317900711139,39115143,th3antonio,21779,League of Legends,614,2026-09-30T16:07:17Z,es,"['peluquillas', 'Español', 'CHALLENGER', 'TH3LEC', 'th3antonio', 'poker', 'DropsActivados']",2026-10-01,02-13-44,Thursday
318829728102,170825002,yoclesh,509660,Art,612,2026-09-30T15:57:08Z,en,"['Anime', 'Artist', 'Vocalist', 'Oni', 'Lurk', 'English', 'vtuber', 'Singing', 'DropsEnabled']",2026-10-01,02-13-44,Thursday
316291978603,536489766,ya_keka,509658,Just Chatting,612,2026-09-30T14:04:04Z,ru,"['Русский', 'кек', 'рыжая', 'Женщина', 'хоррор', 'альтушка', 'пикми', 'кринжуля', 'DropsВключены']",2026-10-01,02-13-44,Thursday
320454537438,46327303,legundo,27471,Minecraft,608,2026-09-30T15:33:27Z,en,"['BaldIsBeautiful', 'NotACult', 'English', 'SMP', 'DropsEnabled']",2026-10-01,02-13-44,Thursday
321602423001,166633913,loldonatello,1264310518,Marvel Rivals,608,2026-09-30T18:00:08Z,en,"['top500', 'English', 'DropsEnabled']",2026-10-01,02-13-44,Thursday
319406939991,23460970,lethalfrag,1414860634,The Binding of Isaac: Repentance,608,2026-09-30T12:54:10Z,en,"['Relaxation', 'Enjoyment', 'Cats', 'Calming', 'Indie', 'Gaming', 'ClosedCaptions', 'CC', 'CleanScreen', 'English']",2026-10-01,02-13-44,Thursday
318623495783,56148610,aethelthryth,21779,League of Legends,607,2026-09-29T13:13:12Z,bg,['Български'],2026-10-01,02-13-44,Thursday
316939247061,554148793,risazatvorchestvo,509658,Just Chatting,605,2026-09-30T17:26:33Z,ru,"['Русский', 'музыка', 'рзт', 'рисазатворчество', 'DropsВключены']",2026-10-01,02-13-44,Thursday
317888865380,47919664,champi14,21779,League of Legends,605,2026-09-30T13:35:54Z,es,"['Español', 'leagueoflegendsespañol', 'leagueoflegeneds', 'LEC', 'DropsActivados']",2026-10-01,02-13-44,Thursday
316581408371,715990491,dttodot,1267582829,Aniimo,603,2026-09-30T01:21:22Z,ja,"['日本語', 'VTuber', 'Thai', 'Japanese', 'English', 'Drops有効']",2026-10-01,02-13-44,Thursday
320588963552,715941186,sansin,509658,Just Chatting,602,2026-09-30T14:59:39Z,en,"['vtuber', 'English', 'onebrainwrinkle', 'chill', 'LurkerFriendly', 'Comfy', 'mom', 'brainoff', 'DropsEnabled']",2026-10-01,02-13-44,Thursday
318829881958,602954964,ilfubbe,123184772,EA Sports FC 27,602,2026-09-30T16:05:57Z,it,"['FUBBE', 'FUBBINHO', 'Italiano']",2026-10-01,02-13-44,Thursday
318773671525,810054395,maimaittv,509658,Just Chatting,602,2026-09-30T16:30:59Z,ja,"['日本語', '台灣', 'deadbydaylight', 'dbdcreator', '旅行', 'IRL', '雑談', '中文', 'English', 'Drops有効']",2026-10-01,02-13-44,Thursday
318829831014,68261767,knister,1901865180,NTE: Neverness to Everness,601,2026-09-30T16:02:53Z,de,"['Deutsch', 'DropsAktiviert']",2026-10-01,02-13-44,Thursday
318638421991,156356155,kappapridesummoner,509658,Just Chatting,600,2026-09-30T17:39:59Z,ru,"['Русский', 'Беженец', 'Эмигрант', 'Austria', 'RollingLoud', 'DropsВключены']",2026-10-01,02-13-44,Thursday
318769837669,160991927,falganwow,18122,World of Warcraft,600,2026-09-30T09:55:35Z,de,['Deutsch'],2026-10-01,02-13-44,Thursday
318830855654,94606599,teamkrado,32502,World of Warships,600,2026-09-30T17:04:12Z,de,"['PVP', 'Hardcore', 'FUN', 'Deutsch', 'DropsAktiviert']",2026-10-01,02-13-44,Thursday
317900729315,56097532,amslowtw,123184772,EA Sports FC 27,599,2026-09-30T16:09:19Z,fr,"['amslow', 'gaming', 'Football', 'Français']",2026-10-01,02-13-44,Thursday
317902264803,526168468,mrsal_59,32982,Grand Theft Auto V,599,2026-09-30T18:38:42Z,fr,"['FlashbackWL', 'Français', '1440p']",2026-10-01,02-13-44,Thursday
318633512935,66551495,knueppelpaste,1254042066,The Witcher 3: Wild Hunt Remastered,598,2026-09-30T10:35:03Z,de,"['Deutsch', 'eigentlichganznett', 'PvP', 'vollderProfi', 'EFT', 'Lehrreich']",2026-10-01,02-13-44,Thursday
316067929426,136366909,thatpunchkid,1264310518,Marvel Rivals,595,2026-09-30T16:39:49Z,en,"['English', 'GodGamer', 'NeverMiss', 'DropsEnabled']",2026-10-01,02-13-44,Thursday
319408521175,116263317,cupahnoodle,509658,Just Chatting,595,2026-09-30T18:04:57Z,en,"['Variety', 'Chill', 'English', 'cupahnoodle', 'DropsEnabled']",2026-10-01,02-13-44,Thursday
317016351956,119840883,koste4ek,509658,Just Chatting,595,2026-09-30T16:47:54Z,ru,"['хихи', 'хаха', 'старый', 'афкстример', 'Фурри', 'брони', 'Русский', 'НеПрофессионал', 'DropsВключены', 'лейм']",2026-10-01,02-13-44,Thursday
318636598759,450941057,kadditv,512923,Baldur's Gate 3,594,2026-09-30T15:41:46Z,de,['Deutsch'],2026-10-01,02-13-44,Thursday
317892229860,128368067,ryosenseitv,509658,Just Chatting,593,2026-09-30T18:41:44Z,fr,"['Français', 'DropsActivés']",2026-10-01,02-13-44,Thursday
320548087388,22186976,hcjustin,55453844,Street Fighter 6,592,2026-09-30T14:16:52Z,en,['English'],2026-10-01,02-13-44,Thursday
317863800418,29283977,icekei,771448419,AION 2,592,2026-09-30T06:59:57Z,fr,"['Français', 'DropsActivés']",2026-10-01,02-13-44,Thursday
318831039078,112991560,starletnova,509658,Just Chatting,588,2026-09-30T17:14:30Z,de,"['Deutsch', 'SafeSpace', 'Ally', 'fitness', 'ADHD', 'GOONER', 'DropsAktiviert']",2026-10-01,02-13-44,Thursday
318774647269,221114625,xyzoom,27471,Minecraft,587,2026-09-30T17:25:02Z,de,['Deutsch'],2026-10-01,02-13-44,Thursday
318769987301,28572093,kubon_,489170,DARK SOULS II: Scholar of the First Sin,587,2026-09-30T10:18:00Z,pl,['Polski'],2026-10-01,02-13-44,Thursday
321766914139,54765318,imkibitz,506456,Satisfactory,587,2026-09-30T14:44:47Z,en,"['English', 'simulation', 'factory', 'bees']",2026-10-01,02-13-44,Thursday
317900292835,538349600,fe_lilith01,491487,Dead by Daylight,587,2026-09-30T15:19:35Z,pt,"['DBD', 'DBDCREATOR', 'PLAYWITHVIEWS', 'OPENLOBBY', 'EU', 'Portugal', 'ptbr', 'EngIish', 'Português']",2026-10-01,02-13-44,Thursday
316939668821,196776672,pmuen,743893402,WARDOGS,587,2026-09-30T18:20:54Z,th,['ภาษาไทย'],2026-10-01,02-13-44,Thursday
316584046835,771876295,krrnbot,525700863,Magical Girl Witch Trials,586,2026-09-30T13:33:15Z,ja,"['日本語', 'コスプレ', 'Vtuber']",2026-10-01,02-13-44,Thursday
317865948130,150214820,ashlyne,1264310518,Marvel Rivals,585,2026-09-30T14:17:58Z,en,"['English', 'Filipino', 'Scottish', 'asian', 'celestial', 'DPS', 'marvelrivals', 'Ranked', 'DropsEnabled']",2026-10-01,02-13-44,Thursday
317887948132,133268904,i_reaz,21779,League of Legends,584,2026-09-30T11:51:40Z,fr,['Français'],2026-10-01,02-13-44,Thursday
318774573029,74395033,jkfifa,123184772,EA Sports FC 27,583,2026-09-30T17:20:46Z,da,['Dansk'],2026-10-01,02-13-44,Thursday
317868401634,53226469,farodgames,1049660771,Creature Kitchen,582,2026-09-30T18:26:32Z,fr,"['humour', 'chill', 'Français', 'France', 'SafeSpace', 'jeuxvidéo']",2026-10-01,02-13-44,Thursday
317901886307,197074157,yannoujr10,509658,Just Chatting,582,2026-09-30T18:07:12Z,fr,"['Français', 'DropsActivés']",2026-10-01,02-13-44,Thursday
319176440052,75883480,oabeljoga,771448419,AION 2,580,2026-09-30T18:36:34Z,pt,"['oabeljoga', 'Português', 'aion2', 'mmorpg', 'mmo', 'jogofree', 'aion2brasil', 'DropsAtivados']",2026-10-01,02-13-44,Thursday
317902298595,580985449,jizonn,509658,Just Chatting,580,2026-09-30T18:41:23Z,pt,"['Português', 'DropsAtivados']",2026-10-01,02-13-44,Thursday
318773805413,275388227,aogofficial,29056,Knight Online,579,2026-09-30T16:39:29Z,tr,"['Türkçe', 'knight', 'knightonline']",2026-10-01,02-13-44,Thursday
318831927142,1113506814,hamburghafenlive,509672,IRL,578,2026-09-30T18:03:11Z,de,"['Hamburg', 'Deutsch']",2026-10-01,02-13-44,Thursday
318250288728,35081864,chippo,509658,Just Chatting,578,2026-09-30T18:24:55Z,en,"['Fortnite', 'English', 'DropsEnabled']",2026-10-01,02-13-44,Thursday
320547588828,119610243,steadfastsc,490422,StarCraft II,577,2026-09-30T12:53:32Z,en,"['English', 'Commentary', 'Analysis', 'ChillVibes', 'Yapping', '1v1', 'Zerg', 'Terran', 'Protoss', 'Competitive']",2026-10-01,02-13-44,Thursday
317890339812,97647848,vectizz,32399,Counter-Strike,574,2026-09-30T16:02:00Z,fr,"['Français', 'English', 'fps']",2026-10-01,02-13-44,Thursday
318636791527,28304438,earliboy,32982,Grand Theft Auto V,574,2026-09-30T15:56:39Z,de,"['Deutsch', 'craftattack', 'CraftAttack13', 'UnityLife', 'Roleplay', 'Sauercrowd', 'UnityLifeDE']",2026-10-01,02-13-44,Thursday
318637848295,695946471,serboz,29056,Knight Online,572,2026-09-30T17:05:28Z,tr,['Türkçe'],2026-10-01,02-13-44,Thursday
319176226420,686205120,heymayumi,624536948,EA Sports FC 26,571,2026-09-30T17:59:56Z,pt,"['English', 'Português', 'roblox']",2026-10-01,02-13-44,Thursday
316939032661,179760322,spr_poker,488190,Poker,571,2026-09-30T17:00:45Z,ru,['Русский'],2026-10-01,02-13-44,Thursday
316936941397,726985396,titanthef,771448419,AION 2,569,2026-09-30T11:08:12Z,ru,"['Русский', 'доброта', 'DropsВключены']",2026-10-01,02-13-44,Thursday
316938486741,723725656,cardcenternorge,9618,Pokémon Trading Card Game,567,2026-09-30T15:51:00Z,no,"['norsk', 'ripandship', 'pokemon', 'Norsk', 'DropsAktivert']",2026-10-01,02-13-44,Thursday
317891013476,150716625,fefegg,515025,Overwatch,564,2026-09-30T17:00:40Z,fr,"['drops', 'tokens', 'esports', 'overwatch', 'Français', 'worldcup2026']",2026-10-01,02-13-44,Thursday
320589468256,39886669,oatsngoats,511391,Hollow Knight: Silksong,564,2026-09-30T16:01:00Z,en,"['English', 'Retro']",2026-10-01,02-13-44,Thursday
316299884780,877729434,vuzase,498566,Slots,564,2026-09-30T16:38:08Z,en,['English'],2026-10-01,02-13-44,Thursday
321753076443,55899594,corgicam,509658,Just Chatting,563,2026-09-29T13:07:05Z,en,"['English', 'Vtuber', 'Furry', 'LGBTQIAPlusAlly', 'short', 'LOUD', 'Interactive', 'ClosedCaptions', 'subathon', 'Yapper']",2026-10-01,02-13-44,Thursday
318636852071,224502550,davidrubino,509658,Just Chatting,562,2026-09-30T16:00:20Z,it,"['justchatting', '4chiacchiere', 'Italiano', 'grenbaud', 'together', 'italia', 'blur', 'DropAbilitati']",2026-10-01,02-13-44,Thursday
317889856868,53265819,poko,515025,Overwatch,561,2026-09-30T15:17:22Z,fr,"['french', 'DVA', 'ZARYA', 'SIGMA', 'PRO', 'Français', 'TANK', 'ENGLISH', 'Stadium']",2026-10-01,02-13-44,Thursday
320538764508,44741426,streamerhouse,504463,Tom Clancy's The Division 2,561,2026-09-29T21:17:30Z,en,"['Marathon', 'AlwaysOn', 'Subathon', 'StreamerHouse', 'English', '24hr', '247Stream', 'gaming', 'LGBTQ', 'DropsEnabled']",2026-10-01,02-13-44,Thursday
319174511476,64390837,zeusghostz,771448419,AION 2,561,2026-09-30T11:15:52Z,pt,"['Português', 'DropsAtivados']",2026-10-01,02-13-44,Thursday
316971690198,676298284,earthq__,29595,Dota 2,560,2026-09-30T15:19:52Z,ru,['Русский'],2026-10-01,02-13-44,Thursday
316528410226,414070550,pira_real,511224,Apex Legends,560,2026-09-30T16:05:22Z,ja,['日本語'],2026-10-01,02-13-44,Thursday
318774992997,159870726,jirotf16,123184772,EA Sports FC 27,559,2026-09-30T17:43:30Z,en,"['fc26', 'eafc26', 'careermode', 'fifa', 'Football', 'gaming', 'English', 'artist', 'Painting']",2026-10-01,02-13-44,Thursday
320588969056,137786375,luxthos,18122,World of Warcraft,558,2026-09-30T15:00:10Z,en,"['English', 'AMA', 'Québec', 'MMORPG', 'ARPG', 'LurkerFriendly', 'Interactive', 'giveaway', 'DropsEnabled']",2026-10-01,02-13-44,Thursday
316152026346,996322312,linalachesis,509659,ASMR,557,2026-09-30T15:00:07Z,en,"['VTuber', 'chill', 'English', 'Woman', 'ASMR', 'manipulative', 'slightlyevil', 'verycool']",2026-10-01,02-13-44,Thursday
317864875362,181242441,youby4,771448419,AION 2,556,2026-09-30T11:45:12Z,fr,"['MMORPG', 'EN', 'francais', 'Français', 'DropsActivés']",2026-10-01,02-13-44,Thursday
318827756902,43780497,blackfireice,513143,Teamfight Tactics,556,2026-09-30T13:11:57Z,pl,"['polski', 'Polski', 'Ranked', 'grind', 'Ladder', 'TFT']",2026-10-01,02-13-44,Thursday
317016960084,46141647,sorabi_,509658,Just Chatting,555,2026-09-30T18:02:32Z,ru,"['бодиАрт', 'половоеВоспитание', 'общение', 'психология', 'кринж', 'Русский', 'bmw', 'DropsВключены']",2026-10-01,02-13-44,Thursday
317006553556,99154077,michu_hm,123184772,EA Sports FC 27,555,2026-09-28T21:58:20Z,pl,['Polski'],2026-10-01,02-13-44,Thursday
316514288497,62795573,kmomo_0512,516575,VALORANT,554,2026-09-30T08:53:08Z,zh,"['中文', '貓咪']",2026-10-01,02-13-44,Thursday
317901341539,512611454,kazuhiaa,209738946,Wuthering Waves,553,2026-09-30T17:16:49Z,es,"['Español', 'HoYocreators', 'DropsActivados']",2026-10-01,02-13-44,Thursday
317898699875,477397946,pve_zone,771448419,AION 2,553,2026-09-30T12:02:20Z,es,"['MMORPG', 'PvE', 'MMO', 'Español', 'English', 'monsterhunter', 'soulframe', 'ChronoOdyssey', 'AION2', 'España']",2026-10-01,02-13-44,Thursday
321599975257,27235948,adamvseverything,1913410799,Total War: WARHAMMER III,551,2026-09-30T10:47:56Z,en,"['Chill', 'English', 'Challenge', 'Hardcore', 'GoodVibes', 'RimWorld', 'NoBackseating', 'Guides', 'warhammer', 'totalwar']",2026-10-01,02-13-44,Thursday
317890850532,32951395,moraishd,516575,VALORANT,549,2026-09-30T16:46:20Z,pt,"['Português', 'Vtuber', 'comédia', 'Portugal', 'morais']",2026-10-01,02-13-44,Thursday
320549811676,575239993,curve1x,33214,Fortnite,548,2026-09-30T18:02:19Z,en,"['English', 'clix', 'FNCSCHAMP', 'CashCupFortnite', 'fornitefun', 'fun', 'curve', 'fortnitepro']",2026-10-01,02-13-44,Thursday
320550154076,25458544,sequisha,743893402,WARDOGS,548,2026-09-30T18:40:46Z,en,"['English', 'Solo', 'comedy']",2026-10-01,02-13-44,Thursday
320590168672,459898171,tenacitytv,30921,Rocket League,547,2026-09-30T17:21:54Z,en,"['English', 'TTS', 'BaldStreamer']",2026-10-01,02-13-44,Thursday
318636757223,117995626,usachman,508455,Valheim,547,2026-09-30T15:54:11Z,uk,"['Українська', 'Україна', 'Українською', 'Ukraine', 'UA', 'Ukrainian', 'Одеса', 'Миколаїв', 'Ігри']",2026-10-01,02-13-44,Thursday
321650616026,118202507,repullze,512710,Call of Duty: Warzone,546,2026-09-30T16:28:10Z,en,"['warzone', 'wsow', 'ewc', 'callofduty', 'verdansk', 'cod', 'rebirthisland', 'English', 'ADHD']",2026-10-01,02-13-44,Thursday
318767171941,1447297241,gtastyslots,498566,Slots,545,2026-09-29T23:10:00Z,de,['Deutsch'],2026-10-01,02-13-44,Thursday
319407349207,27152377,boon,404069058,ACE COMBAT 8: WINGS OF THEVE,545,2026-09-30T14:45:37Z,en,"['English', 'DropsEnabled']",2026-10-01,02-13-44,Thursday
321600961753,29751088,dave_aoe,13332,Pokémon FireRed/LeafGreen,544,2026-09-30T14:42:45Z,en,"['English', 'DropsEnabled']",2026-10-01,02-13-44,Thursday
318637132647,634655593,touristt12,491168,Clash Royale,544,2026-09-30T16:19:49Z,ru,['Русский'],2026-10-01,02-13-44,Thursday
317866522722,12585713,threedogg,11557,The Legend of Zelda: Ocarina of Time,543,2026-09-30T15:32:13Z,en,"['English', 'NoBackseating']",2026-10-01,02-13-44,Thursday
316086707048,416444648,hestiahappiness,32982,Grand Theft Auto V,541,2026-09-30T14:00:43Z,ja,"['vtuber', 'VtuberEN', '日本語', 'ストグラ']",2026-10-01,02-13-44,Thursday
320550170844,40541068,methodz,2012789438,Call of Duty: Black Ops 7,541,2026-09-30T18:43:05Z,en,"['cdl', 'cod', 'OpTic', 'methodz', 'English', 'fps', 'movember']",2026-10-01,02-13-44,Thursday
317866418402,100905909,altertimesk,18122,World of Warcraft,541,2026-09-30T15:19:14Z,es,['Español'],2026-10-01,02-13-44,Thursday
318771628261,37193065,serhatakin,771448419,AION 2,539,2026-09-30T13:37:26Z,tr,"['Türkçe', 'DroplarEtkin']",2026-10-01,02-13-44,Thursday
318621366375,192974800,alepre98,13332,Pokémon FireRed/LeafGreen,536,2026-09-29T08:15:11Z,it,"['SPORT', 'pokemon', 'REACTION', 'IRONMON', 'Italiano', 'DropAbilitati']",2026-10-01,02-13-44,Thursday
318765813349,1520431050,staiy24,32982,Grand Theft Auto V,535,2026-09-29T20:04:31Z,de,['Deutsch'],2026-10-01,02-13-44,Thursday
316527183986,71897376,kettuncyukyuhei,27471,Minecraft,535,2026-09-30T12:03:43Z,ja,['日本語'],2026-10-01,02-13-44,Thursday
320547617500,54276431,powergpu,263490,Rust,534,2026-09-30T12:58:23Z,en,"['English', 'PC', 'gaming', 'gamingpcbuild', 'DropsEnabled']",2026-10-01,02-13-44,Thursday
318623815399,48481281,blindermine,509658,Just Chatting,531,2026-09-29T13:45:23Z,ru,"['Русский', 'ХК', 'хкссф', 'владос', 'горностай', 'DropsВключены']",2026-10-01,02-13-44,Thursday
318634489959,25429692,justlolaman,2748,Magic: The Gathering,531,2026-09-30T12:36:48Z,en,['English'],2026-10-01,02-13-44,Thursday
316972913238,1121596361,geass81,494184,Mobile Legends: Bang Bang,531,2026-09-30T17:54:24Z,ru,['Русский'],2026-10-01,02-13-44,Thursday
317014848340,48642944,consul,771448419,AION 2,530,2026-09-30T13:08:49Z,ru,"['Русский', 'mmorpg', 'rfonlinenext', 'DropsВключены']",2026-10-01,02-13-44,Thursday
317864024162,51958193,niniste,509658,Just Chatting,529,2026-09-30T08:15:36Z,fr,"['Français', 'speedrunneuse', 'niniste', 'challenge', 'defi', 'défi', 'zelda', 'subathon', 'DropsActivés']",2026-10-01,02-13-44,Thursday
317867694562,216906109,mezzogiorno,32982,Grand Theft Auto V,529,2026-09-30T17:30:21Z,it,"['Italiano', 'Drop', 'GTAV', 'rockstargames', 'drops', 'gtavi', 'gta6']",2026-10-01,02-13-44,Thursday
316528330738,264909001,kagura0mea,21779,League of Legends,528,2026-09-30T15:38:02Z,ja,"['Vtuber', '日本語', '新人Vtuber']",2026-10-01,02-13-44,Thursday
316528335090,29923971,rainbrain,771448419,AION 2,528,2026-09-30T15:40:03Z,ja,"['日本語', 'Drops有効']",2026-10-01,02-13-44,Thursday
317891405924,422744475,tanna,513181,Genshin Impact,528,2026-09-30T17:38:51Z,es,"['Español', 'Anime', 'Vtuber', 'GenshınImpact', 'English', 'DropsActivados']",2026-10-01,02-13-44,Thursday
320588620000,176505811,wadelady,982017546,Palia,527,2026-09-30T14:09:56Z,en,"['Cozy', 'English', 'Inclusive', 'SafeSpace', 'Ally', 'Positivity', 'giveaway', 'Giveaways', 'DropsEnabled']",2026-10-01,02-13-44,Thursday
320455135070,259426703,shiftytv,512710,Call of Duty: Warzone,526,2026-09-30T16:37:57Z,en,"['solo', 'sniping', 'english', 'hispanic', 'LFT', 'controller', 'adhd', 'English']",2026-10-01,02-13-44,Thursday
319105246837,72733233,omeiaum,509658,Just Chatting,526,2026-09-30T15:54:24Z,pt,"['Português', 'DropsAtivados']",2026-10-01,02-13-44,Thursday
321768287451,182867055,hollywoodbob,493057,PUBG: BATTLEGROUNDS,525,2026-09-30T17:59:18Z,en,"['English', 'UnPro', 'RockHard', 'FPS', 'BestStreamSniperAccuser', 'BotPounder', 'VoiceActing', 'Funny']",2026-10-01,02-13-44,Thursday
317866805986,140935328,lilithomen,491487,Dead by Daylight,524,2026-09-30T16:05:04Z,en,"['Englísh', 'Horror', 'Blight', 'funny', 'Blight', 'deadbbydaylight', 'English', 'TwitchFrightFest']",2026-10-01,02-13-44,Thursday
318632702055,219265704,jonsman,509672,IRL,524,2026-09-30T08:15:27Z,de,"['Deutsch', 'Outdoors', 'IRL', 'English', 'german', 'justchatting', 'challenge', 'sport', 'palmademallorca', 'Segeln']",2026-10-01,02-13-44,Thursday
321649795674,22916751,bajheera,771448419,AION 2,524,2026-09-30T14:19:31Z,en,"['English', 'Warrior']",2026-10-01,02-13-44,Thursday
318831823334,836843004,rouszztrash,29595,Dota 2,523,2026-09-30T17:59:11Z,ru,['Русский'],2026-10-01,02-13-44,Thursday
318636632935,62212125,bananchik1,2132205352,Deadlock,521,2026-09-30T15:44:37Z,ru,"['Русский', 'Адекватность', 'адекватнаяатмосфера', 'АдекватныйСтример', 'позитив', 'скилл', 'Профессионал', 'семейныйстрим', 'СанктПетербург', 'Олег']",2026-10-01,02-13-44,Thursday
315552176239,139417491,woojungx4,509658,Just Chatting,521,2026-09-30T07:30:34Z,ko,['한국어'],2026-10-01,02-13-44,Thursday
318636916455,688343878,lykamie,509659,ASMR,521,2026-09-30T16:03:46Z,de,"['vtuber', 'gervtuber', 'dbd', 'ENVtuber', 'Deutsch', 'mommyvoice', 'ASMR', 'ASMRvtuber', 'deadbydaylight']",2026-10-01,02-13-44,Thursday
318639374439,508412432,oses,2132205352,Deadlock,520,2026-09-30T18:38:06Z,ru,"['Русский', 'English']",2026-10-01,02-13-44,Thursday
318770401509,190988616,asleyia,771448419,AION 2,517,2026-09-30T11:19:47Z,de,"['Deutsch', 'gamergirl', 'DropsAktiviert']",2026-10-01,02-13-44,Thursday
318638615655,97599849,theohs_,138585,Hearthstone,516,2026-09-30T17:51:57Z,en,"['English', 'Dutch', 'DropsEnabled']",2026-10-01,02-13-44,Thursday
318635388007,179597489,valle,32982,Grand Theft Auto V,516,2026-09-30T13:59:59Z,de,"['GrandTheftAuto5', 'RollenSpiel', 'Deutsch', 'Roleplay', 'german']",2026-10-01,02-13-44,Thursday
318831912294,608304717,punisherenlive,509658,Just Chatting,515,2026-09-30T18:02:29Z,fr,"['Français', 'DropsActivés']",2026-10-01,02-13-44,Thursday
318638595047,543213043,lennli,369418,GeoGuessr,515,2026-09-30T17:50:42Z,de,"['geoguessr', 'Deutsch', 'GHG']",2026-10-01,02-13-44,Thursday
321767777115,207264502,daymr,1264310518,Marvel Rivals,514,2026-09-30T16:52:53Z,en,"['English', 'DropsEnabled']",2026-10-01,02-13-44,Thursday
318773328741,503630305,anastasia_rose_official,1669431183,DJs,514,2026-09-30T16:06:58Z,de,"['Party', 'Love', 'Deutsch', 'music', 'DJLivemix', 'DJ', 'Techno', 'DJANE', 'djmixset', 'House']",2026-10-01,02-13-44,Thursday
319407469399,63164470,angrypug,902998079,Halloween: The Game,513,2026-09-30T15:12:34Z,en,"['English', 'Casual', 'soloqueue', 'NFL']",2026-10-01,02-13-44,Thursday
317014713428,1321270540,locomotyvas,32982,Grand Theft Auto V,512,2026-09-30T12:46:39Z,other,"['Lithuanian', 'Lietuva', 'Gta5RolePlay', 'fivem', 'MainCharacter', 'mesyte', 'neclaperis', 'onex', 'gandrudirektorius', 'OZYS']",2026-10-01,02-13-44,Thursday
316526731378,129440913,jongie,2132205352,Deadlock,511,2026-09-30T10:43:16Z,zh,"['Taiwan', 'HolidayHoopla', '中文']",2026-10-01,02-13-44,Thursday
318634092519,105419061,franzi,509658,Just Chatting,511,2026-09-30T11:53:37Z,de,"['Deutsch', 'DropsAktiviert']",2026-10-01,02-13-44,Thursday
317865154658,767965709,sotchi_riot,1669431183,DJs,510,2026-09-30T12:26:25Z,en,"['English', 'Français', 'Deutsch', 'Polski', 'DJ', 'Techno', 'ADHD', 'Girl', 'Woman', 'Cosplay']",2026-10-01,02-13-44,Thursday
318638955239,256510263,dharyfahad,123184772,EA Sports FC 27,509,2026-09-30T18:10:11Z,ar,"['العربية', 'Hearhstone', 'thelastofus', 'arc', 'horrrorgames', 'EA']",2026-10-01,02-13-44,Thursday
320453742430,165817021,lexy,1288749557,Dressmaker,509,2026-09-30T13:34:46Z,en,"['English', 'feet', 'LeonKennedysWife', 'TeamCharlieSwan', 'SugarDaddiesWelcome', 'Anniversary', 'DropsEnabled']",2026-10-01,02-13-44,Thursday
320453013470,75806138,iruminati,771448419,AION 2,509,2026-09-30T10:40:10Z,fr,"['Aion', 'Aion2', 'Assassin', 'Spiritmaster', 'Français', 'Francais', 'FR', 'MMO', 'DropsActivés']",2026-10-01,02-13-44,Thursday
320549285724,29183589,ashmonsterftw,1254042066,The Witcher 3: Wild Hunt Remastered,509,2026-09-30T17:02:51Z,en,"['Chatty', 'English', 'DropsEnabled', 'HardestDifficulty', 'NoBackseating']",2026-10-01,02-13-44,Thursday
321766000091,77573531,liminhag0d,1616524387,Mall Rivals,509,2026-09-30T10:59:10Z,pt,['Português'],2026-10-01,02-13-44,Thursday
318831641062,182025494,donnie_oh,1028198402,Dead Space,509,2026-09-30T17:49:37Z,de,"['Deutsch', 'donnie']",2026-10-01,02-13-44,Thursday
321602483673,542401178,kingailton,509658,Just Chatting,509,2026-09-30T18:07:05Z,de,"['Deutsch', 'DropsAktiviert']",2026-10-01,02-13-44,Thursday
318634891111,47627824,rocketbeanstv,687129551,Trackmania,509,2026-09-30T13:15:27Z,de,['Deutsch'],2026-10-01,02-13-44,Thursday
319048094582,161556416,guiven,21779,League of Legends,508,2026-09-30T17:27:48Z,pt,"['Português', 'ASMR', 'Vampiro', 'Shrek', 'Tubarão', 'Cabeção']",2026-10-01,02-13-44,Thursday
315553056623,48093884,sweetcampercs,488190,Poker,507,2026-09-30T13:44:29Z,zh,"['中文', '靈魂歌手', '帥臉', '最有禮貌', '勤奮主播', '一句不離三個國罵']",2026-10-01,02-13-44,Thursday
317868579170,452051715,shoxxie__,32982,Grand Theft Auto V,506,2026-09-30T18:39:24Z,ru,['Русский'],2026-10-01,02-13-44,Thursday
317900636131,174042680,radossb,33214,Fortnite,505,2026-09-30T15:59:56Z,es,"['Español', 'Fortnite', 'battleroyale']",2026-10-01,02-13-44,Thursday
319037792246,908203378,pugzaao,32399,Counter-Strike,505,2026-09-29T12:06:53Z,pt,['Português'],2026-10-01,02-13-44,Thursday
321768363355,153092092,crackly,33214,Fortnite,504,2026-09-30T18:07:18Z,en,"['English', 'Fortnite', 'ZeroBuild', 'crackly']",2026-10-01,02-13-44,Thursday
316068183250,44672974,gamemeneer,743893402,WARDOGS,503,2026-09-30T18:01:13Z,nl,"['Nederlands', 'Creatorsmp']",2026-10-01,02-13-44,Thursday
321601081561,191900165,gamin4hope,515025,Overwatch,502,2026-09-30T15:01:58Z,en,['English'],2026-10-01,02-13-44,Thursday
318830136550,39176562,ceh9,509658,Just Chatting,502,2026-09-30T16:22:56Z,uk,"['politics', 'ukraine', 'navi', 'LGBTQ', 'україна', 'Українська', 'CS2', 'політика', 'DropsУвімкнено']",2026-10-01,02-13-44,Thursday
319176047220,186079171,lulavlr,516575,VALORANT,502,2026-09-30T17:26:45Z,pt,"['Português', 'valorant', 'chamber', 'TryhardGameplay']",2026-10-01,02-13-44,Thursday
317868135778,112553336,zaardoz,32982,Grand Theft Auto V,501,2026-09-30T18:06:39Z,fr,"['Français', 'Grandline']",2026-10-01,02-13-44,Thursday
319048307830,1152049764,ryugalde,29452,Virtual Casino,501,2026-09-30T18:06:11Z,pt,"['Português', 'English', 'espanhol', 'cassino', 'bet']",2026-10-01,02-13-44,Thursday
317887724900,443169839,chef_zhab,771448419,AION 2,501,2026-09-30T11:15:25Z,fr,"['gaming', 'francais', 'france', 'carry', 'aide', 'decouverte', 'farm', 'francophone', 'Français', 'DropsActivés']",2026-10-01,02-13-44,Thursday
321768034395,86654766,gutfoxx,670138298,Madden NFL 27,500,2026-09-30T17:23:30Z,en,['English'],2026-10-01,02-13-44,Thursday
319406553687,31367008,bananas_only,2132205352,Deadlock,500,2026-09-30T10:52:53Z,en,['English'],2026-10-01,02-13-44,Thursday
318769442277,178600210,elmurorosa,459065,Reksio i Wehikuł Czasu,499,2026-09-30T08:50:09Z,ro,"['Română', 'DropsSuntActivate']",2026-10-01,02-13-44,Thursday
317901307747,827283493,anddriuu,209738946,Wuthering Waves,499,2026-09-30T17:13:18Z,es,"['Español', 'Gacha', 'DropsActivados']",2026-10-01,02-13-44,Thursday
318634521447,1055397270,jack_fromsoft,512953,ELDEN RING,497,2026-09-30T12:40:10Z,de,"['Deutsch', 'eldenring', 'Soulsborne', 'soulslike', 'darksouls']",2026-10-01,02-13-44,Thursday
318774454245,1378895122,aykutsagt,509658,Just Chatting,497,2026-09-30T17:14:15Z,de,"['reaction', 'aykut', 'Deutschland', 'Politik', 'Meinung', 'Deutsch', 'Wiederholen', 'DropsAktiviert']",2026-10-01,02-13-44,Thursday
318773651173,798404086,sodja13,771448419,AION 2,497,2026-09-30T16:29:59Z,ru,"['Русский', 'English', 'КорольШаманов', 'DropsВключены']",2026-10-01,02-13-44,Thursday
318830604006,48302777,derkegy,509658,Just Chatting,496,2026-09-30T16:51:50Z,de,"['reaction', 'geilerstream', 'Deutsch', 'challenge', 'epicgamer', 'Horror', 'horrorgames', 'DropsAktiviert']",2026-10-01,02-13-44,Thursday
318768280677,76027792,darthelwood,27284,Retro,494,2026-09-30T04:42:39Z,en,"['english', 'starwars', 'Retro', 'LurkerFriendly', 'Italiano', 'LGBTQFriendly', 'ClosedCaptions', 'ASMR', 'Marathon', 'BrithdayStream']",2026-10-01,02-13-44,Thursday
318638722663,35893764,xpandorya,32982,Grand Theft Auto V,494,2026-09-30T17:57:33Z,de,"['Deutsch', 'Horror', 'indiegames', 'justchatting', 'GTARP', 'VarietyGamer', 'RDR2RP', 'Simulatoren', 'Multiplayer', 'LuckyV']",2026-10-01,02-13-44,Thursday
318637123559,1220189187,shinneeshinn,32399,Counter-Strike,494,2026-09-30T16:19:05Z,ru,"['Русский', 'CS2', 'casebattle', 'dinodrop', 'прокачка', 'прокачкаподписчиков', 'прокачкааккаунта', 'скины', 'Инвентарь', 'прокачкаинвентаря']",2026-10-01,02-13-44,Thursday
316938128341,107306822,divvity,509658,Just Chatting,494,2026-09-30T14:59:10Z,en,"['English', 'girl', 'swedish', 'forsen', 'unhygenic', 'evil', 'chudette', 'DropsEnabled']",2026-10-01,02-13-44,Thursday
318774274021,187468813,bullseye,743893402,WARDOGS,493,2026-09-30T17:04:15Z,ru,"['Русский', '1440p', 'PVP', 'BattleRoyale', 'Extraction', 'FPS', 'DropsВключены']",2026-10-01,02-13-44,Thursday
316526017906,1023243630,mikami_kon,743893402,WARDOGS,491,2026-09-30T06:53:23Z,ja,"['Vtuber', '日本語', 'valorant', 'スト6', 'おすすめゲーム', 'インディーゲーム']",2026-10-01,02-13-44,Thursday
318634237543,22993390,noizen,32959,Heroes of the Storm,490,2026-09-30T12:08:30Z,ru,"['киска', 'высокоуровневый', 'контент', 'комментатор', 'Русский', 'MOBA', 'метка', 'DropsEnabeled', 'DropsВключены']",2026-10-01,02-13-44,Thursday
318630080743,632543201,szzalony,516575,VALORANT,490,2026-09-29T21:51:31Z,pl,['Polski'],2026-10-01,02-13-44,Thursday
318771323749,20607836,hitpointcz,21779,League of Legends,489,2026-09-30T13:05:57Z,cs,"['Čeština', 'Slovenština', 'CZSK', 'EMEA', 'leagueoflegeneds', 'ERL', 'Esports', 'Lolesports']",2026-10-01,02-13-44,Thursday
318639383015,226447402,dangerouskazi,29452,Virtual Casino,489,2026-09-30T18:38:40Z,ru,['Русский'],2026-10-01,02-13-44,Thursday
319407373143,44173074,shenryyr,1979693660,Transport Fever 3,489,2026-09-30T14:50:59Z,en,"['furry', 'oregon', 'serval', 'meow', 'derp', 'lgbtqiaplus', 'English', 'NoBackseatingUnlessAsked', 'NoSpoilers', 'FirstPlaythrough']",2026-10-01,02-13-44,Thursday
317868385634,408948338,poldo,819191775,Needle In A Haystack,489,2026-09-30T18:25:20Z,it,"['Italiano', 'Poldo']",2026-10-01,02-13-44,Thursday
316151003114,44692825,arthars,771448419,AION 2,487,2026-09-30T10:03:14Z,en,"['English', 'DropsEnabled']",2026-10-01,02-13-44,Thursday
321767764699,748360986,cooper,33214,Fortnite,487,2026-09-30T16:50:49Z,en,['English'],2026-10-01,02-13-44,Thursday
321768294107,30281925,kaceytron,509658,Just Chatting,486,2026-09-30T17:59:51Z,en,"['English', 'ClosedCaptions', 'LGBTQIA', 'LGBTQIAPlus', 'PopCulture', 'ADHD', 'FurryFriendly', 'Woman', 'Spirituality', 'Gay']",2026-10-01,02-13-44,Thursday
319106253685,904251255,s0ppcs,32399,Counter-Strike,485,2026-09-30T18:49:19Z,pt,"['Português', 'ＦＰＳ', 'virtualcasino']",2026-10-01,02-13-44,Thursday
318637423591,111682696,mavro_jr,509658,Just Chatting,485,2026-09-30T16:39:57Z,ro,"['Română', 'latenight', 'shows', 'discutii', 'DropsSuntActivate']",2026-10-01,02-13-44,Thursday
317013819476,56896886,marcelo,493959,Red Dead Redemption II,484,2026-09-30T09:08:05Z,da,"['Dansk', 'DropsAktiveret']",2026-10-01,02-13-44,Thursday
318638681959,566450150,noto_off,32982,Grand Theft Auto V,483,2026-09-30T17:55:31Z,fr,"['GTARP', 'noto', 'Français', 'fun', 'FlashbackWL']",2026-10-01,02-13-44,Thursday
319048231542,128841766,inclutus,509658,Just Chatting,483,2026-09-30T17:53:08Z,de,"['Deutsch', 'Panama', 'Nachrichten', 'Militär', 'Geschichte', 'Ukraine', 'Politik', 'Gaming', 'DropsAktiviert']",2026-10-01,02-13-44,Thursday
317866361314,108809839,muchamiel,18122,World of Warcraft,483,2026-09-30T15:12:01Z,es,"['Español', 'wow', 'wowstreamer', 'wowhardcore', 'Classic', 'retos', 'Forever']",2026-10-01,02-13-44,Thursday
318771546469,183714759,doctorio,18122,World of Warcraft,483,2026-09-30T13:29:25Z,de,"['PvE', 'Tutorial', 'Guides', 'Endgame', 'Beginner', 'Education', 'German', 'English', 'Youtube', 'Deutsch']",2026-10-01,02-13-44,Thursday
318639557479,452675690,tendersmell,599619814,Casino Jackpot,483,2026-09-30T18:50:51Z,ru,['Русский'],2026-10-01,02-13-44,Thursday
317014649300,73625408,kate,32982,Grand Theft Auto V,482,2026-09-30T12:32:37Z,en,"['RP', 'English', 'NoPixel', 'NoPixelWL', 'NoPixelRP', 'Cozy', 'ADHD', 'NPV', 'nopixelv']",2026-10-01,02-13-44,Thursday
317866760930,108236875,ikoneec,65632,DayZ,481,2026-09-30T16:00:24Z,fr,"['DayZ', 'SURVIE', 'Français']",2026-10-01,02-13-44,Thursday
321651461466,229413877,navegreed,1435206302,Slay the Spire II,480,2026-09-30T18:03:25Z,en,['English'],2026-10-01,02-13-44,Thursday
316936891093,37133754,prefoxfox,18122,World of Warcraft,479,2026-09-30T10:56:06Z,en,"['English', 'DropsEnabled', 'Speedrunning']",2026-10-01,02-13-44,Thursday
319407175639,47485986,sekapoko,513181,Genshin Impact,479,2026-09-30T14:01:40Z,en,"['English', 'DropsEnabled']",2026-10-01,02-13-44,Thursday
318773799269,494699792,fuataslan,516588,Rise Online,479,2026-09-30T16:39:00Z,tr,"['Türkçe', 'MMORPG', 'DroplarEtkin']",2026-10-01,02-13-44,Thursday
318827454310,106604356,einfachhunt,32982,Grand Theft Auto V,478,2026-09-30T12:39:42Z,de,['Deutsch'],2026-10-01,02-13-44,Thursday
317864664802,123293742,dankol83,509658,Just Chatting,477,2026-09-30T11:05:28Z,it,"['Italiano', 'ridere', 'giochi', 'VETRINA', 'English', 'inter', 'calcio', 'cucina', 'cinema', 'DropAbilitati']",2026-10-01,02-13-44,Thursday
318776327909,1357876168,chanceryx,498566,Slots,476,2026-09-30T19:00:07Z,en,['English'],2026-10-01,02-13-44,Thursday
317868995426,115695918,rocky_,123184772,EA Sports FC 27,476,2026-09-30T19:06:52Z,fr,['Français'],2026-10-01,02-13-44,Thursday
317559164279,95416766,frostprime,1435206302,Slay the Spire II,476,2026-09-30T14:55:02Z,en,"['English', 'ProtectTheDolls', 'PoliticsAllowed', 'CouchEnthusiast', 'BTierStreamer', 'MiddleClassStreamer', 'EVILTransTuesday', 'GodGamer', 'LurkerDestroyer']",2026-10-01,02-13-44,Thursday
317017269204,245894916,d1straite,32399,Counter-Strike,476,2026-09-30T18:46:45Z,ru,"['CS2', 'кс', 'Русский', '10lvlFACEIT']",2026-10-01,02-13-44,Thursday
317902566755,727053877,arkanightlive,509658,Just Chatting,476,2026-09-30T19:00:38Z,it,"['Italiano', 'DropAbilitati']",2026-10-01,02-13-44,Thursday
318773320421,732327877,tolikthx,509658,Just Chatting,475,2026-09-30T16:06:20Z,ru,"['кино', 'кинострим', 'фильмы', 'Боевики', 'Марвел', 'ужасы', 'комедии', 'экшен', 'Мужчина', 'Русский']",2026-10-01,02-13-44,Thursday
316970931030,1038738126,solemuri,610706148,Woman Simulator,475,2026-09-30T13:04:02Z,ru,"['Русский', 'art', 'Vtuber', 'втубер', 'Соля', 'Витубер', 'pitomnik', 'Пупунятор']",2026-10-01,02-13-44,Thursday
320566154976,1312862940,asmongold247,18122,World of Warcraft,473,2026-09-28T22:15:44Z,en,['English'],2026-10-01,02-13-44,Thursday
318770826341,67555995,g4nng,32502,World of Warships,473,2026-09-30T12:14:06Z,en,"['DropsEnabled', 'English', 'Deutsch']",2026-10-01,02-13-44,Thursday
318774198373,537211674,igortjuh,27471,Minecraft,472,2026-09-30T17:00:46Z,nl,['Nederlands'],2026-10-01,02-13-44,Thursday
317901880931,191144377,borjapavon,32982,Grand Theft Auto V,472,2026-09-30T18:06:41Z,es,"['Español', 'comedia', 'roleplay', 'terror', 'Skyrim', 'kojima']",2026-10-01,02-13-44,Thursday
316972981974,1296761400,c1ymba_mt,1393304883,Mir Tankov,472,2026-09-30T18:02:34Z,ru,"['C1yMba', 'клумба', 'миртанков', 'русский', 'Русский']",2026-10-01,02-13-44,Thursday
318827050470,46768129,byalli,1254042066,The Witcher 3: Wild Hunt Remastered,471,2026-09-30T11:49:59Z,pl,"['Polski', 'English', 'CS2', 'cs', 'faceit', 'DropyWłączone']",2026-10-01,02-13-44,Thursday
321768277851,89890241,boblegob,509658,Just Chatting,470,2026-09-30T17:57:58Z,fr,"['Français', 'boblegob', 'KESKEKICK', 'adulte', 'Cuisine', 'droite', 'Gauche', 'Gauchiasse', 'videoscopie', 'TikTokCreator']",2026-10-01,02-13-44,Thursday
318638124391,540843428,lemedtv,1196356222,MiSide,470,2026-09-30T17:21:54Z,fr,['Français'],2026-10-01,02-13-44,Thursday
319047891318,117411572,strakatv,32399,Counter-Strike,469,2026-09-30T16:49:20Z,es,['Español'],2026-10-01,02-13-44,Thursday
318630456551,476783858,maxiliecuy,509672,IRL,469,2026-09-29T22:53:43Z,de,"['Deutsch', 'Cozy', 'SafeSpace', 'Community', 'gaming', 'lifestyle', 'DropsAktiviert']",2026-10-01,02-13-44,Thursday
318775369189,46543778,cardiffru,503932,Last Epoch,467,2026-09-30T18:02:49Z,ru,"['Русский', 'Безмата']",2026-10-01,02-13-44,Thursday
317891647972,73664192,kenco,669337588,Microsoft Flight Simulator 2024,466,2026-09-30T18:00:04Z,en,"['English', 'FlightSimulator', 'VATSIM', '5foot4', 'msfs2024']",2026-10-01,02-13-44,Thursday
317891112676,58172663,scoot1994,32982,Grand Theft Auto V,466,2026-09-30T17:09:05Z,fr,['Français'],2026-10-01,02-13-44,Thursday
318634774887,154211222,shiganari,21779,League of Legends,466,2026-09-30T13:04:05Z,ru,"['Русский', 'ADC', 'proplayer', 'Challenger', 'Educational', 'English']",2026-10-01,02-13-44,Thursday
318831992166,144670369,yvraldis,509658,Just Chatting,466,2026-09-30T18:06:27Z,de,"['Deutsch', 'show', 'IRL', 'DropsAktiviert']",2026-10-01,02-13-44,Thursday
316971960150,136345503,auteru,66082,Games + Demos,465,2026-09-30T16:00:13Z,en,"['English', 'GIGACHAD', 'Vtuber', 'Tomboy', 'Bird', 'cockatiel', 'subathon', 'girl', 'Pog', 'Female']",2026-10-01,02-13-44,Thursday
319103903477,1234102864,guidoparamax,19619,Tibia,465,2026-09-30T08:24:17Z,pt,['Português'],2026-10-01,02-13-44,Thursday
317901792739,92967298,adampacitti,610706148,Woman Simulator,465,2026-09-30T18:00:43Z,en,"['English', 'British', 'UK', 'ukstreamer', 'Comedy', 'Watchalongs', 'RetroTV', 'Nostalgia', 'eroticism']",2026-10-01,02-13-44,Thursday
316937315285,1452895933,orangemorangeslots,498566,Slots,465,2026-09-30T12:34:04Z,de,['Deutsch'],2026-10-01,02-13-44,Thursday
319176257140,930155017,thomasrgn,29452,Virtual Casino,465,2026-09-30T18:04:33Z,pt,"['Português', 'ingles', 'cassino', 'bet', 'slots', 'bancareal']",2026-10-01,02-13-44,Thursday
319105802101,1478694617,ninjaslot_,29452,Virtual Casino,465,2026-09-30T17:37:23Z,pt,['Português'],2026-10-01,02-13-44,Thursday
317867288162,488678599,artefr,26936,Music,464,2026-09-30T16:57:23Z,fr,"['discussion', 'Français', 'talkshow', 'arte', 'live']",2026-10-01,02-13-44,Thursday
320454952926,214974828,average,2132205352,Deadlock,464,2026-09-30T16:18:38Z,en,"['English', 'deadlock', 'educational', 'rank1']",2026-10-01,02-13-44,Thursday
316938102229,27954235,nuke73,27284,Retro,463,2026-09-30T14:55:31Z,ru,"['Русский', 'DropsВключены']",2026-10-01,02-13-44,Thursday
318828501862,161853695,chaosmachinegr,32502,World of Warships,463,2026-09-30T14:24:12Z,en,"['English', 'DropsEnabled', 'Friendly', 'Entertainer', 'Chıll', 'AMA', 'laughs', 'goodvibes', 'Cozy', 'fun']",2026-10-01,02-13-44,Thursday
320549329244,142957433,jrobthefinesser,168648543,Battlefield 6,462,2026-09-30T17:07:31Z,en,"['English', 'fyp', 'gaming', 'livestream', 'Rerun']",2026-10-01,02-13-44,Thursday
317016706388,193275014,starfmodel,509658,Just Chatting,458,2026-09-30T17:30:16Z,en,"['latex', 'pvc', 'leather', 'tattoo', 'heels', 'swedish', 'svenska', 'english', 'findom', 'goddess']",2026-10-01,02-13-44,Thursday
318828826854,104448170,ausrastenistmeinhobby,32982,Grand Theft Auto V,458,2026-09-30T14:50:07Z,de,['Deutsch'],2026-10-01,02-13-44,Thursday
317890225508,63740412,attrix,491931,Escape from Tarkov,458,2026-09-30T15:52:51Z,it,['Italiano'],2026-10-01,02-13-44,Thursday
319408185303,232951933,linkzzey,2042681592,Minecraft Dungeons II,457,2026-09-30T17:15:02Z,en,"['LetsPlay', 'English', 'Hardcore', 'SurvivaI', 'FamilyFriendly', 'Java', 'Singleplayer', 'ViewerRedemption', 'Chill']",2026-10-01,02-13-44,Thursday
