id,user_id,user_login,game_id,game_name,viewer_count,started_at,language,tags,snapshot_date,snapshot_time,snapshot_day
318369152101,738000896,evelone2004,509658,Just Chatting,104494,2026-08-26T17:00:47Z,ru,['Русский'],2026-08-27,02-27-29,Thursday
317596942691,50985620,papaplatte,509658,Just Chatting,47054,2026-08-26T16:00:26Z,de,"['Deutsch', 'PositivVibes', 'Washed', 'matcha']",2026-08-27,02-27-29,Thursday
317597253859,238813810,eliasn97,509658,Just Chatting,40780,2026-08-26T16:32:03Z,de,['Deutsch'],2026-08-27,02-27-29,Thursday
317585185252,90075649,illojuan,509658,Just Chatting,39230,2026-08-26T15:32:05Z,es,['Español'],2026-08-27,02-27-29,Thursday
319973604702,552120296,zackrawrr,509658,Just Chatting,35485,2026-08-26T18:04:42Z,en,"['English', 'politics', 'bald']",2026-08-27,02-27-29,Thursday
316723765077,922408450,anarabdullaev,509672,IRL,30820,2026-08-26T16:34:08Z,ru,['Русский'],2026-08-27,02-27-29,Thursday
320064862940,494543675,lacy,509658,Just Chatting,30173,2026-08-26T12:20:53Z,en,['English'],2026-08-27,02-27-29,Thursday
320066983004,411377640,jynxzi,509658,Just Chatting,28550,2026-08-26T17:11:17Z,en,['English'],2026-08-27,02-27-29,Thursday
318434032230,884745809,jordan_semih,509663,Special Events,26906,2026-08-26T18:26:47Z,de,['Deutsch'],2026-08-27,02-27-29,Thursday
319973644766,207813352,hasanabi,509658,Just Chatting,26762,2026-08-26T18:09:16Z,en,"['news', 'politics', 'adhd', 'English', 'GamerRage']",2026-08-27,02-27-29,Thursday
316791659476,163299585,blastpremier,32399,Counter-Strike,23149,2026-08-26T08:06:05Z,en,"['Esports', 'English', 'BLAST', 'blastpremier', 'counterstrike', 'counterstrike2', 'CS2', 'CS2Live', 'cs2twitch', 'cs2major']",2026-08-27,02-27-29,Thursday
316723641045,135385636,deepins02,509658,Just Chatting,22314,2026-08-26T16:19:45Z,ru,['Русский'],2026-08-27,02-27-29,Thursday
317586551140,63936838,mastu,27471,Minecraft,18547,2026-08-26T18:01:00Z,fr,['Français'],2026-08-27,02-27-29,Thursday
317320314231,42490770,maximum,18122,World of Warcraft,18205,2026-08-26T17:01:01Z,en,"['English', 'DropsEnabled']",2026-08-27,02-27-29,Thursday
317596885091,182714869,peereira7,30921,Rocket League,17197,2026-08-26T15:54:43Z,es,['Español'],2026-08-27,02-27-29,Thursday
318233973607,402093335,dangerlyoha,339050343,[HERROR] Gas Station Case,17047,2026-08-26T17:07:23Z,ru,['Русский'],2026-08-27,02-27-29,Thursday
318366131301,49140130,handofblood,509663,Special Events,16278,2026-08-26T12:45:37Z,de,"['Deutsch', 'hänno', 'spandau', 'hob', 'handofblood', 'gamescom']",2026-08-27,02-27-29,Thursday
320108186336,563908141,joe_bartolozzi,728868394,The Pale Mimic,15759,2026-08-26T18:43:44Z,en,['English'],2026-08-27,02-27-29,Thursday
318369181797,872174898,2okos,509658,Just Chatting,15150,2026-08-26T17:02:29Z,hu,"['Magyar', 'DropokEngedélyezve']",2026-08-27,02-27-29,Thursday
317559735394,558530984,echo_esports,18122,World of Warcraft,13874,2026-08-26T12:58:22Z,en,"['English', 'DropsEnabled']",2026-08-27,02-27-29,Thursday
318363025637,121649330,method,18122,World of Warcraft,13498,2026-08-26T03:33:09Z,en,"['Race', 'Tournament', 'RWF', 'Wow', 'Method', 'MeetMethod', 'English', 'warwithin', 'midnight', 'DropsEnabled']",2026-08-27,02-27-29,Thursday
317586311012,27115917,kamet0,21779,League of Legends,13241,2026-08-26T17:38:50Z,fr,"['Français', 'LEC', 'leagueoflegends', 'esport', 'RLCS', 'VCT', 'Valorant', 'KCORP', 'Kameto', '30ans']",2026-08-27,02-27-29,Thursday
318878305140,38244180,alanzoka,1763844707,Aliens: Fireteam Elite 2,13235,2026-08-26T18:26:00Z,pt,"['Idoso', 'Gostoso', 'Papai', 'Português']",2026-08-27,02-27-29,Thursday
316795097556,92048793,ravshann,509672,IRL,13142,2026-08-26T17:14:10Z,ru,['Русский'],2026-08-27,02-27-29,Thursday
317318676599,20478262,teamliquid,18122,World of Warcraft,12274,2026-08-26T07:16:45Z,en,"['Esports', 'English', 'RWF', 'RWF2026', 'midnight', 'wow', 'Mythic', 'Mythicraiding', 'liquid', 'DropsEnabled']",2026-08-27,02-27-29,Thursday
320066733404,235835559,maya,509658,Just Chatting,11267,2026-08-26T16:45:00Z,en,"['English', 'Charity', 'DropsEnabled']",2026-08-27,02-27-29,Thursday
316793956052,93869876,thebausffs,21779,League of Legends,11098,2026-08-26T14:48:40Z,en,['English'],2026-08-27,02-27-29,Thursday
318991746519,211234859,adapt,509658,Just Chatting,10906,2026-08-26T16:45:25Z,en,"['English', 'Adapt', 'Charity', 'DropsEnabled']",2026-08-27,02-27-29,Thursday
318371286373,77827128,tumblurr,509658,Just Chatting,10775,2026-08-26T19:18:11Z,it,['Italiano'],2026-08-27,02-27-29,Thursday
320096409568,204730616,cinna,509658,Just Chatting,10429,2026-08-25T20:36:19Z,en,"['English', 'DropsEnabled']",2026-08-27,02-27-29,Thursday
319972364766,23161357,lirik,1832841853,Mortal Shell II,10409,2026-08-26T16:01:04Z,en,"['English', 'LUL']",2026-08-27,02-27-29,Thursday
316791555796,1390976168,betboom_cs_ru,32399,Counter-Strike,10329,2026-08-26T07:44:57Z,ru,"['Киберспорт', 'Esports', 'BLAST', 'counterstrike2', 'Русский']",2026-08-27,02-27-29,Thursday
317320386039,51270104,flight23white,602040818,NBA 2K27,10029,2026-08-26T17:20:01Z,en,"['English', 'flightreacts', 'flight23white', 'FlightTeam', 'music', 'gaming', 'reaction', 'reacts', 'reacting']",2026-08-27,02-27-29,Thursday
320104632928,128293484,k3soju,513143,Teamfight Tactics,9627,2026-08-26T10:56:31Z,en,['English'],2026-08-27,02-27-29,Thursday
317584273508,549653218,baitybait,509663,Special Events,9449,2026-08-26T13:51:51Z,es,['Español'],2026-08-27,02-27-29,Thursday
318433113318,38121996,bastighg,509658,Just Chatting,9394,2026-08-26T17:20:59Z,de,['Deutsch'],2026-08-27,02-27-29,Thursday
321059377881,26301881,sodapoppin,458353,Darkest Dungeon,8822,2026-08-26T16:44:38Z,en,['English'],2026-08-27,02-27-29,Thursday
318364258917,72603256,97zoner,32399,Counter-Strike,8796,2026-08-26T08:47:52Z,ru,['Русский'],2026-08-27,02-27-29,Thursday
317587242596,155601320,jltomy,509658,Just Chatting,8657,2026-08-26T19:00:23Z,fr,"['Français', 'DropsActivés']",2026-08-27,02-27-29,Thursday
320066807644,26610234,cohhcarnage,29106,S.T.A.L.K.E.R. 2: Heart of Chornobyl,8562,2026-08-26T16:53:38Z,en,"['SFW', 'Parent', 'ADHD', 'moderated', 'NoPolitics', 'NoReligion', 'Interactive', 'Overencumbered', 'LootGoblin', 'English']",2026-08-27,02-27-29,Thursday
317562342882,24147592,gotaga,516575,VALORANT,8382,2026-08-26T17:39:10Z,fr,['Français'],2026-08-27,02-27-29,Thursday
317319523831,1019733647,marlon,509658,Just Chatting,8215,2026-08-26T12:18:11Z,en,['English'],2026-08-27,02-27-29,Thursday
321057895897,180118013,hutchmf,491931,Escape from Tarkov,8126,2026-08-26T14:10:00Z,en,['English'],2026-08-27,02-27-29,Thursday
316793496276,39154778,recrent,29595,Dota 2,8026,2026-08-26T13:36:57Z,ru,['Русский'],2026-08-27,02-27-29,Thursday
315946265810,30623831,quickybaby,27546,World of Tanks,7958,2026-08-26T12:22:51Z,en,"['English', 'drops', 'Drop', 'DropsEnabled']",2026-08-27,02-27-29,Thursday
320104964064,15564828,nickmercs,491931,Escape from Tarkov,7888,2026-08-26T12:21:25Z,en,"['BEST', 'HUGE', 'TALL', 'WIDE', 'BIG', 'STRONG', 'English', 'CONTROLLER', 'escapefromtarkov']",2026-08-27,02-27-29,Thursday
318370160741,162969546,kubafps,498566,Slots,7723,2026-08-26T18:05:10Z,de,"['Deutsch', 'slots', 'casino']",2026-08-27,02-27-29,Thursday
316720958165,139345001,aunkere,32399,Counter-Strike,7619,2026-08-26T08:46:27Z,ru,"['Русский', 'aunkere', 'аункер', 'cs2major', 'English', 'позитив', 'безмашны', 'DropsВключены']",2026-08-27,02-27-29,Thursday
316793565268,26921830,elajjaz,236673708,Iron Blight,7577,2026-08-26T13:49:35Z,en,"['English', 'megagamer']",2026-08-27,02-27-29,Thursday
316749869398,121072767,dkincc,509658,Just Chatting,7385,2026-08-26T14:21:40Z,ru,"['DK', 'DKINC', 'Кашин', 'ДаняКашин', 'Дк', 'Даня', 'dkincc', 'дкинк', 'Русский']",2026-08-27,02-27-29,Thursday
315958073064,56649026,quin69,31339,Project Zomboid,7266,2026-08-26T15:32:35Z,en,['English'],2026-08-27,02-27-29,Thursday
316723495509,270698079,mazellovvv,1898040946,How to Fish,7192,2026-08-26T16:03:46Z,ru,"['Русский', 'mazellovvv', 'mzlff', 'English']",2026-08-27,02-27-29,Thursday
321227197403,145167538,warframeinternational,66170,Warframe,7120,2026-08-26T19:00:21Z,es,"['Español', 'DropsActivados']",2026-08-27,02-27-29,Thursday
316750075478,215363437,avice,29595,Dota 2,6889,2026-08-26T14:52:26Z,ru,"['Русский', 'dota2']",2026-08-27,02-27-29,Thursday
316724188117,82197170,ewroon,509658,Just Chatting,6885,2026-08-26T17:22:08Z,pl,['Polski'],2026-08-27,02-27-29,Thursday
315456149487,65653595,roger9527,512953,ELDEN RING,6775,2026-08-26T14:27:31Z,zh,['中文'],2026-08-27,02-27-29,Thursday
318366590693,152633332,knekro,513589,Path of Titans,6671,2026-08-26T13:35:50Z,es,"['Español', 'Elmejor', 'Challenger', 'hardcoregamer', 'peepoClown', 'vuelaalto', 'cracabut']",2026-08-27,02-27-29,Thursday
317598595939,605221125,gerardromero,518203,Sports,6515,2026-08-26T18:38:25Z,es,"['Español', 'barça', 'fútbol', 'laliga', 'mundial2026']",2026-08-27,02-27-29,Thursday
317584777572,28575692,mistermv,595240160,Sovereign Tower,6140,2026-08-26T14:50:03Z,fr,"['Français', 'humour', 'Vieux', 'Retro', 'indies']",2026-08-27,02-27-29,Thursday
320105233888,128002336,s0mcs,516575,VALORANT,6139,2026-08-26T13:19:02Z,en,"['VALORANT', 'English']",2026-08-27,02-27-29,Thursday
316795835092,762690523,veroniffka,509658,Just Chatting,6042,2026-08-26T18:29:00Z,ru,"['Русский', 'веронифка', 'veroniffka', 'veronifka']",2026-08-27,02-27-29,Thursday
318990701911,598713647,angryginge13,518203,Sports,6027,2026-08-26T14:28:08Z,en,"['PRO', 'FUNNY', 'GINGER', 'GAMING', 'ADHD', 'CHILL', 'english', 'insane', 'KING', 'JUNGLE']",2026-08-27,02-27-29,Thursday
318991906903,26194208,mitchjones,498566,Slots,5907,2026-08-26T17:02:12Z,en,['English'],2026-08-27,02-27-29,Thursday
318433766630,448447092,marli,509658,Just Chatting,5575,2026-08-26T18:06:51Z,de,['Deutsch'],2026-08-27,02-27-29,Thursday
316750704598,181718577,guacamolemolly,1820839024,MECCHA CHAMELEON,5549,2026-08-26T16:14:45Z,ru,['Русский'],2026-08-27,02-27-29,Thursday
317561753570,61812950,otzdarva,491487,Dead by Daylight,5505,2026-08-26T16:37:16Z,en,"['English', 'DropsEnabled']",2026-08-27,02-27-29,Thursday
318232968167,430023505,xrohat,32982,Grand Theft Auto V,5433,2026-08-26T15:51:43Z,de,['Deutsch'],2026-08-27,02-27-29,Thursday
318431893222,28141853,youngmulti,9531,Jak II,5401,2026-08-26T15:42:51Z,pl,"['Polski', 'YFL', 'EnglishSubtitles', 'YFLSMP', 'qsmp', 'qsmp2', 'spanishsubtitles', 'YFLSMP2']",2026-08-27,02-27-29,Thursday
318991651671,62595539,realzbluewater,509196,GRIS,5383,2026-08-26T16:33:38Z,en,['English'],2026-08-27,02-27-29,Thursday
318232633959,203986266,caliste_lol,21779,League of Legends,5366,2026-08-26T15:24:11Z,fr,"['RANK1EUW', 'SoloQ', 'Français']",2026-08-27,02-27-29,Thursday
319974114014,517475551,extraemily,509658,Just Chatting,5091,2026-08-26T19:00:12Z,en,['English'],2026-08-27,02-27-29,Thursday
316750191190,996353742,sleduck,509658,Just Chatting,5003,2026-08-26T15:07:16Z,ru,"['Русский', 'уродск', 'pitomnik', 'питомник']",2026-08-27,02-27-29,Thursday
316749546710,48201326,missmikkaa,570615518,Resonance: A Plague Tale Legacy,4882,2026-08-26T13:31:12Z,en,"['English', 'swedish', 'Interactive', 'Chatty', 'ADHD', 'girl', 'TwitchAmbassador', 'NotBald', 'FirstPlaythrough', 'DropsEnabled']",2026-08-27,02-27-29,Thursday
318371018981,53065331,dariomocciatwitch,509658,Just Chatting,4824,2026-08-26T19:00:27Z,it,['Italiano'],2026-08-27,02-27-29,Thursday
318370671333,463204522,mertabimula,509658,Just Chatting,4772,2026-08-26T18:37:40Z,de,['Deutsch'],2026-08-27,02-27-29,Thursday
317587249252,89873316,terracid,500093312,Coin Pusher Casino,4770,2026-08-26T19:00:46Z,fr,['Français'],2026-08-27,02-27-29,Thursday
318370586213,126805726,scurrows,498566,Slots,4759,2026-08-26T18:32:10Z,de,['Deutsch'],2026-08-27,02-27-29,Thursday
318232038119,48865821,staiy,509658,Just Chatting,4696,2026-08-26T14:33:13Z,de,['Deutsch'],2026-08-27,02-27-29,Thursday
321223800923,51496027,loltyler1,21779,League of Legends,4692,2026-08-26T13:51:39Z,en,"['English', 'loltyler1', 'tyler1']",2026-08-27,02-27-29,Thursday
318228378599,111787808,kunshikitty,509672,IRL,4586,2026-08-26T05:52:28Z,de,"['IRL', 'irlstream', 'Tattoos', 'Deutsch', 'gamergirl', 'Anime', 'gym', 'Mittelalter', 'gamescom', 'GAMESCOM2026']",2026-08-27,02-27-29,Thursday
318432758758,75738685,insym,31339,Project Zomboid,4547,2026-08-26T16:56:16Z,en,['English'],2026-08-27,02-27-29,Thursday
317597644387,544780041,inkmate0,32399,Counter-Strike,4418,2026-08-26T17:14:05Z,ru,"['Русский', 'Українська']",2026-08-27,02-27-29,Thursday
316791743060,110775952,skill4ltu,27546,World of Tanks,4408,2026-08-26T08:23:54Z,en,"['English', 'Lithuanian', 'drops', 'DropsEnabled']",2026-08-27,02-27-29,Thursday
317594900067,36318615,theguill84,27471,Minecraft,4398,2026-08-26T12:03:46Z,fr,"['Français', 'aigri', 'minecraft', 'Guill', 'TheGuill84', 'DropsActivés', 'acariâtre']",2026-08-27,02-27-29,Thursday
318431632614,501438035,niklaswilson,509658,Just Chatting,4359,2026-08-26T15:16:17Z,de,['Deutsch'],2026-08-27,02-27-29,Thursday
318989274199,25093116,fl0m,32399,Counter-Strike,4171,2026-08-26T09:13:08Z,en,"['BEARD', 'Washed', 'Pro', 'CONTENT', 'FAT', 'NotFat', 'NOTlate', 'SwoleDaddy', 'English']",2026-08-27,02-27-29,Thursday
316794985428,887449462,aslanshukasha,32399,Counter-Strike,4147,2026-08-26T17:02:30Z,ru,['Русский'],2026-08-27,02-27-29,Thursday
317595375203,25722719,dakillzor,27546,World of Tanks,4097,2026-08-26T13:08:06Z,en,"['English', 'DropsEnabled']",2026-08-27,02-27-29,Thursday
317597561315,115657971,rickyedit,509658,Just Chatting,3886,2026-08-26T17:05:35Z,es,['Español'],2026-08-27,02-27-29,Thursday
317560268130,38446500,revenant,448246069,Wolcen 2,3839,2026-08-26T14:00:13Z,es,['Español'],2026-08-27,02-27-29,Thursday
321060441689,427632467,lvndmark,491931,Escape from Tarkov,3631,2026-08-26T18:09:58Z,en,['English'],2026-08-27,02-27-29,Thursday
318370363621,91026471,giggand,32982,Grand Theft Auto V,3605,2026-08-26T18:18:29Z,de,"['Deusch', 'Deutsch']",2026-08-27,02-27-29,Thursday
317586583524,36094763,sebjdg,509658,Just Chatting,3445,2026-08-26T18:03:10Z,fr,"['Français', 'seb', 'jdg', 'joueurdugrenier', 'girigiri']",2026-08-27,02-27-29,Thursday
320106123616,36769016,timthetatman,32399,Counter-Strike,3351,2026-08-26T15:29:52Z,en,['English'],2026-08-27,02-27-29,Thursday
318368519909,163488747,n3utr4lsf,510389,Shakes and Fidget,3298,2026-08-26T16:15:04Z,pl,"['shakes', 'fidget', 'shakesfidget', 'Polski', 'DropyWłączone']",2026-08-27,02-27-29,Thursday
321061058905,1532773224,profittoaster7,498566,Slots,3293,2026-08-26T19:00:06Z,en,['English'],2026-08-27,02-27-29,Thursday
321060071129,43784278,tomato,1714438563,VHOLUME,3281,2026-08-26T17:42:29Z,en,"['English', 'PowertrippingMods', 'PainfullyUnfunnyStreamer', 'TheLastMillennial', 'GodSupportsHimIronically', 'AskMeAboutMyFrogVoice', 'AbsolutelyFoulVibes', 'BackdownKing', 'AskMeToSayPickleRick', 'DarkWhimsy']",2026-08-27,02-27-29,Thursday
316156901997,837896385,rayan_psnn,509658,Just Chatting,3272,2026-08-26T19:11:48Z,fr,"['Français', 'Rediffusion']",2026-08-27,02-27-29,Thursday
320106803040,207884217,joeknowsyt,602040818,NBA 2K27,3178,2026-08-26T16:24:07Z,en,"['English', 'DropsEnabled']",2026-08-27,02-27-29,Thursday
317597684067,56040562,xthesolutiontv,509663,Special Events,3157,2026-08-26T17:18:46Z,de,"['Deutsch', 'OG', 'Erpel', 'Ente', 'Khal', 'Schere', 'Prozente']",2026-08-27,02-27-29,Thursday
318231612007,44407373,zakvielchannel,509658,Just Chatting,3155,2026-08-26T13:52:22Z,ru,['Русский'],2026-08-27,02-27-29,Thursday
316796087252,524953193,d1pro4,509658,Just Chatting,3111,2026-08-26T19:00:39Z,ru,['Русский'],2026-08-27,02-27-29,Thursday
317560975586,110405254,carola,31339,Project Zomboid,3102,2026-08-26T15:22:10Z,es,['Español'],2026-08-27,02-27-29,Thursday
316749722582,82472859,marixa,18122,World of Warcraft,3089,2026-08-26T14:00:11Z,en,"['Feet', 'girlfailure', '18plus', 'Anime', 'Vtuber', 'English', 'ghost', 'envtuber', 'debut', 'dropsenabled']",2026-08-27,02-27-29,Thursday
318368973797,239867683,awizotv,509658,Just Chatting,3087,2026-08-26T16:49:30Z,pl,"['Polski', 'Awizo', 'DominikBos', 'awizotv']",2026-08-27,02-27-29,Thursday
317598504803,42549067,aenot,509658,Just Chatting,3070,2026-08-26T18:31:12Z,fr,"['Français', 'flashback', 'RP', 'Aenot', 'DropsActivés']",2026-08-27,02-27-29,Thursday
316793961044,203523774,lyasyaa,509658,Just Chatting,3049,2026-08-26T14:49:29Z,en,"['dance', '中文', 'girl', 'English', 'marvelrivals']",2026-08-27,02-27-29,Thursday
318433475046,51653974,coachlim,509658,Just Chatting,3026,2026-08-26T17:48:20Z,de,['Deutsch'],2026-08-27,02-27-29,Thursday
321122036698,32085830,xaryu,21779,League of Legends,3010,2026-08-26T16:15:05Z,en,['English'],2026-08-27,02-27-29,Thursday
321061111769,1532764439,cashoutowl,498566,Slots,2982,2026-08-26T19:03:24Z,en,['English'],2026-08-27,02-27-29,Thursday
316793264980,130313947,dmitry_bale,570615518,Resonance: A Plague Tale Legacy,2922,2026-08-26T12:56:14Z,ru,"['Vtuber', 'Русский', 'Новинки', 'Игры', 'Общение', 'DropsВключены']",2026-08-27,02-27-29,Thursday
318992841943,127550308,botezlive,509658,Just Chatting,2872,2026-08-26T19:00:17Z,en,['English'],2026-08-27,02-27-29,Thursday
318366591717,97903976,mouzakrobat,27546,World of Tanks,2869,2026-08-26T13:36:01Z,de,"['Deutsch', 'DropsAktiviert']",2026-08-27,02-27-29,Thursday
320067071708,32787655,kitboga,509658,Just Chatting,2840,2026-08-26T17:19:41Z,en,['English'],2026-08-27,02-27-29,Thursday
317598485603,694635949,evanv_77,509658,Just Chatting,2831,2026-08-26T18:30:13Z,fr,"['Français', 'love', 'ǃdiscord']",2026-08-27,02-27-29,Thursday
315930215761,28337972,limealicious,493877,Sonic Mania,2829,2026-08-26T17:33:22Z,en,"['Cozy', 'Vtuber', 'English', 'Gremlin']",2026-08-27,02-27-29,Thursday
318370677349,78738197,stormfall33,674491029,Star Wars Zero Company,2823,2026-08-26T18:38:02Z,en,"['English', 'Woman', 'cringe', 'GIGA', 'Female', 'girl', 'Cosplay', 'NoBackseatingUnlessAsked']",2026-08-27,02-27-29,Thursday
317585289700,140846786,fugu_fps,516575,VALORANT,2815,2026-08-26T15:43:28Z,fr,['Français'],2026-08-27,02-27-29,Thursday
318371071845,731784475,yololaryy,509658,Just Chatting,2802,2026-08-26T19:03:38Z,en,"['girl', 'female', 'Deutsch', 'English']",2026-08-27,02-27-29,Thursday
320104893920,56865374,barbarousking,1525333074,Pathogenic,2795,2026-08-26T12:04:34Z,en,"['English', 'BaldWelcome', 'Kaizo', 'GorillaWins', 'memberofparliament', 'bauserhaus']",2026-08-27,02-27-29,Thursday
320066885084,248620874,juliakins,509658,Just Chatting,2791,2026-08-26T17:01:45Z,en,"['English', 'mommycosplay', 'MMA']",2026-08-27,02-27-29,Thursday
318370645093,188699583,markushatdiegansgestohlen,66366,War Thunder,2776,2026-08-26T18:36:09Z,de,"['LetsPlay', 'Simulation', 'Deutsch', 'Military', 'Bundeswehr', 'Militär', 'Jets', 'Army', 'Panzerfahren', 'TankSimulator']",2026-08-27,02-27-29,Thursday
317595009507,62989856,shisheyu,2634,Banjo-Tooie,2766,2026-08-26T12:19:37Z,fr,"['Français', 'chill']",2026-08-27,02-27-29,Thursday
318991766359,19070311,a_seagull,515025,Overwatch,2759,2026-08-26T16:47:29Z,en,"['old', 'boomer', 'washed', 'English']",2026-08-27,02-27-29,Thursday
316790890196,13101446,zaelia,18122,World of Warcraft,2752,2026-08-26T04:08:08Z,en,"['English', 'DropsEnabled']",2026-08-27,02-27-29,Thursday
321123086170,36324138,distortion2,1763844707,Aliens: Fireteam Elite 2,2713,2026-08-26T17:53:34Z,en,"['Speedrun', 'Chad', 'Loves', 'Anime', 'And', 'Stalling', 'English']",2026-08-27,02-27-29,Thursday
318370274021,111971097,pchal,1982936547,Pokémon,2702,2026-08-26T18:12:07Z,en,"['Nuzlocke', 'PlatinumKaizo', 'AuthenticItalianRecipes', 'Techno', 'Multifandom', 'Polyamorous', 'SecularPapist', 'Elvanse', 'Minoxidil', 'DrPepperZero']",2026-08-27,02-27-29,Thursday
318432275814,20992865,grubby,5492,Diablo,2698,2026-08-26T16:15:00Z,en,"['English', 'Warcraft3', 'RTS', '4X', 'Grubby', 'Cardgames', 'Strategy', 'RPG']",2026-08-27,02-27-29,Thursday
316124598508,165501463,yznsa,515025,Overwatch,2664,2026-08-26T16:51:13Z,ar,"['Arabic', 'KSA', 'English', 'العربية', 'marvelrivals', 'تم・تمكين・Drops']",2026-08-27,02-27-29,Thursday
318434061670,85039743,mrdzinold,32399,Counter-Strike,2630,2026-08-26T18:29:18Z,pl,['Polski'],2026-08-27,02-27-29,Thursday
317598212451,127129336,hortyunderscore,1898040946,How to Fish,2622,2026-08-26T18:07:59Z,fr,['Français'],2026-08-27,02-27-29,Thursday
315973599955,23179441,strippin,509658,Just Chatting,2621,2026-08-26T14:16:07Z,en,"['English', 'Vtuber', 'RP', 'PingArthur']",2026-08-27,02-27-29,Thursday
318368776165,413619036,bzetbros,509658,Just Chatting,2606,2026-08-26T16:34:34Z,de,['Deutsch'],2026-08-27,02-27-29,Thursday
320066823388,133220545,jay3,1264310518,Marvel Rivals,2593,2026-08-26T16:55:44Z,en,"['English', 'DropsEnabled']",2026-08-27,02-27-29,Thursday
318230465511,39176440,dendi,29595,Dota 2,2552,2026-08-26T11:39:47Z,en,"['English', 'dota', 'MOBA', 'dota2']",2026-08-27,02-27-29,Thursday
320066004572,738493418,madi2hottyy,602040818,NBA 2K27,2474,2026-08-26T15:32:34Z,en,"['English', 'madi2hottyy', 'IRL', 'streamer', 'justcchatting']",2026-08-27,02-27-29,Thursday
317980324440,113494583,awake,498566,Slots,2413,2026-08-26T18:59:55Z,en,['English'],2026-08-27,02-27-29,Thursday
316720872021,259710795,pelaajatcom,32399,Counter-Strike,2411,2026-08-26T08:25:09Z,fi,"['Suomi', 'Wombat', 'xff', 'selostajat', 'kännissä', '35', 'ihQ']",2026-08-27,02-27-29,Thursday
318232209127,111974014,knebeltv,71375,Star Citizen,2404,2026-08-26T14:48:14Z,de,"['Deutsch', 'German', 'Weltraum', 'Rollenspiel', 'StarCitizen', 'PvE', 'PvP', '4K', 'SpaceSim', 'Shooter']",2026-08-27,02-27-29,Thursday
316723823445,157644799,bandospapa,509658,Just Chatting,2384,2026-08-26T16:41:36Z,ru,"['вышиваниекрестиком', 'клуб', 'Москва', 'Саморазвитие', 'Духовноесовершенствование', 'просвещение', 'спорт', 'ЖиваяМузыка', 'Русский', 'бои']",2026-08-27,02-27-29,Thursday
318991781207,712201914,lydiaviolet,509658,Just Chatting,2366,2026-08-26T16:49:19Z,en,['English'],2026-08-27,02-27-29,Thursday
317593808611,122208625,rtparenacs,32399,Counter-Strike,2357,2026-08-26T08:29:42Z,pt,"['Português', 'CS2', 'counterstrike', 'CS', 'BLAST', 'blastpremier']",2026-08-27,02-27-29,Thursday
318234002023,36811285,tobinatorlp,570615518,Resonance: A Plague Tale Legacy,2330,2026-08-26T17:10:03Z,de,"['Deutsch', 'Tobinator', 'drops', 'DropsAktiviert']",2026-08-27,02-27-29,Thursday
317587476324,407837457,rebeudeter,509658,Just Chatting,2308,2026-08-26T19:18:58Z,fr,['Français'],2026-08-27,02-27-29,Thursday
320104884064,876622488,lilah,509659,ASMR,2284,2026-08-26T12:02:08Z,en,"['English', 'Vtuber', 'ENVtuber', 'catgirl', 'kombuchaforever', 'ASMR', 'Dance', 'artist', 'OptOutGenAI', 'Lilac']",2026-08-27,02-27-29,Thursday
316751040854,54742538,karmikkoala,513143,Teamfight Tactics,2283,2026-08-26T16:55:43Z,ru,['Русский'],2026-08-27,02-27-29,Thursday
321224417243,466139555,dantes,21779,League of Legends,2281,2026-08-26T15:02:40Z,en,['English'],2026-08-27,02-27-29,Thursday
318431971046,52972297,dangar,570615518,Resonance: A Plague Tale Legacy,2235,2026-08-26T15:50:05Z,ru,"['Русский', 'DropsВключены']",2026-08-27,02-27-29,Thursday
318365794661,129405323,oilrats,263490,Rust,2221,2026-08-26T12:05:25Z,en,"['Deutsch', 'English']",2026-08-27,02-27-29,Thursday
320067667932,114397604,cojomocs,32399,Counter-Strike,2212,2026-08-26T18:17:08Z,en,"['cs2', 'cs2gameplay', 'faceit', 'english', 'CS2PRO', 'CS2COACH', 'COJOMO', 'team', 'English']",2026-08-27,02-27-29,Thursday
316791829972,657644821,cs2_maincast,32399,Counter-Strike,2210,2026-08-26T08:41:15Z,uk,"['Українська', 'maincast', 'cs2', 'кс2', 'мейнкаст', 'Ukrainian', 'кс']",2026-08-27,02-27-29,Thursday
320106553952,174793390,jobbo,509672,IRL,2202,2026-08-26T16:05:01Z,en,"['memes', 'xs', 'Sherpa', 'pve', 'Fun', 'gaming', 'FamilyFriendly', 'English', 'camping', 'survival']",2026-08-27,02-27-29,Thursday
319972223710,7236692,dansgaming,570615518,Resonance: A Plague Tale Legacy,2194,2026-08-26T15:50:32Z,en,"['TwitchOG', 'DansGame', 'Emotes', 'Variety', 'English', 'Solo', 'Gaming', 'Cozy', 'Community', 'Singleplayer']",2026-08-27,02-27-29,Thursday
318992941783,145015519,foolish,509658,Just Chatting,2182,2026-08-26T19:11:01Z,en,['English'],2026-08-27,02-27-29,Thursday
317598264419,993419763,marvelrivals,1264310518,Marvel Rivals,2151,2026-08-26T18:11:58Z,en,"['TPS', 'shooting', 'English', 'shootinggames', 'DropsEnabled']",2026-08-27,02-27-29,Thursday
318234518887,35991862,kurt0411,518203,Sports,2143,2026-08-26T17:49:11Z,en,"['football', 'sports', 'kurt0411', 'English', 'premierleague', 'championsleague', 'laliga', 'seriea', 'worldcup']",2026-08-27,02-27-29,Thursday
318433285862,837046873,upminaa,509658,Just Chatting,2122,2026-08-26T17:33:44Z,en,"['English', 'Cosplay', 'genshinimpact']",2026-08-27,02-27-29,Thursday
321122507866,814026647,ereklo_game,19976,MapleStory,2122,2026-08-26T16:58:08Z,en,"['english', 'MMO', 'maplestory', 'twins', 'English']",2026-08-27,02-27-29,Thursday
316795036628,888120457,rera_seal,116747788,"Pools, Hot Tubs, and Beaches",2108,2026-08-26T17:07:37Z,ru,"['Русский', 'vtuber', 'ruvtuber', 'anime']",2026-08-27,02-27-29,Thursday
317979482072,27446144,fubgun,416015,Hero Siege,2105,2026-08-26T15:58:55Z,en,"['English', 'drops', 'DropsEnabled']",2026-08-27,02-27-29,Thursday
316358108529,165572706,dmf_kyochan,1036710512,Palworld,2099,2026-08-25T20:46:39Z,ja,['日本語'],2026-08-27,02-27-29,Thursday
321224195931,1290960063,babylegbari,18122,World of Warcraft,2085,2026-08-26T14:37:56Z,en,"['English', 'worldofwarcraft', 'tank', 'TalksToChat', 'Teaching', 'Paladin', 'MythicPlus', 'Racetoworldlast', 'rtwl', 'racetoworldlast']",2026-08-27,02-27-29,Thursday
316724221269,47733806,chopperinho,32399,Counter-Strike,2054,2026-08-26T17:25:57Z,ru,"['Русский', 'English', 'TeamSpirit', 'MajorWinner', 'BetBoom']",2026-08-27,02-27-29,Thursday
316751177558,101204178,jamside,2132205352,Deadlock,2047,2026-08-26T17:08:04Z,ru,"['Русский', 'English', 'MONKEY', 'ape', 'Gorilla']",2026-08-27,02-27-29,Thursday
317563460962,110016424,kiliratv,509658,Just Chatting,2045,2026-08-26T19:05:54Z,fr,['Français'],2026-08-27,02-27-29,Thursday
316724829781,111181356,chr1swave,14842174,Chained Together,2037,2026-08-26T18:35:12Z,ru,['Русский'],2026-08-27,02-27-29,Thursday
316751293014,41665974,xop0,570615518,Resonance: A Plague Tale Legacy,2030,2026-08-26T17:18:55Z,en,"['English', 'YAP', 'Yapper', 'DropsEnabled']",2026-08-27,02-27-29,Thursday
316794905428,225999279,ixbt_games,509663,Special Events,2027,2026-08-26T16:53:55Z,ru,"['Русский', 'gamescom', 'opennightlive', 'onl', 'FutureGamesShow']",2026-08-27,02-27-29,Thursday
318230348903,44096715,bandurka,32399,Counter-Strike,2019,2026-08-26T11:25:05Z,ru,"['Русский', 'donk', 's1mple', 'bandurka', 'teamspirit', 'cs2', 'faceit']",2026-08-27,02-27-29,Thursday
321121041882,415858333,beterbabbit,138585,Hearthstone,2008,2026-08-26T14:16:31Z,en,['English'],2026-08-27,02-27-29,Thursday
316427420915,214737896,minoru04160,491487,Dead by Daylight,2000,2026-08-26T12:08:44Z,ja,"['日本語', 'Drops有効']",2026-08-27,02-27-29,Thursday
318229259879,38341628,hooch,32399,Counter-Strike,1989,2026-08-26T08:54:16Z,ru,['Русский'],2026-08-27,02-27-29,Thursday
316793542612,43899589,c_a_k_e,1122982998,Dark Souls: Remastered,1983,2026-08-26T13:45:47Z,ru,['Русский'],2026-08-27,02-27-29,Thursday
317320217463,175787099,irissiri129,21779,League of Legends,1972,2026-08-26T16:35:52Z,zh-hk,"['粵語', 'HongKong', 'Dance', 'asiangirl', 'urgot', 'League', 'English', 'korean', 'Chinese']",2026-08-27,02-27-29,Thursday
316724459221,130802381,r0xieee,32982,Grand Theft Auto V,1967,2026-08-26T17:53:16Z,ru,"['Русский', 'Свиноед', 'Толстый', 'Сисян', 'тюбик', 'слоняра']",2026-08-27,02-27-29,Thursday
318427034982,53815140,olesha,509658,Just Chatting,1966,2026-08-26T02:26:37Z,ru,"['Русский', 'ГигантМысли', 'ПолитическиПодкованный', 'ФилософияЖизни', 'БеспроводнаяКлавиатура', 'КлавиатураБезНумпада', 'БоссСваги']",2026-08-27,02-27-29,Thursday
316724448469,1318974958,lentbb,32399,Counter-Strike,1963,2026-08-26T17:51:58Z,ru,"['Русский', 'chopper', 'zoner', 'shadowkek', 'BLAST', 'Porto', 'BLASTOpen', 'FURIA', 'paiN', 'Open']",2026-08-27,02-27-29,Thursday
317562638818,83174797,zafeel,27471,Minecraft,1947,2026-08-26T18:03:46Z,fr,"['Français', 'beaugosse']",2026-08-27,02-27-29,Thursday
315995445993,12943487,derajn,1743359147,MARVEL SNAP,1936,2026-08-26T07:04:23Z,en,"['English', 'DropsEnabled']",2026-08-27,02-27-29,Thursday
317563592290,617021724,paache_,30921,Rocket League,1935,2026-08-26T19:15:13Z,es,['Español'],2026-08-27,02-27-29,Thursday
317317563127,1305342529,theburntpeanut_247,499973,Always On,1917,2026-08-26T03:52:08Z,en,"['English', 'VOD', 'Rerun', 'arcraiders', 'tobacco']",2026-08-27,02-27-29,Thursday
315974624339,535160319,fatisuki,509658,Just Chatting,1912,2026-08-26T19:00:40Z,es,"['Español', 'ChoicerVoicer', 'valorant', 'PokemonFan']",2026-08-27,02-27-29,Thursday
318220506471,655333260,renekreher,509672,IRL,1903,2026-08-25T13:40:29Z,de,"['Reisen', 'LiveVlogging', 'ReneKreher', 'IRL', 'Deutsch', 'subathon', 'Satire']",2026-08-27,02-27-29,Thursday
318429672806,86131599,lol_nemesis,21779,League of Legends,1885,2026-08-26T11:36:53Z,en,"['English', 'LegendsMatch']",2026-08-27,02-27-29,Thursday
316019394026,197367758,hennie2001,516575,VALORANT,1866,2026-08-26T10:56:17Z,zh,"['中文', '台V', 'Vtuber']",2026-08-27,02-27-29,Thursday
315947190738,529626809,juniorhealy,509658,Just Chatting,1865,2026-08-26T17:00:32Z,es,['Español'],2026-08-27,02-27-29,Thursday
318233273575,79792848,squchan,509658,Just Chatting,1859,2026-08-26T16:13:59Z,en,"['Vtuber', 'English']",2026-08-27,02-27-29,Thursday
316748046294,129289579,krl_stream,32399,Counter-Strike,1857,2026-08-26T08:34:55Z,fr,"['Français', 'KRL', 'CS2']",2026-08-27,02-27-29,Thursday
320106928992,567928581,mooda,516575,VALORANT,1856,2026-08-26T16:34:12Z,en,['English'],2026-08-27,02-27-29,Thursday
320065815516,96406881,choc,602040818,NBA 2K27,1846,2026-08-26T15:04:15Z,en,['English'],2026-08-27,02-27-29,Thursday
318878283764,498401810,itsjazzb,509658,Just Chatting,1842,2026-08-26T18:22:26Z,pt,['Português'],2026-08-27,02-27-29,Thursday
317598180963,175560856,hctuan,27471,Minecraft,1832,2026-08-26T18:04:52Z,fr,['Français'],2026-08-27,02-27-29,Thursday
315974519635,34405377,w33haa,29595,Dota 2,1827,2026-08-26T18:35:35Z,en,"['Romanian', 'Arabic', 'English', 'Competitive']",2026-08-27,02-27-29,Thursday
318234505703,93400114,lars_tm,687129551,Trackmania,1826,2026-08-26T17:48:05Z,en,['English'],2026-08-27,02-27-29,Thursday
316751137494,14397255,mirwana,509658,Just Chatting,1820,2026-08-26T17:03:55Z,ru,"['Русский', 'Киберспорт', 'Украина', 'чернобыль', 'туретта', 'безмата', 'прохождение', 'хоррор', 'девочка', 'Россия']",2026-08-27,02-27-29,Thursday
317979909080,60978448,dogdog,138585,Hearthstone,1817,2026-08-26T17:29:52Z,en,['English'],2026-08-27,02-27-29,Thursday
318368050533,29214396,mastertay,32982,Grand Theft Auto V,1816,2026-08-26T15:38:51Z,de,"['Deutsch', 'Roleplay', 'Buxtehude', 'UnityLifeDE', 'Mastertay']",2026-08-27,02-27-29,Thursday
316751699798,456880939,galkanorth,1951754004,Tri Bogatyrya i Shamakhanskaya Tsaritsa,1816,2026-08-26T17:59:06Z,ru,"['юмор', 'Русский']",2026-08-27,02-27-29,Thursday
319973203806,25514193,deathydl,2132205352,Deadlock,1814,2026-08-26T17:20:40Z,en,['English'],2026-08-27,02-27-29,Thursday
317560640866,684410546,mewstelle,509658,Just Chatting,1808,2026-08-26T14:44:02Z,fr,"['Français', 'car', 'rasso', 'automobile', 'artisanat', 'modelisme', 'lego', 'forza']",2026-08-27,02-27-29,Thursday
321224317659,30214074,jeffhoogland,1743359147,MARVEL SNAP,1806,2026-08-26T14:51:55Z,en,"['English', 'DropsEnabled']",2026-08-27,02-27-29,Thursday
318990510679,47972131,choice,386821,Black Desert,1802,2026-08-26T13:54:32Z,en,"['English', 'Choice', 'BlackDesert', 'DropsEnabled']",2026-08-27,02-27-29,Thursday
315996900585,16677765,qttsix,512953,ELDEN RING,1790,2026-08-26T14:26:28Z,zh,['中文'],2026-08-27,02-27-29,Thursday
318876759924,158006027,triacatv,18122,World of Warcraft,1785,2026-08-26T13:01:50Z,pt,"['mmorp', 'inglês', 'wow', 'mythicplus', 'raid', 'tutorial', 'WorldfofWarcraft', 'Português', 'ExitLagAffiliate', 'DropsAtivados']",2026-08-27,02-27-29,Thursday
321225801179,65401976,castlesuperbeast,417752,Talk Shows & Podcasts,1776,2026-08-26T17:01:33Z,en,['English'],2026-08-27,02-27-29,Thursday
317558331362,65411398,juice,509658,Just Chatting,1775,2026-08-26T09:27:27Z,ru,['Русский'],2026-08-27,02-27-29,Thursday
316794583508,63614185,snailkick,1898040946,How to Fish,1775,2026-08-26T16:13:16Z,ru,"['реакция', 'юмор', 'бв16', 'вайб', 'атмосфера', 'snailkick', 'CS2', 'horrorgames', 'Русский']",2026-08-27,02-27-29,Thursday
317562643298,456469377,raffale_,27471,Minecraft,1771,2026-08-26T18:04:04Z,fr,['Français'],2026-08-27,02-27-29,Thursday
317598232547,993293371,fluxflixjosh,23020,ROBLOX,1768,2026-08-26T18:09:35Z,en,"['English', 'funny', 'comedy', 'reaction', 'UK', 'justchatting', 'horror', 'horrgames', 'roblox', 'doors']",2026-08-27,02-27-29,Thursday
316750665942,1129044165,smetanduck,494184,Mobile Legends: Bang Bang,1766,2026-08-26T16:10:06Z,ru,"['Русский', 'млбб', 'МобаилЛегендс', 'сметанамлбб', 'SmetanaML', 'мл', '100звезд']",2026-08-27,02-27-29,Thursday
317320586231,996756981,aquwa,509658,Just Chatting,1755,2026-08-26T18:11:45Z,en,"['Vtuber', 'English', 'Seiso', 'cringe', 'LOUD', 'BALLS']",2026-08-27,02-27-29,Thursday
316749554902,159782005,guddummit,138585,Hearthstone,1745,2026-08-26T13:32:07Z,ru,['Русский'],2026-08-27,02-27-29,Thursday
317595072483,127800,pokerstars,488190,Poker,1739,2026-08-26T12:30:13Z,en,['English'],2026-08-27,02-27-29,Thursday
318229131751,36717908,izakooo,32399,Counter-Strike,1728,2026-08-26T08:30:31Z,pl,['Polski'],2026-08-27,02-27-29,Thursday
318234309095,45320647,writing_bull,674491029,Star Wars Zero Company,1713,2026-08-26T17:32:26Z,de,"['Entspannt', 'SafeSpace', 'Strategietitel', 'Deutsch']",2026-08-27,02-27-29,Thursday
316796024788,68950614,ybicanoooobov,29595,Dota 2,1713,2026-08-26T18:52:33Z,ru,['Русский'],2026-08-27,02-27-29,Thursday
317597880803,34371079,horcus,516575,VALORANT,1708,2026-08-26T17:39:49Z,es,"['Español', 'España', 'Valorant', 'Radiant', 'Spanish', 'English', 'Competitive', 'Drops', 'dropsenabled', 'dropsactivados']",2026-08-27,02-27-29,Thursday
320065859164,106008951,saltydolphin,13332,Pokémon FireRed/LeafGreen,1702,2026-08-26T15:10:36Z,en,"['English', 'Pokemon', 'ironMON', 'Horseexpert', 'VGC', 'Humble', 'kaizoironmon', 'Pokemonchampions', 'Superkaizo']",2026-08-27,02-27-29,Thursday
317584899172,469724446,pressea,570615518,Resonance: A Plague Tale Legacy,1700,2026-08-26T15:01:59Z,fr,"['Français', 'DropsActivés']",2026-08-27,02-27-29,Thursday
317560482658,57793021,lolitofdez,263490,Rust,1690,2026-08-26T14:25:02Z,es,"['Español', 'Fortnite', 'Lolito', 'Rust', 'CS2', 'subathon', 'lolitofdez', 'extensible', 'IRL']",2026-08-27,02-27-29,Thursday
316370243442,150989534,guanweiboy,516575,VALORANT,1680,2026-08-26T10:13:46Z,zh,"['中文', '鎖進', '競技哥', '不放水', '謙卑在謙卑', 'JETTMAIN', '高敏人', '燕雲十六聲', 'wherewindsmeet', 'WWMOnMobile']",2026-08-27,02-27-29,Thursday
319972898270,24124090,datmodz,448246069,Wolcen 2,1673,2026-08-26T16:47:02Z,en,"['AMA', 'English']",2026-08-27,02-27-29,Thursday
318371265637,89600394,therealmarzaa,509658,Just Chatting,1655,2026-08-26T19:16:39Z,it,"['Italiano', 'English', 'Barese']",2026-08-27,02-27-29,Thursday
316750566230,141651092,gagik,493959,Red Dead Redemption II,1641,2026-08-26T15:59:08Z,ru,"['Multiplayer', 'ВИКИНГ', 'ГАГИК', 'ЦЕНТРАЛ', 'Majestic', 'Русский']",2026-08-27,02-27-29,Thursday
320108147680,92957305,t90official,13389,Age of Empires II,1638,2026-08-26T18:39:18Z,en,['English'],2026-08-27,02-27-29,Thursday
316794955348,230768385,follentass,1898040946,How to Fish,1633,2026-08-26T16:59:37Z,ru,"['Русский', 'IRL']",2026-08-27,02-27-29,Thursday
320066875228,142954462,nmplol2,509658,Just Chatting,1620,2026-08-26T17:00:43Z,en,['English'],2026-08-27,02-27-29,Thursday
318368615397,718236928,banduracartel,509658,Just Chatting,1619,2026-08-26T16:22:43Z,pl,['Polski'],2026-08-27,02-27-29,Thursday
319970851678,25458544,sequisha,518597,Going Medieval,1619,2026-08-26T12:17:15Z,en,"['English', 'Solo', 'comedy']",2026-08-27,02-27-29,Thursday
318233520615,176121765,vladilol_,21779,League of Legends,1616,2026-08-26T16:34:28Z,en,['English'],2026-08-27,02-27-29,Thursday
318368586981,101020771,repaz,21779,League of Legends,1613,2026-08-26T16:20:17Z,de,['Deutsch'],2026-08-27,02-27-29,Thursday
316722489685,67337350,officialhyper,32399,Counter-Strike,1609,2026-08-26T13:49:10Z,pl,['Polski'],2026-08-27,02-27-29,Thursday
316793419348,81121152,hyver,509658,Just Chatting,1590,2026-08-26T13:23:49Z,ru,['Русский'],2026-08-27,02-27-29,Thursday
316427719283,37106068,krapycoco,516575,VALORANT,1575,2026-08-26T13:01:01Z,zh,['中文'],2026-08-27,02-27-29,Thursday
318434035430,247401621,elchiringuitotv,518203,Sports,1575,2026-08-26T18:27:07Z,es,['Español'],2026-08-27,02-27-29,Thursday
316362280433,41670870,mrtiboute,509658,Just Chatting,1561,2026-08-26T19:14:02Z,fr,"['Français', 'Phasmophobia', 'horrrorgames', 'horreur']",2026-08-27,02-27-29,Thursday
318413976294,106159308,gronkhtv,506274,Assassin's Creed Odyssey,1559,2026-08-24T21:10:59Z,de,['Deutsch'],2026-08-27,02-27-29,Thursday
316372151794,123355356,killin9hit,491931,Escape from Tarkov,1549,2026-08-26T17:07:25Z,ja,"['日本語', 'キムチ', 'オスシ']",2026-08-27,02-27-29,Thursday
318744269302,58115154,mount,509658,Just Chatting,1539,2026-08-26T18:00:46Z,pt,['Português'],2026-08-27,02-27-29,Thursday
317563321314,223191589,tubbo,509658,Just Chatting,1537,2026-08-26T18:57:53Z,en,"['English', 'tubtime', 'sussexgamer', 'cheerfulexpert', 'RealmSMP']",2026-08-27,02-27-29,Thursday
316371100146,207356702,kannachan524,516575,VALORANT,1530,2026-08-26T12:47:29Z,zh,['中文'],2026-08-27,02-27-29,Thursday
316722148437,41108115,cyrustwo,32982,Grand Theft Auto V,1521,2026-08-26T12:49:37Z,sv,"['Svenska', 'TPRP', 'ThePath']",2026-08-27,02-27-29,Thursday
316750277974,661059687,lota,509658,Just Chatting,1520,2026-08-26T15:20:16Z,ru,"['Русский', 'девушка', 'узбек', 'р', 'картавость', 'спорт']",2026-08-27,02-27-29,Thursday
320106232032,144313101,mish,491487,Dead by Daylight,1512,2026-08-26T15:40:51Z,en,"['ClosedCaptions', 'English', 'DropsEnabled']",2026-08-27,02-27-29,Thursday
318432452454,211172494,gopster_,491931,Escape from Tarkov,1508,2026-08-26T16:30:30Z,ru,"['Шутеры', 'gopster', 'Русский']",2026-08-27,02-27-29,Thursday
316723508053,102302893,fenya,1620978378,Water You Doing?,1505,2026-08-26T16:04:56Z,ru,"['Русский', 'CS2']",2026-08-27,02-27-29,Thursday
316793858388,176262150,dayneez,32399,Counter-Strike,1505,2026-08-26T14:33:18Z,ru,"['Русский', 'cs', 'CS2', 'faceit', 'BLAST', 'FURIA', 'paingaming', 'molodoy', 'fallen', 'yekindar']",2026-08-27,02-27-29,Thursday
320106266592,117911231,bradygoo,602040818,NBA 2K27,1497,2026-08-26T15:44:26Z,en,"['English', 'bradygoo', 'goo']",2026-08-27,02-27-29,Thursday
317593107939,118722736,zerator_247,499973,Always On,1495,2026-08-26T03:00:04Z,fr,"['AlwaysOn', '247Stream', '247Live', 'nonstop', 'replay', 'Français', 'Rediffusion']",2026-08-27,02-27-29,Thursday
316794578772,835633520,titamin1,494184,Mobile Legends: Bang Bang,1490,2026-08-26T16:12:28Z,ru,['Русский'],2026-08-27,02-27-29,Thursday
316750658262,464843305,tadzheek,32982,Grand Theft Auto V,1480,2026-08-26T16:09:09Z,ru,"['staya', 'Русский', 'Таджик', 'GTARP', 'Majestic']",2026-08-27,02-27-29,Thursday
318743612534,53052202,boltz,32399,Counter-Strike,1469,2026-08-26T15:58:47Z,pt,['Português'],2026-08-27,02-27-29,Thursday
321122511578,37522866,cyr,698700926,Project P.I.T.T.,1463,2026-08-26T16:58:23Z,en,"['Ohio', 'LeftHanded', 'English', 'Crafting', 'Cooking']",2026-08-27,02-27-29,Thursday
320065659996,104410477,humzh,65627,I Wanna Be the Boshy,1462,2026-08-26T14:40:53Z,en,['English'],2026-08-27,02-27-29,Thursday
319973411806,69906737,chocotaco,493057,PUBG: BATTLEGROUNDS,1462,2026-08-26T17:43:25Z,en,"['English', 'TheGyldenRush', 'MistfallHunter']",2026-08-27,02-27-29,Thursday
316751523926,887266619,violetta_kitana_,509658,Just Chatting,1457,2026-08-26T17:42:17Z,ru,['Русский'],2026-08-27,02-27-29,Thursday
317598276963,537217836,trebor,497497,Brawl Stars,1455,2026-08-26T18:13:05Z,es,['Español'],2026-08-27,02-27-29,Thursday
317320132599,27369897,ben_,29307,Path of Exile,1453,2026-08-26T16:11:45Z,en,['English'],2026-08-27,02-27-29,Thursday
317586627428,96324761,berlu,32982,Grand Theft Auto V,1441,2026-08-26T18:07:24Z,fr,"['Français', 'RP', 'gta5rp', 'pétanque', 'banane', 'troll']",2026-08-27,02-27-29,Thursday
321223438683,154425624,kyle,32982,Grand Theft Auto V,1439,2026-08-26T13:01:16Z,en,['English'],2026-08-27,02-27-29,Thursday
321057147097,37153210,zethiann,386821,Black Desert,1439,2026-08-26T11:27:40Z,en,"['English', 'DropsEnabled']",2026-08-27,02-27-29,Thursday
318220203879,636587384,alveussanctuary,509658,Just Chatting,1438,2026-08-25T13:06:40Z,en,"['English', 'TogetherForGood', 'purplemartins', 'Charity']",2026-08-27,02-27-29,Thursday
316748748886,553058295,kick_freak,509658,Just Chatting,1432,2026-08-26T11:05:21Z,ru,"['Русский', 'Реп']",2026-08-27,02-27-29,Thursday
320066377948,129801067,joshseki,516575,VALORANT,1430,2026-08-26T16:08:57Z,en,"['English', 'Valorant', 'Kpop', 'Anime', 'Cozy', 'Competitive', 'Giveaways']",2026-08-27,02-27-29,Thursday
319971305822,22552479,giantwaffle,458781,No Man's Sky,1424,2026-08-26T13:30:47Z,en,"['English', 'smoothbrain', 'greg']",2026-08-27,02-27-29,Thursday
318232144103,1533572968,apuestamax,498566,Slots,1424,2026-08-26T14:42:43Z,es,['Español'],2026-08-27,02-27-29,Thursday
316792081236,776265611,eleezabet,509658,Just Chatting,1416,2026-08-26T09:30:31Z,ru,"['Русский', 'girls', 'English']",2026-08-27,02-27-29,Thursday
316751147094,1333807261,ksufee,509658,Just Chatting,1412,2026-08-26T17:04:47Z,ru,"['Русский', 'anime', 'girl', 'English', 'девушка', 'girlstreamer', 'Аниме', 'Косплей', 'Cosplay', 'общение']",2026-08-27,02-27-29,Thursday
317586445156,757102582,streamdatabase,509658,Just Chatting,1412,2026-08-26T17:52:13Z,en,"['English', 'Stream', 'Database', 'Badge', 'Pokémon', 'Pokemon', 'Blood', 'Dawnwalker']",2026-08-27,02-27-29,Thursday
317572690404,416031592,solaryhs,138585,Hearthstone,1408,2026-08-25T05:06:13Z,fr,['Français'],2026-08-27,02-27-29,Thursday
318227759975,159498717,jinnytty,498592,I'm Only Sleeping,1406,2026-08-26T02:15:47Z,en,"['English', 'IRL', 'Outdoors', 'Exploration', 'Travel', 'Variety', 'Food', 'Cosplay', 'Asian', 'Korea']",2026-08-27,02-27-29,Thursday
321223268571,84562480,dishsoap,513143,Teamfight Tactics,1402,2026-08-26T12:36:00Z,en,['English'],2026-08-27,02-27-29,Thursday
318991565143,696039109,lucypyre,69279575,Only Good Babysitters Go to Heaven,1390,2026-08-26T16:24:14Z,en,"['Vtuber', 'cringecontent', 'pegmaster', 'English', 'middleschoolhumor', 'womanplsbepatient', 'ADHD', 'autismmaxxing', 'parasocialbtw', '67enthusiast']",2026-08-27,02-27-29,Thursday
316723604309,161987808,stoun_m,509658,Just Chatting,1381,2026-08-26T16:15:11Z,ru,['Русский'],2026-08-27,02-27-29,Thursday
316751108438,41295894,nostoro,509663,Special Events,1378,2026-08-26T17:01:29Z,ru,['Русский'],2026-08-27,02-27-29,Thursday
318429997286,49408183,sick_nerd,459931,Old School RuneScape,1371,2026-08-26T12:18:08Z,en,"['English', 'RecedingHairline', 'NeanderthalAncestry', 'AskMeAnything', 'Deposit', 'Your', 'Primes', 'Here', 'Denmark']",2026-08-27,02-27-29,Thursday
317979464280,200397160,dvces,499634,Crypto,1356,2026-08-26T15:55:15Z,en,['English'],2026-08-27,02-27-29,Thursday
316749626838,62603776,cyganzor,27546,World of Tanks,1352,2026-08-26T13:45:19Z,pl,"['Polski', 'Polish', 'wot', 'WorldofTanks', 'Dropy', 'DropyWłączone']",2026-08-27,02-27-29,Thursday
321057810521,138447079,captainlance9,29307,Path of Exile,1351,2026-08-26T13:57:14Z,en,['English'],2026-08-27,02-27-29,Thursday
318429403494,29750090,paoloidolo,21779,League of Legends,1346,2026-08-26T11:04:41Z,it,"['JUST', 'CHATTING', 'QUATTRO', 'CHIACCHIERE', 'PAOLOCANNONE', 'PAOLOIDOLO', 'ITALIANO', 'DRAMA', 'Italiano']",2026-08-27,02-27-29,Thursday
317598899811,121231583,lennynjag,23020,ROBLOX,1343,2026-08-26T19:00:38Z,fr,['Français'],2026-08-27,02-27-29,Thursday
318233073511,144274705,pesh,1714438563,VHOLUME,1341,2026-08-26T15:59:36Z,it,"['Italiano', 'pelato']",2026-08-27,02-27-29,Thursday
318233486695,170804493,caminotv,509658,Just Chatting,1332,2026-08-26T16:31:26Z,fr,"['Français', 'sneakers', 'fashion', 'mode', 'Actu']",2026-08-27,02-27-29,Thursday
318432830566,536621382,maximzocktslots,498566,Slots,1331,2026-08-26T17:00:33Z,de,"['Deutsch', 'slots']",2026-08-27,02-27-29,Thursday
317562102882,36086436,sundae,498417,Vintage Story,1323,2026-08-26T17:12:59Z,fr,"['Français', 'discussion', 'découverte', 'challenge', '200iq', 'HPI', 'chill']",2026-08-27,02-27-29,Thursday
316156636653,773370698,fadivs,509658,Just Chatting,1318,2026-08-26T18:25:20Z,ru,['Русский'],2026-08-27,02-27-29,Thursday
321224744667,38718052,alinity,509658,Just Chatting,1318,2026-08-26T15:39:28Z,en,"['English', 'Latina', 'Woman', 'girl', 'Colombian', 'Canadian']",2026-08-27,02-27-29,Thursday
315456066415,48093884,sweetcampercs,516575,VALORANT,1317,2026-08-26T13:44:42Z,zh,"['中文', '靈魂歌手', '帥臉', '最有禮貌', '勤奮主播', '一句不離三個國罵']",2026-08-27,02-27-29,Thursday
316791895124,67788628,mager1337,32399,Counter-Strike,1313,2026-08-26T08:54:50Z,ru,['Русский'],2026-08-27,02-27-29,Thursday
316724583765,413999272,conway671,509658,Just Chatting,1311,2026-08-26T18:06:04Z,ru,['Русский'],2026-08-27,02-27-29,Thursday
316362070513,89969094,zerost_s,513143,Teamfight Tactics,1306,2026-08-26T17:35:50Z,ja,['日本語'],2026-08-27,02-27-29,Thursday
316794798420,71691082,putrefy,448246069,Wolcen 2,1299,2026-08-26T16:40:42Z,pl,['Polski'],2026-08-27,02-27-29,Thursday
315441732462,11561802,godjj,516575,VALORANT,1297,2026-08-26T12:47:15Z,zh,"['中文', '訂閱免廣告', '登入就送']",2026-08-27,02-27-29,Thursday
315973515603,31220977,silithur,509663,Special Events,1294,2026-08-26T13:51:09Z,es,"['Español', 'English']",2026-08-27,02-27-29,Thursday
317586525412,1156267140,kinoah2k,509658,Just Chatting,1289,2026-08-26T17:59:39Z,fr,"['Français', 'Discussions', 'justchatting', 'DropsActivés']",2026-08-27,02-27-29,Thursday
321226187483,133896185,sheefgg,491931,Escape from Tarkov,1288,2026-08-26T17:32:34Z,en,"['English', 'NewPlayerFriendly', 'Chıll', 'BigBenisEnergy', 'DropsEnabled']",2026-08-27,02-27-29,Thursday
321057044825,606510515,setsuko,513143,Teamfight Tactics,1288,2026-08-26T10:55:42Z,en,['English'],2026-08-27,02-27-29,Thursday
318991837527,902183508,kriss_drummer,26936,Music,1284,2026-08-26T16:55:22Z,en,"['English', 'Rock', 'Metal']",2026-08-27,02-27-29,Thursday
318433986790,186125705,abdu9974,509658,Just Chatting,1282,2026-08-26T18:22:56Z,de,['Deutsch'],2026-08-27,02-27-29,Thursday
318370341477,35933008,moondye7,491931,Escape from Tarkov,1280,2026-08-26T18:16:51Z,de,"['german', 'deutsch', 'dj', 'react', 'pvp', 'multiplayer', 'survival', 'GIgaChad', 'Deutsch']",2026-08-27,02-27-29,Thursday
317558830178,40110994,reventxz,513143,Teamfight Tactics,1273,2026-08-26T10:55:00Z,es,"['Español', 'teamfighttactics', 'VarietyGamer', 'Challenger', 'pro', 'proplayer']",2026-08-27,02-27-29,Thursday
317562784610,625931244,mawkzy_,30921,Rocket League,1271,2026-08-26T18:15:54Z,fr,"['Dropsactivés', 'Français']",2026-08-27,02-27-29,Thursday
318368600037,29468517,pago3,33214,Fortnite,1268,2026-08-26T16:21:29Z,pl,"['Polski', 'English']",2026-08-27,02-27-29,Thursday
318433078886,197163785,adm1tr1pow,32399,Counter-Strike,1267,2026-08-26T17:18:28Z,ru,['Русский'],2026-08-27,02-27-29,Thursday
318805597941,124656692,seucreysonreborn,29595,Dota 2,1265,2026-08-26T13:18:06Z,pt,"['Português', 'dota2', 'Coach', 'campeonato', 'campeão', 'CampeãoBrasileiro', 'MOBA']",2026-08-27,02-27-29,Thursday
317596917859,526739402,naskidlive,509658,Just Chatting,1260,2026-08-26T15:57:54Z,fr,['Français'],2026-08-27,02-27-29,Thursday
316724343893,698924516,witchblvde,29595,Dota 2,1259,2026-08-26T17:39:59Z,ru,"['English', 'Русский', 'Бизнес', 'Демонтаж', 'Українська', 'Приключение', 'Приколы']",2026-08-27,02-27-29,Thursday
317562062178,470335253,hamedloco,509658,Just Chatting,1255,2026-08-26T17:08:19Z,de,['Deutsch'],2026-08-27,02-27-29,Thursday
317561520738,128992100,edcrspeedruns,27471,Minecraft,1249,2026-08-26T16:15:09Z,en,"['English', 'Speedrun']",2026-08-27,02-27-29,Thursday
316019468394,508990092,aicandii,1264310518,Marvel Rivals,1237,2026-08-26T11:19:44Z,en,"['Australian', 'GiGACHAD', 'VTUBE', 'VTuber', 'English', 'Educational', 'Business', 'DropsEnabled']",2026-08-27,02-27-29,Thursday
317597369955,149555200,joshstrifehayes,18122,World of Warcraft,1234,2026-08-26T16:45:27Z,en,"['community', 'English', 'fitness', 'DropsEnabled']",2026-08-27,02-27-29,Thursday
321225158619,488996078,pepe,461221,MARVEL Contest of Champions,1229,2026-08-26T16:10:53Z,es,"['Español', 'English', 'Português', 'DropsActivados']",2026-08-27,02-27-29,Thursday
316722238165,254947119,nattynattlol,21779,League of Legends,1228,2026-08-26T13:04:37Z,en,['English'],2026-08-27,02-27-29,Thursday
321121102298,104137861,lyric,464339927,ARC Raiders,1227,2026-08-26T14:28:07Z,en,"['English', 'Anime', 'ADHD', 'Vtuber', 'movement', 'Asian', 'fps', 'catgirl', 'PvP', 'DropsEnabled']",2026-08-27,02-27-29,Thursday
316722277589,88107116,muhanjan,1898040946,How to Fish,1223,2026-08-26T13:11:51Z,ru,"['Русский', 'IRL']",2026-08-27,02-27-29,Thursday
317980345432,856618797,smugalana,509658,Just Chatting,1222,2026-08-26T19:03:55Z,en,"['vtuber', 'English', 'cringe', 'ADHD', 'girl', 'Woman', 'Female', 'Regarded', 'Anime', 'Fox']",2026-08-27,02-27-29,Thursday
316750126678,25604128,guit88man,1985775240,Unrailed 2: Back on Track,1220,2026-08-26T14:59:32Z,ru,['Русский'],2026-08-27,02-27-29,Thursday
321057099097,88257023,skylordzoey,676802825,Big Walk,1215,2026-08-26T11:11:20Z,en,"['Trans', 'Transgender', 'LGBTQIAPlus', 'English', 'Vtuber', 'Quirky', 'Loud', 'Vtuber', 'NoGenAI']",2026-08-27,02-27-29,Thursday
316124747244,619098998,ashswag,499677,FAITH,1214,2026-08-26T17:19:04Z,en,"['English', 'brownboyswag']",2026-08-27,02-27-29,Thursday
317597744355,125323544,xo_trixy,509658,Just Chatting,1211,2026-08-26T17:25:15Z,fr,"['Français', 'humour', 'gaming']",2026-08-27,02-27-29,Thursday
317595581795,825937345,ellie_minibot,509673,Makers & Crafting,1208,2026-08-26T13:32:42Z,en,"['vtuber', 'english', 'goofy', 'chill', 'cozy', 'educational', 'banjo', 'ASMR', 'English', 'subathon']",2026-08-27,02-27-29,Thursday
316751577558,247959824,mrouz_,32399,Counter-Strike,1208,2026-08-26T17:47:36Z,pl,"['Polski', 'cs2', 'faceit', 'faceit10lvl', 'faceitlvl10', 'polish', 'English']",2026-08-27,02-27-29,Thursday
318370557541,701179228,dajeale_official,518203,Sports,1205,2026-08-26T18:30:35Z,it,"['Italiano', 'calcio', 'calciomercato']",2026-08-27,02-27-29,Thursday
321059234009,81463115,kotton,29106,S.T.A.L.K.E.R. 2: Heart of Chornobyl,1202,2026-08-26T16:33:21Z,en,"['English', 'fps', 'survival', 'Strategy', '1440p', '2k']",2026-08-27,02-27-29,Thursday
317598948579,101572475,mckytv,509658,Just Chatting,1202,2026-08-26T19:03:30Z,de,['Deutsch'],2026-08-27,02-27-29,Thursday
317596854499,505902512,samueletienne,570615518,Resonance: A Plague Tale Legacy,1199,2026-08-26T15:51:15Z,fr,"['Français', 'DropsActivés']",2026-08-27,02-27-29,Thursday
321224168795,29237967,blu_haze,499003,VRChat,1196,2026-08-26T14:35:05Z,en,"['VtuberEN', 'chattingwithviewers', 'music', 'VirtualReallity', 'Dancing', 'EDM', 'girlfailure', 'goober', 'English']",2026-08-27,02-27-29,Thursday
318370206437,144798294,bigspincr,491168,Clash Royale,1194,2026-08-26T18:08:06Z,de,['Deutsch'],2026-08-27,02-27-29,Thursday
316751413590,1300334004,j05k1y,32399,Counter-Strike,1193,2026-08-26T17:30:50Z,ru,['Русский'],2026-08-27,02-27-29,Thursday
317586933860,522692765,noni,728868394,The Pale Mimic,1193,2026-08-26T18:35:37Z,es,['Español'],2026-08-27,02-27-29,Thursday
318805305973,75891532,michel,32399,Counter-Strike,1191,2026-08-26T11:37:38Z,pt,"['Português', 'FURIA', 'g3x', 'paiN', 'MIBR', 'legacy', 'Imperial', 'counterstrike', 'counterstrike2', 'Tribo']",2026-08-27,02-27-29,Thursday
318991139543,147306920,feer,30921,Rocket League,1188,2026-08-26T15:36:11Z,en,['English'],2026-08-27,02-27-29,Thursday
317578605412,60413469,femimarss,509658,Just Chatting,1187,2026-08-25T19:06:06Z,fr,['Français'],2026-08-27,02-27-29,Thursday
318231776231,36009345,thekller,491487,Dead by Daylight,1181,2026-08-26T14:08:20Z,de,"['Deutsch', 'DropsAktiviert']",2026-08-27,02-27-29,Thursday
317583400036,149393615,spear_shot,21779,League of Legends,1177,2026-08-26T11:53:56Z,en,['English'],2026-08-27,02-27-29,Thursday
316751385942,761801082,korraer,18122,World of Warcraft,1174,2026-08-26T17:28:31Z,ru,"['HC', 'HARDCORE', 'WOW', 'MoP', 'TBC', 'Русский']",2026-08-27,02-27-29,Thursday
318232159463,168492696,phantasm__,21779,League of Legends,1173,2026-08-26T14:44:07Z,en,['English'],2026-08-27,02-27-29,Thursday
318434550246,711444058,mrmalfoy07,518144,The Outlast Trials,1168,2026-08-26T19:04:23Z,ru,['Русский'],2026-08-27,02-27-29,Thursday
317559871202,69824993,therunningmanz,65632,DayZ,1159,2026-08-26T13:13:47Z,en,"['Survival', 'PVP', 'English', 'UK']",2026-08-27,02-27-29,Thursday
318427400166,601383025,fustler,509672,IRL,1152,2026-08-26T04:30:40Z,de,"['flohmarkt', 'reselling', 'anime', 'Deutsch', 'schmeckt', 'Retro', 'vintage', 'Storage', 'StorageHunter', 'DropsAktiviert']",2026-08-27,02-27-29,Thursday
318369531109,416083610,remsua,23020,ROBLOX,1151,2026-08-26T17:26:06Z,pl,['Polski'],2026-08-27,02-27-29,Thursday
321223917659,65635551,attach,1478650472,Call of Duty: Modern Warfare 4,1149,2026-08-26T14:06:20Z,en,['English'],2026-08-27,02-27-29,Thursday
319972525534,112295341,andersonjph,344035090,Kingdom Come: Deliverance II,1147,2026-08-26T16:11:22Z,en,"['English', 'sword', 'bouldering']",2026-08-27,02-27-29,Thursday
317586863716,94830708,sura,32982,Grand Theft Auto V,1146,2026-08-26T18:29:39Z,fr,"['Français', 'flashback', 'FlashbackWL', 'DropsActivés']",2026-08-27,02-27-29,Thursday
316020458218,82695830,arven93,401587136,Arena Breakout: Infinite,1145,2026-08-26T16:34:45Z,ru,"['Русский', 'arven93', 'motovlog', 'moto', 'arenabreakout', 'Arena', 'arenabreakoutinfinite', 'Арена', 'аренабрекаут', 'arven']",2026-08-27,02-27-29,Thursday
318229239015,38019896,heatoncs,32399,Counter-Strike,1145,2026-08-26T08:49:55Z,en,['English'],2026-08-27,02-27-29,Thursday
318369583973,784053757,nightmaretigressa,735904419,ARK: Survival Ascended,1143,2026-08-26T17:29:25Z,ru,"['walkthrough', 'coop', 'game4fun', 'ARK', 'ArkAscended', 'ArkAsa', 'PVE', 'Русский']",2026-08-27,02-27-29,Thursday
316751849046,932952911,sleepm0d3,29595,Dota 2,1140,2026-08-26T18:13:23Z,ru,['Русский'],2026-08-27,02-27-29,Thursday
318235412711,793157866,sarahtoninx9,509658,Just Chatting,1139,2026-08-26T18:50:25Z,de,"['Deutsch', 'german', 'justchattıng', 'BRAINROT', 'yapping', 'ragebait', 'Politik', 'reaction', 'react']",2026-08-27,02-27-29,Thursday
317320820727,227352113,kingsammelot,460951,Geometry Dash,1139,2026-08-26T19:06:16Z,en,['English'],2026-08-27,02-27-29,Thursday
317599107811,67802451,sovietwomble,428189042,IRON NEST: Heavy Turret Simulator,1138,2026-08-26T19:14:02Z,en,['English'],2026-08-27,02-27-29,Thursday
320108257760,564226385,starwarsexplained,674491029,Star Wars Zero Company,1134,2026-08-26T18:50:50Z,en,"['English', 'starwarszerocompany', 'NewRelease']",2026-08-27,02-27-29,Thursday
316722639573,729639945,perra,509658,Just Chatting,1134,2026-08-26T14:12:35Z,sv,"['Svenska', 'Norsk', 'IRL', 'ADHD', 'English', 'Fat']",2026-08-27,02-27-29,Thursday
321224776283,204659019,lockintj,602040818,NBA 2K27,1133,2026-08-26T15:42:36Z,en,"['2k', 'comp', 'English', '2k26', '2K27']",2026-08-27,02-27-29,Thursday
317979783384,694413391,kanekolumi,19329,"Warhammer 40,000: Dawn of War II",1124,2026-08-26T17:03:21Z,en,"['English', 'GlueSniffer', 'FemaleRedditor', 'Vtuber', 'GnomeAppreciator', 'LemonStealer', 'ParticipationPrincess', 'DrySandyToothy', 'FatNasty', 'WhyAreYourFingersBlue']",2026-08-27,02-27-29,Thursday
319973565662,43059157,senevades,2104758320,The First Descendant,1122,2026-08-26T18:01:04Z,en,"['English', 'Chıll', 'music', 'ARPG', 'RPG', 'MMO', 'MMORPG', 'LooterShooter', 'DropsEnabled']",2026-08-27,02-27-29,Thursday
321226976347,1525473500,levi_reload,29452,Virtual Casino,1120,2026-08-26T18:40:31Z,en,['English'],2026-08-27,02-27-29,Thursday
318742342902,62328653,tftoddy,513143,Teamfight Tactics,1119,2026-08-26T09:04:31Z,pt,"['Português', 'TFT', 'TeamfightsTactics']",2026-08-27,02-27-29,Thursday
320068305244,1495678928,tiffytimewwe,509658,Just Chatting,1114,2026-08-26T19:12:06Z,en,"['English', 'WWE', 'Wrestling']",2026-08-27,02-27-29,Thursday
318433768550,49632767,blitzstream,743,Chess,1110,2026-08-26T18:06:57Z,fr,"['Échecs', 'Chess', 'Français']",2026-08-27,02-27-29,Thursday
318232301415,30118763,newmultishow,27546,World of Tanks,1103,2026-08-26T14:56:49Z,pl,"['Polski', 'wot', 'DropyWłączone']",2026-08-27,02-27-29,Thursday
318744613622,519728942,slashkjj,32399,Counter-Strike,1101,2026-08-26T18:59:44Z,pt,"['Português', 'Reposição']",2026-08-27,02-27-29,Thursday
318430302566,173164131,noraexplorer,509672,IRL,1095,2026-08-26T12:53:08Z,en,"['English', 'Denmark', 'IRL', 'justchattıng', 'gaming', 'LGBTQ', 'LesbianGamer', 'gaymer', 'OCD', '134iq']",2026-08-27,02-27-29,Thursday
320107073376,705793897,kelo,602040818,NBA 2K27,1094,2026-08-26T16:48:14Z,en,['English'],2026-08-27,02-27-29,Thursday
316721757141,148844345,roadhouse,867276577,Divinity: Original Sin II - Definitive Edition,1094,2026-08-26T11:38:03Z,ru,['Русский'],2026-08-27,02-27-29,Thursday
317979914712,22253819,scarra,513143,Teamfight Tactics,1085,2026-08-26T17:31:31Z,en,"['English', 'mortdogssecondson', 'water', 'OTV', 'OfflineTV', 'fakefanspodcast', 'asmr', 'fpsprodigy']",2026-08-27,02-27-29,Thursday
317562787170,201852806,limmigreparisien,518203,Sports,1085,2026-08-26T18:16:07Z,fr,['Français'],2026-08-27,02-27-29,Thursday
318233291239,1125910363,threadguy_officlal,499634,Crypto,1084,2026-08-26T16:15:43Z,en,['English'],2026-08-27,02-27-29,Thursday
317320525943,36439445,darthmicrotransaction,1702520304,Path of Exile 2,1082,2026-08-26T17:57:05Z,en,['English'],2026-08-27,02-27-29,Thursday
317562657762,84934385,jvtv,509663,Special Events,1077,2026-08-26T18:05:08Z,fr,"['Français', 'jvtv', 'Actu', 'Info', 'gaming', 'jeuxvidéo', 'SGF', 'SummerGameFest']",2026-08-27,02-27-29,Thursday
318877200884,1495627349,ggthayy,29452,Virtual Casino,1067,2026-08-26T15:03:22Z,pt,['Português'],2026-08-27,02-27-29,Thursday
317319472375,452321499,lopezfnx,509672,IRL,1065,2026-08-26T11:55:48Z,es,"['España', 'Español', 'DropsActivados']",2026-08-27,02-27-29,Thursday
317586816228,198040640,keshaeuw,21779,League of Legends,1065,2026-08-26T18:25:08Z,en,"['English', 'AUTISM', 'LOUD', 'FUNNY', 'CHALLENGER', 'SMART', 'DISABLED', 'NUNU', 'SWEDISH']",2026-08-27,02-27-29,Thursday
318991021015,40980097,faux,459931,Old School RuneScape,1063,2026-08-26T15:18:20Z,en,['English'],2026-08-27,02-27-29,Thursday
317583976420,103762288,wakzlol,490242481,GRAIN ROT,1059,2026-08-26T13:13:18Z,fr,"['Français', 'Challenger', 'ADC', 'Musclé', '27cm']",2026-08-27,02-27-29,Thursday
318742425078,601665123,luzu_tv,417752,Talk Shows & Podcasts,1059,2026-08-26T09:46:04Z,es,['Español'],2026-08-27,02-27-29,Thursday
318229405287,66551495,knueppelpaste,491931,Escape from Tarkov,1056,2026-08-26T09:15:08Z,de,"['Deutsch', 'eigentlichganznett', 'PvP', 'vollderProfi', 'EFT', 'Lehrreich']",2026-08-27,02-27-29,Thursday
317563412322,808279569,lawisse_,509658,Just Chatting,1056,2026-08-26T19:02:55Z,fr,['Français'],2026-08-27,02-27-29,Thursday
316794838868,490598410,oneshotmlbb,494184,Mobile Legends: Bang Bang,1055,2026-08-26T16:45:55Z,ru,"['Ваншот', 'Лесник', 'Хайранг', 'Русский', 'Повтор']",2026-08-27,02-27-29,Thursday
316724574165,178091065,dedbaldesh,493959,Red Dead Redemption II,1053,2026-08-26T18:05:11Z,ru,['Русский'],2026-08-27,02-27-29,Thursday
316723391445,211468411,sergey_vps,94884,Hotline Miami 2: Wrong Number,1051,2026-08-26T15:53:31Z,ru,"['Русский', 'AMA', 'twitchstreamer', 'стример', 'IRL', 'Action', 'адекватность', 'эпилепсия', 'Gothic']",2026-08-27,02-27-29,Thursday
317594854115,726408531,hollyrex,65632,DayZ,1051,2026-08-26T11:58:20Z,en,"['fun', 'survíval', 'Chatty', 'British', 'English', 'chill', 'DayZ']",2026-08-27,02-27-29,Thursday
317598537827,120112663,itsnico17,509658,Just Chatting,1049,2026-08-26T18:33:50Z,it,['Italiano'],2026-08-27,02-27-29,Thursday
317587008356,27545017,chloe__irl,509658,Just Chatting,1048,2026-08-26T18:42:11Z,en,"['English', 'girl', 'IRL', 'Outdoors', 'truck', 'driving', 'CoWorking', 'LGBTQFriendly', 'ETS2', 'Belgium']",2026-08-27,02-27-29,Thursday
316722747221,137192875,degrastream,14371,Overlord,1047,2026-08-26T14:29:59Z,ru,['Русский'],2026-08-27,02-27-29,Thursday
316748728790,27268093,alliance_hakis,511224,Apex Legends,1046,2026-08-26T11:01:56Z,en,"['IGL', 'Comp', 'Scrim', 'Tourney', 'Pro', 'Alliance', 'Ranked', 'ApexPredator', 'English', 'movementgod']",2026-08-27,02-27-29,Thursday
318234943463,1237492753,collectorzonetv,9618,Pokémon Trading Card Game,1045,2026-08-26T18:16:37Z,de,['Deutsch'],2026-08-27,02-27-29,Thursday
321224528475,28640725,lobosjr,1122982998,Dark Souls: Remastered,1045,2026-08-26T15:12:27Z,en,"['voiceactor', 'chill', 'rpg', 'English', 'vgm', 'soulslike', 'Retro', 'nostalgía']",2026-08-27,02-27-29,Thursday
316723466197,43607839,velcuz,509658,Just Chatting,1044,2026-08-26T16:00:48Z,en,"['English', 'forsen', 'Finland']",2026-08-27,02-27-29,Thursday
318233580903,25821344,shenpai,532988445,PowerWash Simulator 2,1042,2026-08-26T16:39:28Z,en,"['English', 'OhGodHelpMe', 'NoBackseating', 'Bisexual', 'WomenKisser', 'yaoiconnoisseur', 'ADHD', 'TransRights', 'NoGenAI', 'antiGenAI']",2026-08-27,02-27-29,Thursday
318232388839,106604356,einfachhunt,32982,Grand Theft Auto V,1041,2026-08-26T15:02:51Z,de,['Deutsch'],2026-08-27,02-27-29,Thursday
316751286870,480775178,rejiboi,33214,Fortnite,1040,2026-08-26T17:18:11Z,ru,"['Русский', 'doors']",2026-08-27,02-27-29,Thursday
321058150105,38290568,mcintyre,1771721043,"OOC, The Playable Anime",1038,2026-08-26T14:51:16Z,en,"['English', 'expro', 'Esports', 'HighLevelGameplay', 'Coaching', 'VarietyGamer', 'RPG', 'stratetgy', 'RTS', 'Vtuber']",2026-08-27,02-27-29,Thursday
320066002396,81174833,nadexe,602040818,NBA 2K27,1036,2026-08-26T15:32:11Z,en,['English'],2026-08-27,02-27-29,Thursday
318367620709,127361301,antilipsi,21779,League of Legends,1034,2026-08-26T15:03:04Z,el,"['Ελληνικά', 'greek', 'English', 'Lissandra', 'Deutsch', 'Challenger', 'Tier3', 'Κύπρος', 'Cyprus', 'Greece']",2026-08-27,02-27-29,Thursday
316795501780,77574065,cmarty,32399,Counter-Strike,1032,2026-08-26T17:56:27Z,ru,"['Русский', 'GLuckMoscowCyberGames2026', '1win', 'Nemesis']",2026-08-27,02-27-29,Thursday
317549059426,113080650,dahmien7,491931,Escape from Tarkov,1030,2026-08-25T06:03:32Z,fr,"['Français', 'chill', 'English']",2026-08-27,02-27-29,Thursday
316796092500,1518569314,cooletgamer,496431,Bendy and the Ink Machine,1027,2026-08-26T19:01:15Z,sv,['Svenska'],2026-08-27,02-27-29,Thursday
318371050085,77792279,onuri,509659,ASMR,1022,2026-08-26T19:02:20Z,en,"['ASMR', 'Cozy', 'relaxing', 'English', 'Singing', 'Chatting', 'ASMRvisual']",2026-08-27,02-27-29,Thursday
318991978199,161432121,jnny,386821,Black Desert,1021,2026-08-26T17:11:51Z,en,"['English', 'gamergirl', 'Drops', 'girl', 'girlgamers', 'DropsEnabled']",2026-08-27,02-27-29,Thursday
316723410133,71590283,1uke337,32399,Counter-Strike,1019,2026-08-26T15:55:52Z,ru,['Русский'],2026-08-27,02-27-29,Thursday
317595475811,223046106,hiro_llol,21779,League of Legends,1017,2026-08-26T13:20:34Z,fr,['Français'],2026-08-27,02-27-29,Thursday
318991022807,94269217,fengrush,65654,The Elder Scrolls Online,1016,2026-08-26T15:18:37Z,en,['English'],2026-08-27,02-27-29,Thursday
321059171417,144555242,sheriffeli,32982,Grand Theft Auto V,1013,2026-08-26T16:28:37Z,en,"['English', 'Roleplay', 'Comedy', 'VarietyStreamer', 'Funny', 'sheriffeli', 'Roleplay', 'CopRP', 'GTARP', 'chaseRP']",2026-08-27,02-27-29,Thursday
316722692437,455448111,etoseregga,29595,Dota 2,1012,2026-08-26T14:21:21Z,ru,['Русский'],2026-08-27,02-27-29,Thursday
316751199446,856748910,lildjeyy1,1630982727,Where Winds Meet,1009,2026-08-26T17:09:58Z,ru,"['Русский', 'DeltaForce', 'WhereWindsMeet', 'WWMCIES9', 'thegyldenrush', 'WWMCIES10', 'DropsВключены']",2026-08-27,02-27-29,Thursday
317320814327,558694386,powdur,509658,Just Chatting,1002,2026-08-26T19:05:11Z,en,"['English', 'vtuber', 'Comfy', 'Female', 'react', 'Elf', 'whìte']",2026-08-27,02-27-29,Thursday
316723819861,46502348,forzorezor,32399,Counter-Strike,1001,2026-08-26T16:41:11Z,ru,['Русский'],2026-08-27,02-27-29,Thursday
316020677994,106013742,pestily,491931,Escape from Tarkov,993,2026-08-26T18:46:40Z,en,['English'],2026-08-27,02-27-29,Thursday
318433445478,37526022,radlerauge,31339,Project Zomboid,992,2026-08-26T17:46:23Z,de,"['deutsch', 'lettisch', 'dropsaktiviert', 'Deutsch']",2026-08-27,02-27-29,Thursday
317563418466,76846779,yoona,509658,Just Chatting,991,2026-08-26T19:03:14Z,fr,"['Français', 'gaming', 'humour', 'funny', 'goodvibes', 'retro', 'horror', 'horreur', 'residentevil']",2026-08-27,02-27-29,Thursday
318231128295,39272995,kaseko,21779,League of Legends,990,2026-08-26T12:58:04Z,pl,"['polski', 'gej', 'petarda', 'challenger', 'kaseko', 'ardent', 'smiglo', 'Polski', 'lol', 'leagueoflegends']",2026-08-27,02-27-29,Thursday
318227868903,1447297241,gtastyslots,498566,Slots,989,2026-08-26T02:54:41Z,de,"['Deutsch', 'Österreich', 'casino', 'slots', 'gTasty']",2026-08-27,02-27-29,Thursday
318233088871,66019478,korbendetka,27546,World of Tanks,989,2026-08-26T16:00:23Z,ru,"['Русский', 'korben', 'WorldofTanks', 'корбен', 'DropsВключены']",2026-08-27,02-27-29,Thursday
321123852506,60796327,lasqa,30028,The Elder Scrolls V: Skyrim,974,2026-08-26T18:59:08Z,ru,"['Русский', 'Геймер', 'Трезвость', 'Озвучка', 'Аукцион', 'Регулярычи', 'RTX5080', 'Нейрохрючево', 'Голосование', 'DropsВключены']",2026-08-27,02-27-29,Thursday
318432198886,48192899,moonryde,512710,Call of Duty: Warzone,974,2026-08-26T16:08:20Z,it,"['Italiano', 'fps', 'warzone', 'ita', 'cecchino', 'Moon', 'Moonryde', 'Bigbro', 'calldofduty', 'WZ']",2026-08-27,02-27-29,Thursday
316794610004,778160753,skezzzxc,509658,Just Chatting,970,2026-08-26T16:16:13Z,ru,['Русский'],2026-08-27,02-27-29,Thursday
321223392347,23844396,teepee,512710,Call of Duty: Warzone,970,2026-08-26T12:55:34Z,en,"['callofduty', 'optic', 'English', 'fps', 'battleroyale', 'warzone', 'bo7', 'Blackout', 'pro']",2026-08-27,02-27-29,Thursday
315946209362,69759951,vader,32982,Grand Theft Auto V,967,2026-08-26T12:00:58Z,en,['English'],2026-08-27,02-27-29,Thursday
317974334936,209270984,fanta,602040818,NBA 2K27,967,2026-08-25T22:17:16Z,en,"['English', 'DropsEnabled']",2026-08-27,02-27-29,Thursday
317596937571,183830454,godmota,498566,Slots,965,2026-08-26T16:00:08Z,pt,['Português'],2026-08-27,02-27-29,Thursday
318235815015,84547838,timgioh,493959,Red Dead Redemption II,961,2026-08-26T19:16:16Z,de,"['Yugioh', 'English', 'twìtch', 'justchatting', 'Action', 'Horror', 'Community', 'Deutsch', 'DeutschGerman', 'TwitchPartner']",2026-08-27,02-27-29,Thursday
318234082791,120898635,kekluck,1461568785,Feed The Scorchpot,951,2026-08-26T17:16:24Z,de,"['r3z', 'kekluck', 'chill', 'einschlafen', 'godot', 'gamedev', 'KeinBackSeatGaming', 'deutsch', 'Deutsch']",2026-08-27,02-27-29,Thursday
320104181856,189583809,bbreadman,512710,Call of Duty: Warzone,949,2026-08-26T08:30:20Z,en,"['English', 'Norwegian']",2026-08-27,02-27-29,Thursday
318806036725,1304144214,bonmatti,32399,Counter-Strike,946,2026-08-26T15:17:15Z,es,"['English', 'Español']",2026-08-27,02-27-29,Thursday
318368444773,1339555309,bakkierty,29452,Virtual Casino,935,2026-08-26T16:08:58Z,en,['English'],2026-08-27,02-27-29,Thursday
321225818203,42583390,xchocobars,2059463486,Waterpark Simulator,935,2026-08-26T17:02:40Z,en,"['English', 'xRizzBars', 'StingerQueen']",2026-08-27,02-27-29,Thursday
321057869785,863851247,widega_,459931,Old School RuneScape,933,2026-08-26T14:05:26Z,en,"['English', 'wuh', 'moo', 'evil', 'evil2', 'evil4', 'evil8', 'evil256', 'evil512', 'moo2147483647']",2026-08-27,02-27-29,Thursday
318370185317,106119024,kugelbuch,743,Chess,930,2026-08-26T18:06:52Z,de,"['deutsch', 'schach', 'chess', 'strategie', 'MUSKULÖS', '106iq', '1900elo', 'english', 'Deutsch', 'Englisch']",2026-08-27,02-27-29,Thursday
315972998739,27107346,b0aty,36799602,Clair Obscur: Expedition 33,928,2026-08-26T10:45:57Z,en,"['English', 'frog', 'Toad', 'Whale', 'felloff']",2026-08-27,02-27-29,Thursday
317562211938,71290640,kemist_c10h15n,512953,ELDEN RING,925,2026-08-26T17:25:43Z,fr,"['Laboratoire', 'C10H15N', 'IUPAC', 'Chromatographie', 'Réactifs', 'Distillation', 'Spectroscopie', 'RMN', 'Français']",2026-08-27,02-27-29,Thursday
318234042855,27187962,herdyn,32982,Grand Theft Auto V,923,2026-08-26T17:13:24Z,cs,['Čeština'],2026-08-27,02-27-29,Thursday
320067519452,808631627,deedge_live,1001670546,The Unworthy,923,2026-08-26T18:03:16Z,en,['English'],2026-08-27,02-27-29,Thursday
318432285158,188614162,gloriamatvien,116747788,"Pools, Hot Tubs, and Beaches",923,2026-08-26T16:15:48Z,en,"['irl', 'dance', 'English', 'Chatting', '댄스', 'Русский']",2026-08-27,02-27-29,Thursday
318234027367,107551531,kamikatze,32982,Grand Theft Auto V,922,2026-08-26T17:12:19Z,de,['Deutsch'],2026-08-27,02-27-29,Thursday
318991840727,24991333,imaqtpie,513143,Teamfight Tactics,922,2026-08-26T16:55:46Z,en,['English'],2026-08-27,02-27-29,Thursday
318370749541,887905545,kharkivets,509658,Just Chatting,920,2026-08-26T18:43:14Z,uk,['Українська'],2026-08-27,02-27-29,Thursday
317563202914,44759993,ranzratte,32982,Grand Theft Auto V,916,2026-08-26T18:50:00Z,de,"['Deutsch', 'multiplayer', 'extraction', 'battleroyale', 'roleplay', 'Musikproduktion']",2026-08-27,02-27-29,Thursday
319973087070,1049028918,matheino03,1441208453,Once Human,916,2026-08-26T17:06:51Z,en,"['English', 'spanish', 'DropsEnabled']",2026-08-27,02-27-29,Thursday
317581749092,25084072,fragnance,18122,World of Warcraft,915,2026-08-26T04:00:51Z,en,"['devourer', 'rwf', 'racetoworldsfirst', 'pve', 'best', 'mdi', 'tgp', 'mythic', 'English', 'DropsEnabled']",2026-08-27,02-27-29,Thursday
316750570454,42618650,pup_ok_,12839,Heroes of Might and Magic III: The Restoration of Erathia,915,2026-08-26T15:59:32Z,ru,"['Стратегия', '800ptsgaming', 'Русский']",2026-08-27,02-27-29,Thursday
320067500252,229056861,kastaclysm,12015,X-Men Legends,914,2026-08-26T18:01:45Z,en,"['SlimThiccyCyclops', 'CocoaPuffEm', 'GoochPorse', 'English']",2026-08-27,02-27-29,Thursday
315947347794,37348520,duncan,27471,Minecraft,910,2026-08-26T17:35:11Z,nl,"['vibe', 'LurkerFriendly', 'dutch', 'Nederlands']",2026-08-27,02-27-29,Thursday
321227159643,71866908,opeytup,602040818,NBA 2K27,910,2026-08-26T18:56:59Z,en,['English'],2026-08-27,02-27-29,Thursday
318368445669,1152050406,neotblaze,29452,Virtual Casino,909,2026-08-26T16:09:00Z,en,"['English', 'Русский']",2026-08-27,02-27-29,Thursday
316725053781,1283600254,otakumaycry,29452,Virtual Casino,908,2026-08-26T19:06:28Z,ru,"['casino', 'Russian', 'Русский']",2026-08-27,02-27-29,Thursday
315930340817,44672974,gamemeneer,32982,Grand Theft Auto V,907,2026-08-26T18:04:14Z,nl,"['Nederlands', 'Creatorsmp']",2026-08-27,02-27-29,Thursday
315996433257,121521701,crazyfacetw,516575,VALORANT,906,2026-08-26T12:21:18Z,zh,"['中文', 'English']",2026-08-27,02-27-29,Thursday
318368446053,1346555443,tenchevand,29452,Virtual Casino,906,2026-08-26T16:09:03Z,other,['English'],2026-08-27,02-27-29,Thursday
316723943893,1491432514,orangebonus,498566,Slots,905,2026-08-26T16:56:30Z,de,"['Deutsch', 'slots', 'orangemorange']",2026-08-27,02-27-29,Thursday
318991886423,23518699,thdlock,18122,World of Warcraft,901,2026-08-26T17:00:19Z,en,"['English', 'DropsEnabled']",2026-08-27,02-27-29,Thursday
317979359576,36594525,emilyywang,513143,Teamfight Tactics,899,2026-08-26T15:25:20Z,en,"['FUTUREWORLDSWINNER', 'FUTURERANK1', 'COMPETITIVE', 'English']",2026-08-27,02-27-29,Thursday
318433240166,126101469,dirkneuenfels,1669431183,DJs,897,2026-08-26T17:30:24Z,de,"['StandupComedy', 'DJ', 'Charts', 'House', 'Musik', 'Party', 'LGBTＱ', 'Electronic', 'Techno', 'entertainment']",2026-08-27,02-27-29,Thursday
318368514405,41800669,ins4ne_hs,138585,Hearthstone,897,2026-08-26T16:14:40Z,en,['English'],2026-08-27,02-27-29,Thursday
318876975860,44114966,furq,516575,VALORANT,897,2026-08-26T14:03:54Z,pt,"['Português', 'Radiante', 'Romantico', 'Tapas', 'iEsse', 'Reposição']",2026-08-27,02-27-29,Thursday
316751081302,47207941,pashabiceps,32399,Counter-Strike,894,2026-08-26T16:59:42Z,en,['English'],2026-08-27,02-27-29,Thursday
316749159382,717727472,tamae_,509658,Just Chatting,893,2026-08-26T12:23:29Z,pl,['Polski'],2026-08-27,02-27-29,Thursday
318428156518,70298660,skyyart,13389,Age of Empires II,892,2026-08-26T07:42:10Z,fr,['Français'],2026-08-27,02-27-29,Thursday
317320812151,27132299,loadingreadyrun,490413,Board Games,888,2026-08-26T19:04:44Z,en,"['English', 'Canada', 'LRR', 'LoadingReadyRun', 'DropsEnabled']",2026-08-27,02-27-29,Thursday
318432581094,507765428,xshowtime,1688787279,Forgot,887,2026-08-26T16:41:45Z,de,"['Deutsch', 'hannover', 'gaming', 'Reaktion', 'horrorgames', 'indiegames', 'Storygames', 'xshowtime', 'showtime']",2026-08-27,02-27-29,Thursday
321225452251,141429177,flats,509658,Just Chatting,887,2026-08-26T16:33:21Z,en,['English'],2026-08-27,02-27-29,Thursday
317585440996,53236934,chez_lex,509658,Just Chatting,884,2026-08-26T16:00:24Z,fr,"['Français', 'Gauche', 'Médias', 'Actualités']",2026-08-27,02-27-29,Thursday
318234872423,29753247,aypierre,498417,Vintage Story,883,2026-08-26T18:11:44Z,fr,"['minecraft', 'redstone', 'urssaf', 'Français', 'gaming', 'satisfactory', 'Ingénieur', 'chill', 'Détente']",2026-08-27,02-27-29,Thursday
318368446821,1095901446,koopicmix_,29452,Virtual Casino,879,2026-08-26T16:09:04Z,ru,['Русский'],2026-08-27,02-27-29,Thursday
320067167452,1200831758,caseoh247,509658,Just Chatting,879,2026-08-26T17:28:51Z,en,"['caseoh', 'Caseohgames', 'VOD', 'reruns', 'Rerun', 'English']",2026-08-27,02-27-29,Thursday
319972323806,480299813,reemknocks,602040818,NBA 2K27,878,2026-08-26T16:00:02Z,en,['English'],2026-08-27,02-27-29,Thursday
317559907554,61582473,botkz,509658,Just Chatting,876,2026-08-26T13:18:20Z,fr,"['Français', 'HPI', '1m80', 'TrendSetter', 'DropsActivés']",2026-08-27,02-27-29,Thursday
317585014244,532809786,viizzzm,516575,VALORANT,874,2026-08-26T15:13:59Z,es,"['Español', 'shooters', 'Competitivo', 'valorant', 'Esports']",2026-08-27,02-27-29,Thursday
316741713622,1494360677,caedrel247,499973,Always On,873,2026-08-25T10:55:36Z,en,"['247', 'LCK', 'LPL', 'LEC', 'LOLESPORTS', 'CAEDREL', 'LEAGUEOFLEGENDS', 'English', 'Variety']",2026-08-27,02-27-29,Thursday
321227362651,238008719,deusamir,512710,Call of Duty: Warzone,873,2026-08-26T19:13:58Z,es,"['Español', 'DeusAmir', 'Amir']",2026-08-27,02-27-29,Thursday
317598020195,109778370,velox,512710,Call of Duty: Warzone,872,2026-08-26T17:53:24Z,it,"['warzone', 'callofduty', 'ita', 'velox', 'Italiano']",2026-08-27,02-27-29,Thursday
318991967831,59016177,cooksux,509672,IRL,871,2026-08-26T17:10:13Z,en,"['comedy', 'travel', 'irl', 'aapi', 'outdoors', 'English', 'KoreanAmerican', 'gundam', 'DropsEnabled']",2026-08-27,02-27-29,Thursday
318433456102,133208673,redpandash,401587136,Arena Breakout: Infinite,869,2026-08-26T17:47:17Z,ru,"['Русский', 'PvP', 'вайбик', 'разговор']",2026-08-27,02-27-29,Thursday
317979945560,106125347,couragejd,33214,Fortnite,868,2026-08-26T17:38:28Z,en,"['English', 'DropsEnabled']",2026-08-27,02-27-29,Thursday
315996313833,162323092,gearbaby1010,516575,VALORANT,867,2026-08-26T11:46:57Z,zh,"['主打技術', '顏值還行', '中文', '棋靈王', '我愛黑人']",2026-08-27,02-27-29,Thursday
318429748710,874007553,gluck_esports,32399,Counter-Strike,865,2026-08-26T11:47:41Z,ru,"['Esports', 'counterstrike', 'English', 'Русский', 'gluckesports', 'gluck', 'vrs', 'CS2', 'LAN']",2026-08-27,02-27-29,Thursday
317583797476,60408047,voltariux,513143,Teamfight Tactics,862,2026-08-26T12:51:35Z,fr,['Français'],2026-08-27,02-27-29,Thursday
318357298917,1497323894,deme247,499973,Always On,859,2026-08-25T16:02:00Z,en,['English'],2026-08-27,02-27-29,Thursday
316795869268,247924853,byconstantin3,29595,Dota 2,859,2026-08-26T18:33:25Z,ru,['Русский'],2026-08-27,02-27-29,Thursday
318233010407,71336,robbaz,277053107,Night Rolls Cozy Store,858,2026-08-26T15:55:16Z,en,['English'],2026-08-27,02-27-29,Thursday
318991081431,1128262488,jordynlucas,509672,IRL,857,2026-08-26T15:27:44Z,en,"['jordynlucas', 'IRL', 'Travel', 'English', 'Barcelona', 'streamer']",2026-08-27,02-27-29,Thursday
317587019620,43043577,heyar,393329718,Old Market Simulator,856,2026-08-26T18:43:24Z,fr,['Français'],2026-08-27,02-27-29,Thursday
318370715493,773168250,mar1oasmr,509659,ASMR,853,2026-08-26T18:40:55Z,ru,"['Русский', 'общение', 'english', 'ASMR', 'relaxing', 'triggers', 'АСМР']",2026-08-27,02-27-29,Thursday
317980188632,192188954,milky,509658,Just Chatting,850,2026-08-26T18:30:06Z,en,"['English', 'Vtuber', 'Cozy', 'Comfy', 'cow', 'wife']",2026-08-27,02-27-29,Thursday
320065138908,119522206,trey24k,491931,Escape from Tarkov,842,2026-08-26T13:16:50Z,en,"['English', 'pain', 'suffering']",2026-08-27,02-27-29,Thursday
317586104036,65201243,manta,1780647523,HITMAN World of Assassination,840,2026-08-26T17:15:31Z,en,"['English', 'Degen', 'Mindbreak', 'NTR', '3DVtuber', 'VTuber']",2026-08-27,02-27-29,Thursday
318230072167,485787319,sofiko_sculpts,116813,The Vanishing of Ethan Carter,838,2026-08-26T10:49:33Z,ru,"['игры', 'Русский', 'чилл', 'творчество', 'лепка', 'ASMR', 'ПрофессиональныйСтелс', 'СофаНеДиванСофаЛоровед', 'лор', 'контент']",2026-08-27,02-27-29,Thursday
317585354340,645911728,khadim,32982,Grand Theft Auto V,838,2026-08-26T15:50:39Z,fr,"['Français', 'DropsActivés']",2026-08-27,02-27-29,Thursday
320091703136,754571401,elcalvolol,509672,IRL,836,2026-08-25T10:34:49Z,es,['Español'],2026-08-27,02-27-29,Thursday
317593604067,135629563,snoodyboo,513143,Teamfight Tactics,836,2026-08-26T07:26:41Z,es,['Español'],2026-08-27,02-27-29,Thursday
316724786133,266301326,xqn_thesad,138585,Hearthstone,835,2026-08-26T18:30:11Z,en,['English'],2026-08-27,02-27-29,Thursday
317980247512,1089849930,nsevenxs,417528,Albion Online,835,2026-08-26T18:43:38Z,es,"['Español', 'Repetir', 'Albión', 'HCE', 'facción', 'Depths', 'DropsActivados']",2026-08-27,02-27-29,Thursday
316749359830,180114226,ranga,493057,PUBG: BATTLEGROUNDS,833,2026-08-26T13:00:23Z,ru,['Русский'],2026-08-27,02-27-29,Thursday
317320853751,117349875,smallant,1982936547,Pokémon,833,2026-08-26T19:14:06Z,en,['English'],2026-08-27,02-27-29,Thursday
317563225698,622498423,otplol_,21779,League of Legends,832,2026-08-26T18:51:30Z,fr,['Français'],2026-08-27,02-27-29,Thursday
315973943123,22365608,rotterdam08,490422,StarCraft II,831,2026-08-26T16:03:26Z,en,"['esports', 'starcraft', 'English']",2026-08-27,02-27-29,Thursday
316795845844,1134449363,mirzalievmma,493057,PUBG: BATTLEGROUNDS,824,2026-08-26T18:30:17Z,ru,"['спб', 'Русский', 'пабг', 'гта5рп', 'гта', 'мск', 'pubg', 'рекомендации', 'ирл', 'Повтор']",2026-08-27,02-27-29,Thursday
316124574828,1007186731,anonymous1270ttv,460630,Rainbow Six Siege,823,2026-08-26T16:46:13Z,en,"['English', 'anonymous1270', 'anonymous1270ttv', 'ad', 'DropsEnabled', 'rainbowsixsiege', 'R6', 'R6S', 'ubisoftpartner', 'ad']",2026-08-27,02-27-29,Thursday
318367758053,45912780,mistafaker,509658,Just Chatting,823,2026-08-26T15:14:16Z,ru,['Русский'],2026-08-27,02-27-29,Thursday
318990333527,95569482,wastzera,32399,Counter-Strike,822,2026-08-26T13:14:02Z,pt,"['wastzera', 'sorteio', 'dicas', 'farm', 'Português', 'skin', 'cs2', 'gamersclub', 'neymar']",2026-08-27,02-27-29,Thursday
316795035860,131496154,d3ncold,29595,Dota 2,821,2026-08-26T17:07:29Z,ru,"['общение', 'Смешной', 'Киберспорт', 'Русский', 'РейтинговыеИгры', 'ИграСоЗрителями', 'Аниме', 'Созрителями', 'дота', 'steam']",2026-08-27,02-27-29,Thursday
318992522583,88169992,bricky,709941216,Endacopia,820,2026-08-26T18:20:07Z,en,['English'],2026-08-27,02-27-29,Thursday
320067613276,39886669,oatsngoats,7595,Super Metroid,817,2026-08-26T18:11:53Z,en,"['English', 'Retro', 'Speedrun']",2026-08-27,02-27-29,Thursday
318434579558,1140571796,lapizarradeandres,509658,Just Chatting,814,2026-08-26T19:06:04Z,es,['Español'],2026-08-27,02-27-29,Thursday
317558149474,29377368,x9nium,32399,Counter-Strike,813,2026-08-26T08:53:56Z,es,"['Español', 'CS2', 'Counter', 'Esports', 'gaming', 'counterstrike']",2026-08-27,02-27-29,Thursday
317587196260,504240742,giuseppemdr,509658,Just Chatting,811,2026-08-26T18:57:45Z,fr,"['humour', 'divertissement', 'français', 'Français']",2026-08-27,02-27-29,Thursday
319972182366,1292881913,majorleaguebalatro,745589378,Balatro,808,2026-08-26T15:45:23Z,en,['English'],2026-08-27,02-27-29,Thursday
318877555828,182813308,heitir,2092563878,Moo Who?,806,2026-08-26T16:17:12Z,pt,['Português'],2026-08-27,02-27-29,Thursday
318870383732,523267558,luuuklz,32982,Grand Theft Auto V,802,2026-08-25T20:28:18Z,es,"['risas', 'Español', 'chillingstream', 'gta', 'carrerasGTA5online', 'PS5', 'gta6']",2026-08-27,02-27-29,Thursday
320106050272,190163874,headshotchick,33214,Fortnite,802,2026-08-26T15:21:56Z,en,"['English', 'giveaway', 'PS5', 'cozy', 'female', 'girl', 'NintendoSwitch', '1440p', 'FamilyFriendly']",2026-08-27,02-27-29,Thursday
318232008807,25452510,nervarien,21779,League of Legends,801,2026-08-26T14:31:07Z,pl,['Polski'],2026-08-27,02-27-29,Thursday
317320839287,639000660,averageharry_,509658,Just Chatting,799,2026-08-26T19:11:07Z,en,['English'],2026-08-27,02-27-29,Thursday
318432906854,667209041,pangi,27471,Minecraft,794,2026-08-26T17:05:29Z,en,['English'],2026-08-27,02-27-29,Thursday
321225096155,157100339,jupieverse,982017546,Palia,794,2026-08-26T16:06:17Z,en,"['Bisexual', 'Latina', 'English', 'ClosedCaptions', 'Woman', 'LurkerFriendly', 'SoothingVoice', 'Cozy', 'Palia', 'DropsEnabled']",2026-08-27,02-27-29,Thursday
316724709077,174141858,elina,6167,Grand Theft Auto: Liberty City Stories,794,2026-08-26T18:21:00Z,en,"['English', 'swedish', 'woman', 'stinky', 'ADHD', 'female', 'Interactive', 'Chatty']",2026-08-27,02-27-29,Thursday
318364622309,1533478565,plenoloco,498566,Slots,794,2026-08-26T09:41:46Z,es,['Español'],2026-08-27,02-27-29,Thursday
319973629406,598373465,2kcaioteixeira,602040818,NBA 2K27,794,2026-08-26T18:07:48Z,pt,"['caioteixeira', 'basquete', 'basketball', 'nba', 'Português', 'DropsAtivados', 'nab2k27', 'gta6']",2026-08-27,02-27-29,Thursday
316794205780,621113810,milchmann,516588,Rise Online,792,2026-08-26T15:23:03Z,tr,"['Türkçe', 'DroplarEtkin']",2026-08-27,02-27-29,Thursday
317558591330,948558483,xalisa,2104758320,The First Descendant,788,2026-08-26T10:13:32Z,en,"['English', 'alisa', 'tfd', 'thefirstdescendant', 'DropsEnabled']",2026-08-27,02-27-29,Thursday
318877417716,47071880,yoda,20596,Dofus,788,2026-08-26T15:53:36Z,pt,"['Português', 'wYzards', 'Y', 'SehLoiro', 'FON', 'SLGames', 'RBH']",2026-08-27,02-27-29,Thursday
316724314453,178882870,kensicsgo,32399,Counter-Strike,788,2026-08-26T17:36:46Z,ru,"['Русский', 'CS2', 'cybersport', '4000elo', 'English', 'faceit']",2026-08-27,02-27-29,Thursday
316361021809,464257616,dethseiya,516575,VALORANT,782,2026-08-26T12:50:45Z,ja,"['ADHD', 'ＡＤＨＤ', 'adhd', '日本語', 'V狩り', 'valorant']",2026-08-27,02-27-29,Thursday
321061200217,85875635,ray,509658,Just Chatting,782,2026-08-26T19:09:47Z,en,"['English', 'TinasHusband', 'FrameRateMerch', 'Number51', 'AwardWinningStreamer', 'MarioPartyMan', 'AggressiveOmega']",2026-08-27,02-27-29,Thursday
316361516785,64092271,pikat,509660,Art,780,2026-08-26T14:30:49Z,en,"['Vtuber', 'art', 'CasualPlaythrough', 'PvE', 'English', 'PvP', 'CoWorking']",2026-08-27,02-27-29,Thursday
318990266455,1308839508,bradleykraut,509672,IRL,780,2026-08-26T12:58:48Z,en,['English'],2026-08-27,02-27-29,Thursday
318231357671,145498295,exsl95,498592,I'm Only Sleeping,778,2026-08-26T13:22:47Z,de,['Deutsch'],2026-08-27,02-27-29,Thursday
317587273700,169558955,mehdoche,32982,Grand Theft Auto V,774,2026-08-26T19:02:14Z,fr,['Français'],2026-08-27,02-27-29,Thursday
318233933159,68990469,ronbielecki,498566,Slots,773,2026-08-26T17:04:54Z,de,"['Deutsch', 'entzünden', 'tornado', 'slots', 'Malta', 'zigarre', 'entrepreneur', 'connoisseur']",2026-08-27,02-27-29,Thursday
318992196055,22998189,stonemountain64,168648543,Battlefield 6,772,2026-08-26T17:39:18Z,en,"['Hardcore', 'hardcorebattlefield6', 'hardcorebf6', 'bf6hardcore', 'servers', 'hardcoreservers', 'English']",2026-08-27,02-27-29,Thursday
316750165590,1373178940,andr_surov,509672,IRL,772,2026-08-26T15:03:27Z,ru,"['Русский', 'Україна']",2026-08-27,02-27-29,Thursday
318429796710,28572093,kubon_,21779,League of Legends,771,2026-08-26T11:53:54Z,pl,['Polski'],2026-08-27,02-27-29,Thursday
317316019703,197406569,thenicolet,116747788,"Pools, Hot Tubs, and Beaches",771,2026-08-26T00:38:40Z,en,"['English', 'ENGLISH', 'ASMR', 'FINDOM', 'EGIRL', 'GIRL', 'feet', 'goddess', 'woman']",2026-08-27,02-27-29,Thursday
317563374562,48268330,anujbost,509658,Just Chatting,770,2026-08-26T19:00:45Z,es,"['NOTICIAS', 'NEGOCIOS', 'ACTUALIDAD', 'ANUJ', 'ECONOMIA', 'ANJU', 'ESPAÑA', 'Español', 'DIVULGACIÓN', 'Argentina']",2026-08-27,02-27-29,Thursday
318433627622,183467919,niisa,510389,Shakes and Fidget,770,2026-08-26T17:58:58Z,de,"['Deutsch', 'English', 'SFPartner', 'Sponsored', 'DropsAktiviert']",2026-08-27,02-27-29,Thursday
318991558999,23735582,sacriel,31339,Project Zomboid,768,2026-08-26T16:23:36Z,en,"['English', 'Educational', 'British', 'Banter', 'Canadian', 'TwitchOG', 'NoGenAI']",2026-08-27,02-27-29,Thursday
321057974873,86308586,fragas,491931,Escape from Tarkov,766,2026-08-26T14:23:45Z,en,"['English', 'glorp', 'buh', 'mistfallhunter', 'thegyldenrush']",2026-08-27,02-27-29,Thursday
318370227557,803142740,alibumayetv,32982,Grand Theft Auto V,765,2026-08-26T18:09:17Z,de,['Deutsch'],2026-08-27,02-27-29,Thursday
318991820375,161468834,saintontas,209738946,Wuthering Waves,763,2026-08-26T16:53:20Z,en,"['English', 'giveaway', 'DropsEnabled']",2026-08-27,02-27-29,Thursday
317320295415,71031406,kindafunnygames,509658,Just Chatting,763,2026-08-26T16:56:54Z,en,['English'],2026-08-27,02-27-29,Thursday
318430008934,32304693,gndugun,31336,Metin2,762,2026-08-26T12:19:12Z,de,"['Pro', 'Gamer', 'Free2Play', 'speedrun', 'Deutsch']",2026-08-27,02-27-29,Thursday
318235461607,884084114,ark1aze,29452,Virtual Casino,761,2026-08-26T18:53:43Z,en,['English'],2026-08-27,02-27-29,Thursday
318433010406,138490205,looney,498566,Slots,755,2026-08-26T17:13:13Z,de,"['MMO', 'MMORPG', 'openworld', 'gta', 'Deutsch']",2026-08-27,02-27-29,Thursday
316749759446,498937799,nooor,32982,Grand Theft Auto V,753,2026-08-26T14:06:04Z,sv,"['Svenska', 'TPRP']",2026-08-27,02-27-29,Thursday
318235550311,36108496,liveplayging,509672,IRL,751,2026-08-26T18:59:21Z,de,"['gamescom', 'gamescom2026', 'ｌｉｖｅ', 'Messe', 'livestream', 'gaminglive', 'games', 'nyfter', 'TwitchDE', 'Deutsch']",2026-08-27,02-27-29,Thursday
321123625434,414910329,joov,1050003477,The Elder Scrolls V: Skyrim - Special Edition,747,2026-08-26T18:40:05Z,en,"['survíval', 'expert', 'horror', 'english', 'challenge', 'English', 'NoSpoilers']",2026-08-27,02-27-29,Thursday
317598878307,212167812,giankoextreme,509658,Just Chatting,746,2026-08-26T18:59:33Z,it,"['Italiano', 'paleolitico', 'educativo', 'minecraft', 'SaluteMentale', 'bimboago', 'animali', 'Mhanz', 'marvelsnap', 'zugu']",2026-08-27,02-27-29,Thursday
316426290163,715990491,dttodot,1036710512,Palworld,745,2026-08-26T07:09:26Z,ja,"['日本語', 'VTuber', 'Thai', 'Japanese', 'English']",2026-08-27,02-27-29,Thursday
318988359767,663185994,savii,1832841853,Mortal Shell II,743,2026-08-26T06:45:43Z,en,"['British', 'Latina', 'Military', 'AuditoryASMR', 'Envtuber', 'English', 'Anime', 'Vtuber', 'Hag', 'FirstPlaythrough']",2026-08-27,02-27-29,Thursday
320108009312,715941186,sansin,513143,Teamfight Tactics,739,2026-08-26T18:25:56Z,en,"['vtuber', 'English', 'onebrainwrinkle', 'chill', 'LurkerFriendly', 'adhd', 'cozy', 'korean', 'Comfy']",2026-08-27,02-27-29,Thursday
315442229486,139417491,woojungx4,509658,Just Chatting,739,2026-08-26T17:05:27Z,ko,['한국어'],2026-08-27,02-27-29,Thursday
320066060636,161589100,xlie,602040818,NBA 2K27,736,2026-08-26T15:41:44Z,en,['English'],2026-08-27,02-27-29,Thursday
318233442919,43030068,kurolily,509663,Special Events,735,2026-08-26T16:28:18Z,it,['Italiano'],2026-08-27,02-27-29,Thursday
315956545256,66548548,dingding248,516575,VALORANT,734,2026-08-26T08:50:19Z,zh,['中文'],2026-08-27,02-27-29,Thursday
319970122078,188526166,shinyatheninja,464339927,ARC Raiders,732,2026-08-26T09:27:57Z,en,"['fighting', 'comp', 'cool', 'adhd', 'English', 'extraction', 'PvP', 'DropsEnabled']",2026-08-27,02-27-29,Thursday
321226651739,600627573,tiempodejuegocope,518203,Sports,729,2026-08-26T18:11:22Z,es,"['ENDIRECTO', 'TIEMPODEJUEGO', 'laliga', 'futbolespañol', 'Español', 'PRIMERADIVISION', 'DEPORTES', 'realmadrid', 'realsociedad', 'rm']",2026-08-27,02-27-29,Thursday
318430311398,1071905605,tr33_ow,515025,Overwatch,727,2026-08-26T12:53:54Z,en,['English'],2026-08-27,02-27-29,Thursday
315930097233,785701052,fraiki,509658,Just Chatting,727,2026-08-26T17:02:20Z,en,"['vtuber', 'anime', 'envtuber', 'gaming', 'English', 'react', 'Educational', 'Horror', 'Cozy']",2026-08-27,02-27-29,Thursday
320108474208,36973271,geega,509658,Just Chatting,726,2026-08-26T19:10:47Z,en,"['English', 'Vtuber', 'groceries', 'corn', 'NoPixel', 'Evil', 'CancerSurvivor', 'PointyEarsPointyChin']",2026-08-27,02-27-29,Thursday
318368346213,664177022,tenma,1414860634,The Binding of Isaac: Repentance,726,2026-08-26T16:01:41Z,en,"['vtuber', 'anime', 'idk', 'tenma', 'English']",2026-08-27,02-27-29,Thursday
318230746215,37550199,pilavpowa,18122,World of Warcraft,724,2026-08-26T12:13:30Z,en,"['English', 'WorldfofWarcraft', 'comedian', 'DropsEnabled']",2026-08-27,02-27-29,Thursday
318430437350,38499199,pow3r,491931,Escape from Tarkov,723,2026-08-26T13:08:12Z,it,"['Italiano', 'pelato', 'gaming', 'pro', 'GIGACHAD', 'cheat', 'banned', 'Pizza']",2026-08-27,02-27-29,Thursday
318431060966,1055397270,jack_fromsoft,1832841853,Mortal Shell II,721,2026-08-26T14:17:30Z,de,"['Deutsch', 'eldenring', 'Soulsborne', 'soulslike', 'darksouls']",2026-08-27,02-27-29,Thursday
317562251746,26008371,toniki,1264310518,Marvel Rivals,721,2026-08-26T17:29:45Z,es,"['Español', 'DropsActivados']",2026-08-27,02-27-29,Thursday
317597844707,873027546,nenessyo,1763263,nanos world,720,2026-08-26T17:35:29Z,fr,"['Français', 'discussion', 'girlsgirl', 'chill', 'RP', 'DropsActivés']",2026-08-27,02-27-29,Thursday
318369448165,168348436,xrick75,32982,Grand Theft Auto V,719,2026-08-26T17:20:15Z,de,['Deutsch'],2026-08-27,02-27-29,Thursday
318433075046,126858794,bogema_a,29595,Dota 2,718,2026-08-26T17:18:15Z,ru,"['Русский', 'Украинский', 'Английский', 'девушка', 'анимешница']",2026-08-27,02-27-29,Thursday
318365623269,49035758,jimmyboyyy,27471,Minecraft,718,2026-08-26T11:46:03Z,fr,"['Français', 'JimmyBoy', 'chill', 'Luiji', 'aigri', 'Plaisir', 'acariâtre', 'DropsActivés']",2026-08-27,02-27-29,Thursday
317586558948,540843428,lemedtv,509658,Just Chatting,716,2026-08-26T18:01:33Z,fr,['Français'],2026-08-27,02-27-29,Thursday
316124257644,474535377,polemicatv,509658,Just Chatting,716,2026-08-26T15:45:20Z,ru,"['мафия', 'турнир', 'polemica', 'Русский']",2026-08-27,02-27-29,Thursday
320105728992,274650168,igymo,602040818,NBA 2K27,716,2026-08-26T14:42:25Z,en,"['English', 'DropsEnabled']",2026-08-27,02-27-29,Thursday
319974193118,457942039,saps,1846570260,Planet Coaster 2,716,2026-08-26T19:07:40Z,en,"['minecraft', 'saparata', 'saps', 'English']",2026-08-27,02-27-29,Thursday
318992797911,25080754,pobelter,21779,League of Legends,715,2026-08-26T18:55:53Z,en,"['English', 'Chill', 'Anime', 'RotisserieChickens', 'lebronjames', 'xddfreezone', 'labubu']",2026-08-27,02-27-29,Thursday
315930642769,697498408,p4perback,509658,Just Chatting,715,2026-08-26T19:17:21Z,en,"['english', 'british', 'lgbt', 'french', 'p4persmp', 'horror', 'loud', 'English']",2026-08-27,02-27-29,Thursday
316791513812,20567961,ziqoftw,21779,League of Legends,715,2026-08-26T07:35:42Z,en,"['English', 'rank1', 'funny', 'ziqo', 'pvp', 'Hardcore', 'ZNN', 'midnight', 'Clasicplus']",2026-08-27,02-27-29,Thursday
321058689497,183846348,coletheman,602040818,NBA 2K27,714,2026-08-26T15:59:03Z,en,"['English', 'DropsEnabled']",2026-08-27,02-27-29,Thursday
318431746406,51516226,benccce,32399,Counter-Strike,713,2026-08-26T15:28:22Z,hu,"['CS2', 'counterstrike', 'counterstrike2', 'cs2faceit', 'Esport', 'Esports', 'BLAST', 'blastpremier', 'blastopen', 'Tournament']",2026-08-27,02-27-29,Thursday
317563552354,128368067,ryosenseitv,509658,Just Chatting,713,2026-08-26T19:12:01Z,fr,['Français'],2026-08-27,02-27-29,Thursday
318991746903,466073963,girl_dm_,509663,Special Events,710,2026-08-26T16:45:26Z,en,"['greencat', 'manx', 'English', 'PG13ChatandCommentary', 'NoBackseatingUnlessAsked', 'grosslyincandescent', 'spoilingthegamecostsmoney', 'VtuberEN']",2026-08-27,02-27-29,Thursday
318991672279,3102991,axialmatt,1099705332,Tomodachi Life: Living the Dream,707,2026-08-26T16:36:26Z,en,"['English', 'Hair', 'VarietyGaming', 'EEEEEEEE', 'SoftAlpha', 'gong', 'SpecialEvents', 'ChallengeRun', 'Challenges']",2026-08-27,02-27-29,Thursday
321120662490,790739876,vesper,709941216,Endacopia,705,2026-08-26T13:03:22Z,en,"['horror', 'normal', 'bug', 'vtuber', 'English']",2026-08-27,02-27-29,Thursday
319957176286,400999129,clout,23020,ROBLOX,705,2026-08-25T09:26:55Z,en,['English'],2026-08-27,02-27-29,Thursday
318365517029,177794648,jaskol95,489050,Twelve Minutes,703,2026-08-26T11:34:37Z,pl,['Polski'],2026-08-27,02-27-29,Thursday
318990211927,14675339,outerheaven,16582,Metal Gear Solid 3: Snake Eater,700,2026-08-26T12:47:02Z,en,"['English', 'metalgearsolid', 'metalgear', 'solarpowered', 'Bloodborne']",2026-08-27,02-27-29,Thursday
317587126500,427035204,mowraa,1763263,nanos world,700,2026-08-26T18:52:22Z,fr,"['Français', 'JL', 'lol', 'leagueoflegends', 'gmod', 'musique', 'jeu', 'Nanos', 'naruto', 'Zenkai']",2026-08-27,02-27-29,Thursday
318233943399,721402063,bernd_zehner,509658,Just Chatting,699,2026-08-26T17:05:25Z,de,"['IRL', 'Essen', 'kochen', 'foodhunt', 'livecooking', 'justchatting', 'Deutsch', 'homecooking']",2026-08-27,02-27-29,Thursday
317585736676,42465441,drunge_,509663,Special Events,698,2026-08-26T16:32:51Z,fr,"['Français', 'HardcoreGamer', 'MMO', 'RPG']",2026-08-27,02-27-29,Thursday
318366328933,118263259,cemka,29595,Dota 2,698,2026-08-26T13:07:29Z,ru,"['Русский', 'Україна', 'VarietyGaming', 'Chıll', 'Anime']",2026-08-27,02-27-29,Thursday
318807187317,787834205,frrank7,492618,Lords Mobile,697,2026-08-26T18:55:46Z,es,['Español'],2026-08-27,02-27-29,Thursday
318432120294,1068043077,elegnaai,3997,Day of the Tentacle,691,2026-08-26T16:01:58Z,en,"['English', 'interactive', 'pointandclickadventure', 'dayofthetentacle', 'dott', 'elegna']",2026-08-27,02-27-29,Thursday
321222276443,1290756804,madhousetv_,32399,Counter-Strike,689,2026-08-26T08:51:04Z,pt,"['FURIA', 'Português', 'madhouse', 'neymar', 'neymarjr', 'FURIAFC', 'cs', 'faceit', 'ohnepixel', 'BLAST']",2026-08-27,02-27-29,Thursday
317598032099,798312463,mathieusommetlive,1623306862,1666: Amsterdam,689,2026-08-26T17:54:29Z,fr,"['chillstream', 'Français', 'twitchfr', 'multigaming', 'gaming', 'discussion']",2026-08-27,02-27-29,Thursday
318432959334,219265704,jonsman,509672,IRL,687,2026-08-26T17:09:30Z,de,"['Deutsch', 'Outdoors', 'IRL', 'English', 'german', 'justchatting', 'challenge', 'gamescom', 'Köln', 'tramping']",2026-08-27,02-27-29,Thursday
317587169636,73522739,phyzikk,512710,Call of Duty: Warzone,684,2026-08-26T18:55:43Z,fr,['Français'],2026-08-27,02-27-29,Thursday
316751597782,432417741,eskyycs,32399,Counter-Strike,683,2026-08-26T17:49:53Z,pl,"['Polski', 'csgo', 'angielski', 'Powtórka', '10level', '10levelfaceit', 'faceit', 'cs2faceit', 'CS2']",2026-08-27,02-27-29,Thursday
318877278964,95147903,pkennys,509672,IRL,681,2026-08-26T15:22:43Z,pt,"['CS2', 'Brasil', 'Alemanha', 'frança', 'Colombia', 'Português']",2026-08-27,02-27-29,Thursday
319971790686,557148694,couriway,27471,Minecraft,681,2026-08-26T14:47:25Z,en,"['English', 'Ally', 'noreset', 'Speedrun', 'couriway', 'FamilyFriendly']",2026-08-27,02-27-29,Thursday
318432500326,224958347,onurcan,509658,Just Chatting,679,2026-08-26T16:34:36Z,de,"['Deutsch', 'reactions', 'sixpack']",2026-08-27,02-27-29,Thursday
316725075157,41855408,etokovall,509658,Just Chatting,677,2026-08-26T19:09:10Z,ru,['Русский'],2026-08-27,02-27-29,Thursday
318233207015,20969023,beastyqt,498482,Age of Empires IV,676,2026-08-26T16:08:30Z,en,"['RTS', 'GAMER', 'English']",2026-08-27,02-27-29,Thursday
317562883810,408948338,poldo,884569009,The Choicer Voicer,675,2026-08-26T18:24:32Z,it,"['Italiano', 'Poldo']",2026-08-27,02-27-29,Thursday
317597507043,73699894,kendrobtg,860974918,The Unfamiliars,674,2026-08-26T17:00:22Z,fr,"['Français', 'horreur', 'goodvibes', 'humour', 'lgbtqia', 'Indés', 'retro', 'HorreurPsychologique', 'DropsActivés']",2026-08-27,02-27-29,Thursday
317581957988,27346642,apo_wow,18122,World of Warcraft,674,2026-08-26T06:00:40Z,es,"['Español', 'EquipoMDI', 'Miticasplus', 'Miticas', 'DropsActivados']",2026-08-27,02-27-29,Thursday
321121060442,115994925,alphakep,512953,ELDEN RING,674,2026-08-26T14:20:37Z,en,"['English', 'drops', 'NoAds', 'NoAdsAfterPreroll', 'DropsActive', 'pro', 'DropsEnable', 'rocketleague', 'Golf']",2026-08-27,02-27-29,Thursday
317563340130,596371111,lepotomat,509658,Just Chatting,673,2026-08-26T18:58:57Z,fr,"['Français', 'react', 'discussion']",2026-08-27,02-27-29,Thursday
317585459428,54892839,melyoh,1050003477,The Elder Scrolls V: Skyrim - Special Edition,671,2026-08-26T16:02:02Z,fr,"['VoiceActing', 'RPG', 'humour', 'Roleplay', 'Français', 'fantasy', 'InclusiveSpace', 'RP', 'communauté', 'Adventure']",2026-08-27,02-27-29,Thursday
318434125926,112034182,kodomo,509658,Just Chatting,670,2026-08-26T18:33:41Z,it,['Italiano'],2026-08-27,02-27-29,Thursday
316752136918,492300399,dipsit,32982,Grand Theft Auto V,669,2026-08-26T18:46:35Z,ru,"['Русский', 'gta', 'MajesticRP', 'drops']",2026-08-27,02-27-29,Thursday
318370905957,1348650383,northin3,498566,Slots,669,2026-08-26T18:53:49Z,en,['English'],2026-08-27,02-27-29,Thursday
320044976732,44741426,streamerhouse,1441208453,Once Human,668,2026-08-24T22:25:56Z,en,"['Marathon', 'AlwaysOn', 'Subathon', 'StreamerHouse', 'English', '24hr', '247Stream', 'gaming', 'LGBTQ', 'DropsEnabled']",2026-08-27,02-27-29,Thursday
318230632679,183714759,doctorio,18122,World of Warcraft,668,2026-08-26T11:59:55Z,de,"['PvE', 'Tutorial', 'Guides', 'Endgame', 'Beginner', 'Education', 'German', 'English', 'Youtube', 'Deutsch']",2026-08-27,02-27-29,Thursday
318742587510,99765615,k13tv,29595,Dota 2,668,2026-08-26T10:59:16Z,pt,"['Português', 'Competitivo', 'English', 'Competitive', 'Ranked', 'music', 'gamer', 'Esports', 'react']",2026-08-27,02-27-29,Thursday
318990868311,95416766,frostprime,517568,Peglin,668,2026-08-26T14:55:07Z,en,"['English', 'ProtectTheDolls', 'PoliticsAllowed', 'CouchEnthusiast', 'BTierStreamer', 'MiddleClassStreamer', 'EVILTransTuesday', 'GodGamer', 'LurkerDestroyer']",2026-08-27,02-27-29,Thursday
316725038037,140326942,mrgrifonio,491487,Dead by Daylight,666,2026-08-26T19:03:42Z,ru,"['Русский', 'dbd', 'deadbbydaylight', 'хоррор', 'дбд', 'MrGrifonio', 'DropsВключены']",2026-08-27,02-27-29,Thursday
318432358886,178600210,elmurorosa,509658,Just Chatting,664,2026-08-26T16:22:15Z,ro,['Română'],2026-08-27,02-27-29,Thursday
318232545255,22712717,tortedelini,1623306862,1666: Amsterdam,664,2026-08-26T15:16:36Z,en,"['English', 'BackseatingAllowed', 'gorgc', 'tortedelini', 'm', 'mortalshell2', 'DropsEnabled']",2026-08-27,02-27-29,Thursday
320065399260,190761380,somjuu,1264310518,Marvel Rivals,663,2026-08-26T14:01:04Z,en,"['black', 'drops', 'Anime', 'English', 'blackpanther', 'DareDevil', 'spiderman', 'DropsEnabled', 'kaicenat']",2026-08-27,02-27-29,Thursday
317596669667,413094491,pinqeu,33214,Fortnite,663,2026-08-26T15:31:14Z,en,['English'],2026-08-27,02-27-29,Thursday
320106185440,426101693,w0n23,417528,Albion Online,662,2026-08-26T15:35:52Z,en,"['English', 'MMORPG', 'DropsEnabled']",2026-08-27,02-27-29,Thursday
318992885207,635622784,only_a_squid,27471,Minecraft,662,2026-08-26T19:04:49Z,en,"['English', 'lifestealworld', 'minecraft', 'lifestealseason8', 'lifesteal']",2026-08-27,02-27-29,Thursday
318433634918,118977300,viggomagiccc,32399,Counter-Strike,662,2026-08-26T17:59:23Z,da,['Dansk'],2026-08-27,02-27-29,Thursday
316751914198,123721524,juicy,491168,Clash Royale,662,2026-08-26T18:19:58Z,en,"['ADHD', 'English', 'Ranked', 'Strategy', 'chill', 'goodevibes', 'Educational', 'topladder', 'funny']",2026-08-27,02-27-29,Thursday
317597026147,140935328,lilithomen,491487,Dead by Daylight,661,2026-08-26T16:08:14Z,en,"['Englísh', 'Horror', 'Blight', 'funny', 'Blight', 'deadbbydaylight', 'English', 'TwitchFrightFest', 'DropsEnabled']",2026-08-27,02-27-29,Thursday
318371159397,135558945,mortenroyale,491168,Clash Royale,660,2026-08-26T19:09:22Z,de,['Deutsch'],2026-08-27,02-27-29,Thursday
316368989938,833682125,rosecpin9,1036710512,Palworld,659,2026-08-26T03:32:08Z,ja,['日本語'],2026-08-27,02-27-29,Thursday
318432742374,170825002,yoclesh,509658,Just Chatting,659,2026-08-26T16:55:13Z,en,"['Anime', 'Artist', 'Vocalist', 'Oni', 'Lurk', 'English', 'vtuber', 'Singing']",2026-08-27,02-27-29,Thursday
318430517222,514473492,gwizdakk,32399,Counter-Strike,659,2026-08-26T13:18:57Z,pl,['Polski'],2026-08-27,02-27-29,Thursday
317586393956,427828010,shinii,509658,Just Chatting,659,2026-08-26T17:47:32Z,fr,['Français'],2026-08-27,02-27-29,Thursday
316723844181,1039737089,by_ansi,32399,Counter-Strike,656,2026-08-26T16:44:07Z,ru,"['Englsih', 'Русский']",2026-08-27,02-27-29,Thursday
317585674596,48624276,hawnie,509672,IRL,655,2026-08-26T16:26:33Z,fr,['Français'],2026-08-27,02-27-29,Thursday
318992474327,104632789,zemie,33214,Fortnite,655,2026-08-26T18:13:50Z,en,"['English', 'Fortnite', 'Tournament', 'Zemie', 'DropsEnabled']",2026-08-27,02-27-29,Thursday
318806318837,753185115,domm1_,32399,Counter-Strike,654,2026-08-26T16:25:43Z,pt,['Português'],2026-08-27,02-27-29,Thursday
316427679603,1023243630,mikami_kon,1036710512,Palworld,654,2026-08-26T12:54:48Z,ja,"['Vtuber', '日本語', 'valorant', 'スト6']",2026-08-27,02-27-29,Thursday
318991316055,23460970,lethalfrag,1414860634,The Binding of Isaac: Repentance,652,2026-08-26T15:59:53Z,en,"['Relaxation', 'Enjoyment', 'Cats', 'Calming', 'Indie', 'Gaming', 'ClosedCaptions', 'CC', 'CleanScreen', 'English']",2026-08-27,02-27-29,Thursday
317562550114,58074830,josplay,1597660489,RESIDENT EVIL: requiem,650,2026-08-26T17:58:10Z,fr,"['challenge', 'amour', 'paix', 'lovebait', 'Français']",2026-08-27,02-27-29,Thursday
318369520485,1101819135,arianakiss_,1131336879,Black Russia,650,2026-08-26T17:25:23Z,ru,"['болталка', 'БолтаемСЧатиком', 'Русский', 'мблл', 'VALORONAT', 'ApexLedends', 'blackrassia']",2026-08-27,02-27-29,Thursday
321057526105,460930758,decu,499634,Crypto,649,2026-08-26T13:02:09Z,en,['English'],2026-08-27,02-27-29,Thursday
321122401370,136167902,mactics,497057,Destiny 2,649,2026-08-26T16:48:42Z,en,['English'],2026-08-27,02-27-29,Thursday
318233991655,94606599,teamkrado,32502,World of Warships,648,2026-08-26T17:09:04Z,de,"['PVP', 'Hardcore', 'FUN', 'Deutsch', 'DropsAktiviert']",2026-08-27,02-27-29,Thursday
316721847381,790796770,ttobias_lol,21779,League of Legends,647,2026-08-26T11:55:10Z,pl,"['Polski', 'English', 'zed', 'OTP', 'Hardstyle', 'Midlane', 'Coaching', 'leagueoflegends', 'Challenger', 'music']",2026-08-27,02-27-29,Thursday
318233801191,122639650,j0j0c69,21779,League of Legends,645,2026-08-26T16:56:54Z,en,['English'],2026-08-27,02-27-29,Thursday
317586045028,86579979,sefirotks,491487,Dead by Daylight,645,2026-08-26T17:08:04Z,es,"['Español', 'DropsActivados']",2026-08-27,02-27-29,Thursday
319973208030,216161144,imexile,18122,World of Warcraft,645,2026-08-26T17:21:01Z,en,"['English', 'DropsEnabled']",2026-08-27,02-27-29,Thursday
316751343702,489851827,para1elenn,32399,Counter-Strike,641,2026-08-26T17:24:02Z,ru,"['Русский', 'Угар', 'мемы', 'Киберспорт', 'юмор', 'cs', '10лвл', 'завоз', 'strogo']",2026-08-27,02-27-29,Thursday
316725024597,96757582,paverpapa,509658,Just Chatting,641,2026-08-26T19:01:47Z,ru,"['Русский', 'paver', 'павер', 'реакции', 'Russian', 'юмор', 'Новости', 'хоррор', 'LetsPlay', 'vibe']",2026-08-27,02-27-29,Thursday
318371015269,60336811,gioee,509658,Just Chatting,640,2026-08-26T19:00:14Z,it,"['ospiti', 'Italiano', 'gioee', 'storielle', 'justchatting', 'salotto', 'gioeebanda', 'LGBTQ', 'appuntamento', 'INTRATTENIMENTO']",2026-08-27,02-27-29,Thursday
317562086114,819767825,legoml,494184,Mobile Legends: Bang Bang,639,2026-08-26T17:11:32Z,ru,"['Русский', 'mlbb']",2026-08-27,02-27-29,Thursday
317979463512,62186098,flip_switch,31339,Project Zomboid,639,2026-08-26T15:54:55Z,en,"['Solo', 'Zombies', 'english', 'hardcore', 'Gaming', 'English']",2026-08-27,02-27-29,Thursday
318234294375,61974931,leynainu,509659,ASMR,638,2026-08-26T17:31:31Z,en,"['egirl', 'mommy', 'asmr', 'earlicking', 'chatty', 'AMA', 'English']",2026-08-27,02-27-29,Thursday
318806144757,39152815,clovaobengala,852009328,Mistfall Hunter,637,2026-08-26T15:48:25Z,pt,['Português'],2026-08-27,02-27-29,Thursday
321224490587,30080840,tsm_theoddone,21779,League of Legends,636,2026-08-26T15:08:15Z,en,['English'],2026-08-27,02-27-29,Thursday
321121149658,132563423,firedancer,509658,Just Chatting,636,2026-08-26T14:36:13Z,en,"['egirl', 'dancing', 'asmr', 'ADHD', 'English', 'hottub', 'Princess', 'Goddess', 'findom', 'Anime']",2026-08-27,02-27-29,Thursday
316723788245,23050280,ghazzytv,1898040946,How to Fish,632,2026-08-26T16:36:50Z,en,['English'],2026-08-27,02-27-29,Thursday
318990766039,13576693,frodan,513143,Teamfight Tactics,632,2026-08-26T14:39:01Z,en,"['English', 'lilia', 'Unlucky', 'unemployed', 'DadGamer']",2026-08-27,02-27-29,Thursday
318430523622,30805171,srserpiente,1623306862,1666: Amsterdam,632,2026-08-26T13:19:53Z,es,"['Español', 'srserpiente', 'survival', 'survivalgame', 'dayz', 'arma3', 'southpark', 'subnautica2', '007firstlight']",2026-08-27,02-27-29,Thursday
321122584026,244693730,sardaco,459931,Old School RuneScape,631,2026-08-26T17:04:39Z,en,"['English', 'ironman']",2026-08-27,02-27-29,Thursday
317563380962,30023985,garryschool,18846,Garry's Mod,630,2026-08-26T19:01:08Z,fr,"['darkrp', 'gmod', 'garrysmod', 'garryschool', 'rp', 'roleplay', 'Français']",2026-08-27,02-27-29,Thursday
321123097946,54138936,moarf23,493997,Super Mario Odyssey,630,2026-08-26T17:55:05Z,en,"['speedrun', 'challenge', 'Mario', 'Lomster', 'English']",2026-08-27,02-27-29,Thursday
317320675959,44923106,imfiredup,18122,World of Warcraft,626,2026-08-26T18:31:02Z,en,"['English', 'DropsEnabled']",2026-08-27,02-27-29,Thursday
315974238547,516424812,noarmwhatley,21779,League of Legends,626,2026-08-26T17:24:15Z,en,"['British', 'TahmKench', 'Submissive', 'Femboy', 'English', 'frogs', 'Vtuber', 'frog', 'peppapig']",2026-08-27,02-27-29,Thursday
321122276186,114519775,xclyde,2104758320,The First Descendant,625,2026-08-26T16:36:28Z,en,"['English', 'xClyde', 'gsxrclyde', 'DropsEnabled', 'thefirstdescendant']",2026-08-27,02-27-29,Thursday
318369259493,1323076838,lightweightlena,509658,Just Chatting,625,2026-08-26T17:07:00Z,de,"['Deutsch', 'VibingWithChat', 'MentalHealh', 'SafeSpace', 'gamingstreaming', 'reactions', 'TalksToChat', 'Deeptalk', 'fitness', 'fun']",2026-08-27,02-27-29,Thursday
317597050723,89589433,fana,32982,Grand Theft Auto V,625,2026-08-26T16:10:42Z,fr,"['Français', 'JL', 'Joblife', 'fana', 'RP', 'FlashbackWL', 'flashbackrp']",2026-08-27,02-27-29,Thursday
318233841767,510756816,eltheodoro0,509658,Just Chatting,625,2026-08-26T16:59:33Z,de,"['justchatting', 'Deutsch', 'theo']",2026-08-27,02-27-29,Thursday
318371120229,467161807,ricborr,33214,Fortnite,624,2026-08-26T19:06:27Z,it,"['Italiano', 'English']",2026-08-27,02-27-29,Thursday
315930249681,43490326,misslollypopsims,369252,The Sims 4,621,2026-08-26T17:42:52Z,en,"['British', 'Female', 'English', 'Cozy', 'moderated', 'Chıll', 'Modded']",2026-08-27,02-27-29,Thursday
316794357460,839776294,stroganov,491487,Dead by Daylight,621,2026-08-26T15:44:31Z,ru,"['русский', 'сурвомейн', 'мемы', 'Русский', 'DropsВключены']",2026-08-27,02-27-29,Thursday
318369710949,179279586,kertus,32982,Grand Theft Auto V,620,2026-08-26T17:37:12Z,it,"['Italiano', 'gta5', 'kertus', 'fivem', 'imperorp', 'impero', 'anc', 'gtaonline', 'Roleplay']",2026-08-27,02-27-29,Thursday
318421402342,221114625,xyzoom,27471,Minecraft,619,2026-08-25T16:18:44Z,de,['Deutsch'],2026-08-27,02-27-29,Thursday
321122999258,465079079,mariabagatti,509658,Just Chatting,619,2026-08-26T17:45:12Z,en,"['English', 'gymgirl', 'fitness', 'workout']",2026-08-27,02-27-29,Thursday
320066606812,81628627,gladd,491189,Scrap Mechanic,618,2026-08-26T16:30:43Z,en,"['English', 'Relatable', 'Chill', 'ChallengeRun', 'Unfiltered']",2026-08-27,02-27-29,Thursday
321225807323,97672683,captain_domo,1832841853,Mortal Shell II,618,2026-08-26T17:01:53Z,en,['English'],2026-08-27,02-27-29,Thursday
317586905700,598300995,barnabestpasouf,509658,Just Chatting,618,2026-08-26T18:32:57Z,fr,"['manga', 'react', 'anime', 'Inazuma', 'Eleven', 'Français']",2026-08-27,02-27-29,Thursday
319973436382,105826363,solarbacca,21779,League of Legends,617,2026-08-26T17:46:42Z,en,"['English', 'leagueoflegends', 'gangplank', 'Challenger', 'handsome', 'humble', 'ExtremelyHumble', 'Educational', 'EducationalStream']",2026-08-27,02-27-29,Thursday
317980365656,563807568,heyyouvideogame,515025,Overwatch,614,2026-08-26T19:07:51Z,en,"['English', 'RP', 'duostream', 'duo', 'Roleplay', 'philosophical', 'Gimmick', 'Juiceman', 'Lemon', 'Lemonsmith']",2026-08-27,02-27-29,Thursday
319971120094,404368237,rizzootherat,509658,Just Chatting,612,2026-08-26T13:02:03Z,en,"['English', 'hellletloose']",2026-08-27,02-27-29,Thursday
317562539106,180818668,idkbutimleila,27471,Minecraft,610,2026-08-26T17:57:19Z,fr,['Français'],2026-08-27,02-27-29,Thursday
317595302755,18887776,moman,491931,Escape from Tarkov,609,2026-08-26T12:59:32Z,fr,"['Français', 'escapefromtarkov', 'EFT', 'tarkov', 'fps', 'CS', 'RP', 'gta', 'valorant']",2026-08-27,02-27-29,Thursday
315997306601,906723758,theboxlily,1898040946,How to Fish,609,2026-08-26T17:05:44Z,zh,"['唱歌', '森森鈴蘭', 'Vtuber', '中文']",2026-08-27,02-27-29,Thursday
317562112098,407204019,kinkymation,509658,Just Chatting,608,2026-08-26T17:14:14Z,en,"['English', 'review', 'CharaterDesign', 'Variety', 'artist']",2026-08-27,02-27-29,Thursday
317980149720,97570759,suto,509658,Just Chatting,607,2026-08-26T18:21:58Z,en,"['English', 'Vtuber', 'VtuberEN', 'ADHD', 'gothgirl', 'artist', 'art', 'Anime', 'tattoo', 'LGBTQ']",2026-08-27,02-27-29,Thursday
318234464231,97599849,theohs_,138585,Hearthstone,606,2026-08-26T17:44:53Z,en,"['English', 'Dutch']",2026-08-27,02-27-29,Thursday
318231071335,98827681,tankelit,27546,World of Tanks,606,2026-08-26T12:51:17Z,hu,"['Magyar', 'DropokEngedélyezve']",2026-08-27,02-27-29,Thursday
316721465301,141151400,pa1ze,516575,VALORANT,604,2026-08-26T10:37:42Z,en,"['English', 'valorant', 'Ranked', 'radiant', 'danish', 'duelist', 'fps', 'shooter', 'Joblife']",2026-08-27,02-27-29,Thursday
321122755162,86654766,gutfoxx,670138298,Madden NFL 27,603,2026-08-26T17:21:59Z,en,['English'],2026-08-27,02-27-29,Thursday
316793967828,114103239,kati,509658,Just Chatting,603,2026-08-26T14:50:17Z,ru,"['Русский', 'Перекаты', 'Кринж']",2026-08-27,02-27-29,Thursday
320067764828,56582404,chrismelberger,515025,Overwatch,603,2026-08-26T18:26:34Z,en,"['Loud', 'AlwaysHasBeen', 'English', 'GrownMan', 'BetterThanSamiAtFortnite', 'OldButStillChillLowkey', 'neatdude', 'NoBackseating', 'Unc']",2026-08-27,02-27-29,Thursday
321218000347,175370341,veronika,509659,ASMR,601,2026-08-26T02:08:36Z,en,"['girly', 'cozy', 'softspoken', 'asmr', 'food', 'veefroggy', 'English']",2026-08-27,02-27-29,Thursday
317596937955,245702004,theambear,27471,Minecraft,601,2026-08-26T16:00:09Z,en,"['Chatty', 'Cozy', 'ADHD', 'LGBTQIA', 'English', 'minecraft', 'gaming', 'smp', 'theflightsmp']",2026-08-27,02-27-29,Thursday
316724287317,117995626,usachman,509663,Special Events,600,2026-08-26T17:33:31Z,uk,"['Українська', 'Україна', 'Українською', 'Ukraine', 'UA', 'Ukrainian', 'Одеса', 'Миколаїв', 'Ігри']",2026-08-27,02-27-29,Thursday
321107035098,145790518,cashout,602040818,NBA 2K27,596,2026-08-25T15:30:29Z,en,"['English', 'DropsEnabled']",2026-08-27,02-27-29,Thursday
318992816983,946448608,heyarcher_,509658,Just Chatting,596,2026-08-26T18:58:06Z,en,['English'],2026-08-27,02-27-29,Thursday
318742461814,484136594,massroon,19619,Tibia,595,2026-08-26T10:01:36Z,pt,"['Português', 'MMORPG', 'Gostoso', 'Orebound', 'pxg']",2026-08-27,02-27-29,Thursday
317561576546,530742890,xzaka_,491487,Dead by Daylight,595,2026-08-26T16:20:11Z,en,"['English', 'Español', 'Educational', 'CompDBD', 'DAMONSTA', 'Competitive', 'DropsEnabled']",2026-08-27,02-27-29,Thursday
317561904354,41879247,ernesbarbeq,509658,Just Chatting,595,2026-08-26T16:53:30Z,es,"['barbe', 'ADC', 'Español']",2026-08-27,02-27-29,Thursday
320107853664,605677008,wasianiverson,513143,Teamfight Tactics,594,2026-08-26T18:10:23Z,en,['English'],2026-08-27,02-27-29,Thursday
316723911125,187291155,ylus,491931,Escape from Tarkov,593,2026-08-26T16:52:37Z,ru,['Русский'],2026-08-27,02-27-29,Thursday
320104976352,174754672,prod,516575,VALORANT,593,2026-08-26T12:25:20Z,en,"['PROD', 'English']",2026-08-27,02-27-29,Thursday
318877338228,117411572,strakatv,32399,Counter-Strike,593,2026-08-26T15:37:22Z,es,['Español'],2026-08-27,02-27-29,Thursday
318370912997,157636141,tommykaylive,32742,Kerbal Space Program,592,2026-08-26T18:54:19Z,en,"['English', 'History', 'Comedy', 'Variety', 'gaming', 'Chatty', 'ADHD', 'Roleplay']",2026-08-27,02-27-29,Thursday
319959608926,752742297,seoi1016,509658,Just Chatting,592,2026-08-25T16:55:52Z,ko,"['한국어', 'English', '中文', 'Asian', '日本語', 'Русский', 'Dance', 'kpop', 'korean', '드롭활성화됨']",2026-08-27,02-27-29,Thursday
318432169830,503630305,anastasia_rose_official,1669431183,DJs,592,2026-08-26T16:05:28Z,de,"['Party', 'Love', 'Deutsch', 'music', 'DJLivemix', 'DJ', 'Techno', 'DJANE', 'djmixset', 'House']",2026-08-27,02-27-29,Thursday
319974175326,259426703,shiftytv,512710,Call of Duty: Warzone,591,2026-08-26T19:05:53Z,en,"['solo', 'sniping', 'english', 'hispanic', 'LFT', 'controller', 'adhd', 'English']",2026-08-27,02-27-29,Thursday
321224678747,102321416,playzonecz,32399,Counter-Strike,588,2026-08-26T15:31:46Z,cs,"['Čeština', 'Esports', 'Esport', 'cs', 'counterstrike2', 'counterstrike', 'CounterStriker2']",2026-08-27,02-27-29,Thursday
317586741348,185046594,callumfromthecorner,32982,Grand Theft Auto V,588,2026-08-26T18:18:00Z,en,"['English', 'HomeOfWittyBanter']",2026-08-27,02-27-29,Thursday
316360564593,77813460,piper729,516575,VALORANT,588,2026-08-26T11:29:49Z,zh,"['烏克麗麗', '中文', 'English', 'girl']",2026-08-27,02-27-29,Thursday
317595088867,72982747,pokerstarsespanol,488190,Poker,587,2026-08-26T12:32:33Z,es,['Español'],2026-08-27,02-27-29,Thursday
320065550044,434291754,juicyjohns,512710,Call of Duty: Warzone,587,2026-08-26T14:24:28Z,en,"['English', 'rebirth', 'juicyjohns', 'camy', 'jynxzi', 'warzone', 'kaicenat', 'Giveaways', 'swagg']",2026-08-27,02-27-29,Thursday
318432542310,189057084,b0dik99,1294658629,R.E.P.O.,586,2026-08-26T16:38:03Z,ru,"['Русский', 'solo', 'PerfectWorld', 'MF', 'DropsВключены']",2026-08-27,02-27-29,Thursday
315996206953,843895584,yukkkkiouo,491931,Escape from Tarkov,586,2026-08-26T11:11:31Z,zh,"['中文', 'Vtuber', '台V']",2026-08-27,02-27-29,Thursday
316724110677,452051715,shoxxie__,32982,Grand Theft Auto V,585,2026-08-26T17:12:55Z,ru,['Русский'],2026-08-27,02-27-29,Thursday
316749580758,53649632,naowh,18122,World of Warcraft,584,2026-08-26T13:37:13Z,en,"['PvE', 'MDI', 'TGP', 'Retail', 'Raid', 'Tanking', 'English', 'Dungeons', 'ClassicEra', 'worldofwarcraft']",2026-08-27,02-27-29,Thursday
318990789591,36976465,divios,386821,Black Desert,583,2026-08-26T14:42:21Z,en,"['English', 'Vtuber', 'Furry', 'DropsEnabled']",2026-08-27,02-27-29,Thursday
318365773925,59573061,detdert,21779,League of Legends,582,2026-08-26T12:03:23Z,en,['English'],2026-08-27,02-27-29,Thursday
321058521177,417264303,glizz,602040818,NBA 2K27,581,2026-08-26T15:40:26Z,en,"['English', 'DropsEnabled']",2026-08-27,02-27-29,Thursday
320107810144,153092092,crackly,33214,Fortnite,581,2026-08-26T18:06:22Z,en,"['English', 'Fortnite', 'ZeroBuild', 'crackly']",2026-08-27,02-27-29,Thursday
318235461991,1357876168,chanceryx,498566,Slots,578,2026-08-26T18:53:44Z,en,['English'],2026-08-27,02-27-29,Thursday
316020172778,166432564,doodooqvvq,491931,Escape from Tarkov,577,2026-08-26T14:49:56Z,zh,['中文'],2026-08-27,02-27-29,Thursday
319973352158,22186976,hcjustin,509658,Just Chatting,576,2026-08-26T17:36:48Z,en,['English'],2026-08-27,02-27-29,Thursday
319972902366,47391636,octane,511224,Apex Legends,576,2026-08-26T16:47:24Z,en,['English'],2026-08-27,02-27-29,Thursday
316019481834,1047145019,mayj0501,516575,VALORANT,575,2026-08-26T11:23:51Z,zh,"['中文', '魔法師', '暴言系', '手手', '打瓦裏人格', '躁躁人', 'Vtuber', '怪人']",2026-08-27,02-27-29,Thursday
318370801509,152769289,ubietoo,518203,Sports,575,2026-08-26T18:46:53Z,es,"['Español', 'mundial2026', 'deportes', 'fútbol']",2026-08-27,02-27-29,Thursday
316794880596,144663813,es4xtank,18122,World of Warcraft,575,2026-08-26T16:50:50Z,ru,"['csgo', 'Победитель', 'тигр', 'Шоу', 'Турниры', 'Киберспорт', 'ДЕД', 'ТОП', 'Русский', 'интересный']",2026-08-27,02-27-29,Thursday
318235463271,1357403836,handblood1,1346169551,Casino Simulator,572,2026-08-26T18:53:48Z,en,['English'],2026-08-27,02-27-29,Thursday
321122874970,542401178,kingailton,509658,Just Chatting,572,2026-08-26T17:33:00Z,de,['Deutsch'],2026-08-27,02-27-29,Thursday
318434385382,1348653834,socialskibi,498566,Slots,571,2026-08-26T18:53:39Z,en,['English'],2026-08-27,02-27-29,Thursday
316751015638,180406134,sist1m,32982,Grand Theft Auto V,571,2026-08-26T16:53:01Z,ru,"['Русский', 'Allegri', 'Majestic', 'gta5rp', 'гта5рп', 'Шизофрения']",2026-08-27,02-27-29,Thursday
316793380180,69323922,renmen1,138585,Hearthstone,570,2026-08-26T13:16:14Z,ru,['Русский'],2026-08-27,02-27-29,Thursday
318233493607,429002374,lyritvjamie,1429246898,A Weird Game About Sausage,570,2026-08-26T16:32:01Z,de,"['Deutsch', 'Elefantenmindset', 'Regisseur', 'VerrückterKönig']",2026-08-27,02-27-29,Thursday
317597255395,154054375,catboat,509658,Just Chatting,570,2026-08-26T16:32:13Z,fr,"['MaleVtuber', 'femboy', 'LGBT', 'Furry', 'Vtuber', 'vrchat', 'Français', 'vtuberfr', 'VtuberEN', 'Autisme']",2026-08-27,02-27-29,Thursday
321226641755,158577991,carmen,32982,Grand Theft Auto V,570,2026-08-26T18:10:41Z,en,"['English', 'rp', 'cringe', 'woman', 'toxic', 'feet']",2026-08-27,02-27-29,Thursday
318877275508,412088077,rodrigobugado,19619,Tibia,566,2026-08-26T15:21:33Z,pt,['Português'],2026-08-27,02-27-29,Thursday
317560810722,522351847,xurreriaivette,509667,Food & Drink,566,2026-08-26T15:03:31Z,es,"['español', 'Español', 'churros', 'Porras', 'Crepes', 'Gofres', 'nutella', 'foodtruck', 'verano']",2026-08-27,02-27-29,Thursday
318234537063,564097111,bvb_official,394821599,Soccer,566,2026-08-26T17:50:35Z,de,"['Deutsch', 'BVB']",2026-08-27,02-27-29,Thursday
316791798996,108010031,likainenharritv,509672,IRL,564,2026-08-26T08:34:50Z,fi,"['Suomi', 'IRL', 'Dysfasia', 'English', 'Lapland', 'gamer', 'Finland', 'laavu', 'summer', 'magnetfishing']",2026-08-27,02-27-29,Thursday
316795326548,1004884309,beetle_purple,80607,Elite: Dangerous,564,2026-08-26T17:38:42Z,ru,"['Vtuber', 'Витубер', 'Русский', 'suport']",2026-08-27,02-27-29,Thursday
317586151524,151874024,rhobalas_lol,21779,League of Legends,563,2026-08-26T17:20:34Z,fr,"['Français', 'Fin', 'Frérot', 'C', 'Sad', 'VelKoz', 'Geometre', 'TCG']",2026-08-27,02-27-29,Thursday
321120887130,30573404,pohx,416015,Hero Siege,563,2026-08-26T13:50:00Z,en,"['English', 'Teaching', 'ARPG', 'RPG', 'Interactivewithchat', 'PathofExile', 'DropsEnabled']",2026-08-27,02-27-29,Thursday
315456122351,139482710,kant0211,516575,VALORANT,562,2026-08-26T14:14:12Z,zh,"['中文', '動作', 'fps']",2026-08-27,02-27-29,Thursday
319972047838,153725467,quavoquavox,602040818,NBA 2K27,561,2026-08-26T15:26:49Z,en,"['Aitum', 'English']",2026-08-27,02-27-29,Thursday
316426628595,497825111,yoichi_0v0,516575,VALORANT,560,2026-08-26T09:03:35Z,ja,"['日本語', '雑談', 'ゲーム雑談', 'アドバイス禁止', 'art']",2026-08-27,02-27-29,Thursday
317597987811,58172663,scoot1994,32982,Grand Theft Auto V,559,2026-08-26T17:50:32Z,fr,['Français'],2026-08-27,02-27-29,Thursday
317979785944,58365850,noodlewolfvt,509659,ASMR,558,2026-08-26T17:03:53Z,en,"['Vtuber', 'ASMR', 'Woman', 'girl', 'mommy', 'English', 'feet', 'Autism', 'girlfailure', 'DeadWeight']",2026-08-27,02-27-29,Thursday
317562021474,596232487,bek1ng,512710,Call of Duty: Warzone,556,2026-08-26T17:04:17Z,fr,"['Warzone', 'Français']",2026-08-27,02-27-29,Thursday
318235464551,1357391434,luckyv1olet,599619814,Casino Jackpot,556,2026-08-26T18:53:53Z,en,['English'],2026-08-27,02-27-29,Thursday
321058222937,166901339,sparkles_qt,33214,Fortnite,556,2026-08-26T15:01:24Z,en,"['English', 'HeadphoneWarning', 'Fortnite', 'ScreamQueen', 'LoudAF', 'BestMods', '100thieves']",2026-08-27,02-27-29,Thursday
317586746724,21080562,mrbboy45,32399,Counter-Strike,555,2026-08-26T18:18:36Z,fr,['Français'],2026-08-27,02-27-29,Thursday
316724003285,179760322,spr_poker,488190,Poker,555,2026-08-26T17:01:48Z,ru,['Русский'],2026-08-27,02-27-29,Thursday
316428826483,47250099,xargon0731,602040818,NBA 2K27,554,2026-08-26T17:37:00Z,zh,['中文'],2026-08-27,02-27-29,Thursday
318743944310,1117012382,daronco01,32399,Counter-Strike,554,2026-08-26T17:04:29Z,pt,['Português'],2026-08-27,02-27-29,Thursday
316722324821,40733337,mariachi,29595,Dota 2,553,2026-08-26T13:19:56Z,ru,"['Русский', 'dota2', 'дота2', 'ProfessionalGamer', 'pro']",2026-08-27,02-27-29,Thursday
318877202292,908202927,puggzao,32399,Counter-Strike,553,2026-08-26T15:03:35Z,pt,"['slots', 'cs2', 'fivem', 'valorant', 'Português']",2026-08-27,02-27-29,Thursday
318418568294,632543201,szzalony,516575,VALORANT,553,2026-08-25T11:19:23Z,pl,['Polski'],2026-08-27,02-27-29,Thursday
318433118950,53190635,sebo,31339,Project Zomboid,552,2026-08-26T17:21:29Z,de,"['Deutsch', 'Roleplay', 'VarietyGaming', 'DropsAktiviert']",2026-08-27,02-27-29,Thursday
318231615207,500047092,haselnuuuss,1623306862,1666: Amsterdam,552,2026-08-26T13:52:51Z,de,"['Deutsch', 'food']",2026-08-27,02-27-29,Thursday
320067482460,488916600,abolishegirls,491487,Dead by Daylight,552,2026-08-26T18:00:26Z,en,"['English', 'woman', 'feet', 'EGirl', 'head', 'shoulders', 'knees', 'toes', 'DropsEnabled']",2026-08-27,02-27-29,Thursday
316372195570,25202416,shuteye_orange,509658,Just Chatting,548,2026-08-26T17:23:45Z,zh,"['中文', '恐怖遊戲', 'Horror', 'horrorgames', '恐怖', '燕雲十六聲', 'wherewindsmeet']",2026-08-27,02-27-29,Thursday
318230204391,24974812,manni2,29307,Path of Exile,548,2026-08-26T11:07:42Z,en,['English'],2026-08-27,02-27-29,Thursday
321227206875,662625895,not_feinberg_kappa,745589378,Balatro,548,2026-08-26T19:00:57Z,en,"['English', 'NoBackseating']",2026-08-27,02-27-29,Thursday
316795607380,113524659,k5kc,21779,League of Legends,548,2026-08-26T18:05:15Z,ru,['Русский'],2026-08-27,02-27-29,Thursday
315475223152,62795573,kmomo_0512,516575,VALORANT,548,2026-08-26T12:59:43Z,zh,"['中文', '貓咪']",2026-08-27,02-27-29,Thursday
320066822364,84845363,distantcoder,1119642287,Yu-Gi-Oh! Master Duel,548,2026-08-26T16:55:39Z,en,['English'],2026-08-27,02-27-29,Thursday
317587391844,725265526,jadenouv,509658,Just Chatting,547,2026-08-26T19:11:33Z,fr,['Français'],2026-08-27,02-27-29,Thursday
321056133849,581721883,lolworldchampionship,21779,League of Legends,547,2026-08-26T07:40:58Z,en,"['rebroadcast', 'LeagueofLegends', 'MSI', 'LoLWorlds', 'English', 'Charity']",2026-08-27,02-27-29,Thursday
316122772204,143313156,alxcooks,499634,Crypto,546,2026-08-26T10:46:33Z,en,['English'],2026-08-27,02-27-29,Thursday
315996252777,564020539,jakeytv,509658,Just Chatting,546,2026-08-26T11:27:38Z,en,"['Horror', 'indiegames', 'Cozy', 'story', 'English', 'Simulator', 'Rerun', 'Australian']",2026-08-27,02-27-29,Thursday
321058256729,72700357,pinkwardlol,21779,League of Legends,545,2026-08-26T15:05:47Z,en,['English'],2026-08-27,02-27-29,Thursday
317585981412,46526453,triplaxion,32982,Grand Theft Auto V,544,2026-08-26T17:01:12Z,fr,"['Français', '2k', 'multigaming', 'StarCitizen', 'horreur', 'Roleplay', 'DropsActivés']",2026-08-27,02-27-29,Thursday
316751172054,45887494,westham,459931,Old School RuneScape,544,2026-08-26T17:07:38Z,en,"['English', 'DMAllstars2', 'Pking', 'osrsbmm']",2026-08-27,02-27-29,Thursday
317598926947,475244483,ferremc,27471,Minecraft,544,2026-08-26T19:02:15Z,en,"['pvp', 'English', 'SMP', 'minecraft', 'mcsr']",2026-08-27,02-27-29,Thursday
318877505908,97333488,africaalbion,417528,Albion Online,543,2026-08-26T16:08:14Z,pt,"['Português', 'English', 'DropsAtivados']",2026-08-27,02-27-29,Thursday
316722496981,62557718,viktorzu,509658,Just Chatting,542,2026-08-26T13:51:03Z,ru,['Русский'],2026-08-27,02-27-29,Thursday
316751429334,68153844,near_you,1393304883,Mir Tankov,541,2026-08-26T17:32:34Z,ru,"['mirtankov', 'миртанков', 'танки', 'nearyou', 'WorldofTanks', 'tanks', 'Русский']",2026-08-27,02-27-29,Thursday
318743412342,908203079,opugzaao,29452,Virtual Casino,541,2026-08-26T15:03:45Z,pt,['Português'],2026-08-27,02-27-29,Thursday
321224790619,183658679,splashy,602040818,NBA 2K27,540,2026-08-26T15:44:31Z,en,['English'],2026-08-27,02-27-29,Thursday
318235501031,51796259,tuberanza,509658,Just Chatting,539,2026-08-26T18:56:21Z,it,"['Italiano', 'gameplay', 'Anime', 'Roleplay', 'GTAⅤ']",2026-08-27,02-27-29,Thursday
317979268824,47485986,sekapoko,513181,Genshin Impact,539,2026-08-26T14:57:25Z,en,"['English', 'DropsEnabled']",2026-08-27,02-27-29,Thursday
318234297319,137761685,busiolol,21779,League of Legends,538,2026-08-26T17:31:42Z,en,['English'],2026-08-27,02-27-29,Thursday
321060645209,229413877,navegreed,1435206302,Slay the Spire II,537,2026-08-26T18:26:49Z,en,['English'],2026-08-27,02-27-29,Thursday
317585653476,75712983,jackfyah,417528,Albion Online,537,2026-08-26T16:24:06Z,es,"['Español', 'PvP', 'MMO', 'MMORPG', 'DudasyRespuestas', 'PvE', 'Gratis', 'DropsActivados']",2026-08-27,02-27-29,Thursday
318430908518,812370801,freyja,570615518,Resonance: A Plague Tale Legacy,535,2026-08-26T14:02:03Z,en,"['English', 'Ciri', 'ADHD', 'Chatty', 'Woman', 'FirstPlaythough', 'Interactive', 'Girl', 'Feet', 'NoBackseatingUnlessAsked']",2026-08-27,02-27-29,Thursday
318991841751,88957496,metaphor,512710,Call of Duty: Warzone,534,2026-08-26T16:55:58Z,en,"['marmot', 'English']",2026-08-27,02-27-29,Thursday
321225771867,26642416,arcus,27284,Retro,533,2026-08-26T16:59:35Z,en,"['Retro', 'FamilyFriendly', 'NES', 'speedrun', 'English']",2026-08-27,02-27-29,Thursday
318434781158,443360331,cooptv,1432155743,Hariti,533,2026-08-26T19:20:47Z,it,"['nospoiler', 'simulator', 'Italiano', 'horrorgames']",2026-08-27,02-27-29,Thursday
321225648347,98340970,stlchessclub,743,Chess,533,2026-08-26T16:49:30Z,en,"['Strategic', 'Action', 'IRL', '1v1', 'Skilled', 'Educational', 'USChessCapital', 'English']",2026-08-27,02-27-29,Thursday
317596821475,1310426148,deliverthefood,509672,IRL,533,2026-08-26T15:47:51Z,en,"['Biking', 'IRL', 'delivery', 'English', 'Cycling', 'Deliveroo', 'UberEats', 'Ebike', 'Guildford']",2026-08-27,02-27-29,Thursday
321123552858,169130874,risshella,1846293708,Fields of Mistria,532,2026-08-26T18:33:54Z,en,"['Bisexual', 'Neurodivergent', 'GoblinQueen', 'LGBTQIAPlus', 'English', 'AuDHD', 'simulationgames', 'ClosedCaptions', 'shellcollector']",2026-08-27,02-27-29,Thursday
318434398694,129631469,9impulse,511224,Apex Legends,532,2026-08-26T18:54:39Z,ru,['Русский'],2026-08-27,02-27-29,Thursday
321124084314,184336761,acie,509658,Just Chatting,532,2026-08-26T19:16:16Z,en,['English'],2026-08-27,02-27-29,Thursday
318234607463,557021359,r3dxvelvet,509658,Just Chatting,530,2026-08-26T17:55:36Z,en,['English'],2026-08-27,02-27-29,Thursday
318992806615,700526126,blukitsune9,509658,Just Chatting,530,2026-08-26T18:57:02Z,en,"['English', 'Woman', 'Travel', 'IRL', 'VarietyGamer', 'girl', 'reaction', 'Friendly', 'tism', 'Crafting']",2026-08-27,02-27-29,Thursday
316794049236,134799723,xkamysh,509658,Just Chatting,529,2026-08-26T15:00:46Z,ru,"['Русский', 'vtuber', 'Furry', 'Аниме', 'девушка', 'втубер']",2026-08-27,02-27-29,Thursday
316724192725,86287071,alfedov,509658,Just Chatting,529,2026-08-26T17:22:34Z,ru,['Русский'],2026-08-27,02-27-29,Thursday
316750870614,1068512592,pinlucky,29452,Virtual Casino,529,2026-08-26T16:35:00Z,ru,"['Русский', 'Украинский']",2026-08-27,02-27-29,Thursday
318876205812,529816497,polex,32399,Counter-Strike,529,2026-08-26T08:54:46Z,pt,['Português'],2026-08-27,02-27-29,Thursday
318369141093,1209791823,dianvegas1,498566,Slots,527,2026-08-26T17:00:16Z,en,['English'],2026-08-27,02-27-29,Thursday
318232423655,64408020,seriumtv,32982,Grand Theft Auto V,527,2026-08-26T15:05:59Z,de,"['Deutsch', 'Roleplay', 'LuckyV', 'Variety', 'Lehrreich', 'Anime', 'Piraten', 'DropsAktiviert']",2026-08-27,02-27-29,Thursday
321224723163,149354845,atl770er,602040818,NBA 2K27,527,2026-08-26T15:36:52Z,en,"['D10', 'Distict10', 'sport', 'reactions', 'English', 'ChillVbes', 'keys2thastreetzRP', 'easportscollegefootball27']",2026-08-27,02-27-29,Thursday
321058527449,153667766,claraatwork,511224,Apex Legends,526,2026-08-26T15:41:11Z,en,['English'],2026-08-27,02-27-29,Thursday
321222987227,450422538,graxy_tv,416015,Hero Siege,526,2026-08-26T11:44:06Z,en,"['HeroSiege', 'PathOfExile', 'DiabloII', 'LastEpoch', 'PD2', 'torchlightinfinite', 'GrimDawn', 'DarkMinimalTechno', 'English', 'DropsEnabled']",2026-08-27,02-27-29,Thursday
318370593893,137106932,jenax,21779,League of Legends,525,2026-08-26T18:32:46Z,de,['Deutsch'],2026-08-27,02-27-29,Thursday
319971147614,144926827,ds_lily,21779,League of Legends,525,2026-08-26T13:07:00Z,en,"['Beef', 'NoSleep', 'Blasting', 'Stalling', 'English', 'Hardcore', 'goth']",2026-08-27,02-27-29,Thursday
318992505047,884338173,ferretsoftware,272263131,"Animals, Aquariums, and Zoos",525,2026-08-26T18:17:51Z,en,"['Ferret', 'Tube', 'Long', 'Wiggler', 'CatSnake', 'Noodle', 'Stinky', 'English']",2026-08-27,02-27-29,Thursday
316724093269,110240192,tsoding,1469308723,Software and Game Development,524,2026-08-26T17:10:49Z,en,"['English', 'ActuallyWritingCode']",2026-08-27,02-27-29,Thursday
318368446949,1152050410,savage7th,29452,Virtual Casino,523,2026-08-26T16:09:04Z,de,"['Germany', 'Deutsch']",2026-08-27,02-27-29,Thursday
321122514522,195166073,hachubby,509672,IRL,523,2026-08-26T16:58:41Z,en,"['English', 'Variety', 'IRL', 'USA', 'gaming', 'korean', 'Cooking', 'music']",2026-08-27,02-27-29,Thursday
318992170839,36221636,stanz,1500238812,King of the Castle,522,2026-08-26T17:35:53Z,en,['English'],2026-08-27,02-27-29,Thursday
316723690837,151731483,danielpetersenpoker,488190,Poker,521,2026-08-26T16:25:34Z,en,"['English', 'poker', 'highstakespoker', 'Strategy', 'NoLimitHoldEm', 'Tournamentpoker', 'Educational', 'learnpoker', 'OnlinePoker', 'chat']",2026-08-27,02-27-29,Thursday
317597245027,1014658168,kentaro_onizuka,1763263,nanos world,521,2026-08-26T16:31:31Z,fr,['Français'],2026-08-27,02-27-29,Thursday
316748475734,849574187,plovv4,29595,Dota 2,521,2026-08-26T10:08:53Z,ru,['Русский'],2026-08-27,02-27-29,Thursday
321123320538,182867055,hollywoodbob,493057,PUBG: BATTLEGROUNDS,520,2026-08-26T18:13:01Z,en,"['English', 'UnPro', 'RockHard', 'FPS', 'BestStreamSniperAccuser', 'BotPounder', 'VoiceActing', 'Funny']",2026-08-27,02-27-29,Thursday
316752258390,936081124,daddylouiss,29452,Virtual Casino,520,2026-08-26T19:00:20Z,ru,['Русский'],2026-08-27,02-27-29,Thursday
318431932774,214982352,eastahh,32399,Counter-Strike,519,2026-08-26T15:46:38Z,en,['English'],2026-08-27,02-27-29,Thursday
316792783188,98867778,dumbsyt,21779,League of Legends,518,2026-08-26T11:35:07Z,en,"['English', 'leagueoflegends', 'autism', 'Furry', 'Vtuber']",2026-08-27,02-27-29,Thursday
318434164070,836843004,rouszztrash,29595,Dota 2,517,2026-08-26T18:36:44Z,ru,['Русский'],2026-08-27,02-27-29,Thursday
318233348711,506611431,mira004,509658,Just Chatting,516,2026-08-26T16:20:42Z,en,"['girls', 'woman', 'chatting', 'princess', 'english', 'magyar']",2026-08-27,02-27-29,Thursday
320106427104,22816432,xwater,13332,Pokémon FireRed/LeafGreen,515,2026-08-26T15:59:31Z,en,"['English', 'gangussy', 'roguemon', 'wetblankets', 'plinko']",2026-08-27,02-27-29,Thursday
318370009445,86339662,einbastien,509658,Just Chatting,515,2026-08-26T17:57:34Z,de,"['Deutsch', 'reaction', 'Staiy', 'Milschbaum', 'trashtv']",2026-08-27,02-27-29,Thursday
316749872854,93820421,geppe,32982,Grand Theft Auto V,514,2026-08-26T14:22:17Z,sv,['Svenska'],2026-08-27,02-27-29,Thursday
318367441509,118291244,conducteir77,491487,Dead by Daylight,513,2026-08-26T14:50:00Z,cs,"['Čeština', 'justcchatting', 'GAMING', 'Simulators', 'FunStreamer', 'MarblesonStream', 'best', 'PovolenéDrops']",2026-08-27,02-27-29,Thursday
316792425300,43578182,f1ashko,1264310518,Marvel Rivals,512,2026-08-26T10:33:54Z,ru,"['Русский', 'DropsВключены']",2026-08-27,02-27-29,Thursday
316796098132,273168831,romank0f,29452,Virtual Casino,512,2026-08-26T19:01:52Z,ru,"['English', 'Русский']",2026-08-27,02-27-29,Thursday
321058393561,140575817,jwantedl,515025,Overwatch,512,2026-08-26T15:22:56Z,en,"['nihowdy', '中文', 'English']",2026-08-27,02-27-29,Thursday
318370903909,886617078,rynal1,498566,Slots,511,2026-08-26T18:53:40Z,en,['English'],2026-08-27,02-27-29,Thursday
315973750483,20502899,metro,2132205352,Deadlock,510,2026-08-26T15:06:06Z,en,"['English', 'Deutsch', 'deadlock', 'Eternus']",2026-08-27,02-27-29,Thursday
318235615591,185460415,poly,13332,Pokémon FireRed/LeafGreen,510,2026-08-26T19:03:28Z,it,"['Italiano', 'testaquadra', 'rubik']",2026-08-27,02-27-29,Thursday
318992473559,635679643,silverrruns,27471,Minecraft,509,2026-08-26T18:13:48Z,en,"['Speedrun', 'English']",2026-08-27,02-27-29,Thursday
317585169380,613526412,maiiser,506415, SEKIRO: SHADOWS DIE TWICE,509,2026-08-26T15:30:06Z,es,"['pareja', 'maii', 'javi', 'Español', 'charlando', 'maiiser', 'leagueoflegends', 'lol', 'Vtuber']",2026-08-27,02-27-29,Thursday
317979633624,58434515,nickc1,18122,World of Warcraft,508,2026-08-26T16:29:38Z,en,"['English', 'DropsEnabled']",2026-08-27,02-27-29,Thursday
316751983446,94512259,antonchaze1993,509658,Just Chatting,508,2026-08-26T18:28:05Z,ru,['Русский'],2026-08-27,02-27-29,Thursday
320106467552,103633966,grinding_gear,8489,Chrono Trigger,507,2026-08-26T16:00:54Z,en,"['FirstPlaythrough', 'English']",2026-08-27,02-27-29,Thursday
318235501927,1376819132,killoress,1506110656,Casino Simulator,506,2026-08-26T18:56:25Z,en,['English'],2026-08-27,02-27-29,Thursday
317598281187,580985449,jizonn,509658,Just Chatting,506,2026-08-26T18:13:24Z,pt,['Português'],2026-08-27,02-27-29,Thursday
318878042740,119611214,sheviii2k,509672,IRL,506,2026-08-26T17:43:25Z,pt,['Português'],2026-08-27,02-27-29,Thursday
321226410587,4123340,angryjoeshow,396745148,Tom Clancy's The Division: Resurgence,505,2026-08-26T17:52:13Z,en,"['BestAlertsOnTwitch', 'Reviews', 'YouTuber', 'Funny', '3CoolGuysLookingForOther', 'CoolGuysWhoWannaHangOut', 'InOurPartyMansion', 'English']",2026-08-27,02-27-29,Thursday
317595868515,30773592,djboucherie,494082,Visage,503,2026-08-26T14:03:51Z,fr,"['humour', 'metal', 'animation', 'gaming', 'énergique', 'Français', 'multigaming', 'animateur', 'HorrorStreamer', 'survivalhorrorgames']",2026-08-27,02-27-29,Thursday
315973196115,137002416,arkvenger_tv,71375,Star Citizen,502,2026-08-26T12:00:19Z,es,"['Español', 'StarCitizen', 'MMO', 'Humo', 'Noticias', 'Inglés']",2026-08-27,02-27-29,Thursday
321058452953,848110685,motherv3,1028198402,Dead Space,502,2026-08-26T15:31:21Z,en,"['English', 'Vtuber', 'ENVtuber', 'Furry', 'flat']",2026-08-27,02-27-29,Thursday
317319933687,132415238,ruetoo,416015,Hero Siege,501,2026-08-26T15:09:03Z,en,"['English', 'DropsEnabled']",2026-08-27,02-27-29,Thursday
318992035159,421560387,itsryanhiga,513143,Teamfight Tactics,501,2026-08-26T17:19:09Z,en,"['english', 'English']",2026-08-27,02-27-29,Thursday
318370034405,763242972,arbnorzcs2,32399,Counter-Strike,501,2026-08-26T17:59:06Z,en,['English'],2026-08-27,02-27-29,Thursday
318434454630,983363590,influsytzy,32982,Grand Theft Auto V,500,2026-08-26T18:58:21Z,ru,"['Русский', 'gta']",2026-08-27,02-27-29,Thursday
319971156446,713951941,dasnerth,516575,VALORANT,499,2026-08-26T13:08:32Z,en,"['English', 'winning', 'PvP', 'valorant', 'radiant', 'pro', 'neon']",2026-08-27,02-27-29,Thursday
319972492510,714227664,walton,1832641890,MLB The Show 26,498,2026-08-26T16:09:11Z,en,"['ADHD', 'USA', 'England', 'English', 'dominican', 'spanish', 'fanum', 'AMP', 'streameruniversity2026', 'D10']",2026-08-27,02-27-29,Thursday
316751634006,207492440,anjouu,27471,Minecraft,498,2026-08-26T17:53:07Z,en,"['English', 'FORSEN', 'MCSR', 'MCSRRANKED', 'SPEEDRUN', 'SPEEDRUNNING', 'HOROBRINE666', 'TOP500', 'TRACERGOAT', 'XQC']",2026-08-27,02-27-29,Thursday
318232450919,719598628,antifa,515214,Politics,496,2026-08-26T15:08:13Z,de,"['Deutsch', 'Politik', 'Reaction', 'IRL', 'Demo', 'Protest', 'Antifa', '161', 'FCKNZS', 'FCKAFD']",2026-08-27,02-27-29,Thursday
316019373930,673082016,iitifox,516575,VALORANT,495,2026-08-26T10:49:02Z,zh,"['中文', 'Vtuber', '稻米米', 'wawa', '狐扯', '值夜選手']",2026-08-27,02-27-29,Thursday
318742426230,105007799,artilh3iro,19619,Tibia,495,2026-08-26T09:46:55Z,pt,"['Português', 'PXGTibia', 'EXQUECE', 'monohunt', 'pxg']",2026-08-27,02-27-29,Thursday
321122146522,49683142,kickstart,493057,PUBG: BATTLEGROUNDS,494,2026-08-26T16:24:17Z,en,"['Pro', 'Pubg', 'Falcons', 'Legend', 'Tgltn', 'English']",2026-08-27,02-27-29,Thursday
320066152924,61765204,xenosysvex,509658,Just Chatting,493,2026-08-26T15:53:13Z,en,"['English', 'bald', 'FFXIV', 'tank']",2026-08-27,02-27-29,Thursday
317561684066,7176704,ghostkai,509663,Special Events,492,2026-08-26T16:30:41Z,en,"['Ally', 'British', 'ASMR', 'Funny', 'AMA', 'Educational', 'deadbydaylight', 'warhammer', 'DeadWeight', 'dbdcreator']",2026-08-27,02-27-29,Thursday
320106357088,856626290,shoomimi,2052719165,Leaf it Alone,491,2026-08-26T15:54:14Z,en,"['Vtuber', 'English', 'ADHD', 'sillymaxxing', 'singing', 'lubbers', 'Bisexual', 'Asian', 'BRAINROT']",2026-08-27,02-27-29,Thursday
316750152918,801094816,1possessed,29595,Dota 2,490,2026-08-26T15:02:18Z,ru,"['Русский', 'Анимемимо', 'Добрый', 'PerfectEnglish', 'Пухлость', 'Качок', 'Битбокс', 'Шепелявость', 'Атлетика', 'Заикания']",2026-08-27,02-27-29,Thursday
318990271575,471317143,lycommit,1910103699,THE FINALS,489,2026-08-26T13:00:09Z,en,"['English', 'thefinals', 'gaming', 'fps', 'pro', 'catgirl', 'DropsEnabled']",2026-08-27,02-27-29,Thursday
317320576631,60672785,robinsongz,513143,Teamfight Tactics,488,2026-08-26T18:09:41Z,en,"['young', 'actuallyold', 'English']",2026-08-27,02-27-29,Thursday
318420925926,1227964961,zarbex_tv,509672,IRL,488,2026-08-25T15:40:13Z,de,['Deutsch'],2026-08-27,02-27-29,Thursday
317596229475,174042680,radossb,33214,Fortnite,487,2026-08-26T14:43:03Z,es,"['Español', 'Fortnite', 'battleroyale']",2026-08-27,02-27-29,Thursday
316795085268,70512874,westmage,32982,Grand Theft Auto V,484,2026-08-26T17:12:47Z,ru,"['Русский', 'RP', 'roleplayer', 'gta', 'rdr2', 'RDR2RP', 'gta5rp']",2026-08-27,02-27-29,Thursday
317562305378,30129096,frankieshideout,65632,DayZ,484,2026-08-26T17:35:15Z,en,['English'],2026-08-27,02-27-29,Thursday
318232752871,500557523,kanczooga,32399,Counter-Strike,484,2026-08-26T15:33:44Z,pl,['Polski'],2026-08-27,02-27-29,Thursday
316751257046,112353016,delta_fix,1282866981,Delta Force,484,2026-08-26T17:15:30Z,ru,"['FPS', 'PVP', 'Русский', 'drops', 'deltaforcehawkops']",2026-08-27,02-27-29,Thursday
320107210592,212682921,bobbypoffgaming,512710,Call of Duty: Warzone,484,2026-08-26T17:01:13Z,en,"['ScarfSquad', '7tv', 'English']",2026-08-27,02-27-29,Thursday
317587502692,190695830,schpood,27471,Minecraft,483,2026-08-26T19:20:57Z,en,"['English', 'minecraft']",2026-08-27,02-27-29,Thursday
316793226836,121826140,bairoghaan,386821,Black Desert,483,2026-08-26T12:48:54Z,en,"['English', 'DropsEnabled']",2026-08-27,02-27-29,Thursday
316723728213,271650044,molodooyq,29595,Dota 2,480,2026-08-26T16:29:22Z,ru,"['Русский', 'Дота', 'Кирюша', '24', 'years', 'KIBERSPORT']",2026-08-27,02-27-29,Thursday
316018794090,86690831,takluz,1751366933,Riftbound,480,2026-08-26T07:44:38Z,th,"['Engisih', 'ภาษาไทย']",2026-08-27,02-27-29,Thursday
318371020389,198633705,andreadel1988,509658,Just Chatting,478,2026-08-26T19:00:32Z,it,"['Italiano', 'reactions']",2026-08-27,02-27-29,Thursday
316794620884,53831525,leffen,2030977008,Avatar Legends: The Fighting Game,478,2026-08-26T16:17:39Z,en,['English'],2026-08-27,02-27-29,Thursday
316792792020,65360359,passatigy,18122,World of Warcraft,477,2026-08-26T11:36:31Z,ru,"['Русский', 'розыгрыш', 'общение', 'drops', 'Аниме', 'Пасатиж', 'dinghaitheoceanpillar', 'keymailer', 'DropsВключены']",2026-08-27,02-27-29,Thursday
318371191909,935417383,gloomkidw,29452,Virtual Casino,476,2026-08-26T19:11:34Z,ru,"['Русский', 'dota2']",2026-08-27,02-27-29,Thursday
317598762851,517098276,julionline_,516575,VALORANT,474,2026-08-26T18:51:49Z,es,"['Español', 'English', 'JuliOnline']",2026-08-27,02-27-29,Thursday
320068426460,160257437,bushwhack18,568403967,The Stalked 3,474,2026-08-26T19:21:08Z,en,['English'],2026-08-27,02-27-29,Thursday
320067138268,144328881,vitacelestine_,509672,IRL,471,2026-08-26T17:26:27Z,es,['Español'],2026-08-27,02-27-29,Thursday
316751360342,217653999,layme,29595,Dota 2,471,2026-08-26T17:25:42Z,ru,['Русский'],2026-08-27,02-27-29,Thursday
318370824805,1042326121,nemajorniyoff,513501,Standoff 2,471,2026-08-26T18:48:42Z,ru,"['Русский', 'nemajorniy']",2026-08-27,02-27-29,Thursday
320106211168,40116005,chey,491487,Dead by Daylight,470,2026-08-26T15:38:18Z,en,"['Vtuber', 'Woman', 'Cozy', 'Ally', 'dolphin', 'English', 'holidayhoopla', 'DropsEnabled']",2026-08-27,02-27-29,Thursday
318744231158,253897840,diogoteiixeira,19619,Tibia,470,2026-08-26T17:54:16Z,pt,['Português'],2026-08-27,02-27-29,Thursday
320067353052,123144239,d00mwake,2748,Magic: The Gathering,469,2026-08-26T17:48:29Z,en,['English'],2026-08-27,02-27-29,Thursday
315947855058,1252027249,tedious_dave,512710,Call of Duty: Warzone,469,2026-08-26T19:19:10Z,en,['English'],2026-08-27,02-27-29,Thursday
316724345813,182324263,lampachmen,509658,Just Chatting,469,2026-08-26T17:40:12Z,ru,['Русский'],2026-08-27,02-27-29,Thursday
318366094949,43780497,blackfireice,513143,Teamfight Tactics,469,2026-08-26T12:40:47Z,pl,"['polski', 'Polski', 'Ranked', 'grind', 'Ladder', 'teamfigttactics', 'TFT']",2026-08-27,02-27-29,Thursday
318432756070,48302777,derkegy,509658,Just Chatting,469,2026-08-26T16:56:07Z,de,"['reaction', 'geilerstream', 'Deutsch', 'challenge', 'epicgamer', 'Horror', 'horrorgames']",2026-08-27,02-27-29,Thursday
321224933595,183234462,disgrazze,512710,Call of Duty: Warzone,468,2026-08-26T15:59:00Z,es,['Español'],2026-08-27,02-27-29,Thursday
315973325267,58541114,anthonydaytv,570615518,Resonance: A Plague Tale Legacy,467,2026-08-26T12:46:55Z,en,"['English', 'UK', 'PlayingWithViewers', 'EASportsFC', 'FC26', 'FUTChampions', 'TeamOfTheWeek', 'TOTW', 'UltimateTeam', 'DropsEnabled']",2026-08-27,02-27-29,Thursday
317596996067,109306231,sixquatre,460630,Rainbow Six Siege,466,2026-08-26T16:05:09Z,fr,"['RainbowSixSiege', 'R6Competitif', 'JeuTactique', 'AnalyseGameplay', 'CoachingLive', 'FPSCompetitif', 'Champion', 'PCGaming', 'StreamerFR', 'EsportFR']",2026-08-27,02-27-29,Thursday
317588544355,129319188,simuverseden,1441208453,Once Human,466,2026-08-25T17:02:43Z,en,"['UbisoftCreatorProgram', 'English', 'Português', 'NeverlesstoEverness', 'RPG', 'magicthegathering', 'cardgame', 'GachaGaming', 'sega', 'DropsEnabled']",2026-08-27,02-27-29,Thursday
317587208292,80877667,strano,509658,Just Chatting,465,2026-08-26T18:58:32Z,fr,['Français'],2026-08-27,02-27-29,Thursday
317586595044,232641514,absizee,29595,Dota 2,465,2026-08-26T18:04:08Z,ru,['Русский'],2026-08-27,02-27-29,Thursday
318743299446,128775333,coreano,513143,Teamfight Tactics,464,2026-08-26T14:29:35Z,pt,['Português'],2026-08-27,02-27-29,Thursday
318366059237,43298229,d1rtyd3vil,1620978378,Water You Doing?,464,2026-08-26T12:36:44Z,de,"['Hardmode', 'Erwachsen', 'Entspannt', 'Deutsch', 'Variety', 'LigaDerHeftigkeiten', 'KeinBackseatGaming', 'KIMusic']",2026-08-27,02-27-29,Thursday
316722549589,193107534,fpssssssssssssssssssss,32399,Counter-Strike,463,2026-08-26T13:59:28Z,ru,"['Русский', 'English', 'csproplayer', 'faceit', 'CS2']",2026-08-27,02-27-29,Thursday
318368280677,60513811,spartiatix,509658,Just Chatting,463,2026-08-26T15:57:42Z,pl,['Polski'],2026-08-27,02-27-29,Thursday
321060515929,130934443,skittlz,460630,Rainbow Six Siege,463,2026-08-26T18:16:00Z,en,['English'],2026-08-27,02-27-29,Thursday
317320019319,699585851,cawcawtv,19976,MapleStory,462,2026-08-26T15:40:50Z,en,['English'],2026-08-27,02-27-29,Thursday
316751299542,133471912,roastedtoast,32982,Grand Theft Auto V,462,2026-08-26T17:19:33Z,da,['Dansk'],2026-08-27,02-27-29,Thursday
316793807316,36912126,gluhammer,1426873999,Heroes of Might & Magic: Olden Era,462,2026-08-26T14:24:57Z,pl,['Polski'],2026-08-27,02-27-29,Thursday
320106675808,45360791,ruflesscat,33214,Fortnite,461,2026-08-26T16:13:46Z,en,"['English', 'Cozy', 'Aliens', 'ｓｏｌｏ', 'Boomer', 'ZeroBuildFortnite', 'DryHumor']",2026-08-27,02-27-29,Thursday
318431994470,591390436,markrei93,1360537919,Titanic Escape Simulator,460,2026-08-26T15:52:24Z,de,"['german', 'Simulator', 'Österreich', 'games', 'Deutsch', 'Austria', 'österreichisch', 'Horror']",2026-08-27,02-27-29,Thursday
316125313132,98894253,3gaming,509658,Just Chatting,460,2026-08-26T19:13:13Z,ar,"['Arabic', 'العربية']",2026-08-27,02-27-29,Thursday
317318378615,48827570,saintone,458353,Darkest Dungeon,460,2026-08-26T06:09:25Z,en,"['English', 'Community', 'of', 'Boomers', 'And', 'Lizard', 'People', 'MAMBO']",2026-08-27,02-27-29,Thursday
318432330342,127040829,anakq,515025,Overwatch,459,2026-08-26T16:19:38Z,ru,['Русский'],2026-08-27,02-27-29,Thursday
321223539547,269140208,tttcheekyttt,516575,VALORANT,459,2026-08-26T13:15:07Z,ja,"['日本語', 'English']",2026-08-27,02-27-29,Thursday
316751368150,823606835,toad_anna,509658,Just Chatting,457,2026-08-26T17:26:30Z,ru,"['Русский', 'vtuber', 'ruvtuber', 'Витьюберы', 'Фемдом', 'Гачимучи', 'Аниме', 'фильм', 'Витубер']",2026-08-27,02-27-29,Thursday
318234108775,601268731,sanhez,509658,Just Chatting,457,2026-08-26T17:18:21Z,ru,"['Майнкрафт', 'Украинский', 'Санчез', 'манипуляция', 'кукловод', 'тёмнаяпсихология', 'сигма', 'Ukraine', 'Русский']",2026-08-27,02-27-29,Thursday
318234826727,1222536093,yaliubka,624536948,EA Sports FC 26,457,2026-08-26T18:08:37Z,uk,"['Українська', 'fc26', 'couch', 'тренер']",2026-08-27,02-27-29,Thursday
318878643444,95443131,beamom,509658,Just Chatting,456,2026-08-26T19:17:02Z,pt,['Português'],2026-08-27,02-27-29,Thursday
317585437156,178619865,ikonic,491487,Dead by Daylight,456,2026-08-26T16:00:06Z,en,"['English', 'German', 'Competitive', 'ihaveaboyfriend', 'DropsEnabled']",2026-08-27,02-27-29,Thursday
318433351910,30209220,liquidhasuobs,32959,Heroes of the Storm,455,2026-08-26T17:38:50Z,en,"['English', 'hasuobs', 'MOBA', 'Ranked']",2026-08-27,02-27-29,Thursday
317561985378,69303923,ragevl_,516575,VALORANT,455,2026-08-26T17:00:56Z,fr,"['Français', 'valorant', 'karminecorp', 'gentlemates', 'futesports', 'DropsEnable', 'DropActive', 'valorantfr']",2026-08-27,02-27-29,Thursday
316750068694,547064977,archiedos,509663,Special Events,455,2026-08-26T14:50:56Z,ru,['Русский'],2026-08-27,02-27-29,Thursday
318235102567,152204957,achhcarlos,1331855755,Darts,454,2026-08-26T18:27:51Z,de,"['Deutsch', 'darts', 'IRL', 'witzig']",2026-08-27,02-27-29,Thursday
321121594970,8843899,quirkitized,19554,iRacing,453,2026-08-26T15:40:08Z,en,['English'],2026-08-27,02-27-29,Thursday
318744209526,128841766,inclutus,509658,Just Chatting,453,2026-08-26T17:50:27Z,de,"['Deutsch', 'Panama', 'Nachrichten', 'Militär', 'Geschichte', 'Ukraine', 'Politik', 'Gaming']",2026-08-27,02-27-29,Thursday
321223857371,409077604,graysfordays,18122,World of Warcraft,452,2026-08-26T13:59:43Z,en,"['wow', 'Classic', 'Hardcore', 'HC', 'English', 'DropsEnabled']",2026-08-27,02-27-29,Thursday
316724529237,1089022911,kanalarnaval,509658,Just Chatting,451,2026-08-26T18:00:37Z,ru,['Русский'],2026-08-27,02-27-29,Thursday
317598770531,246532465,tiagovski555yt,509658,Just Chatting,451,2026-08-26T18:52:21Z,pt,"['Português', 'gta', 'gtarp', 'cs', 'casino', 'simulador', 'imulator', 'casino', 'slots', 'offset']",2026-08-27,02-27-29,Thursday
318433405798,566450150,noto_off,32982,Grand Theft Auto V,450,2026-08-26T17:42:43Z,fr,"['GTARP', 'noto', 'Français', 'fun', 'FlashbackWL']",2026-08-27,02-27-29,Thursday
321225218779,153314610,miltontpike1,509658,Just Chatting,450,2026-08-26T16:15:13Z,en,['English'],2026-08-27,02-27-29,Thursday
317585437796,94219931,david_kyden,509541,Luigi's Mansion 3,450,2026-08-26T16:00:07Z,fr,"['fun', 'chill', 'Français', 'safeplace', 'PasdeSpoil', 'PasdeBackseat', 'switch', 'nintendo']",2026-08-27,02-27-29,Thursday
318878520692,38567373,themamoo,29452,Virtual Casino,450,2026-08-26T18:59:29Z,pt,"['Português', 'English']",2026-08-27,02-27-29,Thursday
318869029492,181077473,gaules,31339,Project Zomboid,450,2026-08-25T16:50:35Z,pt,['Português'],2026-08-27,02-27-29,Thursday
317587103460,778325753,18karattwitch,498566,Slots,449,2026-08-26T18:50:39Z,de,['Deutsch'],2026-08-27,02-27-29,Thursday
320107193824,209428921,joewo,512710,Call of Duty: Warzone,448,2026-08-26T17:00:08Z,en,"['English', 'joewo', 'callofduty']",2026-08-27,02-27-29,Thursday
317583864932,619590001,arthurray,556907291,Cities: Skylines II,448,2026-08-26T13:00:32Z,fr,['Français'],2026-08-27,02-27-29,Thursday
316427763059,407389031,ninja_inui,1898040946,How to Fish,448,2026-08-26T13:06:36Z,ja,"['日本語', 'アドバイス禁止', 'ネタバレ禁止']",2026-08-27,02-27-29,Thursday
317596444003,51958193,niniste,2692,Super Mario 64,448,2026-08-26T15:05:29Z,fr,"['Français', 'speedrunneuse', 'niniste', 'mod', 'rom', 'hack', 'mario', 'gravity', 'challenge']",2026-08-27,02-27-29,Thursday
316795189204,539072478,makar_fun,852009328,Mistfall Hunter,448,2026-08-26T17:24:32Z,ru,['Русский'],2026-08-27,02-27-29,Thursday
317583356004,123293742,dankol83,509658,Just Chatting,447,2026-08-26T11:47:43Z,it,"['Italiano', 'ridere', 'giochi', 'VETRINA', 'English', 'inter', 'calcio', 'cucina', 'cinema']",2026-08-27,02-27-29,Thursday
315928897361,861461450,daquintv,498566,Slots,447,2026-08-26T10:12:00Z,pl,"['English', 'CS2', 'gamer', 'Poland', 'polandtwitchstreamer', 'Polski']",2026-08-27,02-27-29,Thursday
318992236759,238166443,ellum,884569009,The Choicer Voicer,447,2026-08-26T17:44:24Z,en,"['English', 'IRL']",2026-08-27,02-27-29,Thursday
316020553962,1344955656,cyberdesecrator,1630982727,Where Winds Meet,446,2026-08-26T17:27:54Z,en,"['English', 'DropsEnabled']",2026-08-27,02-27-29,Thursday
320066092380,485205691,celthewitch,512953,ELDEN RING,446,2026-08-26T15:46:06Z,en,"['English', 'gothgirl', 'goth', 'GothMommy', 'marvelrivals', 'justchatting', 'Cosplay', 'drops', 'yapper', 'findom']",2026-08-27,02-27-29,Thursday
318798951925,438686523,trollzinha,386821,Black Desert,445,2026-08-25T17:01:27Z,pt,"['Português', 'Vtuber', 'Shai', 'English', 'Русский', 'Español', 'Ｖｔｕｂｅｒ', 'Lahn', 'PIX', 'VtuberBR']",2026-08-27,02-27-29,Thursday
319973545694,124069501,emmalayne,509658,Just Chatting,445,2026-08-26T17:59:28Z,en,"['English', 'girl', 'female', 'chatting']",2026-08-27,02-27-29,Thursday
316748166230,57116735,mistercop,890558948,Torchlight: Infinite,444,2026-08-26T09:00:53Z,ru,"['Русский', 'Шизофрения', 'Социопатия', 'фокусы']",2026-08-27,02-27-29,Thursday
318429035494,920381817,avram_tv,32399,Counter-Strike,444,2026-08-26T10:12:00Z,pl,['Polski'],2026-08-27,02-27-29,Thursday
316795362388,246221386,connieheinz,32982,Grand Theft Auto V,443,2026-08-26T17:42:07Z,da,"['Dansk', 'DanskFiveM', 'SocialRP', 'ConnieHeinz']",2026-08-27,02-27-29,Thursday
318434401638,1376821220,ormazzik,1506110656,Casino Simulator,443,2026-08-26T18:54:51Z,ru,"['English', 'Русский']",2026-08-27,02-27-29,Thursday
319970109278,81958531,derek_macintyre,130942,Factorio,443,2026-08-26T09:23:54Z,en,"['English', 'Canadian', 'Speedrunner', 'WorldRecordHolder', 'Talkative', 'Yapper', 'FashionAdvice', 'JeansFreeZone', 'YupOMatic3000', 'NeverLeavingNauvis']",2026-08-27,02-27-29,Thursday
320106210784,40015401,solo_,602040818,NBA 2K27,443,2026-08-26T15:38:15Z,en,"['nba', 'basketball', '2k', 'gaming', 'videogames', 'xbox', 'English', 'nba2k24', '2k24', '2k25']",2026-08-27,02-27-29,Thursday
316724941525,1255321185,rosflezz,1506110656,Casino Simulator,441,2026-08-26T18:50:09Z,en,['English'],2026-08-27,02-27-29,Thursday
318807036277,1203132703,valtrakk,498566,Slots,441,2026-08-26T18:32:36Z,es,['Español'],2026-08-27,02-27-29,Thursday
318433012838,818242175,maddogsleague,29595,Dota 2,441,2026-08-26T17:13:23Z,en,['English'],2026-08-27,02-27-29,Thursday
320068236508,660131284,devincaherly,509658,Just Chatting,441,2026-08-26T19:06:24Z,en,"['English', 'ADHD', 'DUO', 'BROTHERS', 'FOOTBALL', 'SOCCER', 'LOUD', 'worldcup', 'worldcup2026']",2026-08-27,02-27-29,Thursday
318234650087,92072223,ortis,509658,Just Chatting,440,2026-08-26T17:58:21Z,pl,"['Siłacz', 'Reaction', 'content', 'xdd', 'otp', 'leveling', 'Polski']",2026-08-27,02-27-29,Thursday
317585314660,127387636,flareycs,32399,Counter-Strike,440,2026-08-26T15:46:27Z,en,"['English', 'ADHD', 'skins', 'music', 'CS2', 'UK', 'tradeups']",2026-08-27,02-27-29,Thursday
318432114662,1219317949,dayi,32982,Grand Theft Auto V,440,2026-08-26T16:01:28Z,de,"['deutsch', 'football', 'firma', 'wiederholen', 'gta', 'rp', 'justchatting', 'Deutsch', 'Wiederholen']",2026-08-27,02-27-29,Thursday
320064134492,41908566,peeguutv,509672,IRL,439,2026-08-26T08:48:08Z,en,"['English', 'IRL', 'Asian', 'Taiwan', 'Chinese', 'AsianAmerican', 'justchatting', 'Paris', 'France']",2026-08-27,02-27-29,Thursday
317560557282,576344198,vidgunn,464339927,ARC Raiders,439,2026-08-26T14:33:50Z,es,"['pvp', 'snaphook', 'ExtractionShooter', 'Español', 'arcraiders', 'arcraidersgameplay', 'arcraiderspvp', 'DropsActivados']",2026-08-27,02-27-29,Thursday
318365026789,150436863,gskianto,509658,Just Chatting,439,2026-08-26T10:36:11Z,it,['Italiano'],2026-08-27,02-27-29,Thursday
317596033507,35685209,bibixhd,65632,DayZ,439,2026-08-26T14:21:32Z,fr,"['Français', 'DropsActivés']",2026-08-27,02-27-29,Thursday
318235457127,1376922657,dodepovi4,1506110656,Casino Simulator,439,2026-08-26T18:53:28Z,ru,"['English', 'Русский']",2026-08-27,02-27-29,Thursday
316794362708,116528496,givinglifetop,18122,World of Warcraft,438,2026-08-26T15:45:22Z,ru,"['Русский', 'DropsEnable', 'Mykas', 'PvE', 'MythicPlusKeys', 'English', 'DropsВключены']",2026-08-27,02-27-29,Thursday
316750735318,699749584,secboba,509658,Just Chatting,437,2026-08-26T16:18:51Z,ru,"['SecB', 'MineShield', 'Русский']",2026-08-27,02-27-29,Thursday
318231938791,561546963,ablkz,2132205352,Deadlock,436,2026-08-26T14:24:42Z,ru,"['Русский', 'Kazakhstan', 'English']",2026-08-27,02-27-29,Thursday
318990882903,182962411,ma5on,490377,Sea of Thieves,436,2026-08-26T14:57:39Z,en,"['English', 'Shooter', 'fpsgaming']",2026-08-27,02-27-29,Thursday
321122351834,13831039,jeffgerstmann,696389860,"CICADAMATA""",434,2026-08-26T16:43:39Z,en,"['Podcast', 'Jeff', 'Horse', 'EnergyDrinks', 'English', 'Science', 'videogames', 'AIOptedOut', 'Science']",2026-08-27,02-27-29,Thursday
317978239704,58529158,katie,1169827,Quasimorph,434,2026-08-26T08:32:13Z,en,"['Vtuber', 'chill', 'gaming', 'Fortnite', 'ADHD', 'Anime', 'fps', 'funny', 'pngtuber', 'English']",2026-08-27,02-27-29,Thursday
316371229298,179122584,momomi5871,532398986,Suikoden: Star Leap,434,2026-08-26T13:08:08Z,ja,"['女性', 'Vtuber', 'ストグラ', '日本語', 'ネタバレ注意', 'ネタバレあり']",2026-08-27,02-27-29,Thursday
315928897489,1148211282,lotr3k,32399,Counter-Strike,434,2026-08-26T10:12:01Z,pl,"['counterstrike', 'counterstrike2', 'CS2', 'csgo', 'lotr3k', 's1mple', 'Kraków', 'warsaw', 'Polska', 'polish']",2026-08-27,02-27-29,Thursday
320101936352,25220420,weak3n,2094865572,SMITE 2,434,2026-08-26T02:48:39Z,en,"['English', 'DropsEnabled']",2026-08-27,02-27-29,Thursday
321123247194,765082469,nybergdm,515214,Politics,433,2026-08-26T18:06:38Z,ru,"['Русский', 'English', 'Українська', 'Cleveland', 'Ohio', 'Music', 'Gaming', 'Politics']",2026-08-27,02-27-29,Thursday
320105134176,75975979,amazonian,2748,Magic: The Gathering,432,2026-08-26T13:00:55Z,en,"['LGBTQIAPlus', 'English', 'Casual', 'TCG', 'TradingCardGames', 'Chill', 'Transformers', 'PositiveVibes', 'cat', 'Boston']",2026-08-27,02-27-29,Thursday
316724277717,1366406227,bengtmannen,32982,Grand Theft Auto V,431,2026-08-26T17:32:21Z,sv,"['Svenska', 'ThePath', 'TPRP', 'path', 'gta', 'fivem', 'RP']",2026-08-27,02-27-29,Thursday
315947205202,80789830,alvini98,518203,Sports,431,2026-08-26T17:03:00Z,pt,"['crypto', 'finanças', 'educação', 'desporto', 'Português', 'Futebol', 'Ronaldo', 'FutebolAoVivo']",2026-08-27,02-27-29,Thursday
318992481239,73660068,hollywood,602040818,NBA 2K27,430,2026-08-26T18:15:14Z,en,"['English', 'DropsEnabled']",2026-08-27,02-27-29,Thursday
318806945909,1047952456,steefao,32399,Counter-Strike,430,2026-08-26T18:18:28Z,pt,['Português'],2026-08-27,02-27-29,Thursday
321060310489,1389671297,shinchan_oficial,1398657661,Anime Squad,429,2026-08-26T18:00:13Z,es,['Español'],2026-08-27,02-27-29,Thursday
317320821495,91200728,roffle,745589378,Balatro,429,2026-08-26T19:06:23Z,en,"['English', 'Charity']",2026-08-27,02-27-29,Thursday
318234641255,67555995,g4nng,32502,World of Warships,429,2026-08-26T17:57:46Z,en,"['DropsEnabled', 'English', 'Deutsch']",2026-08-27,02-27-29,Thursday
316752112342,592436994,bizzord_wot,27546,World of Tanks,428,2026-08-26T18:43:33Z,uk,"['English', 'Українська', 'Bizzord', 'DropsУвімкнено']",2026-08-27,02-27-29,Thursday
318431657574,133528221,axozer,159108896,Tiny Biomes,428,2026-08-26T15:19:09Z,es,"['Español', 'axozer', 'axo', 'tortillaland', 'SpainRP', 'Variedad', 'gaming', 'IRL', 'TheCouch']",2026-08-27,02-27-29,Thursday
320086215776,52049736,knotty,498592,I'm Only Sleeping,426,2026-08-25T00:03:13Z,en,"['English', 'gaming', 'fps', 'reactions', 'Chatting', 'NoPixel', 'guyjones', 'DayZ', 'knotty', 'egirl']",2026-08-27,02-27-29,Thursday
317595370339,137687694,nika,2094865572,SMITE 2,426,2026-08-26T13:07:25Z,en,"['English', 'meow', 'drops', 'DropsEnabled']",2026-08-27,02-27-29,Thursday
318233444455,624630514,nouri_amk,498566,Slots,424,2026-08-26T16:28:21Z,de,['Deutsch'],2026-08-27,02-27-29,Thursday
318431578598,47954096,stopgameru,417752,Talk Shows & Podcasts,424,2026-08-26T15:10:57Z,ru,"['Русский', 'stopgame']",2026-08-27,02-27-29,Thursday
315996882153,129440913,jongie,415998825,Guildrun,424,2026-08-26T14:21:00Z,zh,"['Taiwan', 'HolidayHoopla', '中文']",2026-08-27,02-27-29,Thursday
318370164325,105333309,crownycro,498566,Slots,424,2026-08-26T18:05:26Z,pl,"['Polski', 'Polska', 'sloty', 'Tibia', 'metin2', 'IRL', 'Malta', 'casino']",2026-08-27,02-27-29,Thursday
317559709410,39692658,elojoninja,513143,Teamfight Tactics,423,2026-08-26T12:55:05Z,es,"['Español', 'LeagueofLegends', 'LoL', 'Didactico', 'MOBA', 'Ivern', 'LeeSin', 'Nidalee', 'Challenger']",2026-08-27,02-27-29,Thursday
315930321489,92967298,adampacitti,32836,ABBA: You Can Dance,423,2026-08-26T17:59:49Z,en,"['English', 'British', 'UK', 'ukstreamer', 'Comedy', 'Watchalongs', 'RetroTV', 'Nostalgia', 'eroticism', 'DropsEnabled']",2026-08-27,02-27-29,Thursday
318433258342,592513880,tantechantii,509672,IRL,422,2026-08-26T17:31:52Z,de,['Deutsch'],2026-08-27,02-27-29,Thursday
316795844692,1255072843,27sally,29452,Virtual Casino,422,2026-08-26T18:30:08Z,en,"['swedish', 'English']",2026-08-27,02-27-29,Thursday
318432424294,1363177265,therealannaclara,509658,Just Chatting,422,2026-08-26T16:27:58Z,de,['Deutsch'],2026-08-27,02-27-29,Thursday
318992414807,46029485,disnof,31339,Project Zomboid,421,2026-08-26T18:06:08Z,en,['English'],2026-08-27,02-27-29,Thursday
321059661657,45143025,poach,1282866981,Delta Force,421,2026-08-26T17:07:50Z,en,"['English', 'Competitive', 'Pro', 'Chill', 'FPS', 'drops', 'Educational', 'ExtractionShooter']",2026-08-27,02-27-29,Thursday
318432452198,53345909,just_karsten,509658,Just Chatting,420,2026-08-26T16:30:29Z,de,"['Geschichte', 'Arbeit', 'Gym', 'Bildung', 'Historiker', 'Politik', 'Agitprop', 'Wirtschaft', 'Anarchie', 'Deutsch']",2026-08-27,02-27-29,Thursday
321226726363,22083186,absoltastic,670867987,Pokémon Scarlet/Violet,420,2026-08-26T18:17:25Z,en,"['BajaBlast', 'Pokemon', 'ShinyHunting', 'ShinyPokemon', 'Shiny', 'FullOdds', 'ShinyHunt', 'horse', 'mtndew', 'daweekend']",2026-08-27,02-27-29,Thursday
320066112988,46327303,legundo,27471,Minecraft,419,2026-08-26T15:48:40Z,en,"['BaldIsBeautiful', 'NotACult', 'English', 'SMP', 'DropsEnabled']",2026-08-27,02-27-29,Thursday
318233985639,575410736,youney,32982,Grand Theft Auto V,419,2026-08-26T17:08:31Z,en,"['English', 'NoPixelWL', 'clown', 'English', 'ChillandChaotic']",2026-08-27,02-27-29,Thursday
316020438122,761139508,mehdizw,509658,Just Chatting,417,2026-08-26T16:24:09Z,fr,['Français'],2026-08-27,02-27-29,Thursday
318432530406,95745027,shappo0,509658,Just Chatting,417,2026-08-26T16:37:20Z,nl,['Nederlands'],2026-08-27,02-27-29,Thursday
318369176421,75309526,bucher,516575,VALORANT,417,2026-08-26T17:02:11Z,de,"['Deutsch', 'pro', 'Esports', 'radiant']",2026-08-27,02-27-29,Thursday
315930406481,121691731,doki,460630,Rainbow Six Siege,417,2026-08-26T18:19:49Z,en,['English'],2026-08-27,02-27-29,Thursday
318991865943,123889650,hopefulx,18122,World of Warcraft,417,2026-08-26T16:58:41Z,en,"['Mage', 'English', 'DropsEnabled']",2026-08-27,02-27-29,Thursday
319970627166,194434289,megga,499634,Crypto,416,2026-08-26T11:30:43Z,en,['English'],2026-08-27,02-27-29,Thursday
318992943959,21302211,venruki,18122,World of Warcraft,415,2026-08-26T19:11:17Z,en,"['English', 'DropsEnabled']",2026-08-27,02-27-29,Thursday
