id,user_id,user_login,game_id,game_name,viewer_count,started_at,language,tags,snapshot_date,snapshot_time,snapshot_day
317388532215,737048563,anyme023,132735846,ZEVENT,90042,2026-09-05T11:34:30Z,fr,"['Français', 'DropsActivés']",2026-09-05,20-28-40,Saturday
317682122979,92038375,caedrel,21779,League of Legends,62752,2026-09-05T07:25:25Z,en,"['English', 'LPL', 'LCK', 'LEC', 'Worlds', 'Esports']",2026-09-05,20-28-40,Saturday
317679834723,40063341,domingo,132735846,ZEVENT,55128,2026-09-04T21:22:37Z,fr,"['Français', 'DropsActivés']",2026-09-05,20-28-40,Saturday
317647676002,27115917,kamet0,21779,League of Legends,50783,2026-09-05T10:14:38Z,fr,"['Français', 'LEC', 'leagueoflegends', 'esport', 'RLCS', 'VCT', 'Valorant', 'KCORP', 'Kameto', '30ans']",2026-09-05,20-28-40,Saturday
316414820210,545050196,kato_junichi0817,493057,PUBG: BATTLEGROUNDS,38816,2026-09-05T08:59:01Z,ja,['日本語'],2026-09-05,20-28-40,Saturday
317671782884,192023754,joyca,132735846,ZEVENT,29648,2026-09-05T10:22:26Z,fr,"['Français', 'musique', 'onecoute', 'zegp', 'joyca', 'DropsActivés', 'zevent']",2026-09-05,20-28-40,Saturday
317647599586,603181436,mcflyetcarlito,132735846,ZEVENT,25455,2026-09-05T10:03:38Z,fr,"['Français', 'actimel', 'DropsActivés']",2026-09-05,20-28-40,Saturday
321205088985,887001013,nico_la,132735846,ZEVENT,25248,2026-09-04T15:59:29Z,fr,"['Français', 'drole', 'humour', 'nico', 'nicotine', 'nicola', 'IRL', 'react', 'DropsActivés']",2026-09-05,20-28-40,Saturday
317671666020,63936838,mastu,132735846,ZEVENT,24493,2026-09-05T10:01:54Z,fr,"['Français', 'DropsActivés']",2026-09-05,20-28-40,Saturday
317672108516,42104852,amixem,132735846,ZEVENT,23705,2026-09-05T11:18:11Z,fr,"['Français', 'Zevent2026', 'Amixem', 'thomasdeseur', 'rigolo', 'live', 'DropsActivés']",2026-09-05,20-28-40,Saturday
317681956835,68078157,joueur_du_grenier,132735846,ZEVENT,23355,2026-09-05T06:41:01Z,fr,"['Français', 'joueurdugrenier', 'DropsActivés']",2026-09-05,20-28-40,Saturday
321392865883,83232866,ibai,21779,League of Legends,20973,2026-09-05T09:52:42Z,es,"['Español', 'IRL', 'Chatting', 'KOI']",2026-09-05,20-28-40,Saturday
320101261406,403594122,zarbex,509672,IRL,20449,2026-09-05T07:32:08Z,de,['Deutsch'],2026-09-05,20-28-40,Saturday
317647547234,590548738,sylvainlyve,132735846,ZEVENT,20200,2026-09-05T09:55:58Z,fr,"['Français', 'chômage', 'singe', 'KeepPushing', 'sylvainlyve', 'DropsActivés']",2026-09-05,20-28-40,Saturday
318540719462,64342766,trymacs,509672,IRL,17994,2026-09-05T07:33:52Z,de,['Deutsch'],2026-09-05,20-28-40,Saturday
316857330260,92048793,ravshann,509672,IRL,16377,2026-09-05T13:02:06Z,ru,['Русский'],2026-09-05,20-28-40,Saturday
318476234341,656099497,schradin,509672,IRL,16345,2026-09-05T07:33:48Z,de,"['Deutsch', 'rentner', 'schradin', 'seniorenzocken', 'nase', 'nasenaffe', '1978']",2026-09-05,20-28-40,Saturday
317671200740,135468063,antoinedaniel,132735846,ZEVENT,16237,2026-09-05T08:39:25Z,fr,"['Français', 'DropsActivés']",2026-09-05,20-28-40,Saturday
317671654116,622498423,otplol_,21779,League of Legends,16078,2026-09-05T10:00:16Z,fr,['Français'],2026-09-05,20-28-40,Saturday
320195187292,45044816,montanablack88,509672,IRL,15840,2026-09-05T07:32:09Z,de,['Deutsch'],2026-09-05,20-28-40,Saturday
316415379314,50988750,stylishnoob4,1898040946,How to Fish,15681,2026-09-05T11:15:57Z,ja,"['日本語', '感謝します']",2026-09-05,20-28-40,Saturday
316855213524,153670212,topson,29595,Dota 2,15117,2026-09-05T05:45:10Z,en,"['English', 'dota', 'dota2', 'finnish']",2026-09-05,20-28-40,Saturday
317649107042,44806759,lapi,132735846,ZEVENT,14163,2026-09-05T13:11:30Z,fr,"['Français', 'DropsActivés']",2026-09-05,20-28-40,Saturday
316472440819,102631269,yaritaiji,511195,DRAGON BALL Z: KAKAROT,12977,2026-09-05T11:01:46Z,ja,"['たいじ', '日本語']",2026-09-05,20-28-40,Saturday
315993119976,65171890,rainbow6,460630,Rainbow Six Siege,11892,2026-09-05T08:38:17Z,en,"['English', 'ubisoft', 'rainbowsixsiege', 'R6', 'DropsEnabled']",2026-09-05,20-28-40,Saturday
319094892631,175831187,ironmouse,2004342068,Kingdom Hearts Final Mix,10528,2026-09-03T16:44:26Z,en,"['English', 'Anime', 'Singing', 'puertorico', 'Vtuber', 'Latino', 'vtuber', 'DropsEnabled']",2026-09-05,20-28-40,Saturday
315983977810,124422593,lec,21779,League of Legends,10494,2026-09-05T09:16:02Z,en,"['Esports', 'English', 'DropsEnabled']",2026-09-05,20-28-40,Saturday
318047558488,27446144,fubgun,1702520304,Path of Exile 2,10157,2026-09-04T18:23:53Z,en,"['English', 'drops', 'DropsEnabled']",2026-09-05,20-28-40,Saturday
320241488608,496105401,byilhann,132735846,ZEVENT,10089,2026-09-05T12:18:10Z,fr,['Français'],2026-09-05,20-28-40,Saturday
317670767844,81446331,traytonlol,132735846,ZEVENT,9959,2026-09-05T06:40:16Z,fr,"['Français', 'Esports', 'LEC', 'LCK', 'LPL', 'Challenger', 'stuckmaster', 'DropsActivés']",2026-09-05,20-28-40,Saturday
320241410272,26610234,cohhcarnage,1357871551,The Blood of Dawnwalker,9938,2026-09-05T12:01:11Z,en,"['SFW', 'Parent', 'ADHD', 'moderated', 'NoPolitics', 'NoReligion', 'Interactive', 'Overencumbered', 'LootGoblin', 'English']",2026-09-05,20-28-40,Saturday
317682828131,28575692,mistermv,132735846,ZEVENT,9934,2026-09-05T10:02:33Z,fr,"['Français', 'humour', 'Vieux', 'Retro', 'indies', 'DropsActivés']",2026-09-05,20-28-40,Saturday
316813046614,254030065,skywhywalker,32399,Counter-Strike,9716,2026-09-05T09:40:39Z,ru,"['Русский', 'English']",2026-09-05,20-28-40,Saturday
316414824050,813704147,indegnasen0706,493057,PUBG: BATTLEGROUNDS,9077,2026-09-05T09:00:16Z,ja,['日本語'],2026-09-05,20-28-40,Saturday
321282099418,533230028,geoguessr,369418,GeoGuessr,8002,2026-09-05T11:07:42Z,en,"['English', 'geoguessr', 'Esports']",2026-09-05,20-28-40,Saturday
316784549717,39154778,recrent,29595,Dota 2,7924,2026-09-05T11:36:07Z,ru,"['Русский', 'DropsВключены']",2026-09-05,20-28-40,Saturday
320102391646,97828400,mokrivskyi,509658,Just Chatting,7863,2026-09-05T12:02:46Z,ru,"['Русский', 'DropsВключены']",2026-09-05,20-28-40,Saturday
316404943601,93828097,batora324,511399,Super Mario Maker 2,7667,2026-09-05T09:12:51Z,ja,['日本語'],2026-09-05,20-28-40,Saturday
317683132131,89872865,laink,132735846,ZEVENT,7448,2026-09-05T10:59:20Z,fr,"['Français', 'DropsActivés']",2026-09-05,20-28-40,Saturday
316471991411,44525650,k4sen,493057,PUBG: BATTLEGROUNDS,7381,2026-09-05T08:59:24Z,ja,"['日本語', 'ネタバレNG', 'ネタバレ注意', '聞いてないアドバイス禁止', 'Drops有効']",2026-09-05,20-28-40,Saturday
318344260199,95603047,orangemorange,498566,Slots,6674,2026-09-05T12:26:28Z,de,['Deutsch'],2026-09-05,20-28-40,Saturday
316032019945,29506118,sam1268,509658,Just Chatting,6480,2026-09-05T10:58:57Z,zh,"['中文', '顏值', '英雄聯盟', '高手', '启用掉宝']",2026-09-05,20-28-40,Saturday
321392152539,181357564,tolkin,21779,League of Legends,6338,2026-09-05T07:43:50Z,de,['Deutsch'],2026-09-05,20-28-40,Saturday
316856832468,44748026,stintik,921298138,BOMBANANA!,6197,2026-09-05T11:46:37Z,ru,['Русский'],2026-09-05,20-28-40,Saturday
319095872855,494543675,lacy,509658,Just Chatting,6184,2026-09-03T19:16:12Z,en,"['English', 'DropsEnabled']",2026-09-05,20-28-40,Saturday
321218752857,94435040,alphacast,132735846,ZEVENT,6099,2026-09-05T07:54:19Z,fr,"['Français', 'jdr', 'AIOptedOut', 'DropsActivés']",2026-09-05,20-28-40,Saturday
316171638124,1214185767,lplenglish,21779,League of Legends,5960,2026-09-05T05:30:47Z,en,"['LPL', 'Lolesports', 'English']",2026-09-05,20-28-40,Saturday
316055642474,29518572,mobilmobil,902998079,Halloween: The Game,5854,2026-09-05T12:29:31Z,zh,"['中文', '启用掉宝']",2026-09-05,20-28-40,Saturday
317683229027,85800130,etoiles,132735846,ZEVENT,5702,2026-09-05T11:14:31Z,fr,"['Français', 'DropsActivés']",2026-09-05,20-28-40,Saturday
316415871986,70947583,gutitubo,263490,Rust,5653,2026-09-05T12:44:39Z,ja,['日本語'],2026-09-05,20-28-40,Saturday
319097185751,837896385,rayan_psnn,509658,Just Chatting,5604,2026-09-03T22:08:52Z,fr,"['Français', 'Rediffusion', 'DropsActivés']",2026-09-05,20-28-40,Saturday
317672782820,41719107,zerator,132735846,ZEVENT,5551,2026-09-05T12:43:41Z,fr,"['Français', 'DropsActivés']",2026-09-05,20-28-40,Saturday
317647722210,50597026,ponce,132735846,ZEVENT,5452,2026-09-05T10:21:51Z,fr,"['Français', 'DropsActivés']",2026-09-05,20-28-40,Saturday
317649024098,163299585,blastpremier,32399,Counter-Strike,5354,2026-09-05T13:02:13Z,en,"['Esports', 'English', 'BLAST', 'blastpremier', 'counterstrike', 'counterstrike2', 'CS2', 'CS2Live', 'cs2twitch', 'cs2major']",2026-09-05,20-28-40,Saturday
321390771419,94130217,gingy,491931,Escape from Tarkov,5126,2026-09-05T05:30:59Z,en,['English'],2026-09-05,20-28-40,Saturday
318343829735,38121996,bastighg,369418,GeoGuessr,4999,2026-09-05T11:46:23Z,de,['Deutsch'],2026-09-05,20-28-40,Saturday
316857161300,414805368,ct0m,32399,Counter-Strike,4763,2026-09-05T12:36:41Z,ru,['Русский'],2026-09-05,20-28-40,Saturday
316472004211,113028874,kenki521,493057,PUBG: BATTLEGROUNDS,4736,2026-09-05T09:02:26Z,ja,['日本語'],2026-09-05,20-28-40,Saturday
316404694385,128222917,bbbb87,509658,Just Chatting,4386,2026-09-05T07:58:40Z,zh,"['中文', '启用掉宝']",2026-09-05,20-28-40,Saturday
318343048679,159498717,jinnytty,509658,Just Chatting,4333,2026-09-05T10:18:44Z,en,"['English', 'IRL', 'Outdoors', 'Exploration', 'Travel', 'Variety', 'Food', 'Cosplay', 'Asian', 'Spain']",2026-09-05,20-28-40,Saturday
316404890353,752988454,yuyuta0702,511229,Pogostuck: Rage With Your Friends,4214,2026-09-05T08:57:39Z,ja,['日本語'],2026-09-05,20-28-40,Saturday
318344291303,61776958,mailand,27546,World of Tanks,4197,2026-09-05T12:29:38Z,de,"['mailand', 'panzer', 'action', 'realtalk', 'Deutsch', 'DropsAktiviert']",2026-09-05,20-28-40,Saturday
316472198643,689257502,mitsuki_mitsuu,32982,Grand Theft Auto V,4179,2026-09-05T10:01:06Z,ja,"['ストグラ', '日本語']",2026-09-05,20-28-40,Saturday
318051630808,1305342529,theburntpeanut_247,499973,Always On,4167,2026-09-05T03:52:21Z,en,"['English', 'VOD', 'Rerun', 'arcraiders', 'tobacco']",2026-09-05,20-28-40,Saturday
317671678436,36318615,theguill84,132735846,ZEVENT,4153,2026-09-05T10:04:06Z,fr,"['Français', 'aigri', 'minecraft', 'Guill', 'TheGuill84', 'acariâtre', 'DropsActivés']",2026-09-05,20-28-40,Saturday
320240981600,75322837,chess24,743,Chess,4106,2026-09-05T10:01:06Z,en,"['English', 'chess', 'Esports', 'Strategy', 'Action', 'sports', 'Multiplayer', 'IRL', 'boardgame', 'GamesAndChatting']",2026-09-05,20-28-40,Saturday
316810024022,232372312,pathofexilebota,1702520304,Path of Exile 2,4083,2026-09-04T19:01:26Z,ru,"['Русский', 'DropsВключены']",2026-09-05,20-28-40,Saturday
316472224371,122391197,shiro_manta,32982,Grand Theft Auto V,4004,2026-09-05T10:07:56Z,ja,"['日本語', 'ネタバレ注意', '原稿のときはスクショ禁止', '鳩禁止', '固定コメント要確認', '左手デバイス']",2026-09-05,20-28-40,Saturday
317671714788,48286022,tru3ta1ent,902998079,Halloween: The Game,3980,2026-09-05T10:10:14Z,en,"['English', 'DropsEnabled']",2026-09-05,20-28-40,Saturday
317672171748,143424503,dannyaarons,624536948,EA Sports FC 26,3979,2026-09-05T11:28:39Z,en,['English'],2026-09-05,20-28-40,Saturday
317672606820,132501030,clemovitch,132735846,ZEVENT,3952,2026-09-05T12:22:14Z,fr,"['Français', 'DropsActivés']",2026-09-05,20-28-40,Saturday
316054942826,24765850,blusewilly_retry,327598602,Onimusha: Way of the Sword,3926,2026-09-05T09:01:28Z,zh,"['中文', '启用掉宝']",2026-09-05,20-28-40,Saturday
316405156081,792691462,assarisyoko1,902998079,Halloween: The Game,3838,2026-09-05T10:13:08Z,ja,['日本語'],2026-09-05,20-28-40,Saturday
320185817052,100869214,arky,509658,Just Chatting,3729,2026-09-04T18:15:30Z,en,"['English', 'DropsEnabled']",2026-09-05,20-28-40,Saturday
318476831205,128856353,mande,511224,Apex Legends,3718,2026-09-05T09:02:18Z,en,"['English', 'DropsEnabled']",2026-09-05,20-28-40,Saturday
315467572206,170869845,kr1stw,327598602,Onimusha: Way of the Sword,3630,2026-09-05T07:04:04Z,zh,"['中文', '启用掉宝']",2026-09-05,20-28-40,Saturday
320102422238,198182340,mrsavage,33214,Fortnite,3549,2026-09-05T12:07:39Z,en,"['english', 'pc', 'gaming', 'Fortnite', 'English']",2026-09-05,20-28-40,Saturday
317681982819,492897250,enjoyphoenix,132735846,ZEVENT,3532,2026-09-05T06:48:51Z,fr,"['Français', 'zevent', 'Zevent2026', 'enjoyphoenix', 'DropsActivés']",2026-09-05,20-28-40,Saturday
316470752115,91967953,liang_0714,516575,VALORANT,3511,2026-09-05T02:46:27Z,zh,['中文'],2026-09-05,20-28-40,Saturday
316856499540,711044449,rostikfacekid,509658,Just Chatting,3445,2026-09-05T10:53:54Z,ru,"['Русский', 'DropsВключены']",2026-09-05,20-28-40,Saturday
318341765351,70298660,skyyart,21779,League of Legends,3427,2026-09-05T07:33:29Z,fr,['Français'],2026-09-05,20-28-40,Saturday
315468287086,65653595,roger9527,509658,Just Chatting,3419,2026-09-05T13:16:57Z,zh,"['中文', '启用掉宝']",2026-09-05,20-28-40,Saturday
316010105043,30814134,welovegames,327598602,Onimusha: Way of the Sword,3409,2026-09-05T06:31:35Z,ru,"['юмор', 'игры', 'новинки', 'общение', 'IRL', 'русский', 'хоррор', 'Русский', 'DropsВключены']",2026-09-05,20-28-40,Saturday
318341561959,507426577,a_big_koko,417528,Albion Online,3404,2026-09-05T06:57:43Z,en,"['PvP', 'Solo', 'Drops', 'Dropsenabled', 'Sandbox', 'MMORPG', 'English']",2026-09-05,20-28-40,Saturday
315993726312,162323092,gearbaby1010,516575,VALORANT,3387,2026-09-05T11:44:42Z,zh,"['主打技術', '顏值還行', '中文', '棋靈王', '我愛黑人']",2026-09-05,20-28-40,Saturday
317648434530,149220653,gom4rt,132735846,ZEVENT,3351,2026-09-05T11:55:41Z,fr,"['Français', 'DropsActivés']",2026-09-05,20-28-40,Saturday
316032165097,37278046,assentw,516575,VALORANT,3337,2026-09-05T11:41:20Z,zh,['中文'],2026-09-05,20-28-40,Saturday
316405480817,93305727,takayaspecial,512953,ELDEN RING,3330,2026-09-05T11:27:54Z,ja,"['日本語', '雑談', 'Drops有効']",2026-09-05,20-28-40,Saturday
316030999529,40083477,zod0416,21779,League of Legends,3311,2026-09-05T05:46:19Z,zh,['中文'],2026-09-05,20-28-40,Saturday
317646697698,505902512,samueletienne,132735846,ZEVENT,3144,2026-09-05T06:54:36Z,fr,"['Français', 'Information', 'news', 'Info', 'gaming', 'DropsActivés']",2026-09-05,20-28-40,Saturday
315482648815,929140741,yuzumi_neon,509658,Just Chatting,3135,2026-09-05T11:54:49Z,zh,"['Vtuber', '日本語', '中文', '子午計畫', '启用掉宝']",2026-09-05,20-28-40,Saturday
321219246937,1536802097,cashoutcasino,498566,Slots,3118,2026-09-05T10:20:08Z,en,['English'],2026-09-05,20-28-40,Saturday
317647597666,30623831,quickybaby,27546,World of Tanks,3098,2026-09-05T10:03:22Z,en,"['English', 'drops', 'Drop', 'DropsEnabled']",2026-09-05,20-28-40,Saturday
318540743526,681908610,fregepaul,509672,IRL,3089,2026-09-05T07:37:57Z,de,['Deutsch'],2026-09-05,20-28-40,Saturday
317682543203,241808969,avamind,132735846,ZEVENT,3075,2026-09-05T09:03:09Z,fr,"['Français', 'justchattıng', 'multigaming', 'discussion', 'DropsActivés']",2026-09-05,20-28-40,Saturday
316856977108,967688163,rizhiywisper,29595,Dota 2,3044,2026-09-05T12:06:40Z,ru,"['Русский', 'Повтор']",2026-09-05,20-28-40,Saturday
316813931094,98742675,blackufa,1357871551,The Blood of Dawnwalker,3023,2026-09-05T12:29:16Z,ru,"['Русский', 'инди', 'юмор', 'общение', 'новинки', 'Cooporative', 'дедушка', 'DropsВключены']",2026-09-05,20-28-40,Saturday
318542101350,73437396,bonjwa,1682038606,Friendly Steps,3016,2026-09-05T10:45:18Z,de,['Deutsch'],2026-09-05,20-28-40,Saturday
319099486039,36926489,yourragegaming,13332,Pokémon FireRed/LeafGreen,3006,2026-09-04T01:37:06Z,en,"['English', 'YRG', 'DropsEnabled']",2026-09-05,20-28-40,Saturday
318344410599,97903976,mouzakrobat,27546,World of Tanks,2946,2026-09-05T12:41:12Z,de,"['Deutsch', 'DropsAktiviert']",2026-09-05,20-28-40,Saturday
318535299686,57317154,steelmage,1702520304,Path of Exile 2,2940,2026-09-04T18:14:16Z,en,"['English', 'Australian', 'DropsEnabled']",2026-09-05,20-28-40,Saturday
320102356574,31688366,symfuhny,743893402,WARDOGS,2938,2026-09-05T11:57:23Z,en,"['English', 'DropsEnabled']",2026-09-05,20-28-40,Saturday
316405215729,25233449,mago2dgod,55453844,Street Fighter 6,2934,2026-09-05T10:29:43Z,ja,['日本語'],2026-09-05,20-28-40,Saturday
318529208038,25722719,dakillzor,27546,World of Tanks,2873,2026-09-04T07:32:12Z,en,"['English', 'DropsEnabled']",2026-09-05,20-28-40,Saturday
315993171176,139847149,ryuriia,26936,Music,2850,2026-09-05T08:53:00Z,en,"['Vtuber', 'FireMage', 'creative', 'CHaotic', 'comfy', 'nobackseat', 'NoSpoilers', 'English', 'Singapore', 'Philippines']",2026-09-05,20-28-40,Saturday
316405099505,443476599,patisyu,32982,Grand Theft Auto V,2787,2026-09-05T09:59:52Z,ja,"['かっこいい', '日本語', '雑談', 'ストグラ', 'ストグラ警察', 'gta']",2026-09-05,20-28-40,Saturday
317648680930,38446500,revenant,1357871551,The Blood of Dawnwalker,2786,2026-09-05T12:21:26Z,es,"['Español', 'DropsActivados']",2026-09-05,20-28-40,Saturday
316055345514,84042516,babybaby1111,516575,VALORANT,2769,2026-09-05T11:04:25Z,zh,"['認真工作的人', '中文']",2026-09-05,20-28-40,Saturday
318477978469,238868406,graf,369418,GeoGuessr,2769,2026-09-05T11:27:29Z,pl,"['karkówka', 'ziemniaki', 'surówka', 'kompot', 'fizykakwantowa', 'gameplay', 'Polski', 'polish']",2026-09-05,20-28-40,Saturday
315482157039,15027034,zrush,327598602,Onimusha: Way of the Sword,2768,2026-09-05T07:31:52Z,zh,"['中文', '訂閱免廣告', '启用掉宝']",2026-09-05,20-28-40,Saturday
317646650850,28585164,mynthos,132735846,ZEVENT,2762,2026-09-05T06:34:47Z,fr,"['Français', 'goulu', 'mynthos', 'Simulator', 'Poule', 'DropsActivés']",2026-09-05,20-28-40,Saturday
315992486632,274100066,plumconch836,504463,Tom Clancy's The Division 2,2747,2026-09-05T05:03:58Z,en,"['Australia', 'PvP', 'PvE', 'Xbox', 'English', 'UbisoftPartner', 'AUS', 'PC', 'OCE', 'WraithFam']",2026-09-05,20-28-40,Saturday
320196098780,45221641,bean,498566,Slots,2735,2026-09-05T11:57:10Z,en,"['English', 'gambling', 'youtube', 'tiktok', 'twitter', 'american', 'usa', 'texas']",2026-09-05,20-28-40,Saturday
316784954965,1390976168,betboom_cs_ru,32399,Counter-Strike,2709,2026-09-05T12:49:42Z,ru,"['Киберспорт', 'Esports', 'BLAST', 'counterstrike2', 'Русский']",2026-09-05,20-28-40,Saturday
321393747291,180118013,hutchmf,509658,Just Chatting,2706,2026-09-05T13:07:23Z,en,"['English', 'DropsEnabled']",2026-09-05,20-28-40,Saturday
318343743463,71283823,kodiak1777,369418,GeoGuessr,2701,2026-09-05T11:38:18Z,de,"['Deutsch', 'Travel', 'IRL']",2026-09-05,20-28-40,Saturday
318049564632,485587109,bonnie,509658,Just Chatting,2691,2026-09-05T00:06:44Z,en,"['English', 'Normal', 'Bonathan', 'Bonald', 'Fashion', 'DropsEnabled']",2026-09-05,20-28-40,Saturday
318343922023,40784764,shlorox,509658,Just Chatting,2679,2026-09-05T11:55:33Z,de,"['Deutsch', 'DropsAktiviert']",2026-09-05,20-28-40,Saturday
318040385112,1019733647,marlon,509658,Just Chatting,2677,2026-09-03T19:17:04Z,en,"['English', 'DropsEnabled']",2026-09-05,20-28-40,Saturday
318478698597,29188740,fantabobshow,132735846,ZEVENT,2636,2026-09-05T12:35:58Z,fr,"['Français', 'PyroBarbare', 'BobLennon', 'fantabobshow', 'DropsActivés']",2026-09-05,20-28-40,Saturday
318542187366,49719403,mauriceweber,509658,Just Chatting,2623,2026-09-05T10:54:26Z,de,"['Deutsch', 'DropsAktiviert']",2026-09-05,20-28-40,Saturday
317682216163,196665069,spiukbs,497497,Brawl Stars,2607,2026-09-05T07:49:32Z,es,['Español'],2026-09-05,20-28-40,Saturday
317672242532,62989856,shisheyu,132735846,ZEVENT,2588,2026-09-05T11:39:37Z,fr,"['Français', 'chill', 'DropsActivés']",2026-09-05,20-28-40,Saturday
318342790759,52734400,kaitou,24241,FINAL FANTASY XIV ONLINE,2565,2026-09-05T09:47:49Z,en,"['Society', 'Joker', 'Misery', 'Despair', 'PF', 'English']",2026-09-05,20-28-40,Saturday
315992368232,1057785822,michimochievee,33734,Pokémon Black/White Version 2,2529,2026-09-05T04:18:24Z,en,"['English', 'VTuber', 'Cringe', 'Bilingual', 'Anime', 'Indonesian', 'DropsEnabled']",2026-09-05,20-28-40,Saturday
317682816483,246624681,misolo3,509672,IRL,2495,2026-09-05T10:00:40Z,ru,"['Русский', 'мисоло', 'мисоло3', 'misolo3', 'одежда', 'стиль', 'dota2', 'дота2', 'брудское']",2026-09-05,20-28-40,Saturday
316415744114,735516070,fubonguardians_official,518203,Sports,2476,2026-09-05T12:21:04Z,zh,"['中文', '启用掉宝']",2026-09-05,20-28-40,Saturday
317684031075,122863474,saruei,509658,Just Chatting,2437,2026-09-05T13:04:08Z,en,"['English', 'Vtuber', 'french', 'Bratty', 'DropsEnabled']",2026-09-05,20-28-40,Saturday
317647290594,52349411,skyrroztv,132735846,ZEVENT,2422,2026-09-05T09:14:25Z,fr,"['warzone', 'gaming', 'fr', 'podcast', 'mw4', 'callofduty', 'Français', 'DropsActivés', 'zevent', 'Zevent2026']",2026-09-05,20-28-40,Saturday
316031202537,224696866,siaohu_0124,509658,Just Chatting,2406,2026-09-05T06:47:48Z,zh,"['中文', '启用掉宝']",2026-09-05,20-28-40,Saturday
320185023068,582336589,cesgod,461221,MARVEL Contest of Champions,2403,2026-09-04T16:52:08Z,es,"['cesgod', 'cesgame', 'peru', 'mcoc', 'marvelcontestofchampions', 'mexico', 'Español', 'English', 'EnabledDrops', 'DropsActivados']",2026-09-05,20-28-40,Saturday
318344745191,22484632,forsen,509658,Just Chatting,2398,2026-09-05T13:12:54Z,en,"['English', 'DropsEnabled']",2026-09-05,20-28-40,Saturday
316854826196,73477451,unclebjorn,27284,Retro,2389,2026-09-05T02:15:42Z,ru,"['Русский', 'длявзрослых', 'DropsВключены']",2026-09-05,20-28-40,Saturday
317671284836,36094763,sebjdg,132735846,ZEVENT,2323,2026-09-05T08:56:48Z,fr,"['Français', 'seb', 'jdg', 'joueurdugrenier', 'girigiri', 'DropsActivés']",2026-09-05,20-28-40,Saturday
316852996564,98311933,madarapoe,1702520304,Path of Exile 2,2293,2026-09-04T18:17:01Z,ru,"['Русский', 'gym', 'gachi', 'MF', 'English', 'DropsВключены']",2026-09-05,20-28-40,Saturday
316204552429,165501463,yznsa,1264310518,Marvel Rivals,2289,2026-09-05T11:56:24Z,ar,"['Arabic', 'KSA', 'English', 'العربية', 'marvelrivals', 'تم・تمكين・Drops']",2026-09-05,20-28-40,Saturday
318053643480,151368796,piratesoftware,743893402,WARDOGS,2285,2026-09-05T08:06:11Z,en,"['English', 'Programming', 'GameDev', 'NotMyBirthday', 'DropsEnabled']",2026-09-05,20-28-40,Saturday
317683077347,127129336,hortyunderscore,132735846,ZEVENT,2273,2026-09-05T10:49:14Z,fr,"['Français', 'DropsActivés']",2026-09-05,20-28-40,Saturday
316813729110,669445653,korya_mc,509658,Just Chatting,2234,2026-09-05T11:57:56Z,ru,"['Русский', 'DropsВключены']",2026-09-05,20-28-40,Saturday
317647156834,68594999,ultia,132735846,ZEVENT,2223,2026-09-05T08:52:18Z,fr,"['Français', 'DropsActivés']",2026-09-05,20-28-40,Saturday
316783344085,253890679,krechet_life,516575,VALORANT,2219,2026-09-05T06:54:58Z,ru,"['Русский', 'KrechetLife', 'Krechet', 'chil', 'ru', 'Повтор', 'space', 'engineers', 'SpaceEngineers']",2026-09-05,20-28-40,Saturday
318542283238,86998768,ticanuk,509672,IRL,2208,2026-09-05T11:04:28Z,en,"['English', 'travel', 'outdoors', 'UnitedKingdom', 'england', 'Socialeating', 'degen', 'walking', 'Cycling', 'PartnerPush']",2026-09-05,20-28-40,Saturday
316856323668,210102966,saygg_,32399,Counter-Strike,2193,2026-09-05T10:25:05Z,ru,"['faceit10lvl', 'Русский', 'Повтор', 'kaleka', '2800elo']",2026-09-05,20-28-40,Saturday
318478247781,129405323,oilrats,263490,Rust,2192,2026-09-05T11:55:22Z,en,"['Deutsch', 'English']",2026-09-05,20-28-40,Saturday
318478798181,121706139,toosefn,33214,Fortnite,2117,2026-09-05T12:45:19Z,ru,['Русский'],2026-09-05,20-28-40,Saturday
318343914855,190708734,altair,1357871551,The Blood of Dawnwalker,2113,2026-09-05T11:54:54Z,fr,"['Français', 'gaming', 'humour', 'DiffMax', 'BienMonté', 'DropsActivés']",2026-09-05,20-28-40,Saturday
317648557282,121652526,littlebigwhale,132735846,ZEVENT,2093,2026-09-05T12:06:58Z,fr,"['Français', 'DropsActivés']",2026-09-05,20-28-40,Saturday
316813492694,164699786,dima_wallhacks,32399,Counter-Strike,2070,2026-09-05T11:12:56Z,en,"['140IQ', 'English', 'ASMR', 'cs', 'CS2']",2026-09-05,20-28-40,Saturday
316812958678,110775952,skill4ltu,27546,World of Tanks,2010,2026-09-05T09:23:10Z,en,"['English', 'Lithuanian', 'drops', 'DropsEnabled']",2026-09-05,20-28-40,Saturday
317683288547,719950200,patrizio_official,509672,IRL,1990,2026-09-05T11:24:00Z,it,['Italiano'],2026-09-05,20-28-40,Saturday
317647244258,52647450,stodeh,743893402,WARDOGS,1990,2026-09-05T09:06:28Z,en,"['English', 'DropsEnabled']",2026-09-05,20-28-40,Saturday
317682569827,77452537,alderiate,132735846,ZEVENT,1989,2026-09-05T09:09:40Z,fr,"['Français', 'DropsActivés']",2026-09-05,20-28-40,Saturday
318477580261,1124895128,standoff2esports_ru,513501,Standoff 2,1986,2026-09-05T10:42:02Z,ru,"['Esports', 'Standoff2', 'Gaming', 'Русский', 'DropsВключены']",2026-09-05,20-28-40,Saturday
317647741410,65411398,juice,1357871551,The Blood of Dawnwalker,1969,2026-09-05T10:24:43Z,ru,"['Русский', 'DropsВключены']",2026-09-05,20-28-40,Saturday
318541517670,98916815,sunglitters,31339,Project Zomboid,1966,2026-09-05T09:32:48Z,en,"['English', 'German', 'potatoes', 'Vtuber', 'Deutsch', 'OnlyFangs', 'ZNN']",2026-09-05,20-28-40,Saturday
320195917148,23220337,emongg,515025,Overwatch,1963,2026-09-05T11:16:24Z,en,['English'],2026-09-05,20-28-40,Saturday
315500831856,16677765,qttsix,327598602,Onimusha: Way of the Sword,1954,2026-09-05T04:17:51Z,zh,"['中文', '启用掉宝']",2026-09-05,20-28-40,Saturday
316405712753,175189837,kolu_pen,32982,Grand Theft Auto V,1940,2026-09-05T12:08:40Z,ja,['日本語'],2026-09-05,20-28-40,Saturday
316054285674,181185692,gssspotted,509672,IRL,1931,2026-09-05T05:27:52Z,th,['ภาษาไทย'],2026-09-05,20-28-40,Saturday
316405130865,212474095,guilty1223,32982,Grand Theft Auto V,1920,2026-09-05T10:07:01Z,ja,['日本語'],2026-09-05,20-28-40,Saturday
317682786275,125323544,xo_trixy,132735846,ZEVENT,1920,2026-09-05T09:54:59Z,fr,"['Français', 'humour', 'gaming']",2026-09-05,20-28-40,Saturday
318541862758,1537450532,kasonalex,498566,Slots,1908,2026-09-05T10:17:04Z,de,['Deutsch'],2026-09-05,20-28-40,Saturday
317681976931,429600778,m4fgaming,132735846,ZEVENT,1903,2026-09-05T06:46:43Z,fr,"['Français', 'DropsActivés']",2026-09-05,20-28-40,Saturday
318342729575,122691064,cabramaravilla,21779,League of Legends,1899,2026-09-05T09:39:52Z,es,['Español'],2026-09-05,20-28-40,Saturday
316472138739,1291086815,ssssshaoooo,511224,Apex Legends,1890,2026-09-05T09:44:23Z,zh,"['中文', '掉寶', '启用掉宝']",2026-09-05,20-28-40,Saturday
318887874677,688858334,elpelotasssss,417528,Albion Online,1886,2026-09-05T09:57:09Z,es,"['Español', 'AlbionOnlineDrops', 'AlbionOnline', 'DropsActivados', 'English']",2026-09-05,20-28-40,Saturday
316471979635,214737896,minoru04160,493057,PUBG: BATTLEGROUNDS,1885,2026-09-05T08:55:28Z,ja,['日本語'],2026-09-05,20-28-40,Saturday
318543538150,1536423840,bimmelvibe,498566,Slots,1882,2026-09-05T13:14:01Z,de,['Deutsch'],2026-09-05,20-28-40,Saturday
318541456998,430551896,kdrkitten,509658,Just Chatting,1875,2026-09-05T09:24:10Z,de,"['Deutsch', 'DropsAktiviert']",2026-09-05,20-28-40,Saturday
321378367451,53815140,olesha,509658,Just Chatting,1874,2026-09-04T17:21:37Z,ru,"['Русский', 'ГигантМысли', 'ПолитическиПодкованный', 'ФилософияЖизни', 'БеспроводнаяКлавиатура', 'КлавиатураБезНумпада', 'БоссСваги', 'DropsВключены']",2026-09-05,20-28-40,Saturday
318542637414,198363811,polispol1,369418,GeoGuessr,1872,2026-09-05T11:45:29Z,es,"['Español', 'Ambassadors', 'English', 'TwitchAmbassador', 'geoguessr']",2026-09-05,20-28-40,Saturday
316784676437,180937915,derzko69,509658,Just Chatting,1871,2026-09-05T12:00:02Z,ru,"['Русский', 'DropsВключены']",2026-09-05,20-28-40,Saturday
317683918691,88301612,xari,132735846,ZEVENT,1846,2026-09-05T12:51:28Z,fr,"['Français', 'DropsActivés']",2026-09-05,20-28-40,Saturday
316415153906,582765062,peter,327598602,Onimusha: Way of the Sword,1827,2026-09-05T10:20:38Z,en,"['Forehead', 'AMA', 'VoiceActing', 'Japan', 'English', 'NoSpoilers', 'Nerdity', 'IRL', 'fortyplusgamers', 'DropsEnabled']",2026-09-05,20-28-40,Saturday
320091103198,144926827,ds_lily,1702520304,Path of Exile 2,1823,2026-09-04T18:05:27Z,en,"['Beef', 'NoSleep', 'Blasting', 'Stalling', 'English', 'Hardcore', 'goth', 'DropsEnabled']",2026-09-05,20-28-40,Saturday
318476262629,6094619,jankos,21779,League of Legends,1817,2026-09-05T07:38:16Z,en,"['English', 'LEC', 'LCK', 'Worlds2026', 'reaction', 'LCKwatchparty']",2026-09-05,20-28-40,Saturday
316404644337,534168696,tororo_vtuber,491931,Escape from Tarkov,1809,2026-09-05T07:43:18Z,ja,['日本語'],2026-09-05,20-28-40,Saturday
317672244452,25690271,bystaxx,32399,Counter-Strike,1803,2026-09-05T11:39:57Z,es,['Español'],2026-09-05,20-28-40,Saturday
317683361251,38350595,dfg,132735846,ZEVENT,1783,2026-09-05T11:36:13Z,fr,"['Français', 'cheveux', 'DropsActivés']",2026-09-05,20-28-40,Saturday
317648441698,101572475,mckytv,491931,Escape from Tarkov,1780,2026-09-05T11:56:10Z,de,['Deutsch'],2026-09-05,20-28-40,Saturday
318475603557,1028735686,riderencordoba,509672,IRL,1777,2026-09-05T05:16:36Z,es,"['Español', 'IRL', 'rider', 'Cordoba', 'Moto', 'motorcycle', 'bike', 'restaurant', 'food', 'delivery']",2026-09-05,20-28-40,Saturday
316856754388,62300805,nymn,30028,The Elder Scrolls V: Skyrim,1770,2026-09-05T11:33:56Z,en,"['forsen', 'react', 'cat', 'chill', 'gaming', 'English', 'xqc', 'Football', 'watchparty', 'nofrontpage']",2026-09-05,20-28-40,Saturday
318540742758,1301492595,nicistemmler,509672,IRL,1762,2026-09-05T07:37:53Z,de,"['Deutsch', 'IRL']",2026-09-05,20-28-40,Saturday
320241194976,198860406,beatberry_314,509658,Just Chatting,1744,2026-09-05T11:05:41Z,en,"['English', 'DropsEnabled']",2026-09-05,20-28-40,Saturday
316856879188,116738112,pwgood,27471,Minecraft,1743,2026-09-05T11:53:23Z,ru,['Русский'],2026-09-05,20-28-40,Saturday
317649178722,40860651,fenriscreations,13263,EVE Online,1739,2026-09-05T13:19:32Z,en,"['English', 'DropsEnabled']",2026-09-05,20-28-40,Saturday
318341182567,99276543,blauerchiller,1282866981,Delta Force,1738,2026-09-05T05:30:05Z,de,"['Community', 'Kaffee', 'EntspannterStream', 'NEWplayersWelcome', 'Deutsch', 'HuntShowdown', 'DropsAktiviert']",2026-09-05,20-28-40,Saturday
318341283047,72929435,chaos1699,506456,Satisfactory,1734,2026-09-05T05:56:34Z,de,"['Deutsch', 'fragenerlaubt', 'EnglishFriendly']",2026-09-05,20-28-40,Saturday
316415126130,660323231,haumpah,509658,Just Chatting,1725,2026-09-05T10:13:15Z,ko,"['한국어', '中文', 'korean', 'Dance', 'kpop', '日本語', 'ENG', '드롭활성화됨']",2026-09-05,20-28-40,Saturday
317647923810,69592711,areliann,132735846,ZEVENT,1691,2026-09-05T10:52:14Z,fr,"['Français', 'DropsActivés']",2026-09-05,20-28-40,Saturday
316405457905,53395686,qq7925168,516575,VALORANT,1689,2026-09-05T11:21:57Z,zh,['中文'],2026-09-05,20-28-40,Saturday
316472928755,414070550,pira_real,32982,Grand Theft Auto V,1687,2026-09-05T12:31:42Z,ja,['日本語'],2026-09-05,20-28-40,Saturday
316032235369,197367758,hennie2001,509658,Just Chatting,1678,2026-09-05T12:02:03Z,zh,"['中文', '台V', 'Vtuber', '启用掉宝']",2026-09-05,20-28-40,Saturday
315993156456,36552845,suki_re,491487,Dead by Daylight,1673,2026-09-05T08:49:39Z,en,"['English', 'Female', 'Community', 'Variety', 'chill', 'DropsEnabled']",2026-09-05,20-28-40,Saturday
316857051604,1518540769,ainarabdullaev_85630,29595,Dota 2,1672,2026-09-05T12:18:20Z,ru,"['anarabdullaev', 'anarabdulaev', 'anar', 'анарабдулаев', 'АНАРАБДУЛЛАЕВ', 'анар', 'sasavot', 'сасавот', 'ирл', 'irl']",2026-09-05,20-28-40,Saturday
316414824690,605425209,oniyadayo,493057,PUBG: BATTLEGROUNDS,1672,2026-09-05T09:00:27Z,ja,['日本語'],2026-09-05,20-28-40,Saturday
316405586033,620390771,s201111,509658,Just Chatting,1667,2026-09-05T11:51:09Z,zh-hk,"['粵語', '中文', '中文粵語', '香港', 'HongKong', 'HK', '廣東話', 'kpop']",2026-09-05,20-28-40,Saturday
318343698407,151883075,mahluna,490147,Hollow Knight,1663,2026-09-05T11:33:21Z,de,['Deutsch'],2026-09-05,20-28-40,Saturday
318477842789,22712717,tortedelini,327598602,Onimusha: Way of the Sword,1661,2026-09-05T11:12:01Z,en,"['English', 'BackseatingAllowed', 'gorgc', 'tortedelini', 'DropsEnabled', 'onimusha']",2026-09-05,20-28-40,Saturday
315984392914,522478761,hackingnoisess,369418,GeoGuessr,1651,2026-09-05T11:58:02Z,en,"['Speedrun', 'English']",2026-09-05,20-28-40,Saturday
316857310164,64023526,del1ght,32399,Counter-Strike,1636,2026-09-05T12:59:32Z,ru,['Русский'],2026-09-05,20-28-40,Saturday
317683725283,100744948,bagherajones,132735846,ZEVENT,1636,2026-09-05T12:25:50Z,fr,"['Français', 'DropsActivés']",2026-09-05,20-28-40,Saturday
317672705636,36138196,alexelcapo,327598602,Onimusha: Way of the Sword,1633,2026-09-05T12:33:40Z,es,"['Español', 'DropsActivados']",2026-09-05,20-28-40,Saturday
321393615835,59624901,payo,18122,World of Warcraft,1629,2026-09-05T12:47:49Z,en,"['English', 'Québec', 'Quebec', 'Français', 'Canadian', 'Canada', 'PVP', 'WoW', 'Hardcore', 'qc']",2026-09-05,20-28-40,Saturday
316472823667,142720133,ta1yo_tv,515025,Overwatch,1612,2026-09-05T12:11:38Z,ja,['日本語'],2026-09-05,20-28-40,Saturday
316784545621,1009162289,firo76_,509658,Just Chatting,1595,2026-09-05T11:35:09Z,de,"['Deutsch', 'Deutschland', 'Wiederholen', 'DropsAktiviert']",2026-09-05,20-28-40,Saturday
318543406950,108268890,gorgc,29595,Dota 2,1591,2026-09-05T13:01:29Z,en,['English'],2026-09-05,20-28-40,Saturday
321378923227,32657227,spicysushi_poe,1702520304,Path of Exile 2,1582,2026-09-04T18:09:52Z,en,"['English', 'DropsEnabled']",2026-09-05,20-28-40,Saturday
316784276565,130313947,dmitry_bale,327598602,Onimusha: Way of the Sword,1577,2026-09-05T10:42:51Z,ru,"['Vtuber', 'Русский', 'Новинки', 'Игры', 'Общение', 'DropsВключены']",2026-09-05,20-28-40,Saturday
317672014052,39518378,sirmaza,516575,VALORANT,1577,2026-09-05T11:03:07Z,es,"['valorant', 'radiant', 'Español']",2026-09-05,20-28-40,Saturday
316813601366,613410561,blindzonexgod,29595,Dota 2,1559,2026-09-05T11:34:39Z,ru,"['Русский', 'эмо', 'дота', 'dota2', 'качок', 'чадоизада', 'SWAT', 'киска', 'радинеё']",2026-09-05,20-28-40,Saturday
318540483558,57116735,mistercop,1702520304,Path of Exile 2,1551,2026-09-05T06:51:24Z,ru,"['Русский', 'Шизофрения', 'Социопатия', 'фокусы', 'DropsВключены']",2026-09-05,20-28-40,Saturday
316404884465,793808122,bakumatsu_shishi,493057,PUBG: BATTLEGROUNDS,1536,2026-09-05T08:55:22Z,ja,['日本語'],2026-09-05,20-28-40,Saturday
316415136754,400123822,titiseadmin,32982,Grand Theft Auto V,1521,2026-09-05T10:15:21Z,ja,"['日本語', '雑談', 'ストグラ']",2026-09-05,20-28-40,Saturday
316813282902,91465245,fruktozka,509658,Just Chatting,1521,2026-09-05T10:30:06Z,ru,"['Русский', 'Сербский', 'Serbian', 'Позитивныйстрим', 'DropsВключены']",2026-09-05,20-28-40,Saturday
316010933331,30857876,folagorlives,21779,League of Legends,1519,2026-09-05T13:02:00Z,es,['Español'],2026-09-05,20-28-40,Saturday
316472362611,10985633,spygea,55453844,Street Fighter 6,1514,2026-09-05T10:46:00Z,ja,"['日本語', 'スパイギア', 'SPYGEA']",2026-09-05,20-28-40,Saturday
316404915185,11692694,uzra,509658,Just Chatting,1513,2026-09-05T09:04:16Z,zh,"['中文', '启用掉宝']",2026-09-05,20-28-40,Saturday
318542557414,179144678,nezak_,33214,Fortnite,1510,2026-09-05T11:36:09Z,it,['Italiano'],2026-09-05,20-28-40,Saturday
321281855450,117783070,kiyoon,513143,Teamfight Tactics,1503,2026-09-05T09:43:22Z,en,['English'],2026-09-05,20-28-40,Saturday
316811600086,1054415727,sapypo15,29452,Virtual Casino,1502,2026-09-05T01:30:37Z,pt,['Português'],2026-09-05,20-28-40,Saturday
318540861670,40814390,pioupioulover,497497,Brawl Stars,1502,2026-09-05T07:57:24Z,fr,"['Français', 'Esports']",2026-09-05,20-28-40,Saturday
317671049700,86195014,starky,21779,League of Legends,1501,2026-09-05T08:03:10Z,ru,"['Киберспорт', 'Русский', 'LeagueOfLegends', 'LCK', 'LEC', 'LPL', 'English']",2026-09-05,20-28-40,Saturday
316811599318,1054415488,hojuxohip,498566,Slots,1499,2026-09-05T01:30:25Z,pt,['Português'],2026-09-05,20-28-40,Saturday
316813323350,1018986222,mlbb_cis,494184,Mobile Legends: Bang Bang,1493,2026-09-05T10:39:12Z,ru,"['mlbb', 'mcc', 'MLBBEsports', 'mobilelegendsbangbang', 'MOBA', 'mobile', 'esports', 'русская', 'EWC2026', 'msc']",2026-09-05,20-28-40,Saturday
320101299294,492227911,minuself,509672,IRL,1488,2026-09-05T07:40:52Z,de,"['Deutsch', 'German', 'blonde', 'skgaming', 'English']",2026-09-05,20-28-40,Saturday
318476704869,115842730,icebergdoto,29595,Dota 2,1487,2026-09-05T08:45:55Z,ru,"['Русский', 'midorfeed', 'dota2', 'дота2', 'Дота']",2026-09-05,20-28-40,Saturday
316405352177,130947370,aomi_matcha,1264310518,Marvel Rivals,1478,2026-09-05T11:00:36Z,ja,"['韓国語', '日本語', '初見さん歓迎', 'Vtuber', 'drops', '寝落ち', 'Overｗatch2', 'marvelrivals', 'OW2']",2026-09-05,20-28-40,Saturday
318542670054,58115154,mount,369418,GeoGuessr,1473,2026-09-05T11:49:14Z,pt,['Português'],2026-09-05,20-28-40,Saturday
316811599958,1054415634,dizedi71,29452,Virtual Casino,1441,2026-09-05T01:30:37Z,pt,['Português'],2026-09-05,20-28-40,Saturday
318542718822,66094104,coachboop,33214,Fortnite,1420,2026-09-05T11:53:42Z,en,"['Analyst', 'Broadcast', 'ViewingParty', 'CoachBoop', 'Boop', 'FNCS', 'Scrims', 'English']",2026-09-05,20-28-40,Saturday
316405102833,822299689,hikari_hira,32982,Grand Theft Auto V,1419,2026-09-05T10:00:46Z,ja,"['vtuber', '日本語']",2026-09-05,20-28-40,Saturday
316031239145,102192603,mimiluckying,516575,VALORANT,1412,2026-09-05T06:58:37Z,zh,['中文'],2026-09-05,20-28-40,Saturday
316412221298,25202416,shuteye_orange,902998079,Halloween: The Game,1405,2026-09-04T17:38:59Z,zh,"['中文', '恐怖遊戲', 'Horror', '恐怖', '燕雲十六聲', 'wherewindsmeet', '鬼武者', 'onimusha', '鬼武者ws', 'PR']",2026-09-05,20-28-40,Saturday
318542691814,1537476180,yancykars,498566,Slots,1404,2026-09-05T11:51:14Z,de,['Deutsch'],2026-09-05,20-28-40,Saturday
320238523488,754571401,elcalvolol,509672,IRL,1403,2026-09-05T03:10:39Z,es,['Español'],2026-09-05,20-28-40,Saturday
316405086321,476287292,shikamemadokaaa,513143,Teamfight Tactics,1402,2026-09-05T09:56:04Z,ja,['日本語'],2026-09-05,20-28-40,Saturday
318541611622,23857542,preachlfw,18122,World of Warcraft,1399,2026-09-05T09:45:42Z,en,"['English', 'DropsEnabled']",2026-09-05,20-28-40,Saturday
318540744678,803142740,alibumayetv,509672,IRL,1399,2026-09-05T07:38:03Z,de,['Deutsch'],2026-09-05,20-28-40,Saturday
318541607142,163488747,n3utr4lsf,510389,Shakes and Fidget,1393,2026-09-05T09:45:07Z,pl,"['shakes', 'fidget', 'shakesfidget', 'Polski', 'DropyWłączone']",2026-09-05,20-28-40,Saturday
316811599062,1054415674,synare35,498566,Slots,1390,2026-09-05T01:30:25Z,en,['English'],2026-09-05,20-28-40,Saturday
318467066341,636587384,alveussanctuary,272263131,"Animals, Aquariums, and Zoos",1389,2026-09-04T13:31:22Z,en,"['English', 'TogetherForGood', 'purplemartins', 'Charity', 'DropsEnabled']",2026-09-05,20-28-40,Saturday
318474882021,598365549,xah0b,921298138,BOMBANANA!,1387,2026-09-05T01:31:41Z,ru,"['Русский', 'СиськиТут', 'Ханов', 'Hanov', 'СиндромДауна', 'СосуСтинтику', 'НародныйСтример', 'ДелаетРазницу', 'ПАХАН']",2026-09-05,20-28-40,Saturday
320090130782,456577681,xthefarmerx,1702520304,Path of Exile 2,1387,2026-09-04T16:11:42Z,en,"['English', 'Bat', 'degeneracy', 'PoE', 'DropsEnabled']",2026-09-05,20-28-40,Saturday
317666411748,19013029,carn_,1702520304,Path of Exile 2,1385,2026-09-04T18:10:06Z,en,"['English', 'DropsEnabled']",2026-09-05,20-28-40,Saturday
316856419284,76036152,murzofix,32399,Counter-Strike,1381,2026-09-05T10:40:57Z,ru,['Русский'],2026-09-05,20-28-40,Saturday
316812251606,135377687,posty,263490,Rust,1381,2026-09-05T06:28:20Z,en,"['FPS', 'PVP', 'English', 'solo', 'xd', 'Rust', 'highpop', 'GOAT', 'DropsEnabled']",2026-09-05,20-28-40,Saturday
316031937897,1047145019,mayj0501,516575,VALORANT,1373,2026-09-05T10:31:08Z,zh,"['中文', '魔法師', '暴言系', '手手', '打瓦裏人格', '躁躁人', 'Vtuber', '怪人']",2026-09-05,20-28-40,Saturday
318541087334,48082917,jokerdtv,417528,Albion Online,1373,2026-09-05T08:30:36Z,en,"['MMORPG', 'English', 'drops', 'DropsEnabled']",2026-09-05,20-28-40,Saturday
317647412706,776265611,eleezabet,509658,Just Chatting,1372,2026-09-05T09:34:28Z,ru,"['Русский', 'girls', 'English', 'DropsВключены']",2026-09-05,20-28-40,Saturday
316055703274,906723758,theboxlily,509658,Just Chatting,1372,2026-09-05T12:46:38Z,zh,"['唱歌', '森森鈴蘭', 'Vtuber', '中文', '启用掉宝']",2026-09-05,20-28-40,Saturday
316785167189,144663813,es4xtank,18122,World of Warcraft,1368,2026-09-05T13:21:17Z,ru,"['csgo', 'Победитель', 'тигр', 'Шоу', 'Турниры', 'Киберспорт', 'ДЕД', 'ТОП', 'Русский', 'интересный']",2026-09-05,20-28-40,Saturday
316031924713,179896802,berticuss,796500915,Halo: Campaign Evolved,1365,2026-09-05T10:27:29Z,en,"['gaming', 'Australian', 'English', 'adhd', 'girl', 'Woman', 'meme', 'SweatPants', 'ObnoxiousBrightness', 'Treadmillstreamer']",2026-09-05,20-28-40,Saturday
320196496860,63704330,kugothaboss,512710,Call of Duty: Warzone,1362,2026-09-05T13:10:14Z,en,"['roleplay', 'lazy', 'English']",2026-09-05,20-28-40,Saturday
318478204005,32659255,zombey,1682038606,Friendly Steps,1352,2026-09-05T11:50:38Z,de,"['Zombey', 'Deutsch']",2026-09-05,20-28-40,Saturday
317648484706,924287633,fragger_sandropt,33214,Fortnite,1350,2026-09-05T12:00:11Z,pt,['Português'],2026-09-05,20-28-40,Saturday
316054990698,415447735,bebahan,601470178,Just Dance 2026 Edition,1350,2026-09-05T09:16:10Z,en,"['Chatting', 'Woman', 'English', 'Chatty', 'Interactive', 'British', 'Girl', 'Fun', '18plus', 'maturecontent']",2026-09-05,20-28-40,Saturday
316030349417,1271691897,riftbound,1751366933,Riftbound,1346,2026-09-05T01:39:44Z,en,"['Riftbound', 'English']",2026-09-05,20-28-40,Saturday
317683256547,62651386,general_hs_,21779,League of Legends,1346,2026-09-05T11:18:40Z,ru,"['Русский', 'АХАХАХАХАХА', 'активныйстример', 'Амазинг', 'Антискам', 'Азиаточки', 'ахуитизм', 'папик']",2026-09-05,20-28-40,Saturday
316855726164,27954235,nuke73,509658,Just Chatting,1342,2026-09-05T08:29:14Z,ru,"['Русский', 'DropsВключены']",2026-09-05,20-28-40,Saturday
317670558436,150716625,fefegg,132735846,ZEVENT,1338,2026-09-05T05:00:44Z,fr,"['drops', 'tokens', 'esports', 'overwatch', 'Français', 'worldcup2026', 'DropsActivés']",2026-09-05,20-28-40,Saturday
318478868453,511896289,atowwwww,30921,Rocket League,1332,2026-09-05T12:51:55Z,fr,"['France', 'belge', 'Français', 'rocketleague', 'pro', 'stream', 'Karminecorp', 'KCORP']",2026-09-05,20-28-40,Saturday
321391243739,18731326,celerity,745589378,Balatro,1332,2026-09-05T06:08:26Z,en,"['Chill', 'Analytical', 'AYAYA', 'Ally', 'English']",2026-09-05,20-28-40,Saturday
317387607799,543631090,gnomonkey,459931,Old School RuneScape,1301,2026-09-05T06:27:53Z,en,"['English', 'OSRS', 'Guidemaker', 'Speedrunner', 'WorldsFirstChaser', 'HCIM', 'DropsEnabled']",2026-09-05,20-28-40,Saturday
316415771762,226535110,ukyochi_jp,511229,Pogostuck: Rage With Your Friends,1297,2026-09-05T12:26:54Z,ja,"['日本語', 'Vtuber']",2026-09-05,20-28-40,Saturday
316164658667,55867919,agromorph,1702520304,Path of Exile 2,1296,2026-09-04T18:53:19Z,ru,"['Русский', 'дофаминовыекачели', 'дофаминовоеголодание', 'DropsВключены']",2026-09-05,20-28-40,Saturday
317682817123,40729999,damdamlive,132735846,ZEVENT,1285,2026-09-05T10:00:44Z,fr,"['fr', 'discussion', 'français', 'damdamlive', 'chill', 'Français', 'zevent', 'Zevent2026', 'CharityStream']",2026-09-05,20-28-40,Saturday
316812991190,23838963,mrrapolas,386821,Black Desert,1284,2026-09-05T09:28:53Z,en,"['English', 'DropsEnabled']",2026-09-05,20-28-40,Saturday
316055226730,566506186,pubgthailandofficial,493057,PUBG: BATTLEGROUNDS,1267,2026-09-05T10:29:19Z,th,['ภาษาไทย'],2026-09-05,20-28-40,Saturday
318342680167,139208197,sologesang,513143,Teamfight Tactics,1265,2026-09-05T09:33:35Z,de,"['Deutsch', 'English', 'Vietnamese', 'FUTUREWORLDSWINNER', 'FUTUREDÖNERGIVEAWAYER']",2026-09-05,20-28-40,Saturday
316785036629,656133051,imkassai,513501,Standoff 2,1263,2026-09-05T13:01:58Z,ru,"['kasai', 'Русский', 'standoff2', 'kasaistandoff2', 'касай', 'касайстандофф2', 'безчитов', 'IMKASSAI', 'imkasai', 'chetskasai']",2026-09-05,20-28-40,Saturday
316813457494,61294188,anniefuchsia,674491029,Star Wars Zero Company,1252,2026-09-05T11:06:08Z,en,"['Swedish', 'Svenska', 'ADHD', 'Girl', 'EarlyAccess', 'Variety', 'Female', 'English', 'CC']",2026-09-05,20-28-40,Saturday
316784669909,43580012,dimonsterus,29595,Dota 2,1251,2026-09-05T11:58:56Z,ru,['Русский'],2026-09-05,20-28-40,Saturday
317647308258,144395004,linca,132735846,ZEVENT,1250,2026-09-05T09:16:41Z,fr,"['Français', 'DropsActivés']",2026-09-05,20-28-40,Saturday
318343342439,91647183,katoo,33214,Fortnite,1246,2026-09-05T10:54:04Z,de,"['Deutsch', 'German', 'Fortnite']",2026-09-05,20-28-40,Saturday
318343138919,144122036,awkscs,32399,Counter-Strike,1227,2026-09-05T10:30:14Z,en,['English'],2026-09-05,20-28-40,Saturday
318540693478,8822303,overpow,1357871551,The Blood of Dawnwalker,1221,2026-09-05T07:29:58Z,pl,"['Polski', 'DropyWłączone']",2026-09-05,20-28-40,Saturday
318342120935,39159998,naguura,31339,Project Zomboid,1217,2026-09-05T08:24:41Z,de,"['Educational', 'English', 'German', 'Deutsch']",2026-09-05,20-28-40,Saturday
318461653733,106159308,gronkhtv,30028,The Elder Scrolls V: Skyrim,1209,2026-09-03T21:11:52Z,de,['Deutsch'],2026-09-05,20-28-40,Saturday
321375010523,84316241,penta,32982,Grand Theft Auto V,1206,2026-09-04T08:29:32Z,en,"['English', 'Educational', 'Socialeating', 'DropsEnabled']",2026-09-05,20-28-40,Saturday
317647385058,585661357,wabiiisabii,32399,Counter-Strike,1205,2026-09-05T09:29:44Z,en,"['English', 'Esports', 'washedplayer', 'INSANEGAMEPLAY', 'CS2', 'counterstrike', 'KNIFYGG', 'girlgamers', 'Heroic']",2026-09-05,20-28-40,Saturday
318478454885,49440419,qojqva,29595,Dota 2,1202,2026-09-05T12:13:37Z,en,['English'],2026-09-05,20-28-40,Saturday
318542279014,39176440,dendi,29595,Dota 2,1197,2026-09-05T11:03:51Z,en,"['English', 'dota', 'MOBA', 'dota2']",2026-09-05,20-28-40,Saturday
317647662946,26567552,jirayalecochon,132735846,ZEVENT,1197,2026-09-05T10:12:46Z,fr,"['Français', 'DropsActivés']",2026-09-05,20-28-40,Saturday
316414613490,797780136,shuto_fgc,55453844,Street Fighter 6,1196,2026-09-05T08:02:05Z,ja,"['日本語', 'streeetfighter6', 'under', '雑談']",2026-09-05,20-28-40,Saturday
318341409127,175503821,benice92,138585,Hearthstone,1192,2026-09-05T06:25:06Z,en,"['English', 'Autobattler', 'Chıll', 'Educational']",2026-09-05,20-28-40,Saturday
316813845078,450012016,gaechkatm,509658,Just Chatting,1189,2026-09-05T12:13:20Z,ru,"['Русский', 'English', 'общение', 'галя', 'тикток', 'рейджбайт', 'нижнийинтернет', 'гайкократия', 'DropsВключены']",2026-09-05,20-28-40,Saturday
318341847271,115340082,palsteron,1702520304,Path of Exile 2,1188,2026-09-05T07:46:58Z,en,"['English', 'DropsEnabled']",2026-09-05,20-28-40,Saturday
317671052004,135629563,snoodyboo,513143,Teamfight Tactics,1183,2026-09-05T08:03:40Z,es,['Español'],2026-09-05,20-28-40,Saturday
315482445423,29103119,cawai0147,509658,Just Chatting,1175,2026-09-05T10:08:37Z,zh,"['中文', '聊天', '한국어', '練等', '聊天', '启用掉宝']",2026-09-05,20-28-40,Saturday
316405763185,869502701,deep_learning_f,509658,Just Chatting,1171,2026-09-05T12:17:23Z,ja,"['ADHD', '雑談', 'ALGS', '日本語', 'apex', 'ユリース', '1tappy', '4rufa', 'REJECT', 'Axis']",2026-09-05,20-28-40,Saturday
318341708391,56580252,deadrabb1t,1702520304,Path of Exile 2,1165,2026-09-05T07:23:49Z,en,"['Positivity', 'AMA', 'ADHD', 'Interactive', 'Chatty', 'Educational', 'music', 'metalcore', 'Metal', 'English']",2026-09-05,20-28-40,Saturday
316055067626,66548548,dingding248,516575,VALORANT,1164,2026-09-05T09:39:25Z,zh,['中文'],2026-09-05,20-28-40,Saturday
316784969045,254947119,nattynattlol,21779,League of Legends,1164,2026-09-05T12:51:44Z,en,['English'],2026-09-05,20-28-40,Saturday
316856356052,94885016,mary_day,29595,Dota 2,1163,2026-09-05T10:30:48Z,ru,"['invoker', 'Русский', 'pups', 'ебанутыйпсих', 'добрякскотами', 'эскапизм']",2026-09-05,20-28-40,Saturday
316405913585,126933869,tkch_taisyou,921298138,BOMBANANA!,1157,2026-09-05T12:44:53Z,ja,['日本語'],2026-09-05,20-28-40,Saturday
318338016231,1536707489,fuegopleno,498566,Slots,1156,2026-09-04T20:16:38Z,es,['Español'],2026-09-05,20-28-40,Saturday
316415382130,41040104,foxrabbit,32982,Grand Theft Auto V,1156,2026-09-05T11:16:31Z,ja,"['fps', '日本語', '鳩禁止', 'ストグラ']",2026-09-05,20-28-40,Saturday
316055218282,100438963,ko0416,516575,VALORANT,1154,2026-09-05T10:25:53Z,zh,['中文'],2026-09-05,20-28-40,Saturday
316055230186,150323309,mee_shell,514891,Timberborn,1151,2026-09-05T10:30:24Z,en,"['NewZealand', 'Chatty', 'NZ', 'English', 'Kiwi', 'OCE', 'DropsEnabled']",2026-09-05,20-28-40,Saturday
318540633446,200080536,raidergo,21779,League of Legends,1150,2026-09-05T07:18:11Z,en,"['English', 'leagueoflegends', 'Challenger', 'Darius', 'Jax', 'Olaf', 'Camille', 'DrMundo', 'Yorick', 'RANK1EUW']",2026-09-05,20-28-40,Saturday
316415169906,700262945,idoce_69,516575,VALORANT,1148,2026-09-05T10:25:11Z,zh,"['中文', '冥想台', '聊天']",2026-09-05,20-28-40,Saturday
317648857698,60256640,flamby,132735846,ZEVENT,1139,2026-09-05T12:42:37Z,fr,"['Français', 'DropsActivés']",2026-09-05,20-28-40,Saturday
321392009051,32133240,jenazad,511554,Arknights,1137,2026-09-05T07:25:48Z,en,"['English', 'Anime', 'Mindbreak']",2026-09-05,20-28-40,Saturday
316055476202,186322512,hoangluanblv,21779,League of Legends,1135,2026-09-05T11:42:32Z,vi,['TiếngViệt'],2026-09-05,20-28-40,Saturday
315467697262,139482710,kant0211,516575,VALORANT,1122,2026-09-05T08:11:08Z,zh,"['中文', '動作', 'fps']",2026-09-05,20-28-40,Saturday
316204393837,254907342,ott4,499634,Crypto,1116,2026-09-05T11:17:48Z,en,['English'],2026-09-05,20-28-40,Saturday
317647806306,175560856,hctuan,132735846,ZEVENT,1112,2026-09-05T10:34:33Z,fr,"['Français', 'DropsActivés']",2026-09-05,20-28-40,Saturday
318540683622,43233615,korb3n,29595,Dota 2,1110,2026-09-05T07:27:54Z,ru,['Русский'],2026-09-05,20-28-40,Saturday
317648368354,422770569,nakoo_fn,33214,Fortnite,1103,2026-09-05T11:48:26Z,es,['Español'],2026-09-05,20-28-40,Saturday
316405117297,147479110,ow_pepper,32982,Grand Theft Auto V,1101,2026-09-05T10:03:02Z,ja,['日本語'],2026-09-05,20-28-40,Saturday
318344048487,894649045,tenkedzu,493057,PUBG: BATTLEGROUNDS,1097,2026-09-05T12:05:43Z,ru,['Русский'],2026-09-05,20-28-40,Saturday
318476078565,25270623,florryworry,1414406743,Europa Universalis V,1097,2026-09-05T07:04:23Z,en,"['English', 'Strategy']",2026-09-05,20-28-40,Saturday
315964166225,8535909,ukog,2060730947,Le Mans Ultimate,1095,2026-09-05T08:29:22Z,en,"['Simracing', 'English', '1440p']",2026-09-05,20-28-40,Saturday
317683540067,805607315,emmodem,509658,Just Chatting,1086,2026-09-05T12:01:01Z,fr,"['Français', 'Politique', 'cool', 'chouffin', 'alibi', 'DropsActivés']",2026-09-05,20-28-40,Saturday
316783524053,790796770,ttobias_lol,21779,League of Legends,1080,2026-09-05T07:53:29Z,pl,"['Polski', 'English', 'zed', 'OTP', 'Hardstyle', 'Midlane', 'Coaching', 'leagueoflegends', 'Challenger', 'music']",2026-09-05,20-28-40,Saturday
318541005798,531019578,ronnyberger,509672,IRL,1078,2026-09-05T08:18:18Z,de,"['Deutsch', 'vlog', 'Christ', 'Berlin', 'outdoor', 'ifa', 'Berlin']",2026-09-05,20-28-40,Saturday
315500879728,144947284,tritonpoker,488190,Poker,1076,2026-09-05T04:44:42Z,en,"['English', 'poker', 'pokerlivestream', 'pokertournament', 'tritonpoker', 'DropsEnabled']",2026-09-05,20-28-40,Saturday
316813766102,444489548,darknikoff,493057,PUBG: BATTLEGROUNDS,1073,2026-09-05T12:02:07Z,ru,"['dark', 'darknikoff', 'darknik', 'Русский']",2026-09-05,20-28-40,Saturday
317683003747,40383341,trinity,132735846,ZEVENT,1072,2026-09-05T10:35:11Z,fr,"['Français', 'Voyage', 'vanlife', 'roadtrip', 'travel', 'IRL', 'vlog', 'aventure', 'DropsActivés']",2026-09-05,20-28-40,Saturday
318540889190,499652341,salmmus,509658,Just Chatting,1063,2026-09-05T08:00:27Z,en,"['English', 'bully', 'Dentge', 'womaninkitchen', 'NotAGodGamer', 'CrazyCatLady', 'DropsEnabled']",2026-09-05,20-28-40,Saturday
318342514279,44281267,lost,743893402,WARDOGS,1062,2026-09-05T09:13:48Z,de,"['multiplayer', 'battleroyale', 'lustig', 'reacts', 'Deutsch', 'reaction', 'extraction', 'SurvivaI', 'Lehrreich', 'DropsAktiviert']",2026-09-05,20-28-40,Saturday
318342740455,454610612,hakon,509658,Just Chatting,1058,2026-09-05T09:41:25Z,de,"['Reaction', 'Deutsch', 'youtube', 'entertainment', 'IRL', 'tattoo', 'justchatting', 'DropsAktiviert']",2026-09-05,20-28-40,Saturday
318343976807,269636706,gripey,33214,Fortnite,1047,2026-09-05T11:59:51Z,de,"['Deutsch', 'Fortnite', 'WAVEBOYS', 'Wave', 'drops']",2026-09-05,20-28-40,Saturday
316812452950,85463072,randombrucetv,21779,League of Legends,1041,2026-09-05T07:35:08Z,pl,"['Polski', 'lol', 'leagueoflegends']",2026-09-05,20-28-40,Saturday
316472418419,113043299,tachikawabr,55453844,Street Fighter 6,1038,2026-09-05T10:59:09Z,ja,['日本語'],2026-09-05,20-28-40,Saturday
316055096042,208760543,rainbow6jp,460630,Rainbow Six Siege,1035,2026-09-05T09:48:58Z,ja,"['r6s', '日本語', 'RSM', 'r6mobile', 'シージ', 'レインボーシックスシージ', 'R6S', 'r6siege', 'プロリーグ', 'Drops有効']",2026-09-05,20-28-40,Saturday
316472179187,163213344,title_tft,513143,Teamfight Tactics,1033,2026-09-05T09:57:07Z,ja,['日本語'],2026-09-05,20-28-40,Saturday
318342693479,27370971,xnapycz,21779,League of Legends,1024,2026-09-05T09:35:29Z,cs,"['Čeština', 'costreaming', 'LEC']",2026-09-05,20-28-40,Saturday
320196149340,876622488,lilah,499003,VRChat,1023,2026-09-05T12:05:22Z,en,"['English', 'Vtuber', 'ENVtuber', 'catgirl', 'kombuchaforever', 'ASMR', 'Dance', 'artist', 'OptOutGenAI', 'Lilac']",2026-09-05,20-28-40,Saturday
316855650644,121228500,casinodaddy,498566,Slots,1019,2026-09-05T08:08:23Z,en,"['English', 'justchatting', 'gaming', 'IRL', 'Fortnite', 'minecraft', 'GrandTheftAutoV', 'leagueoflegends', 'valorant', 'counterstrike2']",2026-09-05,20-28-40,Saturday
316857109204,656270879,m4ga,32399,Counter-Strike,1014,2026-09-05T12:28:12Z,ru,"['Русский', 'CS2', 'm4ga']",2026-09-05,20-28-40,Saturday
316784470997,110812074,relaxcis,516575,VALORANT,1012,2026-09-05T11:21:05Z,ru,"['Русский', 'valorant', 'deadinside', '89squad', 'Freak', 'masterscostream', 'Русский']",2026-09-05,20-28-40,Saturday
318541792870,1232313468,yellowhouserealityshow,509658,Just Chatting,1011,2026-09-05T10:07:41Z,it,"['Italiano', 'DropAbilitati']",2026-09-05,20-28-40,Saturday
317648672226,175243955,miguelillo_rl,77926352,Click the Button,1011,2026-09-05T12:20:20Z,es,['Español'],2026-09-05,20-28-40,Saturday
321282085978,88257023,skylordzoey,514891,Timberborn,1009,2026-09-05T11:03:48Z,en,"['Trans', 'Transgender', 'LGBTQIAPlus', 'English', 'Vtuber', 'Quirky', 'Loud', 'Vtuber', 'NoGenAI']",2026-09-05,20-28-40,Saturday
318341342183,26341777,psherotv,18122,World of Warcraft,1008,2026-09-05T06:09:06Z,en,"['English', 'chill', 'MMORPG', 'Educational', 'Bulgarian', 'DropsEnabled']",2026-09-05,20-28-40,Saturday
316405973617,22596190,takesipon,902998079,Halloween: The Game,1007,2026-09-05T12:56:29Z,zh,['中文'],2026-09-05,20-28-40,Saturday
317681988323,133402142,barbe___douce,132735846,ZEVENT,1003,2026-09-05T06:49:47Z,fr,"['ankama', 'dofus', 'mmorpg', 'français', 'Digresseurprofessionnel', 'PvM', 'Quetes', 'Succes', 'Monocompte', 'Discussion']",2026-09-05,20-28-40,Saturday
316857100884,188614162,gloriamatvien,509658,Just Chatting,1000,2026-09-05T12:26:32Z,en,"['irl', 'dance', 'English', 'Chatting', '댄스', 'Русский', 'DropsEnabled']",2026-09-05,20-28-40,Saturday
316812509782,37133754,prefoxfox,18122,World of Warcraft,998,2026-09-05T07:52:53Z,en,"['English', 'DropsEnabled', 'Speedrunning']",2026-09-05,20-28-40,Saturday
318543540966,45921282,redcs,32399,Counter-Strike,993,2026-09-05T13:14:16Z,de,"['Deutsch', 'cs', 'counterstrike', 'german', 'gaming', 'English', 'watchparty', 'donk', 'CS2', 'csgo']",2026-09-05,20-28-40,Saturday
318477504741,1125750750,batonimaslo,509659,ASMR,990,2026-09-05T10:32:36Z,en,['English'],2026-09-05,20-28-40,Saturday
316054946538,1501868505,milesmoretti,509672,IRL,987,2026-09-05T09:02:53Z,en,['English'],2026-09-05,20-28-40,Saturday
317647109730,126360993,proteam,132735846,ZEVENT,982,2026-09-05T08:43:05Z,fr,"['Français', 'DropsActivés']",2026-09-05,20-28-40,Saturday
320233791072,1312862940,asmongold247,515024,Diablo IV,980,2026-09-04T22:24:06Z,en,['English'],2026-09-05,20-28-40,Saturday
316414822130,741229569,amakipururu,493057,PUBG: BATTLEGROUNDS,980,2026-09-05T08:59:30Z,ja,"['Vtuber', 'ネタバレ禁止', '日本語', 'ネタバレ注意']",2026-09-05,20-28-40,Saturday
317682874595,84240904,humility,132735846,ZEVENT,975,2026-09-05T10:10:26Z,fr,"['Français', 'DropsActivés']",2026-09-05,20-28-40,Saturday
320195873244,119522206,trey24k,491931,Escape from Tarkov,973,2026-09-05T11:03:06Z,en,"['English', 'pain', 'suffering']",2026-09-05,20-28-40,Saturday
320192035548,174754672,prod,498566,Slots,970,2026-09-05T01:58:29Z,en,"['PROD', 'English']",2026-09-05,20-28-40,Saturday
316472193139,102173799,ajikichi,32982,Grand Theft Auto V,964,2026-09-05T10:00:05Z,ja,"['日本語', '雑談', 'PUBG', 'ストグラ', '味野環九郎']",2026-09-05,20-28-40,Saturday
317672209124,101234264,crocodyletv,132735846,ZEVENT,957,2026-09-05T11:34:39Z,fr,"['Français', 'DropsActivés']",2026-09-05,20-28-40,Saturday
317684091491,122208625,rtparenacs,32399,Counter-Strike,956,2026-09-05T13:11:04Z,pt,"['Português', 'CS2', 'counterstrike', 'CS', 'BLAST', 'BLASTPorto', 'Vitality', 'Falcons', 'Spirit', 'MOUZ']",2026-09-05,20-28-40,Saturday
316055706090,43177431,asiagodtonegg3be0,488190,Poker,956,2026-09-05T12:47:21Z,zh,['中文'],2026-09-05,20-28-40,Saturday
318542215526,24657677,back2warcraft,12924,Warcraft III,955,2026-09-05T10:57:35Z,en,"['Esports', 'strategy', 'rts', 'English', 'Deutsch']",2026-09-05,20-28-40,Saturday
318343385575,24641245,praden,344035090,Kingdom Come: Deliverance II,955,2026-09-05T11:00:00Z,ru,"['Русский', 'Вараети', 'Геймер', 'Реактор', 'Комедия', 'Депрессия', 'Дислексия', 'СДВГ', 'Ключи']",2026-09-05,20-28-40,Saturday
317672721380,941711372,bissodmf,509658,Just Chatting,953,2026-09-05T12:35:43Z,fr,"['gaming', 'bisso', 'Français', 'Rediffusion', 'DropsActivés']",2026-09-05,20-28-40,Saturday
317682542691,32183344,kennystream,132735846,ZEVENT,951,2026-09-05T09:03:03Z,fr,"['Français', 'DropsActivés']",2026-09-05,20-28-40,Saturday
316856742100,86674787,unutcon,12839,Heroes of Might and Magic III: The Restoration of Erathia,946,2026-09-05T11:32:21Z,ru,['Русский'],2026-09-05,20-28-40,Saturday
320089454814,105458682,bobross,509660,Art,942,2026-09-04T14:35:15Z,en,"['English', 'DropsEnabled']",2026-09-05,20-28-40,Saturday
316855555540,56715467,neonomi,1414860634,The Binding of Isaac: Repentance,940,2026-09-05T07:43:03Z,ru,"['Русский', 'English']",2026-09-05,20-28-40,Saturday
316009878483,199584859,casson,1945673289,The Mortuary Assistant,940,2026-09-05T04:20:46Z,en,"['British', 'English', 'chatting', 'horrorgames', 'DropsEnabled']",2026-09-05,20-28-40,Saturday
317682628451,108194117,splinter,132735846,ZEVENT,938,2026-09-05T09:23:05Z,fr,"['Français', 'DropsActivés']",2026-09-05,20-28-40,Saturday
317671191652,79233769,thegreatreview,132735846,ZEVENT,937,2026-09-05T08:36:38Z,fr,"['Français', 'DropsActivés']",2026-09-05,20-28-40,Saturday
315992815080,58686695,hyper2374,513181,Genshin Impact,936,2026-09-05T06:59:24Z,zh,"['中文', '搞笑擔當', '開台持久', '群皆大佬']",2026-09-05,20-28-40,Saturday
316784425813,280197012,alle,491931,Escape from Tarkov,933,2026-09-05T11:11:58Z,en,"['THEBEST', 'LABS', 'SCHIZOMODE', 'NOONEISBETTER', 'aimbotting', 'betterthanyou', 'English', 'NEVERGOON', 'Top1MostHumble']",2026-09-05,20-28-40,Saturday
316404884849,229306012,yunocy,493057,PUBG: BATTLEGROUNDS,931,2026-09-05T08:55:28Z,ja,['日本語'],2026-09-05,20-28-40,Saturday
317647397602,1420579810,les,21779,League of Legends,928,2026-09-05T09:31:45Z,es,"['leagueoflegends', 'español', 'Español', 'esports', 'LEC']",2026-09-05,20-28-40,Saturday
316856531924,115769467,pekkocs,32399,Counter-Strike,922,2026-09-05T10:59:04Z,fi,"['Faceit', 'pro', 'suomi', 'FPL', 'english', 'CS2', 'Suomi', 'pekkocs', 'tiktok', 'lasivettä']",2026-09-05,20-28-40,Saturday
318476652901,1033052690,fnrax,33214,Fortnite,919,2026-09-05T08:38:14Z,it,"['Italiano', 'Inglese', 'Fortnite']",2026-09-05,20-28-40,Saturday
316855467092,121202124,hadi_ow,515025,Overwatch,919,2026-09-05T07:14:55Z,en,"['top500', 'german', 'English', 'Reinhardt', 'overwatch', 'Dominator', 'OWCS']",2026-09-05,20-28-40,Saturday
316032392425,31673401,gunguno,32399,Counter-Strike,914,2026-09-05T12:46:15Z,zh,"['顏值', '射擊', '幽默', '錢來就幹', '掉宝開启', 'English', '中文', '飆哥開示了', '启用掉宝']",2026-09-05,20-28-40,Saturday
317684127843,129289579,krl_stream,32399,Counter-Strike,914,2026-09-05T13:15:24Z,fr,"['Français', 'KRL', 'CS2']",2026-09-05,20-28-40,Saturday
320193370204,9244832,timmac,743893402,WARDOGS,911,2026-09-05T03:34:21Z,en,"['Roleplay', 'English', 'DropsEnabled']",2026-09-05,20-28-40,Saturday
316856474196,32184566,rxnexus,29595,Dota 2,910,2026-09-05T10:49:57Z,ru,['Русский'],2026-09-05,20-28-40,Saturday
318960227572,44099416,rakin,743893402,WARDOGS,910,2026-09-05T12:44:01Z,pt,"['Português', 'DropsAtivados']",2026-09-05,20-28-40,Saturday
318478069349,147649918,dimeax,369418,GeoGuessr,908,2026-09-05T11:36:24Z,de,['Deutsch'],2026-09-05,20-28-40,Saturday
318477157733,25452510,nervarien,21779,League of Legends,905,2026-09-05T09:47:42Z,pl,['Polski'],2026-09-05,20-28-40,Saturday
316404896497,216351084,dasoku_aniki,493057,PUBG: BATTLEGROUNDS,904,2026-09-05T08:59:22Z,ja,"['日本語', '雑談', '40代', '50代', 'イケオジ']",2026-09-05,20-28-40,Saturday
316813901782,81121152,hyver,509658,Just Chatting,899,2026-09-05T12:23:39Z,ru,['Русский'],2026-09-05,20-28-40,Saturday
318342920039,46768129,byalli,32399,Counter-Strike,898,2026-09-05T10:02:50Z,pl,"['Polski', 'English', 'CS2', 'cs', 'faceit']",2026-09-05,20-28-40,Saturday
318540857574,493581300,ordinaryharry,1743359147,MARVEL SNAP,896,2026-09-05T07:56:40Z,en,"['English', 'Educational', 'BeginnerFriendly', 'DropsEnabled']",2026-09-05,20-28-40,Saturday
317682819683,43976593,zaboutine,21779,League of Legends,893,2026-09-05T10:01:08Z,fr,"['Français', 'Analyse', 'Esports']",2026-09-05,20-28-40,Saturday
316856940628,142272036,k1im,493057,PUBG: BATTLEGROUNDS,883,2026-09-05T12:01:22Z,ru,['Русский'],2026-09-05,20-28-40,Saturday
316473225715,1016942766,kyoyu_shiroya,32982,Grand Theft Auto V,878,2026-09-05T13:23:04Z,ja,"['VTuber', '日本語', 'ネタバレ禁止', 'ネタバレ注意', 'のりプロ', '雑談', 'ストグラ']",2026-09-05,20-28-40,Saturday
318541351526,22386881,bonkol,509658,Just Chatting,875,2026-09-05T09:08:57Z,pl,"['polski', 'gry', 'retro', 'Polski', 'IRL', 'śląski', 'DropyWłączone']",2026-09-05,20-28-40,Saturday
315964208721,124604785,kragiee,1264310518,Marvel Rivals,874,2026-09-05T08:50:44Z,en,['English'],2026-09-05,20-28-40,Saturday
318541588838,1537440926,piersray,498566,Slots,872,2026-09-05T09:43:12Z,es,['Español'],2026-09-05,20-28-40,Saturday
318344514791,127361301,antilipsi,509658,Just Chatting,865,2026-09-05T12:51:16Z,el,"['greek', 'English', 'Lissandra', 'Deutsch', 'Challenger', 'Tier3', 'Κύπρος', 'Cyprus', 'Greece', 'Ελληνικά']",2026-09-05,20-28-40,Saturday
320196284764,852883323,primatepaige,509672,IRL,865,2026-09-05T12:34:22Z,en,"['English', 'handsome']",2026-09-05,20-28-40,Saturday
318540361574,23823129,rangerarea,1428038415,Project ZETA,859,2026-09-05T06:22:16Z,de,"['Deutsch', 'Variety', 'Strategie', 'Roleplay', 'LetsPlay', 'Gemütlich', 'PvE', 'Ironie', 'games']",2026-09-05,20-28-40,Saturday
318338598247,31239503,eslcs,32399,Counter-Strike,858,2026-09-04T21:05:57Z,en,['English'],2026-09-05,20-28-40,Saturday
318888204021,1078197656,nokan777,29452,Virtual Casino,857,2026-09-05T12:13:12Z,pt,['Português'],2026-09-05,20-28-40,Saturday
316405985649,165572706,dmf_kyochan,493057,PUBG: BATTLEGROUNDS,857,2026-09-05T12:58:06Z,ja,['日本語'],2026-09-05,20-28-40,Saturday
316856028756,235644046,wildanimalhs,138585,Hearthstone,854,2026-09-05T09:32:40Z,ru,['Русский'],2026-09-05,20-28-40,Saturday
316415059186,180584676,leotukuyomi,32982,Grand Theft Auto V,853,2026-09-05T09:59:45Z,ja,['日本語'],2026-09-05,20-28-40,Saturday
318540866022,427688883,playerd,497497,Brawl Stars,847,2026-09-05T07:57:59Z,it,"['Italiano', 'chilll']",2026-09-05,20-28-40,Saturday
321281907290,583098940,soraposhich,32982,Grand Theft Auto V,844,2026-09-05T10:02:05Z,ja,"['ネタバレ注意', '日本語']",2026-09-05,20-28-40,Saturday
321282248026,551855052,struggle_4,509658,Just Chatting,843,2026-09-05T11:54:46Z,en,"['English', 'UnitedStates', 'Political', 'NewsAnalysis', 'Leftist', 'Socialist', 'Veteran', 'CatDad', 'VivaCuba', 'FreePalestine']",2026-09-05,20-28-40,Saturday
317671241060,547487995,zyro,512710,Call of Duty: Warzone,840,2026-09-05T08:47:36Z,en,"['warzone', 'fps', 'movement', 'controller', 'English']",2026-09-05,20-28-40,Saturday
316784644821,118740256,b_komhate,743893402,WARDOGS,840,2026-09-05T11:54:28Z,ru,"['ТАРКОВ', 'ВКОМНАТЕ', 'Русский', 'DropsВключены']",2026-09-05,20-28-40,Saturday
318477761125,132256306,lunateac,1357871551,The Blood of Dawnwalker,840,2026-09-05T11:02:37Z,en,"['English', 'ADHD', 'Chatty', 'Interactive', 'Variety', 'FirstPlaythrough', 'DropsEnabled']",2026-09-05,20-28-40,Saturday
316856949844,987102096,uzorrrr,493057,PUBG: BATTLEGROUNDS,839,2026-09-05T12:02:18Z,ru,"['Русский', 'Повтор']",2026-09-05,20-28-40,Saturday
316813592918,27572209,mazoni,491931,Escape from Tarkov,839,2026-09-05T11:32:54Z,ru,['Русский'],2026-09-05,20-28-40,Saturday
318052483416,601213281,studytme,509672,IRL,836,2026-09-05T05:21:51Z,en,"['English', 'Italiano', 'Français', 'Español', 'Chinese中文', 'LGBTQIAPlus', '2k', 'Mongolia', 'DropsEnabled']",2026-09-05,20-28-40,Saturday
316471890547,47250099,xargon0731,743893402,WARDOGS,835,2026-09-05T08:27:25Z,zh,"['中文', '启用掉宝']",2026-09-05,20-28-40,Saturday
318542780902,236507843,pizfn,33214,Fortnite,833,2026-09-05T11:59:36Z,it,['Italiano'],2026-09-05,20-28-40,Saturday
318888377077,1478694617,ninjaslot_,29452,Virtual Casino,830,2026-09-05T13:09:52Z,pt,"['English', 'Português']",2026-09-05,20-28-40,Saturday
318541564902,216221783,anaaja,33734,Pokémon Black/White Version 2,821,2026-09-05T09:39:28Z,de,"['Deutsch', 'SafeSpace', 'toller', 'stream', 'deine', 'Mutter']",2026-09-05,20-28-40,Saturday
316032169961,864433195,gabrielgeoo,369418,GeoGuessr,818,2026-09-05T11:43:02Z,fr,"['GeoGuessR', 'Français', 'worldcup', 'GoogleMaps', 'geo']",2026-09-05,20-28-40,Saturday
317646876258,32053915,rivenzi,132735846,ZEVENT,814,2026-09-05T07:51:56Z,fr,"['Français', 'Histoire', 'DropsActivés']",2026-09-05,20-28-40,Saturday
318478936805,623266765,fivfiv001,1898040946,How to Fish,811,2026-09-05T12:58:34Z,ru,"['Русский', 'Начальник', '182iq', 'КачественныйКонтент', 'ФЫВФЫВ', 'fivfiv', 'АдекватнаяАтмосфера', 'НеКазуал', 'ХайСкилл', 'НеВоздухан']",2026-09-05,20-28-40,Saturday
318477389669,49082280,v1nkub,512710,Call of Duty: Warzone,803,2026-09-05T10:17:26Z,de,"['Deutsch', 'Warzone', 'COD', 'VinKub', 'Rebirth', 'zodiac', 'DropsAktiviert']",2026-09-05,20-28-40,Saturday
315983517266,27060634,stealthygolem,27284,Retro,802,2026-09-05T05:06:23Z,en,"['English', 'Cozy', 'Ally', 'Retro', 'LurkerFriendly', 'Comfy', 'Norwegian', 'Norsk', 'AIOptedOut']",2026-09-05,20-28-40,Saturday
318477959141,51929371,ml7support,515025,Overwatch,801,2026-09-05T11:25:19Z,en,"['English', 'gaming', 'overwatch']",2026-09-05,20-28-40,Saturday
316404243313,833682125,rosecpin9,1036710512,Palworld,800,2026-09-05T05:44:03Z,ja,['日本語'],2026-09-05,20-28-40,Saturday
316405331569,703362491,blute_vtuber,66170,Warframe,799,2026-09-05T10:57:55Z,ja,"['初見さん大歓迎', 'VTuber', '日本語', '参加・お手伝いOK', 'Drop有効', 'ネタバレ注意', 'WarframeContentCreator', 'warframe', 'Drops有効']",2026-09-05,20-28-40,Saturday
316814144982,96757582,paverpapa,509672,IRL,798,2026-09-05T13:08:46Z,ru,"['Русский', 'paver', 'павер', 'реакции', 'Russian', 'юмор', 'Новости', 'общение', 'ＧTA5', 'RP']",2026-09-05,20-28-40,Saturday
317648960354,153176290,saiiren,509658,Just Chatting,791,2026-09-05T12:55:34Z,en,"['Vtuber', 'Chatty', 'Anime', 'English', 'ENVtuber', 'DropsEnabled']",2026-09-05,20-28-40,Saturday
316809612758,488195038,kvch_stream,502829,R2 Online: Reign of Revolution,789,2026-09-04T18:10:50Z,ru,['Русский'],2026-09-05,20-28-40,Saturday
317647328610,558530984,echo_esports,18122,World of Warcraft,786,2026-09-05T09:20:33Z,en,"['English', 'DropsEnabled']",2026-09-05,20-28-40,Saturday
317670701668,158851049,anaee,132735846,ZEVENT,783,2026-09-05T06:10:54Z,fr,"['Anaee', 'anae', 'Français', 'DropsActivés']",2026-09-05,20-28-40,Saturday
317671290852,137831666,situation,2132205352,Deadlock,777,2026-09-05T08:58:18Z,en,"['English', 'ranked', 'haze', 'wraith']",2026-09-05,20-28-40,Saturday
317682215651,92078908,tl_nero,21779,League of Legends,775,2026-09-05T07:49:29Z,el,"['Ελληνικά', 'LEC', 'LCK', 'jungle', 'LPL']",2026-09-05,20-28-40,Saturday
317672878436,42141251,mastersnakou,509658,Just Chatting,772,2026-09-05T12:55:19Z,fr,"['Français', 'LootGoblin', 'LootLover', 'GoodVibes', 'DropsActivés']",2026-09-05,20-28-40,Saturday
316405151217,865792830,kentsumeshi_heyoo,32982,Grand Theft Auto V,770,2026-09-05T10:11:38Z,ja,"['雑談', 'クラロワ', '日本語', 'ストグラ', '飯田けんつ', 'けんつめし']",2026-09-05,20-28-40,Saturday
316784330069,967670102,berser_nt,513501,Standoff 2,765,2026-09-05T10:53:50Z,ru,"['Berser', 'Русский']",2026-09-05,20-28-40,Saturday
316055545706,417582921,badman0_x,516575,VALORANT,765,2026-09-05T12:01:34Z,zh,['中文'],2026-09-05,20-28-40,Saturday
317648110050,116245074,bagginstv,22218,Rift,763,2026-09-05T11:16:41Z,en,"['Drops', 'DropsEnabled', 'English']",2026-09-05,20-28-40,Saturday
317671190756,139445443,skladic,1702520304,Path of Exile 2,762,2026-09-05T08:36:30Z,ru,"['Общение', 'Игры', 'BDO', 'POE', 'Развлечение', 'Русский', 'Diablo', 'DiabloIV', 'ARPG', 'poe2']",2026-09-05,20-28-40,Saturday
321392588635,690460356,darkmasuotv,493057,PUBG: BATTLEGROUNDS,762,2026-09-05T08:59:26Z,ja,['日本語'],2026-09-05,20-28-40,Saturday
321280294106,412979136,yothatsej,602040818,NBA 2K27,761,2026-09-05T05:26:15Z,en,"['English', 'Basketball', 'gta', 'IRL', 'funny', 'Esports', 'PlayingwithViewers', 'fps', 'NBA', 'justchatting']",2026-09-05,20-28-40,Saturday
317646472290,37523739,kenbogard,132735846,ZEVENT,760,2026-09-05T05:04:04Z,fr,"['Français', 'DropsActivés', 'Zevent2026', 'caritativeevent', 'vélo', 'Nintendo']",2026-09-05,20-28-40,Saturday
316812869846,30383713,kungentv,508455,Valheim,759,2026-09-05T09:06:01Z,en,['English'],2026-09-05,20-28-40,Saturday
316814073814,36957278,laeppa,1344678544,Liminal Shroud,758,2026-09-05T12:56:41Z,fi,"['English', 'gaming', 'Variety', 'Finnish', 'Nordic', 'Suomi']",2026-09-05,20-28-40,Saturday
317648884834,140043801,epicvoyages,509672,IRL,757,2026-09-05T12:45:56Z,en,"['English', 'Community', 'Fishing', 'work', 'IRL', 'Outdoors', 'Boats', 'Cozy', 'SFW', 'ASMR']",2026-09-05,20-28-40,Saturday
318343559783,187110076,lil_pup4,460636,Bloodborne,756,2026-09-05T11:18:11Z,ru,"['Русский', 'смотрим', 'играем', 'питомник', 'уродск', 'Vtuber']",2026-09-05,20-28-40,Saturday
318342664295,66551495,knueppelpaste,491931,Escape from Tarkov,756,2026-09-05T09:31:38Z,de,"['Deutsch', 'eigentlichganznett', 'PvP', 'vollderProfi', 'EFT', 'Lehrreich']",2026-09-05,20-28-40,Saturday
316406017393,600557923,nagayama_meme,26936,Music,756,2026-09-05T13:02:27Z,ja,"['日本語', 'Japanese', 'Philippines', '中文', '歌', 'music', '唱歌', 'Vtuber', 'pokemon', 'Drops有効']",2026-09-05,20-28-40,Saturday
316414608882,744903019,valorantesports_cn,516575,VALORANT,754,2026-09-05T08:01:14Z,zh,"['valorantesports', '中文', 'VCTCN']",2026-09-05,20-28-40,Saturday
316472103027,464257616,dethseiya,516575,VALORANT,753,2026-09-05T09:33:14Z,ja,"['ADHD', 'ＡＤＨＤ', 'adhd', '日本語', 'V狩り', 'valorant']",2026-09-05,20-28-40,Saturday
318543203046,140714397,schwabbeltown,902998079,Halloween: The Game,750,2026-09-05T12:42:15Z,de,"['Deutsch', 'Horror', 'HorrorGames', 'Crınge', 'DBDCreator']",2026-09-05,20-28-40,Saturday
316813446102,29128211,browjey,1511069916,Midnight Hoops,746,2026-09-05T11:03:54Z,ru,['Русский'],2026-09-05,20-28-40,Saturday
316813305430,1296761400,c1ymba_mt,1393304883,Mir Tankov,745,2026-09-05T10:35:11Z,ru,"['C1yMba', 'клумба', 'миртанков', 'русский', 'Русский']",2026-09-05,20-28-40,Saturday
316856352724,146728026,lexiav,1426873999,Heroes of Might & Magic: Olden Era,743,2026-09-05T10:30:16Z,en,['English'],2026-09-05,20-28-40,Saturday
315992380264,165581935,taaaao,509658,Just Chatting,740,2026-09-05T04:23:53Z,zh,"['中文', '台語OK', 'ENG', '启用掉宝']",2026-09-05,20-28-40,Saturday
316415064818,32206679,rprx,32982,Grand Theft Auto V,740,2026-09-05T10:00:15Z,en,['English'],2026-09-05,20-28-40,Saturday
316415123698,639389998,captain_nobee,32982,Grand Theft Auto V,738,2026-09-05T10:12:49Z,ja,"['日本語', 'ストグラ']",2026-09-05,20-28-40,Saturday
316055311466,123499768,ren0809k,743893402,WARDOGS,737,2026-09-05T10:54:20Z,zh,"['中文', '启用掉宝']",2026-09-05,20-28-40,Saturday
316857172820,485471555,rodnoy,509658,Just Chatting,731,2026-09-05T12:38:20Z,ru,"['Русский', 'ЦЕНТРАЛ', 'Родной', 'Multiplayer', 'Majestic', 'DropsВключены']",2026-09-05,20-28-40,Saturday
320102445278,1224958651,sebriusvt,1441208453,Once Human,729,2026-09-05T12:11:58Z,es,"['Español', 'English', 'DropsActivados']",2026-09-05,20-28-40,Saturday
318342127847,29309909,daut,13389,Age of Empires II,722,2026-09-05T08:25:33Z,en,"['daut', 'ageofempires', 'English']",2026-09-05,20-28-40,Saturday
316783145045,763092538,shiishak,29595,Dota 2,721,2026-09-05T05:37:13Z,ru,['Русский'],2026-09-05,20-28-40,Saturday
318343393639,476077919,myko,263490,Rust,720,2026-09-05T11:00:36Z,de,"['Deutsch', 'german', 'Rust', 'IRL']",2026-09-05,20-28-40,Saturday
318344622055,179279586,kertus,32982,Grand Theft Auto V,720,2026-09-05T13:00:44Z,it,"['Italiano', 'gta5', 'kertus', 'fivem', 'imperorp', 'impero', 'anc', 'gtaonline', 'Roleplay', 'DropAbilitati']",2026-09-05,20-28-40,Saturday
318341316967,56924673,obsess3,21779,League of Legends,720,2026-09-05T06:03:13Z,de,"['Deutsch', 'VerticalStream', 'vertical', 'manchmalchallenger', 'meistensnicht', 'DropsAktiviert']",2026-09-05,20-28-40,Saturday
316784854357,120269326,davay_po_novoy,32982,Grand Theft Auto V,720,2026-09-05T12:32:18Z,ru,"['Русский', 'gta', 'ＧTA5', 'Majestic']",2026-09-05,20-28-40,Saturday
318530043366,120079562,dinossindgeil,1133341572,The First Berserker: Khazan,719,2026-09-04T09:55:11Z,en,"['NoHit', 'English', 'Speedrun', 'eldenring', 'Marathon', 'german', 'eldenring', 'DropsEnabled']",2026-09-05,20-28-40,Saturday
315964488273,104659233,fifakillvizualz,512710,Call of Duty: Warzone,718,2026-09-05T10:56:53Z,en,['English'],2026-09-05,20-28-40,Saturday
318542257894,55058328,bubzia,2692,Super Mario 64,718,2026-09-05T11:01:43Z,en,"['speedrun', '日本語', 'sm64', 'Blindfolded', 'worldrecord', 'Zelda', 'mario', 'RTA', 'retro', 'RetroAchievements']",2026-09-05,20-28-40,Saturday
321277740378,264084087,onepumpwillie,491487,Dead by Daylight,718,2026-09-05T02:49:05Z,en,"['English', 'DropsEnabled']",2026-09-05,20-28-40,Saturday
316814120534,1367726362,dran1k77,33214,Fortnite,716,2026-09-05T13:03:43Z,ru,"['Русский', 'DeadeByDaylight', 'молодойталант', 'dbd', 'counterstrike', 'IRL', 'общение']",2026-09-05,20-28-40,Saturday
316472186611,463657800,wakiwaki612,32982,Grand Theft Auto V,716,2026-09-05T09:58:39Z,ja,"['サブスクビッツ乞食', 'わきを', '雑談', 'ストグラ', 'GTA', 'MADTOWN', 'スト鯖', 'VCRRUST', '脇逢魔', '日本語']",2026-09-05,20-28-40,Saturday
318542851686,191126513,lizz,1357871551,The Blood of Dawnwalker,715,2026-09-05T12:05:21Z,en,"['English', 'chill', 'welcoming', 'Viking', 'Witcher', 'Singing', 'noAI', 'noOFjustGAMES', 'FirstPlaythrough', 'DropsEnabled']",2026-09-05,20-28-40,Saturday
321383947995,204659019,lockintj,602040818,NBA 2K27,715,2026-09-04T23:48:05Z,en,"['2k', 'comp', 'English', '2k26', '2K27', 'DropsEnabled']",2026-09-05,20-28-40,Saturday
317377150071,197406569,thenicolet,509659,ASMR,714,2026-09-03T23:02:10Z,en,"['English', 'ENGLISH', 'ASMR', 'FINDOM', 'EGIRL', 'GIRL', 'feet', 'goddess', 'woman']",2026-09-05,20-28-40,Saturday
316009395283,23179441,strippin,498592,I'm Only Sleeping,713,2026-09-04T23:57:09Z,en,"['English', 'Vtuber', 'RP', 'PingArthur']",2026-09-05,20-28-40,Saturday
315467508590,28669359,qwer48621530,1702520304,Path of Exile 2,712,2026-09-05T06:30:03Z,zh,"['中文', '启用掉宝']",2026-09-05,20-28-40,Saturday
317647572066,264502025,lydia__am,132735846,ZEVENT,712,2026-09-05T09:59:32Z,fr,"['Français', 'discussion', 'multigaming', 'justchattıng', 'lydiaam', 'Fashion', 'mode', 'cosyhorror', 'twitchfr', 'DropsActivés']",2026-09-05,20-28-40,Saturday
316857221460,714595791,mugretnug,509658,Just Chatting,711,2026-09-05T12:46:16Z,ru,"['Русский', 'DropsВключены']",2026-09-05,20-28-40,Saturday
318343949543,151219596,bmsjoel,132735846,ZEVENT,710,2026-09-05T11:57:46Z,fr,['Français'],2026-09-05,20-28-40,Saturday
316856640468,189755167,danucd,493057,PUBG: BATTLEGROUNDS,710,2026-09-05T11:15:10Z,en,['English'],2026-09-05,20-28-40,Saturday
316415500530,440518979,a1u330_,516575,VALORANT,709,2026-09-05T11:41:55Z,zh,"['聊天', '中文', '我愛說實話']",2026-09-05,20-28-40,Saturday
315993984616,139348774,hannn0501_,509658,Just Chatting,708,2026-09-05T12:55:36Z,zh,"['ＦＰＳ', '中文', '启用掉宝']",2026-09-05,20-28-40,Saturday
316784675669,203900288,rimer77,33214,Fortnite,705,2026-09-05T11:59:53Z,ru,"['RIMER77', 'Русский', 'CS2']",2026-09-05,20-28-40,Saturday
318343711719,1157841394,king_auga,32399,Counter-Strike,703,2026-09-05T11:34:57Z,el,"['English', 'faceitlvl10', 'greekcs2', 'greek', 'Ελληνικά', 'CS2', 'counterstrike2']",2026-09-05,20-28-40,Saturday
317683761891,701179228,dajeale_official,518203,Sports,701,2026-09-05T12:30:54Z,it,"['Italiano', 'calcio', 'calciomercato', 'DropAbilitati']",2026-09-05,20-28-40,Saturday
317672646372,49629081,huzounet,132735846,ZEVENT,696,2026-09-05T12:26:28Z,fr,"['Français', 'DropsActivés']",2026-09-05,20-28-40,Saturday
317672185444,167811738,clubpingouin_trash,132735846,ZEVENT,694,2026-09-05T11:30:12Z,fr,"['Français', 'respect', 'Inclusive', 'chill', 'Zevent2026', 'caritatif', 'zevent', 'moustache', 'Pieds', 'croissant']",2026-09-05,20-28-40,Saturday
318344624999,1019654643,atazeal,509658,Just Chatting,694,2026-09-05T13:00:56Z,de,"['BVB', 'BorussiaDortmund', 'Bundesliga', 'BundesligaTalk', 'Deutsch', 'DropsAktiviert']",2026-09-05,20-28-40,Saturday
318477829477,61438909,wudijo,1702520304,Path of Exile 2,694,2026-09-05T11:10:07Z,en,"['English', 'DropsEnabled']",2026-09-05,20-28-40,Saturday
317672084580,804923620,leothecrack,33214,Fortnite,693,2026-09-05T11:14:30Z,fr,"['fortnite', 'cup', 'finale', 'chill', 'token', 'Scrims', 'FNCS', 'Tournament', 'Français', 'English']",2026-09-05,20-28-40,Saturday
317683268195,143594052,tozeo,33214,Fortnite,692,2026-09-05T11:21:11Z,es,"['FPS', 'fortnite', 'tozeo', 'sebakira', 'Español', 'FNCS', 'ENCE']",2026-09-05,20-28-40,Saturday
317682865251,439689061,notseriou_s,132735846,ZEVENT,688,2026-09-05T10:08:34Z,fr,"['Français', 'DropsActivés']",2026-09-05,20-28-40,Saturday
317387355895,131727592,ecdycis,327598602,Onimusha: Way of the Sword,686,2026-09-05T05:38:27Z,en,"['English', 'Horror', 'SawCon', 'Cozy', 'Speedrun', 'Spooky', 'CBT', 'Latino', 'Retro', 'DropsEnabled']",2026-09-05,20-28-40,Saturday
321393558107,702719413,spite,1357871551,The Blood of Dawnwalker,685,2026-09-05T12:35:15Z,en,"['chatty', 'vtuber', 'anime', 'Gamer', 'woman', 'ENVtuber', 'Female', 'FirstPlaythrough', 'English', 'DropsEnabled']",2026-09-05,20-28-40,Saturday
316415095282,116965093,middleeetv,32982,Grand Theft Auto V,684,2026-09-05T10:06:38Z,ja,"['日本語', '鳩禁止', 'ネタバレッ禁止', 'ロールプレイ', 'ストグラ', 'ミンドリー', 'JD']",2026-09-05,20-28-40,Saturday
320238771424,254818312,bellum,513143,Teamfight Tactics,683,2026-09-05T03:30:06Z,en,"['English', 'Competitive', 'Anime', 'old', 'washedplayer']",2026-09-05,20-28-40,Saturday
318476858853,835652944,bubblegum,511224,Apex Legends,682,2026-09-05T09:05:54Z,de,"['English', 'Deutsch', 'DropsAktiviert']",2026-09-05,20-28-40,Saturday
321388359003,175370341,veronika,509659,ASMR,682,2026-09-05T03:09:00Z,en,"['girly', 'cozy', 'softspoken', 'asmr', 'food', 'veefroggy', 'English', 'Rerun']",2026-09-05,20-28-40,Saturday
318342902375,64949289,divi,327598602,Onimusha: Way of the Sword,682,2026-09-05T10:00:45Z,de,"['challenge', 'German', 'Deutsch', 'drops', 'dropsaktiv', 'Speedrunner', 'DropsAktiviert']",2026-09-05,20-28-40,Saturday
318543282790,133208673,redpandash,743893402,WARDOGS,680,2026-09-05T12:50:58Z,ru,"['Русский', 'PvP', 'вайбик', 'разговор', 'DropsВключены']",2026-09-05,20-28-40,Saturday
316783826133,1533579307,4illercast,29595,Dota 2,678,2026-09-05T09:10:32Z,ru,"['EPl', 'EPLMasters', 'masters', 'ставки', 'Русский', 'EuropeanProLeagueMasters', 'pipsqueak4', 'PuckChamp', 'pipsqueak']",2026-09-05,20-28-40,Saturday
316415060978,48034972,junkman_5555,508435,Stilt Fella,677,2026-09-05T09:59:57Z,ja,['日本語'],2026-09-05,20-28-40,Saturday
318477580133,106631515,epic_standoff2,513501,Standoff 2,675,2026-09-05T10:42:02Z,ru,"['Русский', 'DropsВключены']",2026-09-05,20-28-40,Saturday
320241317472,69012069,m0xyy,1264310518,Marvel Rivals,673,2026-09-05T11:39:18Z,en,"['English', 'Hawkeye', 'old', 'Chud']",2026-09-05,20-28-40,Saturday
317682136675,184578486,mfreak00,21779,League of Legends,672,2026-09-05T07:29:27Z,es,"['Mfreak', 'MindFreak', 'Español', 'LOL', 'LCK', 'T1', 'Faker', 'Worlds']",2026-09-05,20-28-40,Saturday
319117160535,611238388,skyte,460630,Rainbow Six Siege,672,2026-09-05T11:03:47Z,en,"['English', 'PassionateGamer', 'jynxzi', 'LockedIn', 'fyp', 'DropsEnabled']",2026-09-05,20-28-40,Saturday
316472870643,1116040428,os_new,1826300051,Mario Kart World,670,2026-09-05T12:20:43Z,ja,"['ゲーム', '女', '日本語', 'English']",2026-09-05,20-28-40,Saturday
316404032369,162271954,riri_lol,513143,Teamfight Tactics,668,2026-09-05T04:44:26Z,ja,['日本語'],2026-09-05,20-28-40,Saturday
317647660130,591776392,arrozydesgracias,509667,Food & Drink,664,2026-09-05T10:12:20Z,es,"['Español', 'food', 'comida', 'IRL', 'Tattoos']",2026-09-05,20-28-40,Saturday
317683757411,486205216,idreau_,518203,Sports,664,2026-09-05T12:30:11Z,fr,"['Français', 'DropsActivés']",2026-09-05,20-28-40,Saturday
320091248862,29156271,goratha,1702520304,Path of Exile 2,664,2026-09-04T18:20:53Z,en,"['English', 'CoffeeAddict', 'ARPG', 'DropsEnabled']",2026-09-05,20-28-40,Saturday
321282016218,37153210,zethiann,386821,Black Desert,654,2026-09-05T10:41:01Z,en,"['English', 'DropsEnabled']",2026-09-05,20-28-40,Saturday
318476734693,26764651,gamestar,509658,Just Chatting,653,2026-09-05T08:50:02Z,de,"['Deutsch', 'DropsAktiviert']",2026-09-05,20-28-40,Saturday
316856741460,48631915,empyriangaming,1702520304,Path of Exile 2,652,2026-09-05T11:32:15Z,en,"['English', 'Pog', 'Farming', 'English', 'DropsEnabled']",2026-09-05,20-28-40,Saturday
318543053542,117447121,sanekwaka,32982,Grand Theft Auto V,652,2026-09-05T12:26:31Z,ru,"['Русский', 'гта5рп', 'общение', 'gta5rp', 'гта5']",2026-09-05,20-28-40,Saturday
316029508713,95837509,mykissme,1702520304,Path of Exile 2,648,2026-09-04T18:33:23Z,th,"['beingsavage', 'english', 'chat', 'arpg', 'English', 'ภาษาไทย', 'Drop', 'ดรอปได้', 'ใช้Dropsได้']",2026-09-05,20-28-40,Saturday
321204308313,145790518,cashout,602040818,NBA 2K27,648,2026-09-04T14:03:10Z,en,"['English', 'DropsEnabled']",2026-09-05,20-28-40,Saturday
317672012644,233462462,twenty3cs,32399,Counter-Strike,647,2026-09-05T11:02:51Z,ru,"['English', 'Русский', 'CS2']",2026-09-05,20-28-40,Saturday
321393333723,118155820,willerz,491931,Escape from Tarkov,646,2026-09-05T11:40:58Z,en,"['English', 'chad', 'Friendly', 'Parkour', 'comedy', 'action', 'FPS', 'multiplayer']",2026-09-05,20-28-40,Saturday
316814038230,1290671880,winline_media_league,509658,Just Chatting,642,2026-09-05T12:50:47Z,ru,"['медиалига', 'мфл', 'mediafootballleague', 'Русский', 'медиа', 'медиафутбол', 'футбол', 'спорт', 'медийка', 'DropsВключены']",2026-09-05,20-28-40,Saturday
317648893154,742520098,la_vica_,509658,Just Chatting,641,2026-09-05T12:47:19Z,it,"['Italiano', 'English', 'DropAbilitati']",2026-09-05,20-28-40,Saturday
316472196595,512535130,darkzelk,32982,Grand Theft Auto V,639,2026-09-05T10:00:39Z,ja,"['ストグラ', '日本語', 'gta']",2026-09-05,20-28-40,Saturday
317683360355,1047201773,emilien,132735846,ZEVENT,639,2026-09-05T11:36:05Z,fr,"['Français', 'quiz', 'squiz', 'kculture', 'questionspourunchampion', 'questions', 'jeu', 'gaming', 'emilien', 'geoguessr']",2026-09-05,20-28-40,Saturday
316855682132,737383083,leissik,1282866981,Delta Force,639,2026-09-05T08:16:59Z,en,"['English', 'chattingwithviewers', 'ExtractionShooter', 'DeltaForceGame', 'deltaforce', 'stinger', 'chill', 'bald', 'solo', 'solovssquad']",2026-09-05,20-28-40,Saturday
317683242083,1110808352,cineillojuan,499973,Always On,638,2026-09-05T11:15:51Z,es,"['Español', 'Repetir']",2026-09-05,20-28-40,Saturday
317387210743,209270984,fanta,602040818,NBA 2K27,638,2026-09-05T05:13:58Z,en,"['DropsEnabled', 'English']",2026-09-05,20-28-40,Saturday
315984196818,26973975,wardiii,490422,StarCraft II,638,2026-09-05T10:42:37Z,en,"['Esports', 'English']",2026-09-05,20-28-40,Saturday
315478526447,752742297,seoi1016,509658,Just Chatting,636,2026-09-03T22:33:01Z,ko,"['한국어', 'English', '中文', 'Asian', '日本語', 'Русский', 'Dance', 'kpop', 'korean', '드롭활성화됨']",2026-09-05,20-28-40,Saturday
317682302051,485255924,pennymeowy,27284,Retro,633,2026-09-05T08:07:35Z,en,"['English', 'nerd', 'Chatty', 'Accent', 'FunnyAccent', 'yapping', 'millennialswelcome']",2026-09-05,20-28-40,Saturday
316472215155,909783930,hiiragiyukaofficial,32982,Grand Theft Auto V,631,2026-09-05T10:05:13Z,ja,"['english', 'ENGLISH', '日本語', 'English']",2026-09-05,20-28-40,Saturday
318045957080,400999129,clout,509658,Just Chatting,631,2026-09-04T11:02:55Z,en,"['English', 'DropsEnabled']",2026-09-05,20-28-40,Saturday
318341889383,85310009,casualaddict_,18122,World of Warcraft,630,2026-09-05T07:53:31Z,en,"['English', 'rogue', 'greek', 'mmorpg', 'WorldfofWarcraft', 'drops', 'DropsEnabled', 'Radio', 'music', 'musicplaylist']",2026-09-05,20-28-40,Saturday
315501624304,48578601,jazlatte,513143,Teamfight Tactics,626,2026-09-05T10:00:44Z,zh,['中文'],2026-09-05,20-28-40,Saturday
318540342118,143123320,2twistedtv,743893402,WARDOGS,626,2026-09-05T06:18:13Z,de,"['Deutsch', 'fps', 'Shooter', 'tacticalshooter', 'Hardcore', 'Competitive', 'survival', 'ExtractionShooter', 'DropsAktiviert']",2026-09-05,20-28-40,Saturday
317664957156,465726306,sneaze_,132735846,ZEVENT,624,2026-09-04T15:32:34Z,fr,"['Français', 'DropsActivés']",2026-09-05,20-28-40,Saturday
317381963639,173756258,albyaround,902998079,Halloween: The Game,622,2026-09-04T15:08:04Z,en,"['English', 'dbdcreator', 'Español', 'Русский']",2026-09-05,20-28-40,Saturday
318541848550,145498295,exsl95,509658,Just Chatting,620,2026-09-05T10:15:05Z,de,['Deutsch'],2026-09-05,20-28-40,Saturday
318476242533,82173521,kenrhen,21779,League of Legends,620,2026-09-05T07:35:13Z,it,['Italiano'],2026-09-05,20-28-40,Saturday
316784365909,146495671,krasnalcs,32399,Counter-Strike,619,2026-09-05T11:00:31Z,pl,"['Polski', 'counterstrike', 'faceit', 'English', 'CS2', 'csgo', 'Polska', 'dzinold', 'donk', 's1mpleo']",2026-09-05,20-28-40,Saturday
318540663654,1016859584,onepiececardgamecentral,418410192,One Piece Card Game,618,2026-09-05T07:23:49Z,en,"['OnePieceCardGame', 'OPCG', 'OnePieceTCG', 'OnePieceCG', 'Bandai', 'TCG', 'TradingCardGame', 'Tournament', 'Anime', 'BandaiCardGame']",2026-09-05,20-28-40,Saturday
317671713124,106859893,joka,538054672,TEKKEN 8,618,2026-09-05T10:10:00Z,en,"['English', 'Tekken', 'FGC', 'Competitive', 'eSports', 'Pro', 'ContentCreator']",2026-09-05,20-28-40,Saturday
320240815200,1363024125,spongs_,27471,Minecraft,618,2026-09-05T09:08:14Z,en,"['English', 'LifestealSMP', 'minecraft']",2026-09-05,20-28-40,Saturday
316783850069,104690726,etokeking,743893402,WARDOGS,618,2026-09-05T09:15:26Z,ru,"['ru', 'нытье', 'омнистример', 'Русский', 'DropsВключены']",2026-09-05,20-28-40,Saturday
318341900903,465123568,brohan,21779,League of Legends,617,2026-09-05T07:55:12Z,en,"['English', 'ASMR', 'german']",2026-09-05,20-28-40,Saturday
316055309034,476150104,vividlyvivi,1208195857,Scarlet Skips,615,2026-09-05T10:53:26Z,en,"['English', 'VTuber', 'Anime', 'Australia', 'Woman', 'Hag', 'Aussie', 'Chatty']",2026-09-05,20-28-40,Saturday
315501662832,792283715,auddk_77,509658,Just Chatting,612,2026-09-05T10:13:53Z,ko,"['한국어', 'English', 'korean', '드롭활성화됨']",2026-09-05,20-28-40,Saturday
318477597669,65687554,donfreez,493057,PUBG: BATTLEGROUNDS,612,2026-09-05T10:44:41Z,de,"['Deutsch', 'HomeState']",2026-09-05,20-28-40,Saturday
318052689880,48946894,nitenightkid,743893402,WARDOGS,609,2026-09-05T05:45:23Z,en,"['English', 'Chıll', 'vibesandchill', 'Tutorial', 'Learnerfriendly', 'music', 'TalksToChat', 'DropsEnabled']",2026-09-05,20-28-40,Saturday
317681777891,234558563,laniyelle,132735846,ZEVENT,609,2026-09-05T05:26:35Z,fr,"['Dofus', 'Wakfu', 'Ankama', 'Drop', 'English', 'Français', 'DropsActivés']",2026-09-05,20-28-40,Saturday
319117304535,66243419,inspire,516575,VALORANT,606,2026-09-05T11:45:36Z,en,"['English', 'radiant', 'valorant']",2026-09-05,20-28-40,Saturday
318343884391,616306493,fxdan7,32399,Counter-Strike,606,2026-09-05T11:51:35Z,en,"['Kosovo', 'Albania', 'CS2', 'level10faceit', 'English']",2026-09-05,20-28-40,Saturday
318541451878,1058538505,thefinals,1910103699,THE FINALS,604,2026-09-05T09:23:20Z,en,"['thefinals', 'fps', 'embark', 'English', 'DevStream', 'gameplay', 'thefinalsgameplay']",2026-09-05,20-28-40,Saturday
316415372530,177077276,hyoujun6238,743893402,WARDOGS,601,2026-09-05T11:13:45Z,ja,"['日本語', 'Drops有効']",2026-09-05,20-28-40,Saturday
316784540757,42599156,einz,743893402,WARDOGS,598,2026-09-05T11:34:06Z,sv,"['Svenska', 'IRL', '1440p', 'TPRP', 'Bruno', 'Engllsh', 'DropsAktiverat']",2026-09-05,20-28-40,Saturday
316812175318,59829074,deerkufa,509658,Just Chatting,597,2026-09-05T05:56:12Z,ru,"['Русский', 'DropsВключены']",2026-09-05,20-28-40,Saturday
318542267878,118288907,pwnage,516588,Rise Online,596,2026-09-05T11:02:50Z,tr,"['Türkçe', 'MMORPG', 'JustChatting', 'RiseOnline', 'DroplarEtkin']",2026-09-05,20-28-40,Saturday
317647806946,270997352,loupiote3,516575,VALORANT,596,2026-09-05T10:34:36Z,fr,['Français'],2026-09-05,20-28-40,Saturday
315964806737,52432582,mrgibbon,490948,The Isle,596,2026-09-05T13:13:19Z,en,"['English', 'Irish']",2026-09-05,20-28-40,Saturday
316055723754,28990891,slrabbit99,602040818,NBA 2K27,596,2026-09-05T12:52:46Z,zh,"['我會騙你嗎', '會', '中文']",2026-09-05,20-28-40,Saturday
318340679399,1447297241,gtastyslots,498566,Slots,595,2026-09-05T02:54:54Z,de,"['Deutsch', 'Österreich', 'casino', 'slots', 'gTasty']",2026-09-05,20-28-40,Saturday
318341814887,123584344,kamileater,27546,World of Tanks,592,2026-09-05T07:42:34Z,pl,"['Polski', 'DropyWłączone']",2026-09-05,20-28-40,Saturday
318540514406,37526022,radlerauge,489767,XCOM 2,591,2026-09-05T06:57:16Z,de,"['deutsch', 'lettisch', 'Deutsch']",2026-09-05,20-28-40,Saturday
317388428023,123484627,iddqd,515025,Overwatch,590,2026-09-05T10:48:26Z,en,"['aimbot', 'FPS', 'English', 'adhd', 'swedish', 'pro', 'Educational', 'Cassidy']",2026-09-05,20-28-40,Saturday
316813471062,694902035,ueyo,29595,Dota 2,589,2026-09-05T11:08:56Z,ru,['Русский'],2026-09-05,20-28-40,Saturday
316856815700,37983542,pyka97,509672,IRL,587,2026-09-05T11:43:25Z,pl,"['Polski', 'ADHD', 'pyka', 'pyka97']",2026-09-05,20-28-40,Saturday
318476730981,97830437,toothy,743893402,WARDOGS,583,2026-09-05T08:49:30Z,ru,"['Русский', 'Дурка', 'позитив', 'Негатив', 'DropsВключены']",2026-09-05,20-28-40,Saturday
316856335060,35740817,thorlar,1357871551,The Blood of Dawnwalker,583,2026-09-05T10:27:14Z,en,"['Giveaways', 'pngtuber', 'vtuber', 'English', 'Swedish', 'charity', 'ADHD', 'Variety', 'SafeSpace', 'supportsmallstreamers']",2026-09-05,20-28-40,Saturday
318960016884,601665123,luzu_tv,417752,Talk Shows & Podcasts,582,2026-09-05T11:46:51Z,es,"['Español', 'DropsActivados']",2026-09-05,20-28-40,Saturday
318051033560,48827570,saintone,327598602,Onimusha: Way of the Sword,581,2026-09-05T02:55:26Z,en,"['English', 'Community', 'of', 'Boomers', 'And', 'Lizard', 'People', 'MAMBO', 'DropsEnabled']",2026-09-05,20-28-40,Saturday
316414829170,715990491,dttodot,493057,PUBG: BATTLEGROUNDS,581,2026-09-05T09:01:22Z,ja,"['日本語', 'VTuber', 'Thai', 'Japanese', 'English']",2026-09-05,20-28-40,Saturday
321393811803,806386760,e36_kimitosu,32982,Grand Theft Auto V,579,2026-09-05T13:18:37Z,ja,"['ストグラ', '雑談', '日本語', 'ストグラFV']",2026-09-05,20-28-40,Saturday
317638134242,113080650,dahmien7,491931,Escape from Tarkov,578,2026-09-04T06:03:41Z,fr,"['Français', 'chill', 'English']",2026-09-05,20-28-40,Saturday
316031466473,80540598,razziebinx,29595,Dota 2,578,2026-09-05T08:10:45Z,en,"['English', 'ADHD', 'valorant', 'Filipino', 'Horror', 'poor', 'LoudAF', 'depressed']",2026-09-05,20-28-40,Saturday
317683596515,84413008,cinkrofwest,32399,Counter-Strike,577,2026-09-05T12:07:39Z,pl,"['Polski', 'HighEloGameplay', 'HigheloJungler', 'D1']",2026-09-05,20-28-40,Saturday
318478336613,134477064,fufu,509658,Just Chatting,576,2026-09-05T12:02:36Z,en,"['English', 'VTuber', 'Anime', 'Catgirl', 'Silly', 'Yapping', 'Gaming', 'GamerSuppsCodeFUFU', 'Ragebaiter', 'Clown']",2026-09-05,20-28-40,Saturday
316857247188,56770381,aggo,509658,Just Chatting,576,2026-09-05T12:50:16Z,da,"['Dansk', 'DropsAktiveret']",2026-09-05,20-28-40,Saturday
318469378533,467161807,ricborr,33214,Fortnite,574,2026-09-04T16:35:41Z,it,"['Italiano', 'English']",2026-09-05,20-28-40,Saturday
317671661412,497641799,sieurpc,509658,Just Chatting,574,2026-09-05T10:01:13Z,fr,"['Français', 'Hardware', 'pcgaming', 'nvidia', 'AMD', 'DropsActivés']",2026-09-05,20-28-40,Saturday
318478916709,29750090,paoloidolo,509658,Just Chatting,573,2026-09-05T12:56:27Z,it,"['JUST', 'CHATTING', 'QUATTRO', 'CHIACCHIERE', 'PAOLOCANNONE', 'PAOLOIDOLO', 'ITALIANO', 'DRAMA', 'Italiano', 'DropAbilitati']",2026-09-05,20-28-40,Saturday
316813408086,191906461,airscape,32399,Counter-Strike,571,2026-09-05T10:56:55Z,ru,['Русский'],2026-09-05,20-28-40,Saturday
316031793897,724162819,makofukasame,327598602,Onimusha: Way of the Sword,571,2026-09-05T09:48:02Z,en,"['Woman', 'Australia', 'English', 'Vtuber', 'Hag', 'Collab', 'DropsEnabled']",2026-09-05,20-28-40,Saturday
315993993832,54525106,aliythia,509658,Just Chatting,570,2026-09-05T12:56:55Z,en,"['ADHD', 'AUS', 'LOUD', 'Woman', 'girl', 'English', 'Female', 'Australian', 'Aussie', 'pokemon']",2026-09-05,20-28-40,Saturday
317648533474,618040919,flauschigtv,1429246898,A Weird Game About Sausage,569,2026-09-05T12:04:19Z,de,['Deutsch'],2026-09-05,20-28-40,Saturday
316809197782,699758560,themarvin2k,509658,Just Chatting,566,2026-09-04T17:21:13Z,ru,"['Русский', 'Россия', 'онлайн', 'гта', 'гта5рп', 'гта5маджестик', 'DropsВключены']",2026-09-05,20-28-40,Saturday
318476453733,42332234,diamondprox_lol,21779,League of Legends,566,2026-09-05T08:08:47Z,ru,"['Русский', 'English', '16xChallenger', 'Pro']",2026-09-05,20-28-40,Saturday
317683114467,250662770,jotta,369418,GeoGuessr,565,2026-09-05T10:55:55Z,pt,['Português'],2026-09-05,20-28-40,Saturday
316857306324,141412854,buichka,32399,Counter-Strike,565,2026-09-05T12:59:06Z,ru,['Русский'],2026-09-05,20-28-40,Saturday
317671562724,29753247,aypierre,132735846,ZEVENT,564,2026-09-05T09:45:27Z,fr,"['minecraft', 'redstone', 'urssaf', 'Français', 'gaming', 'satisfactory', 'Ingénieur', 'chill', 'Détente', 'DropsActivés']",2026-09-05,20-28-40,Saturday
318542883814,141930770,nanodrache,600247176,Food Truck Empire,564,2026-09-05T12:09:08Z,de,"['Entspannt', 'Gemütlich', 'Interaktiv', 'PC', 'Deutsch', 'CoWorking']",2026-09-05,20-28-40,Saturday
317671849956,71968056,tinkerleo,490242481,GRAIN ROT,561,2026-09-05T10:34:11Z,de,['Deutsch'],2026-09-05,20-28-40,Saturday
318476681445,1020109266,6pek,21779,League of Legends,559,2026-09-05T08:41:59Z,en,"['leagueoflegends', 'Singed', 'English', 'EUW', 'mindcontrol']",2026-09-05,20-28-40,Saturday
318541912038,121053325,zayi,499003,VRChat,559,2026-09-05T10:22:21Z,en,"['music', 'Vtuber', 'Dance', 'girl', 'egirl', 'wiggles', 'English', 'mommy', 'lewdtuber', 'feet']",2026-09-05,20-28-40,Saturday
318478381029,408032403,darmfn_,33214,Fortnite,558,2026-09-05T12:06:25Z,pl,"['Polski', 'Fortnite']",2026-09-05,20-28-40,Saturday
316472474227,145248977,rio_taro,32982,Grand Theft Auto V,558,2026-09-05T11:08:04Z,ja,['日本語'],2026-09-05,20-28-40,Saturday
317646467170,416031592,solaryhs,132735846,ZEVENT,556,2026-09-05T05:02:43Z,fr,"['Français', 'DropsActivés']",2026-09-05,20-28-40,Saturday
316405800049,937674565,yuislime,479192189,DragonSword: Awakening,554,2026-09-05T12:24:25Z,ru,['Русский'],2026-09-05,20-28-40,Saturday
321378798043,1389671297,shinchan_oficial,1398657661,Anime Squad,553,2026-09-04T18:00:09Z,es,['Español'],2026-09-05,20-28-40,Saturday
317683811427,123293742,dankol83,509658,Just Chatting,552,2026-09-05T12:37:59Z,it,"['Italiano', 'ridere', 'giochi', 'VETRINA', 'English', 'inter', 'calcio', 'cucina', 'cinema', 'DropAbilitati']",2026-09-05,20-28-40,Saturday
317648768866,230688324,samuraj,516575,VALORANT,552,2026-09-05T12:31:42Z,ru,"['Русский', 'валорант', 'valorant', 'ＶＡＬＯＲＡＮＴ', 'cybersport', 'Киберспорт', 'ставки']",2026-09-05,20-28-40,Saturday
318336762855,44682115,terence_,1702520304,Path of Exile 2,549,2026-09-04T18:53:55Z,de,"['Drops', 'Hardcore', 'English', 'Deutsch', 'SSF', 'PoE', 'ARPG', 'HoMMOldenEra', 'Anfängerfreundlich', 'Sport']",2026-09-05,20-28-40,Saturday
316813399510,1077117441,filtrbob,983841243,Off The Grid,548,2026-09-05T10:55:38Z,en,"['English', 'russıan', 'OffTheGrid']",2026-09-05,20-28-40,Saturday
318475788517,219265704,jonsman,509672,IRL,547,2026-09-05T06:04:43Z,de,"['Deutsch', 'Outdoors', 'IRL', 'English', 'german', 'justchatting', 'challenge', 'Berlin', 'ifa']",2026-09-05,20-28-40,Saturday
318542686182,44096715,bandurka,518007,Marvel's Spider-Man: Miles Morales,546,2026-09-05T11:50:32Z,ru,"['Русский', 'donk', 's1mple', 'bandurka', 'teamspirit', 'cs2', 'faceit']",2026-09-05,20-28-40,Saturday
316415627634,111736667,merryweather,509658,Just Chatting,546,2026-09-05T12:02:24Z,en,"['dogboy', 'English', 'denmark', 'danish', 'dansk', 'furry', 'Vtuber', 'webtoon', 'malevtuber', 'ENVtuber']",2026-09-05,20-28-40,Saturday
316414836338,123355356,killin9hit,493057,PUBG: BATTLEGROUNDS,544,2026-09-05T09:03:11Z,ja,"['日本語', 'キムチ', 'オスシ']",2026-09-05,20-28-40,Saturday
318888386933,223104499,senclerk,32399,Counter-Strike,544,2026-09-05T13:12:52Z,pt,['Português'],2026-09-05,20-28-40,Saturday
318540883942,431177845,tv_brocast,497497,Brawl Stars,543,2026-09-05T07:59:58Z,de,"['esports', 'brawlstars', 'gaming', 'Deutsch']",2026-09-05,20-28-40,Saturday
316055484650,526538225,kwoli,327598602,Onimusha: Way of the Sword,543,2026-09-05T11:44:59Z,en,"['Australia', 'JustChatting', 'Chatty', 'English', 'Chat', 'Aussie', 'Onimusha', 'CAPCOM', 'Japan', 'DropsEnabled']",2026-09-05,20-28-40,Saturday
316784103125,75390735,etlendo,417528,Albion Online,542,2026-09-05T10:08:25Z,ru,"['Russian', 'Русский', 'AlbionOnline', 'DropsВключены']",2026-09-05,20-28-40,Saturday
318475593445,144294896,acid_fired,743893402,WARDOGS,542,2026-09-05T05:12:07Z,de,"['Techno', 'unfug', 'SAUERCROWD', 'Deutsch', 'English', 'braucheViewer', 'binNichSoGut', 'DropsAktiviert']",2026-09-05,20-28-40,Saturday
318341459047,37890401,trenlass,32502,World of Warships,541,2026-09-05T06:35:09Z,en,"['wows', 'drops', 'English', 'german', 'IRL', 'cars', 'DropsEnabled']",2026-09-05,20-28-40,Saturday
316055248362,46624156,niu0716,516575,VALORANT,538,2026-09-05T10:35:43Z,zh,['中文'],2026-09-05,20-28-40,Saturday
318542821478,66480362,thiseguy,509672,IRL,538,2026-09-05T12:02:59Z,de,"['Deutsch', 'DJ', 'English', 'IRL', 'sauercrowd', 'Caravan', 'salon', 'Wohnwagen']",2026-09-05,20-28-40,Saturday
317672351204,36086436,sundae,132735846,ZEVENT,536,2026-09-05T11:54:07Z,fr,"['Français', 'discussion', 'découverte', 'challenge', '200iq', 'HPI', 'chill', 'DropsActivés']",2026-09-05,20-28-40,Saturday
316054541034,436098480,mishymolly,777856688,Desktop Explorer,534,2026-09-05T06:50:53Z,en,"['horrorvtuber', 'monstergirl', 'VtuberEN', 'vtuberartist', 'Horror', 'adhd', 'FirstPlaythrough', 'English']",2026-09-05,20-28-40,Saturday
316856749140,498937799,nooor,509658,Just Chatting,534,2026-09-05T11:33:09Z,sv,"['Svenska', 'TPRP', 'IRL', 'DropsAktiverat']",2026-09-05,20-28-40,Saturday
316471570035,271117427,m2_kento_heluan,32982,Grand Theft Auto V,533,2026-09-05T06:50:27Z,ja,"['オンライン', 'FPS', '実況プレイ', '日本語', 'valorant', 'ストグラ', 'グラセフ5オンライン', '雑談']",2026-09-05,20-28-40,Saturday
318541284070,485787319,sofiko_sculpts,1418385664,Hozy,530,2026-09-05T09:00:37Z,ru,"['игры', 'Русский', 'чилл', 'творчество', 'лепка', 'ASMR', 'ПрофессиональныйСтелс', 'СофаНеДиванСофаЛоровед', 'лор', 'контент']",2026-09-05,20-28-40,Saturday
318343481575,58448005,zazzone230,3881,Total Overdose,530,2026-09-05T11:09:44Z,it,['Italiano'],2026-09-05,20-28-40,Saturday
321392597851,629990775,everylunaever,518017,Resident Evil Village,530,2026-09-05T09:00:25Z,de,"['Deutsch', 'VTuber', 'Gesprächig', 'Notsmol', 'NotSus', 'GerVtuber', 'Socken', 'aioptedout', 'DeadWeight']",2026-09-05,20-28-40,Saturday
318827063414,748361965,ziriguidum777,29452,Virtual Casino,529,2026-09-05T11:31:00Z,pt,['Português'],2026-09-05,20-28-40,Saturday
316785024085,1134449363,mirzalievmma,493057,PUBG: BATTLEGROUNDS,529,2026-09-05T13:00:26Z,ru,"['спб', 'Русский', 'пабг', 'гта5рп', 'гта', 'мск', 'pubg', 'рекомендации', 'ирл', 'Повтор']",2026-09-05,20-28-40,Saturday
316472529907,71897376,kettuncyukyuhei,735904419,ARK: Survival Ascended,527,2026-09-05T11:20:34Z,ja,['日本語'],2026-09-05,20-28-40,Saturday
315984415058,171506994,benjamool,509672,IRL,527,2026-09-05T12:04:21Z,de,"['Deutsch', 'IRL', 'Lost', 'Reisen', 'Outdoors']",2026-09-05,20-28-40,Saturday
317671250404,38822100,titavion,327598602,Onimusha: Way of the Sword,526,2026-09-05T08:48:49Z,fr,"['Français', 'Vieux', 'DropsActivés']",2026-09-05,20-28-40,Saturday
316055038954,852660454,teamfighttactics_tw,513143,Teamfight Tactics,526,2026-09-05T09:30:17Z,zh,['中文'],2026-09-05,20-28-40,Saturday
318053895768,835561319,xera,2132205352,Deadlock,526,2026-09-05T09:20:10Z,en,"['English', 'TALL', 'NOTBALD', 'AMBIGUOUS', 'FUNNYHAHA', 'FRIENDLYENOUGH', 'PREMIUM', 'GOODPERSON']",2026-09-05,20-28-40,Saturday
316406137201,126595970,restiafps,509658,Just Chatting,525,2026-09-05T13:22:30Z,zh,"['中文', '启用掉宝']",2026-09-05,20-28-40,Saturday
316812285398,24811779,wagamamatv,29595,Dota 2,525,2026-09-05T06:39:50Z,en,['English'],2026-09-05,20-28-40,Saturday
317683964131,58526267,mangel,327598602,Onimusha: Way of the Sword,525,2026-09-05T12:57:00Z,es,"['Español', 'DropsActivados']",2026-09-05,20-28-40,Saturday
320196374108,713951941,dasnerth,516575,VALORANT,524,2026-09-05T12:51:43Z,en,"['English', 'winning', 'PvP', 'valorant', 'radiant', 'pro', 'neon']",2026-09-05,20-28-40,Saturday
318341205351,60160906,gtimetv,1535225577,The Last of Us Part II Remastered,523,2026-09-05T05:35:36Z,de,"['Deutsch', 'survivalgames', 'Grinder', 'PvE', 'Chilled']",2026-09-05,20-28-40,Saturday
318543293030,129631469,9impulse,511224,Apex Legends,523,2026-09-05T12:51:45Z,ru,"['Русский', 'DropsВключены']",2026-09-05,20-28-40,Saturday
316783944789,18362365,amieloo,12839,Heroes of Might and Magic III: The Restoration of Erathia,523,2026-09-05T09:36:00Z,ru,['Русский'],2026-09-05,20-28-40,Saturday
316784403925,42703112,apollolol,509658,Just Chatting,522,2026-09-05T11:07:37Z,en,"['English', 'Norsk', 'swedish', 'Chatty', 'yapping', 'girl', 'FirstPlaythrough', 'NoSpoilers', 'svensk', 'forsen']",2026-09-05,20-28-40,Saturday
316855618900,1193685437,samoylov___,401587136,Arena Breakout: Infinite,521,2026-09-05T08:00:52Z,ru,"['Russia', 'Русский']",2026-09-05,20-28-40,Saturday
316856074708,220930843,mainfinitytv,18122,World of Warcraft,521,2026-09-05T09:41:24Z,ru,"['Русский', 'DropsВключены']",2026-09-05,20-28-40,Saturday
317672038628,409760532,freyzplayz,509658,Just Chatting,521,2026-09-05T11:07:39Z,en,"['English', 'DropsEnabled']",2026-09-05,20-28-40,Saturday
316404055921,201393658,nyunkoro,21779,League of Legends,521,2026-09-05T04:51:48Z,ja,"['vtuber', '日本語', '大御所', '〇〇すればいいのに禁止']",2026-09-05,20-28-40,Saturday
321209095385,117083340,tpain,509658,Just Chatting,519,2026-09-04T21:48:49Z,en,"['English', 'music', 'gaming', 'simracing', 'SimDrifting', 'Editing', '3DModeling', '3DPrinting', 'DropsEnabled']",2026-09-05,20-28-40,Saturday
317648298594,672078591,doseofcoffee,138585,Hearthstone,519,2026-09-05T11:40:23Z,en,"['Arena', 'Educational', 'English', 'Competitive', 'Leaderboard', 'Chill']",2026-09-05,20-28-40,Saturday
318478970085,35884167,sintica,1669431183,DJs,518,2026-09-05T13:00:37Z,de,"['Music', 'House', 'DJ', 'Hardstyle', 'Deutsch', 'Techno', 'DropsAktiviert']",2026-09-05,20-28-40,Saturday
317388489847,663185994,savii,327598602,Onimusha: Way of the Sword,516,2026-09-05T11:15:52Z,en,"['British', 'Latina', 'Military', 'AuditoryASMR', 'Envtuber', 'English', 'Anime', 'Vtuber', 'Hag', 'FirstPlaythrough']",2026-09-05,20-28-40,Saturday
317648955490,35828637,low4n,132735846,ZEVENT,516,2026-09-05T12:54:52Z,fr,"['Français', 'DropsActivés']",2026-09-05,20-28-40,Saturday
317671796580,29530640,dheylo,33214,Fortnite,514,2026-09-05T10:25:06Z,es,['Español'],2026-09-05,20-28-40,Saturday
319111520215,217629686,dgthe99,509658,Just Chatting,514,2026-09-05T02:22:46Z,en,"['English', 'dgthe99', 'duketucker', 'GTARP', 'Rerun', 'DropsEnabled']",2026-09-05,20-28-40,Saturday
318456894693,56148610,aethelthryth,21779,League of Legends,514,2026-09-03T15:00:12Z,bg,['Български'],2026-09-05,20-28-40,Saturday
316414591474,45459775,yuwanxd,21779,League of Legends,513,2026-09-05T07:57:07Z,zh,['中文'],2026-09-05,20-28-40,Saturday
317384585847,782947440,policechasenetwork,509658,Just Chatting,513,2026-09-04T23:48:08Z,en,"['English', 'DropsEnabled']",2026-09-05,20-28-40,Saturday
318344611815,249877505,rxiirl,30921,Rocket League,512,2026-09-05T13:00:02Z,es,"['Español', 'English', 'ViewerParty', 'rlcs', 'major', 'rocketleague', 'pro', 'RLCS2026']",2026-09-05,20-28-40,Saturday
317647188066,118547417,j0beats,490655,Pokémon GO,512,2026-09-05T08:56:59Z,en,"['Chatty', 'BeginnerFriendly', 'Female', 'English', 'ClosedCaptions', 'PlayingwWithViewers', 'IRL', 'UK', 'DualFormat', 'DropsEnabled']",2026-09-05,20-28-40,Saturday
318474981093,599459353,knebel_de,71375,Star Citizen,512,2026-09-05T01:57:13Z,de,['Deutsch'],2026-09-05,20-28-40,Saturday
316784413525,501048449,clean_killl,1534124527,Five Hearts Under One Roof,510,2026-09-05T11:10:03Z,ru,"['Русский', '192', 'шоу', 'музыка', 'шоумен']",2026-09-05,20-28-40,Saturday
318343582183,98827681,tankelit,27546,World of Tanks,509,2026-09-05T11:20:38Z,hu,"['Magyar', 'DropokEngedélyezve']",2026-09-05,20-28-40,Saturday
318343055719,719598628,antifa,515214,Politics,509,2026-09-05T10:19:31Z,de,"['Deutsch', 'Politik', 'Reaction', 'IRL', 'Demo', 'Protest', 'Antifa', '161', 'FCKNZS', 'FCKAFD']",2026-09-05,20-28-40,Saturday
318342403303,134287989,yinsu,516575,VALORANT,507,2026-09-05T08:59:48Z,en,"['watchparty', 'English', 'VCTEMEA', 'VCTCN', '中文', 'VCT']",2026-09-05,20-28-40,Saturday
317671640676,232641514,absizee,29595,Dota 2,506,2026-09-05T09:58:23Z,ru,['Русский'],2026-09-05,20-28-40,Saturday
321210559321,100408103,zchum,498592,I'm Only Sleeping,503,2026-09-04T23:19:06Z,en,"['English', 'DropsEnabled']",2026-09-05,20-28-40,Saturday
318048906200,891810381,nahyunworld,498592,I'm Only Sleeping,502,2026-09-04T22:25:53Z,en,"['English', '한국어', 'Korea', 'korean', 'Asian', 'irl', 'TRAVEL', 'TRIP', 'egirl']",2026-09-05,20-28-40,Saturday
318542389478,1055397270,jack_fromsoft,1357871551,The Blood of Dawnwalker,502,2026-09-05T11:17:19Z,de,"['Deutsch', 'eldenring', 'Soulsborne', 'soulslike', 'darksouls', 'DropsAktiviert']",2026-09-05,20-28-40,Saturday
318541217254,170116408,bizentein,18122,World of Warcraft,501,2026-09-05T08:51:59Z,en,"['English', 'fitness', 'MMA', 'worldofwarcraft', 'DropsEnabled']",2026-09-05,20-28-40,Saturday
316405025137,194704878,wen620,516575,VALORANT,501,2026-09-05T09:38:06Z,zh,"['N暴雷', 'N劇透', 'N控制', '中文', '不要再問了', '疑似協咖']",2026-09-05,20-28-40,Saturday
318476744933,28213443,rax1337,516575,VALORANT,500,2026-09-05T08:51:49Z,de,"['Deutsch', 'English', 'Ranked', 'Pro', 'DropsAktiviert']",2026-09-05,20-28-40,Saturday
316784351445,1077117433,pepeshot101,983841243,Off The Grid,499,2026-09-05T10:57:51Z,en,"['English', 'Ukrainian', 'OTG', 'justcchatting']",2026-09-05,20-28-40,Saturday
320173083100,62510206,ariasaki,513143,Teamfight Tactics,498,2026-09-03T18:56:02Z,en,"['ADHD', 'RagerGamer', 'Cooking', 'pets', 'cleaning', 'English']",2026-09-05,20-28-40,Saturday
315964497361,36768783,hypnoshark,5682,CTR: Crash Team Racing,497,2026-09-05T10:59:09Z,en,"['English', 'Speedrun', 'speedrun', 'crashbandicoot', 'crash', 'PlayStation', 'Retro', 'Spyro', 'mariokart', 'mario']",2026-09-05,20-28-40,Saturday
318054528856,23289647,ahmpy,18122,World of Warcraft,496,2026-09-05T13:15:45Z,en,"['English', 'wowclassic', 'Classic', 'Hardcore', 'aoe2', 'hera', 'Tournament', 'DropsEnabled']",2026-09-05,20-28-40,Saturday
318343354855,114366744,siegismund,743893402,WARDOGS,496,2026-09-05T10:55:55Z,de,"['Deutsch', 'multiplayer', 'Competitive', 'shooter', 'DropsAktiviert']",2026-09-05,20-28-40,Saturday
318478797541,1379284265,savannahsophiasonne,509658,Just Chatting,496,2026-09-05T12:45:15Z,da,"['Dansk', 'IRL', 'Rejser', 'Reaktion', 'BareChat', 'Collabs', 'DropsAktiveret']",2026-09-05,20-28-40,Saturday
316054551530,232041571,yungy,27471,Minecraft,495,2026-09-05T06:55:07Z,en,"['English', 'lifesteal', 'LifestealSMP']",2026-09-05,20-28-40,Saturday
318477249509,1093290248,yui2d,509658,Just Chatting,495,2026-09-05T09:59:58Z,ru,"['Русский', 'Vtuber', 'девушка', 'Женщина', 'Витубер', 'втубер', 'игровичок', 'DropsВключены']",2026-09-05,20-28-40,Saturday
318955534068,273968856,soares,27471,Minecraft,492,2026-09-04T23:23:10Z,pt,"['Português', 'English']",2026-09-05,20-28-40,Saturday
316471760627,26537777,rekileggy,181659447,Lost in Play,491,2026-09-05T07:47:40Z,zh,"['中文', '日本語', 'English', '台語講得不好但我努力', 'WhereWindsMeet', '燕雲十六聲']",2026-09-05,20-28-40,Saturday
320216607968,1132877357,franbeuve,509672,IRL,489,2026-09-03T15:48:19Z,es,['Español'],2026-09-05,20-28-40,Saturday
318344812647,220716126,fibii,509658,Just Chatting,488,2026-09-05T13:19:03Z,de,"['Deutsch', 'DropsAktiviert']",2026-09-05,20-28-40,Saturday
317672865252,124491706,mateoz,498566,Slots,487,2026-09-05T12:53:44Z,es,['Español'],2026-09-05,20-28-40,Saturday
321282587994,154425624,kyle,743893402,WARDOGS,486,2026-09-05T13:00:32Z,en,"['English', 'DropsEnabled']",2026-09-05,20-28-40,Saturday
316415691250,31675928,itazan0429,55453844,Street Fighter 6,485,2026-09-05T12:12:26Z,ja,"['日本語', 'English']",2026-09-05,20-28-40,Saturday
316031955177,1316817305,snowcow5200,509672,IRL,483,2026-09-05T10:36:43Z,zh,"['Chinese中文', 'English', '戶外', 'IRL', '聊天互動', '啟用掉宝', '重播', '中文', 'VALORONAT']",2026-09-05,20-28-40,Saturday
318543036518,245707668,suhoyq,32982,Grand Theft Auto V,482,2026-09-05T12:24:57Z,ru,"['Русский', 'gta5rp', 'гта5рп', 'Украинский']",2026-09-05,20-28-40,Saturday
320180779228,138034808,mayz,498592,I'm Only Sleeping,481,2026-09-04T03:49:43Z,en,"['competitive', 'gaming', 'madden', 'Football', 'trashtalk', 'challenge', 'collegefootball', 'English']",2026-09-05,20-28-40,Saturday
318958505588,1078943641,gu_strike,29452,Virtual Casino,481,2026-09-05T03:24:00Z,pt,['Português'],2026-09-05,20-28-40,Saturday
321197973977,56648155,twitchplayspokemon,1931693784,Pokémon Champions,480,2026-09-04T01:06:30Z,en,"['English', 'TwitchPlays', 'Pokemon', 'OCE', 'AlwaysOn', 'AlwaysOnline', 'DropsEnabled']",2026-09-05,20-28-40,Saturday
318542803430,103160818,zarah,509672,IRL,479,2026-09-05T12:01:28Z,de,"['Deutsch', 'Travel', 'IRL', 'german', 'Community', 'Female']",2026-09-05,20-28-40,Saturday
318343204839,7093315,slop3,509658,Just Chatting,479,2026-09-05T10:37:51Z,sv,"['Svenska', 'IRL', 'resa', 'explore', 'Sverige', 'DropsAktiverat']",2026-09-05,20-28-40,Saturday
318888171637,930155017,thomasrgn,29452,Virtual Casino,478,2026-09-05T12:03:55Z,pt,"['Português', 'ingles', 'cassino', 'bet', 'slots', 'bancareal']",2026-09-05,20-28-40,Saturday
318342518631,207502134,stay_c,509672,IRL,478,2026-09-05T09:14:34Z,en,"['Chilled', 'Cozy', 'Chatty', 'Woman', 'English', 'IRL']",2026-09-05,20-28-40,Saturday
318341723239,78115558,autdany,509672,IRL,477,2026-09-05T07:26:33Z,de,"['Outdoor', 'IRL', 'Deutsch', 'Abenteuer', 'offroad', 'overlanding', 'Reisen', 'fiat', 'Kroatien', 'DropsAktiviert']",2026-09-05,20-28-40,Saturday
317648184674,557148694,couriway,27471,Minecraft,477,2026-09-05T11:26:34Z,en,"['English', 'Ally', 'noreset', 'Speedrun', 'couriway']",2026-09-05,20-28-40,Saturday
316055131498,89746595,ironbogg,513143,Teamfight Tactics,476,2026-09-05T09:59:47Z,zh,"['English', '中文']",2026-09-05,20-28-40,Saturday
318478312165,190988616,asleyia,509658,Just Chatting,475,2026-09-05T12:00:45Z,de,"['Deutsch', 'gamergirl', 'DropsAktiviert']",2026-09-05,20-28-40,Saturday
316010823379,401270950,staggiez,491487,Dead by Daylight,475,2026-09-05T12:16:25Z,en,"['English', 'dbdcreator', 'DBDPartner', 'ChronicIllness', 'Scottish', 'LGBTQIAPIus', 'DropsEnabled', 'NoGenAI']",2026-09-05,20-28-40,Saturday
317671583972,25454398,doigby,132735846,ZEVENT,474,2026-09-05T09:49:29Z,fr,"['Français', 'doigby', 'lol', 'LeagueaofLegends', 'gaming', 'opening', 'tcg', 'DropsActivés']",2026-09-05,20-28-40,Saturday
316813910870,675293771,freem4no,29595,Dota 2,474,2026-09-05T12:25:31Z,ru,['Русский'],2026-09-05,20-28-40,Saturday
316010416339,22365608,rotterdam08,490422,StarCraft II,472,2026-09-05T09:16:15Z,en,"['esports', 'starcraft', 'English']",2026-09-05,20-28-40,Saturday
315993759336,26088246,kamiyu666,66082,Games + Demos,472,2026-09-05T11:54:01Z,zh,['中文'],2026-09-05,20-28-40,Saturday
316472222067,708282501,minioni3202,32982,Grand Theft Auto V,472,2026-09-05T10:07:10Z,ja,"['日本語', '鳩禁止', 'アドバイス禁止', 'ネタバレ禁止']",2026-09-05,20-28-40,Saturday
316784786133,480283110,sotrudnick,1131336879,Black Russia,471,2026-09-05T12:18:48Z,ru,['Русский'],2026-09-05,20-28-40,Saturday
318343032039,1133781300,askeldan,516575,VALORANT,471,2026-09-05T10:16:54Z,de,"['Deutsch', 'ADHS', 'English']",2026-09-05,20-28-40,Saturday
316415550450,557633478,dj___shige,509658,Just Chatting,471,2026-09-05T11:51:55Z,ja,"['日本語', 'DJ', 'GAME', 'Drops有効']",2026-09-05,20-28-40,Saturday
319112481495,22510310,gamesdonequick,1483574214,Games Done Quick,471,2026-09-05T03:20:18Z,en,"['English', 'Speedrun', 'Rerun']",2026-09-05,20-28-40,Saturday
318540707302,468083960,twostone,21779,League of Legends,470,2026-09-05T07:31:45Z,de,"['Deutsch', 'English', 'mid', 'Competitive', 'midlaner', 'Lore']",2026-09-05,20-28-40,Saturday
318342455911,24973791,esport2tv,21779,League of Legends,468,2026-09-05T09:05:52Z,hu,"['esport', 'esports', 'official', 'Magyar', 'LEC', 'live', 'MSI', 'Worlds', 'lol', 'leagueoflegeneds']",2026-09-05,20-28-40,Saturday
321282608858,55899594,corgicam,509663,Special Events,468,2026-09-05T13:04:06Z,en,"['English', 'Vtuber', 'Furry', 'LGBTQIAPlusAlly', 'short', 'LOUD', 'Interactive', 'ClosedCaptions', 'subathon', 'Yapper']",2026-09-05,20-28-40,Saturday
317682526819,106867975,skain,21779,League of Legends,468,2026-09-05T09:00:09Z,es,['Español'],2026-09-05,20-28-40,Saturday
318542891494,825615948,radiosurprise,26936,Music,467,2026-09-05T12:09:58Z,de,"['Deutsch', 'Englisch', 'Wiederholen', 'House', 'HipHop', 'Dance', 'Radio', 'DJ', 'DropsAktiviert']",2026-09-05,20-28-40,Saturday
316031450985,270232021,justketh,509658,Just Chatting,467,2026-09-05T08:06:06Z,en,"['English', 'IRL', 'Travel', 'ภาษาไทย', 'justchatting', 'girl', 'Thailand', 'Pattaya', 'DropsEnabled']",2026-09-05,20-28-40,Saturday
321393595739,43494917,knut,509658,Just Chatting,462,2026-09-05T12:43:48Z,en,"['English', 'Norwegian', 'IronForge', 'gym', 'Foodie', 'bodybuilder', 'IRL', 'fitness', 'Badge', 'DropsEnabled']",2026-09-05,20-28-40,Saturday
318477118181,84539108,nisqyy,21779,League of Legends,460,2026-09-05T09:42:30Z,fr,"['Français', 'Chıll', 'English', 'Europe', 'leagueoflegends', 'MOBA', 'Anime', 'movie', 'gaming', 'food']",2026-09-05,20-28-40,Saturday
320196007004,721402063,bernd_zehner,509672,IRL,460,2026-09-05T11:37:42Z,de,"['IRL', 'Essen', 'kochen', 'foodhunt', 'livecooking', 'justchatting', 'Deutsch', 'homecooking', 'Frankfurt']",2026-09-05,20-28-40,Saturday
318343330023,56145429,unfair,516575,VALORANT,459,2026-09-05T10:53:11Z,de,"['valorant', 'radiant', 'shooter', 'german', 'Deutsch', 'unfair']",2026-09-05,20-28-40,Saturday
315983766226,96908791,reimi,13332,Pokémon FireRed/LeafGreen,458,2026-09-05T07:29:32Z,en,"['Ironmon', 'Permadeath', 'Challenge', 'Hardmode', 'Kaizo', 'Pokemon', 'English', 'salmon', 'mud', 'GameCube']",2026-09-05,20-28-40,Saturday
320102242526,30227322,solorenektononly,21779,League of Legends,457,2026-09-05T11:35:12Z,en,"['Bald', 'GoblinMode', 'TopLane', 'English', 'top', 'renekton', 'League', 'leagueoflegeneds', 'leaguestreams', 'UNC']",2026-09-05,20-28-40,Saturday
316032438505,1367079921,paloylive,498566,Slots,457,2026-09-05T13:00:08Z,th,['ภาษาไทย'],2026-09-05,20-28-40,Saturday
316472147443,506396193,magnyi3,516575,VALORANT,455,2026-09-05T09:46:54Z,ja,"['日本語', 'valorant', '初見歓迎', '質問OK', '楽しく']",2026-09-05,20-28-40,Saturday
318540640614,76079358,vitablo,1702520304,Path of Exile 2,455,2026-09-05T07:19:39Z,de,"['AlterMannzockt', 'ANFÄNGER', 'Deutsch', 'DropsAktiviert']",2026-09-05,20-28-40,Saturday
315983893330,435392834,pepe_the_rarest,32982,Grand Theft Auto V,453,2026-09-05T08:38:58Z,en,"['RP', 'English', 'GTARP', 'old', 'Improv', 'dyslexic', 'ProdigyRP', 'rpgta', 'chaseRP', 'ONXRP']",2026-09-05,20-28-40,Saturday
318542066790,95645837,tiankami,376500771,Hades II,453,2026-09-05T10:40:41Z,ru,"['Русский', 'Roguelike', 'Рогалики', 'АрхонтРогаликов']",2026-09-05,20-28-40,Saturday
316812821334,14491612,zaitr0s,509658,Just Chatting,452,2026-09-05T08:58:24Z,sv,"['IRL', 'Svenska', 'English', 'DropsAktiverat']",2026-09-05,20-28-40,Saturday
321393017179,165114781,varg31,902998079,Halloween: The Game,452,2026-09-05T10:24:01Z,fr,"['deadbydaylight', 'horreur', 'survie', 'animation', 'metal', 'discussion', 'dbd', 'Français']",2026-09-05,20-28-40,Saturday
317647572450,643705238,l3scoco,513143,Teamfight Tactics,450,2026-09-05T09:59:35Z,fr,['Français'],2026-09-05,20-28-40,Saturday
321219567321,1333781846,ploomet,509659,ASMR,448,2026-09-05T12:00:07Z,en,"['Vtuber', 'ASMR', 'live', '3dio', 'English', '18pluschannel', 'spanish']",2026-09-05,20-28-40,Saturday
316403815921,489485041,ayabdch,386821,Black Desert,445,2026-09-05T03:36:26Z,ja,"['雑談', 'おっさん配信者', '日本語', 'Drops有効']",2026-09-05,20-28-40,Saturday
316405607665,867874838,rinalucsper,509658,Just Chatting,445,2026-09-05T11:55:07Z,en,"['brat', 'menhera', 'NEET', 'imouto', 'Vtuber', 'cutenfunny', 'schizophrenic', 'mentallyunstable', 'English', 'girlfriendexperience']",2026-09-05,20-28-40,Saturday
320191773276,848271250,nosiiree,509658,Just Chatting,444,2026-09-05T01:41:30Z,en,"['English', 'music', 'indieartist', 'MUSICARTIST', 'oscs', 'DropsEnabled']",2026-09-05,20-28-40,Saturday
318959746804,105007799,artilh3iro,19619,Tibia,444,2026-09-05T09:47:49Z,pt,"['Português', 'PXGTibia', 'EXQUECE', 'monohunt', 'pxg']",2026-09-05,20-28-40,Saturday
321393428187,531602803,therealkyzen,1264310518,Marvel Rivals,444,2026-09-05T12:04:18Z,en,"['english', 'ADHD', 'loud', 'English']",2026-09-05,20-28-40,Saturday
316010786259,32813172,thegamblingcabin,518203,Sports,443,2026-09-05T12:00:55Z,sv,"['Svenska', 'DropsAktiverat']",2026-09-05,20-28-40,Saturday
321219809753,23844396,teepee,743893402,WARDOGS,441,2026-09-05T12:52:37Z,en,"['callofduty', 'optic', 'English', 'fps', 'battleroyale', 'warzone', 'bo7', 'Blackout', 'pro', 'DropsEnabled']",2026-09-05,20-28-40,Saturday
318542346086,43298229,d1rtyd3vil,1357871551,The Blood of Dawnwalker,441,2026-09-05T11:12:15Z,de,"['Hardmode', 'Erwachsen', 'Entspannt', 'Deutsch', 'Variety', 'LigaDerHeftigkeiten', 'KeinBackseatGaming', 'KIMusic', 'DropsAktiviert']",2026-09-05,20-28-40,Saturday
318341306343,144924031,kiittwy,21779,League of Legends,441,2026-09-05T06:00:55Z,en,"['English', 'Chinese', '中文', 'Esports', 'LPL', 'LCP', 'LCK', 'LEC', 'Lolesports', 'Educational']",2026-09-05,20-28-40,Saturday
321279831898,92858368,autolykuslol,21779,League of Legends,440,2026-09-05T04:51:58Z,en,"['English', 'sett', 'gaming', 'Mordekaiser']",2026-09-05,20-28-40,Saturday
318341928679,41259605,mythosofgaming,1414860634,The Binding of Isaac: Repentance,440,2026-09-05T07:58:51Z,de,['Deutsch'],2026-09-05,20-28-40,Saturday
320101654110,44930725,cope,491487,Dead by Daylight,439,2026-09-05T09:05:01Z,en,"['English', 'Chill', 'DropsEnabled']",2026-09-05,20-28-40,Saturday
316032520809,121521701,crazyfacetw,516575,VALORANT,437,2026-09-05T13:21:27Z,zh,"['中文', 'English']",2026-09-05,20-28-40,Saturday
318541800934,92353597,riirex,13332,Pokémon FireRed/LeafGreen,436,2026-09-05T10:08:53Z,de,"['Deutsch', 'riirex', 'grind', 'daily', 'VarietyGamer', 'matze', 'amongus', 'eldenring', 'pokemon', 'DropsAktiviert']",2026-09-05,20-28-40,Saturday
317648964194,83332770,s7ormytv,512710,Call of Duty: Warzone,436,2026-09-05T12:56:05Z,it,"['Italiano', 'fps', 'justchatting', 's7ormy', 'ita', 'drops', 'chill', 'indie', 'F1']",2026-09-05,20-28-40,Saturday
318343468647,132103299,thomb,93798731,F1 25,436,2026-09-05T11:08:20Z,en,['English'],2026-09-05,20-28-40,Saturday
315482238703,139417491,woojungx4,509658,Just Chatting,435,2026-09-05T08:15:27Z,ko,"['한국어', 'Dance', 'KPOP', 'ENG', 'english', 'asia', 'tiwan', 'korea', 'KR']",2026-09-05,20-28-40,Saturday
318463938789,663422139,karpo_cz,509663,Special Events,434,2026-09-04T05:53:38Z,cs,"['Čeština', 'příběhováhra', 'Interakceschatem', 'adult', 'story', 'megagoodsupervibes', 'Coop', 'PovolenéDrops']",2026-09-05,20-28-40,Saturday
316784726613,108010031,likainenharritv,509672,IRL,434,2026-09-05T12:07:49Z,fi,"['Suomi', 'IRL', 'Dysfasia', 'English', 'Lapland', 'gamer', 'Finland', 'laavu', 'summer', 'magnetfishing']",2026-09-05,20-28-40,Saturday
318543020646,26308313,wanderbraun,12924,Warcraft III,430,2026-09-05T12:23:39Z,ru,"['История', 'Стратегии', 'Русский', 'RTS', 'Киберспорт', 'Warcraft', 'PvP', 'Українець']",2026-09-05,20-28-40,Saturday
316010496979,59667627,mada,743893402,WARDOGS,429,2026-09-05T09:54:02Z,es,"['Mada', 'Madapls', 'Gameplay', 'Chill', 'Español', 'PvP', 'Arma', 'ArmaReforger', 'GrayZoneWarfare', 'DropsActivados']",2026-09-05,20-28-40,Saturday
321282071130,751561144,curly,1357871551,The Blood of Dawnwalker,428,2026-09-05T10:59:26Z,en,"['English', 'Interactive', 'Chatty', 'ADHD', 'FirstPlaythrough', 'LGBTQIAPlus', 'Cosplay', 'Woman', 'Tattoos', 'BaldAlly']",2026-09-05,20-28-40,Saturday
317671719908,82020771,captainfracas,132735846,ZEVENT,427,2026-09-05T10:11:24Z,fr,"['Français', 'DropsActivés']",2026-09-05,20-28-40,Saturday
316814025174,1437238863,aztecspin,498566,Slots,427,2026-09-05T12:48:24Z,es,"['Español', 'MX', 'México']",2026-09-05,20-28-40,Saturday
316857228116,699749584,secboba,27471,Minecraft,427,2026-09-05T12:47:18Z,ru,"['SecB', 'MineShield', 'Русский']",2026-09-05,20-28-40,Saturday
316812537686,211797594,rexnor,500188,Hunt: Showdown 1896,427,2026-09-05T08:00:17Z,en,"['pvp', 'gaming', 'hardcore', 'challenge', 'solo', 'huntshowdown', 'English', 'ExtractionShooter', 'fps']",2026-09-05,20-28-40,Saturday
316857099860,118246516,zhekastg777,488910,American Truck Simulator,427,2026-09-05T12:26:19Z,ru,"['Русский', 'Английский', 'отдых', 'chill', 'RPG', 'ролеваяигра', 'forzahorizon', 'гонки']",2026-09-05,20-28-40,Saturday
317646901986,92055456,londoncontroller,669337588,Microsoft Flight Simulator 2024,427,2026-09-05T07:59:57Z,en,['English'],2026-09-05,20-28-40,Saturday
316773669461,1452895933,orangemorangeslots,498566,Slots,427,2026-09-03T15:05:48Z,de,['Deutsch'],2026-09-05,20-28-40,Saturday
316814136918,141477796,iltw1,29595,Dota 2,427,2026-09-05T13:07:04Z,ru,['Русский'],2026-09-05,20-28-40,Saturday
318540338534,94173453,michael_starlight,13263,EVE Online,426,2026-09-05T06:17:02Z,de,"['Deutsch', 'eve', 'soloqueue', 'PvP', 'Legende', 'Deutsch', 'DropsAktiviert']",2026-09-05,20-28-40,Saturday
315993625704,1338156896,betyucheng,509658,Just Chatting,426,2026-09-05T11:13:22Z,zh,['中文'],2026-09-05,20-28-40,Saturday
317648957922,18887776,moman,132735846,ZEVENT,426,2026-09-05T12:55:12Z,fr,"['Français', 'escapefromtarkov', 'EFT', 'tarkov', 'fps', 'CS', 'RP', 'gta', 'valorant', 'DropsActivés']",2026-09-05,20-28-40,Saturday
318872318325,181077473,gaules,1745202732,FIFA 23,425,2026-09-03T14:04:36Z,pt,['Português'],2026-09-05,20-28-40,Saturday
316812614742,410917831,avicii75,538054672,TEKKEN 8,424,2026-09-05T08:19:52Z,ru,"['Русский', 'Tekken']",2026-09-05,20-28-40,Saturday
316172147052,176314965,swimy,138585,Hearthstone,423,2026-09-05T08:22:14Z,ar,['العربية'],2026-09-05,20-28-40,Saturday
318468407525,1219317949,dayi,32982,Grand Theft Auto V,422,2026-09-04T15:24:11Z,de,"['deutsch', 'football', 'firma', 'wiederholen', 'gta', 'rp', 'justchatting', 'Deutsch', 'Wiederholen']",2026-09-05,20-28-40,Saturday
316856762196,1069272670,airokun,27471,Minecraft,422,2026-09-05T11:35:01Z,en,"['Hoplite', 'minecraft', 'battleroyale', 'English', 'MoneySMP', 'MCSR', 'Speedrunning', 'lolcow']",2026-09-05,20-28-40,Saturday
317671234020,48910189,koordinata,509658,Just Chatting,422,2026-09-05T08:46:09Z,ru,"['Русский', 'необъяснимыйПриколдес', 'ухахатбл', 'фильм', 'игры', 'сквернословие', 'DropsВключены']",2026-09-05,20-28-40,Saturday
321216770905,890028845,winton_ow2,515025,Overwatch,422,2026-09-05T04:29:22Z,en,"['English', 'Drops', 'Tank', 'Chill', 'Vibe', 'Vtuber', 'Cozy', 'winton', 'pngtuber']",2026-09-05,20-28-40,Saturday
315992587496,673082016,iitifox,902998079,Halloween: The Game,419,2026-09-05T05:40:14Z,zh,"['中文', 'Vtuber', '稻米米', 'wawa', '狐扯', '值夜選手', '启用掉宝']",2026-09-05,20-28-40,Saturday
316784609621,113057172,laflaerr,32982,Grand Theft Auto V,419,2026-09-05T11:47:16Z,ru,"['Русский', 'laflaer', 'тулево', 'гта5рп', 'gta5', 'gta5rp', 'россияонлайн', 'твич']",2026-09-05,20-28-40,Saturday
318476496997,42112511,shirahiko,509658,Just Chatting,417,2026-09-05T08:16:03Z,en,"['Vtuber', 'femboy', 'gooner', 'balls', 'bussy', 'sock', 'Filipino', 'bugeater', 'subathon', 'English']",2026-09-05,20-28-40,Saturday
315482634991,55602362,wendler,516575,VALORANT,416,2026-09-05T11:46:53Z,en,"['English', 'valorant', 'Competitive', 'Ranked', 'prx']",2026-09-05,20-28-40,Saturday
318343304551,55290849,gn_krobatv,513143,Teamfight Tactics,415,2026-09-05T10:50:29Z,el,['Ελληνικά'],2026-09-05,20-28-40,Saturday
321281989722,59804049,saltemike,71375,Star Citizen,415,2026-09-05T10:30:56Z,en,['English'],2026-09-05,20-28-40,Saturday
317645343714,940798321,thepeoplespundit,509658,Just Chatting,414,2026-09-04T23:15:48Z,en,"['English', 'UK', 'Football', 'DropsEnabled']",2026-09-05,20-28-40,Saturday
318540557798,96654503,avid_is_odd,1357871551,The Blood of Dawnwalker,414,2026-09-05T07:04:06Z,hu,"['Magyar', 'Hungarian', 'Variety', 'DropokEngedélyezve']",2026-09-05,20-28-40,Saturday
316055649770,36316455,tomchen60229,138585,Hearthstone,414,2026-09-05T12:31:00Z,zh,['中文'],2026-09-05,20-28-40,Saturday
316857345876,68266211,whaazz,18122,World of Warcraft,412,2026-09-05T13:04:12Z,en,"['PvP', 'Arena', 'Rogue', 'Warrior', 'Monk', 'Druid', 'English', 'DemonHunter', 'Evoker', 'DropsEnabled']",2026-09-05,20-28-40,Saturday
318343076327,31890957,stovepov,18122,World of Warcraft,411,2026-09-05T10:22:35Z,en,"['RWF', 'MythicPlus', 'English', 'DropsEnabled']",2026-09-05,20-28-40,Saturday
321260122074,96235256,ohtofu,498592,I'm Only Sleeping,410,2026-09-04T00:49:46Z,en,['English'],2026-09-05,20-28-40,Saturday
318472223589,894303045,ckaiba9,1702520304,Path of Exile 2,410,2026-09-04T19:36:57Z,ru,"['Русский', 'DropsВключены']",2026-09-05,20-28-40,Saturday
318959837172,98169065,casalskills,21779,League of Legends,410,2026-09-05T10:30:34Z,pt,"['Casal', 'CasalSkills', 'IRL', 'Ciclismo', 'pedal', 'leagueoflegends', 'cozinhando', 'Português']",2026-09-05,20-28-40,Saturday
316404963057,56691819,dd87878,491931,Escape from Tarkov,410,2026-09-05T09:18:20Z,zh,"['鳥', '中文', '主席', '启用掉宝']",2026-09-05,20-28-40,Saturday
320174108764,1171769612,jynxzi247,499973,Always On,409,2026-09-03T20:33:54Z,en,"['English', 'jynxzi', 'siege', 'rainbowixsiege', 'caseoh', 'kai']",2026-09-05,20-28-40,Saturday
318344635239,156356155,kappapridesummoner,509658,Just Chatting,408,2026-09-05T13:01:47Z,ru,"['Русский', 'Беженец', 'Эмигрант', 'Austria', 'RollingLoud', 'DropsВключены']",2026-09-05,20-28-40,Saturday
318477494757,49551995,fanmadetim,1659,Pokémon Ranger,408,2026-09-05T10:31:23Z,de,['Deutsch'],2026-09-05,20-28-40,Saturday
318342005351,155849154,mirageeputo_,743893402,WARDOGS,408,2026-09-05T08:08:28Z,hu,"['Magyar', 'DropokEngedélyezve']",2026-09-05,20-28-40,Saturday
319117374423,51850283,kreekcraft,23020,ROBLOX,407,2026-09-05T12:05:31Z,en,"['English', 'Roblox', 'bloxfruits']",2026-09-05,20-28-40,Saturday
316784593621,155869388,jointhesystemm,743893402,WARDOGS,406,2026-09-05T11:44:33Z,ru,"['Русский', 'DropsВключены']",2026-09-05,20-28-40,Saturday
316785159893,779040773,astraasper,29452,Virtual Casino,406,2026-09-05T13:19:58Z,ru,"['Русский', 'лигалегенд', 'Топлейнер', 'DropsВключены', 'RANK1']",2026-09-05,20-28-40,Saturday
318542812390,115148629,zsombey,510389,Shakes and Fidget,404,2026-09-05T12:02:09Z,hu,"['Magyar', 'DropokEngedélyezve']",2026-09-05,20-28-40,Saturday
320240382688,28222081,imakuni,7152,Rocket: Robot on Wheels,403,2026-09-05T07:02:01Z,en,"['Woman', 'Disabled', 'Comfy', 'Vtuber', 'English', 'ENVtuber', 'Hag', 'SonicTheHedgehog', 'Retro', 'RetroAchievements']",2026-09-05,20-28-40,Saturday
316010756051,32920392,paulinpelivideot,9440,Bully,401,2026-09-05T11:49:41Z,fi,"['Suomi', 'Speedrun', 'roleplaying', 'Roolipelit', 'uwu', 'CatGirlsareruiningmylife']",2026-09-05,20-28-40,Saturday
316855897684,150362326,viikonloppu,459931,Old School RuneScape,400,2026-09-05T09:07:01Z,en,"['English', 'Suomi', 'oldschoolrunescape', 'gaming']",2026-09-05,20-28-40,Saturday
320241427424,100372176,alixxa,27471,Minecraft,399,2026-09-05T12:04:31Z,en,"['English', 'loud']",2026-09-05,20-28-40,Saturday
316404884977,1009295599,ayutarochan,493057,PUBG: BATTLEGROUNDS,399,2026-09-05T08:55:37Z,ja,"['日本語', 'あゆたろう']",2026-09-05,20-28-40,Saturday
317648053602,76399084,chaisia,509660,Art,399,2026-09-05T11:09:09Z,en,"['DigitalArt', 'Woman', 'slovak', 'czech', 'adult', 'yapping', 'egirl', 'Anime', 'Vtuber', 'art']",2026-09-05,20-28-40,Saturday
318343898343,136784171,mehdi,491931,Escape from Tarkov,398,2026-09-05T11:53:12Z,de,"['Deutsch', 'WWE', 'Valo', 'minecraft', 'reaction', 'PvEPvP']",2026-09-05,20-28-40,Saturday
321275497946,29020039,saiko,902998079,Halloween: The Game,397,2026-09-05T01:02:12Z,en,"['English', 'Horror', 'LGBTQ', 'Vtuber', 'ENVtuber', 'Yapper', 'horrorgames', 'Bratty', 'dbdcreator', 'DropsEnabled']",2026-09-05,20-28-40,Saturday
316472810483,9094040,fullcon,32982,Grand Theft Auto V,397,2026-09-05T12:09:43Z,ja,['日本語'],2026-09-05,20-28-40,Saturday
318343501159,273677595,queen_giorgia,33214,Fortnite,396,2026-09-05T11:11:51Z,it,"['Italiano', 'DropAbilitati']",2026-09-05,20-28-40,Saturday
318475794661,198758477,azpectcustomz,18122,World of Warcraft,396,2026-09-05T06:06:29Z,de,"['Deutsch', 'gaming', 'Giveaways', 'builds', 'WorldofWarcaft', 'MythicPlus', 'DropsAktiviert']",2026-09-05,20-28-40,Saturday
316813634774,732332618,squimeh,509658,Just Chatting,396,2026-09-05T11:40:53Z,ru,"['vtuber', 'втубер', 'аниме', 'ruvtuber', 'уют', 'девушка', 'Русский', 'казуал', 'общение', 'pitomnik']",2026-09-05,20-28-40,Saturday
318477084901,76752131,thereisnofuture,1414860634,The Binding of Isaac: Repentance,395,2026-09-05T09:37:36Z,ru,"['Bedge', 'Русский', 'English']",2026-09-05,20-28-40,Saturday
318478299493,225473192,blachu_,331373906,eFootball,395,2026-09-05T11:59:47Z,pl,['Polski'],2026-09-05,20-28-40,Saturday
318342574183,39917814,kezman22,513143,Teamfight Tactics,394,2026-09-05T09:20:58Z,pl,['Polski'],2026-09-05,20-28-40,Saturday
316416063730,1470830297,big_tsukahara,515025,Overwatch,393,2026-09-05T13:13:46Z,ja,"['にじさんじ', 'Vtuber', '日本語']",2026-09-05,20-28-40,Saturday
316415982706,92831879,kurumikarin,509659,ASMR,393,2026-09-05T13:01:48Z,ja,"['日本語', 'ASMR', '耳舐め', '女性', 'earlickingasmr', '直舐め', '両耳舐め', '貫通耳舐め', '脳舐め', '低音女子']",2026-09-05,20-28-40,Saturday
316784209493,770762177,mariospzoo,32399,Counter-Strike,392,2026-09-05T10:29:22Z,pl,['Polski'],2026-09-05,20-28-40,Saturday
317648415330,667597085,myketv,33214,Fortnite,392,2026-09-05T11:53:44Z,it,"['Italiano', 'Fortnite', 'MykeTV', 'CoachMyke', 'FNCS']",2026-09-05,20-28-40,Saturday
318826861686,484136594,massroon,19619,Tibia,391,2026-09-05T09:45:59Z,pt,"['Português', 'MMORPG', 'Gostoso', 'Orebound', 'pxg']",2026-09-05,20-28-40,Saturday
320089567710,452321499,lopezfnx,498592,I'm Only Sleeping,391,2026-09-04T14:54:16Z,es,"['España', 'Español', 'DropsActivados']",2026-09-05,20-28-40,Saturday
318478847845,100079898,faridysha,509658,Just Chatting,391,2026-09-05T12:49:55Z,ru,"['Русский', 'ВопросОтвет', 'дерево', 'Говнокод', 'Türkiye', 'English', 'DropsВключены']",2026-09-05,20-28-40,Saturday
318960253684,44114966,furq,512953,ELDEN RING,391,2026-09-05T12:50:29Z,pt,"['Português', 'Radiante', 'Romantico', 'Tapas', 'iEsse', 'Reposição', 'DropsAtivados']",2026-09-05,20-28-40,Saturday
319114177623,44705119,kyousukelol1,490744,Stardew Valley,390,2026-09-05T05:04:05Z,en,['English'],2026-09-05,20-28-40,Saturday
317387256183,1134296624,sukiimellow,509672,IRL,389,2026-09-05T05:20:18Z,en,['English'],2026-09-05,20-28-40,Saturday
316813353942,1530880613,omllisiner,29452,Virtual Casino,389,2026-09-05T10:46:36Z,ru,"['English', 'Русский']",2026-09-05,20-28-40,Saturday
320175251420,44741426,streamerhouse,743893402,WARDOGS,389,2026-09-03T22:06:04Z,en,"['Marathon', 'AlwaysOn', 'Subathon', 'StreamerHouse', 'English', '24hr', '247Stream', 'gaming', 'LGBTQ', 'DropsEnabled']",2026-09-05,20-28-40,Saturday
318478658405,30264374,terenas,21779,League of Legends,389,2026-09-05T12:32:09Z,it,"['Italiano', 'Autistico', 'ADHD', 'chill', 'Esports', 'Competitive', 'DropAbilitati']",2026-09-05,20-28-40,Saturday
316856501588,141151400,pa1ze,516575,VALORANT,388,2026-09-05T10:54:15Z,en,"['English', 'valorant', 'Ranked', 'radiant', 'danish', 'duelist', 'fps', 'shooter']",2026-09-05,20-28-40,Saturday
318342420455,122481971,mielcrapouille,132735846,ZEVENT,388,2026-09-05T09:01:24Z,fr,"['vtuber', 'chill', 'cozy', 'discussion', 'Français', 'SafeSpace', 'safeplace', 'DropsActivés']",2026-09-05,20-28-40,Saturday
317682651747,49128094,jeanbaptisteshow,132735846,ZEVENT,388,2026-09-05T09:27:45Z,fr,"['Français', 'Actualités', 'DropsActivés']",2026-09-05,20-28-40,Saturday
318541735526,1159227487,sanijeljakimovski,488506,Trash TV,386,2026-09-05T10:01:45Z,de,"['Deutsch', 'joyn', 'prosieben', 'schämdichreich', 'realitytv', 'trashtv', 'sanijel', 'sanijeljakimovski', 'sanijelreaction', 'sanijeltwitch']",2026-09-05,20-28-40,Saturday
318542077542,421326609,rachelkay,1357871551,The Blood of Dawnwalker,386,2026-09-05T10:42:16Z,en,"['southafrica', 'girl', 'adhd', 'English', 'cosplay', 'Female', 'women', 'PC', 'NewRelease', 'DropsEnabled']",2026-09-05,20-28-40,Saturday
315993518696,167753637,playitshady,327598602,Onimusha: Way of the Sword,385,2026-09-05T10:42:25Z,en,"['Australia', 'UpDog', 'PIS', 'English', 'DropsEnabled']",2026-09-05,20-28-40,Saturday
316857429972,259710795,pelaajatcom,32399,Counter-Strike,385,2026-09-05T13:15:32Z,fi,"['Suomi', 'Wombat', 'xff', 'selostajat', 'kännissä', '35', 'ihQ']",2026-09-05,20-28-40,Saturday
316472206323,196336132,d175,32982,Grand Theft Auto V,384,2026-09-05T10:03:07Z,ja,['日本語'],2026-09-05,20-28-40,Saturday
321207655897,477885912,bullet,602040818,NBA 2K27,384,2026-09-04T19:59:57Z,en,"['English', 'DropsEnable', 'dropson']",2026-09-05,20-28-40,Saturday
318540377446,476237021,sophiexelisabeth,491962037,Big Ambitions,384,2026-09-05T06:27:34Z,de,"['cozy', 'gemütlich', 'entspannt', 'deutsch', 'weiblich', 'safespace', 'variety', 'german', 'simulator', 'Deutsch']",2026-09-05,20-28-40,Saturday
317648415970,102994564,melibellule,132735846,ZEVENT,382,2026-09-05T11:53:46Z,fr,"['Français', 'vtuberfr', 'Vtuber', 'DropsActivés']",2026-09-05,20-28-40,Saturday
316813980118,102195036,yurapivo,509658,Just Chatting,382,2026-09-05T12:39:43Z,ru,"['Русский', 'DropsВключены']",2026-09-05,20-28-40,Saturday
318342812519,103179576,fr3ddy,27546,World of Tanks,382,2026-09-05T09:50:25Z,de,"['Panzer', 'WoT', 'WorldofTanks', 'Drops', 'Dropsaktiviert', 'Deutsch', 'DropsAktiviert']",2026-09-05,20-28-40,Saturday
316202401901,98891264,soymilk,777856688,Desktop Explorer,382,2026-09-05T00:31:50Z,en,"['Vtuber', 'UnhingedStreamExperience', 'engineer', 'Dussy', 'English', 'notabigfanofthegovernment']",2026-09-05,20-28-40,Saturday
316471990771,1023243630,mikami_kon,493057,PUBG: BATTLEGROUNDS,382,2026-09-05T08:59:19Z,ja,"['Vtuber', '日本語', 'valorant', 'スト6', 'おすすめゲーム', 'インディーゲーム']",2026-09-05,20-28-40,Saturday
318477491301,703526707,jezkaa_,982017546,Palia,381,2026-09-05T10:30:45Z,de,"['Deutsch', 'lustig', 'talkingwithchat', 'cozygaming', 'CommunityFocused', 'SafeSpace', 'DropsAktiviert', 'Palia', 'Paliadrops', 'paliacozygame']",2026-09-05,20-28-40,Saturday
318343896551,450941057,kadditv,1682038606,Friendly Steps,381,2026-09-05T11:53:05Z,de,['Deutsch'],2026-09-05,20-28-40,Saturday
321276673882,1369581021,happyhappygal_vod,33214,Fortnite,380,2026-09-05T01:58:11Z,en,"['English', 'happyhappygal', 'fortnite', 'christian', 'FamilyFriendly', 'ZeroBuild', 'Rerun']",2026-09-05,20-28-40,Saturday
317670717028,108236875,ikoneec,65632,DayZ,379,2026-09-05T06:18:29Z,fr,"['DayZ', 'SURVIE', 'Français', 'DropsActivés']",2026-09-05,20-28-40,Saturday
318342506599,139182149,lairas_,18122,World of Warcraft,379,2026-09-05T09:12:44Z,en,['English'],2026-09-05,20-28-40,Saturday
316813900630,858050141,bespredeltv,401587136,Arena Breakout: Infinite,379,2026-09-05T12:23:29Z,ru,['Русский'],2026-09-05,20-28-40,Saturday
318475989733,36196174,jimpanse,743893402,WARDOGS,378,2026-09-05T06:48:13Z,de,"['Deutsch', 'chillout', 'tarkov', 'adult', 'german', 'DropsAktiviert']",2026-09-05,20-28-40,Saturday
317675900515,12585713,threedogg,18707,Grand Theft Auto IV,378,2026-09-04T15:12:30Z,en,"['English', 'NoBackseating']",2026-09-05,20-28-40,Saturday
316403876337,543114323,sakanine,327598602,Onimusha: Way of the Sword,377,2026-09-05T03:57:05Z,ja,"['日本語', 'Drops有効']",2026-09-05,20-28-40,Saturday
318957024884,190427123,tekagaming_,32399,Counter-Strike,377,2026-09-05T01:25:34Z,pt,['Português'],2026-09-05,20-28-40,Saturday
318540719206,543734101,aditotoro,509672,IRL,377,2026-09-05T07:33:50Z,de,"['skifahren', 'schweiz', 'sport', 'aditoro', 'adi', 'adrian', 'Deutsch']",2026-09-05,20-28-40,Saturday
316406051441,500026078,iroha_pokemon,1931693784,Pokémon Champions,376,2026-09-05T13:07:27Z,ja,"['日本語', '雑談', 'ポケモンチャンピオンズ', 'ポケチャン', 'Drops有効']",2026-09-05,20-28-40,Saturday
318341368295,126736158,schobi,31339,Project Zomboid,376,2026-09-05T06:14:50Z,de,['Deutsch'],2026-09-05,20-28-40,Saturday
316031546985,129440913,jongie,24241,FINAL FANTASY XIV ONLINE,376,2026-09-05T08:35:39Z,zh,"['Taiwan', 'HolidayHoopla', '中文']",2026-09-05,20-28-40,Saturday
320177161948,52049736,knotty,498592,I'm Only Sleeping,376,2026-09-04T00:03:25Z,en,"['English', 'gaming', 'fps', 'reactions', 'Chatting', 'NoPixel', 'guyjones', 'DayZ', 'knotty', 'egirl']",2026-09-05,20-28-40,Saturday
319105139031,1418938048,elajjaz247,499973,Always On,376,2026-09-04T14:35:41Z,en,"['English', 'Rerun']",2026-09-05,20-28-40,Saturday
321219263833,99591839,natarsha,512710,Call of Duty: Warzone,376,2026-09-05T10:25:53Z,en,"['English', 'Australia', 'America', 'fps', 'food', 'Foodie']",2026-09-05,20-28-40,Saturday
318343624551,63736545,heystan,32982,Grand Theft Auto V,375,2026-09-05T11:25:30Z,de,"['Deutsch', 'VarietyStreamer', 'Gaming', 'Storygames', 'Grind', 'Fuchsmädchen', 'MitZuschauerSpielen']",2026-09-05,20-28-40,Saturday
316784097877,129979277,sovietmedicina,29595,Dota 2,373,2026-09-05T10:07:25Z,ru,"['Русский', 'черемша', 'dota2', 'апчихба', 'папиросы', 'айсгергерт']",2026-09-05,20-28-40,Saturday
318478929637,32304693,gndugun,31336,Metin2,373,2026-09-05T12:57:41Z,de,"['Pro', 'Gamer', 'Free2Play', 'speedrun', 'Deutsch']",2026-09-05,20-28-40,Saturday
317682535779,948558483,xalisa,2104758320,The First Descendant,372,2026-09-05T09:02:09Z,en,"['English', 'alisa', 'tfd', 'thefirstdescendant', 'DropsEnabled']",2026-09-05,20-28-40,Saturday
318051551320,111882197,emilycc,902998079,Halloween: The Game,372,2026-09-05T03:45:09Z,en,"['English', 'subathon', 'ADHD', 'Marathon', 'girl', 'feet', 'Chatty', 'IRL', 'Travel', 'streameruniversity']",2026-09-05,20-28-40,Saturday
318540330598,28447375,skifolk,271304,7 Days to Die,371,2026-09-05T06:15:02Z,ru,"['skifolk', 'скифолк', 'survivalgames', 'eft', 'Русский']",2026-09-05,20-28-40,Saturday
318344573415,134593986,quattroace,743893402,WARDOGS,371,2026-09-05T12:56:42Z,ru,"['Русский', 'English', 'DropsВключены']",2026-09-05,20-28-40,Saturday
317682481763,544119697,chapo_dizona,32982,Grand Theft Auto V,371,2026-09-05T08:48:53Z,pt,['Português'],2026-09-05,20-28-40,Saturday
318541659622,44864184,sola,21779,League of Legends,370,2026-09-05T09:52:25Z,de,['Deutsch'],2026-09-05,20-28-40,Saturday
316857237076,116735257,danskespilpoker,488190,Poker,370,2026-09-05T12:49:01Z,da,['Dansk'],2026-09-05,20-28-40,Saturday
316405156849,28351364,loui5ng,1357871551,The Blood of Dawnwalker,370,2026-09-05T10:13:34Z,zh-hk,['粵語'],2026-09-05,20-28-40,Saturday
318478520933,90631404,mystery_blue,509672,IRL,369,2026-09-05T12:19:41Z,de,"['Outdoors', 'Deutsch', 'IRL', 'mcdonalds', 'gaming', 'latenightgaming', 'latenightstream', 'IchLiebeAramsi', 'OnlyVans']",2026-09-05,20-28-40,Saturday
318478463333,36977583,hoppii,509658,Just Chatting,368,2026-09-05T12:14:32Z,de,"['Deutsch', 'Roleplay', 'bingo', 'depression', 'fivem', 'gta', 'reactions', 'peak', 'PeakRP', 'GTARP']",2026-09-05,20-28-40,Saturday
317647836130,891941592,jamelinho213,516575,VALORANT,367,2026-09-05T10:39:05Z,fr,"['Français', 'VALORANＴ']",2026-09-05,20-28-40,Saturday
316010785107,137002416,arkvenger_tv,71375,Star Citizen,367,2026-09-05T12:00:35Z,es,"['Español', 'StarCitizen', 'MMO', 'Humo', 'Noticias', 'Inglés']",2026-09-05,20-28-40,Saturday
318541752294,186585606,betclicapogee,32399,Counter-Strike,367,2026-09-05T10:03:28Z,pl,"['CS2', 'polish', 'esportsnationscup2026', 'counterstrike2', 'Polski']",2026-09-05,20-28-40,Saturday
317676311011,817065149,zeventplays,132735846,ZEVENT,366,2026-09-04T15:58:01Z,fr,"['Français', 'DropsActivés']",2026-09-05,20-28-40,Saturday
316415924722,646799740,barukodayo,32982,Grand Theft Auto V,366,2026-09-05T12:53:13Z,ja,"['ストグラ', 'GTAⅤ', '山田パルコ', 'うさぎさん', '日本語', 'TRPG', '歌枠', '雑談', 'FF14', 'Drop有効']",2026-09-05,20-28-40,Saturday
318344591463,812370801,freyja,1357871551,The Blood of Dawnwalker,365,2026-09-05T12:58:36Z,en,"['English', 'Ciri', 'ADHD', 'Chatty', 'Woman', 'FirstPlaythough', 'Interactive', 'Girl', 'Feet', 'NoBackseatingUnlessAsked']",2026-09-05,20-28-40,Saturday
315993669864,146039007,m092230,509658,Just Chatting,365,2026-09-05T11:27:02Z,zh,"['遊戲', '中文', 'Dance', 'Chinese中文', '启用掉宝']",2026-09-05,20-28-40,Saturday
316031386089,431592451,slowwalkthroughs,674491029,Star Wars Zero Company,365,2026-09-05T07:47:17Z,en,"['English', 'Australia', 'AUS', 'NoBackseating', 'NoSpoilers', 'PC', '4090', 'FirstPlaythrough']",2026-09-05,20-28-40,Saturday
318478185957,758395772,geopasch,369418,GeoGuessr,363,2026-09-05T11:49:15Z,pt,['Português'],2026-09-05,20-28-40,Saturday
318543024998,629112069,th3discourse,509658,Just Chatting,362,2026-09-05T12:24:06Z,en,"['English', 'DropsEnabled']",2026-09-05,20-28-40,Saturday
318541704422,185273496,zerrroo__,386821,Black Desert,362,2026-09-05T09:57:55Z,en,"['English', 'Arabic', 'Wizard', 'PvE', 'PvP', 'BDO', 'MMORPG', 'DropsEnabled']",2026-09-05,20-28-40,Saturday
318325205351,221114625,xyzoom,27471,Minecraft,361,2026-09-03T18:37:09Z,de,['Deutsch'],2026-09-05,20-28-40,Saturday
318542396902,38835086,lowepe,1702520304,Path of Exile 2,361,2026-09-05T11:18:24Z,de,"['Deutsch', 'Lehrreich', 'HIlfe', 'gameplay', 'DropsAktiviert']",2026-09-05,20-28-40,Saturday
318542042214,94408137,hapsolutelly,21779,League of Legends,361,2026-09-05T10:38:21Z,fr,"['meufcool', 'neselavepas', 'sentlefoin', 'proute', 'waf', 'lesmeules', 'crazygirl', 'Français', 'énormepaf']",2026-09-05,20-28-40,Saturday
316472428403,595126758,ateliersage,327598602,Onimusha: Way of the Sword,361,2026-09-05T11:00:19Z,ja,"['日本語', 'Drops有効']",2026-09-05,20-28-40,Saturday
316054568938,938216791,k9kuro,33734,Pokémon Black/White Version 2,361,2026-09-05T07:00:09Z,en,"['ADHD', 'Filipino', 'Furry', 'British', 'Vtuber', 'femboy', 'GayPup', 'emo', 'English', 'Brony']",2026-09-05,20-28-40,Saturday
318477593445,446810993,itspatlive,509672,IRL,359,2026-09-05T10:44:10Z,de,"['Reisen', 'Deutsch', 'monte', 'Papaplatte', 'Zabex', 'Trymacs', 'portugal']",2026-09-05,20-28-40,Saturday
319095698519,1131600178,lirik_247,499973,Always On,358,2026-09-03T18:52:57Z,en,"['English', 'lirik', 'Variety', 'Rerun']",2026-09-05,20-28-40,Saturday
317671864164,448607714,lexitvz,132735846,ZEVENT,358,2026-09-05T10:37:05Z,fr,"['Français', 'chill', 'multigaming', 'discussion', 'LexiTVz', 'FR', 'zevent', 'DropsActivés']",2026-09-05,20-28-40,Saturday
316055698282,864328231,cygxdfp,743893402,WARDOGS,357,2026-09-05T12:45:29Z,zh,"['中文', '启用掉宝']",2026-09-05,20-28-40,Saturday
318464203877,111768177,chessgenie,27546,World of Tanks,356,2026-09-04T06:52:56Z,de,"['Deutsch', 'DropsAktiviert']",2026-09-05,20-28-40,Saturday
318542064998,471636038,mur_cs2,32399,Counter-Strike,355,2026-09-05T10:40:25Z,uk,"['Українська', 'Україна', 'faceit', 'CS2', 'кс2українською', 'кс2', 'Maincast']",2026-09-05,20-28-40,Saturday
319116283351,30813053,catonmarz,1169827,Quasimorph,355,2026-09-05T08:19:53Z,en,"['Vibing', 'English', 'ItWasntAGoodPrankAtAll', 'ItHurtMyFeelings', 'AndAllOfMyFunds']",2026-09-05,20-28-40,Saturday
318344467687,183796200,kraandop,515025,Overwatch,355,2026-09-05T12:46:32Z,en,"['Nederlands', 'English']",2026-09-05,20-28-40,Saturday
315984454738,80789830,alvini98,518203,Sports,355,2026-09-05T12:18:30Z,pt,"['crypto', 'finanças', 'educação', 'desporto', 'Português', 'Futebol', 'Ronaldo', 'FutebolAoVivo', 'DropsAtivados']",2026-09-05,20-28-40,Saturday
317672517476,29283977,icekei,1288643264,Guild Wars 3,355,2026-09-05T12:12:03Z,fr,['Français'],2026-09-05,20-28-40,Saturday
318477751397,52744330,eugengen,417528,Albion Online,354,2026-09-05T11:01:42Z,en,"['English', 'DropsEnabled']",2026-09-05,20-28-40,Saturday
318959882740,971837438,shuaazon,29452,Virtual Casino,354,2026-09-05T10:51:11Z,pt,['Português'],2026-09-05,20-28-40,Saturday
318341981671,24974812,manni2,1702520304,Path of Exile 2,353,2026-09-05T08:05:25Z,en,['English'],2026-09-05,20-28-40,Saturday
318341989351,415863463,yxnca,509672,IRL,351,2026-09-05T08:06:04Z,de,"['Deutsch', 'Female', 'girl', 'Shooter', 'talk', 'BesonderesEvent', 'bestintheworld']",2026-09-05,20-28-40,Saturday
318541318502,500047092,haselnuuuss,674491029,Star Wars Zero Company,350,2026-09-05T09:04:32Z,de,"['Deutsch', 'food']",2026-09-05,20-28-40,Saturday
316010262483,55974086,thedementedsalad,91419,Metal Gear Solid V: The Phantom Pain,350,2026-09-05T08:00:42Z,en,"['English', 'Dude', 'Getting', 'His', 'Salad', 'Tossed', 'DropsEnabled']",2026-09-05,20-28-40,Saturday
316856442068,204505974,vangard,509658,Just Chatting,347,2026-09-05T10:44:33Z,en,"['English', 'Norway', 'powerlifter', 'Travel', 'IRL', 'Adventure', 'Survival', 'DropsEnabled']",2026-09-05,20-28-40,Saturday
318343737063,192974800,alepre98,13332,Pokémon FireRed/LeafGreen,343,2026-09-05T11:37:27Z,it,"['SPORT', 'pokemon', 'REACTION', 'IRONMON', 'Italiano', 'DropAbilitati']",2026-09-05,20-28-40,Saturday
317665210852,115060112,recalbox,132735846,ZEVENT,343,2026-09-04T16:02:14Z,fr,"['DIY', 'Retrogaming', 'news', 'actu', 'actualités', 'Revuedepresse', 'lectureàhautevoix', 'lecture', 'Français', 'Retro']",2026-09-05,20-28-40,Saturday
316405909233,771664514,ikoi_momoa,32982,Grand Theft Auto V,343,2026-09-05T12:44:11Z,ja,"['Vtuber', '初見さん大歓迎', '絶叫', '日本語', 'FPS']",2026-09-05,20-28-40,Saturday
318540757862,160377301,brawlstars,497497,Brawl Stars,343,2026-09-05T07:40:13Z,en,"['English', 'brawlstars', 'BrawlEsports']",2026-09-05,20-28-40,Saturday
316783793749,610328945,liivgames,982017546,Palia,342,2026-09-05T09:01:49Z,en,"['Welcoming', 'English', 'Norway', 'Community', 'Palia', 'LGBTQIAPlusFriendly', 'PlayingwithViewers', 'cozygaming', 'Chatting', 'LurkerFriendly']",2026-09-05,20-28-40,Saturday
318344600935,31545223,agurin,21779,League of Legends,342,2026-09-05T12:59:22Z,de,"['Deutsch', 'English']",2026-09-05,20-28-40,Saturday
316814096598,929457355,pvpend,32399,Counter-Strike,342,2026-09-05T13:00:41Z,en,['English'],2026-09-05,20-28-40,Saturday
318540488934,542359559,ultrawooky,19554,iRacing,342,2026-09-05T06:52:38Z,pl,"['Polski', 'lmp2', 'SPA', 'spafrancochamps']",2026-09-05,20-28-40,Saturday
318885333877,440031049,speed_gunner,10384,God of War II,341,2026-09-05T01:19:04Z,pt,"['Português', 'gostosa', 'Speedrun', 'WRAttempts', 'Depressão', 'pobreza', 'Trans', 'Autista', 'gow', 'godofwar']",2026-09-05,20-28-40,Saturday
316813575510,574322532,zhenyalarkin,32399,Counter-Strike,341,2026-09-05T11:29:46Z,ru,"['Русский', 'CS2', 'прокачка', 'прокачкааккаунта', 'прокачкаподписчиков', 'прокачкаинвентаря', 'прокачкаскинов', 'cs', 'English']",2026-09-05,20-28-40,Saturday
316415949170,496970086,shibuya_kaho,509658,Just Chatting,340,2026-09-05T12:57:03Z,ja,"['English', 'Japan', 'Japanese', '日本語', 'Drops有効']",2026-09-05,20-28-40,Saturday
318478294757,53214865,kazama5,33214,Fortnite,339,2026-09-05T11:59:21Z,pl,['Polski'],2026-09-05,20-28-40,Saturday
316031514089,559027983,sakurah,513143,Teamfight Tactics,339,2026-09-05T08:26:06Z,en,"['English', 'Vtuber', 'Australia', 'feet', 'GOONER', 'Comfy', 'indecisive', 'DMCGLAZER', 'BRAINROT']",2026-09-05,20-28-40,Saturday
316414957170,46332700,summerseachels,417528,Albion Online,338,2026-09-05T09:33:42Z,en,"['Filipino', 'English', 'VTuber', 'Singing', 'girl', 'HottubStreamer', 'Philippines', 'PHVTuber', 'DropsEnabled']",2026-09-05,20-28-40,Saturday
318541226086,42855132,justndrew,32982,Grand Theft Auto V,338,2026-09-05T08:53:19Z,de,"['Deutsch', 'GTAⅤ', 'Roleplay', 'UnityLifeDE', 'Unity', 'GTARP', 'AltV', 'gtaroleplay', 'UnityLife']",2026-09-05,20-28-40,Saturday
318887982581,102286811,vigiabr,1702520304,Path of Exile 2,338,2026-09-05T10:54:52Z,pt,"['rpg', 'arpg', 'diablo', 'retroGaming', 'Português', 'DropsAtivados']",2026-09-05,20-28-40,Saturday
320241442272,146550248,amishzed,65632,DayZ,338,2026-09-05T12:07:19Z,en,"['survival', 'english', 'zombies', 'English', 'twingus', 'firstpersonshooter', 'survivalgame', 'DayZ', 'totallyarealpro']",2026-09-05,20-28-40,Saturday
321385700315,698164435,onexxgg,498592,I'm Only Sleeping,338,2026-09-05T01:05:42Z,es,"['OneXx', 'Latino', 'EnEspañol', 'clashroyale', 'Español', 'Fortnite']",2026-09-05,20-28-40,Saturday
317672366308,496112634,kurama_203,33214,Fortnite,338,2026-09-05T11:55:59Z,fr,['Français'],2026-09-05,20-28-40,Saturday
318477544549,756335999,sheisfoxy,509658,Just Chatting,337,2026-09-05T10:37:49Z,uk,"['ukrainian', 'Україна', 'Українська', 'English', 'DropsУвімкнено']",2026-09-05,20-28-40,Saturday
318342428135,476783858,maxiliecuy,33734,Pokémon Black/White Version 2,336,2026-09-05T09:02:02Z,de,['Deutsch'],2026-09-05,20-28-40,Saturday
316813948758,851162156,gamara_0382,29595,Dota 2,336,2026-09-05T12:33:09Z,ru,['Русский'],2026-09-05,20-28-40,Saturday
316472307827,796996233,mtoshii,20389,Tear Ring Saga,336,2026-09-05T10:31:48Z,ja,['日本語'],2026-09-05,20-28-40,Saturday
316812282454,24538057,mrderiv,132735846,ZEVENT,336,2026-09-05T06:38:35Z,fr,"['Français', 'aveugleman', 'fr', 'chill', 'nobackseat', 'Zevent2026', 'zevent', 'DropsActivés']",2026-09-05,20-28-40,Saturday
321219471705,472485064,lionastone,1669431183,DJs,334,2026-09-05T11:34:28Z,en,"['DJ', 'Techno', 'DJane', 'English', 'Progressive', 'Trance', 'friday', 'VisualASMR', 'DropsEnabled']",2026-09-05,20-28-40,Saturday
318540841830,48107542,privatepinguin,32502,World of Warships,334,2026-09-05T07:53:38Z,de,"['Deutsch', 'Cozy', 'chill', 'LurkFriendly', 'DropsAktiviert']",2026-09-05,20-28-40,Saturday
321218297305,153909695,skemonanji,743893402,WARDOGS,334,2026-09-05T06:34:35Z,en,"['English', 'Tactician', 'tipsandtricks', 'peanut', 'tobacco', 'fyp', 'arcraiderspvp', 'DropsEnabled', 'WARDOGS', 'baseraiding']",2026-09-05,20-28-40,Saturday
316813437782,448946039,alicia,460630,Rainbow Six Siege,333,2026-09-05T11:02:54Z,en,"['English', 'Irish', 'DropsEnabled']",2026-09-05,20-28-40,Saturday
318533605862,170934291,jacklooney,509658,Just Chatting,333,2026-09-04T16:15:28Z,ru,"['Русский', 'Женя', 'ДжекЛуни', 'Minecraft', 'DropsВключены']",2026-09-05,20-28-40,Saturday
316031543913,118786264,sarahjane,24241,FINAL FANTASY XIV ONLINE,333,2026-09-05T08:34:55Z,en,"['Australia', 'ffxiv', 'Materia', 'OCE', 'English', 'AUS', 'FinalFantasy14', 'Australian', 'MMO', 'CharityStream']",2026-09-05,20-28-40,Saturday
316784325589,1282047476,pubgprotv,493057,PUBG: BATTLEGROUNDS,332,2026-09-05T10:52:52Z,ru,"['Русский', 'English', 'pubgesports', 'pubgtournament', 'Competitive', 'M5', 'турнир', 'gcoin', 'pubgpro']",2026-09-05,20-28-40,Saturday
320098797790,100437982,gamingwithflashx,1743359147,MARVEL SNAP,331,2026-09-05T02:53:50Z,en,"['English', 'ADHDStreamer', 'Carribbean', 'VarietyStreamer', 'MarvelSnapCreator', 'MTGCreator', 'Mature', 'DropsEnabled']",2026-09-05,20-28-40,Saturday
318477527781,41372534,broeki,513143,Teamfight Tactics,331,2026-09-05T10:35:37Z,de,"['Deutsch', 'Englisch']",2026-09-05,20-28-40,Saturday
317671006820,20838704,gokedtv,369418,GeoGuessr,331,2026-09-05T07:52:43Z,es,"['watchparty', 'coach', 'tournament', 'spanish', 'Español']",2026-09-05,20-28-40,Saturday
320196135900,97892476,ohchev,1832641890,MLB The Show 26,331,2026-09-05T12:02:58Z,en,"['Ranked', 'Baseball', 'Sports', 'mlbtheshow', 'ADHD', 'English', 'MLB', 'aioptout', 'DropsEnabled']",2026-09-05,20-28-40,Saturday
318054502360,72576794,kingbendrick,1742163310,Worming from Home,329,2026-09-05T13:05:03Z,en,['English'],2026-09-05,20-28-40,Saturday
316471994995,801921410,reglushlionheart,493057,PUBG: BATTLEGROUNDS,329,2026-09-05T09:00:32Z,ja,"['日本語', 'Vtuber', 'Arkheron']",2026-09-05,20-28-40,Saturday
316857130708,838883056,elcastyyyy,32399,Counter-Strike,328,2026-09-05T12:31:06Z,ru,"['English', 'Русский']",2026-09-05,20-28-40,Saturday
319106418903,7832442,rifftrax,499973,Always On,328,2026-09-04T18:20:10Z,en,['English'],2026-09-05,20-28-40,Saturday
316405623025,153450729,toto02033,32982,Grand Theft Auto V,328,2026-09-05T11:57:59Z,ja,['日本語'],2026-09-05,20-28-40,Saturday
316471719795,1364966261,aaaaa88603,509658,Just Chatting,328,2026-09-05T07:35:13Z,zh,"['中文', '启用掉宝']",2026-09-05,20-28-40,Saturday
315964796241,440985624,wolfeei,27471,Minecraft,328,2026-09-05T13:09:35Z,en,"['blockwars', 'minecraft', 'dutch', 'Creatorsmp', 'mcc', 'English', 'lifestealworld']",2026-09-05,20-28-40,Saturday
317670732644,38284441,sakor_,132735846,ZEVENT,327,2026-09-05T06:25:47Z,fr,"['Français', 'Solary', 'Esport', 'Gaming', 'multigaming', 'goat', 'mageblanc', 'jeuxvidéo', 'DropsActivés']",2026-09-05,20-28-40,Saturday
317648978530,423622593,princesita1331,509672,IRL,327,2026-09-05T12:58:07Z,es,"['Español', 'princesita', 'egirl', 'charlando', 'VarietyStreamer']",2026-09-05,20-28-40,Saturday
318524951910,821305619,hoshiri13,490655,Pokémon GO,327,2026-09-03T18:40:23Z,en,"['English', 'badge', 'pichu', 'Pokémon', 'squirtle', 'bulbasaur', 'Charmander', 'SUBtemeber', 'subtember', 'DropsEnabled']",2026-09-05,20-28-40,Saturday
318542567526,133621591,wakayashi,386821,Black Desert,326,2026-09-05T11:37:08Z,de,"['MMORPG', 'MMO', 'Deutsch', 'English', 'sauercrowd', 'DropsAktiviert']",2026-09-05,20-28-40,Saturday
316415966578,747284830,momomi_owo,509658,Just Chatting,326,2026-09-05T13:00:07Z,zh,"['中文', 'Vtuber', '貓', '甜點魔法', '深夜配信', '夜貓子', '養成系主播', '貓咪台主', '蛇蛇布丁', '启用掉宝']",2026-09-05,20-28-40,Saturday
316813963094,241255296,krzych_tv,33214,Fortnite,326,2026-09-05T12:35:50Z,pl,['Polski'],2026-09-05,20-28-40,Saturday
321282077530,1014499634,grippothegod,624536948,EA Sports FC 26,326,2026-09-05T11:01:16Z,en,"['IRL', 'IRLchatting', 'English', 'Basketball', 'sleepstream', 'sleep']",2026-09-05,20-28-40,Saturday
321361290715,1106344955,r2onlineru,502829,R2 Online: Reign of Revolution,325,2026-09-03T15:21:49Z,ru,"['r2', 'R2Online', 'R2стрим', 'R2OnlineReignofRevolution', 'Русский']",2026-09-05,20-28-40,Saturday
316784258389,601674048,disowned_mlbb,494184,Mobile Legends: Bang Bang,325,2026-09-05T10:38:59Z,ru,"['disowned', 'дизовнед', 'Русский', 'English', 'mlbb', 'mobilelegends', 'mobilelegendsbangbang']",2026-09-05,20-28-40,Saturday
315983604306,29836234,teshrak,21779,League of Legends,324,2026-09-05T06:00:41Z,es,"['Chill', 'spanish', 'Español', 'lck', 'Lolesports', 'lolespañol']",2026-09-05,20-28-40,Saturday
317671264484,91122178,cyqop,1282866981,Delta Force,324,2026-09-05T08:52:45Z,fr,"['Français', 'Anglais', 'DropsActivés']",2026-09-05,20-28-40,Saturday
315482446831,17858826,albislol,516575,VALORANT,323,2026-09-05T10:09:17Z,zh,['中文'],2026-09-05,20-28-40,Saturday
320102647390,1292881913,majorleaguebalatro,745589378,Balatro,323,2026-09-05T12:46:38Z,en,['English'],2026-09-05,20-28-40,Saturday
316783673813,44677307,kondyss,1702520304,Path of Exile 2,323,2026-09-05T08:34:39Z,pl,"['steelmagefanboy', 'diablo', '0iq', 'drops', 'Polski', 'Hardcore', 'Bezpodpowiadania', 'ARPG', 'PathOfExile', 'LastEpoch']",2026-09-05,20-28-40,Saturday
318477067365,88239974,lpgjustjohnny,513143,Teamfight Tactics,323,2026-09-05T09:36:03Z,en,"['Deutsch', 'English']",2026-09-05,20-28-40,Saturday
319115267287,534800615,ijustlovepuzzles,509658,Just Chatting,322,2026-09-05T06:30:06Z,en,"['TwitchAmbassador', 'HiddenGem2025', '3xBIPOCAwardWinner', 'Black', 'AllyLGBTQIA', 'English', 'StreamerUniversity2026', 'JigsawPuzzles', 'MentalHealth', 'DropsEnabled']",2026-09-05,20-28-40,Saturday
317683173603,139024449,sawpalin,132735846,ZEVENT,321,2026-09-05T11:05:57Z,fr,"['Français', 'discussion', 'dbd', 'fr', 'bonnehumeur', 'tips', 'Action', 'chill', 'DropsActivés', 'zevent']",2026-09-05,20-28-40,Saturday
318540693094,236329859,heawin,518017,Resident Evil Village,321,2026-09-05T07:29:54Z,de,['Deutsch'],2026-09-05,20-28-40,Saturday
318341980391,66796497,master_of__mind,12839,Heroes of Might and Magic III: The Restoration of Erathia,320,2026-09-05T08:05:16Z,ru,['Русский'],2026-09-05,20-28-40,Saturday
318343481447,45585285,crims,18122,World of Warcraft,320,2026-09-05T11:09:44Z,en,"['English', 'DropsEnabled']",2026-09-05,20-28-40,Saturday
317671079268,141166701,bemma,491931,Escape from Tarkov,320,2026-09-05T08:10:00Z,en,"['Chill', 'English', 'UK']",2026-09-05,20-28-40,Saturday
316472770675,500601197,ram_ch0p,32982,Grand Theft Auto V,320,2026-09-05T12:03:50Z,ja,"['日本語', 'ラムチョ', 'ストグラ', '神代ラム']",2026-09-05,20-28-40,Saturday
315467744494,864364302,kannazukilubee,24241,FINAL FANTASY XIV ONLINE,320,2026-09-05T08:37:29Z,zh,"['嚴禁暴雷', '預見娛樂', '中文']",2026-09-05,20-28-40,Saturday
315993736808,1482968163,dungeonnow,509658,Just Chatting,320,2026-09-05T11:47:00Z,zh,"['中文', '启用掉宝']",2026-09-05,20-28-40,Saturday
317681790691,975207893,jardistream,132735846,ZEVENT,320,2026-09-05T05:33:41Z,fr,"['Français', 'Jardinage', 'Jardin', 'Potager', 'FAQs', 'IRL', 'DropsActivés']",2026-09-05,20-28-40,Saturday
318341908583,214272624,yarostnayakoshka,12839,Heroes of Might and Magic III: The Restoration of Erathia,320,2026-09-05T07:56:26Z,ru,"['Русский', 'Безнегатива', 'Сматом', 'какпойдет', 'безмата', 'бассейныиджакузи', 'анимешница']",2026-09-05,20-28-40,Saturday
318476563045,797663088,manukiemi,509672,IRL,319,2026-09-05T08:26:18Z,en,"['English', 'IRL', 'Travel', 'SocialEating', 'Exploration', 'Español', 'USA', 'Latvia']",2026-09-05,20-28-40,Saturday
317648619874,115156753,taisontv,743893402,WARDOGS,319,2026-09-05T12:14:04Z,es,"['Español', 'dropsactivados', 'English', 'battlefield6', 'bf6ranked', 'battlefield', 'DropsActivados']",2026-09-05,20-28-40,Saturday
316857325012,94568630,twixagod,498566,Slots,319,2026-09-05T13:01:24Z,en,['English'],2026-09-05,20-28-40,Saturday
318541080294,664824331,lillythechilly,509658,Just Chatting,318,2026-09-05T08:29:03Z,de,"['Deutsch', 'SafeSpace', 'cozystream', 'reactions', 'Community', 'DropsAktiviert']",2026-09-05,20-28-40,Saturday
317681228131,1368257971,badgecollectors,509658,Just Chatting,317,2026-09-05T01:19:12Z,en,"['English', 'Badges', 'DropsEnabled', 'Pichu', 'Pikachu', 'Charmander', 'Bulbasaur', 'Squirtle', 'SUBtember']",2026-09-05,20-28-40,Saturday
316472002163,57962435,yamatonjp,493057,PUBG: BATTLEGROUNDS,317,2026-09-05T09:02:05Z,ja,['日本語'],2026-09-05,20-28-40,Saturday
316814165846,621636992,misbi77,32399,Counter-Strike,317,2026-09-05T13:13:06Z,ru,"['misbi77', 'Русский', 'faceit', 'CS2']",2026-09-05,20-28-40,Saturday
316783549269,69128875,valbina,394568,RimWorld,316,2026-09-05T08:00:53Z,ru,"['Русский', 'valorant', 'Esports', 'VCTWatchParty', 'cybersport', 'Anime', 'DropsВключены']",2026-09-05,20-28-40,Saturday
317647386594,71040396,bulledop,132735846,ZEVENT,316,2026-09-05T09:30:05Z,fr,"['Français', 'lecture', 'survie', 'chill', 'cosy', 'Cosygaming', 'books', 'booktok', 'booktube', 'livre']",2026-09-05,20-28-40,Saturday
316031802729,568483486,thinkerbella,26936,Music,316,2026-09-05T09:50:50Z,en,"['Comfy', 'Vtuber', 'Anime', 'Musician', 'Australia', 'Singer', 'Radio', 'Music', 'English', 'Australian']",2026-09-05,20-28-40,Saturday
316010647763,491048227,diabloroleplay,490948,The Isle,316,2026-09-05T11:02:40Z,en,['English'],2026-09-05,20-28-40,Saturday
321271066074,169594765,joystick,515025,Overwatch,315,2026-09-04T21:15:04Z,en,"['English', 'Vendetta', 'DropsEnabled']",2026-09-05,20-28-40,Saturday
317682545251,151874024,rhobalas_lol,132735846,ZEVENT,315,2026-09-05T09:03:39Z,fr,"['Français', 'Fin', 'Frérot', 'C', 'Sad', 'VelKoz', 'Geometre', 'TCG', 'DropsActivés']",2026-09-05,20-28-40,Saturday
317681769187,89047775,lutti,132735846,ZEVENT,315,2026-09-05T05:23:26Z,fr,"['Français', 'DropsActivés']",2026-09-05,20-28-40,Saturday
316405520497,533693230,suzune_rabbit,32982,Grand Theft Auto V,315,2026-09-05T11:36:53Z,ja,"['日本語', 'RP', 'マイクラ配信', '餡ブレラ']",2026-09-05,20-28-40,Saturday
317672230500,195079684,guimauseterrier,132735846,ZEVENT,314,2026-09-05T11:37:07Z,fr,"['Français', 'Cozy', 'Discussions', 'Terrier', 'Littérature', 'Chill', 'Gaming', 'Chant', 'zevent', 'PumpkinAutumnChallenge']",2026-09-05,20-28-40,Saturday
318341921383,116434237,droodthund3r,138585,Hearthstone,314,2026-09-05T07:58:05Z,it,"['Pokemon', 'Hearthstone', 'Kaizo', 'Italiano', 'Pokèmon', 'challenge', 'cardgames', 'NOTILT', 'NORAGE', 'ONLYGOODVIBES']",2026-09-05,20-28-40,Saturday
318475952101,274922075,guthriee,32399,Counter-Strike,314,2026-09-05T06:40:57Z,uk,"['Ukraine', 'Українська', 'CS2', 'English', 'FPS', 'Українською', 'кс2', 'cs', 'гатрі']",2026-09-05,20-28-40,Saturday
317671300580,141222256,toneeuw,132735846,ZEVENT,313,2026-09-05T09:00:06Z,fr,"['Français', 'DropsActivés']",2026-09-05,20-28-40,Saturday
315992883560,157970655,lisa,1357871551,The Blood of Dawnwalker,313,2026-09-05T07:22:21Z,en,"['australia', 'english', 'comfy', 'English', 'DropsEnabled']",2026-09-05,20-28-40,Saturday
318344803047,65759224,nieuczesana,509658,Just Chatting,313,2026-09-05T13:18:01Z,pl,"['Polski', 'DropyWłączone']",2026-09-05,20-28-40,Saturday
317386674679,240261672,spaceyeen,1732431919,Sonic Frontiers,312,2026-09-05T04:13:15Z,en,"['Furry', 'Horror', 'RPG', 'English', 'LGBT', 'Cozy', 'Gay', 'helpimtrappedinsidetwitch', 'Vtuber', 'Trans']",2026-09-05,20-28-40,Saturday
318540863462,555196671,tatiantel2,1702520304,Path of Exile 2,311,2026-09-05T07:57:35Z,en,"['English', 'Totems', 'DropsEnabled']",2026-09-05,20-28-40,Saturday
318887917301,1153241054,guaramix1,29452,Virtual Casino,311,2026-09-05T10:23:29Z,pt,"['cassino', 'coperar', 'Português']",2026-09-05,20-28-40,Saturday
316055273834,463977359,dgiayenne,509672,IRL,311,2026-09-05T10:43:46Z,zh,"['聊天室慢回', '沒有雙螢幕', '中文', '臺南鹽行夜市一', '臺南小北夜市二', '臺南武聖夜市三', '臺南花園夜市4567', '英文', '重播']",2026-09-05,20-28-40,Saturday
318541174502,156642160,formulalena,509672,IRL,311,2026-09-05T08:45:46Z,de,"['Deutsch', 'Cozy', 'SafeSpace', 'WorldofWarcaft', 'wow', 'IRL']",2026-09-05,20-28-40,Saturday
318478096101,41560503,cypher,19490,Quake Live,310,2026-09-05T11:39:02Z,ru,['Русский'],2026-09-05,20-28-40,Saturday
316856244564,9528182,chilledchaos,499973,Always On,310,2026-09-05T10:11:19Z,en,"['English', 'ItalianSafeSpace', 'ChilledChaos', 'LyingEncouraged', 'seventeencarat', 'AmongUs', 'Multiplayer', 'aioptedout']",2026-09-05,20-28-40,Saturday
317388493047,490639381,itskonax,464339927,ARC Raiders,308,2026-09-05T11:16:58Z,en,"['English', 'PvP', 'BeginnerFriendly', 'Goopa', 'dogs', 'DropsEnabled']",2026-09-05,20-28-40,Saturday
316416020594,180286212,sinqmo,509659,ASMR,308,2026-09-05T13:07:10Z,ja,"['JP', '日本語', 'ASMR', '耳舐め', 'earlicking', 'earlickingasmr', 'Relax']",2026-09-05,20-28-40,Saturday
321393279835,46023180,natspresso,327598602,Onimusha: Way of the Sword,308,2026-09-05T11:28:29Z,en,"['English', 'girl', 'chatty', 'firstplaythrough', 'ChallengeRun', 'chill', 'metal', 'variety', 'VarietyStreamer', 'Welcoming']",2026-09-05,20-28-40,Saturday
318542759398,608852885,priscillaliaud,132735846,ZEVENT,308,2026-09-05T11:57:29Z,fr,"['EducationalStream', 'AMA', 'Français', 'caritatif', 'ViewerInteractions', 'Female', 'DropsActivés']",2026-09-05,20-28-40,Saturday
316055501034,16886667,bexed,327598602,Onimusha: Way of the Sword,308,2026-09-05T11:49:36Z,en,"['Malaysia', 'English', 'DropsEnabled']",2026-09-05,20-28-40,Saturday
317683224675,210670687,morgamix,539257489,Beast of Reincarnation,307,2026-09-05T11:13:57Z,pt,"['Português', 'DiogoMorgado', 'MorgamiX', 'Variety', 'PlayStation', 'playstationplaymaker', 'cinematic', 'actor']",2026-09-05,20-28-40,Saturday
318341316327,45384297,smayro,1357871551,The Blood of Dawnwalker,307,2026-09-05T06:03:07Z,pl,"['Polski', 'RPG', 'Polska', 'chill', 'Cozy', 'gaming', 'Retro', 'JRPG', 'hackandslash', 'akcja']",2026-09-05,20-28-40,Saturday
318543368294,513639210,jordanfaki,33214,Fortnite,307,2026-09-05T12:58:44Z,hu,['Magyar'],2026-09-05,20-28-40,Saturday
318881548021,438686523,trollzinha,386821,Black Desert,306,2026-09-04T17:01:10Z,pt,"['Português', 'Vtuber', 'Shai', 'English', 'Русский', 'Español', 'Ｖｔｕｂｅｒ', 'Lahn', 'PIX', 'VtuberBR']",2026-09-05,20-28-40,Saturday
316054595946,140611445,shythembo,493081,GRANBLUE FANTASY Relink,306,2026-09-05T07:08:09Z,en,"['Indigenous', 'AuDHDstreamer', 'SafeSpace', 'Vtuber', 'English', 'Trans', 'Australian', 'LGBTQIAPIus', 'TransRightsHumanRights']",2026-09-05,20-28-40,Saturday
316784135765,150705228,vadimdmish,491168,Clash Royale,306,2026-09-05T10:15:05Z,ru,"['English', 'Русский', 'Українська']",2026-09-05,20-28-40,Saturday
319114351447,824452306,basildl,2132205352,Deadlock,306,2026-09-05T05:15:37Z,en,"['English', 'deadlock', 'Eternus', 'persian', 'Infernus', 'wraith', 'mirage', 'mina', 'Celeste']",2026-09-05,20-28-40,Saturday
