id,user_id,user_login,game_id,game_name,viewer_count,started_at,language,tags,snapshot_date,snapshot_time,snapshot_day
317598521847,411377640,jynxzi,27471,Minecraft,56260,2026-10-05T21:59:47Z,en,"['English', 'DropsEnabled']",2026-10-07,02-30-19,Wednesday
317054748116,233741947,strogo,32399,Counter-Strike,56157,2026-10-06T11:30:21Z,ru,"['English', 'Русский', 'Major', 'ESL', 'IEM', 'Major2026', 'Лудоман']",2026-10-07,02-30-19,Wednesday
318899821542,31239503,eslcs,32399,Counter-Strike,44123,2026-10-06T11:02:53Z,en,['English'],2026-10-07,02-30-19,Wednesday
320625901404,246450563,stableronaldo,27471,Minecraft,41437,2026-10-05T21:59:46Z,en,"['English', 'DropsEnabled']",2026-10-07,02-30-19,Wednesday
319480212183,552120296,zackrawrr,509658,Just Chatting,40519,2026-10-06T17:32:48Z,en,"['English', 'politics', 'bald', 'DropsEnabled']",2026-10-07,02-30-19,Wednesday
317953796195,238813810,eliasn97,626298054,Machine Party,31121,2026-10-06T16:31:42Z,de,['Deutsch'],2026-10-07,02-30-19,Wednesday
317953442787,50985620,papaplatte,626298054,Machine Party,28103,2026-10-06T15:57:17Z,de,"['Deutsch', 'PositivVibes', 'Washed', 'matcha']",2026-10-07,02-30-19,Wednesday
319480374359,207813352,hasanabi,509658,Just Chatting,25122,2026-10-06T17:59:31Z,en,"['news', 'politics', 'adhd', 'English', 'GamerRage', 'DropsEnabled']",2026-10-07,02-30-19,Wednesday
316977582805,125401117,leb1ga,509658,Just Chatting,24702,2026-10-06T18:01:26Z,uk,"['Українська', 'DropsУвімкнено']",2026-10-07,02-30-19,Wednesday
317944337892,407388596,aminematue,509658,Just Chatting,23162,2026-10-06T18:05:10Z,fr,"['Français', 'DropsActivés']",2026-10-07,02-30-19,Wednesday
317011746006,135385636,deepins02,509658,Just Chatting,19910,2026-10-06T16:18:10Z,ru,"['Русский', 'DropsВключены']",2026-10-07,02-30-19,Wednesday
317012457046,92048793,ravshann,509672,IRL,17855,2026-10-06T17:38:32Z,ru,['Русский'],2026-10-07,02-30-19,Wednesday
318898528614,25722719,dakillzor,27546,World of Tanks,17598,2026-10-06T07:36:13Z,en,"['English', 'DropsEnabled']",2026-10-07,02-30-19,Wednesday
317923179618,24147592,gotaga,417892,Z1: Battle Royale,17547,2026-10-06T16:47:19Z,fr,['Français'],2026-10-07,02-30-19,Wednesday
318901389286,38759871,bysl4m,32399,Counter-Strike,17423,2026-10-06T14:08:32Z,ru,"['Киберспорт', 'Русский', 'КривойЭфир', 'SL4M']",2026-10-07,02-30-19,Wednesday
317056364116,89132304,sasavot,32399,Counter-Strike,17250,2026-10-06T16:04:24Z,ru,['Русский'],2026-10-07,02-30-19,Wednesday
317054791892,254030065,skywhywalker,32399,Counter-Strike,15901,2026-10-06T11:41:12Z,ru,"['Русский', 'English']",2026-10-07,02-30-19,Wednesday
318847795301,65171890,rainbow6,460630,Rainbow Six Siege,15422,2026-10-06T15:38:39Z,en,"['English', 'ubisoft', 'rainbowsixsiege', 'R6', 'DropsEnabled']",2026-10-07,02-30-19,Wednesday
318845431909,667209041,pangi,2023301131,CreatorSMP,15057,2026-10-06T11:49:52Z,en,"['English', 'Creatorsmp', 'LifestealSMP', 'DropsEnabled', 'Nederlands']",2026-10-07,02-30-19,Wednesday
318851100901,77827128,tumblurr,509658,Just Chatting,14864,2026-10-06T19:11:32Z,it,"['Italiano', 'DropAbilitati']",2026-10-07,02-30-19,Wednesday
321719670362,887001013,nico_la,509672,IRL,14855,2026-10-05T06:54:16Z,fr,"['Français', 'drole', 'humour', 'nico', 'nicotine', 'nicola', 'IRL', 'react']",2026-10-07,02-30-19,Wednesday
317604131191,136765278,buddha,32982,Grand Theft Auto V,14851,2026-10-06T17:28:04Z,en,['English'],2026-10-07,02-30-19,Wednesday
318901958246,403594122,zarbex,509658,Just Chatting,14825,2026-10-06T15:02:10Z,de,"['Deutsch', 'DropsAktiviert']",2026-10-07,02-30-19,Wednesday
318900135526,657644821,cs2_maincast,32399,Counter-Strike,14778,2026-10-06T11:49:03Z,uk,"['Українська', 'maincast', 'cs2', 'кс2', 'мейнкаст', 'Ukrainian', 'кс', 'ESLProLeague']",2026-10-07,02-30-19,Wednesday
317056632148,93869876,thebausffs,21779,League of Legends,13394,2026-10-06T16:39:02Z,en,['English'],2026-10-07,02-30-19,Wednesday
320542484702,563908141,joe_bartolozzi,509658,Just Chatting,13224,2026-10-06T19:06:19Z,en,"['English', 'DropsEnabled']",2026-10-07,02-30-19,Wednesday
316607387891,50988750,stylishnoob4,771448419,AION 2,12932,2026-10-06T00:26:40Z,ja,"['日本語', '感謝します', 'Drops有効']",2026-10-07,02-30-19,Wednesday
319478926935,69214305,kanonxo,771448419,AION 2,12840,2026-10-06T12:41:18Z,en,"['English', '한국어', 'MMO', 'MMORPG', 'AION2', 'DropsEnabled']",2026-10-07,02-30-19,Wednesday
317012588374,99899949,bratishkinoff,509658,Just Chatting,12598,2026-10-06T17:52:57Z,ru,"['Русский', 'братишкин', 'сексист', 'тегидлялохов', 'ютуб', 'большенелысый', 'безтрусиков', 'микропенис', 'DropsВключены']",2026-10-07,02-30-19,Wednesday
318848776421,31919607,elxokas,18122,World of Warcraft,12435,2026-10-06T16:53:26Z,es,['Español'],2026-10-07,02-30-19,Wednesday
319479919959,37402112,shroud,771448419,AION 2,12305,2026-10-06T16:44:05Z,en,"['English', 'DropsEnabled']",2026-10-07,02-30-19,Wednesday
319479701079,14371185,northernlion,509658,Just Chatting,12005,2026-10-06T16:00:53Z,en,"['English', 'DropsEnabled']",2026-10-07,02-30-19,Wednesday
320682885216,23161357,lirik,474709880,STAR WARS: Galactic Racer,11866,2026-10-06T16:03:17Z,en,"['English', 'LUL']",2026-10-07,02-30-19,Wednesday
321734447706,32085830,xaryu,18122,World of Warcraft,11752,2026-10-06T16:05:05Z,en,['English'],2026-10-07,02-30-19,Wednesday
320541533406,220476955,ishowspeed,32982,Grand Theft Auto V,11482,2026-10-06T17:28:30Z,en,['English'],2026-10-07,02-30-19,Wednesday
318902985702,85397463,noway4u_sir,21779,League of Legends,11375,2026-10-06T16:25:07Z,de,"['Deutsch', 'English']",2026-10-07,02-30-19,Wednesday
318845111269,35936871,eslcsb,32399,Counter-Strike,10965,2026-10-06T11:03:06Z,en,['English'],2026-10-07,02-30-19,Wednesday
318850333413,80384015,donkaaklijn,2023301131,CreatorSMP,9796,2026-10-06T18:26:47Z,nl,['Nederlands'],2026-10-07,02-30-19,Wednesday
320680784352,15564828,nickmercs,464339927,ARC Raiders,9655,2026-10-06T12:01:38Z,en,"['BEST', 'HUGE', 'TALL', 'WIDE', 'BIG', 'STRONG', 'English', 'CONTROLLER', 'escapefromtarkov']",2026-10-07,02-30-19,Wednesday
316552590578,49207184,fps_shaka,771448419,AION 2,9243,2026-10-06T08:31:13Z,ja,"['日本語', 'Drops有効']",2026-10-07,02-30-19,Wednesday
317923588834,41719107,zerator,332076082,Orc Incremental,9235,2026-10-06T17:17:48Z,fr,"['Français', 'DropsActivés']",2026-10-07,02-30-19,Wednesday
319157769845,38244180,alanzoka,474709880,STAR WARS: Galactic Racer,8899,2026-10-06T18:17:30Z,pt,"['Idoso', 'Gostoso', 'Papai', 'Português']",2026-10-07,02-30-19,Wednesday
316975689685,26921830,elajjaz,474709880,STAR WARS: Galactic Racer,8577,2026-10-06T13:42:27Z,en,"['English', 'megagamer']",2026-10-07,02-30-19,Wednesday
318300723928,79615025,valkyrae,509658,Just Chatting,8444,2026-10-06T19:01:26Z,en,"['English', 'DropsEnabled']",2026-10-07,02-30-19,Wednesday
318706760807,884930411,cs2_paragon_ru,32399,Counter-Strike,8394,2026-10-06T11:17:01Z,ru,"['Русский', 'Esports', 'Киберспорт']",2026-10-07,02-30-19,Wednesday
318848019301,125036509,gamerbrother,123184772,EA Sports FC 27,8333,2026-10-06T15:57:10Z,de,"['Deutsch', 'Fußball', 'justchatting', 'Gamerbrother', 'fifa', 'Football', 'eafc27']",2026-10-07,02-30-19,Wednesday
316110778728,56649026,quin69,508455,Valheim,8319,2026-10-06T14:30:54Z,en,['English'],2026-10-07,02-30-19,Wednesday
318709543783,78874179,krokoboss,626298054,Machine Party,8072,2026-10-06T16:02:14Z,de,['Deutsch'],2026-10-07,02-30-19,Wednesday
320635687644,180118013,hutchmf,464339927,ARC Raiders,8042,2026-10-06T13:42:33Z,en,['English'],2026-10-07,02-30-19,Wednesday
320634119260,23220337,emongg,515025,Overwatch,8032,2026-10-06T08:36:22Z,en,"['English', 'DropsEnabled']",2026-10-07,02-30-19,Wednesday
318847314149,430023505,xrohat,32982,Grand Theft Auto V,7963,2026-10-06T14:59:43Z,de,['Deutsch'],2026-10-07,02-30-19,Wednesday
317009822038,259710795,pelaajatcom,32399,Counter-Strike,7903,2026-10-06T11:27:03Z,fi,"['Suomi', 'Wombat', 'xff', 'selostajat', 'kännissä', '35', 'ihQ']",2026-10-07,02-30-19,Wednesday
319479712983,26194208,mitchjones,498566,Slots,7729,2026-10-06T16:02:24Z,en,['English'],2026-10-07,02-30-19,Wednesday
318903625190,28141853,youngmulti,32982,Grand Theft Auto V,7716,2026-10-06T17:04:00Z,pl,"['Polski', 'YFL', 'EnglishSubtitles', 'YFLSMP', 'qsmp2', 'spanishsubtitles', 'YFLSMP2', 'NoPixelV', 'NoPixel']",2026-10-07,02-30-19,Wednesday
321689139033,147927227,aspen,515025,Overwatch,7359,2026-10-06T14:17:51Z,en,"['English', 'DropsEnabled']",2026-10-07,02-30-19,Wednesday
318902027238,40292266,enzoknol,2023301131,CreatorSMP,7273,2026-10-06T15:08:06Z,nl,['Nederlands'],2026-10-07,02-30-19,Wednesday
318709643623,73437396,bonjwa,509663,Special Events,7246,2026-10-06T16:08:05Z,de,"['Deutsch', 'DropsAktiviert']",2026-10-07,02-30-19,Wednesday
317942115428,85800130,etoiles,460951,Geometry Dash,7137,2026-10-06T13:35:49Z,fr,['Français'],2026-10-07,02-30-19,Wednesday
317954543459,110902144,itachi,417892,Z1: Battle Royale,6919,2026-10-06T17:42:19Z,fr,['Français'],2026-10-07,02-30-19,Wednesday
317952888803,617021724,paache_,30921,Rocket League,6900,2026-10-06T14:52:12Z,es,['Español'],2026-10-07,02-30-19,Wednesday
316975389269,39154778,recrent,2132205352,Deadlock,6714,2026-10-06T12:44:17Z,ru,['Русский'],2026-10-07,02-30-19,Wednesday
321855167707,814026647,ereklo_game,19976,MapleStory,6668,2026-10-06T16:31:57Z,en,"['english', 'MMO', 'maplestory', 'twins', 'English', 'wow']",2026-10-07,02-30-19,Wednesday
318708530535,152633332,knekro,474709880,STAR WARS: Galactic Racer,6613,2026-10-06T14:38:47Z,es,"['Español', 'Elmejor', 'Challenger', 'hardcoregamer', 'peepoClown', 'vuelaalto', 'cracabut', 'DropsActivados']",2026-10-07,02-30-19,Wednesday
320637707228,119415848,anthonyz,32982,Grand Theft Auto V,6386,2026-10-06T17:39:10Z,en,"['English', 'nopixel', 'Rp', 'gta', 'NightZoom', 'FiveM', 'GTARP', 'Nopixelv', 'nopixelv']",2026-10-07,02-30-19,Wednesday
317603270903,27446144,fubgun,771448419,AION 2,6374,2026-10-06T12:37:57Z,en,"['English', 'drops', 'DropsEnabled']",2026-10-07,02-30-19,Wednesday
316975933397,215363437,avice,29595,Dota 2,6254,2026-10-06T14:24:42Z,ru,['Русский'],2026-10-07,02-30-19,Wednesday
318904569830,140861057,marcomerrino,509658,Just Chatting,6183,2026-10-06T18:00:21Z,it,"['Italiano', 'marcomerrino', 'horror', 'croix89', 'DropAbilitati']",2026-10-07,02-30-19,Wednesday
318845179621,133621591,wakayashi,771448419,AION 2,5975,2026-10-06T11:13:26Z,de,"['MMORPG', 'MMO', 'Deutsch', 'English', 'sauercrowd', 'DropsAktiviert']",2026-10-07,02-30-19,Wednesday
320637014364,198182340,mrsavage,33214,Fortnite,5958,2026-10-06T16:22:38Z,en,"['english', 'pc', 'gaming', 'Fortnite', 'English']",2026-10-07,02-30-19,Wednesday
320680846432,175831187,ironmouse,539102438,Watch Your Plastic Duck,5937,2026-10-06T12:11:14Z,en,"['English', 'Anime', 'Singing', 'puertorico', 'Vtuber', 'Latino', 'vtuber', 'DropsEnabled']",2026-10-07,02-30-19,Wednesday
318848499557,239867683,awizotv,509658,Just Chatting,5807,2026-10-06T16:32:40Z,pl,"['Polski', 'Awizo', 'DominikBos', 'awizotv', 'DropyWłączone']",2026-10-07,02-30-19,Wednesday
318904581478,91026471,giggand,32982,Grand Theft Auto V,5737,2026-10-06T18:00:46Z,de,"['Deusch', 'Deutsch']",2026-10-07,02-30-19,Wednesday
318712379495,36954803,h2p_gucio,509658,Just Chatting,5632,2026-10-06T18:35:52Z,pl,"['Polski', 'DropyWłączone']",2026-10-07,02-30-19,Wednesday
320680560608,7236692,dansgaming,459262,Call of Cthulhu,5389,2026-10-06T11:18:12Z,en,"['TwitchOG', 'DansGame', 'Emotes', 'Variety', 'English', 'Solo', 'Gaming', 'Cozy', 'Community', 'Singleplayer']",2026-10-07,02-30-19,Wednesday
318300395736,204730616,cinna,32982,Grand Theft Auto V,5272,2026-10-06T17:50:00Z,en,['English'],2026-10-07,02-30-19,Wednesday
318903292262,55104849,jeremyfrieser,2023301131,CreatorSMP,5117,2026-10-06T16:45:27Z,nl,"['Nederlands', 'DropsIngeschakeld']",2026-10-07,02-30-19,Wednesday
317944262500,85498365,vedal987,509658,Just Chatting,5044,2026-10-06T18:00:02Z,en,"['English', 'DropsEnabled']",2026-10-07,02-30-19,Wednesday
317951556707,168116110,croissantstrike,32399,Counter-Strike,4820,2026-10-06T11:13:44Z,fr,['Français'],2026-10-07,02-30-19,Wednesday
321688905945,67261729,savix,18122,World of Warcraft,4761,2026-10-06T13:33:28Z,en,"['Worldofwarcraft', 'English', 'MMORPG', 'NA']",2026-10-07,02-30-19,Wednesday
320637216476,26610234,cohhcarnage,479682350,Monsters & Memories,4729,2026-10-06T16:45:01Z,en,"['SFW', 'Parent', 'ADHD', 'moderated', 'NoPolitics', 'NoReligion', 'Interactive', 'Overencumbered', 'LootGoblin', 'English']",2026-10-07,02-30-19,Wednesday
320671281120,61433001,lospollostv,27471,Minecraft,4593,2026-10-05T22:00:10Z,en,"['English', 'DropsEnabled']",2026-10-07,02-30-19,Wednesday
320538032606,41567638,rumathra,509663,Special Events,4584,2026-10-06T06:39:00Z,de,"['Deutsch', 'rivals', 'DropsAktiviert']",2026-10-07,02-30-19,Wednesday
317955060067,89873316,terracid,417892,Z1: Battle Royale,4516,2026-10-06T18:24:32Z,fr,['Français'],2026-10-07,02-30-19,Wednesday
316110890088,996353742,sleduck,509658,Just Chatting,4497,2026-10-06T15:07:35Z,ru,"['Русский', 'уродск', 'pitomnik', 'питомник', 'DropsВключены']",2026-10-07,02-30-19,Wednesday
316176136426,131986952,froggerow,515025,Overwatch,4463,2026-10-06T17:03:27Z,en,"['English', 'DropsEnabled']",2026-10-07,02-30-19,Wednesday
321856269019,53430798,burn,32982,Grand Theft Auto V,4462,2026-10-06T18:41:24Z,en,"['English', 'FurryStreamer', 'depression', 'Roleplay', 'VoiceActor', 'gaming', 'BackseatGamingAllowed', 'Variety', 'NoPixel']",2026-10-07,02-30-19,Wednesday
318709880423,95745027,shappo0,2023301131,CreatorSMP,4460,2026-10-06T16:23:39Z,nl,['Nederlands'],2026-10-07,02-30-19,Wednesday
317603712375,62595539,realzbluewater,33214,Fortnite,4428,2026-10-06T15:26:52Z,en,"['DropsEnabled', 'PositiveVibes', 'Variety', 'gaming', 'FamilyFriendly', 'Community', 'English']",2026-10-07,02-30-19,Wednesday
317942591332,1895664,djmariio,123184772,EA Sports FC 27,4410,2026-10-06T14:47:22Z,es,"['DJMARIO', 'DJMARIIO', 'FIFA', 'FC', 'Español', 'ULTIMATEMOSTOLES', 'FC26', 'MUNDIAL', 'WORLDCUP', 'FC27']",2026-10-07,02-30-19,Wednesday
318849907685,51653974,coachlim,509658,Just Chatting,4263,2026-10-06T18:01:35Z,de,"['Deutsch', 'DropsAktiviert']",2026-10-07,02-30-19,Wednesday
317943828708,62989856,shisheyu,474709880,STAR WARS: Galactic Racer,4146,2026-10-06T17:15:10Z,fr,"['Français', 'chill']",2026-10-07,02-30-19,Wednesday
317955544675,143424503,dannyaarons,123184772,EA Sports FC 27,4133,2026-10-06T19:01:06Z,en,['English'],2026-10-07,02-30-19,Wednesday
318849346533,65660593,morrog,2023301131,CreatorSMP,4103,2026-10-06T17:28:26Z,nl,"['Nederlands', 'DropsIngeschakeld']",2026-10-07,02-30-19,Wednesday
317924781666,405186159,djilsi,2066107586,Escape the Backrooms,4100,2026-10-06T18:43:30Z,fr,['Français'],2026-10-07,02-30-19,Wednesday
319479816151,138600347,stoopzz,771448419,AION 2,4098,2026-10-06T16:22:45Z,en,"['MMORPG', 'English', 'MMO', 'RPG', 'DropsEnabled']",2026-10-07,02-30-19,Wednesday
317952488931,26008371,toniki,515025,Overwatch,4065,2026-10-06T13:52:15Z,es,"['Español', 'overwatch', 'DropsActivados']",2026-10-07,02-30-19,Wednesday
318710298855,20992865,grubby,32959,Heroes of the Storm,4028,2026-10-06T16:50:08Z,en,"['English', 'Warcraft3', 'RTS', '4X', 'Grubby', 'Cardgames', 'Strategy', 'RPG']",2026-10-07,02-30-19,Wednesday
316976639573,270698079,mazellovvv,32399,Counter-Strike,3987,2026-10-06T16:08:47Z,ru,"['Русский', 'mazellovvv', 'mzlff', 'English']",2026-10-07,02-30-19,Wednesday
321689875033,38871579,feinberg,27471,Minecraft,3971,2026-10-06T16:16:58Z,en,"['English', 'Speedrun']",2026-10-07,02-30-19,Wednesday
316974654805,188890121,dmitry_lixxx,32399,Counter-Strike,3960,2026-10-06T09:54:00Z,ru,"['Русский', 'ESL', 'major', 'CS2', 'IRL', 'traveling', 'mountains']",2026-10-07,02-30-19,Wednesday
316067707089,42776357,playhearthstone,138585,Hearthstone,3940,2026-10-06T14:53:13Z,en,"['warcraft', 'Strategy', 'cardgame', 'English', 'hearthstone', 'blizzard', 'BlizzardEntertainment', 'DropsEnabled']",2026-10-07,02-30-19,Wednesday
317603510775,25093116,fl0m,32399,Counter-Strike,3912,2026-10-06T14:17:04Z,en,"['BEARD', 'Washed', 'Pro', 'CONTENT', 'FAT', 'NotFat', 'NOTlate', 'SwoleDaddy', 'English']",2026-10-07,02-30-19,Wednesday
316975642069,48201326,missmikkaa,115977,The Witcher 3: Wild Hunt,3899,2026-10-06T13:33:04Z,en,"['English', 'swedish', 'Interactive', 'Chatty', 'ADHD', 'girl', 'Woman', 'TwitchAmbassador', 'NotBald', 'DropsEnabled']",2026-10-07,02-30-19,Wednesday
319098123510,44099416,rakin,771448419,AION 2,3865,2026-10-06T13:03:12Z,pt,"['Português', 'DropsAtivados']",2026-10-07,02-30-19,Wednesday
318706869095,906755562,watchfultvb,32399,Counter-Strike,3758,2026-10-06T11:31:37Z,ru,"['Русский', 'watchfultv', 'Киберспорт', 'ESLProLeague', 'ESL', 'Legacy', 'M80']",2026-10-07,02-30-19,Wednesday
321853973211,146922206,imperialhal__,511224,Apex Legends,3693,2026-10-06T13:17:42Z,en,['English'],2026-10-07,02-30-19,Wednesday
321854863067,128440061,zentreya,209738946,Wuthering Waves,3674,2026-10-06T15:54:29Z,en,"['English', 'ForkliftCertified', 'GoodMusicTaste', 'ENVtuber', 'PositiveVibes', 'Anime', 'funny', 'gaming', 'Vtuber', 'SVA']",2026-10-07,02-30-19,Wednesday
319480722519,26490481,summit1g,18122,World of Warcraft,3657,2026-10-06T18:50:17Z,en,['English'],2026-10-07,02-30-19,Wednesday
318710462951,75738685,insym,1176313681,Pilgrim,3656,2026-10-06T16:58:52Z,en,['English'],2026-10-07,02-30-19,Wednesday
317012937814,1410858029,fikdalle,29595,Dota 2,3628,2026-10-06T18:31:26Z,ru,"['игры', 'онлайн', 'ксго', 'дота2', 'Майкнрафт', 'стрим', 'VALORONAT', 'общение', 'Русский']",2026-10-07,02-30-19,Wednesday
317955426403,119657765,maximebiaggi,2066107586,Escape the Backrooms,3614,2026-10-06T18:53:43Z,fr,['Français'],2026-10-07,02-30-19,Wednesday
318707568231,121225244,obake_tv,509658,Just Chatting,3613,2026-10-06T12:58:38Z,de,"['Deutsch', 'CasualPlaythrough', 'arcade', 'Retro', 'DropsAktiviert']",2026-10-07,02-30-19,Wednesday
317952530915,934109766,lutsitv,509658,Just Chatting,3613,2026-10-06T13:58:47Z,fr,"['france', 'discussion', 'Français', 'DropsActivés']",2026-10-07,02-30-19,Wednesday
318850775781,156705811,lollolacustre,509658,Just Chatting,3570,2026-10-06T18:53:46Z,it,"['Italiano', 'DropAbilitati']",2026-10-07,02-30-19,Wednesday
316068138193,96555828,narek_cr,491168,Clash Royale,3515,2026-10-06T17:31:33Z,ru,['Русский'],2026-10-07,02-30-19,Wednesday
318712521063,51496027,loltyler1,21779,League of Legends,3513,2026-10-06T18:43:10Z,en,"['English', 'loltyler1', 'tyler1']",2026-10-07,02-30-19,Wednesday
316610367603,147242239,xhalli4x,2005329090,Jinro Metropolis,3508,2026-10-06T15:01:21Z,ja,['日本語'],2026-10-07,02-30-19,Wednesday
318706859239,36717908,izakooo,32399,Counter-Strike,3503,2026-10-06T11:30:14Z,pl,['Polski'],2026-10-07,02-30-19,Wednesday
317922580066,117168642,chowh1,417892,Z1: Battle Royale,3471,2026-10-06T15:53:33Z,fr,"['Français', 'warzone', 'calldofduty']",2026-10-07,02-30-19,Wednesday
318901092966,101204178,jamside,2132205352,Deadlock,3471,2026-10-06T13:40:24Z,ru,"['Русский', 'English', 'MONKEY', 'ape', 'Gorilla']",2026-10-07,02-30-19,Wednesday
321854475995,133220545,jay3,1264310518,Marvel Rivals,3467,2026-10-06T14:52:43Z,en,"['English', 'DropsEnabled']",2026-10-07,02-30-19,Wednesday
317924581602,137347549,locklear,509658,Just Chatting,3435,2026-10-06T18:30:08Z,fr,"['Français', 'DropsActivés']",2026-10-07,02-30-19,Wednesday
316976319189,83644032,serega_pirat,509658,Just Chatting,3353,2026-10-06T15:23:32Z,en,"['Русский', 'English', 'DropsEnabled']",2026-10-07,02-30-19,Wednesday
318709946983,506823694,vollmarcant,509658,Just Chatting,3349,2026-10-06T16:28:11Z,de,"['Zuschauer', 'Deutsch', 'Meinung', 'Meinungsblog', 'Reaction', 'Realtalk', 'reaction', 'Reaktion', 'Meinung', 'Viewparty']",2026-10-07,02-30-19,Wednesday
317953522019,61812950,otzdarva,491487,Dead by Daylight,3345,2026-10-06T16:04:16Z,en,"['English', 'DropsEnabled']",2026-10-07,02-30-19,Wednesday
321690895193,136353235,zaitohro,32982,Grand Theft Auto V,3339,2026-10-06T18:14:44Z,en,"['English', 'NoPixel', 'Roleplay']",2026-10-07,02-30-19,Wednesday
317954920291,40740351,zawa_prod,509658,Just Chatting,3331,2026-10-06T18:12:27Z,fr,"['Humour', 'Actualités', 'Culture', 'Politique', 'REACT', 'Français', 'Gay', 'LGBT', 'DropsActivés']",2026-10-07,02-30-19,Wednesday
318708419687,81579353,royalistiq,2023301131,CreatorSMP,3243,2026-10-06T14:28:14Z,nl,['Nederlands'],2026-10-07,02-30-19,Wednesday
318898646118,129339704,fissure_dota_ru,29595,Dota 2,3231,2026-10-06T07:56:34Z,ru,['Русский'],2026-10-07,02-30-19,Wednesday
318899886694,51929371,ml7support,515025,Overwatch,3206,2026-10-06T11:12:46Z,en,"['English', 'gaming', 'overwatch', 'SupportMain', 'DropsEnabled']",2026-10-07,02-30-19,Wednesday
318848545125,40855047,qlnek,33214,Fortnite,3199,2026-10-06T16:36:10Z,pl,['Polski'],2026-10-07,02-30-19,Wednesday
320683863904,79202256,zy0xxx,513181,Genshin Impact,3190,2026-10-06T17:28:04Z,en,"['English', 'DropsEnabled']",2026-10-07,02-30-19,Wednesday
318710321511,36620767,agraelus,474709880,STAR WARS: Galactic Racer,3165,2026-10-06T16:51:34Z,cs,['Čeština'],2026-10-07,02-30-19,Wednesday
316068074705,34405377,w33haa,29595,Dota 2,3124,2026-10-06T17:08:21Z,en,"['Romanian', 'Arabic', 'English', 'Competitive']",2026-10-07,02-30-19,Wednesday
320540793310,40965449,subroza,516575,VALORANT,3097,2026-10-06T16:12:31Z,en,"['English', 'radiant', 'Ranked', 'french', 'funny', 'pro', 'professional', 'RANK1', 'Arabic', 'Moroccan']",2026-10-07,02-30-19,Wednesday
317009901014,163049691,perfecto_of,32399,Counter-Strike,3084,2026-10-06T11:42:33Z,ru,"['Русский', 'perfectocsgo', 'perfecto']",2026-10-07,02-30-19,Wednesday
321735269338,432689780,ravusssss,123184772,EA Sports FC 27,3076,2026-10-06T18:00:13Z,fr,"['ravusssss', 'Divertissement', 'Discussions', 'eafc25', 'Football', 'Français', 'EASportsFC26', 'débat', 'ANECTODE', 'gaming']",2026-10-07,02-30-19,Wednesday
316149042025,53395686,qq7925168,516575,VALORANT,3072,2026-10-06T11:45:51Z,zh,['中文'],2026-10-07,02-30-19,Wednesday
318850739557,100901794,shylily,509658,Just Chatting,3034,2026-10-06T18:51:26Z,en,"['English', 'Vtuber', 'Anime', 'AAAAAAAAAAAAAAAAAAAAAAAAA', 'ASMR', 'ASMRvisual', 'screwdriver', 'DropsEnabled']",2026-10-07,02-30-19,Wednesday
320637598940,56865374,barbarousking,474709880,STAR WARS: Galactic Racer,3000,2026-10-06T17:26:07Z,en,"['English', 'BaldWelcome', 'Kaizo', 'GorillaWins', 'memberofparliament', 'bauserhaus']",2026-10-07,02-30-19,Wednesday
318711824359,731784475,yololaryy,509658,Just Chatting,2971,2026-10-06T18:09:12Z,en,"['girl', 'female', 'English', 'DropsEnabled']",2026-10-07,02-30-19,Wednesday
317921685858,38446500,revenant,474709880,STAR WARS: Galactic Racer,2963,2026-10-06T14:22:44Z,es,"['Español', 'DropsActivados']",2026-10-07,02-30-19,Wednesday
317010339030,254947119,nattynattlol,21779,League of Legends,2932,2026-10-06T12:55:45Z,en,['English'],2026-10-07,02-30-19,Wednesday
318901922790,52972297,dangar,518184,Phasmophobia,2900,2026-10-06T14:59:55Z,ru,['Русский'],2026-10-07,02-30-19,Wednesday
318709482855,42377653,akkaluuk,2023301131,CreatorSMP,2885,2026-10-06T15:59:26Z,nl,"['CSMP4', 'Creatorsmp', 'Nederlands']",2026-10-07,02-30-19,Wednesday
318903628390,146185106,zerggyyyy,2132205352,Deadlock,2872,2026-10-06T17:04:10Z,en,"['Trackball', 'English', 'UK', 'deadlock', 'Eternus', 'haze', 'seven', 'wraith', 'Infernus', 'Ivy']",2026-10-07,02-30-19,Wednesday
318847015013,639535678,faroooyt,123184772,EA Sports FC 27,2844,2026-10-06T14:34:56Z,de,['Deutsch'],2026-10-07,02-30-19,Wednesday
318708540007,463204522,mertabimula,509658,Just Chatting,2823,2026-10-06T14:39:54Z,de,"['Deutsch', 'DropsAktiviert']",2026-10-07,02-30-19,Wednesday
321689096025,31545223,agurin,21779,League of Legends,2818,2026-10-06T14:09:18Z,de,"['Deutsch', 'English']",2026-10-07,02-30-19,Wednesday
320682915296,50881182,aztecross,407314011,Marathon,2791,2026-10-06T16:05:51Z,en,"['English', 'DropsEnabled']",2026-10-07,02-30-19,Wednesday
320683072096,457138035,marco_scm,793000569,Meat Grinder,2761,2026-10-06T16:20:04Z,de,"['Stimmen', 'werden', 'Lauter', 'clipfarm', 'deusch', 'Deutsch']",2026-10-07,02-30-19,Wednesday
318709520487,66094104,coachboop,33214,Fortnite,2724,2026-10-06T16:01:05Z,en,"['Analyst', 'Broadcast', 'ViewingParty', 'CoachBoop', 'Boop', 'FNCS', 'Scrims', 'English']",2026-10-07,02-30-19,Wednesday
319155804277,183207148,ojapatv,19619,Tibia,2707,2026-10-06T11:06:52Z,pt,"['Português', 'game', 'MMORPG', 'Tibia', 'rubinot', 'subathon']",2026-10-07,02-30-19,Wednesday
321689707993,141429177,flats,515025,Overwatch,2678,2026-10-06T15:53:27Z,en,"['English', 'DropsEnabled']",2026-10-07,02-30-19,Wednesday
316110584168,456798977,kspksp,951949934,The Sinking City 2,2672,2026-10-06T13:32:59Z,zh,['中文'],2026-10-07,02-30-19,Wednesday
318847199589,72726363,edopeh,31339,Project Zomboid,2648,2026-10-06T14:50:42Z,de,['Deutsch'],2026-10-07,02-30-19,Wednesday
317941248228,50795214,sardoche,21779,League of Legends,2644,2026-10-06T11:00:34Z,fr,['Français'],2026-10-07,02-30-19,Wednesday
317953944931,110119637,nikof,417892,Z1: Battle Royale,2632,2026-10-06T16:45:48Z,fr,"['Français', 'Fortnite', 'M8WIN', 'FNCS']",2026-10-07,02-30-19,Wednesday
317941421668,118340427,alvaena,771448419,AION 2,2613,2026-10-06T11:37:39Z,fr,"['Français', 'SafePlaceForAll', 'Découverte', 'DropsActivés']",2026-10-07,02-30-19,Wednesday
320540643550,61770627,jenny,771448419,AION 2,2610,2026-10-06T15:58:09Z,en,"['English', 'Chatty', 'mmo', 'Canadian', 'chill', 'wholesome', 'kpop', 'NewPlayersWelcome', 'cozy', '中文']",2026-10-07,02-30-19,Wednesday
320683063392,41253053,baalorlord,1435206302,Slay the Spire II,2608,2026-10-06T16:19:20Z,en,"['English', 'Educational', 'Strategy']",2026-10-07,02-30-19,Wednesday
318300724440,113494583,awake,498566,Slots,2590,2026-10-06T19:01:38Z,en,['English'],2026-10-07,02-30-19,Wednesday
317955855075,155601320,jltomy,509658,Just Chatting,2583,2026-10-06T19:23:42Z,fr,['Français'],2026-10-07,02-30-19,Wednesday
318707485287,103179576,fr3ddy,27546,World of Tanks,2579,2026-10-06T12:49:17Z,de,"['Panzer', 'WoT', 'WorldofTanks', 'Drops', 'Dropsaktiviert', 'Deutsch', 'DropsAktiviert']",2026-10-07,02-30-19,Wednesday
319157619445,91402599,hera,13389,Age of Empires II,2576,2026-10-06T17:56:43Z,en,"['English', 'RTS']",2026-10-07,02-30-19,Wednesday
316975027029,172643869,watchfultv,32399,Counter-Strike,2562,2026-10-06T11:24:08Z,ru,"['Русский', 'Киберспорт', 'watchfultv', 'ESL', 'ESLProLeague', 'NatusVincere', 'Falcons', 'NAVI']",2026-10-07,02-30-19,Wednesday
317922300258,40197643,austinshow,32982,Grand Theft Auto V,2540,2026-10-06T15:25:07Z,en,"['English', 'NoPixel']",2026-10-07,02-30-19,Wednesday
317923516642,104320683,move_mind,1544653089,Mimic Party,2512,2026-10-06T17:12:07Z,pt,"['Português', 'gta']",2026-10-07,02-30-19,Wednesday
317943544932,625931244,mawkzy_,30921,Rocket League,2498,2026-10-06T16:46:58Z,fr,"['Dropsactivés', 'Français']",2026-10-07,02-30-19,Wednesday
317602602743,151368796,piratesoftware,771448419,AION 2,2497,2026-10-06T08:15:21Z,en,"['English', 'Programming', 'GameDev', 'NotMyBirthday', 'DropsEnabled']",2026-10-07,02-30-19,Wednesday
318708785255,42971110,heideltraut,32982,Grand Theft Auto V,2486,2026-10-06T15:01:38Z,de,"['LuckyV', 'Deutsch', 'GTARP', 'rainbowsixsiege']",2026-10-07,02-30-19,Wednesday
316977845205,137283875,megarush51,32399,Counter-Strike,2480,2026-10-06T18:32:37Z,ru,"['Русский', 'MEGARUSH', 'МЕГАПРОКАЧКА', 'ПРОКАЧКИ', 'ПРОКАЧКА', 'ПРОКАЧКАИНВЕНТАРЯ', 'МЕГАРАШ']",2026-10-07,02-30-19,Wednesday
318899460710,129405323,oilrats,263490,Rust,2467,2026-10-06T10:06:41Z,en,"['Deutsch', 'English']",2026-10-07,02-30-19,Wednesday
317011135830,887449462,aslanshukasha,509658,Just Chatting,2459,2026-10-06T15:02:52Z,ru,"['Русский', 'адекватность', 'тишина', 'безматов', 'чистоплотный', 'добрый', 'DropsВключены']",2026-10-07,02-30-19,Wednesday
317951708899,122208625,rtparenacs,32399,Counter-Strike,2439,2026-10-06T11:40:30Z,pt,"['Português', 'CS2', 'counterstrike', 'CS', 'Portugal', 'ESLProLeague']",2026-10-07,02-30-19,Wednesday
315571043823,752742297,seoi1016,116747788,"Pools, Hot Tubs, and Beaches",2399,2026-10-06T14:09:25Z,ko,"['한국어', 'English', '中文', 'Asian', '日本語', 'Русский', 'Dance', 'kpop', 'korean']",2026-10-07,02-30-19,Wednesday
317943895524,1072067517,tenno_ben,66170,Warframe,2387,2026-10-06T17:22:39Z,en,"['English', 'DadGamer', 'chill', 'WFCC', 'SongRequests', 'ADHD', 'Caliban', 'milkman', 'CharityFundraiser', 'DropsEnabled']",2026-10-07,02-30-19,Wednesday
317012378198,41665974,xop0,1663723394,Gears of War: E-Day,2377,2026-10-06T17:29:07Z,en,"['English', 'YAP', 'Yapper', 'drops', 'slavic', 'indiegame', 'AuroraCape', 'AURORA', 'cape']",2026-10-07,02-30-19,Wednesday
316542933489,534168696,tororo_vtuber,771448419,AION 2,2374,2026-10-06T15:33:06Z,ja,"['日本語', 'Drops有効']",2026-10-07,02-30-19,Wednesday
320542354142,427632467,lvndmark,491931,Escape from Tarkov,2311,2026-10-06T18:52:26Z,en,['English'],2026-10-07,02-30-19,Wednesday
320681204960,119981767,shobek,18122,World of Warcraft,2278,2026-10-06T13:03:56Z,en,"['MMORPG', 'English', 'MMO', 'ADHDStreamer', 'adhd', 'ADHDfriendly', 'worldofwarcraft', 'wow']",2026-10-07,02-30-19,Wednesday
318848321509,179144678,nezak_,33214,Fortnite,2271,2026-10-06T16:19:32Z,it,['Italiano'],2026-10-07,02-30-19,Wednesday
316115747667,88547576,rtgame,1036710512,Palworld,2270,2026-10-06T17:57:36Z,en,"['Irish', 'DriftKing', 'Old', 'English']",2026-10-07,02-30-19,Wednesday
318712400871,220745733,leutum,23020,ROBLOX,2269,2026-10-06T18:36:55Z,it,"['Italia', 'Italiano', 'Leu', 'Leutum', 'LEUTUM']",2026-10-07,02-30-19,Wednesday
321688509529,207886858,zmpixie,2132205352,Deadlock,2256,2026-10-06T11:57:39Z,en,"['English', 'ADHD', 'pngtuber', 'goober', 'dbdcreator']",2026-10-07,02-30-19,Wednesday
317944364260,94435040,alphacast,508455,Valheim,2248,2026-10-06T18:07:33Z,fr,"['Français', 'jdr', 'AIOptedOut']",2026-10-07,02-30-19,Wednesday
317056052180,125658197,nexe_,510218,Among Us,2244,2026-10-06T15:24:45Z,pl,"['pl', 'nexe', 'EngIish', '333', 'Polski']",2026-10-07,02-30-19,Wednesday
317604265335,19070311,a_seagull,515025,Overwatch,2239,2026-10-06T18:03:00Z,en,"['old', 'boomer', 'washed', 'English', 'DropsEnabled']",2026-10-07,02-30-19,Wednesday
318902583142,87041939,brizz94,21779,League of Legends,2233,2026-10-06T15:55:49Z,it,"['Competitive', 'Italiano', 'Pro']",2026-10-07,02-30-19,Wednesday
317941566436,186669201,gcrock6,504463,Tom Clancy's The Division 2,2218,2026-10-06T12:04:00Z,en,"['Thedivision2', 'thedivision2gameplay', 'theDivisionGame', 'thedivision2community', 'thedivision2pve', 'thedivision', 'LooterShooter', 'RPG', 'gcrock', 'ladyrock']",2026-10-07,02-30-19,Wednesday
317924259554,1541621460,francerocketleague,30921,Rocket League,2210,2026-10-06T18:07:14Z,en,"['Grınd', 'gameplay', 'Français', 'RocketLeague', '3v3', '2v2', '1v1', 'gold', 'platine', 'ranked']",2026-10-07,02-30-19,Wednesday
317944345060,456469377,raffale_,1966055328,Fears to Fathom - Scratch Creek,2179,2026-10-06T18:05:53Z,fr,['Français'],2026-10-07,02-30-19,Wednesday
321691085017,142954462,nmplol2,32982,Grand Theft Auto V,2176,2026-10-06T18:33:11Z,en,"['English', 'NoPixelV']",2026-10-07,02-30-19,Wednesday
318904507622,1543074470,bzetbros_emre,509658,Just Chatting,2152,2026-10-06T17:58:03Z,en,"['bzetbros', 'emre', 'rawseason', 'justchatting', 'DropsEnabled', 'Deutsch', 'English']",2026-10-07,02-30-19,Wednesday
318850404965,35991862,kurt0411,518203,Sports,2142,2026-10-06T18:30:33Z,en,"['football', 'sports', 'kurt0411', 'English', 'premierleague', 'championsleague', 'laliga', 'seriea', 'worldcup', 'DropsEnabled']",2026-10-07,02-30-19,Wednesday
317953827171,422770569,nakoo_fn,33214,Fortnite,2131,2026-10-06T16:34:27Z,es,['Español'],2026-10-07,02-30-19,Wednesday
321855161947,65995830,isiinggunz,19976,MapleStory,2120,2026-10-06T16:31:07Z,en,"['rn', 'LaTale', 'English']",2026-10-07,02-30-19,Wednesday
318846739301,51931241,jeens,115977,The Witcher 3: Wild Hunt,2119,2026-10-06T14:11:36Z,ru,"['Ukraine', 'Русский', 'DropsВключены']",2026-10-07,02-30-19,Wednesday
318707566183,111768177,chessgenie,27546,World of Tanks,2089,2026-10-06T12:58:28Z,de,"['Deutsch', 'DropsAktiviert']",2026-10-07,02-30-19,Wednesday
317954747235,175560856,hctuan,1966055328,Fears to Fathom - Scratch Creek,2069,2026-10-06T17:59:45Z,fr,['Français'],2026-10-07,02-30-19,Wednesday
319142850165,73456543,cahos_gaming,771448419,AION 2,2045,2026-10-04T20:14:54Z,es,"['Español', 'ARPG', 'drops', 'MMORPG', 'MMO', 'aion2partner', 'AION2', 'Aion', 'DropsActivados']",2026-10-07,02-30-19,Wednesday
318709440487,110644161,diedoni,2038424347,Midnight News Report,2020,2026-10-06T15:56:41Z,de,"['eigenartig', 'NEIN', 'music', 'Deutsch', 'Mutter', 'Songliste', 'JA', 'hallo', 'EmoteArtist']",2026-10-07,02-30-19,Wednesday
321690684121,208462442,arckon,32982,Grand Theft Auto V,2020,2026-10-06T17:54:46Z,en,"['English', 'chill', 'nopixelv', 'NoPixelV']",2026-10-07,02-30-19,Wednesday
320681088096,25677980,deansocool,32982,Grand Theft Auto V,2003,2026-10-06T12:48:50Z,en,"['English', 'reacts', 'miami', 'NoPixel', 'roleplay', 'gta', 'NoPixelV']",2026-10-07,02-30-19,Wednesday
315557966574,31673401,gunguno,516575,VALORANT,1997,2026-10-06T14:38:40Z,zh,"['顏值', '射擊', '幽默', '錢來就幹', '掉宝開启', 'English', '中文', '飆哥開示了']",2026-10-07,02-30-19,Wednesday
316974521301,87791915,ilame,743893402,WARDOGS,1990,2026-10-06T09:18:34Z,ru,"['Русский', 'отвалжопы', 'Геморрой', 'гейминг', 'donttouchgrasschallenge', 'Skuffed', 'penusripper', 'аим400кг', 'янебудуигратьвдоту']",2026-10-07,02-30-19,Wednesday
318707534439,168839920,kingkontent,2023301131,CreatorSMP,1982,2026-10-06T12:54:59Z,nl,['Nederlands'],2026-10-07,02-30-19,Wednesday
318902526822,21991090,pietsmiet,2748,Magic: The Gathering,1980,2026-10-06T15:51:45Z,de,['Deutsch'],2026-10-07,02-30-19,Wednesday
317056846164,43899589,c_a_k_e,6521,Grand Theft Auto: San Andreas,1979,2026-10-06T17:03:57Z,ru,['Русский'],2026-10-07,02-30-19,Wednesday
318706898023,898539952,cs2_paragon_ru2,32399,Counter-Strike,1978,2026-10-06T11:35:25Z,ru,"['Русский', 'Esports', 'Киберспорт']",2026-10-07,02-30-19,Wednesday
317013069014,161987808,stoun_m,509658,Just Chatting,1978,2026-10-06T18:47:13Z,ru,"['Русский', 'фильмы', 'Косплей', 'DropsВключены']",2026-10-07,02-30-19,Wednesday
321855836379,37522866,cyr,32982,Grand Theft Auto V,1975,2026-10-06T17:53:14Z,en,"['Ohio', 'LeftHanded', 'English', 'Cooking', 'NoPixel']",2026-10-07,02-30-19,Wednesday
321856431195,78738197,stormfall33,474709880,STAR WARS: Galactic Racer,1972,2026-10-06T18:57:42Z,en,"['English', 'Woman', 'cringe', 'GIGA', 'Female', 'girl', 'Cosplay', 'NoBackseatingUnlessAsked']",2026-10-07,02-30-19,Wednesday
316975016277,41108115,cyrustwo,32982,Grand Theft Auto V,1972,2026-10-06T11:22:10Z,sv,"['Svenska', 'TPRP', 'ThePath']",2026-10-07,02-30-19,Wednesday
317940325860,81446331,traytonlol,516575,VALORANT,1952,2026-10-06T06:48:49Z,fr,"['Français', 'Esports', 'LEC', 'LCK', 'LPL', 'Challenger', 'stuckmaster', 'fable']",2026-10-07,02-30-19,Wednesday
317943306340,110405254,carola,1913410799,Total War: WARHAMMER III,1952,2026-10-06T16:19:09Z,es,['Español'],2026-10-07,02-30-19,Wednesday
320684028768,238008719,deusamir,512710,Call of Duty: Warzone,1944,2026-10-06T17:42:21Z,es,"['Español', 'DeusAmir', 'Amir']",2026-10-07,02-30-19,Wednesday
319480365271,567928581,mooda,516575,VALORANT,1940,2026-10-06T17:58:11Z,en,['English'],2026-10-07,02-30-19,Wednesday
321734354010,141182880,istetsi,18122,World of Warcraft,1934,2026-10-06T15:53:19Z,en,"['English', 'mage', 'PvP', 'WorldofWarcaft']",2026-10-07,02-30-19,Wednesday
318902367078,404813066,flokox,123184772,EA Sports FC 27,1914,2026-10-06T15:38:34Z,it,"['Italiano', 'FC26', 'FC27', 'DropAbilitati']",2026-10-07,02-30-19,Wednesday
320539774302,25009441,lexveldhuis,488190,Poker,1898,2026-10-06T14:12:37Z,en,['English'],2026-10-07,02-30-19,Wednesday
317012081494,14397255,mirwana,489567,Five Nights at Freddy's 4,1888,2026-10-06T16:58:51Z,ru,"['Русский', 'Киберспорт', 'Украина', 'чернобыль', 'туретта', 'безмата', 'прохождение', 'хоррор', 'девочка', 'Россия']",2026-10-07,02-30-19,Wednesday
315557515118,197367758,hennie2001,516575,VALORANT,1887,2026-10-06T11:40:10Z,zh,"['中文', '台V', 'Vtuber']",2026-10-07,02-30-19,Wednesday
316543260785,49733130,happychucky,32399,Counter-Strike,1885,2026-10-06T17:47:08Z,ru,['Русский'],2026-10-07,02-30-19,Wednesday
317603676791,59016177,cooksux,509658,Just Chatting,1870,2026-10-06T15:15:31Z,en,"['comedy', 'travel', 'irl', 'aapi', 'outdoors', 'English', 'KoreanAmerican', 'gundam', 'DropsEnabled']",2026-10-07,02-30-19,Wednesday
316110689384,422275514,deme,509549,Pummel Party,1865,2026-10-06T14:04:27Z,en,"['AAAAAAAAAAAAAAAAAAAAAAAAA', 'VTuber', 'Woman', 'ADHD', 'silly', 'dyslexic', 'LOUD', 'English', 'reactor', 'GamerGod']",2026-10-07,02-30-19,Wednesday
318850092517,96893443,jarnoopmeer,93798731,F1 25,1846,2026-10-06T18:11:39Z,en,['English'],2026-10-07,02-30-19,Wednesday
317943027044,121652526,littlebigwhale,417892,Z1: Battle Royale,1846,2026-10-06T15:46:25Z,fr,['Français'],2026-10-07,02-30-19,Wednesday
321855958747,51065352,faide,511224,Apex Legends,1845,2026-10-06T18:06:11Z,en,"['movement', 'solo', 'trios', 'Apex', 'wraith', 'English', 'ADHD']",2026-10-07,02-30-19,Wednesday
317942759396,38350595,dfg,510218,Among Us,1844,2026-10-06T15:10:56Z,fr,"['Français', 'cheveux']",2026-10-07,02-30-19,Wednesday
321855699291,85875635,ray,509549,Pummel Party,1841,2026-10-06T17:36:59Z,en,"['English', 'TinasHusband', 'FrameRateMerch', 'Number51', 'AwardWinningStreamer', 'MarioPartyMan', 'AggressiveOmega']",2026-10-07,02-30-19,Wednesday
315557875182,1520342995,miri_aetris,516575,VALORANT,1840,2026-10-06T13:59:32Z,zh,"['中文', 'fps', 'Vtuber']",2026-10-07,02-30-19,Wednesday
321854528091,180093382,nothingbutskillz,504463,Tom Clancy's The Division 2,1834,2026-10-06T15:00:26Z,en,"['English', 'DropsEnabled', 'streamoween']",2026-10-07,02-30-19,Wednesday
317057720788,48978939,pch3lk1n,32399,Counter-Strike,1832,2026-10-06T18:58:00Z,ru,['Русский'],2026-10-07,02-30-19,Wednesday
318901800166,62603776,cyganzor,27546,World of Tanks,1831,2026-10-06T14:49:19Z,pl,"['Polski', 'Polish', 'wot', 'WorldofTanks', 'Dropy', 'DropyWłączone']",2026-10-07,02-30-19,Wednesday
318711221607,159498717,jinnytty,771448419,AION 2,1818,2026-10-06T17:40:44Z,en,"['English', 'IRL', 'Outdoors', 'Exploration', 'Travel', 'Variety', 'Food', 'Cosplay', 'Asian', 'DropsEnabled']",2026-10-07,02-30-19,Wednesday
318902301798,156338481,cutierover,509658,Just Chatting,1817,2026-10-06T15:32:49Z,ru,"['Русский', 'English', 'тикток', 'слейкинг', 'ирлгода2027', 'афк', 'афкстример', '3000elo', 'DropsВключены']",2026-10-07,02-30-19,Wednesday
315570510575,1322264153,p1lepe1el1,516575,VALORANT,1816,2026-10-06T10:30:56Z,zh,['中文'],2026-10-07,02-30-19,Wednesday
318902810854,91647183,katoo,33214,Fortnite,1816,2026-10-06T16:11:03Z,de,"['Deutsch', 'German', 'Fortnite']",2026-10-07,02-30-19,Wednesday
318713027175,89600394,therealmarzaa,509658,Just Chatting,1813,2026-10-06T19:12:39Z,it,"['Italiano', 'English', 'Barese', 'DropAbilitati']",2026-10-07,02-30-19,Wednesday
318300365656,834907358,markusking,509658,Just Chatting,1813,2026-10-06T17:41:17Z,en,"['English', 'AMP', 'AGENT00', 'kaicenat', 'dukedennis', 'fanum', 'rdcworld1', 'DropsEnabled']",2026-10-07,02-30-19,Wednesday
320539298910,37550199,pilavpowa,18122,World of Warcraft,1811,2026-10-06T12:48:31Z,en,"['English', 'WorldfofWarcraft', 'comedian']",2026-10-07,02-30-19,Wednesday
316976041557,114010306,mulder,491487,Dead by Daylight,1809,2026-10-06T14:42:54Z,ru,"['Русский', 'DropsВключены']",2026-10-07,02-30-19,Wednesday
316608976883,150989534,guanweiboy,21779,League of Legends,1805,2026-10-06T10:10:24Z,zh,['中文'],2026-10-07,02-30-19,Wednesday
320540146526,25812641,snutzy,18122,World of Warcraft,1787,2026-10-06T15:06:12Z,en,"['English', 'Raid', 'MMO']",2026-10-07,02-30-19,Wednesday
317942275812,161006524,marex,508455,Valheim,1785,2026-10-06T14:01:10Z,fr,"['Français', 'Evolve']",2026-10-07,02-30-19,Wednesday
317941621988,116860843,vault39,509672,IRL,1781,2026-10-06T12:14:35Z,ru,"['Мукбанг', 'Велосипед', 'Муханджан', 'Картацион', 'Нигадяй', 'Алкострим', 'Français', 'Русский', 'Lyon', 'Vtuber']",2026-10-07,02-30-19,Wednesday
318712863975,1545741662,anarabdullaev_00584,29595,Dota 2,1780,2026-10-06T19:02:55Z,ru,['Русский'],2026-10-07,02-30-19,Wednesday
317943129700,42465441,drunge_,771448419,AION 2,1770,2026-10-06T15:58:56Z,fr,"['Français', 'HardcoreGamer', 'MMO', 'RPG', 'DropsActivés']",2026-10-07,02-30-19,Wednesday
321734788570,663200358,emmies,19976,MapleStory,1770,2026-10-06T16:55:22Z,en,"['English', 'maplestory', 'Vtuber', 'wholesome', 'Tomboy', 'girlfailure', 'HagTuber', 'NoBackseating']",2026-10-07,02-30-19,Wednesday
318692655079,776265611,eleezabet,509672,IRL,1763,2026-10-05T02:34:02Z,ru,['Русский'],2026-10-07,02-30-19,Wednesday
318904566502,73911501,lusorkoeffizient,32982,Grand Theft Auto V,1762,2026-10-06T18:00:16Z,de,"['Gaming', 'Ausraster', 'Multiplayer', 'Variety', 'Deutsch', 'dingdong', 'Community', 'spiele', 'LGBTQFriendly', 'DropsAktiviert']",2026-10-07,02-30-19,Wednesday
319479378007,40980097,faux,2083,RuneScape,1762,2026-10-06T14:54:53Z,en,['English'],2026-10-07,02-30-19,Wednesday
318902596582,449455341,elquaria,626298054,Machine Party,1756,2026-10-06T15:57:02Z,de,"['gamergirl', 'Schweiz', 'Deutsch', 'justchatting', 'valorant', 'Horror', 'Shooter']",2026-10-07,02-30-19,Wednesday
316324584171,619098998,ashswag,32982,Grand Theft Auto V,1750,2026-10-06T16:57:51Z,en,"['English', 'brownboyswag']",2026-10-07,02-30-19,Wednesday
321854995675,466139555,dantes,21779,League of Legends,1735,2026-10-06T16:10:57Z,en,['English'],2026-10-07,02-30-19,Wednesday
318705944167,29214396,mastertay,32982,Grand Theft Auto V,1733,2026-10-06T09:15:32Z,de,"['Deutsch', 'Roleplay', 'Buxtehude', 'UnityLifeDE', 'Mastertay']",2026-10-07,02-30-19,Wednesday
317943890404,109778370,velox,32982,Grand Theft Auto V,1732,2026-10-06T17:22:03Z,it,"['warzone', 'callofduty', 'ita', 'velox', 'Italiano']",2026-10-07,02-30-19,Wednesday
316111295336,713086532,mars_fortuna,509659,ASMR,1725,2026-10-06T18:00:54Z,en,"['English', 'Tomboy', 'ASMR', 'Chinese', 'Hag', 'Mommy', 'Vtuber', 'lewdtuber']",2026-10-07,02-30-19,Wednesday
320679136992,172312401,nooreax,509663,Special Events,1724,2026-10-06T06:39:00Z,de,"['Deutsch', 'Arbeitslos', 'DropsAktiviert']",2026-10-07,02-30-19,Wednesday
317942842596,521583209,jujalag,105451,Game Dev Tycoon,1720,2026-10-06T15:21:50Z,es,['Español'],2026-10-07,02-30-19,Wednesday
316976499029,86674787,unutcon,12839,Heroes of Might and Magic III: The Restoration of Erathia,1716,2026-10-06T15:51:39Z,ru,['Русский'],2026-10-07,02-30-19,Wednesday
317056417492,1129044165,smetanduck,494184,Mobile Legends: Bang Bang,1701,2026-10-06T16:11:29Z,ru,"['Русский', 'млбб', 'МобаилЛегендс', 'сметанамлбб', 'SmetanaML', 'мл', '100звезд']",2026-10-07,02-30-19,Wednesday
318846660709,67337350,officialhyper,32399,Counter-Strike,1697,2026-10-06T14:05:08Z,pl,['Polski'],2026-10-07,02-30-19,Wednesday
317054661460,140401920,ellvi,771448419,AION 2,1694,2026-10-06T11:10:22Z,ru,"['Русский', 'DropsВключены']",2026-10-07,02-30-19,Wednesday
318708933991,44162266,orkpod,514888,Crusader Kings III,1679,2026-10-06T15:14:17Z,ru,['Русский'],2026-10-07,02-30-19,Wednesday
318902922470,151883075,mahluna,1122982998,Dark Souls: Remastered,1675,2026-10-06T16:20:19Z,de,['Deutsch'],2026-10-07,02-30-19,Wednesday
321854181467,154425624,kyle,32982,Grand Theft Auto V,1670,2026-10-06T14:00:03Z,en,"['English', 'NoPixel', 'NoPixelV']",2026-10-07,02-30-19,Wednesday
318850883173,1212606874,enko_cs,32399,Counter-Strike,1653,2026-10-06T18:59:26Z,en,['English'],2026-10-07,02-30-19,Wednesday
316087838674,171506994,benjamool,509672,IRL,1644,2026-10-06T09:41:44Z,de,"['Deutsch', 'IRL', 'Lost', 'Reisen', 'Outdoors']",2026-10-07,02-30-19,Wednesday
317923141986,149555200,joshstrifehayes,474709880,STAR WARS: Galactic Racer,1642,2026-10-06T16:43:40Z,en,"['community', 'English', 'fitness']",2026-10-07,02-30-19,Wednesday
318300372312,159292184,venofn,33214,Fortnite,1641,2026-10-06T17:43:37Z,en,['English'],2026-10-07,02-30-19,Wednesday
318294903640,1305342529,theburntpeanut_247,499973,Always On,1633,2026-10-05T23:30:02Z,en,"['English', 'VOD', 'Rerun', 'arcraiders', 'tobacco']",2026-10-07,02-30-19,Wednesday
317057071060,729639945,perra,509658,Just Chatting,1618,2026-10-06T17:32:13Z,sv,"['Svenska', 'Norsk', 'IRL', 'ADHD', 'English', 'Fat', 'DropsAktiverat']",2026-10-07,02-30-19,Wednesday
318697921255,25821344,shenpai,10609,Pokémon Emerald Version,1617,2026-10-05T16:00:13Z,en,"['English', 'OhGodHelpMe', 'NoBackseating', 'Bisexual', 'WomenKisser', 'yaoiconnoisseur', 'ADHD', 'TransRights', 'NoGenAI', 'antiGenAI']",2026-10-07,02-30-19,Wednesday
318708144743,636587384,alveussanctuary,272263131,"Animals, Aquariums, and Zoos",1616,2026-10-06T14:01:38Z,en,"['English', 'TogetherForGood', 'purplemartins', 'Charity', 'DropsEnabled']",2026-10-07,02-30-19,Wednesday
317922726242,270997352,loupiote3,516575,VALORANT,1606,2026-10-06T16:06:23Z,fr,"['Français', 'English', 'Rage', 'VALORANT', 'FPS']",2026-10-07,02-30-19,Wednesday
317923107938,924287633,fragger_sandropt,33214,Fortnite,1605,2026-10-06T16:40:37Z,pt,['Português'],2026-10-07,02-30-19,Wednesday
316976581333,835633520,titamin1,494184,Mobile Legends: Bang Bang,1598,2026-10-06T16:01:41Z,ru,['Русский'],2026-10-07,02-30-19,Wednesday
316974824661,64542330,9pasha,115977,The Witcher 3: Wild Hunt,1594,2026-10-06T10:37:22Z,ru,"['Русский', '3posgameplay', 'DOTA2PROPLAYER', '9pasha', 'dobro', 'English', 'offlaner', 'primalbeast', 'SinglePlayerGame', 'Повтор']",2026-10-07,02-30-19,Wednesday
321734083034,105621562,rosedoodle,509658,Just Chatting,1593,2026-10-06T15:14:25Z,en,"['VTuber', 'chatty', 'English', 'Interactive', 'Educational', 'AdultsOnly', 'yapping', 'brat', 'anime', 'DropsEnabled']",2026-10-07,02-30-19,Wednesday
318905714918,38378829,kapuzenwurm,1748094675,Night Record: Thin Walls,1584,2026-10-06T19:09:10Z,de,['Deutsch'],2026-10-07,02-30-19,Wednesday
316610175987,928482127,reirei_neon,493551,Conan Exiles,1584,2026-10-06T14:09:28Z,zh,"['中文', 'English', 'Vtuber', '小丑', '馬鈴薯園', 'frennless']",2026-10-07,02-30-19,Wednesday
319480056407,147306920,feer,30921,Rocket League,1579,2026-10-06T17:06:13Z,en,['English'],2026-10-07,02-30-19,Wednesday
320636839644,133118594,mingo,460630,Rainbow Six Siege,1579,2026-10-06T16:03:48Z,en,"['English', 'jynxzi', 'DropsEnabled']",2026-10-07,02-30-19,Wednesday
319479123159,21302211,venruki,18122,World of Warcraft,1571,2026-10-06T13:45:00Z,en,['English'],2026-10-07,02-30-19,Wednesday
317944095204,96324761,berlu,32982,Grand Theft Auto V,1567,2026-10-06T17:44:11Z,fr,"['Français', 'RP', 'gta5rp', 'pétanque', 'banane', 'troll']",2026-10-07,02-30-19,Wednesday
317923917794,114149244,guezmerr,417892,Z1: Battle Royale,1555,2026-10-06T17:43:23Z,fr,['Français'],2026-10-07,02-30-19,Wednesday
316068019665,37348520,duncan,2023301131,CreatorSMP,1551,2026-10-06T16:52:35Z,nl,"['vibe', 'LurkerFriendly', 'dutch', 'Nederlands', 'DropsIngeschakeld']",2026-10-07,02-30-19,Wednesday
320683611744,25514193,deathydl,2132205352,Deadlock,1533,2026-10-06T17:07:02Z,en,['English'],2026-10-07,02-30-19,Wednesday
316975395541,54742538,karmikkoala,29595,Dota 2,1530,2026-10-06T12:45:41Z,ru,['Русский'],2026-10-07,02-30-19,Wednesday
318903660134,144798294,bigspincr,491168,Clash Royale,1528,2026-10-06T17:05:55Z,de,['Deutsch'],2026-10-07,02-30-19,Wednesday
321733648474,460930758,decu,499634,Crypto,1512,2026-10-06T13:52:05Z,en,['English'],2026-10-07,02-30-19,Wednesday
318903445222,487318498,vadeal,33214,Fortnite,1508,2026-10-06T16:55:10Z,de,"['Deutsch', 'Fokus']",2026-10-07,02-30-19,Wednesday
316609069939,89969094,zerost_s,771448419,AION 2,1496,2026-10-06T10:37:06Z,ja,"['日本語', 'Drops有効']",2026-10-07,02-30-19,Wednesday
317953792483,722249819,buzzftn,33214,Fortnite,1490,2026-10-06T16:31:25Z,fr,"['Français', 'Fortnite']",2026-10-07,02-30-19,Wednesday
321855563739,43204993,lilaggy,10090,Luigi's Mansion,1482,2026-10-06T17:20:24Z,en,['English'],2026-10-07,02-30-19,Wednesday
318709948519,635077921,dieservincentg,509658,Just Chatting,1479,2026-10-06T16:28:17Z,de,"['Deutsch', 'DropsAktiviert']",2026-10-07,02-30-19,Wednesday
318711727719,68512451,goicke,32982,Grand Theft Auto V,1471,2026-10-06T18:04:33Z,de,"['Deutsch', 'ＧTA5', 'RP', 'reactions', 'Berlin', 'liesthierjemanddieTags', 'werbrauchtschontags', 'justcchatting', 'DingsBums']",2026-10-07,02-30-19,Wednesday
317603637751,127463427,richwcampbell,771448419,AION 2,1468,2026-10-06T15:04:29Z,en,"['OTK', 'English', 'Asmongold', 'ad', 'DropsEnabled']",2026-10-07,02-30-19,Wednesday
317943965412,74397555,dofla,509658,Just Chatting,1456,2026-10-06T17:30:12Z,fr,"['react', 'Français', 'politique', 'DropsActivés']",2026-10-07,02-30-19,Wednesday
318709512935,116882497,mirza_jahic,123184772,EA Sports FC 27,1447,2026-10-06T16:00:43Z,de,"['Deutsch', 'EA', 'EASPORTSFC', 'fc27', 'EAFC27', 'ultimateteam', 'Fussball']",2026-10-07,02-30-19,Wednesday
317923393378,149393615,spear_shot,21779,League of Legends,1435,2026-10-06T17:02:57Z,en,['English'],2026-10-07,02-30-19,Wednesday
319479389783,81413527,vegas,2132205352,Deadlock,1421,2026-10-06T14:58:13Z,en,"['English', 'silly', 'peak', 'femboy', 'Eternus']",2026-10-07,02-30-19,Wednesday
318708459623,236507843,pizfn,33214,Fortnite,1417,2026-10-06T14:31:31Z,it,['Italiano'],2026-10-07,02-30-19,Wednesday
318848942565,67931625,amar,33214,Fortnite,1417,2026-10-06T17:02:22Z,de,"['Deutsch', 'drops', 'Fortnite']",2026-10-07,02-30-19,Wednesday
318905487590,887905545,kharkivets,509658,Just Chatting,1415,2026-10-06T18:55:51Z,uk,"['Українська', 'DropsУвімкнено']",2026-10-07,02-30-19,Wednesday
320539370462,22552479,giantwaffle,474709880,STAR WARS: Galactic Racer,1407,2026-10-06T13:01:48Z,en,"['English', 'smoothbrain', 'greg']",2026-10-07,02-30-19,Wednesday
320541509086,144926827,ds_lily,19976,MapleStory,1404,2026-10-06T17:25:54Z,en,"['Beef', 'NoSleep', 'Blasting', 'Stalling', 'English', 'Hardcore', 'goth']",2026-10-07,02-30-19,Wednesday
316977953237,418872086,morphilina,509658,Just Chatting,1402,2026-10-06T18:47:40Z,ru,"['Русский', 'DropsВключены']",2026-10-07,02-30-19,Wednesday
317053143764,1054416007,bygyxogy,498566,Slots,1400,2026-10-06T04:05:23Z,pt,['Português'],2026-10-07,02-30-19,Wednesday
319097686390,170535774,miguelnutt,19619,Tibia,1395,2026-10-06T10:07:41Z,pt,"['Português', 'rubinot', 'Tibia']",2026-10-07,02-30-19,Wednesday
316978128085,68950614,ybicanoooobov,29595,Dota 2,1390,2026-10-06T19:11:57Z,ru,['Русский'],2026-10-07,02-30-19,Wednesday
317604577655,105584645,zoomaa,509658,Just Chatting,1377,2026-10-06T19:17:10Z,en,"['English', 'DropsEnabled']",2026-10-07,02-30-19,Wednesday
318901432806,57025612,thijs,138585,Hearthstone,1372,2026-10-06T14:12:50Z,en,"['English', 'DropsEnabled']",2026-10-07,02-30-19,Wednesday
317943338852,695897019,la4awale,123184772,EA Sports FC 27,1370,2026-10-06T16:23:02Z,en,"['English', 'fc26', 'fifa', 'ad']",2026-10-07,02-30-19,Wednesday
319479171543,26560695,shiphtur,19976,MapleStory,1369,2026-10-06T13:58:18Z,en,['English'],2026-10-07,02-30-19,Wednesday
318848604645,53788427,vediusofficial,21779,League of Legends,1367,2026-10-06T16:41:04Z,en,"['English', 'unc', 'SpoilersNotAllowed', 'meowmeowmeow']",2026-10-07,02-30-19,Wednesday
319156700533,725782761,lipezingtv,491487,Dead by Daylight,1364,2026-10-06T14:55:35Z,pt,"['lipezingtv', 'deadbbydaylight', 'RedDeadRedempition2', 'GTAⅤ', 'Fortnite', 'VALORANＴ', 'fps', 'react', 'Português', 'Inglês']",2026-10-07,02-30-19,Wednesday
316110185448,43177431,asiagodtonegg3be0,21779,League of Legends,1359,2026-10-06T11:38:40Z,zh,['中文'],2026-10-07,02-30-19,Wednesday
317920735202,153176290,saiiren,27471,Minecraft,1353,2026-10-06T12:10:16Z,en,"['Vtuber', 'Chatty', 'Anime', 'English', 'ENVtuber', 'DropsEnabled']",2026-10-07,02-30-19,Wednesday
320541776094,1124490553,moomooclover,16967,The Legend of Zelda: The Wind Waker,1352,2026-10-06T17:53:16Z,en,"['Vtuber', 'Cozy', 'yapping', 'English', 'Live2D', 'silly']",2026-10-07,02-30-19,Wednesday
317009179094,1054415821,wofyvupov4,29452,Virtual Casino,1344,2026-10-06T09:27:20Z,pt,['Português'],2026-10-07,02-30-19,Wednesday
318849727717,173044445,servos_,32982,Grand Theft Auto V,1344,2026-10-06T17:52:55Z,el,"['greek', 'Ελληνικά', 'English', 'Greece']",2026-10-07,02-30-19,Wednesday
316554683122,824783247,yushenofficial,509658,Just Chatting,1341,2026-10-06T17:37:57Z,zh,"['中文', 'IRL', '戶外台', '圓山幫', '可愛男娘', 'inreallife', 'InRealLifeStream', '普信男', '启用掉宝']",2026-10-07,02-30-19,Wednesday
317604175607,1292881913,majorleaguebalatro,745589378,Balatro,1340,2026-10-06T17:40:19Z,en,['English'],2026-10-07,02-30-19,Wednesday
318708134503,1552521398,profitwalzwerk,498566,Slots,1335,2026-10-06T14:00:51Z,de,['Deutsch'],2026-10-07,02-30-19,Wednesday
318708799463,269636706,gripey,33214,Fortnite,1326,2026-10-06T15:02:41Z,de,"['Deutsch', 'Fortnite', 'WAVEBOYS', 'Wave', 'drops']",2026-10-07,02-30-19,Wednesday
317944235492,655890726,tatiana_tv,32982,Grand Theft Auto V,1322,2026-10-06T17:57:44Z,fr,['Français'],2026-10-07,02-30-19,Wednesday
318709679975,225473192,blachu_,123184772,EA Sports FC 27,1307,2026-10-06T16:10:12Z,pl,['Polski'],2026-10-07,02-30-19,Wednesday
318709972327,135556026,yaheljr,29056,Knight Online,1300,2026-10-06T16:29:31Z,tr,['Türkçe'],2026-10-07,02-30-19,Wednesday
319480585687,526763937,kkatamina,490744,Stardew Valley,1300,2026-10-06T18:29:22Z,en,['English'],2026-10-07,02-30-19,Wednesday
318710475879,536621382,maximzocktslots,498566,Slots,1295,2026-10-06T16:59:30Z,de,['Deutsch'],2026-10-07,02-30-19,Wednesday
317009181782,1054415883,nypeguhud1,29452,Virtual Casino,1295,2026-10-06T09:27:53Z,pt,['Português'],2026-10-07,02-30-19,Wednesday
321691189977,32093909,ahlaundoh,18122,World of Warcraft,1291,2026-10-06T18:42:56Z,en,['English'],2026-10-07,02-30-19,Wednesday
317922619234,522692765,noni,394758168,Content Warning,1287,2026-10-06T15:57:37Z,es,['Español'],2026-10-07,02-30-19,Wednesday
321733854554,160010466,elly,771448419,AION 2,1283,2026-10-06T14:34:44Z,en,"['English', 'elly', 'Vtuber', 'spanish', 'México', 'WordOfTheDay', 'Comedy', 'DropsEnabled']",2026-10-07,02-30-19,Wednesday
317924167266,157723307,pokealexvgc,1931693784,Pokémon Champions,1277,2026-10-06T18:01:12Z,es,"['Español', 'KOI', 'Pokémon', 'VGC', 'MovistarKOI', 'Competitivo', 'PokémonChampions', 'DropsActivados']",2026-10-07,02-30-19,Wednesday
318901448166,130271562,diables,32982,Grand Theft Auto V,1267,2026-10-06T14:14:42Z,pl,"['Polski', 'drops', 'warszawa', 'stópki', 'NoPixel', 'NoPixelWL', 'DropyWłączone']",2026-10-07,02-30-19,Wednesday
318903530726,126902046,lobanjicaa,1661671460,Rehaunted,1267,2026-10-06T16:59:41Z,en,"['English', 'funny', 'counterstrike', 'cs2', 'reactions', 'csgo']",2026-10-07,02-30-19,Wednesday
317056664020,157644799,bandospapa,509658,Just Chatting,1262,2026-10-06T16:42:24Z,ru,"['Русский', 'DropsВключены']",2026-10-07,02-30-19,Wednesday
317920653922,29377368,x9nium,32399,Counter-Strike,1252,2026-10-06T11:58:11Z,es,"['Español', 'CS2', 'Counter', 'Esports', 'gaming', 'counterstrike']",2026-10-07,02-30-19,Wednesday
317953505123,804923620,leothecrack,33214,Fortnite,1252,2026-10-06T16:02:30Z,fr,"['fortnite', 'cup', 'finale', 'chill', 'token', 'Scrims', 'FNCS', 'Tournament', 'Français', 'English']",2026-10-07,02-30-19,Wednesday
317935830628,1156267140,kinoah2k,509658,Just Chatting,1251,2026-10-05T17:56:48Z,fr,"['Français', 'DropsActivés', 'kinoah2k', 'Discussions', 'justchatting']",2026-10-07,02-30-19,Wednesday
318711667559,144274705,pesh,509658,Just Chatting,1247,2026-10-06T18:01:36Z,it,"['Italiano', 'pelato', 'DropAbilitati']",2026-10-07,02-30-19,Wednesday
318901041510,1033052690,fnrax,33214,Fortnite,1243,2026-10-06T13:34:17Z,it,"['Italiano', 'Inglese', 'Fortnite']",2026-10-07,02-30-19,Wednesday
318849306213,480775178,rejiboi,33214,Fortnite,1242,2026-10-06T17:25:42Z,ru,['Русский'],2026-10-07,02-30-19,Wednesday
320683900128,198758158,parkenharbor,490292,DARK SOULS III,1238,2026-10-06T17:31:06Z,en,"['Chatty', 'Educational', 'Canada', 'Cozy', 'English', 'hard', 'challenge', 'FirstPlaythrough']",2026-10-07,02-30-19,Wednesday
318712089831,411421627,hmatttv,509658,Just Chatting,1238,2026-10-06T18:22:06Z,it,"['Italiano', 'reaction', 'programmitv', 'DropAbilitati']",2026-10-07,02-30-19,Wednesday
317924773602,622498423,otplol_,21779,League of Legends,1231,2026-10-06T18:42:59Z,fr,['Français'],2026-10-07,02-30-19,Wednesday
316089075154,31220977,silithur,512953,ELDEN RING,1230,2026-10-06T18:04:12Z,es,"['Español', 'English', 'DropsActivados']",2026-10-07,02-30-19,Wednesday
318710727527,55134379,qucee,2023301131,CreatorSMP,1230,2026-10-06T17:11:32Z,nl,['Nederlands'],2026-10-07,02-30-19,Wednesday
318299307608,39200685,saybin,474709880,STAR WARS: Galactic Racer,1222,2026-10-06T12:29:06Z,en,"['English', 'Furry', 'FurryStreamer', 'LGBTQIAPIus', 'Canada', 'Mature', 'Aerusan', 'NoAI', 'NoGenAI', 'aioptedout']",2026-10-07,02-30-19,Wednesday
317923806690,537217836,trebor,497497,Brawl Stars,1221,2026-10-06T17:34:29Z,es,['Español'],2026-10-07,02-30-19,Wednesday
320681573984,104410477,humzh,19976,MapleStory,1220,2026-10-06T13:53:34Z,en,['English'],2026-10-07,02-30-19,Wednesday
315570956399,1017225456,samoago,516575,VALORANT,1218,2026-10-06T13:32:51Z,zh,"['中文', '启用掉宝']",2026-10-07,02-30-19,Wednesday
321735831898,502668222,joedeceives,417892,Z1: Battle Royale,1216,2026-10-06T19:02:47Z,en,['English'],2026-10-07,02-30-19,Wednesday
318900954342,1301492595,nicistemmler,509658,Just Chatting,1213,2026-10-06T13:25:11Z,de,"['Deutsch', 'IRL', 'DropsAktiviert']",2026-10-07,02-30-19,Wednesday
317012834006,1129813210,amarsankram,509658,Just Chatting,1212,2026-10-06T18:19:09Z,ru,"['Русский', 'общение', 'посиделки', 'ПосиделкаИОбщение', 'общениесчатом', 'общениесозрителями', 'DropsВключены', 'нейросеть', 'DnD', 'РолевыеИгры']",2026-10-07,02-30-19,Wednesday
317944282212,486205216,idreau_,2060730947,Le Mans Ultimate,1208,2026-10-06T18:00:50Z,fr,['Français'],2026-10-07,02-30-19,Wednesday
317953406947,53265819,poko,515025,Overwatch,1208,2026-10-06T15:53:40Z,fr,"['french', 'DVA', 'ZARYA', 'SIGMA', 'PRO', 'Français', 'TANK', 'ENGLISH', 'Stadium', 'DropsActivés']",2026-10-07,02-30-19,Wednesday
317056819028,41295894,nostoro,115977,The Witcher 3: Wild Hunt,1208,2026-10-06T17:01:24Z,ru,"['Русский', 'DropsВключены']",2026-10-07,02-30-19,Wednesday
319480171735,656252271,cocottee_,509663,Special Events,1208,2026-10-06T17:26:14Z,fr,"['Français', 'DropsActivés']",2026-10-07,02-30-19,Wednesday
317952754403,726408531,hollyrex,65632,DayZ,1199,2026-10-06T14:32:43Z,en,"['fun', 'survíval', 'Chatty', 'British', 'English', 'chill', 'DayZ']",2026-10-07,02-30-19,Wednesday
318708505959,35884167,sintica,1669431183,DJs,1196,2026-10-06T14:36:03Z,de,"['Music', 'House', 'DJ', 'Hardstyle', 'Deutsch', 'Techno', 'DropsAktiviert']",2026-10-07,02-30-19,Wednesday
317603929591,36594525,emilyywang,513143,Teamfight Tactics,1195,2026-10-06T16:33:41Z,en,['English'],2026-10-07,02-30-19,Wednesday
321689855961,98014947,thefutaccountant,123184772,EA Sports FC 27,1194,2026-10-06T16:14:15Z,en,['English'],2026-10-07,02-30-19,Wednesday
318905238886,122808988,edizderbreite,32982,Grand Theft Auto V,1184,2026-10-06T18:39:15Z,de,['Deutsch'],2026-10-07,02-30-19,Wednesday
317056585812,119614637,akra_abh,29595,Dota 2,1181,2026-10-06T16:33:12Z,ru,"['commpetitive', 'Esports', 'proplay', 'tactics', 'Tournament', 'gaming', 'cybersport', 'online', 'Русский']",2026-10-07,02-30-19,Wednesday
318711848167,411060211,bumpy_games,508948,Raid: Shadow Legends,1179,2026-10-06T18:10:21Z,ru,"['RaidShadowLegends', 'bumpy', 'IRL', 'bumpygames', 'Русский', 'рыбалка', 'шахматы', 'Путешествия', 'путешествие']",2026-10-07,02-30-19,Wednesday
316176229226,106013742,pestily,491931,Escape from Tarkov,1171,2026-10-06T17:48:31Z,en,['English'],2026-10-07,02-30-19,Wednesday
319098540022,1022882485,pacifistatibiano,19619,Tibia,1161,2026-10-06T15:07:00Z,pt,"['rubinot', 'Português', 'Reposição', 'rubini', 'Tibia', 'tibiaglobal']",2026-10-07,02-30-19,Wednesday
318848542821,793157866,sarahtoninx9,509658,Just Chatting,1160,2026-10-06T16:36:04Z,de,"['Deutsch', 'german', 'justchattıng', 'BRAINROT', 'yapping', 'ragebait', 'Politik', 'reaction', 'react', 'DropsAktiviert']",2026-10-07,02-30-19,Wednesday
316543287537,151573424,nico_ov,515025,Overwatch,1156,2026-10-06T17:59:03Z,ja,"['日本語', 'Drops有効']",2026-10-07,02-30-19,Wednesday
318709190119,30118763,newmultishow,27546,World of Tanks,1152,2026-10-06T15:37:19Z,pl,"['Polski', 'wot', 'DropyWłączone']",2026-10-07,02-30-19,Wednesday
317011823958,466018751,mad6996_,509658,Just Chatting,1150,2026-10-06T16:28:02Z,ru,"['Русский', 'English', 'DropsВключены']",2026-10-07,02-30-19,Wednesday
321734384602,113277587,doro44,513181,Genshin Impact,1150,2026-10-06T15:57:33Z,en,"['English', 'Chatty', 'wholesome', 'Gacha', 'Anime', 'DropsEnabled']",2026-10-07,02-30-19,Wednesday
318849025125,1552772353,altcoinsniper,499634,Crypto,1149,2026-10-06T17:07:40Z,en,"['English', 'Crypto', 'Trade', 'Forex', 'Finance']",2026-10-07,02-30-19,Wednesday
317010794838,50244027,kuentinlol,21779,League of Legends,1147,2026-10-06T14:13:15Z,es,['Español'],2026-10-07,02-30-19,Wednesday
317953974627,36318615,theguill84,460327,Pokémon Omega Ruby/Alpha Sapphire,1146,2026-10-06T16:49:16Z,fr,"['Français', 'aigri', 'minecraft', 'Guill', 'TheGuill84', 'acariâtre']",2026-10-07,02-30-19,Wednesday
318709090919,232300705,rainbow6fr,460630,Rainbow Six Siege,1145,2026-10-06T15:28:44Z,fr,"['Esports', 'Français', 'DropsActivés']",2026-10-07,02-30-19,Wednesday
317603258743,500538599,mole,509658,Just Chatting,1140,2026-10-06T12:31:48Z,en,"['irl', 'egirl', 'opium', 'based', 'women', 'girl', 'feet', 'English', 'DropsEnabled']",2026-10-07,02-30-19,Wednesday
321733972570,30214074,jeffhoogland,1743359147,MARVEL SNAP,1140,2026-10-06T14:57:25Z,en,"['English', 'DropsEnabled']",2026-10-07,02-30-19,Wednesday
316068100561,107540500,r1outv,32982,Grand Theft Auto V,1139,2026-10-06T17:18:38Z,el,['Ελληνικά'],2026-10-07,02-30-19,Wednesday
320682285536,1424123474,dimpiy,511224,Apex Legends,1139,2026-10-06T15:06:07Z,en,"['Variety', 'recommened', 'gaming', 'FrontPage', 'chill', 'adhd']",2026-10-07,02-30-19,Wednesday
318899410790,41314239,dafran,32982,Grand Theft Auto V,1133,2026-10-06T10:00:30Z,en,['English'],2026-10-07,02-30-19,Wednesday
315557582830,16677765,qttsix,493551,Conan Exiles,1133,2026-10-06T12:05:26Z,zh,['中文'],2026-10-07,02-30-19,Wednesday
319480498647,139745227,luality,115977,The Witcher 3: Wild Hunt,1132,2026-10-06T18:16:43Z,en,"['English', 'RPG', 'drops', 'ChallengeRun', 'girl', 'bnuy', 'DropsEnabled']",2026-10-07,02-30-19,Wednesday
318709494503,183830454,godmota,498566,Slots,1130,2026-10-06T16:00:03Z,pt,['Português'],2026-10-07,02-30-19,Wednesday
317012677462,225999279,ixbt_games,509658,Just Chatting,1126,2026-10-06T18:01:52Z,ru,"['Русский', 'starwarsgalacticracer', 'DropsВключены']",2026-10-07,02-30-19,Wednesday
317909662178,416031592,solaryhs,138585,Hearthstone,1126,2026-10-05T05:01:46Z,fr,"['Français', 'DropsActivés']",2026-10-07,02-30-19,Wednesday
318708206567,220716126,fibii,509658,Just Chatting,1122,2026-10-06T14:07:35Z,de,"['Deutsch', 'DropsAktiviert']",2026-10-07,02-30-19,Wednesday
320541242974,1224958651,sebriusvt,1441208453,Once Human,1121,2026-10-06T16:57:44Z,es,"['Español', 'English']",2026-10-07,02-30-19,Wednesday
318848167781,81121152,hyver,771448419,AION 2,1120,2026-10-06T16:07:10Z,ru,"['Русский', 'DropsВключены']",2026-10-07,02-30-19,Wednesday
318905624678,198939622,onlyjson,32982,Grand Theft Auto V,1120,2026-10-06T19:03:21Z,de,"['gtavrproleplay', 'Deutsch', 'NARCOCITY', 'fivem', 'Unterhaltung', 'gta']",2026-10-07,02-30-19,Wednesday
316975411413,61294188,anniefuchsia,468010619,Warhammer Survivors,1120,2026-10-06T12:48:45Z,en,"['Swedish', 'Svenska', 'ADHD', 'Girl', 'EarlyAccess', 'Variety', 'Female', 'English', 'CC']",2026-10-07,02-30-19,Wednesday
318850495077,249877505,rxiirl,30921,Rocket League,1117,2026-10-06T18:35:42Z,es,"['Español', 'English', 'ViewerParty', 'rlcs', 'major', 'rocketleague', 'pro', 'RLCS2026']",2026-10-07,02-30-19,Wednesday
320683387360,42023073,misusingtv,19976,MapleStory,1116,2026-10-06T16:48:17Z,en,"['English', 'Anime', 'BeginnerFriendly', 'EndGame', 'MMORPG', 'SideScroller', 'MapleStory', 'MMO', 'Chill', 'NewPlayersWelcome']",2026-10-07,02-30-19,Wednesday
318711103591,48297318,cristijan,123184772,EA Sports FC 27,1111,2026-10-06T17:33:47Z,hu,['Magyar'],2026-10-07,02-30-19,Wednesday
317603467127,44811367,zeddy,138585,Hearthstone,1111,2026-10-06T14:00:10Z,en,"['English', 'DropsEnabled']",2026-10-07,02-30-19,Wednesday
318848048741,118977300,viggomagic,32399,Counter-Strike,1106,2026-10-06T15:59:32Z,da,['Dansk'],2026-10-07,02-30-19,Wednesday
318902383462,51529432,cepreu_inq,771448419,AION 2,1106,2026-10-06T15:39:55Z,ru,"['Русский', 'Аниме', 'MMORPG', 'Shotergame', 'poe2', 'PoE', 'Build', 'PathOfExile', 'drops', 'Rust']",2026-10-07,02-30-19,Wednesday
316542499953,48677263,lazvell,509658,Just Chatting,1104,2026-10-06T13:34:07Z,ja,"['日本語', 'チル', 'Drops有効']",2026-10-07,02-30-19,Wednesday
317923113058,129289579,krl_stream,32399,Counter-Strike,1104,2026-10-06T16:40:59Z,fr,"['Français', 'KRL', 'CS2']",2026-10-07,02-30-19,Wednesday
316976632917,102302893,fenya,1517377137,RV There Yet?,1100,2026-10-06T16:07:46Z,ru,"['Русский', 'CS2']",2026-10-07,02-30-19,Wednesday
316149340649,131264920,ririii1231,509658,Just Chatting,1099,2026-10-06T13:08:21Z,zh,"['中文', '启用掉宝']",2026-10-07,02-30-19,Wednesday
317924222178,452454652,nikos,32982,Grand Theft Auto V,1096,2026-10-06T18:04:56Z,fr,['Français'],2026-10-07,02-30-19,Wednesday
317942379876,59036533,biggysweats,1264310518,Marvel Rivals,1094,2026-10-06T14:16:05Z,en,"['English', 'DropsEnabled', 'FirstPlaythrough', 'MMORPG', 'Leveling', 'PvE', 'Openworld', 'ActionRpg', 'marvelrivals']",2026-10-07,02-30-19,Wednesday
316088872146,24981496,hydramist,18122,World of Warcraft,1094,2026-10-06T16:59:28Z,en,"['English', 'PvP', 'wow', 'wowclassic', 'worldofwarcraft', 'Arena', 'mopclassic', 'MistsofPandaria', 'Priest', 'MMO']",2026-10-07,02-30-19,Wednesday
316323468267,55867919,agromorph,771448419,AION 2,1092,2026-10-06T12:03:49Z,ru,"['Русский', 'дофаминовыекачели', 'дофаминовоеголодание', 'DropsВключены']",2026-10-07,02-30-19,Wednesday
321855176283,170760368,6cyx,515025,Overwatch,1090,2026-10-06T16:33:07Z,en,"['English', 'NOBACKSEATGAMING', 'BackSeatGamersGETBANNED', 'BANNINGALLBACKSEATGAMERS', 'BackSeatGameGetsUBanned', 'DropsEnabled']",2026-10-07,02-30-19,Wednesday
318300746840,856618797,smugalana,509658,Just Chatting,1090,2026-10-06T19:05:24Z,en,"['vtuber', 'English', 'cringe', 'ADHD', 'girl', 'Woman', 'Female', 'Regarded', 'Anime', 'Fox']",2026-10-07,02-30-19,Wednesday
317943921764,450197949,abramovich,493959,Red Dead Redemption II,1088,2026-10-06T17:25:34Z,ru,['Русский'],2026-10-07,02-30-19,Wednesday
321691296729,23257020,ster,2132205352,Deadlock,1086,2026-10-06T18:53:14Z,en,['English'],2026-10-07,02-30-19,Wednesday
321734363354,36324138,distortion2,508455,Valheim,1086,2026-10-06T15:54:40Z,en,"['Speedrun', 'Chad', 'Loves', 'Anime', 'And', 'Stalling', 'English']",2026-10-07,02-30-19,Wednesday
317942215652,71290640,kemist_c10h15n,512953,ELDEN RING,1083,2026-10-06T13:52:07Z,fr,"['Laboratoire', 'C10H15N', 'IUPAC', 'Chromatographie', 'Réactifs', 'Distillation', 'Spectroscopie', 'RMN', 'Français', 'DropsActivés']",2026-10-07,02-30-19,Wednesday
318300725208,558694386,powdur,509658,Just Chatting,1082,2026-10-06T19:01:45Z,en,"['English', 'vtuber', 'Comfy', 'Female', 'react', 'Elf', 'whìte', 'DropsEnabled']",2026-10-07,02-30-19,Wednesday
318902674022,66019478,korbendetka,27546,World of Tanks,1082,2026-10-06T16:01:17Z,ru,"['Русский', 'korben', 'WorldofTanks', 'корбен']",2026-10-07,02-30-19,Wednesday
321733433818,45453222,ziggy,32982,Grand Theft Auto V,1081,2026-10-06T13:00:39Z,en,"['Roleplay', 'English', 'NoPixel', 'NoPixelV']",2026-10-07,02-30-19,Wednesday
318711742183,182899347,smurf_tv,513143,Teamfight Tactics,1079,2026-10-06T18:05:20Z,ru,"['KOREAN', 'RANK1', 'EVERYROLE', 'GIGACHAD', 'CHALLENGER', 'Русский', 'турнир']",2026-10-07,02-30-19,Wednesday
317955489763,1517747949,finoggin,336484893,Backrooms: Code Yellow,1079,2026-10-06T18:58:08Z,en,"['backrooms', 'English']",2026-10-07,02-30-19,Wednesday
321854995035,184336761,acie,32982,Grand Theft Auto V,1078,2026-10-06T16:10:55Z,en,"['English', 'NoPixelV']",2026-10-07,02-30-19,Wednesday
319478813143,58663778,mauisnake,32399,Counter-Strike,1077,2026-10-06T12:02:53Z,en,"['CSGO', 'English', 'esports', 'cs2', 'educational', 'analysis']",2026-10-07,02-30-19,Wednesday
316174328810,66548548,dingding248,21779,League of Legends,1077,2026-10-06T07:30:38Z,zh,['中文'],2026-10-07,02-30-19,Wednesday
318710223975,38019896,heatoncs,32399,Counter-Strike,1075,2026-10-06T16:45:25Z,en,['English'],2026-10-07,02-30-19,Wednesday
318904350950,537211674,igortjuh,2023301131,CreatorSMP,1074,2026-10-06T17:49:21Z,nl,['Nederlands'],2026-10-07,02-30-19,Wednesday
318706664423,1552210654,featuredroptv,498566,Slots,1068,2026-10-06T11:03:19Z,de,['Deutsch'],2026-10-07,02-30-19,Wednesday
317012374742,174141858,elina,474709880,STAR WARS: Galactic Racer,1068,2026-10-06T17:28:44Z,en,"['English', 'swedish', 'woman', 'stinky', 'ADHD', 'female', 'Interactive', 'Chatty']",2026-10-07,02-30-19,Wednesday
318710502759,135558945,mortenroyale,491168,Clash Royale,1068,2026-10-06T17:00:23Z,de,['Deutsch'],2026-10-07,02-30-19,Wednesday
318849758053,1510024257,mvg__180,509658,Just Chatting,1067,2026-10-06T17:54:27Z,en,['English'],2026-10-07,02-30-19,Wednesday
317952627043,484563826,louu,32982,Grand Theft Auto V,1065,2026-10-06T14:12:38Z,en,"['English', 'Variety', 'music', 'bald', 'louu', 'louuis', 'gta', 'SK', 'nopixel', 'NopixelV']",2026-10-07,02-30-19,Wednesday
317942016868,69824993,therunningmanz,65632,DayZ,1065,2026-10-06T13:21:23Z,en,"['Survival', 'PVP', 'English', 'UK']",2026-10-07,02-30-19,Wednesday
321733079002,52349411,skyrroztv,417892,Z1: Battle Royale,1064,2026-10-06T11:12:44Z,fr,"['warzone', 'gaming', 'fr', 'podcast', 'mw4', 'callofduty', 'Français', 'gta', 'gta6']",2026-10-07,02-30-19,Wednesday
318834318309,1550878769,deadspinkonig,498566,Slots,1058,2026-10-05T13:44:32Z,de,['Deutsch'],2026-10-07,02-30-19,Wednesday
317012097878,1333807261,ksufee,509658,Just Chatting,1057,2026-10-06T17:00:05Z,ru,"['Русский', 'anime', 'girl', 'English', 'девушка', 'girlstreamer', 'Аниме', 'Косплей', 'Cosplay', 'общение']",2026-10-07,02-30-19,Wednesday
318710540263,695946471,serboz,29056,Knight Online,1054,2026-10-06T17:01:56Z,tr,['Türkçe'],2026-10-07,02-30-19,Wednesday
318834636517,1550890795,highvoladon,498566,Slots,1053,2026-10-05T14:12:50Z,de,['Deutsch'],2026-10-07,02-30-19,Wednesday
318903032678,27187962,herdyn,387778579,Feign,1053,2026-10-06T16:28:23Z,cs,['Čeština'],2026-10-07,02-30-19,Wednesday
317603878775,39724467,swagg,512710,Call of Duty: Warzone,1050,2026-10-06T16:18:42Z,en,"['fazeswagg', 'FaZe', 'English', 'cod', 'callofduty', 'warzone', 'warzonecallofduty', 'swagg']",2026-10-07,02-30-19,Wednesday
317056338644,810705033,yadren1y,508455,Valheim,1050,2026-10-06T16:01:04Z,ru,['Русский'],2026-10-07,02-30-19,Wednesday
317010442454,65560166,jaxstyle,509658,Just Chatting,1048,2026-10-06T13:13:07Z,da,"['Dansk', 'EDM', 'DJ', 'producer', 'IRL', 'Festival', 'English', 'DropsAktiveret']",2026-10-07,02-30-19,Wednesday
317954610147,92537604,grimkujow,509658,Just Chatting,1046,2026-10-06T17:48:47Z,fr,"['Français', 'DropsActivés']",2026-10-07,02-30-19,Wednesday
317924999522,1352210033,dumbo_ttv69,32982,Grand Theft Auto V,1044,2026-10-06T18:57:38Z,fr,"['Français', 'gtarp', 'gta', 'GTAVFiveM', 'urbex', 'Urbexing', 'urbexnocturno', 'UrbexSquad']",2026-10-07,02-30-19,Wednesday
317054973652,280197012,alle,491931,Escape from Tarkov,1044,2026-10-06T12:17:11Z,en,"['THEBEST', 'LABS', 'SCHIZOMODE', 'NOONEISBETTER', 'aimbotting', 'betterthanyou', 'English', 'NEVERGOON', 'Top1MostHumble']",2026-10-07,02-30-19,Wednesday
315591721456,1047145019,mayj0501,21779,League of Legends,1034,2026-10-06T10:53:51Z,zh,"['中文', '魔法師', '暴言系', '手手', '打瓦裏人格', '躁躁人', 'Vtuber', '怪人']",2026-10-07,02-30-19,Wednesday
318849302117,36811285,tobinatorlp,1357871551,The Blood of Dawnwalker,1028,2026-10-06T17:25:29Z,de,"['Deutsch', 'Tobinator', 'drops', 'bloodofdawnwalker', 'FirstPlaythrough', 'chill']",2026-10-07,02-30-19,Wednesday
320681571424,129801067,joshseki,515025,Overwatch,1027,2026-10-06T13:53:04Z,en,"['English', 'Valorant', 'Kpop', 'Anime', 'Cozy', 'Competitive', 'Giveaways', 'DropsEnabled']",2026-10-07,02-30-19,Wednesday
316978133333,683132335,slimenkpac,29452,Virtual Casino,1026,2026-10-06T19:12:43Z,ru,['Русский'],2026-10-07,02-30-19,Wednesday
318848196069,894649045,tenkedzu,401587136,Arena Breakout: Infinite,1020,2026-10-06T16:09:14Z,ru,"['Русский', 'проигрок', 'крутоймужик', 'жесктошпилит', 'крутизна', 'свага', 'киберспорстмен', 'DropsВключены']",2026-10-07,02-30-19,Wednesday
319480235735,88169992,bricky,223869970,"Warhammer 40,000: Space Marine II",1020,2026-10-06T17:36:17Z,en,"['English', 'DropsEnabled']",2026-10-07,02-30-19,Wednesday
319156716533,492680747,quoarine_oficial,29595,Dota 2,1018,2026-10-06T15:00:26Z,es,"['accion', 'Argentina', 'estrategia', 'humor', 'Español', 'dota2', 'RankedGames', 'MOBA', 'PMA', 'Coach']",2026-10-07,02-30-19,Wednesday
318707711335,45912780,mistafaker,509658,Just Chatting,1013,2026-10-06T13:14:42Z,ru,"['Русский', 'DropsВключены']",2026-10-07,02-30-19,Wednesday
321734819930,23946146,dolphinchemist,1455925885,Fortune Mill,1011,2026-10-06T17:00:39Z,en,"['English', 'genius', 'Esperanto', 'NoSpoilers']",2026-10-07,02-30-19,Wednesday
318850906213,1373178940,andr_surov,509672,IRL,1006,2026-10-06T19:00:40Z,ru,"['Русский', 'Україна', 'Харьков']",2026-10-07,02-30-19,Wednesday
318849432677,742062238,ruethtv,32982,Grand Theft Auto V,1006,2026-10-06T17:33:32Z,de,"['Deutsch', 'Roleplay', 'Rueth', 'Rüd', 'GTARP', 'RP', 'NarcoCity', 'NC']",2026-10-07,02-30-19,Wednesday
318904243558,106119024,kugelbuch,743,Chess,1006,2026-10-06T17:42:43Z,de,"['deutsch', 'schach', 'chess', 'strategie', 'MUSKULÖS', '106iq', '1900elo', 'english', 'Deutsch', 'Englisch']",2026-10-07,02-30-19,Wednesday
318704877671,606157124,linocamp,509672,Travel & Outdoors,1004,2026-10-06T06:01:18Z,it,['Italiano'],2026-10-07,02-30-19,Wednesday
320636160988,426101693,w0n23,417528,Albion Online,1003,2026-10-06T14:43:03Z,en,"['English', 'DropsEnabled', 'MMORPG']",2026-10-07,02-30-19,Wednesday
318712871015,185460415,poly,13332,Pokémon FireRed/LeafGreen,998,2026-10-06T19:03:19Z,it,"['Italiano', 'testaquadra', 'rubik', 'DropAbilitati']",2026-10-07,02-30-19,Wednesday
319479055063,36439445,darthmicrotransaction,19976,MapleStory,997,2026-10-06T13:22:33Z,en,['English'],2026-10-07,02-30-19,Wednesday
317943896676,101234264,crocodyletv,509663,Special Events,996,2026-10-06T17:22:51Z,fr,"['Français', 'DropsActivés']",2026-10-07,02-30-19,Wednesday
320539483358,95569482,wastzera,32399,Counter-Strike,990,2026-10-06T13:23:32Z,pt,"['wastzera', 'sorteio', 'dicas', 'farm', 'Português', 'skin', 'cs2', 'gamersclub', 'neymar', 'DropsAtivados']",2026-10-07,02-30-19,Wednesday
321689115609,67379182,rarran,138585,Hearthstone,989,2026-10-06T14:13:24Z,en,"['English', 'canfightacoyoteandwin', 'DropsEnabled']",2026-10-07,02-30-19,Wednesday
320682527456,106008951,saltydolphin,13332,Pokémon FireRed/LeafGreen,987,2026-10-06T15:30:27Z,en,"['English', 'Pokemon', 'ironMON', 'Horseexpert', 'VGC', 'Humble', 'kaizoironmon', 'Pokemonchampions', 'Superkaizo', 'DropsEnabled']",2026-10-07,02-30-19,Wednesday
318850609253,179279586,kertus,32982,Grand Theft Auto V,985,2026-10-06T18:43:02Z,it,"['Italiano', 'gta5', 'kertus', 'fivem', 'imperorp', 'impero', 'anc', 'gtaonline', 'Roleplay', 'DropAbilitati']",2026-10-07,02-30-19,Wednesday
318846965093,476077919,myko,263490,Rust,983,2026-10-06T14:30:34Z,de,"['Deutsch', 'german', 'Rust', 'IRL']",2026-10-07,02-30-19,Wednesday
318900267238,64949289,divi,959576675,DREADMOOR,983,2026-10-06T12:05:02Z,de,"['German', 'Deutsch', 'drops', 'Speedrunner', 'challenge']",2026-10-07,02-30-19,Wednesday
320541571678,865182313,chickengamer20,1441208453,Once Human,982,2026-10-06T17:32:33Z,en,['English'],2026-10-07,02-30-19,Wednesday
318299282136,543631090,gnomonkey,459931,Old School RuneScape,981,2026-10-06T12:21:01Z,en,"['English', 'OSRS', 'Guidemaker', 'Speedrunner', 'WorldsFirstChaser', 'HCIM']",2026-10-07,02-30-19,Wednesday
321734750170,117083340,tpain,509672,IRL,980,2026-10-06T16:50:12Z,en,"['English', 'music', 'gaming', 'simracing', 'SimDrifting', 'Editing', '3DModeling', '3DPrinting', 'FLASHINGLIGHTWARNING']",2026-10-07,02-30-19,Wednesday
319227544180,956784486,surskity11,509658,Just Chatting,976,2026-10-06T07:04:36Z,pt,"['Português', 'justcchatting', 'Brasil', 'DropsAtivados']",2026-10-07,02-30-19,Wednesday
318895674086,106159308,gronkhtv,517330,Assassin's Creed Valhalla,973,2026-10-05T21:14:39Z,de,['Deutsch'],2026-10-07,02-30-19,Wednesday
318903300070,127040829,anakq,515025,Overwatch,972,2026-10-06T16:45:56Z,ru,"['Русский', 'DropsВключены']",2026-10-07,02-30-19,Wednesday
317604183415,138498363,apply,515025,Overwatch,969,2026-10-06T17:42:15Z,en,"['English', 'handsome', 'DropsEnabled']",2026-10-07,02-30-19,Wednesday
318904400742,237448208,echteralphakevin,509658,Just Chatting,969,2026-10-06T17:52:19Z,de,"['Deutsch', 'DropsAktiviert']",2026-10-07,02-30-19,Wednesday
317604492023,32547216,dekkster,1743359147,MARVEL SNAP,969,2026-10-06T18:58:02Z,en,"['marvelsnap', 'English', 'TCG', 'DropsEnabled']",2026-10-07,02-30-19,Wednesday
317945286500,142564043,tayoh_,1763263,nanos world,969,2026-10-06T19:19:30Z,fr,['Français'],2026-10-07,02-30-19,Wednesday
321690583385,132563423,firedancer,509658,Just Chatting,969,2026-10-06T17:43:47Z,en,"['egirl', 'dancing', 'asmr', 'ADHD', 'English', 'hottub', 'Princess', 'Goddess', 'findom', 'Anime']",2026-10-07,02-30-19,Wednesday
319480073559,565021390,kidshadoe,474709880,STAR WARS: Galactic Racer,967,2026-10-06T17:09:31Z,en,"['English', 'drops', 'ADHD', 'Vtuber', 'LOUD', 'ADHDStreamer', 'Cosplay', 'FirstPlaythrough', 'DropsEnabled']",2026-10-07,02-30-19,Wednesday
317953513571,49629081,huzounet,20596,Dofus,964,2026-10-06T16:03:22Z,fr,['Français'],2026-10-07,02-30-19,Wednesday
316977643605,144663813,es4xtank,32982,Grand Theft Auto V,957,2026-10-06T18:08:34Z,ru,"['csgo', 'Победитель', 'тигр', 'Шоу', 'Турниры', 'Киберспорт', 'ДЕД', 'ТОП', 'Русский', 'интересный']",2026-10-07,02-30-19,Wednesday
319479656535,13576693,frodan,513143,Teamfight Tactics,955,2026-10-06T15:52:48Z,en,"['English', 'lilia', 'Unlucky', 'unemployed', 'DadGamer']",2026-10-07,02-30-19,Wednesday
318300255192,451856419,hpduketv,32982,Grand Theft Auto V,954,2026-10-06T17:12:05Z,en,['English'],2026-10-07,02-30-19,Wednesday
316088992722,195942193,tyrone,32982,Grand Theft Auto V,953,2026-10-06T17:38:52Z,en,"['English', 'British', 'capitalrp', 'plus44', 'gtarp', 'gta6']",2026-10-07,02-30-19,Wednesday
317943775460,440140011,twincytv,417892,Z1: Battle Royale,953,2026-10-06T17:09:17Z,fr,"['Français', 'FlashbackWL', 'GTARP', 'DropsActivés']",2026-10-07,02-30-19,Wednesday
318900727910,514473492,gwizdakk,32399,Counter-Strike,951,2026-10-06T13:00:29Z,pl,['Polski'],2026-10-07,02-30-19,Wednesday
318904323814,84547838,timgioh,509658,Just Chatting,950,2026-10-06T17:47:36Z,de,"['Yugioh', 'English', 'twìtch', 'justchatting', 'Action', 'Horror', 'Community', 'Deutsch', 'TwitchPartner', 'DropsAktiviert']",2026-10-07,02-30-19,Wednesday
318293342424,163168110,eido,2132205352,Deadlock,950,2026-10-05T19:31:35Z,en,"['meow', 'mexican', 'English', 'Asian']",2026-10-07,02-30-19,Wednesday
318712383847,635824230,gleggmire,509658,Just Chatting,948,2026-10-06T18:36:04Z,de,"['vergeilt', 'dreckslatte', 'steifenrp', 'latte', 'Deutsch', 'sinjin']",2026-10-07,02-30-19,Wednesday
318901762022,46786508,dennsen86,27284,Retro,947,2026-10-06T14:45:10Z,de,['Deutsch'],2026-10-07,02-30-19,Wednesday
316175133162,941489207,23fpstv,32399,Counter-Strike,947,2026-10-06T11:30:22Z,vi,"['cs2', 'csgo', 'pgl', 'blast', 'esl', 'majorcs2', 'major', 'TiếngViệt', 'Phátlạitrựctuyến']",2026-10-07,02-30-19,Wednesday
318848538725,250655167,rezears,30921,Rocket League,942,2026-10-06T16:35:49Z,de,"['Deutsch', 'English', 'RLCS', 'proplayer', 'pro']",2026-10-07,02-30-19,Wednesday
318903310822,29468517,pago3,32399,Counter-Strike,941,2026-10-06T16:46:44Z,pl,"['Polski', 'English']",2026-10-07,02-30-19,Wednesday
316359424109,105230658,charlescimeaurant,504463,Tom Clancy's The Division 2,941,2026-10-06T13:51:03Z,de,"['Deutsch', 'Feuerwehrmann', 'Familienfreundlich', 'relaxing', 'UbisoftPartner', 'ETFMember', 'Thedivision2', 'DropsAktiviert']",2026-10-07,02-30-19,Wednesday
319227833588,601665123,luzu_tv,417752,Talk Shows & Podcasts,941,2026-10-06T09:47:53Z,es,"['Español', 'DropsActivados']",2026-10-07,02-30-19,Wednesday
316976019157,53815140,olesha,2132205352,Deadlock,937,2026-10-06T14:39:22Z,ru,"['Русский', 'ГигантМысли', 'ПолитическиПодкованный', 'ФилософияЖизни', 'БеспроводнаяКлавиатура', 'КлавиатураБезНумпада', 'БоссСваги']",2026-10-07,02-30-19,Wednesday
318903098598,101250259,nyny_x,1669431183,DJs,936,2026-10-06T16:32:25Z,de,"['dj', 'dance', 'deutsch', 'techno', 'english', 'music', 'Deutsch', 'Hardstyle', 'DropsAktiviert']",2026-10-07,02-30-19,Wednesday
318711783527,127550308,botezlive,743,Chess,932,2026-10-06T18:07:16Z,en,['English'],2026-10-07,02-30-19,Wednesday
321854998363,78989410,zajef77,513181,Genshin Impact,928,2026-10-06T16:11:13Z,en,"['English', 'DropsEnabled']",2026-10-07,02-30-19,Wednesday
317943592164,465726306,sneaze_,460327,Pokémon Omega Ruby/Alpha Sapphire,926,2026-10-06T16:52:18Z,fr,['Français'],2026-10-07,02-30-19,Wednesday
317013012822,464843305,tadzheek,32982,Grand Theft Auto V,925,2026-10-06T18:40:04Z,ru,"['staya', 'Русский', 'Таджик', 'GTARP', 'Majestic']",2026-10-07,02-30-19,Wednesday
317924722658,69592711,areliann,509658,Just Chatting,924,2026-10-06T18:39:36Z,fr,"['Français', 'DropsActivés']",2026-10-07,02-30-19,Wednesday
317943398884,54892839,melyoh,1050003477,The Elder Scrolls V: Skyrim - Special Edition,922,2026-10-06T16:30:08Z,fr,"['VoiceActing', 'RPG', 'humour', 'Roleplay', 'Français', 'fantasy', 'InclusiveSpace', 'RP', 'communauté', 'Adventure']",2026-10-07,02-30-19,Wednesday
317013204182,936081124,daddylouiss,29452,Virtual Casino,921,2026-10-06T19:04:31Z,ru,['Русский'],2026-10-07,02-30-19,Wednesday
321735309658,808631627,deedge_live,173822689,Never Sort By Color,921,2026-10-06T18:04:32Z,en,['English'],2026-10-07,02-30-19,Wednesday
317943760612,195376105,beniju03,491168,Clash Royale,920,2026-10-06T17:07:30Z,es,['Español'],2026-10-07,02-30-19,Wednesday
318900011750,45921282,redcs,32399,Counter-Strike,920,2026-10-06T11:31:47Z,de,"['Deutsch', 'cs', 'counterstrike', 'german', 'gaming', 'English', 'watchparty', 'donk', 'CS2', 'csgo']",2026-10-07,02-30-19,Wednesday
319467262039,82707084,bakedjake,401587136,Arena Breakout: Infinite,919,2026-10-05T09:02:18Z,en,"['English', 'DropsEnabled']",2026-10-07,02-30-19,Wednesday
315591916272,77813460,piper729,516575,VALORANT,916,2026-10-06T12:12:17Z,zh,"['烏克麗麗', '中文', 'English', 'girl']",2026-10-07,02-30-19,Wednesday
321734214874,123782776,tarzaned,19976,MapleStory,911,2026-10-06T15:33:37Z,en,['English'],2026-10-07,02-30-19,Wednesday
316541586929,169539617,clutch_fii,24241,FINAL FANTASY XIV ONLINE,911,2026-10-06T10:40:52Z,ja,"['日本語', 'drops']",2026-10-07,02-30-19,Wednesday
320637073372,81628627,gladd,508455,Valheim,910,2026-10-06T16:29:43Z,en,"['English', 'Relatable', 'Chill', 'ChallengeRun', 'Unfiltered', 'DropsEnabled']",2026-10-07,02-30-19,Wednesday
318709935079,39067173,psychoghost,500188,Hunt: Showdown 1896,906,2026-10-06T16:27:21Z,en,"['survival', 'hardcore', 'guide', 'English']",2026-10-07,02-30-19,Wednesday
317942585828,42852931,youmadsin,771448419,AION 2,902,2026-10-06T14:46:39Z,en,"['aion', 'aion2', 'mmo', 'kmmo', 'gaming', 'English', 'Dragon', 'DropsEnabled']",2026-10-07,02-30-19,Wednesday
318846588773,173164131,noraexplorer,510117,Outlast II,900,2026-10-06T13:59:57Z,en,"['English', 'Denmark', 'IRL', 'justchattıng', 'gaming', 'LGBTQ', 'OCD']",2026-10-07,02-30-19,Wednesday
320683028960,120023112,hydron,515025,Overwatch,899,2026-10-06T16:16:16Z,en,"['Autism', 'Brazilian', 'Dominican', 'English', 'DropsEnabled']",2026-10-07,02-30-19,Wednesday
318710234343,100649748,olyavoodoo,509658,Just Chatting,897,2026-10-06T16:46:05Z,ru,"['Русский', 'drops', 'girl', 'English', 'Japan', 'рыжаябулочка', 'depression', 'permatilted', 'кринжцесса', 'DropsВключены']",2026-10-07,02-30-19,Wednesday
318709660135,450941057,kadditv,509663,Special Events,896,2026-10-06T16:09:04Z,de,"['Deutsch', 'DropsAktiviert']",2026-10-07,02-30-19,Wednesday
318848027365,68261767,knister,32982,Grand Theft Auto V,895,2026-10-06T15:57:48Z,de,['Deutsch'],2026-10-07,02-30-19,Wednesday
317955106019,598300995,barnabestpasouf,509658,Just Chatting,892,2026-10-06T18:28:27Z,fr,"['radio', 'inazuma', 'eleven', 'react', 'anime', 'manga', 'Français', 'DropsActivés']",2026-10-07,02-30-19,Wednesday
321732609114,84316241,penta,32982,Grand Theft Auto V,890,2026-10-06T08:28:03Z,en,"['English', 'Educational', 'Socialeating']",2026-10-07,02-30-19,Wednesday
320638327644,1509267845,877unmplyd,509658,Just Chatting,887,2026-10-06T18:44:55Z,en,"['Unemployment', 'Jobless', 'Consulting', 'Advice', 'Job', 'AI', 'Podcast', 'Hotline', 'ViewerCalls', 'Community']",2026-10-07,02-30-19,Wednesday
319229310452,165288442,felpzxra,509658,Just Chatting,887,2026-10-06T17:00:51Z,pt,"['Português', 'DropsAtivados']",2026-10-07,02-30-19,Wednesday
318848981221,38169925,inscope21tv,509658,Just Chatting,885,2026-10-06T17:04:29Z,de,"['reaction', 'Deutsch', 'Comedy', 'Wiederholen', 'DropsAktiviert']",2026-10-07,02-30-19,Wednesday
317012329942,835969456,e6anessa,508948,Raid: Shadow Legends,885,2026-10-06T17:24:07Z,ru,"['Русский', 'девушка', 'Девушкагеймер', 'общение']",2026-10-07,02-30-19,Wednesday
320625247580,44741426,streamerhouse,771448419,AION 2,880,2026-10-05T21:11:36Z,en,"['Marathon', 'AlwaysOn', 'Subathon', 'StreamerHouse', 'English', '24hr', '247Stream', 'DropsEnabled', 'LGBTQ']",2026-10-07,02-30-19,Wednesday
319098826998,68727743,razah,460630,Rainbow Six Siege,878,2026-10-06T16:20:52Z,pt,"['Português', 'DropsAtivados']",2026-10-07,02-30-19,Wednesday
316977243221,27572209,mazoni,491931,Escape from Tarkov,877,2026-10-06T17:22:27Z,ru,['Русский'],2026-10-07,02-30-19,Wednesday
318901274854,36009345,thekller,21779,League of Legends,876,2026-10-06T13:59:03Z,de,['Deutsch'],2026-10-07,02-30-19,Wednesday
320542153310,634735100,nadia,464339927,ARC Raiders,875,2026-10-06T18:29:39Z,en,['English'],2026-10-07,02-30-19,Wednesday
318711737447,147992019,skevich_,509658,Just Chatting,873,2026-10-06T18:05:06Z,uk,"['Українська', 'DropsУвімкнено']",2026-10-07,02-30-19,Wednesday
316610495219,226535110,ukyochi_jp,1519248197,Go-Go Town!,871,2026-10-06T15:41:27Z,ja,"['日本語', 'Vtuber']",2026-10-07,02-30-19,Wednesday
317603737207,94269217,fengrush,18122,World of Warcraft,868,2026-10-06T15:35:05Z,en,['English'],2026-10-07,02-30-19,Wednesday
318905701734,1296593152,maheeruu,498566,Slots,867,2026-10-06T19:08:19Z,fr,"['Français', 'France']",2026-10-07,02-30-19,Wednesday
317924723426,526168468,mrsal_59,32982,Grand Theft Auto V,867,2026-10-06T18:39:39Z,fr,"['FlashbackWL', 'Français', '1440p']",2026-10-07,02-30-19,Wednesday
317954850659,126287193,blaize,509658,Just Chatting,867,2026-10-06T18:06:29Z,fr,"['Français', 'BLAIZE', 'DropsActivés']",2026-10-07,02-30-19,Wednesday
315571446127,953705203,blackrubyhk,509658,Just Chatting,866,2026-10-06T17:21:18Z,zh-hk,['粵語'],2026-10-07,02-30-19,Wednesday
318905564006,71691082,putrefy,509658,Just Chatting,862,2026-10-06T19:00:17Z,pl,"['Polski', 'DropyWłączone']",2026-10-07,02-30-19,Wednesday
318299973208,700115497,babydollobscurity,499003,VRChat,861,2026-10-06T16:02:34Z,en,['English'],2026-10-07,02-30-19,Wednesday
317056488788,987102096,uzorrrr,1282866981,Delta Force,859,2026-10-06T16:20:37Z,ru,"['Русский', 'Повтор']",2026-10-07,02-30-19,Wednesday
318904556134,48192899,moonryde,512710,Call of Duty: Warzone,859,2026-10-06T18:00:00Z,it,"['Italiano', 'fps', 'warzone', 'ita', 'cecchino', 'Moon', 'Moonryde', 'Bigbro', 'calldofduty', 'WZ']",2026-10-07,02-30-19,Wednesday
317951369315,35632770,luuxia,18122,World of Warcraft,858,2026-10-06T10:34:34Z,fr,['Français'],2026-10-07,02-30-19,Wednesday
317009476054,46502348,forzorezor,32399,Counter-Strike,855,2026-10-06T10:21:07Z,ru,['Русский'],2026-10-07,02-30-19,Wednesday
319229274228,182813308,heitir,509663,Special Events,855,2026-10-06T16:53:02Z,pt,"['Português', 'DropsAtivados']",2026-10-07,02-30-19,Wednesday
318832959461,1548773272,steveosborn,498566,Slots,851,2026-10-05T11:04:43Z,de,['Deutsch'],2026-10-07,02-30-19,Wednesday
321691063257,903376879,itsdesireedee,116747788,"Pools, Hot Tubs, and Beaches",851,2026-10-06T18:31:04Z,en,['English'],2026-10-07,02-30-19,Wednesday
317955157219,658106021,yaemmow,511224,Apex Legends,850,2026-10-06T18:31:58Z,fr,"['Français', 'girl', 'EngIish', 'sweaty', 'apexlegends']",2026-10-07,02-30-19,Wednesday
321734181338,29829912,drlupo,491931,Escape from Tarkov,846,2026-10-06T15:29:26Z,en,"['English', 'Depression', 'Blasting', 'Guys', 'Educational']",2026-10-07,02-30-19,Wednesday
316552829554,157825412,matsuri_hs,138585,Hearthstone,843,2026-10-06T09:48:40Z,ja,"['日本語', 'Drops有効']",2026-10-07,02-30-19,Wednesday
318849452901,499451120,suns1de999,32399,Counter-Strike,843,2026-10-06T17:34:42Z,ru,"['Русский', 'Повтор']",2026-10-07,02-30-19,Wednesday
318695789287,145498295,exsl95,18122,World of Warcraft,842,2026-10-05T12:29:57Z,de,['Deutsch'],2026-10-07,02-30-19,Wednesday
317921485282,18887776,moman,417892,Z1: Battle Royale,842,2026-10-06T14:01:43Z,fr,"['Français', 'escapefromtarkov', 'EFT', 'tarkov', 'fps', 'CS', 'RP', 'gta', 'valorant', 'DropsActivés']",2026-10-07,02-30-19,Wednesday
318848370021,132289488,hollywood285,123184772,EA Sports FC 27,842,2026-10-06T16:22:57Z,it,"['Italiano', 'fc26', 'fc27', 'hollywood285', 'fifa', 'nellonigro', 'packopening', 'English', 'calcio', 'DropAbilitati']",2026-10-07,02-30-19,Wednesday
318709818983,696297156,fitnesspaul,743893402,WARDOGS,841,2026-10-06T16:19:46Z,de,['Deutsch'],2026-10-07,02-30-19,Wednesday
318850848613,625831970,basssultanhengzt45,498566,Slots,841,2026-10-06T18:57:31Z,de,['Deutsch'],2026-10-07,02-30-19,Wednesday
316977061717,408032403,darmfn_,33214,Fortnite,838,2026-10-06T17:02:28Z,pl,"['Polski', 'Fortnite']",2026-10-07,02-30-19,Wednesday
316088413266,438062587,tigz,491931,Escape from Tarkov,834,2026-10-06T14:04:25Z,en,"['English', 'PvP']",2026-10-07,02-30-19,Wednesday
317925348962,1552878629,b0atyrs_6yn,459931,Old School RuneScape,832,2026-10-06T19:18:32Z,en,['English'],2026-10-07,02-30-19,Wednesday
318300565592,71563094,nyahgrem,509660,Art,831,2026-10-06T18:25:57Z,en,"['sculpting', 'art', 'English']",2026-10-07,02-30-19,Wednesday
320683450976,105826363,solarbacca,21779,League of Legends,831,2026-10-06T16:54:06Z,en,"['English', 'leagueoflegends', 'gangplank', 'Challenger', 'handsome', 'humble', 'ExtremelyHumble', 'Educational', 'EducationalStream']",2026-10-07,02-30-19,Wednesday
321689995481,27914226,indoorscream,32982,Grand Theft Auto V,830,2026-10-06T16:35:34Z,en,"['English', 'Roleplay', 'GTARP', 'UK', 'fivem', 'Scottish', 'LGBTQIAPlus', 'RedM', 'MedievalRP', 'NoPixelV']",2026-10-07,02-30-19,Wednesday
317924236130,144395004,linca,1458901309,Find The Needle,828,2026-10-06T18:05:48Z,fr,['Français'],2026-10-07,02-30-19,Wednesday
317011343062,498937799,nooor,32982,Grand Theft Auto V,827,2026-10-06T15:28:53Z,sv,"['Svenska', 'TPRP', 'IRL']",2026-10-07,02-30-19,Wednesday
320684096608,452016586,sadicaz,417528,Albion Online,820,2026-10-06T17:47:47Z,es,"['Español', 'argentina', 'España', 'AlbionOnline', 'drops', 'Português', 'English', 'giveaway', 'PVE', 'DropsActivados']",2026-10-07,02-30-19,Wednesday
317604562423,60672785,robinsongz,513143,Teamfight Tactics,818,2026-10-06T19:13:27Z,en,"['young', 'actuallyold', 'English']",2026-10-07,02-30-19,Wednesday
319479828567,729185974,rogue_gold,504463,Tom Clancy's The Division 2,817,2026-10-06T16:24:55Z,en,"['English', 'TheDivision2', 'DropsEnabled']",2026-10-07,02-30-19,Wednesday
318849155941,86411887,onkelbarlow,18122,World of Warcraft,816,2026-10-06T17:16:25Z,de,"['lehrreich', 'Deutsch', 'Ü50Zockt']",2026-10-07,02-30-19,Wednesday
318903580134,664177022,tenma,496735,Barotrauma,814,2026-10-06T17:01:47Z,en,"['vtuber', 'anime', 'idk', 'tenma', 'English']",2026-10-07,02-30-19,Wednesday
319479926871,52959392,blau,32982,Grand Theft Auto V,811,2026-10-06T16:45:22Z,en,"['English', 'hockey', 'DeadWeight', 'NoPixelWL', 'NoPixel']",2026-10-07,02-30-19,Wednesday
318300263256,563807568,heyyouvideogame,8645,Resident Evil 2,810,2026-10-06T17:14:31Z,en,"['English', 'RP', 'duostream', 'duo', 'Roleplay', 'philosophical', 'Gimmick', 'Juiceman', 'Lemon', 'Lemonsmith']",2026-10-07,02-30-19,Wednesday
316966765909,1494360677,caedrel247,499973,Always On,810,2026-10-05T00:19:41Z,en,"['247', 'LCK', 'LPL', 'LEC', 'LOLESPORTS', 'CAEDREL', 'LEAGUEOFLEGENDS', 'English', 'Variety']",2026-10-07,02-30-19,Wednesday
321734426586,14410317,ezekiel_iii,709941216,Endacopia,810,2026-10-06T16:02:32Z,en,"['English', 'ADHD', 'humor', 'ClosedCaptions']",2026-10-07,02-30-19,Wednesday
318905819238,121555768,teknoyd,509658,Just Chatting,809,2026-10-06T19:16:38Z,it,"['italiano', 'openeworld', 'Avventure', 'giocodiruolo', 'Italiano', 'RP', 'DropAbilitati']",2026-10-07,02-30-19,Wednesday
321733158362,118155820,willerz,491931,Escape from Tarkov,808,2026-10-06T11:40:41Z,en,"['English', 'chad', 'Friendly', 'Parkour', 'comedy', 'action', 'FPS', 'multiplayer']",2026-10-07,02-30-19,Wednesday
318846391781,575410736,youney,32982,Grand Theft Auto V,806,2026-10-06T13:41:48Z,en,"['English', 'NoPixelWL', 'clown', 'English', 'ChillandChaotic', 'NoPixel']",2026-10-07,02-30-19,Wednesday
317922779362,76846779,yoona,510218,Among Us,806,2026-10-06T16:10:59Z,fr,"['Français', 'gaming', 'humour', 'funny', 'goodvibes', 'retro', 'horror', 'horrorgames', 'horreur']",2026-10-07,02-30-19,Wednesday
318900295014,102440358,arcadebulls,474709880,STAR WARS: Galactic Racer,805,2026-10-06T12:08:53Z,cs,"['Čeština', 'English', 'Community']",2026-10-07,02-30-19,Wednesday
321690475993,144555242,sheriffeli,32982,Grand Theft Auto V,804,2026-10-06T17:31:24Z,en,"['English', 'Roleplay', 'Comedy', 'VarietyStreamer', 'Funny', 'sheriffeli', 'Roleplay', 'Multiplayer', 'CopRP', 'chaseRP']",2026-10-07,02-30-19,Wednesday
318711572583,224958347,onurcan,509658,Just Chatting,804,2026-10-06T17:58:09Z,de,"['Deutsch', 'DropsAktiviert']",2026-10-07,02-30-19,Wednesday
318710904167,481384505,kxrvinho,33214,Fortnite,802,2026-10-06T17:22:40Z,ru,"['Fortnite', 'фортнайт', 'Русский', 'kxrvinho', 'володя']",2026-10-07,02-30-19,Wednesday
316976522197,71336,robbaz,1161800735,Obenseuer,801,2026-10-06T15:55:13Z,en,['English'],2026-10-07,02-30-19,Wednesday
316554735090,673595494,ksg_1912,515025,Overwatch,799,2026-10-06T18:01:34Z,ja,"['日本語', 'drops', 'Drops有効']",2026-10-07,02-30-19,Wednesday
320541221598,39886669,oatsngoats,7595,Super Metroid,799,2026-10-06T16:55:27Z,en,"['English', 'Retro', 'Speedrun']",2026-10-07,02-30-19,Wednesday
319158206709,1306466155,ryzelia,123184772,EA Sports FC 27,798,2026-10-06T19:21:28Z,en,['English'],2026-10-07,02-30-19,Wednesday
321689165529,59308271,tfblade,21779,League of Legends,795,2026-10-06T14:23:23Z,en,"['English', 'Rank1', 'Toplaner']",2026-10-07,02-30-19,Wednesday
317944126564,58172663,scoot1994,32982,Grand Theft Auto V,795,2026-10-06T17:47:10Z,fr,['Français'],2026-10-07,02-30-19,Wednesday
320633922268,8180455,daopa,889298168,Legend of YMIR,793,2026-10-06T07:56:11Z,en,"['drops', 'English', 'DropsEnabled', 'legendofymirdrop', 'legendofymirdrops', 'legendofymirsssdrops', 'legendofymir']",2026-10-07,02-30-19,Wednesday
318712149223,157636141,tommykaylive,514888,Crusader Kings III,792,2026-10-06T18:24:58Z,en,"['English', 'History', 'Comedy', 'Variety', 'gaming', 'Chatty', 'ADHD', 'Roleplay']",2026-10-07,02-30-19,Wednesday
317056909012,926714255,kqzfps,1264310518,Marvel Rivals,790,2026-10-06T17:11:32Z,en,"['English', 'music', 'aim', 'vtuber', 'ADHD', 'Esports', 'fps', 'chill', 'Anime', 'DropsEnabled']",2026-10-07,02-30-19,Wednesday
318848298853,60513811,spartiatix,3412,Grand Theft Auto III,789,2026-10-06T16:17:17Z,pl,['Polski'],2026-10-07,02-30-19,Wednesday
321855308123,64080424,roxasorg13th,123184772,EA Sports FC 27,787,2026-10-06T16:50:34Z,es,['Español'],2026-10-07,02-30-19,Wednesday
321734598362,131376461,zubatlel,491487,Dead by Daylight,785,2026-10-06T16:26:31Z,en,"['joel', 'Ally', 'GIGASOY', 'cats', 'English', 'xdd', 'DropsEnabled']",2026-10-07,02-30-19,Wednesday
318699181543,1550982138,cazadordeslots,498566,Slots,785,2026-10-05T17:20:49Z,es,['Español'],2026-10-07,02-30-19,Wednesday
317013105750,57292293,ratirl,743893402,WARDOGS,784,2026-10-06T18:51:51Z,en,['English'],2026-10-07,02-30-19,Wednesday
317924133218,60413469,femimarss,509658,Just Chatting,783,2026-10-06T17:59:44Z,fr,"['Français', 'DropsActivés']",2026-10-07,02-30-19,Wednesday
317944705764,808279569,lawisse_,509658,Just Chatting,781,2026-10-06T18:38:27Z,fr,"['Français', 'DropsActivés']",2026-10-07,02-30-19,Wednesday
316973994837,661059687,lota,509658,Just Chatting,778,2026-10-06T06:37:16Z,ru,"['Русский', 'донатофон', 'DropsВключены']",2026-10-07,02-30-19,Wednesday
320638483164,40797938,kirsche,509658,Just Chatting,777,2026-10-06T19:01:22Z,en,"['vtuber', 'CripplingAutismGang', 'TriggerWarning', 'MentallyDisabled', 'finsub', 'Educational', 'EthicalJournalism', 'WhiteDemon', 'ForeskinDenial', 'DryBeating']",2026-10-07,02-30-19,Wednesday
318848621797,470335253,hamedloco,123184772,EA Sports FC 27,776,2026-10-06T16:42:33Z,de,['Deutsch'],2026-10-07,02-30-19,Wednesday
321691573593,1380461490,ghostycrazy_,1441208453,Once Human,776,2026-10-06T19:18:49Z,en,['English'],2026-10-07,02-30-19,Wednesday
320680631392,173103803,firsttourguardsman,223869970,"Warhammer 40,000: Space Marine II",775,2026-10-06T11:32:07Z,en,"['YoutubePartner', 'English', 'DropsEnabeled', 'DropsEnabled']",2026-10-07,02-30-19,Wednesday
317954212067,1004060561,minikomew,26936,Music,774,2026-10-06T17:09:47Z,en,"['Vtuber', 'English', 'Gremlin', 'subathon', 'DropsEnabled']",2026-10-07,02-30-19,Wednesday
317057315028,480805899,m0l1z,493057,PUBG: BATTLEGROUNDS,774,2026-10-06T18:02:08Z,ru,"['Русский', 'Общение', 'Armenia', 'Армянский', 'Moliz', 'Носатый', 'Молиз', 'Калининград']",2026-10-07,02-30-19,Wednesday
315592408816,139417491,woojungx4,509658,Just Chatting,772,2026-10-06T15:33:16Z,en,"['한국어', 'asia', 'dance', 'kpop', 'us', 'uk', 'kr', 'korea', 'eng', 'english']",2026-10-07,02-30-19,Wednesday
318846733029,176314965,swimy,488922836,Solarpunk,771,2026-10-06T14:11:01Z,ar,['العربية'],2026-10-07,02-30-19,Wednesday
317923184482,191801550,ace670,515025,Overwatch,767,2026-10-06T16:47:48Z,es,"['Español', 'DropsActivados']",2026-10-07,02-30-19,Wednesday
318845543909,1516458859,aintaiba_,771448419,AION 2,767,2026-10-06T12:04:15Z,en,"['English', 'Polish', 'Variety', 'CertifiedAuntie', 'NoBackseatingUnlessAsked', 'DropsEnabled']",2026-10-07,02-30-19,Wednesday
318842089317,162151864,klupatwins,509658,Just Chatting,767,2026-10-06T00:19:38Z,de,"['Deutsch', 'just', 'chatting', 'zwillinge', 'reactions', 'rp', 'news', 'gaming', 'Diskussion', 'Gruselspiele']",2026-10-07,02-30-19,Wednesday
317953183587,49474235,misterjday,510218,Among Us,765,2026-10-06T15:26:43Z,fr,['Français'],2026-10-07,02-30-19,Wednesday
318848488549,55290849,gn_krobatv,509549,Pummel Party,760,2026-10-06T16:31:56Z,el,['Ελληνικά'],2026-10-07,02-30-19,Wednesday
321856038235,198338869,ggpokerofficial,488190,Poker,759,2026-10-06T18:15:24Z,en,['English'],2026-10-07,02-30-19,Wednesday
318846519397,168514917,rachtaz,500188,Hunt: Showdown 1896,758,2026-10-06T13:54:23Z,en,"['English', 'Chill', 'AMA', 'Gaming', 'FPS']",2026-10-07,02-30-19,Wednesday
318905699686,1356465163,qwizlexz,498566,Slots,757,2026-10-06T19:08:10Z,fr,['Français'],2026-10-07,02-30-19,Wednesday
317009099606,800718186,ruslandvip,32982,Grand Theft Auto V,750,2026-10-06T09:13:26Z,ru,['Русский'],2026-10-07,02-30-19,Wednesday
318848726501,146463525,schmobin,509658,Just Chatting,750,2026-10-06T16:49:59Z,de,"['Deutsch', 'DropsAktiviert']",2026-10-07,02-30-19,Wednesday
316609132531,700262945,idoce_69,516575,VALORANT,749,2026-10-06T10:53:03Z,zh,"['中文', '冥想台', '聊天']",2026-10-07,02-30-19,Wednesday
317604026871,24991333,imaqtpie,513143,Teamfight Tactics,749,2026-10-06T17:01:16Z,en,['English'],2026-10-07,02-30-19,Wednesday
317057364948,44057119,makatao,493057,PUBG: BATTLEGROUNDS,747,2026-10-06T18:07:36Z,ru,"['Русский', 'СпасибоЗаКачествоТвич', 'PvP', 'BattleRoyale', 'королевскаябитва']",2026-10-07,02-30-19,Wednesday
321853852507,23844396,teepee,512710,Call of Duty: Warzone,747,2026-10-06T12:52:04Z,en,"['callofduty', 'optic', 'English', 'fps', 'battleroyale', 'warzone', 'bo7', 'Blackout', 'pro', 'DropsEnabled']",2026-10-07,02-30-19,Wednesday
317954549731,73699894,kendrobtg,754693192,Manivore,746,2026-10-06T17:43:00Z,fr,"['Français', 'horreur', 'goodvibes', 'humour', 'lgbtqia', 'Indés', 'HorreurPsychologique', 'halloween', 'horreurFR', 'DropsActivés']",2026-10-07,02-30-19,Wednesday
320542555102,183390095,sweeettails,509658,Just Chatting,746,2026-10-06T19:13:25Z,en,"['English', 'DropsEnabled']",2026-10-07,02-30-19,Wednesday
321733791962,73169370,kingtreytv,499634,Crypto,739,2026-10-06T14:21:40Z,en,"['English', 'memecoins', 'memecointrading', 'solana']",2026-10-07,02-30-19,Wednesday
317924333794,201852806,limmigreparisien,518203,Sports,736,2026-10-06T18:12:47Z,fr,"['Français', 'DropsActivés']",2026-10-07,02-30-19,Wednesday
317922989154,40110994,reventxz,513143,Teamfight Tactics,735,2026-10-06T16:30:57Z,es,"['Español', 'teamfighttactics', 'VarietyGamer', 'Challenger', 'pro', 'proplayer']",2026-10-07,02-30-19,Wednesday
317942743140,36086436,sundae,18122,World of Warcraft,735,2026-10-06T15:08:17Z,fr,"['Français', 'discussion', 'découverte', 'challenge', '200iq', 'HPI', 'chill']",2026-10-07,02-30-19,Wednesday
317056194900,68266211,whaazz,18122,World of Warcraft,735,2026-10-06T15:44:20Z,en,"['PvP', 'Arena', 'Rogue', 'Warrior', 'Monk', 'Druid', 'English', 'DemonHunter', 'Evoker']",2026-10-07,02-30-19,Wednesday
318300207192,466073963,girl_dm_,496735,Barotrauma,734,2026-10-06T17:00:55Z,en,"['greencat', 'manx', 'English', 'PG13ChatandCommentary', 'NoBackseatingUnlessAsked', 'grosslyincandescent', 'spoilingthegamecostsmoney', 'VtuberEN']",2026-10-07,02-30-19,Wednesday
318299737176,190163874,headshotchick,33214,Fortnite,733,2026-10-06T15:02:08Z,en,"['English', 'giveaway', 'PS5', 'cozy', 'female', 'girl', 'NintendoSwitch', '1440p', 'FamilyFriendly']",2026-10-07,02-30-19,Wednesday
318903504870,233151958,egbertlive,2023301131,CreatorSMP,732,2026-10-06T16:58:15Z,nl,"['Nederlands', 'egbertlive', 'Egbert', 'Egbertkanaal']",2026-10-07,02-30-19,Wednesday
318711363175,142181685,velja_lol,21779,League of Legends,732,2026-10-06T17:48:03Z,en,"['LeagueOfLegends', 'challenger', 'English']",2026-10-07,02-30-19,Wednesday
319480759255,244407024,sydeon,509658,Just Chatting,731,2026-10-06T18:55:44Z,en,"['English', 'DropsEnabled']",2026-10-07,02-30-19,Wednesday
318850842597,1542802893,deffopresenta,17085,Quiz Show,731,2026-10-06T18:57:13Z,en,['English'],2026-10-07,02-30-19,Wednesday
317010037206,485471555,rodnoy,32982,Grand Theft Auto V,730,2026-10-06T12:05:25Z,ru,"['Русский', 'ЦЕНТРАЛ', 'Родной', 'Multiplayer', 'Majestic']",2026-10-07,02-30-19,Wednesday
316068216913,44672974,gamemeneer,2023301131,CreatorSMP,730,2026-10-06T17:54:37Z,nl,"['Nederlands', 'Creatorsmp']",2026-10-07,02-30-19,Wednesday
317943144036,477397946,pve_zone,771448419,AION 2,729,2026-10-06T16:00:27Z,es,"['MMORPG', 'PvE', 'MMO', 'Español', 'English', 'monsterhunter', 'soulframe', 'ChronoOdyssey', 'AION2', 'España']",2026-10-07,02-30-19,Wednesday
317953579491,516424812,noarmwhatley,509658,Just Chatting,729,2026-10-06T16:09:49Z,en,"['British', 'TahmKench', 'Submissive', 'Femboy', 'English', 'frogs', 'Vtuber', 'frog', 'peppapig', 'DropsEnabled']",2026-10-07,02-30-19,Wednesday
317057538132,208769359,bounty_ksyu,509658,Just Chatting,727,2026-10-06T18:31:23Z,ru,"['Русский', 'фитнес', 'fitness', 'Dance', 'dancegirl', 'танцы', 'СОЧИ', 'sochi', 'йога', 'растяжка']",2026-10-07,02-30-19,Wednesday
317057505108,98099061,teosgame,421472783,Normal Golf Game,726,2026-10-06T18:26:43Z,en,"['English', 'LGBTQFriendly', 'swedish']",2026-10-07,02-30-19,Wednesday
319158148853,1078201828,tubaraozn,29452,Virtual Casino,725,2026-10-06T19:12:20Z,pt,"['Português', 'cassino', 'slots', 'bet', 'aposta']",2026-10-07,02-30-19,Wednesday
317944997348,169558955,mehdoche,32982,Grand Theft Auto V,725,2026-10-06T19:00:08Z,fr,['Français'],2026-10-07,02-30-19,Wednesday
317011118038,107035660,stas_satori,509658,Just Chatting,724,2026-10-06T15:01:12Z,ru,"['Русский', 'стасайкакпросто', 'NoPolitics', 'DropsВключены']",2026-10-07,02-30-19,Wednesday
317955479011,124147323,ricadam_lol,21779,League of Legends,721,2026-10-06T18:57:20Z,fr,['Français'],2026-10-07,02-30-19,Wednesday
318849725285,836843004,rouszztrash,29595,Dota 2,721,2026-10-06T17:52:49Z,ru,['Русский'],2026-10-07,02-30-19,Wednesday
318847287909,63179445,kuruhs,474709880,STAR WARS: Galactic Racer,721,2026-10-06T14:57:56Z,en,"['English', 'Speedrun', 'Racing', 'openworld', 'online', 'Multiplayer']",2026-10-07,02-30-19,Wednesday
318708409703,518105587,huebi,493997,Super Mario Odyssey,720,2026-10-06T14:27:15Z,de,"['gaming', 'memes', 'german', 'Deutsch', 'HuebiFamily', 'beziehungsprobleme', 'Darmflora', 'Zusammenhalt', 'GeldScheffeln']",2026-10-07,02-30-19,Wednesday
317953145571,86392571,thatguytoxic,13263,EVE Online,720,2026-10-06T15:22:31Z,en,"['eveonline', 'eve', 'pvp', 'mmorpg', 'toxic', 'English', 'DropsEnabled']",2026-10-07,02-30-19,Wednesday
318709531367,224502550,davidrubino,509658,Just Chatting,719,2026-10-06T16:01:37Z,it,"['justchatting', '4chiacchiere', 'Italiano', 'grenbaud', 'together', 'italia', 'blur', 'DropAbilitati']",2026-10-07,02-30-19,Wednesday
318902838246,810054395,maimaittv,509658,Just Chatting,719,2026-10-06T16:13:28Z,ja,"['日本語', '台灣', 'deadbydaylight', 'dbdcreator', '旅行', 'IRL', '雑談', '中文', 'English', 'Drops有効']",2026-10-07,02-30-19,Wednesday
317010516822,634606699,dorozea,518144,The Outlast Trials,718,2026-10-06T13:27:42Z,en,"['English', 'girlgamers', 'funtowatch', 'Bigfeet', 'NOFRIENDSOMEGALUL', 'Chickenfeet', 'LGBTQFriendly']",2026-10-07,02-30-19,Wednesday
318711512167,30396958,camak,771448419,AION 2,718,2026-10-06T17:55:20Z,fr,"['Français', 'DropsActivés']",2026-10-07,02-30-19,Wednesday
318845858277,127361301,antilipsi,1773253897,Squarelings,718,2026-10-06T12:43:52Z,el,"['greek', 'English', 'Lissandra', 'Deutsch', 'Challenger', 'Tier3', 'Κύπρος', 'Cyprus', 'Greece', 'Ελληνικά']",2026-10-07,02-30-19,Wednesday
318903071206,100502898,kamilsuslive,509658,Just Chatting,717,2026-10-06T16:30:36Z,pl,"['polish', 'rozmowy', 'Polski', 'DropyWłączone']",2026-10-07,02-30-19,Wednesday
321733578842,30573404,pohx,19976,MapleStory,716,2026-10-06T13:35:39Z,en,"['English', 'Teaching', 'ARPG', 'RPG', 'Interactivewithchat', 'PathofExile', 'mmorpg']",2026-10-07,02-30-19,Wednesday
318712809831,886645993,noval1tes,498566,Slots,715,2026-10-06T19:00:13Z,en,['English'],2026-10-07,02-30-19,Wednesday
317955037283,1158511547,annewuensche,509658,Just Chatting,714,2026-10-06T18:22:25Z,de,"['IRL', 'annewünsche', 'faq', 'realtalk', 'Chatting', 'ChattingandChill', 'Unterhaltung', 'unternehmerin', 'onlyfans', 'ONLYGOODVIBES']",2026-10-07,02-30-19,Wednesday
318901134950,36912126,gluhammer,12839,Heroes of Might and Magic III: The Restoration of Erathia,713,2026-10-06T13:44:39Z,pl,['Polski'],2026-10-07,02-30-19,Wednesday
320540284638,108586685,tenzinniznet,509658,Just Chatting,710,2026-10-06T15:22:31Z,en,"['English', 'Indian', 'tibetan', 'nepali', 'American', 'DropsEnabled']",2026-10-07,02-30-19,Wednesday
317939746916,1110808352,cineillojuan,499973,Always On,709,2026-10-06T02:00:03Z,es,"['Español', 'Repetir']",2026-10-07,02-30-19,Wednesday
317057222484,493351937,pokerok_official,3151,Tournament Poker,706,2026-10-06T17:51:30Z,ru,"['Русский', 'poker', 'покер']",2026-10-07,02-30-19,Wednesday
318904833510,72692222,antielitz,130942,Factorio,704,2026-10-06T18:14:44Z,en,"['English', 'speedrunnning']",2026-10-07,02-30-19,Wednesday
317935587812,46526453,triplaxion,32982,Grand Theft Auto V,701,2026-10-05T17:33:14Z,fr,"['Français', '2k', 'multigaming', 'StarCitizen', 'horreur', 'Roleplay', 'DropsActivés']",2026-10-07,02-30-19,Wednesday
319096589046,188210046,saegusinha,19619,Tibia,699,2026-10-06T03:24:02Z,pt,"['Português', 'inglês', 'PKA', 'PokemonAlliance']",2026-10-07,02-30-19,Wednesday
318709648359,54247848,milschbaum,509663,Special Events,699,2026-10-06T16:08:21Z,de,"['Deutsch', 'Corgi', 'DropsAktiviert']",2026-10-07,02-30-19,Wednesday
318707083623,1021848995,maysielive,2023301131,CreatorSMP,698,2026-10-06T11:59:10Z,nl,"['Nederlands', 'Creatorsmp', 'survival', 'Hardcore', 'mcc', 'PlayingwithViewers', 'LGBTQIAPlus', 'creatorsmphardcore', 'Creatorsmp']",2026-10-07,02-30-19,Wednesday
320541534686,1130530884,carstenjahn_teamheimat,509658,Just Chatting,697,2026-10-06T17:28:41Z,de,"['Deutsch', 'Politik', 'DropsAktiviert']",2026-10-07,02-30-19,Wednesday
321689918937,28379957,mrllamasc,1788326126,Diablo II: Resurrected,697,2026-10-06T16:24:03Z,en,"['English', 'Positive', 'FamilyFriendly']",2026-10-07,02-30-19,Wednesday
318850003045,456608875,irbitka,29595,Dota 2,694,2026-10-06T18:06:35Z,ru,"['Русский', 'English', 'CS2', 'pubg', 'DropsВключены', 'dota2']",2026-10-07,02-30-19,Wednesday
317943861604,54603105,jabo,474709880,STAR WARS: Galactic Racer,694,2026-10-06T17:18:56Z,en,"['Fallout', 'ChallengeRuns', '7TV', 'sweaty', 'English', 'Snuffles', 'ReallyGoodAim', 'rats']",2026-10-07,02-30-19,Wednesday
318294196184,39464264,aplatypuss,1267582829,Aniimo,693,2026-10-05T21:50:59Z,en,"['English', 'DropsEnabled']",2026-10-07,02-30-19,Wednesday
321854016475,130404073,boxyfresh,508455,Valheim,692,2026-10-06T13:25:42Z,en,['English'],2026-10-07,02-30-19,Wednesday
321691539673,404051693,fettr6s,460630,Rainbow Six Siege,690,2026-10-06T19:15:22Z,en,"['English', 'Esports', 'DropsEnabled']",2026-10-07,02-30-19,Wednesday
317924138594,405570067,arthurtv,1966055328,Fears to Fathom - Scratch Creek,690,2026-10-06T18:00:02Z,en,"['ama', 'English']",2026-10-07,02-30-19,Wednesday
317950577635,250662770,jotta,509667,Food & Drink,689,2026-10-06T07:13:29Z,pt,['Português'],2026-10-07,02-30-19,Wednesday
319480423511,526832402,wakewilder,32982,Grand Theft Auto V,688,2026-10-06T18:05:49Z,en,"['English', 'NoPixel', 'DropsEnabled']",2026-10-07,02-30-19,Wednesday
318710304487,247401621,elchiringuitotv,518203,Sports,687,2026-10-06T16:50:27Z,es,"['Español', 'DropsActivados']",2026-10-07,02-30-19,Wednesday
317603926647,173950952,dubudota,29595,Dota 2,682,2026-10-06T16:32:26Z,en,['English'],2026-10-07,02-30-19,Wednesday
319479768535,624501601,hisokat42,512710,Call of Duty: Warzone,682,2026-10-06T16:13:09Z,en,['English'],2026-10-07,02-30-19,Wednesday
318711475559,1157841394,king_auga,32399,Counter-Strike,680,2026-10-06T17:53:39Z,el,"['English', 'faceitlvl10', 'greekcs2', 'greek', 'Ελληνικά', 'CS2', 'counterstrike2']",2026-10-07,02-30-19,Wednesday
321853657563,761114816,ion2x,516575,VALORANT,679,2026-10-06T11:58:31Z,en,['English'],2026-10-07,02-30-19,Wednesday
320636973532,138883340,curvyelephant,32982,Grand Theft Auto V,679,2026-10-06T16:18:12Z,en,['English'],2026-10-07,02-30-19,Wednesday
319480560983,161468834,saintontas,209738946,Wuthering Waves,677,2026-10-06T18:26:00Z,en,"['English', 'giveaway', 'DropsEnabled']",2026-10-07,02-30-19,Wednesday
318709525351,106718381,dieserkingphil,66082,Games + Demos,677,2026-10-06T16:01:19Z,de,"['Deutsch', 'streamer', 'Variety', 'Horror', 'Simulator', 'fun', 'horrorgames', 'indiegame', 'DropsAktiviert']",2026-10-07,02-30-19,Wednesday
316552654578,715990491,dttodot,511224,Apex Legends,677,2026-10-06T08:52:18Z,ja,"['日本語', 'VTuber', 'Thai', 'Japanese', 'English']",2026-10-07,02-30-19,Wednesday
319480302423,179306821,partyarlie,2993,Pokémon: Diamond/Pearl,676,2026-10-06T17:47:21Z,en,"['drybones', 'drybones', 'drybones', 'drybones', 'drybonesfanclub', 'drybonesenjoyer', 'drybones', 'sowalsostan', 'baldiesforarlie', 'English']",2026-10-07,02-30-19,Wednesday
317924366562,80877667,strano,509658,Just Chatting,674,2026-10-06T18:14:49Z,fr,"['Français', 'DropsActivés']",2026-10-07,02-30-19,Wednesday
318710953319,472526384,kelre0n,32982,Grand Theft Auto V,674,2026-10-06T17:25:34Z,de,"['Deutsch', 'gta', 'peak', 'RP', 'reaction', 'fivem', 'chaos', 'kel', 'kelre0n']",2026-10-07,02-30-19,Wednesday
317920679906,69759951,vader,32982,Grand Theft Auto V,673,2026-10-06T12:01:57Z,en,['English'],2026-10-07,02-30-19,Wednesday
318710516839,1209791823,dianvegas1,498566,Slots,673,2026-10-06T17:00:53Z,de,['Deutsch'],2026-10-07,02-30-19,Wednesday
317013093206,178091065,dedbaldesh,493959,Red Dead Redemption II,673,2026-10-06T18:50:43Z,ru,['Русский'],2026-10-07,02-30-19,Wednesday
318895661798,56148610,aethelthryth,27471,Minecraft,672,2026-10-05T21:13:34Z,bg,['Български'],2026-10-07,02-30-19,Wednesday
321734927066,41792596,gunnermaniac,13332,Pokémon FireRed/LeafGreen,670,2026-10-06T17:14:58Z,en,"['English', 'anime', 'speedrunning', 'WRAttempts', 'DropsEnabled']",2026-10-07,02-30-19,Wednesday
319479943511,22551603,gebauermarc,509672,IRL,670,2026-10-06T16:48:39Z,de,['Deutsch'],2026-10-07,02-30-19,Wednesday
317935880420,177887421,akuasmr,509658,Just Chatting,668,2026-10-05T18:00:08Z,es,['Español'],2026-10-07,02-30-19,Wednesday
318300207704,58365850,noodlewolfvt,509659,ASMR,666,2026-10-06T17:00:59Z,en,"['Vtuber', 'ASMR', 'Woman', 'girl', 'mommy', 'English', 'feet', 'Autism', 'girlfailure', 'DeadWeight']",2026-10-07,02-30-19,Wednesday
319228591604,128775333,coreano,1317497505,Twisted Party,666,2026-10-06T14:18:37Z,en,"['Português', 'English']",2026-10-07,02-30-19,Wednesday
318847640293,169610170,majski227,516575,VALORANT,666,2026-10-06T15:25:40Z,en,['English'],2026-10-07,02-30-19,Wednesday
317944913124,43043577,heyar,1641293521,Dual Protocol: The Case of Eva & Miles,665,2026-10-06T18:55:16Z,fr,['Français'],2026-10-07,02-30-19,Wednesday
321735650266,153092092,crackly,33214,Fortnite,664,2026-10-06T18:45:19Z,en,"['English', 'Fortnite', 'ZeroBuild', 'crackly']",2026-10-07,02-30-19,Wednesday
318846966629,667597085,myketv,33214,Fortnite,663,2026-10-06T14:30:41Z,it,"['Italiano', 'Fortnite', 'MykeTV', 'CoachMyke', 'FNCS']",2026-10-07,02-30-19,Wednesday
318299462232,16995144,leopard,497057,Destiny 2,663,2026-10-06T13:25:22Z,en,"['English', 'BackgroundNoise', 'BelowAverage', 'DropsEnabled']",2026-10-07,02-30-19,Wednesday
318901617254,47167396,mrscheff,27546,World of Tanks,662,2026-10-06T14:31:24Z,hu,"['Magyar', 'DropokEngedélyezve']",2026-10-07,02-30-19,Wednesday
319157631989,502053628,tumusicahoy,26936,Music,661,2026-10-06T17:58:46Z,es,"['Español', 'música', 'artista', 'artistas', 'diversion', 'entretenimiento', 'risas', 'chisme', 'chismesito']",2026-10-07,02-30-19,Wednesday
318850134373,61974931,leynainu,509659,ASMR,660,2026-10-06T18:14:05Z,en,"['egirl', 'mommy', 'asmr', 'earlicking', 'chatty', 'AMA', 'English']",2026-10-07,02-30-19,Wednesday
321855485915,100408103,zchum,1330093788,Voices of the Void,660,2026-10-06T17:10:43Z,en,['English'],2026-10-07,02-30-19,Wednesday
318904026598,728794922,danycaligula,509658,Just Chatting,660,2026-10-06T17:29:31Z,fr,"['culture', 'philosophie', 'humour', 'psychologie', 'lgbtq', 'react', 'sport', 'Français', 'Actualités', 'jeuxvidéo']",2026-10-07,02-30-19,Wednesday
317057750996,848789465,yamat0us3r,29452,Virtual Casino,660,2026-10-06T19:01:56Z,ru,"['Русский', 'English']",2026-10-07,02-30-19,Wednesday
319479955671,23155607,fitzyhere,515025,Overwatch,659,2026-10-06T16:50:45Z,en,"['Chill', 'Positivity', 'Sombra', 'English', 'Overwatch', 'Loki', 'doorman', 'DropsEnabled']",2026-10-07,02-30-19,Wednesday
319098332918,39152815,clovaobengala,771448419,AION 2,658,2026-10-06T14:09:47Z,pt,"['Português', 'DropsAtivados']",2026-10-07,02-30-19,Wednesday
318846740965,144670369,yvraldis,2106755390,Graveyard Keeper II,657,2026-10-06T14:11:39Z,de,"['Deutsch', 'show', 'IRL']",2026-10-07,02-30-19,Wednesday
318847322085,1547626171,eliittipeluri,498566,Slots,656,2026-10-06T15:00:07Z,en,['English'],2026-10-07,02-30-19,Wednesday
318901301990,812370801,freyja,1663723394,Gears of War: E-Day,654,2026-10-06T14:00:51Z,en,"['English', 'Ciri', 'ADHD', 'Chatty', 'Woman', 'FirstPlaythough', 'Girl', 'Feet', 'NoBackseatingUnlessAsked', 'Switzerland']",2026-10-07,02-30-19,Wednesday
321689464665,81895572,sevel07,138585,Hearthstone,652,2026-10-06T15:14:17Z,en,"['English', 'Battlegrounds', 'Educational', 'BG', 'Autobattler', 'DropsEnabled']",2026-10-07,02-30-19,Wednesday
316541226993,28649581,lemongg,493551,Conan Exiles,651,2026-10-06T08:52:13Z,zh,['中文'],2026-10-07,02-30-19,Wednesday
319098311926,59336873,fnxlntc,32399,Counter-Strike,648,2026-10-06T14:04:01Z,pt,['Português'],2026-10-07,02-30-19,Wednesday
318299609176,49303276,nick28t,123184772,EA Sports FC 27,647,2026-10-06T14:21:20Z,en,"['UltimateTeam', 'Tarkov', 'F1', 'MensHealth', 'iracing', 'simracing', 'IRL', 'escapefromtarkov', 'fc27', 'fc27ultimate']",2026-10-07,02-30-19,Wednesday
321689380185,51700007,lifeofrio,1264310518,Marvel Rivals,644,2026-10-06T15:01:52Z,en,"['English', 'comedy', 'satire', 'HolidayHoopla', 'DropsEnabled']",2026-10-07,02-30-19,Wednesday
318846965733,551696128,dekii,512710,Call of Duty: Warzone,644,2026-10-06T14:30:36Z,de,"['Deutsch', 'warzone', 'DropsAktiviert']",2026-10-07,02-30-19,Wednesday
318709461351,518591914,sunshineliveradio,1669431183,DJs,643,2026-10-06T15:57:59Z,de,"['Deutsch', 'DropsAktiviert']",2026-10-07,02-30-19,Wednesday
316974181077,29128211,browjey,460630,Rainbow Six Siege,643,2026-10-06T07:35:23Z,ru,"['Русский', 'DropsВключены']",2026-10-07,02-30-19,Wednesday
318712810087,960749814,br1xxly,498566,Slots,643,2026-10-06T19:00:13Z,en,['English'],2026-10-07,02-30-19,Wednesday
318850927461,60336811,gioee,509658,Just Chatting,642,2026-10-06T19:01:43Z,it,"['ospiti', 'Italiano', 'gioee', 'storielle', 'justchatting', 'salotto', 'gioeebanda', 'LGBTQ', 'appuntamento', 'INTRATTENIMENTO']",2026-10-07,02-30-19,Wednesday
317011817814,455448111,etoseregga,29595,Dota 2,642,2026-10-06T16:27:13Z,ru,['Русский'],2026-10-07,02-30-19,Wednesday
318847499621,102098555,kasix,25417,The Witcher 2: Assassins of Kings,642,2026-10-06T15:13:23Z,pl,['Polski'],2026-10-07,02-30-19,Wednesday
317954852963,86579979,sefirotks,491487,Dead by Daylight,641,2026-10-06T18:06:42Z,es,"['Español', 'DropsActivados']",2026-10-07,02-30-19,Wednesday
321720836442,55899594,corgicam,1378292380,Police Chief Simulator,641,2026-10-05T13:08:27Z,en,"['English', 'Vtuber', 'Furry', 'LGBTQIAPlusAlly', 'short', 'LOUD', 'Interactive', 'ClosedCaptions', 'subathon', 'Yapper']",2026-10-07,02-30-19,Wednesday
317943489636,83036580,neikoohh_,123184772,EA Sports FC 27,640,2026-10-06T16:40:59Z,fr,['Français'],2026-10-07,02-30-19,Wednesday
317010575574,15407527,widdz,504463,Tom Clancy's The Division 2,639,2026-10-06T13:39:19Z,en,"['English', 'UbisoftPartner', 'swedish', 'gym', 'fitness', 'DropsEnabled']",2026-10-07,02-30-19,Wednesday
317056411092,38461708,xakoh,29595,Dota 2,639,2026-10-06T16:10:32Z,ru,"['Русский', 'xakoh', 'xakon', 'dota', 'dota2', 'chill']",2026-10-07,02-30-19,Wednesday
317954461027,31124525,oraxe,511224,Apex Legends,635,2026-10-06T17:34:18Z,fr,['Français'],2026-10-07,02-30-19,Wednesday
318299401048,471317143,lycommit,1910103699,THE FINALS,635,2026-10-06T13:01:39Z,en,"['English', 'thefinals', 'gaming', 'fps', 'pro', 'catgirl', 'DropsEnabled']",2026-10-07,02-30-19,Wednesday
320637903836,1200831758,caseoh247,509658,Just Chatting,635,2026-10-06T18:00:06Z,en,"['caseoh', 'Caseohgames', 'VOD', 'reruns', 'Rerun', 'English', 'DropsEnabled']",2026-10-07,02-30-19,Wednesday
317056887764,182324263,lampachmen,1144717324,Gothic 1 Remake,633,2026-10-06T17:09:08Z,ru,['Русский'],2026-10-07,02-30-19,Wednesday
318844830053,1503685731,tolkin247,21779,League of Legends,632,2026-10-06T10:20:06Z,de,['Deutsch'],2026-10-07,02-30-19,Wednesday
318709941223,213290938,lagmasterpiece,509658,Just Chatting,631,2026-10-06T16:27:47Z,el,"['Ελληνικά', 'ΤαDropΕνεργοποιήθηκαν']",2026-10-07,02-30-19,Wednesday
317055811668,84600165,wizer02,494184,Mobile Legends: Bang Bang,630,2026-10-06T14:50:43Z,ru,"['Русский', 'mlbb', 'mobilelegends', 'wizer', 'wizer02']",2026-10-07,02-30-19,Wednesday
317954198883,601706343,lu_k,14842174,Chained Together,630,2026-10-06T17:08:42Z,fr,"['Francais', 'Français']",2026-10-07,02-30-19,Wednesday
317954674915,798312463,mathieusommetlive,2094623440,Do No Harm,626,2026-10-06T17:54:13Z,fr,"['chillstream', 'Français', 'twitchfr', 'multigaming', 'gaming', 'discussion']",2026-10-07,02-30-19,Wednesday
321854623195,28640725,lobosjr,508455,Valheim,625,2026-10-06T15:15:21Z,en,"['voiceactor', 'chill', 'rpg', 'English', 'vgm', 'soulslike', 'Retro', 'nostalgía']",2026-10-07,02-30-19,Wednesday
317954763235,530742890,xzaka_,491487,Dead by Daylight,624,2026-10-06T18:00:34Z,en,"['English', 'Español', 'Educational', 'CompDBD', 'DAMONSTA', 'Competitive', '120fps', 'DropsEnabled']",2026-10-07,02-30-19,Wednesday
321691263065,80145304,speedgaming,7595,Super Metroid,624,2026-10-06T18:50:11Z,en,"['Competitive', 'Speedrun', 'Commentary', 'Tournament', 'Racing', 'English']",2026-10-07,02-30-19,Wednesday
318300611032,24716782,jessecox,1338428218,CONTROL Resonant,623,2026-10-06T18:36:16Z,en,"['English', 'StreamDaddy', 'funcle', 'BeExcellentToEachother', 'TooOldForTwitch', 'DropsEnabled']",2026-10-07,02-30-19,Wednesday
321734709850,178870986,nickich,21779,League of Legends,623,2026-10-06T16:43:58Z,en,"['English', 'lit', 'Gaslighting', 'slowstrokesonly', 'WomensRights', 'MIDDIFF']",2026-10-07,02-30-19,Wednesday
320541016158,1027750470,staydownkayy,509658,Just Chatting,623,2026-10-06T16:34:58Z,en,"['English', 'DropsEnabled', 'USA', 'CLOVERBOYZ', 'kaicenat', 'Reggie']",2026-10-07,02-30-19,Wednesday
319097769718,99765615,k13tv,29595,Dota 2,622,2026-10-06T10:52:00Z,pt,"['Português', 'Competitivo', 'English', 'Competitive', 'Ranked', 'music', 'gamer', 'Esports', 'react']",2026-10-07,02-30-19,Wednesday
315570482927,11561802,godjj,456845141,Zenless Zone Zero,621,2026-10-06T10:19:29Z,zh,"['中文', '訂閱免廣告', '登入就送']",2026-10-07,02-30-19,Wednesday
318900940262,63740412,attrix,1743359147,MARVEL SNAP,620,2026-10-06T13:23:07Z,it,"['Italiano', 'DropAbilitati']",2026-10-07,02-30-19,Wednesday
317943488100,106859893,joka,538054672,TEKKEN 8,619,2026-10-06T16:40:44Z,en,"['English', 'Tekken', 'FGC', 'Competitive', 'eSports', 'Pro', 'ContentCreator', 'DropsEnabled']",2026-10-07,02-30-19,Wednesday
319098873334,71934478,neskwga,460630,Rainbow Six Siege,618,2026-10-06T16:31:45Z,pt,"['Português', 'DropsAtivados']",2026-10-07,02-30-19,Wednesday
317057670740,1369365315,mumizcore,32399,Counter-Strike,618,2026-10-06T18:50:10Z,ru,"['RU', 'chill', 'rage', 'Русский', 'casino', 'casinoonline', 'casinolive']",2026-10-07,02-30-19,Wednesday
317924686690,193068215,bigbadhater_fr,18122,World of Warcraft,617,2026-10-06T18:37:01Z,fr,"['Français', 'WorldfofWarcraft', 'wowclassic', 'wowstreamer', 'warcraft']",2026-10-07,02-30-19,Wednesday
318905699558,769494179,amirbrytal,509658,Just Chatting,616,2026-10-06T19:08:10Z,ru,"['Русский', 'сувайамирхо', 'корольклубов', 'ирлгода2027', 'Итальянец', 'Engisih', 'Espàñol']",2026-10-07,02-30-19,Wednesday
317945081444,185046594,callumfromthecorner,32982,Grand Theft Auto V,616,2026-10-06T19:04:29Z,en,"['English', 'alphamale', 'AutisticFriendly']",2026-10-07,02-30-19,Wednesday
320540234078,101787976,anayan,461221,MARVEL Contest of Champions,616,2026-10-06T15:16:59Z,en,"['hehim', 'english', 'drops', 'partneredstreamer', 'ccp', 'English', 'dropsenabled', 'mcoc', 'marvelcontestofchampions', 'dcko']",2026-10-07,02-30-19,Wednesday
318845968101,28572093,kubon_,21779,League of Legends,615,2026-10-06T12:57:11Z,pl,['Polski'],2026-10-07,02-30-19,Wednesday
319228331764,447719673,kipins_,516575,VALORANT,614,2026-10-06T13:13:04Z,pt,"['Português', 'carismático', 'valorant', 'jogo', 'fps']",2026-10-07,02-30-19,Wednesday
319227766772,437241196,camilakruso,19619,Tibia,614,2026-10-06T09:06:29Z,pt,['Português'],2026-10-07,02-30-19,Wednesday
317941458660,793598024,cs2_maincast2,32399,Counter-Strike,614,2026-10-06T11:45:22Z,uk,"['Українська', 'cs', 'CS2', 'Maincast']",2026-10-07,02-30-19,Wednesday
318850954597,439974253,seregalebed2003,509658,Just Chatting,611,2026-10-06T19:03:02Z,uk,"['Русский', 'Українською', 'CS2', 'кс2', 'Rust', 'inkmate', 'ZOTIX', 'общение', 'Українська', 'DropsУвімкнено']",2026-10-07,02-30-19,Wednesday
318904265702,106318725,demonzz1,93798731,F1 25,610,2026-10-06T17:44:13Z,pl,['Polski'],2026-10-07,02-30-19,Wednesday
318845191269,157820196,selfmadetv,73586,Outlast,610,2026-10-06T11:14:42Z,de,"['Deutsch', 'DropsAktiviert']",2026-10-07,02-30-19,Wednesday
317604159607,192188954,milky,509549,Pummel Party,610,2026-10-06T17:35:39Z,en,"['English', 'Vtuber', 'Cozy', 'Comfy', 'cow', 'wife', 'WitchyVibes', 'DropsEnabled']",2026-10-07,02-30-19,Wednesday
318846336997,171923552,shini_waifu,771448419,AION 2,609,2026-10-06T13:36:17Z,pl,"['Polski', 'dziewczyna', 'DropyWłączone']",2026-10-07,02-30-19,Wednesday
318848620261,1055397270,jack_fromsoft,512953,ELDEN RING,609,2026-10-06T16:42:24Z,de,"['Deutsch', 'eldenring', 'Soulsborne', 'soulslike', 'darksouls', 'DropsAktiviert']",2026-10-07,02-30-19,Wednesday
318710575335,1469765944,spinplus123,498566,Slots,609,2026-10-06T17:03:30Z,en,"['casino', 'Gokken', 'English', 'spinplus', 'spinplus123']",2026-10-07,02-30-19,Wednesday
317921455074,550486386,tv1pb,509658,Just Chatting,608,2026-10-06T13:59:17Z,fr,"['french', 'Français', 'GamerRage', 'dreamcore', 'multigaming', 'Enigmes', 'BackseatGamingAllowed', 'BackseatingaIIowed', 'DrivingRacingGame', 'DropsActivés']",2026-10-07,02-30-19,Wednesday
318897005286,599459353,knebel_de,71375,Star Citizen,607,2026-10-06T01:21:58Z,de,['Deutsch'],2026-10-07,02-30-19,Wednesday
317944542436,1319769113,giivalond,309493,Happy Wheels,606,2026-10-06T18:24:58Z,es,"['Español', 'videojuegos', 'tiktok', 'Fortnite']",2026-10-07,02-30-19,Wednesday
321690899673,35780889,simply,2692,Super Mario 64,606,2026-10-06T18:15:18Z,en,['English'],2026-10-07,02-30-19,Wednesday
315591095920,862365494,umidan1207,676802825,Big Walk,605,2026-10-06T06:13:44Z,zh,"['Vtuber', '中文', 'Pia嘴', '捏口蛋', '我愛英雄聯盟', '智能障礙']",2026-10-07,02-30-19,Wednesday
316554478066,216351084,dasoku_aniki,509658,Just Chatting,604,2026-10-06T16:10:44Z,ja,"['日本語', '雑談', '40代', '50代', 'イケオジ', 'Drops有効']",2026-10-07,02-30-19,Wednesday
318291747288,209270984,fanta,602040818,NBA 2K27,604,2026-10-05T12:01:53Z,en,['English'],2026-10-07,02-30-19,Wednesday
319155601141,484136594,massroon,19619,Tibia,603,2026-10-06T09:33:45Z,pt,"['Português', 'MMORPG', 'Gostoso', 'Orebound', 'pxg']",2026-10-07,02-30-19,Wednesday
317944617316,451958260,idater,509658,Just Chatting,603,2026-10-06T18:31:02Z,fr,"['Français', 'flashback', 'DBZ', 'RP', 'drole', 'DropsActivés']",2026-10-07,02-30-19,Wednesday
318845082597,95932575,sgtgrafoyni,488500,Battlefield 1,603,2026-10-06T11:00:09Z,ru,"['Большой', 'Русский', 'Кот']",2026-10-07,02-30-19,Wednesday
317923467746,154132449,melhssn_,417892,Z1: Battle Royale,601,2026-10-06T17:08:29Z,fr,['Français'],2026-10-07,02-30-19,Wednesday
317012925782,571247775,float735,1131336879,Black Russia,600,2026-10-06T18:30:24Z,ru,"['English', 'Русский']",2026-10-07,02-30-19,Wednesday
320681788000,106058400,jimdavismtg,2748,Magic: The Gathering,599,2026-10-06T14:16:32Z,en,['English'],2026-10-07,02-30-19,Wednesday
316610939123,25202416,shuteye_orange,509658,Just Chatting,598,2026-10-06T18:45:36Z,zh,"['中文', '恐怖遊戲', 'Horror', '恐怖', '燕雲十六聲', 'wherewindsmeet', '启用掉宝']",2026-10-07,02-30-19,Wednesday
319480403159,116263317,cupahnoodle,509658,Just Chatting,598,2026-10-06T18:02:55Z,en,"['Variety', 'Chill', 'English', 'cupahnoodle', 'DropsEnabled']",2026-10-07,02-30-19,Wednesday
318695271015,1549401262,kaysonland,498566,Slots,597,2026-10-05T11:22:56Z,de,['Deutsch'],2026-10-07,02-30-19,Wednesday
319097898102,75891532,michel,32399,Counter-Strike,597,2026-10-06T11:45:52Z,pt,"['Português', 'FURIA', 'g3x', 'paiN', 'MIBR', 'legacy', 'Imperial', 'counterstrike', 'counterstrike2', 'Tribo']",2026-10-07,02-30-19,Wednesday
318846473829,43780497,blackfireice,513143,Teamfight Tactics,596,2026-10-06T13:49:34Z,pl,"['polski', 'Polski', 'Ranked', 'grind', 'Ladder', 'TFT']",2026-10-07,02-30-19,Wednesday
320541748958,132642622,cosmonaut_variety_hour,474709880,STAR WARS: Galactic Racer,595,2026-10-06T17:50:24Z,en,['English'],2026-10-07,02-30-19,Wednesday
316115316435,20502899,metro,2132205352,Deadlock,595,2026-10-06T15:26:38Z,en,"['English', 'Deutsch', 'deadlock', 'Eternus']",2026-10-07,02-30-19,Wednesday
317056658388,104215406,kuzyataiga,20050,Perfect World,594,2026-10-06T16:41:47Z,ru,"['Шизофрения', 'perfectworld', 'Русский', 'попаданец', 'Аниме']",2026-10-07,02-30-19,Wednesday
317011565398,142243867,dano,417892,Z1: Battle Royale,592,2026-10-06T15:56:34Z,en,"['English', 'H1Z1']",2026-10-07,02-30-19,Wednesday
321855757787,478290210,sheiden,21779,League of Legends,591,2026-10-06T17:44:11Z,en,"['English', 'LCS', 'Challenger', 'Tagalog', 'pro', 'LEC', 'jungle', 'Rank1', 'Philippines', 'NA']",2026-10-07,02-30-19,Wednesday
318905568358,504240742,giuseppemdr,509658,Just Chatting,591,2026-10-06T19:00:32Z,fr,"['Français', 'DropsActivés']",2026-10-07,02-30-19,Wednesday
318710489063,47924530,ailenax,1669431183,DJs,590,2026-10-06T17:00:00Z,de,"['party', 'djane', 'dj', '80s', '90s', 'techno', 'entertainment', 'Deutsch']",2026-10-07,02-30-19,Wednesday
317056172628,124432017,detoo,509672,IRL,590,2026-10-06T15:41:14Z,no,"['Norsk', 'IRL']",2026-10-07,02-30-19,Wednesday
318709990247,467161807,ricborr,33214,Fortnite,589,2026-10-06T16:30:38Z,it,"['Italiano', 'English']",2026-10-07,02-30-19,Wednesday
319157322613,32115632,tixinhadois,771448419,AION 2,589,2026-10-06T17:13:01Z,pt,"['Português', 'valorant', 'English', 'PortuguêsBR', 'DropsAtivados']",2026-10-07,02-30-19,Wednesday
319099992182,71167031,fer,32399,Counter-Strike,588,2026-10-06T19:18:57Z,pt,['Português'],2026-10-07,02-30-19,Wednesday
318712424423,84713888,havachi,417892,Z1: Battle Royale,584,2026-10-06T18:38:10Z,fr,"['fr', 'top100', 'eng', 'Français']",2026-10-07,02-30-19,Wednesday
318847698789,123293742,dankol83,509658,Just Chatting,584,2026-10-06T15:30:22Z,it,"['Italiano', 'ridere', 'giochi', 'VETRINA', 'English', 'inter', 'calcio', 'cucina', 'cinema', 'DropAbilitati']",2026-10-07,02-30-19,Wednesday
318905166950,112034182,kodomo,1960720223,SILENT HILL: townfall,584,2026-10-06T18:34:32Z,it,"['Italiano', 'horrorgames', 'Horror', 'streamoween', 'Variety', 'Simulator']",2026-10-07,02-30-19,Wednesday
316088132946,8535909,ukog,2060730947,Le Mans Ultimate,584,2026-10-06T11:59:58Z,en,"['Simracing', 'English', '1440p']",2026-10-07,02-30-19,Wednesday
317955536739,212167812,giankoextreme,509658,Just Chatting,583,2026-10-06T19:00:43Z,it,"['Italiano', 'paleolitico', 'educativo', 'minecraft', 'SaluteMentale', 'bimboago', 'animali', 'Mhanz', 'marvelsnap', 'zugu']",2026-10-07,02-30-19,Wednesday
321856262491,244693730,sardaco,459931,Old School RuneScape,583,2026-10-06T18:40:47Z,en,"['English', 'ironman']",2026-10-07,02-30-19,Wednesday
320542170462,53648099,warn,515025,Overwatch,583,2026-10-06T18:31:13Z,en,"['overwatch', 'Ranked', 'Competitive', 'ADHD', 'Ashe', 'drops', 'English', 'overwatch2', 'DropsEnabled']",2026-10-07,02-30-19,Wednesday
317057360212,465532551,lenyapudge,509658,Just Chatting,582,2026-10-06T18:06:52Z,ru,"['Русский', 'DropsВключены']",2026-10-07,02-30-19,Wednesday
319480116055,36976465,divios,386821,Black Desert,582,2026-10-06T17:16:45Z,en,"['English', 'Vtuber', 'Furry', 'DropsEnabled']",2026-10-07,02-30-19,Wednesday
320682628448,456577681,xthefarmerx,512953,ELDEN RING,582,2026-10-06T15:40:30Z,en,"['English', 'Bat', 'degeneracy', 'PoE', 'DropsEnabled']",2026-10-07,02-30-19,Wednesday
318299923416,62186098,flip_switch,31339,Project Zomboid,581,2026-10-06T15:50:58Z,en,"['Solo', 'Zombies', 'english', 'hardcore', 'Gaming', 'English']",2026-10-07,02-30-19,Wednesday
318708649959,189855424,agrarplay,262437666,Farming Simulator 25,580,2026-10-06T14:50:16Z,de,"['das', 'ist', 'ein', 'toller', 'stream', 'deutsch', 'pov', 'simulation', 'ls25', 'ETS2']",2026-10-07,02-30-19,Wednesday
318848001509,49551995,fanmadetim,19745,Pokémon Platinum Version,580,2026-10-06T15:55:48Z,de,['Deutsch'],2026-10-07,02-30-19,Wednesday
317056784596,1291939588,cybersportikkk,32399,Counter-Strike,580,2026-10-06T16:58:11Z,ru,"['English', 'cs2faceit', 'cs', 'CS2', 'Русский', 'Повтор']",2026-10-07,02-30-19,Wednesday
317943419492,577594813,miriam_petricor,474709880,STAR WARS: Galactic Racer,579,2026-10-06T16:32:50Z,es,"['Español', 'RPG', 'Singleplayer', 'fantasy', 'FantasyRPG', 'storymode']",2026-10-07,02-30-19,Wednesday
315557637230,26088246,kamiyu666,66082,Games + Demos,579,2026-10-06T12:27:09Z,zh,['中文'],2026-10-07,02-30-19,Wednesday
321855671387,416329841,theobaldthebird,27471,Minecraft,578,2026-10-06T17:33:41Z,en,"['pvp', 'English', 'lgbt', 'minecraft', 'minecraftpvp', 'pvplegacy', 'Hoplite', 'MCCI', 'Theobald', 'mcpvp']",2026-10-07,02-30-19,Wednesday
317924311266,183215477,redemption,1931693784,Pokémon Champions,578,2026-10-06T18:11:11Z,fr,"['Français', 'PokémonChampions', 'PokemonVGC', 'DropsActivés']",2026-10-07,02-30-19,Wednesday
319098068854,41783889,axtlol,509658,Just Chatting,578,2026-10-06T12:45:20Z,pt,"['Português', 'CBLOL', 'lol', 'leagueoflegeneds', 'LTA', 'DropsAtivados']",2026-10-07,02-30-19,Wednesday
316543018097,1239620176,yamadamei_,509659,ASMR,578,2026-10-06T16:04:13Z,ja,"['Japanese', '耳舐め', 'VTuber', '作業BGM', '初見さん大歓迎', 'asmr', '日本語', 'EarCleaning', '黒dio', '睡眠導入']",2026-10-07,02-30-19,Wednesday
317010218198,37133754,prefoxfox,18122,World of Warcraft,578,2026-10-06T12:36:23Z,en,"['English', 'DropsEnabled', 'Speedrunning']",2026-10-07,02-30-19,Wednesday
319229851892,446411250,kikituliano,498566,Slots,577,2026-10-06T18:45:07Z,es,['Español'],2026-10-07,02-30-19,Wednesday
318898933734,454610612,hakon,509658,Just Chatting,577,2026-10-06T08:41:13Z,de,"['Reaction', 'Deutsch', 'youtube', 'entertainment', 'IRL', 'tattoo', 'justchatting', 'DropsAktiviert']",2026-10-07,02-30-19,Wednesday
321736010586,99723741,wayneradiotv,19976,MapleStory,575,2026-10-06T19:21:26Z,en,['English'],2026-10-07,02-30-19,Wednesday
316068491857,36974451,barny,18122,World of Warcraft,575,2026-10-06T19:07:34Z,en,"['English', 'frog', 'NoGenerativeAI']",2026-10-07,02-30-19,Wednesday
318696884455,48481281,blindermine,503932,Last Epoch,572,2026-10-05T14:27:08Z,ru,"['Русский', 'ХК', 'хкссф', 'владос', 'горностай']",2026-10-07,02-30-19,Wednesday
318708984551,90212346,questron,515025,Overwatch,571,2026-10-06T15:18:39Z,en,"['cowabunga', 'FirstPlaythough', 'English', 'DropsEnabled']",2026-10-07,02-30-19,Wednesday
318711088487,540843428,lemedtv,509658,Just Chatting,571,2026-10-06T17:32:56Z,fr,"['Français', 'DropsActivés']",2026-10-07,02-30-19,Wednesday
321855505115,571932812,junglebook1_,513143,Teamfight Tactics,571,2026-10-06T17:13:03Z,en,['English'],2026-10-07,02-30-19,Wednesday
318838686821,1520431050,staiy24,32982,Grand Theft Auto V,570,2026-10-05T18:36:12Z,de,['Deutsch'],2026-10-07,02-30-19,Wednesday
318849242725,187291155,ylus,491931,Escape from Tarkov,570,2026-10-06T17:21:37Z,ru,['Русский'],2026-10-07,02-30-19,Wednesday
321855203547,13831039,jeffgerstmann,417752,Talk Shows & Podcasts,570,2026-10-06T16:36:26Z,en,"['Podcast', 'Jeff', 'Horse', 'EnergyDrinks', 'English', 'Science', 'videogames', 'AIOptedOut', 'Science', 'DropsEnabled']",2026-10-07,02-30-19,Wednesday
321689933913,45006242,jessekottonygo,1119642287,Yu-Gi-Oh! Master Duel,570,2026-10-06T16:26:39Z,en,['English'],2026-10-07,02-30-19,Wednesday
318709370983,183714759,doctorio,18122,World of Warcraft,569,2026-10-06T15:52:03Z,de,"['PvE', 'Tutorial', 'Guides', 'Endgame', 'Beginner', 'Education', 'German', 'English', 'Youtube', 'Deutsch']",2026-10-07,02-30-19,Wednesday
318712692071,714287681,mimoontv,509658,Just Chatting,569,2026-10-06T18:53:20Z,en,"['English', '한국어', 'girl', '粵語', 'woman', '日本語', '中文', 'asian', 'dropsenabled', 'DropsEnabled']",2026-10-07,02-30-19,Wednesday
321688638681,462587493,goober,2132205352,Deadlock,568,2026-10-06T12:33:10Z,en,"['English', 'Competitive', 'pro', 'goofygoober', 'deadlock']",2026-10-07,02-30-19,Wednesday
318299653208,44173074,shenryyr,1979693660,Transport Fever 3,565,2026-10-06T14:37:10Z,en,"['furry', 'oregon', 'serval', 'meow', 'derp', 'lgbtqiaplus', 'English', 'NoBackseatingUnlessAsked', 'NoSpoilers', 'FirstPlaythrough']",2026-10-07,02-30-19,Wednesday
318300204760,71031406,kindafunnygames,509658,Just Chatting,563,2026-10-06T17:00:36Z,en,"['English', 'DropsEnabled']",2026-10-07,02-30-19,Wednesday
320539353950,75975979,amazonian,2748,Magic: The Gathering,563,2026-10-06T12:59:58Z,en,"['LGBTQIAPlus', 'English', 'Casual', 'TCG', 'TradingCardGames', 'Chill', 'Transformers', 'PositiveVibes', 'cat', 'Boston']",2026-10-07,02-30-19,Wednesday
318905027174,178600210,elmurorosa,1081998272,PEAK,562,2026-10-06T18:26:16Z,ro,"['Română', 'DropsSuntActivate']",2026-10-07,02-30-19,Wednesday
318707734759,98827681,tankelit,27546,World of Tanks,562,2026-10-06T13:17:54Z,hu,"['Magyar', 'DropokEngedélyezve']",2026-10-07,02-30-19,Wednesday
321734726746,138447079,captainlance9,29307,Path of Exile,562,2026-10-06T16:46:47Z,en,['English'],2026-10-07,02-30-19,Wednesday
318905864806,1094804255,ziegenmenners,32982,Grand Theft Auto V,560,2026-10-06T19:19:37Z,de,"['gaming', 'gamingandvibing', 'Shooter', 'Variety', 'rainbow6', 'rainbowixsiege', 'gta', 'GTAⅤ', 'ＧTA5', 'LGBTQFriendly']",2026-10-07,02-30-19,Wednesday
318711657191,24657677,back2warcraft,12924,Warcraft III,559,2026-10-06T18:01:13Z,de,"['Esports', 'strategy', 'rts', 'English', 'Deutsch']",2026-10-07,02-30-19,Wednesday
318848900837,45320647,writing_bull,1913410799,Total War: WARHAMMER III,559,2026-10-06T17:00:25Z,de,"['Entspannt', 'SafeSpace', 'Strategietitel', 'Deutsch']",2026-10-07,02-30-19,Wednesday
321855926235,581721883,lolworldchampionship,21779,League of Legends,559,2026-10-06T18:03:13Z,en,"['rebroadcast', 'LeagueofLegends', 'MSI', 'LoLWorlds', 'English', 'Charity']",2026-10-07,02-30-19,Wednesday
317943097700,506611431,mira004,27471,Minecraft,558,2026-10-06T15:54:53Z,en,"['Woman', 'chatting', 'girls', 'english', 'princess', 'AMA', 'magyar', 'English']",2026-10-07,02-30-19,Wednesday
317953938147,56097532,amslowtw,123184772,EA Sports FC 27,557,2026-10-06T16:45:07Z,fr,"['amslow', 'gaming', 'Football', 'Français']",2026-10-07,02-30-19,Wednesday
317009329750,93820421,geppe,32982,Grand Theft Auto V,557,2026-10-06T09:54:43Z,sv,['Svenska'],2026-10-07,02-30-19,Wednesday
318899767782,576491842,ibeast_eve,13263,EVE Online,557,2026-10-06T10:55:31Z,ru,"['eve', 'eveonline', 'Русский', 'MMORPG', 'MMORPGOpenWorld', 'PvP', 'DropsВключены']",2026-10-07,02-30-19,Wednesday
317944420452,39194732,narkuss_lol,21779,League of Legends,555,2026-10-06T18:12:57Z,fr,['Français'],2026-10-07,02-30-19,Wednesday
321688674649,69907855,bearki,743893402,WARDOGS,554,2026-10-06T12:42:57Z,en,['English'],2026-10-07,02-30-19,Wednesday
317056346452,553058295,kick_freak,12839,Heroes of Might and Magic III: The Restoration of Erathia,553,2026-10-06T16:01:54Z,ru,"['Русский', 'Реп']",2026-10-07,02-30-19,Wednesday
318903907302,70110726,laraloft,18122,World of Warcraft,553,2026-10-06T17:21:44Z,de,"['Musiker', 'irl', 'Deutsch', 'Cozy', 'cozygaming', 'wow', 'WorldofWarcaft']",2026-10-07,02-30-19,Wednesday
318712117095,938750007,viv1stop,32399,Counter-Strike,551,2026-10-06T18:23:22Z,ru,"['cs2faceit', 'Русский', 'navi', 'Spirit', 'faceit10lvl', 'LGBT', 'donk', 's1mple', 'pubg', 'ＰＵＢＧ']",2026-10-07,02-30-19,Wednesday
317604144119,446806355,ketchup,512710,Call of Duty: Warzone,551,2026-10-06T17:31:41Z,es,"['English', 'Español']",2026-10-07,02-30-19,Wednesday
321734695130,4123340,angryjoeshow,1663723394,Gears of War: E-Day,551,2026-10-06T16:41:26Z,en,"['BestAlertsOnTwitch', 'Reviews', 'YouTuber', 'Funny', '3CoolGuysLookingForOther', 'CoolGuysWhoWannaHangOut', 'InOurPartyMansion', 'English']",2026-10-07,02-30-19,Wednesday
321856124507,91991032,entenburg,771448419,AION 2,551,2026-10-06T18:25:39Z,de,"['mmo', 'mmorpg', 'Deutsch', 'DropsAktiviert']",2026-10-07,02-30-19,Wednesday
316976659285,136345503,auteru,509658,Just Chatting,549,2026-10-06T16:11:25Z,en,"['English', 'GIGACHAD', 'Vtuber', 'Tomboy', 'Bird', 'subathon', 'girl', 'Female', 'ENVtuber', 'Anime']",2026-10-07,02-30-19,Wednesday
317949746019,115737878,wati,1763263,nanos world,549,2026-10-06T00:43:03Z,fr,"['Français', 'Machine', 'aimbot', 'HEADSHOT', 'valorant']",2026-10-07,02-30-19,Wednesday
318712357607,601062761,descarlito,32982,Grand Theft Auto V,548,2026-10-06T18:34:52Z,de,"['Deutsch', 'Malta', 'Slots', 'Giveaway', 'Triple7']",2026-10-07,02-30-19,Wednesday
321735035994,53831996,grandpoobear,11557,The Legend of Zelda: Ocarina of Time,548,2026-10-06T17:29:47Z,en,"['English', 'hotmen', '1', 'Crack', 'zaddy', 'zaddylicious', 'HelpCenter', 'SexyMan']",2026-10-07,02-30-19,Wednesday
318712265319,206766179,arxsy69,498566,Slots,547,2026-10-06T18:30:30Z,en,['English'],2026-10-07,02-30-19,Wednesday
321735182682,126910924,papamutt,474709880,STAR WARS: Galactic Racer,547,2026-10-06T17:50:13Z,en,"['English', 'Furry', 'Vtuber', 'Veteran', 'ADHD', 'cringe', 'LOUD', 'LGBTQ', 'tylenolenjoyer']",2026-10-07,02-30-19,Wednesday
319474885463,217629686,dgthe99,509658,Just Chatting,545,2026-10-06T03:02:15Z,en,"['English', 'dgthe99', 'duketucker', 'GTARP', 'Rerun', 'DropsEnabled']",2026-10-07,02-30-19,Wednesday
317942457700,43190052,cacho01,123184772,EA Sports FC 27,544,2026-10-06T14:28:40Z,es,['Español'],2026-10-07,02-30-19,Wednesday
321854424667,269835621,reet,33214,Fortnite,544,2026-10-06T14:42:47Z,en,['English'],2026-10-07,02-30-19,Wednesday
321689917017,134249978,simonizeshow,18122,World of Warcraft,543,2026-10-06T16:23:45Z,en,['English'],2026-10-07,02-30-19,Wednesday
317011524182,63614185,snailkick,32399,Counter-Strike,543,2026-10-06T15:51:34Z,ru,"['реакция', 'юмор', 'бв16', 'вайб', 'атмосфера', 'snailkick', 'CS2', 'horrorgames', 'Русский']",2026-10-07,02-30-19,Wednesday
317953668707,126360993,proteam,20596,Dofus,543,2026-10-06T16:20:02Z,fr,['Français'],2026-10-07,02-30-19,Wednesday
318850943205,36998510,rob2628,515024,Diablo IV,542,2026-10-06T19:02:27Z,en,"['English', 'Deutsch', 'ARPG', 'DropsEnable']",2026-10-07,02-30-19,Wednesday
317945016036,727053877,arkanightlive,509658,Just Chatting,541,2026-10-06T19:00:53Z,it,"['Italiano', 'DropAbilitati']",2026-10-07,02-30-19,Wednesday
317952983907,173913378,dart0is,509658,Just Chatting,540,2026-10-06T15:04:08Z,fr,"['Français', 'English', 'Quebec', 'Leftist', 'NoPolitics', 'DropsActivés']",2026-10-07,02-30-19,Wednesday
317955152099,32951395,moraishd,516575,VALORANT,539,2026-10-06T18:31:31Z,pt,"['Português', 'Vtuber', 'comédia', 'Portugal', 'morais']",2026-10-07,02-30-19,Wednesday
317951923811,85834498,soursweet,293693714,Resident Evil 2,539,2026-10-06T12:12:56Z,en,"['English', 'Survival', 'HeyEveryoneSourHere', 'RP', 'Chilled']",2026-10-07,02-30-19,Wednesday
317925100898,1255298596,maravespidae,509659,ASMR,539,2026-10-06T19:02:32Z,en,"['ENVtuber', 'British', 'English', 'chill', 'Vtuber', 'mommy']",2026-10-07,02-30-19,Wednesday
319480111447,42296879,datto,2132205352,Deadlock,538,2026-10-06T17:15:43Z,en,"['English', 'aioptedout', 'deadlock', 'Variety']",2026-10-07,02-30-19,Wednesday
317920996066,185866554,s3kox,263490,Rust,538,2026-10-06T12:54:28Z,es,"['Español', 'Rust', 'PvP', 'España', 'vanilla', 'estrategia', 'Raid', 'vanila', 'drops']",2026-10-07,02-30-19,Wednesday
317944245220,827283493,anddriuu,509658,Just Chatting,538,2026-10-06T17:58:38Z,es,"['Español', 'Gacha', 'DropsActivados']",2026-10-07,02-30-19,Wednesday
317925345762,1471026318,r7_fnr,509658,Just Chatting,537,2026-10-06T19:18:16Z,fr,['Français'],2026-10-07,02-30-19,Wednesday
318846588389,179597489,valle,32982,Grand Theft Auto V,537,2026-10-06T13:59:57Z,de,"['GrandTheftAuto5', 'RollenSpiel', 'Deutsch', 'Roleplay', 'german']",2026-10-07,02-30-19,Wednesday
318901459558,144107533,bassistentje,2023301131,CreatorSMP,537,2026-10-06T14:15:42Z,nl,['Nederlands'],2026-10-07,02-30-19,Wednesday
318707644775,568555351,kirtscho,509658,Just Chatting,536,2026-10-06T13:06:32Z,de,"['Deutsch', 'DropsAktiviert']",2026-10-07,02-30-19,Wednesday
318708695783,765394889,banshameow,509658,Just Chatting,535,2026-10-06T14:54:42Z,ru,"['Русский', 'девушка', 'Дислексия', 'кошкожена', 'Беларусь', 'DropsВключены']",2026-10-07,02-30-19,Wednesday
319478106711,58529158,katie,743893402,WARDOGS,535,2026-10-06T08:28:59Z,en,"['Vtuber', 'chill', 'gaming', 'Fortnite', 'ADHD', 'Anime', 'funny', 'pngtuber', 'English', 'yuri']",2026-10-07,02-30-19,Wednesday
317924142562,73664192,kenco,669337588,Microsoft Flight Simulator 2024,533,2026-10-06T18:00:10Z,en,"['English', 'FlightSimulator', 'VATSIM', '5foot4', 'msfs2024']",2026-10-07,02-30-19,Wednesday
321854698075,32658521,jellybeans,18122,World of Warcraft,533,2026-10-06T15:27:00Z,en,"['Yes', 'English']",2026-10-07,02-30-19,Wednesday
320672331744,59401913,kairicaitlyn,771448419,AION 2,533,2026-10-05T23:00:50Z,en,"['LGBTQIAPlus', 'Anime', 'English', 'VTuber', 'manga', 'gaming', 'Comics', 'shooters', 'commentary', 'DropsEnabled']",2026-10-07,02-30-19,Wednesday
319157021557,157756109,nikomfps,32399,Counter-Strike,532,2026-10-06T16:14:12Z,es,['Español'],2026-10-07,02-30-19,Wednesday
318712195943,43030068,kurolily,771448419,AION 2,532,2026-10-06T18:27:13Z,it,"['Italiano', 'DropAbilitati']",2026-10-07,02-30-19,Wednesday
317924648546,44759993,ranzratte,32982,Grand Theft Auto V,531,2026-10-06T18:34:11Z,de,"['Deutsch', 'multiplayer', 'extraction', 'battleroyale', 'roleplay', 'Musikproduktion']",2026-10-07,02-30-19,Wednesday
317923418082,215191707,azuurr__,18846,Garry's Mod,530,2026-10-06T17:04:41Z,fr,"['Azuurr', 'NRP', 'Naruto', 'Gmod', 'RP', 'wow', 'lol', 'Français']",2026-10-07,02-30-19,Wednesday
316150241385,25575995,mathil1,503932,Last Epoch,530,2026-10-06T19:04:47Z,en,['English'],2026-10-07,02-30-19,Wednesday
321689469785,208808396,durpee82,515025,Overwatch,529,2026-10-06T15:15:17Z,en,"['English', 'DropsEnabled']",2026-10-07,02-30-19,Wednesday
320635189084,75806138,iruminati,771448419,AION 2,529,2026-10-06T12:18:39Z,fr,"['Aion', 'Aion2', 'Assassin', 'Spiritmaster', 'Français', 'Francais', 'FR', 'MMO']",2026-10-07,02-30-19,Wednesday
316114938195,156145307,meatymarley,460630,Rainbow Six Siege,528,2026-10-06T12:49:03Z,en,"['English', 'DropsEnabled']",2026-10-07,02-30-19,Wednesday
317056317396,926384072,meowh0cki,509658,Just Chatting,528,2026-10-06T15:59:29Z,ru,"['Русский', 'Аниме', 'Яйца', '42iqстример', '42iqмодеры', 'адекватность', 'DropsВключены']",2026-10-07,02-30-19,Wednesday
321690465625,433746728,lefrenchie,509672,IRL,526,2026-10-06T17:30:35Z,fr,['Français'],2026-10-07,02-30-19,Wednesday
318849532389,86102877,puddingb00m,2023301131,CreatorSMP,526,2026-10-06T17:40:02Z,nl,"['Nederlands', 'Dutch', 'belgie', 'Community', 'PlayingwithViewers', 'Vtuber', 'CSMP4', 'CSMP', 'DropsIngeschakeld']",2026-10-07,02-30-19,Wednesday
321691292761,42289530,alexandercoccia,1743359147,MARVEL SNAP,526,2026-10-06T18:52:55Z,en,"['English', 'Educational', 'BeginnerFriendly', 'drops', 'marvelsnap', 'HelixPartner', 'ad', 'DropsEnabled']",2026-10-07,02-30-19,Wednesday
317056996564,207492440,anjouu,27471,Minecraft,526,2026-10-06T17:22:59Z,en,"['English', 'FORSEN', 'MCSR', 'MCSRRANKED', 'SPEEDRUN', 'SPEEDRUNNING', 'HOROBRINE666', 'TOP500', 'TRACERGOAT', 'XQC']",2026-10-07,02-30-19,Wednesday
318848879077,244703495,einholzkopf,509658,Just Chatting,526,2026-10-06T16:59:24Z,de,"['einholzkopf', 'VTuber', 'Holzarbeiten', 'Holzi', 'Animation', 'Deutsch', 'DropsAktiviert']",2026-10-07,02-30-19,Wednesday
320636031836,418066881,telfer1,19976,MapleStory,525,2026-10-06T14:26:44Z,en,"['English', 'mcdonalds', 'Chinese', 'China', 'xijinping', 'Cantonese']",2026-10-07,02-30-19,Wednesday
320682443744,137786375,luxthos,18122,World of Warcraft,525,2026-10-06T15:22:10Z,en,"['English', 'AMA', 'Québec', 'MMORPG', 'ARPG', 'LurkerFriendly', 'Interactive', 'giveaway', 'DropsEnabled']",2026-10-07,02-30-19,Wednesday
318703450599,1447297241,gtastyslots,498566,Slots,523,2026-10-05T23:10:09Z,de,['Deutsch'],2026-10-07,02-30-19,Wednesday
320636857052,121135020,moxsy,771448419,AION 2,522,2026-10-06T16:05:45Z,en,"['English', 'DropsEnabled']",2026-10-07,02-30-19,Wednesday
316975550549,180080030,kiratank_tv,18122,World of Warcraft,522,2026-10-06T13:15:30Z,en,"['WoW', 'WorldofWarcraft', 'English', 'highkeys', 'tanks', 'TheWarWithin', 'Midnight', 'midnightbeta']",2026-10-07,02-30-19,Wednesday
317012096854,71558231,qsnake,29595,Dota 2,520,2026-10-06T17:00:02Z,ru,['Русский'],2026-10-07,02-30-19,Wednesday
316977680597,120269326,davay_po_novoy,32982,Grand Theft Auto V,520,2026-10-06T18:13:03Z,ru,"['Русский', 'gta', 'gta5', 'Majestic', 'Memphis']",2026-10-07,02-30-19,Wednesday
318902723814,187468813,bullseye,743893402,WARDOGS,519,2026-10-06T16:04:53Z,ru,"['Русский', '1440p', 'PVP', 'BattleRoyale', 'Extraction', 'FPS']",2026-10-07,02-30-19,Wednesday
318845288805,115441727,lowyyy95,32982,Grand Theft Auto V,519,2026-10-06T11:28:56Z,de,"['Deutsch', 'sauercrowd', 'UnityLife', 'fett']",2026-10-07,02-30-19,Wednesday
320680882656,194434289,megga,499634,Crypto,519,2026-10-06T12:17:36Z,en,['English'],2026-10-07,02-30-19,Wednesday
318905142886,49901658,serpent,509658,Just Chatting,517,2026-10-06T18:32:47Z,nl,"['Nederlands', 'serpentgameplay', 'rickbroers', 'ruziemaken', 'DropsIngeschakeld']",2026-10-07,02-30-19,Wednesday
321735847770,32140000,sypherpk,33214,Fortnite,517,2026-10-06T19:04:12Z,en,"['PvP', 'Multiplayer', 'English', 'battleroyale', 'Fortnite']",2026-10-07,02-30-19,Wednesday
321734459226,188965645,nohandsgamer,138585,Hearthstone,517,2026-10-06T16:06:13Z,en,"['English', 'Standard', 'hearthstone', 'OlderStreamer', 'DropsEnabled']",2026-10-07,02-30-19,Wednesday
318300228568,600888725,lordaethelstan,474709880,STAR WARS: Galactic Racer,517,2026-10-06T17:05:20Z,en,"['English', 'Vtuber', 'Anime', 'ENVtuber']",2026-10-07,02-30-19,Wednesday
317943341156,174042680,radossb,33214,Fortnite,515,2026-10-06T16:23:15Z,es,"['Español', 'Fortnite', 'battleroyale']",2026-10-07,02-30-19,Wednesday
318848560101,30209220,liquidhasuobs,32959,Heroes of the Storm,514,2026-10-06T16:37:11Z,en,"['English', 'hasuobs', 'MOBA', 'Ranked']",2026-10-07,02-30-19,Wednesday
317952232803,89204267,slipix,516575,VALORANT,514,2026-10-06T13:07:26Z,fr,['Français'],2026-10-07,02-30-19,Wednesday
318849567077,1161516278,spitzzxalt,491487,Dead by Daylight,514,2026-10-06T17:42:24Z,en,"['English', 'DropsEnabled']",2026-10-07,02-30-19,Wednesday
318899989862,25429692,justlolaman,2748,Magic: The Gathering,512,2026-10-06T11:28:30Z,en,['English'],2026-10-07,02-30-19,Wednesday
316327838316,28025927,coulthardf1,27284,Retro,512,2026-10-06T14:02:44Z,ru,['Русский'],2026-10-07,02-30-19,Wednesday
318300015576,1518077,goldglove,1663723394,Gears of War: E-Day,510,2026-10-06T16:13:09Z,en,"['GoldGlove', 'English', 'PortlandTrailBlazers', 'SeattleMariners', 'DadsOfTwitch', 'ADHD']",2026-10-07,02-30-19,Wednesday
321689983065,99169317,xeppaa,516575,VALORANT,509,2026-10-06T16:33:50Z,en,['English'],2026-10-07,02-30-19,Wednesday
318900172902,114366744,siegismund,743893402,WARDOGS,508,2026-10-06T11:53:42Z,de,"['Deutsch', 'multiplayer', 'Competitive', 'shooter']",2026-10-07,02-30-19,Wednesday
316542818673,496970086,shibuya_kaho,18808,Resident Evil 5,507,2026-10-06T14:56:20Z,ja,"['English', 'Japan', 'Japanese', '日本語']",2026-10-07,02-30-19,Wednesday
318847319141,106673597,turk,32959,Heroes of the Storm,507,2026-10-06T15:00:01Z,en,['English'],2026-10-07,02-30-19,Wednesday
315557862382,1067876034,mea_07311,516575,VALORANT,507,2026-10-06T13:54:08Z,zh,"['反應慢', '土豆', 'Vtuber', '啟用掉宝', '唱歌', '中文']",2026-10-07,02-30-19,Wednesday
318851208293,443360331,cooptv,1788851197,End of Abyss,505,2026-10-06T19:18:47Z,it,"['nospoiler', 'simulator', 'Italiano', 'horrorgames']",2026-10-07,02-30-19,Wednesday
318848957029,115148629,zsombey,510389,Shakes and Fidget,504,2026-10-06T17:03:10Z,hu,"['Magyar', 'DropokEngedélyezve']",2026-10-07,02-30-19,Wednesday
320637042780,26374918,ej_sa,1979693660,Transport Fever 3,504,2026-10-06T16:25:50Z,en,['English'],2026-10-07,02-30-19,Wednesday
316977421653,1429214585,parisbulka,29595,Dota 2,504,2026-10-06T17:43:01Z,ru,['Русский'],2026-10-07,02-30-19,Wednesday
317944805732,812658610,bludvictor,509672,IRL,503,2026-10-06T18:46:53Z,ru,"['Русский', 'игрыонлайн', 'блуд']",2026-10-07,02-30-19,Wednesday
316067408721,137687694,nika,2094865572,SMITE 2,501,2026-10-06T12:38:46Z,en,"['English', 'meow', 'drops', 'DropsEnabled']",2026-10-07,02-30-19,Wednesday
317952817379,68124914,blackelespanolito,516575,VALORANT,501,2026-10-06T14:41:57Z,es,['Español'],2026-10-07,02-30-19,Wednesday
319479415767,25871845,bmkibler,138585,Hearthstone,499,2026-10-06T15:02:53Z,en,"['English', 'DropsEnabled']",2026-10-07,02-30-19,Wednesday
318845952229,62651386,general_hs_,1913410799,Total War: WARHAMMER III,498,2026-10-06T12:55:17Z,ru,"['Русский', 'АХАХАХАХАХА', 'активныйстример', 'Амазинг', 'Антискам', 'Азиаточки', 'ахуитизм', 'папик']",2026-10-07,02-30-19,Wednesday
320541852254,1389671297,shinchan_oficial,1398657661,Anime Squad,498,2026-10-06T18:00:24Z,es,['Español'],2026-10-07,02-30-19,Wednesday
320682877152,22186976,hcjustin,509658,Just Chatting,497,2026-10-06T16:02:34Z,en,"['English', 'DropsEnabled']",2026-10-07,02-30-19,Wednesday
321855929819,1304981780,lucia,509658,Just Chatting,496,2026-10-06T18:03:38Z,en,"['English', 'Vtuber', 'Woman', 'gaming', 'DropsEnabled']",2026-10-07,02-30-19,Wednesday
317057635284,22950258,zeroji,18122,World of Warcraft,496,2026-10-06T18:45:07Z,en,"['pve', 'learning', 'english', 'bird', 'birdismaster', 'English', 'solo']",2026-10-07,02-30-19,Wednesday
315570964463,129440913,jongie,493551,Conan Exiles,496,2026-10-06T13:36:22Z,zh,"['Taiwan', 'HolidayHoopla', '中文']",2026-10-07,02-30-19,Wednesday
317057104980,140326942,mrgrifonio,491487,Dead by Daylight,496,2026-10-06T17:36:32Z,ru,"['Русский', 'dbd', 'deadbbydaylight', 'хоррор', 'дбд', 'MrGrifonio', 'DropsВключены']",2026-10-07,02-30-19,Wednesday
318846124261,35856714,segall,474709880,STAR WARS: Galactic Racer,496,2026-10-06T13:12:53Z,ru,['Русский'],2026-10-07,02-30-19,Wednesday
317057585876,751853403,mia_ivus,509658,Just Chatting,494,2026-10-06T18:38:07Z,ru,"['Русский', 'стрим', 'девушка', 'girl', 'game', 'USA', 'общение', 'new', 'music', 'музыка']",2026-10-07,02-30-19,Wednesday
316088694994,31680543,mblaoc,13389,Age of Empires II,493,2026-10-06T15:56:56Z,en,['English'],2026-10-07,02-30-19,Wednesday
320637980508,957836112,war_hamster6,18122,World of Warcraft,493,2026-10-06T18:06:52Z,en,"['USA', 'porcelaine', 'Princess', 'exMilitary', 'English']",2026-10-07,02-30-19,Wednesday
317012182486,23834039,xibbe,29595,Dota 2,492,2026-10-06T17:08:25Z,en,"['English', 'donkey', 'touchgrass']",2026-10-07,02-30-19,Wednesday
320684846048,1134296624,sukiimellow,509672,IRL,491,2026-10-06T18:49:06Z,en,['English'],2026-10-07,02-30-19,Wednesday
321690187737,26642416,arcus,27284,Retro,491,2026-10-06T17:00:02Z,en,"['Retro', 'FamilyFriendly', 'NES', 'speedrun', 'English']",2026-10-07,02-30-19,Wednesday
317921614562,171077935,r_messaoud,2060730947,Le Mans Ultimate,490,2026-10-06T14:15:20Z,fr,"['race', 'lmu', 'acc', 'raceroom', 'gt3', 'Français']",2026-10-07,02-30-19,Wednesday
318903091430,21635116,heromarine,490422,StarCraft II,490,2026-10-06T16:31:54Z,en,"['Deutsch', 'English']",2026-10-07,02-30-19,Wednesday
318708764263,71533996,arukori,771448419,AION 2,490,2026-10-06T15:00:12Z,de,"['Vtuber', 'GERVtuber', 'Deutsch', 'Weiblich', 'ADHD', 'LGBTQ', 'Anime', 'Tsundere', 'DropsAktiviert']",2026-10-07,02-30-19,Wednesday
316975511125,1452895933,orangemorangeslots,498566,Slots,490,2026-10-06T13:07:38Z,de,['Deutsch'],2026-10-07,02-30-19,Wednesday
318713139815,1290884025,langlebepapatv,509672,IRL,489,2026-10-06T19:19:20Z,de,['Deutsch'],2026-10-07,02-30-19,Wednesday
318901308390,97706114,weswoes,2023301131,CreatorSMP,489,2026-10-06T14:01:19Z,nl,"['Nederlands', 'DropsIngeschakeld']",2026-10-07,02-30-19,Wednesday
317055471956,98311933,madarapoe,2132205352,Deadlock,488,2026-10-06T13:55:12Z,ru,"['Русский', 'gym', 'gachi', 'MF', 'English']",2026-10-07,02-30-19,Wednesday
316327758188,1533931896,epc_en,29595,Dota 2,487,2026-10-06T13:38:26Z,en,"['Dota2Tournaments', 'English', 'dota2', 'MOBA', 'epc', 'Esport', 'EsportsProCircuit']",2026-10-07,02-30-19,Wednesday
319479378391,95416766,frostprime,745589378,Balatro,486,2026-10-06T14:55:03Z,en,"['English', 'ProtectTheDolls', 'PoliticsAllowed', 'CouchEnthusiast', 'BTierStreamer', 'MiddleClassStreamer', 'EVILTransTuesday', 'GodGamer', 'LurkerDestroyer']",2026-10-07,02-30-19,Wednesday
315557348206,56691819,dd87878,493551,Conan Exiles,486,2026-10-06T10:32:25Z,zh,"['鳥', '中文', '主席']",2026-10-07,02-30-19,Wednesday
319146434677,529162179,dropsbadge,115977,The Witcher 3: Wild Hunt,485,2026-10-05T03:17:49Z,en,"['English', 'badges', 'Drop', 'TheWitcher3WildHunt', 'DropsEnabled', 'Rerun', 'thewitcher3remastered']",2026-10-07,02-30-19,Wednesday
317055916116,525753861,yama_darma,12839,Heroes of Might and Magic III: The Restoration of Erathia,485,2026-10-06T15:04:02Z,ru,['Русский'],2026-10-07,02-30-19,Wednesday
318845362405,44096715,bandurka,32399,Counter-Strike,485,2026-10-06T11:39:58Z,ru,"['Русский', 'donk', 's1mple', 'bandurka', 'teamspirit', 'cs2', 'faceit']",2026-10-07,02-30-19,Wednesday
317955213795,97647848,vectizz,32399,Counter-Strike,484,2026-10-06T18:36:44Z,fr,"['Français', 'English', 'fps']",2026-10-07,02-30-19,Wednesday
319099553014,1478694617,ninjaslot_,29452,Virtual Casino,484,2026-10-06T18:18:49Z,pt,['Português'],2026-10-07,02-30-19,Wednesday
321855144411,61765204,xenosysvex,771448419,AION 2,483,2026-10-06T16:28:31Z,en,"['English', 'bald', 'FFXIV', 'tank', 'DropsEnabled']",2026-10-07,02-30-19,Wednesday
318709832807,102857458,yuli,771448419,AION 2,483,2026-10-06T16:20:46Z,en,"['English', 'Deutsch', 'Русский', '한국어', 'VTuber', 'ASMR', 'DropsEnabled']",2026-10-07,02-30-19,Wednesday
317056505684,116528496,givinglifetop,18122,World of Warcraft,483,2026-10-06T16:23:12Z,ru,"['Русский', 'DropsEnable', 'Mykas', 'PvE', 'MythicPlusKeys', 'English']",2026-10-07,02-30-19,Wednesday
320683263840,31470495,carian,771448419,AION 2,483,2026-10-06T16:37:12Z,en,"['English', 'funny', 'Chıll', 'Vtuber', 'gamergirl', 'ExtractionLooter', 'Chatty', 'DropsEnabled']",2026-10-07,02-30-19,Wednesday
319228546804,51633358,kennzy,21779,League of Legends,482,2026-10-06T14:09:27Z,pt,['Português'],2026-10-07,02-30-19,Wednesday
317954059619,39115143,th3antonio,491931,Escape from Tarkov,481,2026-10-06T16:57:15Z,es,"['peluquillas', 'Español', 'CHALLENGER', 'TH3LEC', 'th3antonio', 'poker']",2026-10-07,02-30-19,Wednesday
317944869732,580985449,jizonn,509658,Just Chatting,480,2026-10-06T18:51:59Z,pt,"['Português', 'DropsAtivados']",2026-10-07,02-30-19,Wednesday
317951988579,199037432,peurle_ow,515025,Overwatch,480,2026-10-06T12:24:55Z,fr,"['Peurle', 'Français', 'Overwatch', 'CommentJouer', 'cquandlespp', 'Valorant', 'TeamPeps', 'DropsActivés']",2026-10-07,02-30-19,Wednesday
317925074146,30600786,rendogtv,27471,Minecraft,479,2026-10-06T19:01:14Z,en,['English'],2026-10-07,02-30-19,Wednesday
321690582233,469953187,qiywi,386821,Black Desert,479,2026-10-06T17:43:41Z,en,"['English', 'spanish', 'NewPlayerFriendly', 'DropsEnabled']",2026-10-07,02-30-19,Wednesday
318712170343,67555995,g4nng,32502,World of Warships,479,2026-10-06T18:25:56Z,en,"['DropsEnabled', 'English', 'Deutsch']",2026-10-07,02-30-19,Wednesday
317942000356,767965709,sotchi_riot,1669431183,DJs,476,2026-10-06T13:19:41Z,en,"['English', 'Français', 'Deutsch', 'Polski', 'DJ', 'Techno', 'Girl', 'Woman', 'Cosplay', 'DropsEnabled']",2026-10-07,02-30-19,Wednesday
317010220246,414553144,sanya_sniper2011,2132205352,Deadlock,476,2026-10-06T12:36:49Z,ru,['Русский'],2026-10-07,02-30-19,Wednesday
318300685784,245488727,vulture_ow,515025,Overwatch,475,2026-10-06T18:54:39Z,en,"['English', 'Competitive', 'fps', 'junkrat', 'SewerRat', 'overwatch', 'hashtagawesome', 'DropsEnabled']",2026-10-07,02-30-19,Wednesday
318902257126,491184726,jvkson,32982,Grand Theft Auto V,474,2026-10-06T15:29:13Z,de,['Deutsch'],2026-10-07,02-30-19,Wednesday
318849328229,670450636,kasumisen,509667,Food & Drink,473,2026-10-06T17:27:08Z,it,['Italiano'],2026-10-07,02-30-19,Wednesday
319229724276,1152049764,ryugalde,29452,Virtual Casino,473,2026-10-06T18:21:07Z,pt,"['Português', 'English', 'espanhol', 'cassino', 'bet']",2026-10-07,02-30-19,Wednesday
318707223527,233283079,ayv3e,2023301131,CreatorSMP,472,2026-10-06T12:16:41Z,nl,['Nederlands'],2026-10-07,02-30-19,Wednesday
317922501858,834823107,pipi,1288749557,Dressmaker (2026),472,2026-10-06T15:46:01Z,en,"['English', 'Vtuber', 'Woman', 'tomboy', 'romanian', 'spanish', 'mpreg', 'ADHD', 'Gremlin', 'girlfailure']",2026-10-07,02-30-19,Wednesday
317953648355,122606072,lemwakast,509658,Just Chatting,471,2026-10-06T16:17:26Z,fr,"['actu', 'react', 'antifa', 'blm', 'france', 'antilles', 'Français', 'DropsActivés']",2026-10-07,02-30-19,Wednesday
316978096213,65360359,passatigy,18122,World of Warcraft,471,2026-10-06T19:07:05Z,ru,"['Русский', 'розыгрыш', 'общение', 'drops', 'Аниме', 'Пасатиж', 'dinghaitheoceanpillar', 'keymailer']",2026-10-07,02-30-19,Wednesday
317011273686,71590283,1uke337,32399,Counter-Strike,470,2026-10-06T15:20:03Z,ru,['Русский'],2026-10-07,02-30-19,Wednesday
318294579672,501302789,triciaisabirdy,19976,MapleStory,470,2026-10-05T22:47:48Z,en,"['cooking', 'English', 'ADHD', 'MentalHealth', 'gaming', 'Pokémon', 'AAPI', 'LGBTQ']",2026-10-07,02-30-19,Wednesday
317054826452,118740256,b_komhate,743893402,WARDOGS,469,2026-10-06T11:48:08Z,ru,"['ТАРКОВ', 'ВКОМНАТЕ', 'Русский']",2026-10-07,02-30-19,Wednesday
318712873959,653658824,kil0minati,509658,Just Chatting,469,2026-10-06T19:03:27Z,de,"['Rauschgift', 'Extremismus', 'Satire', 'Rap', 'Deutsch']",2026-10-07,02-30-19,Wednesday
321855995483,600627573,tiempodejuegocope,518203,Sports,469,2026-10-06T18:10:33Z,es,"['ENDIRECTO', 'TIEMPODEJUEGO', 'laliga', 'futbolespañol', 'Español', 'PRIMERADIVISION', 'DEPORTES', 'realmadrid', 'realsociedad', 'rm']",2026-10-07,02-30-19,Wednesday
316543429745,600144811,crylixblooom,511224,Apex Legends,469,2026-10-06T19:07:42Z,en,['English'],2026-10-07,02-30-19,Wednesday
318712587367,133528221,axozer,394758168,Content Warning,469,2026-10-06T18:47:06Z,es,"['Español', 'axozer', 'axo', 'tortillaland', 'SpainRP', 'Variedad', 'gaming', 'IRL']",2026-10-07,02-30-19,Wednesday
317943866340,501516920,rayakuzaa,2042681592,Minecraft Dungeons II,469,2026-10-06T17:19:24Z,fr,"['Français', 'valorant']",2026-10-07,02-30-19,Wednesday
319480074711,22998189,stonemountain64,1478650472,Call of Duty: Modern Warfare 4,467,2026-10-06T17:09:46Z,en,"['DMZ', 'DMZnews', 'DMZgameplay', 'DMZcommentary', 'Behindthewar', 'Reaction', 'English']",2026-10-07,02-30-19,Wednesday
318904479974,214982352,eastahh,32399,Counter-Strike,467,2026-10-06T17:56:42Z,en,['English'],2026-10-07,02-30-19,Wednesday
318902905702,732327877,tolikthx,509658,Just Chatting,466,2026-10-06T16:18:45Z,ru,"['кино', 'кинострим', 'фильмы', 'Боевики', 'Марвел', 'ужасы', 'комедии', 'экшен', 'Мужчина', 'Русский']",2026-10-07,02-30-19,Wednesday
316977615957,676298284,earthq__,29595,Dota 2,465,2026-10-06T18:05:06Z,ru,['Русский'],2026-10-07,02-30-19,Wednesday
317057675988,46141647,sorabi_,509658,Just Chatting,465,2026-10-06T18:51:13Z,ru,"['бодиАрт', 'половоеВоспитание', 'общение', 'психология', 'кринж', 'Русский', 'bmw', 'DropsВключены']",2026-10-07,02-30-19,Wednesday
317922586082,76903277,feelink,138585,Hearthstone,465,2026-10-06T15:54:12Z,es,"['Español', 'DropsActivados']",2026-10-07,02-30-19,Wednesday
318712129383,1080240819,skiziko,2132205352,Deadlock,463,2026-10-06T18:24:08Z,ru,"['Русский', 'длявзрослых', 'длявзроослых', 'азартныеигры', 'азартныеигры']",2026-10-07,02-30-19,Wednesday
