id,user_id,user_login,game_id,game_name,viewer_count,started_at,language,tags,snapshot_date,snapshot_time,snapshot_day
317320786276,83232866,ibai,940764735,La Velada,1765215,2026-07-25T17:00:19Z,es,"['Español', 'IRL', 'Chatting', 'KOI', 'DropsActivados']",2026-07-26,06-10-57,Sunday
317725840472,679116841,suburbbaby,509658,Just Chatting,80011,2026-07-25T21:22:44Z,en,"['English', 'suburbbaby', 'streameruniversity2026', 'streameruniversity', 'kaicenat']",2026-07-26,06-10-57,Sunday
319599925980,246450563,stableronaldo,509658,Just Chatting,48471,2026-07-25T21:15:39Z,en,['English'],2026-07-26,06-10-57,Sunday
317724136920,411377640,jynxzi,460630,Rainbow Six Siege,36715,2026-07-25T17:34:45Z,en,['English'],2026-07-26,06-10-57,Sunday
319664328160,552120296,zackrawrr,1036710512,Palworld,36106,2026-07-25T18:12:15Z,en,"['English', 'politics', 'bald']",2026-07-26,06-10-57,Sunday
319601244252,494543675,lacy,509658,Just Chatting,31128,2026-07-25T22:53:37Z,en,['English'],2026-07-26,06-10-57,Sunday
319667543264,472066926,theburntpeanut,516866,Stalzone,25073,2026-07-25T22:15:39Z,en,"['English', 'DropsEnabled', 'funny', 'gaming', 'Ptuber', 'fpsgames', 'Variety', 'tobacco', 'Peanut']",2026-07-26,06-10-57,Sunday
320507906905,107117952,jasontheween,23020,ROBLOX,23530,2026-07-25T19:40:38Z,en,['English'],2026-07-26,06-10-57,Sunday
318602586967,403594122,zarbex,509672,IRL,20083,2026-07-25T08:06:33Z,de,['Deutsch'],2026-07-26,06-10-57,Sunday
320567744986,71092938,xqc,509658,Just Chatting,19612,2026-07-25T21:28:27Z,en,"['English', 'femboy']",2026-07-26,06-10-57,Sunday
318605918935,124420521,lcs,21779,League of Legends,18057,2026-07-25T18:19:46Z,en,"['English', 'DropsEnabled']",2026-07-26,06-10-57,Sunday
320651518427,1317334043,studbudz,509658,Just Chatting,15399,2026-07-24T13:27:25Z,en,"['English', 'DropsEnabled']",2026-07-26,06-10-57,Sunday
319537201118,91067577,emiru,509658,Just Chatting,14371,2026-07-25T18:57:09Z,en,"['English', 'Cosplay']",2026-07-26,06-10-57,Sunday
319599644252,66418614,gofns,516575,VALORANT,13973,2026-07-25T20:54:57Z,en,"['English', 'DropsEnabled']",2026-07-26,06-10-57,Sunday
315838764520,224539819,aussieantics,33214,Fortnite,11808,2026-07-25T14:40:28Z,en,"['English', 'DropsEnabled']",2026-07-26,06-10-57,Sunday
318605482100,28579002,cellbit,666605016,Welcome to the Game III,10500,2026-07-25T20:20:31Z,pt,"['Português', 'English']",2026-07-26,06-10-57,Sunday
317725468376,36340781,tarik,516575,VALORANT,10429,2026-07-25T20:34:27Z,en,['English'],2026-07-26,06-10-57,Sunday
315838808552,56649026,quin69,29307,Path of Exile,9718,2026-07-25T14:52:59Z,en,"['English', 'DropsEnabled']",2026-07-26,06-10-57,Sunday
319662600800,233300375,clix,33214,Fortnite,8763,2026-07-25T15:46:46Z,en,"['English', 'DropsEnabled']",2026-07-26,06-10-57,Sunday
317319618020,110119637,nikof,33214,Fortnite,8672,2026-07-25T14:48:26Z,fr,"['Français', 'Fortnite', 'M8WIN', 'Palworld', 'DropsActivés']",2026-07-26,06-10-57,Sunday
317724634968,887001013,nico_la,509658,Just Chatting,7817,2026-07-25T18:50:09Z,fr,"['Français', 'drole', 'humour', 'nico', 'nicotine', 'nicola', 'IRL', 'react']",2026-07-26,06-10-57,Sunday
318605619031,1477464712,luhliv1,509672,IRL,7614,2026-07-25T17:48:55Z,en,['English'],2026-07-26,06-10-57,Sunday
319662863200,23161357,lirik,630009802,MARVEL TŌKON: Fighting Souls,7388,2026-07-25T16:09:28Z,en,"['English', 'DropsEnabled']",2026-07-26,06-10-57,Sunday
317083026167,26490481,summit1g,32399,Counter-Strike,7375,2026-07-25T20:31:43Z,en,['English'],2026-07-26,06-10-57,Sunday
318607334231,598903130,valorant_americas,516575,VALORANT,7083,2026-07-25T20:29:52Z,en,"['Esports', 'English']",2026-07-26,06-10-57,Sunday
320511101657,121059319,moonmoon,666605016,Welcome to the Game III,6858,2026-07-25T22:44:46Z,en,"['English', 'godgamer', 'doglover']",2026-07-26,06-10-57,Sunday
319666018784,148561738,faxuty,33214,Fortnite,6738,2026-07-25T20:20:56Z,en,"['English', 'DropsEnabled']",2026-07-26,06-10-57,Sunday
319667217760,166554148,robthemaster1,509658,Just Chatting,6383,2026-07-25T21:52:19Z,en,['English'],2026-07-26,06-10-57,Sunday
317322494436,24147592,gotaga,1036710512,Palworld,6196,2026-07-25T19:55:40Z,fr,"['Français', 'DropsActivés']",2026-07-26,06-10-57,Sunday
318607248855,598713647,angryginge13,509658,Just Chatting,6140,2026-07-25T20:22:48Z,en,['English'],2026-07-26,06-10-57,Sunday
320503229145,138447079,captainlance9,29307,Path of Exile,5627,2026-07-25T14:31:22Z,en,"['English', 'DropsEnabled']",2026-07-26,06-10-57,Sunday
317726528856,106125347,couragejd,509672,IRL,5529,2026-07-25T22:55:06Z,en,['English'],2026-07-26,06-10-57,Sunday
318029162085,78874179,krokoboss,509658,Just Chatting,5492,2026-07-25T21:03:08Z,de,['Deutsch'],2026-07-26,06-10-57,Sunday
318602582615,656099497,schradin,509672,IRL,5422,2026-07-25T08:06:01Z,de,"['Deutsch', 'rentner', 'schradin', 'seniorenzocken', 'nase', 'nasenaffe', '1978']",2026-07-26,06-10-57,Sunday
320508527833,51496027,loltyler1,21779,League of Legends,5275,2026-07-25T20:16:02Z,en,"['English', 'loltyler1', 'tyler1', 'DropsEnabled']",2026-07-26,06-10-57,Sunday
317083407479,797196666,carterefe,509658,Just Chatting,5008,2026-07-25T21:31:31Z,en,['English'],2026-07-26,06-10-57,Sunday
319536708446,59635827,supertf,27471,Minecraft,4999,2026-07-25T18:17:37Z,en,"['English', 'FleshTuber']",2026-07-26,06-10-57,Sunday
320563980506,59131475,caprimint,940764735,La Velada,4980,2026-07-25T17:54:37Z,es,['Español'],2026-07-26,06-10-57,Sunday
316528028502,55125740,fortnite,33214,Fortnite,4978,2026-07-25T20:44:09Z,en,"['English', 'DropsEnabled']",2026-07-26,06-10-57,Sunday
320506784089,427632467,lvndmark,491931,Escape from Tarkov,4950,2026-07-25T18:38:49Z,en,['English'],2026-07-26,06-10-57,Sunday
318093981030,467031116,enzzai,509658,Just Chatting,4852,2026-07-25T16:34:49Z,ru,['Русский'],2026-07-26,06-10-57,Sunday
319662773984,133220545,jay3,1264310518,Marvel Rivals,4846,2026-07-25T16:01:52Z,en,"['English', 'DropsEnabled']",2026-07-26,06-10-57,Sunday
318606224727,119795835,aldo_geo,940764735,La Velada,4804,2026-07-25T18:52:24Z,es,"['Español', 'Guapo', 'Nahual', 'Piedrita', 'Hidrocalido', 'Aguascalientes', 'México', 'SingleMotherHunter', 'NiñoNintendo']",2026-07-26,06-10-57,Sunday
318096191206,411712420,manuuxo,509658,Just Chatting,4706,2026-07-25T19:37:23Z,it,['Italiano'],2026-07-26,06-10-57,Sunday
318027328613,137347549,locklear,517329,Zompiercer,4593,2026-07-25T18:28:03Z,fr,['Français'],2026-07-26,06-10-57,Sunday
318092152550,168514917,rachtaz,500188,Hunt: Showdown 1896,4362,2026-07-25T13:28:18Z,en,"['English', 'DropsEnabled']",2026-07-26,06-10-57,Sunday
317321661924,42549067,aenot,32982,Grand Theft Auto V,4317,2026-07-25T18:32:09Z,fr,"['Français', 'flashback', 'RP', 'Aenot', 'DropsActivés']",2026-07-26,06-10-57,Sunday
318081564006,40784764,shlorox,490948,The Isle,4304,2026-07-24T13:46:03Z,de,"['Deutsch', 'DropsAktiviert']",2026-07-26,06-10-57,Sunday
315364615407,65653595,roger9527,21779,League of Legends,4287,2026-07-25T12:51:08Z,zh,['中文'],2026-07-26,06-10-57,Sunday
318605607383,26194208,mitchjones,498566,Slots,4214,2026-07-25T17:47:49Z,en,['English'],2026-07-26,06-10-57,Sunday
318605898868,228371036,suetam1v4,33214,Fortnite,4175,2026-07-25T21:06:09Z,pt,"['Português', 'suetam', 'suetam1v4', 'brazil', 'Brasil', 'humor', 'DropsAtivados']",2026-07-26,06-10-57,Sunday
318027848933,89600394,therealmarzaa,1818418055,Slip & Skid,4163,2026-07-25T19:09:59Z,it,"['Italiano', 'English', 'Barese']",2026-07-26,06-10-57,Sunday
320504256473,128440061,zentreya,509658,Just Chatting,4121,2026-07-25T15:57:09Z,en,"['English', 'ForkliftCertified', 'GoodMusicTaste', 'ENVtuber', 'PositiveVibes', 'Anime', 'funny', 'gaming', 'Vtuber', 'SVA']",2026-07-26,06-10-57,Sunday
318603630452,618930189,jesucristo69x,417528,Albion Online,4098,2026-07-25T16:24:06Z,es,"['Español', 'drops', 'Gathering', 'DropsActivados']",2026-07-26,06-10-57,Sunday
318608382935,993424666,ilikehaskell,23020,ROBLOX,3959,2026-07-25T22:04:48Z,en,"['English', 'IRL']",2026-07-26,06-10-57,Sunday
318095450342,36620767,agraelus,770229477,60 Seconds! Reatomized,3943,2026-07-25T18:36:39Z,cs,['Čeština'],2026-07-26,06-10-57,Sunday
318094495590,38121996,bastighg,27471,Minecraft,3889,2026-07-25T17:20:44Z,de,['Deutsch'],2026-07-26,06-10-57,Sunday
319598723804,40017619,doublelift,21779,League of Legends,3791,2026-07-25T19:46:56Z,en,"['English', 'DropsEnabled', 'FurryFriendly', 'Vtuber', 'MoggingExpert', 'looksmaxxing', 'chadmaxxing']",2026-07-26,06-10-57,Sunday
317725077976,123275679,amazonmusic,26936,Music,3747,2026-07-25T19:45:27Z,en,"['English', 'amazonmusic', 'MusicEvents', 'IRL', 'warpedtour', 'Festival', 'PunkMusic', 'AlternativeMusic']",2026-07-26,06-10-57,Sunday
320567444058,84316241,penta,32982,Grand Theft Auto V,3731,2026-07-25T21:10:52Z,en,"['English', 'Educational', 'Socialeating']",2026-07-26,06-10-57,Sunday
318026498789,91026471,giggand,509658,Just Chatting,3688,2026-07-25T17:19:46Z,de,"['Deusch', 'Deutsch']",2026-07-26,06-10-57,Sunday
317297677026,43286888,elotrix,24241,FINAL FANTASY XIV ONLINE,3565,2026-07-25T18:43:15Z,de,"['Deusch', 'Trophäenjagd', 'Storygames', 'Deutsch', 'DropsAktiviert']",2026-07-26,06-10-57,Sunday
317886833895,126805726,scurrows,498566,Slots,3494,2026-07-25T20:50:53Z,de,['Deutsch'],2026-07-26,06-10-57,Sunday
319539443934,1007571487,gabefromnyc,2112738408,NBA 2K26,3490,2026-07-25T21:43:21Z,en,"['NewYorkCity', 'funny', 'Entertaiment', 'ırl', 'English', 'worldcup', 'soccer', 'FootballSoccer', 'Europe', 'Basketball']",2026-07-26,06-10-57,Sunday
318592411223,27369897,ben_,29307,Path of Exile,3488,2026-07-24T17:25:32Z,en,"['English', 'DropsEnabled']",2026-07-26,06-10-57,Sunday
317886937703,541899730,controcalcio__,518203,Sports,3430,2026-07-25T21:01:26Z,it,"['Italiano', 'gaming', 'calcio']",2026-07-26,06-10-57,Sunday
320505190361,64140092,laynalazar,69279575,Only Good Babysitters Go to Heaven,3385,2026-07-25T17:01:45Z,en,"['VTuber', 'English', 'Horror', 'Relaxing', 'Comfort', 'Cozy', 'cute', 'VoiceActor']",2026-07-26,06-10-57,Sunday
318607578071,23211159,atrioc,509658,Just Chatting,3336,2026-07-25T20:51:46Z,en,['English'],2026-07-26,06-10-57,Sunday
318026375781,20992865,grubby,415998825,Guildrun,3305,2026-07-25T17:08:02Z,en,"['English', 'Warcraft3', 'RTS', 'RPG', '4X', 'Grubby', 'Cardgames']",2026-07-26,06-10-57,Sunday
318605822708,181743137,xarola_,516575,VALORANT,3268,2026-07-25T20:57:47Z,pt,"['Português', 'valorant', 'lindo', 'Nordeste']",2026-07-26,06-10-57,Sunday
318608749399,1414788834,yoatzicastro,509672,IRL,3258,2026-07-25T22:38:51Z,en,['English'],2026-07-26,06-10-57,Sunday
318604195287,25080754,pobelter,21779,League of Legends,3223,2026-07-25T14:28:46Z,en,"['English', 'Chill', 'Anime', 'RotisserieChickens', 'lebronjames', 'xddfreezone', 'labubu']",2026-07-26,06-10-57,Sunday
317081089655,132415238,ruetoo,29307,Path of Exile,3200,2026-07-25T14:02:27Z,en,"['English', 'DropsEnabled']",2026-07-26,06-10-57,Sunday
315844704211,36483360,zizaran,29307,Path of Exile,3192,2026-07-25T20:28:28Z,en,"['English', 'DropsEnabled']",2026-07-26,06-10-57,Sunday
320563980250,214483682,pattymeza,509658,Just Chatting,3155,2026-07-25T17:54:36Z,es,"['Español', 'pattymeza']",2026-07-26,06-10-57,Sunday
320504333913,30573404,pohx,29307,Path of Exile,3074,2026-07-25T16:02:03Z,en,"['English', 'Teaching', 'ARPG', 'RPG', 'Interactivewithchat', 'PathofExile', 'DropsEnabled']",2026-07-26,06-10-57,Sunday
320566167002,432689780,ravusssss,509658,Just Chatting,3058,2026-07-25T19:57:22Z,fr,"['ravusssss', 'Divertissement', 'Discussions', 'eafc25', 'Football', 'Français', 'EASportsFC26', 'arcraiders']",2026-07-26,06-10-57,Sunday
320678562779,97672683,captain_domo,512953,ELDEN RING,3057,2026-07-25T21:18:10Z,en,['English'],2026-07-26,06-10-57,Sunday
320672701787,40972890,admiralbahroo,1036710512,Palworld,3057,2026-07-25T15:11:57Z,en,"['English', 'Vtuber', 'Panda', 'ProfessionalThrowing']",2026-07-26,06-10-57,Sunday
315879622505,25575995,mathil1,29307,Path of Exile,3052,2026-07-25T16:24:48Z,en,"['English', 'DropsEnabled']",2026-07-26,06-10-57,Sunday
316527293654,68950614,ybicanoooobov,29595,Dota 2,3011,2026-07-25T18:57:55Z,ru,['Русский'],2026-07-26,06-10-57,Sunday
317082375159,145015519,foolish,10609,Pokémon Emerald Version,3007,2026-07-25T18:50:36Z,en,['English'],2026-07-26,06-10-57,Sunday
317323236964,1100277292,elizabethrosebloodflame,24241,FINAL FANTASY XIV ONLINE,3005,2026-07-25T21:24:52Z,en,"['Vtuber', 'English', 'hololive', 'Singing', 'Singer', 'Roleplay', 'roleplayer', 'VoiceActing', 'DropsEnabled']",2026-07-26,06-10-57,Sunday
315799789521,34405377,w33haa,29595,Dota 2,3001,2026-07-25T18:39:06Z,en,"['Romanian', 'Arabic', 'English', 'Competitive']",2026-07-26,06-10-57,Sunday
320563980378,143655015,nezumivy,509658,Just Chatting,2981,2026-07-25T17:54:37Z,es,"['Español', 'LGBTQ']",2026-07-26,06-10-57,Sunday
320505642969,147299717,blue_squadron,386821,Black Desert,2976,2026-07-25T17:31:16Z,en,"['comedy', 'english', 'English', 'Chinese中文', 'DropsEnabled']",2026-07-26,06-10-57,Sunday
317298576354,494122889,hlib_tv,32982,Grand Theft Auto V,2970,2026-07-25T20:19:10Z,fr,"['Français', 'FlashbackWL', 'Hlib', 'flashbackv6', 'Jazire', 'DropsActivés']",2026-07-26,06-10-57,Sunday
320560337114,551313706,repoze,2009321156,Dark and Darker,2950,2026-07-25T12:39:18Z,en,"['English', 'DarkandDarker', 'Rogue', 'Swiftie', 'Drops', 'DropsEnabled']",2026-07-26,06-10-57,Sunday
320675946843,38871579,feinberg,27471,Minecraft,2931,2026-07-25T18:47:42Z,en,"['English', 'Speedrun']",2026-07-26,06-10-57,Sunday
317723978968,87111052,pointcrow,1982936547,Pokémon,2923,2026-07-25T17:09:48Z,en,"['English', 'nuzlockeinvitational']",2026-07-26,06-10-57,Sunday
319539752542,65171890,rainbow6,460630,Rainbow Six Siege,2896,2026-07-25T22:05:25Z,en,"['English', 'ubisoft', 'rainbowsixsiege', 'R6']",2026-07-26,06-10-57,Sunday
320673177435,466139555,dantes,21779,League of Legends,2837,2026-07-25T15:50:28Z,en,['English'],2026-07-26,06-10-57,Sunday
317323370084,218668268,zenrll,30921,Rocket League,2806,2026-07-25T21:45:07Z,en,"['English', 'DropsEnabled']",2026-07-26,06-10-57,Sunday
318603887319,47972131,choice,386821,Black Desert,2761,2026-07-25T13:04:35Z,en,"['English', 'Choice', 'BlackDesert', 'DropsEnabled']",2026-07-26,06-10-57,Sunday
320509280857,143726713,sweetdreams,511224,Apex Legends,2751,2026-07-25T21:01:23Z,en,"['English', 'apexlegends', 'fps', 'DropsEnabled']",2026-07-26,06-10-57,Sunday
317886772199,151079000,skillz0r1337,509658,Just Chatting,2746,2026-07-25T20:45:23Z,ru,['Русский'],2026-07-26,06-10-57,Sunday
320678390491,41616317,bigpuffer,1264310518,Marvel Rivals,2739,2026-07-25T21:08:13Z,en,"['jeff', 'English', 'DropsEnabled']",2026-07-26,06-10-57,Sunday
316568936020,74293702,yekindar,32399,Counter-Strike,2705,2026-07-25T20:36:53Z,en,"['Русский', 'ENG', 'English']",2026-07-26,06-10-57,Sunday
318607106135,110066407,hanner,488910,American Truck Simulator,2674,2026-07-25T20:10:32Z,en,"['English', 'furry', 'LGBTQIAPlus', 'FormerTraderJoesEmployee', 'poopcore', 'goonette', 'leaking', 'evil', 'KristenStewartPlugHole']",2026-07-26,06-10-57,Sunday
316283213555,163857794,bonchan0311,509658,Just Chatting,2667,2026-07-25T19:21:04Z,ja,"['日本語', '雑談']",2026-07-26,06-10-57,Sunday
317082437879,42032495,tinakitten,27471,Minecraft,2659,2026-07-25T18:59:58Z,en,"['English', 'dum']",2026-07-26,06-10-57,Sunday
318029004517,89886468,kopsteep,725224091,Tales Beyond the Tomb: Route 86,2651,2026-07-25T20:48:26Z,ru,"['Русский', 'English']",2026-07-26,06-10-57,Sunday
315880179433,131986952,froggerow,515025,Overwatch,2650,2026-07-25T20:14:33Z,en,"['English', 'DropsEnabled']",2026-07-26,06-10-57,Sunday
320671310427,59624901,payo,18122,World of Warcraft,2612,2026-07-25T12:32:21Z,en,"['English', 'Québec', 'Quebec', 'Français', 'Canadian', 'Canada', 'PVP', 'WoW', 'Hardcore', 'qc']",2026-07-26,06-10-57,Sunday
318469528438,240277531,gorilon,33214,Fortnite,2600,2026-07-25T21:03:11Z,es,"['Español', 'DropsActivados']",2026-07-26,06-10-57,Sunday
319662180576,56865374,barbarousking,6369,God of War,2589,2026-07-25T15:03:10Z,en,"['English', 'BaldWelcome', 'Kaizo', 'GorillaWins', 'memberofparliament', 'bauserhaus']",2026-07-26,06-10-57,Sunday
316496247637,698924516,witchblvde,29595,Dota 2,2579,2026-07-25T16:02:46Z,ru,"['English', 'Русский', 'Бизнес', 'Демонтаж', 'Українська', 'Приключение', 'Приколы']",2026-07-26,06-10-57,Sunday
316527873622,1348884242,fiksim_,516866,Stalzone,2514,2026-07-25T20:18:30Z,ru,"['Русский', 'STALZONE', 'stalcraftx', 'Stalcraft', 'DropsВключены']",2026-07-26,06-10-57,Sunday
317083334519,82350088,nyanners,509658,Just Chatting,2512,2026-07-25T21:19:00Z,en,"['English', 'Vtuber', 'Anime', 'ENVtuber']",2026-07-26,06-10-57,Sunday
316496216789,230768385,follentass,509658,Just Chatting,2501,2026-07-25T15:59:11Z,ru,"['Русский', 'IRL']",2026-07-26,06-10-57,Sunday
320510339161,632564662,chibidoki,509658,Just Chatting,2471,2026-07-25T22:01:50Z,en,"['vtuber', 'furry', 'bowsertoes', 'anime', 'adhd', 'gremlin', 'English']",2026-07-26,06-10-57,Sunday
320509684441,1056569852,dreamdoll,509672,IRL,2465,2026-07-25T21:24:25Z,en,"['English', 'justchatting']",2026-07-26,06-10-57,Sunday
317298989154,63675549,kaydop,30921,Rocket League,2455,2026-07-25T21:07:40Z,fr,"['Français', 'DropsActivés']",2026-07-26,06-10-57,Sunday
317319134564,50795214,sardoche,666605016,Welcome to the Game III,2449,2026-07-25T13:45:02Z,fr,['Français'],2026-07-26,06-10-57,Sunday
317083280375,76385901,elded,940764735,La Velada,2415,2026-07-25T21:11:08Z,es,['Español'],2026-07-26,06-10-57,Sunday
317294390370,158388504,honeypuu,21779,League of Legends,2384,2026-07-25T12:15:22Z,de,"['Deutsch', 'English']",2026-07-26,06-10-57,Sunday
320676398939,415858333,beterbabbit,138585,Hearthstone,2384,2026-07-25T19:11:47Z,en,['English'],2026-07-26,06-10-57,Sunday
320508058073,81687332,cloakzy,516866,Stalzone,2366,2026-07-25T19:49:37Z,en,"['English', 'Furry']",2026-07-26,06-10-57,Sunday
319662031968,75346877,brawlhalla,460316,Brawlhalla,2359,2026-07-25T14:47:54Z,en,"['Esports', 'fgc', 'English', 'fightinggames', 'Competitive', 'freetoplay', 'DropsEnabled']",2026-07-26,06-10-57,Sunday
316560842964,57116735,mistercop,29307,Path of Exile,2350,2026-07-24T17:59:51Z,ru,"['Русский', 'Шизофрения', 'Социопатия', 'фокусы', 'DropsВключены']",2026-07-26,06-10-57,Sunday
317082157943,175787099,irissiri129,509658,Just Chatting,2332,2026-07-25T18:09:31Z,zh-hk,"['粵語', 'HongKong', 'Dance', 'asiangirl', 'urgot', 'League', 'English', 'korean', 'Chinese']",2026-07-26,06-10-57,Sunday
317726515928,141114265,kingwoolz,509658,Just Chatting,2321,2026-07-25T22:53:22Z,en,['English'],2026-07-26,06-10-57,Sunday
318605856343,712201914,lydiaviolet,21779,League of Legends,2321,2026-07-25T18:13:16Z,en,['English'],2026-07-26,06-10-57,Sunday
316219381105,896388738,henyathegenius,509658,Just Chatting,2319,2026-07-25T22:49:30Z,en,"['English', 'Vtuber', '日本語', 'Bilingual', 'Henya', 'HenyaTheGenius', 'へにゃ', 'Anime', 'Japanese']",2026-07-26,06-10-57,Sunday
318028381669,55867919,agromorph,29307,Path of Exile,2312,2026-07-25T19:54:32Z,ru,"['Русский', 'дофаминовыекачели', 'дофаминовоеголодание', 'DropsВключены']",2026-07-26,06-10-57,Sunday
316527360598,735937795,uraniumrr,509658,Just Chatting,2310,2026-07-25T19:05:24Z,ru,['Русский'],2026-07-26,06-10-57,Sunday
320509272153,810617325,megalodonvt,509658,Just Chatting,2295,2026-07-25T21:00:51Z,en,"['English', 'vtuber', 'sharkussy', 'ADHD', 'Mega', 'vtubers', 'sharkvtuber', 'Purple', 'shark']",2026-07-26,06-10-57,Sunday
318025680997,129625799,necros,1264310518,Marvel Rivals,2281,2026-07-25T16:05:50Z,en,"['Spiderman', 'blackpanther', 'daredevil', 'deadpool', 'blackcat', 'vtuber', 'femboy', 'English']",2026-07-26,06-10-57,Sunday
319593372252,25458544,sequisha,2009321156,Dark and Darker,2270,2026-07-25T09:16:23Z,en,"['English', 'Solo', 'comedy', 'DropsEnabled']",2026-07-26,06-10-57,Sunday
318606520919,38746172,esfandtv,509672,IRL,2256,2026-07-25T19:19:26Z,en,['English'],2026-07-26,06-10-57,Sunday
316528024406,189795522,limitlessqt,29595,Dota 2,2244,2026-07-25T20:43:25Z,ru,['Русский'],2026-07-26,06-10-57,Sunday
316564380756,1054415157,suduwub7,29452,Virtual Casino,2244,2026-07-25T09:16:57Z,pt,['Português'],2026-07-26,06-10-57,Sunday
316564382548,1054414878,jequrub9,498566,Slots,2239,2026-07-25T09:17:32Z,en,['English'],2026-07-26,06-10-57,Sunday
319599762140,116142296,zerbs,491487,Dead by Daylight,2220,2026-07-25T21:03:01Z,en,['English'],2026-07-26,06-10-57,Sunday
317083534583,65139903,edrick_o7,66170,Warframe,2217,2026-07-25T21:51:29Z,en,"['English', 'WFCC', 'MR36', 'SNOBB', 'DropsEnabled']",2026-07-26,06-10-57,Sunday
316282547827,147242239,xhalli4x,27471,Minecraft,2205,2026-07-25T15:14:24Z,ja,['日本語'],2026-07-26,06-10-57,Sunday
318467602294,64266257,rinasplays,1597660489,RESIDENT EVIL: requiem,2134,2026-07-25T16:59:45Z,pt,"['Português', 'RPG', 'soulslike', 'gameplay', 'darksouls2scholarfirstsin', 'SekiroShadowsDieTwice', 'ResidentEvill']",2026-07-26,06-10-57,Sunday
320677934683,87803283,the_happy_hob,1064893715,Resident Evil 3,2131,2026-07-25T20:41:16Z,en,"['NECK', 'DONK', 'ADHD', 'Zoomer', 'British', 'SpanishAswell', 'English']",2026-07-26,06-10-57,Sunday
318093338598,29565445,h0llylp,516915,Mortal Shell,2118,2026-07-25T15:33:08Z,de,['Deutsch'],2026-07-26,06-10-57,Sunday
319595694556,48533154,bawkbasoup,293693714,Resident Evil 2,2099,2026-07-25T15:43:15Z,en,"['GodGamer', 'GamerGod', 'English', 'Canada', 'ADHD', 'Horror', 'Canadian']",2026-07-26,06-10-57,Sunday
316498390485,598365549,xah0b,509658,Just Chatting,2077,2026-07-25T20:57:41Z,ru,"['Русский', 'СиськиТут', 'Ханов', 'Hanov', 'СиндромДауна', 'СосуСтинтику', 'НародныйСтример', 'ДелаетРазницу', 'Пахан', 'КиркЖив67']",2026-07-26,06-10-57,Sunday
317082126455,567928581,mooda,516575,VALORANT,2077,2026-07-25T18:04:37Z,en,['English'],2026-07-26,06-10-57,Sunday
316498331477,512901888,s_chilla,32399,Counter-Strike,2070,2026-07-25T20:46:35Z,ru,['Русский'],2026-07-26,06-10-57,Sunday
317885731047,111971097,pchal,1982936547,Pokémon,2028,2026-07-25T19:15:05Z,en,"['Nuzlocke', 'RockClimbing', 'Techno', 'AdderallEnjoyer', 'Polyamorous', 'ClubMate', 'Washed', 'PlatinumKaizo', 'nuzlockeinvitational', 'BalDHD']",2026-07-26,06-10-57,Sunday
316282322291,16677765,qttsix,29307,Path of Exile,2025,2026-07-25T14:22:38Z,zh,"['中文', '启用掉宝']",2026-07-26,06-10-57,Sunday
316569097940,806175043,lizabaktt,509658,Just Chatting,2020,2026-07-25T21:02:53Z,ru,"['Русский', 'DropsВключены']",2026-07-26,06-10-57,Sunday
318095421158,198939622,onlyjson,32982,Grand Theft Auto V,2006,2026-07-25T18:34:26Z,de,"['gtavrproleplay', 'Deutsch', 'NARCOCITY', 'fivem', 'Unterhaltung', 'gta']",2026-07-26,06-10-57,Sunday
317336681699,61812950,otzdarva,1264310518,Marvel Rivals,1987,2026-07-25T16:13:32Z,en,"['English', 'DropsEnabled']",2026-07-26,06-10-57,Sunday
320505249753,59302497,diaphone_,630009802,MARVEL TŌKON: Fighting Souls,1969,2026-07-25T17:05:10Z,en,"['English', 'FGC', 'DropsEnabled']",2026-07-26,06-10-57,Sunday
316226083442,197367758,hennie2001,1282866981,Delta Force,1947,2026-07-25T12:15:07Z,zh,"['中文', '台V', 'Vtuber', '启用掉宝']",2026-07-26,06-10-57,Sunday
316493626197,729639945,perra,509658,Just Chatting,1936,2026-07-25T08:17:39Z,sv,"['Svenska', 'Norsk', 'IRL', 'ADHD', 'English', 'Fat', 'DropsAktiverat']",2026-07-26,06-10-57,Sunday
317298082274,173713008,waolol1,21779,League of Legends,1904,2026-07-25T19:22:43Z,fr,['Français'],2026-07-26,06-10-57,Sunday
318605947380,63602976,skipnho,509658,Just Chatting,1884,2026-07-25T21:11:15Z,pt,['Português'],2026-07-26,06-10-57,Sunday
318602983156,128775333,coreano,516575,VALORANT,1863,2026-07-25T14:21:26Z,pt,"['Português', 'DropsAtivados']",2026-07-26,06-10-57,Sunday
320472122329,51115394,midnightsumo,509658,Just Chatting,1841,2026-07-23T23:50:08Z,en,"['English', 'Japan', 'Sumo', 'Wrestling', 'ADHD', 'Pokemon', 'Japanese', 'Food', 'Travel', 'NotACat']",2026-07-26,06-10-57,Sunday
317083807095,31062476,fobm4ster,209738946,Wuthering Waves,1828,2026-07-25T22:32:34Z,en,"['English', 'DropsEnabled']",2026-07-26,06-10-57,Sunday
318469061622,502014446,valorant_br,516575,VALORANT,1824,2026-07-25T20:07:53Z,pt,['Português'],2026-07-26,06-10-57,Sunday
317883749607,81121152,hyver,509658,Just Chatting,1797,2026-07-25T16:34:55Z,ru,['Русский'],2026-07-26,06-10-57,Sunday
317297430114,198040640,keshaeuw,21779,League of Legends,1745,2026-07-25T18:17:12Z,en,"['English', 'AUTISM', 'LOUD', 'FUNNY', 'CHALLENGER', 'SMART', 'DISABLED', 'NUNU', 'SWEDISH']",2026-07-26,06-10-57,Sunday
317298396258,110016424,kiliratv,66082,Games + Demos,1744,2026-07-25T19:58:00Z,fr,['Français'],2026-07-26,06-10-57,Sunday
318468757750,547228834,nzaotv,624536948,EA Sports FC 26,1698,2026-07-25T19:28:25Z,pt,['Português'],2026-07-26,06-10-57,Sunday
318606352244,194749904,yayahuz,509658,Just Chatting,1691,2026-07-25T22:00:09Z,pt,"['LOUD', 'Português']",2026-07-26,06-10-57,Sunday
319537253598,1200831758,caseoh247,509658,Just Chatting,1677,2026-07-25T19:00:12Z,en,"['caseoh', 'Caseohgames', 'VOD', 'reruns', 'Rerun', 'English']",2026-07-26,06-10-57,Sunday
319596602332,133118594,mingo,460630,Rainbow Six Siege,1662,2026-07-25T17:03:14Z,en,['English'],2026-07-26,06-10-57,Sunday
318605826135,36439445,darthmicrotransaction,29307,Path of Exile,1645,2026-07-25T18:09:49Z,en,"['English', 'DropsEnabled']",2026-07-26,06-10-57,Sunday
318017302629,1500018585,noway24u,21779,League of Legends,1622,2026-07-24T19:24:24Z,de,['Deutsch'],2026-07-26,06-10-57,Sunday
318027505125,168492696,phantasm__,21779,League of Legends,1622,2026-07-25T18:42:30Z,en,['English'],2026-07-26,06-10-57,Sunday
317339181923,610562011,walidacherchour,509658,Just Chatting,1607,2026-07-25T20:41:24Z,fr,['Français'],2026-07-26,06-10-57,Sunday
318607515479,180671441,akanemsko,509672,IRL,1607,2026-07-25T20:46:39Z,en,"['English', 'IRL', 'finnish', 'justchatting', '中文']",2026-07-26,06-10-57,Sunday
318094050278,449455341,elquaria,509658,Just Chatting,1606,2026-07-25T16:41:20Z,de,"['gamergirl', 'Schweiz', 'Deutsch', 'justchatting', 'valorant', 'Horror', 'Shooter']",2026-07-26,06-10-57,Sunday
317337083107,140846786,fugu_fps,1820378900,Resident Evil 4,1590,2026-07-25T16:57:12Z,fr,['Français'],2026-07-26,06-10-57,Sunday
318605378007,512190147,meesterkeem,509672,IRL,1587,2026-07-25T17:21:00Z,en,"['IRL', 'Asian', 'Anime', 'VTuber', 'English', 'agent00', 'pokemon', 'extraemily', 'kaicenat', 'streameruniversity']",2026-07-26,06-10-57,Sunday
320569237338,660747188,jshock9nine,509672,IRL,1586,2026-07-25T22:52:29Z,en,"['English', 'livestream', 'IRL', 'justcchatting', 'justchattingandgaming', 'IrishStreamer', 'IRLstreams']",2026-07-26,06-10-57,Sunday
318608020055,87890182,marved6,516575,VALORANT,1567,2026-07-25T21:31:20Z,en,"['English', 'DropsEnabled']",2026-07-26,06-10-57,Sunday
318469908598,142321038,xandfps,29452,Virtual Casino,1539,2026-07-25T21:50:37Z,pt,['Português'],2026-07-26,06-10-57,Sunday
318091914854,636587384,alveussanctuary,272263131,"Animals, Aquariums, and Zoos",1539,2026-07-25T13:01:57Z,en,"['English', 'TogetherForGood', 'purplemartins', 'Charity']",2026-07-26,06-10-57,Sunday
319596443484,22510310,gamesdonequick,14660,Diddy Kong Racing,1538,2026-07-25T16:50:22Z,en,"['English', 'Speedrun']",2026-07-26,06-10-57,Sunday
320561601370,470975603,anabanana,461221,MARVEL Contest of Champions,1538,2026-07-25T15:06:23Z,es,"['Español', 'English', 'Woman', 'womangamer', 'ccp', 'drops', 'DropsActivados']",2026-07-26,06-10-57,Sunday
316526883158,101204178,jamside,2132205352,Deadlock,1530,2026-07-25T18:07:16Z,ru,"['Русский', 'English', 'MONKEY', 'ape', 'Gorilla']",2026-07-26,06-10-57,Sunday
318606869463,514775924,arrowcs,32399,Counter-Strike,1516,2026-07-25T19:51:06Z,en,['English'],2026-07-26,06-10-57,Sunday
316496143189,414761344,ya4iller,29595,Dota 2,1501,2026-07-25T15:49:00Z,ru,"['Русский', 'dota2', 'EPL', 'EPLMasters', 'Masters', 'EuropeanProLeagueMasters', 'Lynx']",2026-07-26,06-10-57,Sunday
317725077208,219320931,vanswarpedtour,26936,Music,1498,2026-07-25T19:45:23Z,en,"['MusicEvents', 'Rock', 'emo', 'PunkMusic', 'musicfestival', 'MusicTalk', 'warpedtour', 'English', 'AmazonMusic']",2026-07-26,06-10-57,Sunday
316569044052,40855047,qlnek,33214,Fortnite,1489,2026-07-25T20:54:22Z,pl,"['Polski', 'DropyWłączone']",2026-07-26,06-10-57,Sunday
320508282457,24538518,sneakylol,21779,League of Legends,1463,2026-07-25T20:02:02Z,en,['English'],2026-07-26,06-10-57,Sunday
320676262491,188965645,nohandsgamer,138585,Hearthstone,1450,2026-07-25T19:04:14Z,en,"['English', 'Standard', 'hearthstone', 'OlderStreamer']",2026-07-26,06-10-57,Sunday
318470608886,500114455,sharkfps_,29452,Virtual Casino,1445,2026-07-25T23:04:17Z,pt,['Português'],2026-07-26,06-10-57,Sunday
316526817238,174141858,elina,18707,Grand Theft Auto IV,1422,2026-07-25T17:59:08Z,en,"['English', 'swedish', 'woman', 'stinky', 'ADHD', 'female', 'Interactive', 'Chatty']",2026-07-26,06-10-57,Sunday
316222318706,25202416,shuteye_orange,509658,Just Chatting,1414,2026-07-24T15:09:10Z,zh,"['中文', '恐怖遊戲', 'Horror', 'horrorgames', '恐怖', '燕雲十六聲', 'wherewindsmeet']",2026-07-26,06-10-57,Sunday
317297844706,844443492,rinpenrose,181292138,Splatoon RAIDERS,1411,2026-07-25T19:00:04Z,en,"['Vtuber', 'English', 'BLÅHAJ', 'johnvtuber', 'rinpenrose2']",2026-07-26,06-10-57,Sunday
316565361748,186818440,delaney,500188,Hunt: Showdown 1896,1397,2026-07-25T12:12:55Z,en,"['English', 'Crytek', 'gamedev', 'DropsEnabled']",2026-07-26,06-10-57,Sunday
320504607193,141429177,flats,1931693784,Pokémon Champions,1391,2026-07-25T16:21:36Z,en,['English'],2026-07-26,06-10-57,Sunday
316525153622,25604128,guit88man,4157,Medal of Honor: Allied Assault,1391,2026-07-25T13:59:42Z,ru,['Русский'],2026-07-26,06-10-57,Sunday
319665490656,24124090,datmodz,29307,Path of Exile,1388,2026-07-25T19:41:30Z,en,"['AMA', 'English', 'DropsEnabled']",2026-07-26,06-10-57,Sunday
318027115621,835322699,lizok_ssk,29595,Dota 2,1380,2026-07-25T18:10:27Z,ru,"['бассейн', 'Женщина', 'дота2', '5кммр', 'микроволновка', 'Украина', 'Русский', 'Українська']",2026-07-26,06-10-57,Sunday
320678037979,97925746,dontfightducks,518184,Phasmophobia,1379,2026-07-25T20:47:53Z,en,"['English', 'ClosedCaptions', 'LGBTQIAPlus', 'vtuber', 'chill', 'Phasmophobia', 'Solo', 'Drops', 'DropsEnabled']",2026-07-26,06-10-57,Sunday
316565262420,130313947,dmitry_bale,1264310518,Marvel Rivals,1377,2026-07-25T11:56:29Z,ru,"['Vtuber', 'Русский', 'Новинки', 'Игры', 'Общение', 'DropsВключены']",2026-07-26,06-10-57,Sunday
318599679447,1305342529,theburntpeanut_247,499973,Always On,1376,2026-07-25T03:51:28Z,en,"['English', 'VOD', 'Rerun', 'arcraiders', 'tobacco']",2026-07-26,06-10-57,Sunday
318607366487,71987056,neenoh,500188,Hunt: Showdown 1896,1376,2026-07-25T20:32:59Z,en,"['English', 'Dad', 'chill', 'DropsEnabled']",2026-07-26,06-10-57,Sunday
320508760793,40754777,masondota2,29595,Dota 2,1370,2026-07-25T20:30:29Z,en,"['English', 'clown', 'horni']",2026-07-26,06-10-57,Sunday
319596039132,218335584,eldeathly,27471,Minecraft,1365,2026-07-25T16:14:10Z,en,"['mcsr', 'mcsrranked', 'swordmc', 'English', 'minecraft', 'PvP', 'moneysmp', 'MCCI']",2026-07-26,06-10-57,Sunday
315842846163,171506994,benjamool,509672,IRL,1358,2026-07-25T10:28:33Z,de,"['Deutsch', 'IRL', 'Lost', 'Reisen', 'Outdoors', 'Ghana', 'DropsAktiviert']",2026-07-26,06-10-57,Sunday
319599102044,1508397237,wyllunderscore,27471,Minecraft,1354,2026-07-25T20:14:26Z,en,['English'],2026-07-26,06-10-57,Sunday
316219094897,41670870,mrtiboute,518184,Phasmophobia,1348,2026-07-25T20:28:14Z,fr,"['Français', 'Phasmophobia', 'horrrorgames', 'horreur', 'DropsActivés']",2026-07-26,06-10-57,Sunday
320509247065,26154978,sykkuno,210472759,Shift at Midnight,1342,2026-07-25T20:59:28Z,en,['English'],2026-07-26,06-10-57,Sunday
319664309984,139745227,luality,1630982727,Where Winds Meet,1329,2026-07-25T18:10:42Z,en,"['English', 'RPG', 'drops', 'ChallengeRun', 'girl', 'bnuy', 'DropsEnabled']",2026-07-26,06-10-57,Sunday
317081268727,649885352,kattpaccino,509658,Just Chatting,1329,2026-07-25T15:02:56Z,en,"['kattpaccino', 'English', 'Funny', 'irl', 'blonde', 'tryonhaul', 'DropsEnabled']",2026-07-26,06-10-57,Sunday
316556094164,1494360677,caedrel247,499973,Always On,1325,2026-07-24T00:29:36Z,en,"['247', 'LCK', 'LPL', 'LEC', 'LOLESPORTS', 'CAEDREL', 'LEAGUEOFLEGENDS', 'English', 'Rerun', 'Variety']",2026-07-26,06-10-57,Sunday
317885230439,49711509,jani,1669431183,DJs,1324,2026-07-25T18:34:48Z,de,"['DJ', 'English', 'ohyeah', 'Deutsch', 'WorldMusic', 'Festival', 'Techno', 'Mainstage', 'mixedstyles', 'EDM']",2026-07-26,06-10-57,Sunday
319651623904,32064652,cochard,509658,Just Chatting,1317,2026-07-24T21:19:08Z,en,"['English', 'Variety', 'charming', 'cool', 'women', 'FEET', 'elderly', 'asian', 'Multilingual', 'liar']",2026-07-26,06-10-57,Sunday
317337671907,144274705,pesh,509658,Just Chatting,1316,2026-07-25T18:00:50Z,it,"['Italiano', 'pelato']",2026-07-26,06-10-57,Sunday
319662058848,42351817,kenknobi,2009321156,Dark and Darker,1313,2026-07-25T14:51:19Z,en,"['English', 'DarkandDarker', 'DropsEnabled']",2026-07-26,06-10-57,Sunday
318603286359,125953517,y4mi,2009321156,Dark and Darker,1302,2026-07-25T10:12:47Z,en,"['English', 'twinkmaxxing', 'notafemboy', 'DropsEnabled']",2026-07-26,06-10-57,Sunday
316526244950,157644799,bandospapa,509658,Just Chatting,1297,2026-07-25T16:41:49Z,ru,"['вышиваниекрестиком', 'клуб', 'Москва', 'Саморазвитие', 'Духовноесовершенствование', 'просвещение', 'спорт', 'ЖиваяМузыка', 'Русский', 'бои']",2026-07-26,06-10-57,Sunday
317725567704,24174314,zikzlol,516575,VALORANT,1289,2026-07-25T20:47:51Z,en,"['English', 'DropsEnabled']",2026-07-26,06-10-57,Sunday
317723661656,1076369409,jakeydavies,509658,Just Chatting,1284,2026-07-25T16:19:41Z,en,['English'],2026-07-26,06-10-57,Sunday
320508572505,12338326,formal,796500915,Halo: Campaign Evolved,1284,2026-07-25T20:18:47Z,en,['English'],2026-07-26,06-10-57,Sunday
316528120790,110812074,relaxcis,516575,VALORANT,1270,2026-07-25T21:00:08Z,ru,"['Русский', 'valorant', 'deadinside', '89squad', 'Freak', 'masterscostream', 'DropsВключены']",2026-07-26,06-10-57,Sunday
318096604774,126902046,lobanjicaa,498566,Slots,1268,2026-07-25T20:12:18Z,en,"['English', 'gambling', 'slots', 'funny', 'counterstrike', 'cs2', 'cases', 'reactions']",2026-07-26,06-10-57,Sunday
318097623398,1188677689,furo99,509658,Just Chatting,1258,2026-07-25T21:54:44Z,de,['Deutsch'],2026-07-26,06-10-57,Sunday
319598097884,40797938,kirsche,509658,Just Chatting,1239,2026-07-25T19:01:01Z,en,"['vtuber', 'CripplingAutismGang', 'TriggerWarning', 'MentallyDisabled', 'finsub', 'Educational', 'EthicalJournalism', 'WhiteDemon', 'ForeskinDenial', 'DryBeating']",2026-07-26,06-10-57,Sunday
316497737941,583196385,saltysoya,509659,ASMR,1228,2026-07-25T19:16:44Z,en,['English'],2026-07-26,06-10-57,Sunday
318030010085,915643512,slipdebain__,21779,League of Legends,1223,2026-07-25T22:44:22Z,fr,"['Français', 'Suisse']",2026-07-26,06-10-57,Sunday
319537224414,504092968,djmissshelton,1669431183,DJs,1213,2026-07-25T18:58:21Z,en,"['English', 'Music', 'DJ', 'Party', 'Deutschlernen']",2026-07-26,06-10-57,Sunday
316566059476,20567961,ziqoftw,18122,World of Warcraft,1205,2026-07-25T14:07:45Z,en,"['English', 'rank1', 'funny', 'ziqo', 'pvp', 'Hardcore', 'ZNN', 'midnight', 'Clasicplus']",2026-07-26,06-10-57,Sunday
317725452376,544213766,valorant_la,516575,VALORANT,1200,2026-07-25T20:31:58Z,es,"['Español', 'valorant', 'Esports', 'shooters', 'Valo', 'valorant', 'live', '5v5']",2026-07-26,06-10-57,Sunday
320675983451,41939266,gosu,21779,League of Legends,1198,2026-07-25T18:49:40Z,en,['English'],2026-07-26,06-10-57,Sunday
318540992501,44099416,rakin,29307,Path of Exile,1189,2026-07-25T19:26:06Z,pt,"['Português', 'DropsAtivados']",2026-07-26,06-10-57,Sunday
319601053276,250290747,drdonutttttt,27471,Minecraft,1185,2026-07-25T22:39:25Z,en,"['English', 'server', 'survival', 'smp', 'speedrun', 'mcsr', 'DonutSMP', 'mcsrranked']",2026-07-26,06-10-57,Sunday
319667973088,32645411,tampaneversleeps,630009802,MARVEL TŌKON: Fighting Souls,1185,2026-07-25T22:50:38Z,en,"['English', 'fgc', 'fighting', 'games', 'fightinggames', 'tournament', 'DropsEnabled']",2026-07-26,06-10-57,Sunday
320562370394,14410317,ezekiel_iii,1554543571,Photomaly,1175,2026-07-25T16:05:45Z,en,"['English', 'ADHD', 'humor', 'ClosedCaptions']",2026-07-26,06-10-57,Sunday
317723434072,170600136,jaygriffyuh,2009321156,Dark and Darker,1173,2026-07-25T15:39:29Z,en,"['RANK1', 'THEBEST', 'DARKANDDARKER', 'Wizard', 'English', 'solo', 'highroller', 'DaD', 'ProdigyRP', 'DropsEnabled']",2026-07-26,06-10-57,Sunday
318606652404,276705154,gambitzeros,509658,Just Chatting,1172,2026-07-25T22:33:10Z,pt,"['Português', 'Bigode']",2026-07-26,06-10-57,Sunday
320568292698,175637409,miffoo,490377,Sea of Thieves,1153,2026-07-25T22:00:18Z,en,"['English', 'DropsEnabled']",2026-07-26,06-10-57,Sunday
317321588324,566450150,noto_off,32982,Grand Theft Auto V,1151,2026-07-25T18:24:23Z,fr,"['GTARP', 'noto', 'Français', 'fun', 'FlashbackWL']",2026-07-26,06-10-57,Sunday
320679190747,230583557,itskxtlyn,499003,VRChat,1151,2026-07-25T21:55:32Z,en,"['English', 'ASMR', 'Vtuber', 'brat', 'meowmeowmeowmeow', 'ENVtuber']",2026-07-26,06-10-57,Sunday
319600414684,79698024,jabroni_mike,630009802,MARVEL TŌKON: Fighting Souls,1151,2026-07-25T21:51:40Z,en,"['English', 'DropsEnabled']",2026-07-26,06-10-57,Sunday
319599724380,96161915,dooleynoted,493174,Jackbox Party Packs,1147,2026-07-25T21:00:17Z,en,"['English', 'Vtuber', 'gaming', 'Comedy', 'Spyro']",2026-07-26,06-10-57,Sunday
318602081524,140772558,baiano,21779,League of Legends,1145,2026-07-25T08:57:44Z,pt,"['Português', 'CBLOL', 'LOUD', 'paiN', 'VKS', 'FURIA', 'IlhadasLendas', 'idl', 'ILHA', 'DropsAtivados']",2026-07-26,06-10-57,Sunday
315800613073,760762515,playermakertv,498566,Slots,1145,2026-07-25T22:18:29Z,es,"['Español', 'casino', 'dinero', 'regalo', 'España', 'Argentina', 'ruleta', 'LiveCasino', 'timba', 'megafireblaze']",2026-07-26,06-10-57,Sunday
318029899109,1393067649,pr1orman,29452,Virtual Casino,1136,2026-07-25T22:27:45Z,ru,['Русский'],2026-07-26,06-10-57,Sunday
320677686619,191556021,dotodoya,630009802,MARVEL TŌKON: Fighting Souls,1126,2026-07-25T20:26:06Z,en,"['English', 'DropsEnabled']",2026-07-26,06-10-57,Sunday
317083581047,24687283,jorbs,1435206302,Slay the Spire II,1123,2026-07-25T21:58:42Z,en,"['English', 'nobackseating', 'lurkerswelcome']",2026-07-26,06-10-57,Sunday
318096146022,625831970,basssultanhengzt45,498566,Slots,1122,2026-07-25T19:33:34Z,de,['Deutsch'],2026-07-26,06-10-57,Sunday
318090316262,38562519,piotrmaciejczak,29307,Path of Exile,1121,2026-07-25T09:50:07Z,pl,"['Polski', 'Hardcore', 'aRPG', 'AYAYA', 'Polska', 'Poland', 'DropyWłączone']",2026-07-26,06-10-57,Sunday
317337405027,60413469,femimarss,509658,Just Chatting,1119,2026-07-25T17:31:23Z,fr,['Français'],2026-07-26,06-10-57,Sunday
319652660064,1206914478,jayasset,509658,Just Chatting,1119,2026-07-24T22:33:55Z,en,"['English', 'react', 'kaicenat', 'DDG', 'smokeandvibe', 'JAYASSET', 'GodIsGood', 'Funnymike', 'IShowSpeed', 'hype']",2026-07-26,06-10-57,Sunday
317337386083,645911728,khadim,32982,Grand Theft Auto V,1116,2026-07-25T17:29:03Z,fr,"['Français', 'DropsActivés', 'HeroWars']",2026-07-26,06-10-57,Sunday
320506666585,27787567,iateyourpie,1931693784,Pokémon Champions,1116,2026-07-25T18:32:20Z,en,"['English', 'PieCommunity']",2026-07-26,06-10-57,Sunday
320569267162,194430943,itsbenandkaren,743,Chess,1113,2026-07-25T22:53:47Z,en,"['English', 'chess']",2026-07-26,06-10-57,Sunday
316528355158,194922610,chubrikjke,29595,Dota 2,1112,2026-07-25T21:47:22Z,ru,"['4pos', 'psychoschizophrenia', 'ukraine', 'чубрики', 'Русский']",2026-07-26,06-10-57,Sunday
318096964198,825918871,slotshub_skillz,498566,Slots,1101,2026-07-25T20:44:24Z,el,['Ελληνικά'],2026-07-26,06-10-57,Sunday
317296704610,69592711,areliann,32982,Grand Theft Auto V,1099,2026-07-25T17:00:58Z,fr,"['Français', 'FlashbackWL', 'flashback']",2026-07-26,06-10-57,Sunday
317293988450,12585713,threedogg,11386,Metal Gear Solid 2: Sons of Liberty,1099,2026-07-25T11:08:36Z,en,"['English', 'NoBackseating']",2026-07-26,06-10-57,Sunday
317081852407,9092112,feliciaday,509658,Just Chatting,1094,2026-07-25T17:13:49Z,en,"['English', 'coop', 'Farming', 'fantasy', 'TV', 'feliciaday', 'supernatural', 'Guild', 'actor', 'farming']",2026-07-26,06-10-57,Sunday
318082797286,1406699577,chaosduoirl,509658,Just Chatting,1092,2026-07-24T16:00:30Z,hu,"['Hungarian', 'Magyar', 'IRL', 'ChaosDuo', 'Akos', 'Peti', 'DropokEngedélyezve']",2026-07-26,06-10-57,Sunday
317723137752,540056482,shanks_ttv,498566,Slots,1090,2026-07-25T14:28:51Z,en,['English'],2026-07-26,06-10-57,Sunday
319538204894,648199129,froggyloch,1040,Neopets: The Darkest Faerie,1079,2026-07-25T20:09:41Z,en,"['Chatty', 'Artist', 'WeaponizedADHD', 'Autism', 'FUBAR', 'English', 'Vtuber', 'MikmaqFirstNation', 'wumbologist']",2026-07-26,06-10-57,Sunday
318606762583,400999129,clout,23020,ROBLOX,1074,2026-07-25T19:41:44Z,en,"['English', 'DropsEnabled']",2026-07-26,06-10-57,Sunday
318091868774,269636706,gripey,33214,Fortnite,1069,2026-07-25T12:58:09Z,de,"['Deutsch', 'Fortnite', 'WAVEBOYS', 'Wave', 'drops', 'DropsAktiviert']",2026-07-26,06-10-57,Sunday
317726308312,42764895,jungroan,29307,Path of Exile,1065,2026-07-25T22:23:24Z,en,"['English', 'DropsEnabled']",2026-07-26,06-10-57,Sunday
320672409819,66656611,kerrty,500188,Hunt: Showdown 1896,1064,2026-07-25T14:48:27Z,en,"['English', 'Chatty', 'Horror', 'DropsEnabled']",2026-07-26,06-10-57,Sunday
319534741854,459898171,tenacitytv,30921,Rocket League,1060,2026-07-25T15:30:58Z,en,"['English', 'TTS', 'BaldStreamer', 'DropsEnabled']",2026-07-26,06-10-57,Sunday
317885976423,29795919,nl_kripp,494436328,The Bazaar,1057,2026-07-25T19:35:10Z,en,['English'],2026-07-26,06-10-57,Sunday
320560013018,37153210,zethiann,386821,Black Desert,1056,2026-07-25T11:29:00Z,en,"['English', 'DropsEnabled']",2026-07-26,06-10-57,Sunday
316528474710,936462056,klipitiy,32399,Counter-Strike,1055,2026-07-25T22:16:17Z,ru,"['cs2twitch', 'Русский']",2026-07-26,06-10-57,Sunday
318542753909,426471769,gabigolrp7,29452,Virtual Casino,1051,2026-07-25T22:51:42Z,pt,['Português'],2026-07-26,06-10-57,Sunday
320670836059,115994925,alphakep,30921,Rocket League,1049,2026-07-25T10:39:24Z,en,"['English', 'drops', 'NoAds', 'NoAdsAfterPreroll', 'DropsActive', 'pro', 'DropsEnable', 'rocketleague', 'Golf', 'DropsEnabled']",2026-07-26,06-10-57,Sunday
317298005474,73522739,phyzikk,512710,Call of Duty: Warzone,1047,2026-07-25T19:14:18Z,fr,['Français'],2026-07-26,06-10-57,Sunday
320510846553,1369581021,happyhappygal_vod,33214,Fortnite,1045,2026-07-25T22:30:32Z,en,"['English', 'happyhappygal', 'fortnite', 'christian', 'FamilyFriendly', 'ZeroBuild', 'Rerun', 'DropsEnabled']",2026-07-26,06-10-57,Sunday
315800504017,52615982,pieface23,624536948,EA Sports FC 26,1042,2026-07-25T21:45:04Z,en,"['English', 'eafc', 'fc26', 'footballmanager', 'Simulator', 'British', 'supermarketsimulator', 'darts', 'IRL', 'ırl']",2026-07-26,06-10-57,Sunday
319530761694,72414688,eduardo_hook,630009802,MARVEL TŌKON: Fighting Souls,1037,2026-07-25T04:21:13Z,en,"['English', 'DropsEnabled']",2026-07-26,06-10-57,Sunday
319600210908,782635718,gabrielbmorais,509658,Just Chatting,1032,2026-07-25T21:36:20Z,pt,"['Português', 'IRL']",2026-07-26,06-10-57,Sunday
315960869739,147788533,santadoto,29595,Dota 2,1030,2026-07-25T21:14:47Z,ru,"['китайскийчай', 'чай', 'ДОТА', 'DOTA', 'Русский', 'Santa', 'доброта', 'позитивныйвайб', 'пожилойСтример', 'розыгрыши']",2026-07-26,06-10-57,Sunday
319599759452,852883323,primatepaige,509672,IRL,1030,2026-07-25T21:02:51Z,en,"['English', 'DropsEnabled']",2026-07-26,06-10-57,Sunday
316498555477,827493147,sme6noy,32399,Counter-Strike,1028,2026-07-25T21:29:44Z,ru,"['Русский', 'общение', 'sme6noy']",2026-07-26,06-10-57,Sunday
316569362644,1359343972,phantomkillqq,27471,Minecraft,1026,2026-07-25T21:57:54Z,ru,"['Русский', 'dota', 'dota2', 'English']",2026-07-26,06-10-57,Sunday
317886390887,95830589,naitan,509658,Just Chatting,1026,2026-07-25T20:10:18Z,de,"['links', 'vegan', 'reaction', 'politik', 'debatte', 'antifa', 'Ally', 'justchatting', 'Deutsch', 'satire']",2026-07-26,06-10-57,Sunday
318606723188,956784486,surskity11,29452,Virtual Casino,1025,2026-07-25T22:40:23Z,pt,['Português'],2026-07-26,06-10-57,Sunday
318605487575,30079255,huskerrs,168648543,Battlefield 6,1024,2026-07-25T17:33:40Z,en,"['English', 'fps', 'KBM', 'Shooter', 'battleroyale', 'cod', 'EnhancedBroadcast', 'DropsEnabled']",2026-07-26,06-10-57,Sunday
318027485029,119638640,rakanoolive,509658,Just Chatting,1016,2026-07-25T18:40:49Z,ar,['العربية'],2026-07-26,06-10-57,Sunday
316526157398,794027038,lavieoubourse,32399,Counter-Strike,1013,2026-07-25T16:29:37Z,ru,['Русский'],2026-07-26,06-10-57,Sunday
315365483631,26513896,imls,21779,League of Legends,1008,2026-07-25T19:58:52Z,en,['English'],2026-07-26,06-10-57,Sunday
316495302997,148844345,roadhouse,515619,Pathfinder: Wrath of the Righteous,1006,2026-07-25T13:35:44Z,ru,['Русский'],2026-07-26,06-10-57,Sunday
317338263267,212167812,giankoextreme,1818418055,Slip & Skid,1003,2026-07-25T19:00:45Z,it,"['Italiano', 'paleolitico', 'educativo', 'minecraft', 'SaluteMentale', 'bimboago', 'animali', 'Mhanz', 'marvelsnap', 'zugu']",2026-07-26,06-10-57,Sunday
315815689554,24981496,hydramist,18122,World of Warcraft,1000,2026-07-25T13:38:35Z,en,"['English', 'PvP', 'wow', 'wowclassic', 'worldofwarcraft', 'Arena', 'mopclassic', 'MistsofPandaria', 'Priest', 'MMO']",2026-07-26,06-10-57,Sunday
320507311961,57191679,aramori,1264310518,Marvel Rivals,996,2026-07-25T19:08:05Z,en,"['Competitive', 'ProfessionalPlayers', 'girlgamer', 'catlover', 'WomanEnjoyer', 'HappyJoyousWhimsical', 'Sentinels', 'English', 'DropsEnabled']",2026-07-26,06-10-57,Sunday
316498145109,64173519,deadp47_,417969,Halo: The Master Chief Collection,996,2026-07-25T20:15:59Z,ru,['Русский'],2026-07-26,06-10-57,Sunday
318539583093,52120912,vascurado,33214,Fortnite,993,2026-07-25T16:16:13Z,pt,"['Português', 'DropsAtivados']",2026-07-26,06-10-57,Sunday
320569235418,234590282,smokecertified,509658,Just Chatting,990,2026-07-25T22:52:23Z,en,"['English', 'streameru', 'streameruniversity2026', 'kaicenatlive', 'kaicanet']",2026-07-26,06-10-57,Sunday
318097390822,218255467,canerkrd,509658,Just Chatting,987,2026-07-25T21:27:33Z,de,['Deutsch'],2026-07-26,06-10-57,Sunday
319666039008,12691278,ifcyipes,630009802,MARVEL TŌKON: Fighting Souls,984,2026-07-25T20:22:18Z,en,"['FGC', 'English', 'Vtuber', '2DVtuber', 'DropsEnabled']",2026-07-26,06-10-57,Sunday
315901433194,179896802,berticuss,509658,Just Chatting,984,2026-07-25T22:09:43Z,en,"['gaming', 'Australian', 'English', 'adhd', 'girl', 'Woman', 'meme', 'SweatPants', 'ObnoxiousBrightness', 'Treadmillstreamer']",2026-07-26,06-10-57,Sunday
318029912165,886649287,gusinis01,498566,Slots,981,2026-07-25T22:30:03Z,en,['English'],2026-07-26,06-10-57,Sunday
318026564709,127361301,antilipsi,21779,League of Legends,962,2026-07-25T17:25:46Z,el,"['Ελληνικά', 'greek', 'English', 'Lissandra', 'Deutsch', 'Challenger', 'Tier3', 'Κύπρος', 'Cyprus', 'Greece']",2026-07-26,06-10-57,Sunday
318029912293,886641797,grellsom,498566,Slots,962,2026-07-25T22:30:03Z,en,['English'],2026-07-26,06-10-57,Sunday
316527900118,442652832,sbolttt,32399,Counter-Strike,957,2026-07-25T20:23:11Z,ru,"['Русский', 'English']",2026-07-26,06-10-57,Sunday
317322386276,118786208,smooyacs,32399,Counter-Strike,956,2026-07-25T19:43:43Z,en,"['English', 'CS2', 'Giveaways', 's1mpleo', 'donk', '4000elo', 'RAGE', 'Esports', 'pro', 'CASESOPENING']",2026-07-26,06-10-57,Sunday
319666438752,139094686,punkdagod,630009802,MARVEL TŌKON: Fighting Souls,948,2026-07-25T20:54:19Z,en,"['Tournament', 'English', 'DropsEnabled']",2026-07-26,06-10-57,Sunday
320501754585,117083340,tpain,509672,IRL,947,2026-07-25T10:16:30Z,en,"['English', '3DModeling', '3dprinting', 'music']",2026-07-26,06-10-57,Sunday
320679157979,70661496,chica,509658,Just Chatting,945,2026-07-25T21:53:29Z,en,['English'],2026-07-26,06-10-57,Sunday
320505446105,133896185,sheefgg,491931,Escape from Tarkov,941,2026-07-25T17:18:32Z,en,"['English', 'NewPlayerFriendly', 'Chıll', 'BigBenisEnergy']",2026-07-26,06-10-57,Sunday
318605762263,451856419,hpduketv,32982,Grand Theft Auto V,932,2026-07-25T18:03:04Z,en,['English'],2026-07-26,06-10-57,Sunday
320503108441,27235948,adamvseverything,394568,RimWorld,931,2026-07-25T14:19:01Z,en,"['Chill', 'English', 'Challenge', 'Hardcore', 'GoodVibes', 'RimWorld', 'Satisfactory', 'NoBackseating', 'NoSpoilers', 'Guides']",2026-07-26,06-10-57,Sunday
320568567258,94875296,lululuvely,722824008,An Eggstremely Hard Game,931,2026-07-25T22:15:06Z,en,"['English', 'chill', 'Competive', 'DropsEnabled']",2026-07-26,06-10-57,Sunday
320674892507,45143025,poach,1282866981,Delta Force,927,2026-07-25T17:47:20Z,en,"['English', 'Competitive', 'Pro', 'Chill', 'FPS', 'drops', 'Educational', 'ExtractionShooter', 'DropsEnabled']",2026-07-26,06-10-57,Sunday
317321667684,39194732,narkuss_lol,21779,League of Legends,926,2026-07-25T18:32:44Z,fr,['Français'],2026-07-26,06-10-57,Sunday
320568506970,106937305,huke,2012789438,Call of Duty: Black Ops 7,923,2026-07-25T22:11:21Z,en,['English'],2026-07-26,06-10-57,Sunday
318606862167,452313289,astabush,509658,Just Chatting,920,2026-07-25T19:50:24Z,en,"['English', 'IRL', 'AstaBush']",2026-07-26,06-10-57,Sunday
318025113445,36998510,rob2628,515024,Diablo IV,919,2026-07-25T15:07:24Z,en,"['English', 'Deutsch', 'ARPG']",2026-07-26,06-10-57,Sunday
318605826036,206865739,zanfas_cenegal,1036710512,Palworld,912,2026-07-25T20:58:11Z,pt,"['Português', 'RPG', 'SurvivaI', 'Futebol', 'dota', 'TDAH']",2026-07-26,06-10-57,Sunday
317724890328,6896654,artosis,11989,StarCraft,909,2026-07-25T19:22:28Z,en,"['English', 'starcraft', 'StarCraft2', 'RTS']",2026-07-26,06-10-57,Sunday
320506279513,115659124,sanchovies,459931,Old School RuneScape,904,2026-07-25T18:08:27Z,en,['English'],2026-07-26,06-10-57,Sunday
317884398951,126101469,dirkneuenfels,1669431183,DJs,898,2026-07-25T17:30:53Z,de,"['StandupComedy', 'DJ', 'Charts', 'House', 'Musik', 'Party', 'LGBTＱ', 'Electronic', 'Techno', 'entertainment']",2026-07-26,06-10-57,Sunday
317712753880,197406569,thenicolet,509659,ASMR,893,2026-07-24T06:29:10Z,en,"['English', 'ENGLISH', 'ASMR', 'FINDOM', 'EGIRL', 'GIRL', 'feet', 'goddess', 'woman']",2026-07-26,06-10-57,Sunday
318025652069,810054395,maimaittv,509658,Just Chatting,893,2026-07-25T16:02:37Z,ja,"['日本語', '台灣', 'deadbydaylight', 'dbdcreator', '旅行', 'IRL', '雑談', '中文', 'English', 'Drops有効']",2026-07-26,06-10-57,Sunday
315839447763,59685493,cohh,499973,Always On,891,2026-07-24T12:00:05Z,en,"['ReRun', 'Cozy', 'GoodVibes', 'SFW', 'Parent', 'Chill', 'English']",2026-07-26,06-10-57,Sunday
316498494037,783026576,fasikqq_fn,32982,Grand Theft Auto V,890,2026-07-25T21:17:12Z,ru,"['руский', 'gta5rp', 'gucci', '5rp', 'gta5', 'Русский']",2026-07-26,06-10-57,Sunday
319668045536,166072194,runiktvlive,509658,Just Chatting,886,2026-07-25T22:55:48Z,en,"['English', 'Runik', 'Runiktv', 'Runiktvlive', 'streameruniversity2026']",2026-07-26,06-10-57,Sunday
317884955879,84539108,nisqyy,32982,Grand Theft Auto V,884,2026-07-25T18:13:11Z,fr,"['Français', 'Chıll', 'English', 'Europe', 'leagueoflegends', 'MOBA', 'Anime', 'movie', 'gaming', 'food']",2026-07-26,06-10-57,Sunday
319599620444,1352436412,amberrtyson,509672,IRL,882,2026-07-25T20:53:15Z,en,"['English', 'IRL', 'Female', 'Black', 'BlackCreators', 'streameruniversity', 'kaicenat', 'coco', 'amberrtyson', 'StreamerU']",2026-07-26,06-10-57,Sunday
319535864286,212682921,bobbypoffgaming,512710,Call of Duty: Warzone,882,2026-07-25T17:10:42Z,en,"['ScarfSquad', '7tv', 'English']",2026-07-26,06-10-57,Sunday
317297499362,622498423,otplol_,21779,League of Legends,879,2026-07-25T18:24:57Z,fr,"['Français', 'DropsActivés']",2026-07-26,06-10-57,Sunday
316567292628,45887494,westham,459931,Old School RuneScape,877,2026-07-25T17:02:53Z,en,"['English', 'DMAllstars2', 'Pking', 'osrsbmm']",2026-07-26,06-10-57,Sunday
318093489894,49901658,serpent,509658,Just Chatting,876,2026-07-25T15:48:50Z,nl,"['Nederlands', 'serpentgameplay', 'rickbroers', 'ruziemaken']",2026-07-26,06-10-57,Sunday
319664702560,142050471,scope,34134,Call of Duty: Black Ops II,876,2026-07-25T18:43:03Z,en,['English'],2026-07-26,06-10-57,Sunday
316568751444,450197949,abramovich,509658,Just Chatting,874,2026-07-25T20:09:59Z,ru,['Русский'],2026-07-26,06-10-57,Sunday
318093674086,574254875,clownpierce,27471,Minecraft,871,2026-07-25T16:04:22Z,en,"['English', 'RPG', 'minecraft', 'eldenring', 'Variety', 'clown', '18plus', '18plusstream', 'minecraft']",2026-07-26,06-10-57,Sunday
320677188059,80649665,nickdominates,509658,Just Chatting,864,2026-07-25T19:57:18Z,en,"['English', 'Italian', 'spanish', 'latin', 'newyorker', 'GayAsHell', 'bignose', 'Yapper', 'ADHDfriendly', 'dominican']",2026-07-26,06-10-57,Sunday
318608113367,588397817,jaystayup,32982,Grand Theft Auto V,862,2026-07-25T21:39:55Z,en,['English'],2026-07-26,06-10-57,Sunday
316568231252,69128875,valbina,516575,VALORANT,860,2026-07-25T19:00:07Z,ru,"['Русский', 'valorant', 'Badminton', 'Esports', 'VCTWatchParty', 'cybersport', 'betting']",2026-07-26,06-10-57,Sunday
320566250202,838519231,tippyhendrix,509663,Special Events,853,2026-07-25T20:01:39Z,en,"['English', 'Vtuber', 'feet', 'Furry', 'bonerpatrol', 'Autisitic', 'ADHD', 'yaoi', 'eHobo', 'girlfailure']",2026-07-26,06-10-57,Sunday
317320156772,91752888,lucasrojo,516575,VALORANT,851,2026-07-25T15:49:52Z,es,"['Español', 'valorant', 'DropsActivados']",2026-07-26,06-10-57,Sunday
317338723811,131917576,vivalafazza,494436328,The Bazaar,850,2026-07-25T19:47:09Z,it,['Italiano'],2026-07-26,06-10-57,Sunday
319665326048,500538599,mole,509658,Just Chatting,850,2026-07-25T19:29:03Z,en,"['irl', 'egirl', 'opium', 'based', 'girls', 'women', 'girl', 'feet', 'English']",2026-07-26,06-10-57,Sunday
320567570522,90222378,kruzadar,210472759,Shift at Midnight,849,2026-07-25T21:18:14Z,en,"['English', 'chill', 'English', 'funny', 'FleshTuber', 'Woman', 'gaming', 'comedy']",2026-07-26,06-10-57,Sunday
319666493792,634735100,nadia,509658,Just Chatting,848,2026-07-25T20:58:21Z,en,['English'],2026-07-26,06-10-57,Sunday
317323256548,989961963,monsieurfoxx,509658,Just Chatting,847,2026-07-25T21:27:48Z,fr,"['fr', 'france', 'francais', 'irl', 'chill', 'prevention', 'thread', 'horreur', 'reel', 'Français']",2026-07-26,06-10-57,Sunday
320677224795,23257020,ster,29307,Path of Exile,847,2026-07-25T19:59:20Z,en,"['English', 'DropsEnabled']",2026-07-26,06-10-57,Sunday
318607385175,7154733,typicalgamer,33214,Fortnite,847,2026-07-25T20:34:46Z,en,"['English', 'PC', 'Multiplayer', 'PvP', 'Fortnite', 'DropsEnabled']",2026-07-26,06-10-57,Sunday
318604923479,163830836,seereaxtv,630009802,MARVEL TŌKON: Fighting Souls,846,2026-07-25T16:25:55Z,en,"['English', 'plantbased', 'DropsEnabled']",2026-07-26,06-10-57,Sunday
317084004983,1234916684,steyeuh,509658,Just Chatting,839,2026-07-25T23:02:20Z,en,['English'],2026-07-26,06-10-57,Sunday
317081546487,955173538,thelorr,2009321156,Dark and Darker,839,2026-07-25T16:12:35Z,en,"['English', 'DropsEnabled']",2026-07-26,06-10-57,Sunday
316568816084,114610433,lollipop21k,32399,Counter-Strike,838,2026-07-25T20:18:54Z,ru,"['Русский', '21', 'pro', 'faceit', 'English', 'Belarusian', 'minskhouse', 'Espàñol', 'FPL', '4kelo']",2026-07-26,06-10-57,Sunday
317081099895,1056976283,alf_deutsch,499973,Always On,835,2026-07-25T14:05:32Z,de,"['Deutsch', 'ALF', 'Live', 'German', 'AlwaysOn', 'fernsehen', 'deutschland', 'film', 'filme', 'kinofilme']",2026-07-26,06-10-57,Sunday
317884892647,121676028,ashlizzlle,2748,Magic: The Gathering,835,2026-07-25T18:07:57Z,en,"['English', 'LGBTQ']",2026-07-26,06-10-57,Sunday
319600191580,40541068,methodz,2012789438,Call of Duty: Black Ops 7,833,2026-07-25T21:34:54Z,en,"['cdl', 'cod', 'OpTic', 'methodz', 'English', 'fps', 'movember']",2026-07-26,06-10-57,Sunday
316569328084,61776347,dianarice,21779,League of Legends,831,2026-07-25T21:49:54Z,ru,"['Русский', 'Аутизм', 'чуткапсихолог', 'вкусняшки', 'залупачес', 'воньговна', 'скебоб', 'мукбанг', 'АСМР', 'ASMR']",2026-07-26,06-10-57,Sunday
316568586708,133208673,redpandash,401587136,Arena Breakout: Infinite,828,2026-07-25T19:45:57Z,ru,"['Русский', 'PvP', 'вайбик', 'разговор', 'DropsВключены']",2026-07-26,06-10-57,Sunday
318539107317,124656692,seucreysonreborn,29595,Dota 2,820,2026-07-25T14:44:12Z,pt,"['Português', 'dota2', 'Coach', 'campeonato', 'campeão', 'CampeãoBrasileiro', 'MOBA']",2026-07-26,06-10-57,Sunday
317082817783,156961894,blackoutz,33214,Fortnite,819,2026-07-25T20:00:09Z,pt,"['Português', 'DropsAtivados']",2026-07-26,06-10-57,Sunday
318606258420,471175257,facada,509658,Just Chatting,818,2026-07-25T21:48:55Z,pt,"['facadarp', 'facada', 'Português']",2026-07-26,06-10-57,Sunday
318539513205,555300512,marvelsnap,1743359147,MARVEL SNAP,815,2026-07-25T16:04:46Z,en,"['English', 'marvel', 'marvelsnap', 'MarvelSnapCreator', 'SecondDinner', 'DropsEnabled']",2026-07-26,06-10-57,Sunday
316527510486,66628850,arrav,509658,Just Chatting,812,2026-07-25T19:26:20Z,en,"['English', 'Norway', 'powerlifter', 'Travel', 'IRL', 'Adventure', 'Survival']",2026-07-26,06-10-57,Sunday
316567623380,44057119,makatao,493057,PUBG: BATTLEGROUNDS,811,2026-07-25T17:47:19Z,ru,"['Русский', 'СпасибоЗаКачествоТвич', 'PvP', 'BattleRoyale', 'королевскаябитва']",2026-07-26,06-10-57,Sunday
318027283941,109652110,kayzahr,512710,Call of Duty: Warzone,810,2026-07-25T18:24:21Z,de,"['Deutsch', 'eldenlord', 'Competition', 'warzone', 'calldofduty', 'multifpschampion', 'kayzahr']",2026-07-26,06-10-57,Sunday
319667650400,748320738,therealtianamusarra,509672,IRL,809,2026-07-25T22:23:59Z,en,"['tianamusarra', 'English', 'Miami', 'grwm', 'Colombia', 'Italy', 'NewYork', 'streameruniversity']",2026-07-26,06-10-57,Sunday
317725178456,21442544,n0thing,32399,Counter-Strike,808,2026-07-25T19:58:15Z,en,"['English', 'pro', 'educational', 'golf', 'cooking', 'hockey', 'ADHD']",2026-07-26,06-10-57,Sunday
319580400348,105458682,bobross,509660,Art,806,2026-07-24T14:52:32Z,en,['English'],2026-07-26,06-10-57,Sunday
318604024180,544241532,mahmoojen,509658,Just Chatting,802,2026-07-25T17:22:47Z,pt,"['Português', 'game', 'ruim', 'hype', 'react']",2026-07-26,06-10-57,Sunday
319599123292,209428921,joewo,512710,Call of Duty: Warzone,801,2026-07-25T20:15:58Z,en,"['English', 'joewo', 'callofduty']",2026-07-26,06-10-57,Sunday
320549859802,752959475,k1m6a,499634,Crypto,801,2026-07-25T00:06:15Z,en,"['English', 'bitcoin', 'crypto', 'trading', 'cryptocurrency', 'cryptotrading', 'marketanalysis', 'howtotrade', 'solana', 'ethereum']",2026-07-26,06-10-57,Sunday
320675041499,29249710,skyshocktv,509658,Just Chatting,801,2026-07-25T17:56:19Z,es,"['Español', 'entretenimiento']",2026-07-26,06-10-57,Sunday
317295644514,18887776,moman,491931,Escape from Tarkov,798,2026-07-25T15:02:38Z,fr,"['Français', 'escapefromtarkov', 'EFT', 'tarkov', 'fps', 'CS', 'RP', 'gta', 'valorant', 'DropsActivés']",2026-07-26,06-10-57,Sunday
318605333620,30458295,frttt,516575,VALORANT,788,2026-07-25T20:03:24Z,pt,"['Português', 'DropsAtivados']",2026-07-26,06-10-57,Sunday
316497262549,1121596361,geass81,494184,Mobile Legends: Bang Bang,784,2026-07-25T18:17:51Z,ru,"['Русский', 'профик', 'профи', 'Профессионал']",2026-07-26,06-10-57,Sunday
318025912293,68261767,knister,32982,Grand Theft Auto V,783,2026-07-25T16:27:47Z,de,['Deutsch'],2026-07-26,06-10-57,Sunday
316497574997,24703194,neet,499003,VRChat,782,2026-07-25T18:55:51Z,en,"['cinema', 'Mute', 'VR', 'music', 'Pagan', 'Metal', 'IndieRock', 'cute', 'English']",2026-07-26,06-10-57,Sunday
318608763735,1166399875,ninadaddyisback,509672,IRL,782,2026-07-25T22:40:07Z,en,['English'],2026-07-26,06-10-57,Sunday
317320224868,91993388,sb737,27471,Minecraft,780,2026-07-25T15:57:44Z,en,"['English', 'minecraft', 'smp', 'pvp', 'lifesteal']",2026-07-26,06-10-57,Sunday
316569479380,71955255,nikitasudar,509658,Just Chatting,778,2026-07-25T22:28:03Z,ru,"['Русский', 'VituberRu', 'Vituber', 'ананас', 'аукцион', 'аук']",2026-07-26,06-10-57,Sunday
320568388058,110276214,cutedog_,29307,Path of Exile,777,2026-07-25T22:04:49Z,en,"['English', 'ASMR', 'Vtuber', 'Anime', 'girl', 'pregnant', 'Mindbreak', 'gyaru', 'Tentacles', 'DropsEnabled']",2026-07-26,06-10-57,Sunday
316498249941,178091065,dedbaldesh,509658,Just Chatting,776,2026-07-25T20:32:54Z,ru,['Русский'],2026-07-26,06-10-57,Sunday
315972132204,85289321,aldiyargh,498592,I'm Only Sleeping,776,2026-07-25T23:08:25Z,ru,"['Казахстан', 'казах', 'Русский', 'денежныйкорридор', 'емлошадей', 'казы', 'кумыс', 'шубат', 'чотам']",2026-07-26,06-10-57,Sunday
316528508630,52092222,rysiek,27546,World of Tanks,774,2026-07-25T22:25:54Z,pl,"['Polski', 'wot', 'worldoftanks', 'English', 'familyfriendly', 'cutestreamer', 'DropyWłączone']",2026-07-26,06-10-57,Sunday
319536473310,502910480,skratchbastid,1669431183,DJs,771,2026-07-25T18:00:22Z,en,"['DJ', 'English', 'live', 'music', 'vibes']",2026-07-26,06-10-57,Sunday
317883488871,84093291,tom_poker_nl,488190,Poker,770,2026-07-25T16:10:25Z,en,['English'],2026-07-26,06-10-57,Sunday
317726182616,1059470859,moonbuvr,499003,VRChat,769,2026-07-25T22:07:12Z,en,"['English', 'meowmeowmeowmeowmeowmeow', 'ASMR', 'applesauce', 'sillylittleguy']",2026-07-26,06-10-57,Sunday
317887768679,51522914,vinment,509658,Just Chatting,769,2026-07-25T22:46:10Z,ru,['Русский'],2026-07-26,06-10-57,Sunday
317338632419,255176033,shrcs,32399,Counter-Strike,765,2026-07-25T19:36:27Z,pt,"['Português', 'alto', 'Inteligente', 'bonito']",2026-07-26,06-10-57,Sunday
319661329888,706956310,daniela_aoe,13389,Age of Empires II,765,2026-07-25T13:17:57Z,en,"['AgeofEmpires', 'ranked', 'gaming', 'English', 'NoBackseating', 'aoe2DE']",2026-07-26,06-10-57,Sunday
318606011735,38708489,meteos,21779,League of Legends,764,2026-07-25T18:29:51Z,en,['English'],2026-07-26,06-10-57,Sunday
318605754199,85434198,powaslap,13332,Pokémon FireRed/LeafGreen,762,2026-07-25T18:02:23Z,en,"['IronMON', 'KaizoIronMON', 'Pokemon', 'Kaizo', 'Nuzlocke', 'SuperKaizo', 'vtuber', 'SmallAnt', 'pointcrow', 'Ludwig']",2026-07-26,06-10-57,Sunday
320673537755,81463115,kotton,813773698,ZeroSpace,760,2026-07-25T16:16:21Z,en,"['English', 'fps', 'survival', 'Strategy', '1440p', '2k']",2026-07-26,06-10-57,Sunday
317078452343,1418939132,missmikkaa247,499973,Always On,760,2026-07-25T03:48:38Z,en,"['Rerun', 'AlwaysOn', 'English']",2026-07-26,06-10-57,Sunday
317726453336,143762141,ezzmoandyoyo,509672,IRL,759,2026-07-25T22:43:25Z,en,['English'],2026-07-26,06-10-57,Sunday
317886735079,56907042,adamcrook,65632,DayZ,756,2026-07-25T20:41:39Z,en,"['English', 'DayZ', 'survival']",2026-07-26,06-10-57,Sunday
317298190434,80701170,zerotick_,21779,League of Legends,749,2026-07-25T19:33:58Z,fr,['Français'],2026-07-26,06-10-57,Sunday
320567591770,111297034,porcelainmaid,509658,Just Chatting,747,2026-07-25T21:19:28Z,en,"['VTuber', 'FirstPlaythrough', 'VoiceActing', 'Anime', 'English', 'Horror', 'artist', 'Cozy']",2026-07-26,06-10-57,Sunday
320510422873,187193172,zlaner,512953,ELDEN RING,746,2026-07-25T22:06:10Z,en,"['warzone', 'calldofduty', 'blackkops6', 'gaming', 'English', 'optic', 'arcraiders']",2026-07-26,06-10-57,Sunday
319661895904,101787976,anayan,461221,MARVEL Contest of Champions,740,2026-07-25T14:32:08Z,en,"['hehim', 'english', 'drops', 'mcocbgs', 'marvelcontestofchampions', 'partneredstreamer', 'dropsenabled', 'ccp', 'English', 'DropsEnabled']",2026-07-26,06-10-57,Sunday
320673962715,53792896,kekosix,32982,Grand Theft Auto V,740,2026-07-25T16:47:55Z,en,"['English', 'CopRP', 'FunnyRP', 'chillguy', 'sixers', 'HeadLinerRP', 'Act1']",2026-07-26,06-10-57,Sunday
318606033239,3102991,axialmatt,16967,The Legend of Zelda: The Wind Waker,739,2026-07-25T18:31:47Z,en,"['English', 'Hair', 'VarietyGaming', 'EEEEEEEE', 'SoftAlpha', 'gong', 'windwakerrandomizer', 'CrowdControl', 'CrowdControlActivated', 'WindWaker']",2026-07-26,06-10-57,Sunday
316565357908,68266211,whaazz,18122,World of Warcraft,731,2026-07-25T12:12:08Z,en,"['PvP', 'Arena', 'Rogue', 'Warrior', 'Monk', 'Druid', 'English', 'DemonHunter', 'Evoker']",2026-07-26,06-10-57,Sunday
315880250217,452328658,mizune__,509658,Just Chatting,731,2026-07-25T20:52:03Z,zh,"['sing', '中文']",2026-07-26,06-10-57,Sunday
320565153242,489155160,ranboolive,210472759,Shift at Midnight,729,2026-07-25T19:00:36Z,en,"['unhinged', 'funny', 'ranboo', 'English']",2026-07-26,06-10-57,Sunday
319600111708,53648099,warn,515025,Overwatch,727,2026-07-25T21:29:07Z,en,"['overwatch', 'Ranked', 'Competitive', 'ADHD', 'Ashe', 'drops', 'English', 'overwatch2', 'DropsEnabled']",2026-07-26,06-10-57,Sunday
318606268020,62654891,albatrox18,29307,Path of Exile,727,2026-07-25T21:49:51Z,pt,"['Português', 'DropsAtivados']",2026-07-26,06-10-57,Sunday
317725397848,849505301,mightaswellbemac,512710,Call of Duty: Warzone,725,2026-07-25T20:24:55Z,en,"['warzone', 'callofduty', 'rankedplay', 'HighEnergy', 'highkills', 'highkillgameplay', 'rebirthisland', 'BO7', 'bestintheworld', 'TopRanked']",2026-07-26,06-10-57,Sunday
317887289575,240992719,snkarma,21779,League of Legends,723,2026-07-25T21:40:05Z,de,"['Gragas', 'Mentality', 'Midlane', 'Deutsch', 'Challenger', 'lol', 'leagueoflegends', 'Educational', 'NoWay']",2026-07-26,06-10-57,Sunday
316566884948,137718813,namvseyasno,509658,Just Chatting,722,2026-07-25T16:10:12Z,ru,['Русский'],2026-07-26,06-10-57,Sunday
318025214309,65293646,inoiizy,34134,Call of Duty: Black Ops II,721,2026-07-25T15:18:32Z,de,"['german', 'deutsch', 'gym', 'Fitness', 'Groß', 'Deutsch']",2026-07-26,06-10-57,Sunday
315839566312,98117603,vertiigogaming,493959,Red Dead Redemption II,718,2026-07-25T19:10:59Z,en,"['roleplay', 'rp', 'red', 'dead', 'redemption', 'English']",2026-07-26,06-10-57,Sunday
317881294439,125464514,bluex2_,511399,Super Mario Maker 2,718,2026-07-25T12:13:37Z,de,"['Deutsch', 'Speedrun', 'Mario', 'Challenge', 'Entspannt', 'SuperMario', 'Nintendo', 'Weltrekordversuch']",2026-07-26,06-10-57,Sunday
319598916828,51123995,proze,512710,Call of Duty: Warzone,717,2026-07-25T20:00:43Z,fr,['Français'],2026-07-26,06-10-57,Sunday
320672693339,248600377,infume,27471,Minecraft,716,2026-07-25T15:11:20Z,en,"['English', 'Speedrun', 'DropsEnabled']",2026-07-26,06-10-57,Sunday
317298806114,246771012,d3ad_plays,491487,Dead by Daylight,711,2026-07-25T20:46:08Z,en,"['chill', 'English', 'Cozy', 'dbdcreator']",2026-07-26,06-10-57,Sunday
317887372903,465965405,tonnydun,263490,Rust,711,2026-07-25T21:51:01Z,en,"['English', 'crypto', 'chill', 'vibe', 'DropsEnabled']",2026-07-26,06-10-57,Sunday
317882712295,75309526,bucher,516575,VALORANT,711,2026-07-25T14:50:59Z,de,"['Deutsch', 'pro', 'Esports', 'radiant', 'DropsAktiviert']",2026-07-26,06-10-57,Sunday
318092501606,472526384,kelre0n,32982,Grand Theft Auto V,709,2026-07-25T14:05:00Z,de,"['Deutsch', 'gta', 'peak', 'RP', 'reaction', 'fivem', 'chaos']",2026-07-26,06-10-57,Sunday
318093536870,106318725,demonzz1,509658,Just Chatting,708,2026-07-25T15:54:12Z,pl,['Polski'],2026-07-26,06-10-57,Sunday
317082817271,1171752071,namo,509658,Just Chatting,706,2026-07-25T20:00:06Z,en,"['English', 'Vtuber', 'Comfy', 'PositiveVibes', 'Yuri', 'Hag', 'ChaoticCozy']",2026-07-26,06-10-57,Sunday
318542722677,61868550,bwipolol,21779,League of Legends,706,2026-07-25T22:48:05Z,en,"['Speedrunning', 'English', 'Challenger', 'soloqueue']",2026-07-26,06-10-57,Sunday
315879433449,154804469,yi_jiang,21779,League of Legends,706,2026-07-25T15:27:27Z,zh,"['中文', '爆脾氣', '上路', '鬼叫', '釣魚台', '最愛黑人']",2026-07-26,06-10-57,Sunday
319667579744,558401452,teige2k,509658,Just Chatting,699,2026-07-25T22:18:20Z,en,['English'],2026-07-26,06-10-57,Sunday
317885670503,103867423,xamar21,624536948,EA Sports FC 26,698,2026-07-25T19:09:56Z,de,"['xAmar21', 'Amar', 'Leckerboy21', 'Deutsch', 'Sport', 'Simulation', 'FootballFest']",2026-07-26,06-10-57,Sunday
318023572709,37810366,360chrism,6086,Super Mario Sunshine,697,2026-07-25T12:28:03Z,en,"['English', 'European']",2026-07-26,06-10-57,Sunday
315843258835,444473029,trisp,516866,Stalzone,697,2026-07-25T12:58:56Z,en,"['ANGRY', 'English', 'British', 'Mature', 'PunkPartner', 'TauCetiBroadcast', 'MarathonTheGame', 'LOUD', 'LoudStreamer', 'minecraft']",2026-07-26,06-10-57,Sunday
318469595254,834237081,facuuparejas,491487,Dead by Daylight,696,2026-07-25T21:10:57Z,es,['Español'],2026-07-26,06-10-57,Sunday
320505394137,28180821,onemanaleft,29307,Path of Exile,694,2026-07-25T17:15:13Z,en,"['English', 'DropsEnabled']",2026-07-26,06-10-57,Sunday
319663743456,559226522,jaytracerr,796500915,Halo: Campaign Evolved,694,2026-07-25T17:27:18Z,en,"['English', 'Coffee', 'chill', 'playthrough', 'Woman', 'Chatty', 'wlw', 'Cozy', 'DropsEnabled']",2026-07-26,06-10-57,Sunday
318469674742,36772976,tecnosh,493057,PUBG: BATTLEGROUNDS,693,2026-07-25T21:20:22Z,pt,"['Português', 'English']",2026-07-26,06-10-57,Sunday
320675545307,429907927,bushwacker,500188,Hunt: Showdown 1896,691,2026-07-25T18:24:06Z,en,"['English', 'Educational', 'feet', 'DropsEnabled']",2026-07-26,06-10-57,Sunday
318094842214,168348436,xrick75,32982,Grand Theft Auto V,690,2026-07-25T17:50:13Z,de,['Deutsch'],2026-07-26,06-10-57,Sunday
320678593115,582059483,vadriss,32982,Grand Theft Auto V,688,2026-07-25T21:20:01Z,en,"['English', 'Gay', 'femboy', 'LGBTQPlus', 'twitchprideguild']",2026-07-26,06-10-57,Sunday
317724770776,232951933,linkzzey,27471,Minecraft,687,2026-07-25T19:06:36Z,en,"['LetsPlay', 'English', 'Hardcore', 'SurvivaI', 'FamilyFriendly', 'Java', 'Singleplayer', 'ViewerRedemption', 'Chıll']",2026-07-26,06-10-57,Sunday
316528048086,856748910,lildjeyy1,1630982727,Where Winds Meet,684,2026-07-25T20:47:25Z,ru,"['Русский', 'DeltaForce', 'WhereWindsMeet', 'HonkCup', 'WWMCIES6', 'DropsВключены']",2026-07-26,06-10-57,Sunday
317297852898,8594321,skaifox,32982,Grand Theft Auto V,684,2026-07-25T19:00:33Z,en,"['British', 'LGBTQIAplus', 'Furry', 'Gay', 'BodyPositive', 'VTuber', 'vore', 'Artist', 'English']",2026-07-26,06-10-57,Sunday
319595031260,1391238391,hmblzayy,509672,IRL,683,2026-07-25T14:33:40Z,en,"['English', 'HMBLFAITHWALK', 'HMBLZAYY', 'MINISTERZAY']",2026-07-26,06-10-57,Sunday
316565087700,717727472,tamae_,21779,League of Legends,682,2026-07-25T11:26:02Z,pl,['Polski'],2026-07-26,06-10-57,Sunday
320511336409,1102919214,torquil2funnyy,509658,Just Chatting,682,2026-07-25T22:58:12Z,en,"['reaction', 'scaryvideos', 'streameruniversity', 'English']",2026-07-26,06-10-57,Sunday
316528249174,23050280,ghazzytv,29307,Path of Exile,681,2026-07-25T21:24:45Z,en,"['English', 'DropsEnabled']",2026-07-26,06-10-57,Sunday
319597972700,1125937485,notgeega,498417,Vintage Story,680,2026-07-25T18:52:03Z,en,"['GEEGA', 'GTARP', 'NoPixel', 'Vtuber', 'corn', 'English']",2026-07-26,06-10-57,Sunday
317081837943,24991333,imaqtpie,492789,The Talos Principle II,678,2026-07-25T17:11:46Z,en,['English'],2026-07-26,06-10-57,Sunday
317723660248,421560387,itsryanhiga,1036710512,Palworld,678,2026-07-25T16:19:24Z,en,"['english', 'English']",2026-07-26,06-10-57,Sunday
317338320611,49261047,hugegorilla,624536948,EA Sports FC 26,677,2026-07-25T19:05:21Z,en,"['English', 'PRO', 'Gameplay', 'FC26']",2026-07-26,06-10-57,Sunday
315839708776,159387154,seki,506415, SEKIRO: SHADOWS DIE TWICE,677,2026-07-25T20:28:11Z,en,"['English', 'Speedrun', 'WRAttempts', 'ADHD', 'Chill', 'Educational', 'Australia', 'Metal', 'Unretired', 'Unlucky']",2026-07-26,06-10-57,Sunday
320511446233,95055754,diazbiffle,512710,Call of Duty: Warzone,676,2026-07-25T23:03:14Z,en,"['Warzone', 'English', 'DropsEnabled']",2026-07-26,06-10-57,Sunday
320566656730,17206877,yumytv,18122,World of Warcraft,675,2026-07-25T20:24:55Z,en,['English'],2026-07-26,06-10-57,Sunday
317886322535,76508554,anomaly,498566,Slots,671,2026-07-25T20:04:36Z,en,['English'],2026-07-26,06-10-57,Sunday
318469628534,423999537,rbiana,509658,Just Chatting,668,2026-07-25T21:14:35Z,pt,"['brasil', 'memes', 'react', 'Português', 'rbiana', 'pobre', 'discord', 'conversa', 'batepapo', 'irl']",2026-07-26,06-10-57,Sunday
316527847766,793085872,filfeel,138585,Hearthstone,667,2026-07-25T20:15:13Z,ru,['Русский'],2026-07-26,06-10-57,Sunday
320567869018,172390266,hiimsky,515025,Overwatch,665,2026-07-25T21:35:43Z,en,"['SPEEDSPORT', 'English', 'zarya', 'zarya', 'zarya', 'zarya', 'zarya', 'zarya', 'zarya', 'DropsEnabled']",2026-07-26,06-10-57,Sunday
317337768675,126287193,blaize,509658,Just Chatting,664,2026-07-25T18:09:58Z,fr,"['Français', 'BLAIZE']",2026-07-26,06-10-57,Sunday
316569050324,781006110,vertany,509659,ASMR,663,2026-07-25T20:55:01Z,ru,"['Русский', 'English', 'ASMR']",2026-07-26,06-10-57,Sunday
319594562396,608113665,onetruemorty11,2009321156,Dark and Darker,660,2026-07-25T13:36:54Z,en,"['English', 'live', 'fps', 'PvP', 'Competitive', 'ＧＡＭＥ', 'Malding', 'DarkandDarker', 'subathon', 'DropsEnabled']",2026-07-26,06-10-57,Sunday
317724898520,502969769,almost_poe,515025,Overwatch,660,2026-07-25T19:23:57Z,en,"['English', 'LGBTQ', 'Cozy', 'ChaosGremlin', 'feet', 'GoblnMilkers', 'Brigitte', 'DropsEnabled']",2026-07-26,06-10-57,Sunday
316497806165,204505974,vangard,509658,Just Chatting,658,2026-07-25T19:26:23Z,en,"['English', 'Norway', 'powerlifter', 'Travel', 'IRL', 'Adventure', 'Survival']",2026-07-26,06-10-57,Sunday
318089362918,56924673,obsess3,21779,League of Legends,657,2026-07-25T07:05:00Z,de,"['Deutsch', 'VerticalStream', 'vertical', 'manchmalchallenger', 'meistensnicht']",2026-07-26,06-10-57,Sunday
318605670644,142932807,iaaras2,940764735,La Velada,655,2026-07-25T20:41:26Z,es,"['messiteamo', '420', 'lostdad', 'Español', 'depressed', 'PositiveVibes', 'nomom', 'Argentina']",2026-07-26,06-10-57,Sunday
319595788380,1242487781,rdcwaitingroom_,499973,Always On,654,2026-07-25T15:52:56Z,en,['English'],2026-07-26,06-10-57,Sunday
318469882486,223104499,senclerk,32399,Counter-Strike,650,2026-07-25T21:47:32Z,pt,['Português'],2026-07-26,06-10-57,Sunday
317717370200,752742297,seoi1016,509658,Just Chatting,649,2026-07-24T22:48:46Z,ko,"['한국어', 'English', '中文', '台灣', '日本語', 'Русский', 'Dance', 'kpop', 'korean']",2026-07-26,06-10-57,Sunday
320563780954,32349768,gmart,980422880,Dinoblade,649,2026-07-25T17:42:04Z,en,"['English', 'Vtuber', 'ConstantlyConfused', 'funandjustchill', 'assmode']",2026-07-26,06-10-57,Sunday
317725592792,9846758,vgbootcamp,504461,Super Smash Bros. Ultimate,647,2026-07-25T20:50:37Z,en,"['Esport', 'Esports', 'smash', 'smashbros', 'English']",2026-07-26,06-10-57,Sunday
317082125047,223382383,everythingnowshow,509658,Just Chatting,645,2026-07-25T18:04:21Z,en,"['improv', 'comedy', 'interactive', 'playingwithviewers', 'irl', 'RPG', 'roleplay', 'English', 'chat', 'Creative']",2026-07-26,06-10-57,Sunday
317316719716,416031592,solaryhs,138585,Hearthstone,645,2026-07-25T05:18:59Z,fr,['Français'],2026-07-26,06-10-57,Sunday
317321050340,144866210,mrs_sweetness,23894,Call of Duty: Black Ops,645,2026-07-25T17:28:15Z,fr,"['Découverte', 'Gameplay', 'CallofDutyBlackOps', 'Discussions', 'Français', 'France', 'FR', 'Belgique', 'Suisse', 'Québec']",2026-07-26,06-10-57,Sunday
320568378074,59817220,vmservice,1435206302,Slay the Spire II,643,2026-07-25T22:04:16Z,en,"['English', 'BackseatingAllowed', 'Linux', 'vtuber']",2026-07-26,06-10-57,Sunday
317074314999,1437641429,oilrats247,499973,Always On,643,2026-07-24T17:48:05Z,en,['English'],2026-07-26,06-10-57,Sunday
318604613719,88957496,metaphor,512710,Call of Duty: Warzone,642,2026-07-25T15:43:26Z,en,"['marmot', 'English']",2026-07-26,06-10-57,Sunday
318097637094,752021524,semmyx192,509658,Just Chatting,641,2026-07-25T21:56:31Z,ru,['Русский'],2026-07-26,06-10-57,Sunday
317886314855,152689574,derkc,624536948,EA Sports FC 26,639,2026-07-25T20:04:11Z,de,"['Deutsch', 'eafc26']",2026-07-26,06-10-57,Sunday
316569164500,118962389,dub_ok_tv,29307,Path of Exile,637,2026-07-25T21:14:37Z,ru,"['Русский', 'Терпила', 'БУХЛЯДЬ', 'ГАММА', 'Пискля', 'ПодачкаТВ', 'Гайдовсос', 'ВоздуханТВ', 'ФИЛАТЕЛИСТ', 'DropsВключены']",2026-07-26,06-10-57,Sunday
320566389466,158577991,carmen,32982,Grand Theft Auto V,637,2026-07-25T20:09:27Z,en,"['English', 'rp', 'cringe', 'woman', 'toxic', 'feet']",2026-07-26,06-10-57,Sunday
320563149786,10817445,itmejp,29307,Path of Exile,635,2026-07-25T17:01:58Z,en,"['English', 'HearingImpaired', 'DLSS5OnJackBlack', 'DropsEnabled']",2026-07-26,06-10-57,Sunday
317338223971,27920057,forsa,512953,ELDEN RING,628,2026-07-25T18:57:45Z,fr,"['Français', 'English', 'Subtitles', 'Speedrun']",2026-07-26,06-10-57,Sunday
318467848182,496219103,guibelreviewslive,940764735,La Velada,628,2026-07-25T17:32:51Z,es,"['ANIME', 'IRL', 'REACCIONES', 'JUEGOS', 'LATAM', 'URUGUAY', 'reacciones', 'reaccion', 'animes', 'español']",2026-07-26,06-10-57,Sunday
320566249434,87532535,sincerelyaurora,498592,I'm Only Sleeping,627,2026-07-25T20:01:36Z,en,"['Vtuber', 'feet', 'Anime', 'furry', 'girl', 'ENVtuber', 'AAAAAAAAAAAAAAAAAAAAAAAAA', 'brat', 'screwdriver', 'ADHD']",2026-07-26,06-10-57,Sunday
318530248309,93529406,f0rsakenwow,516575,VALORANT,626,2026-07-24T15:21:29Z,pt,"['Português', 'rage']",2026-07-26,06-10-57,Sunday
318468956918,193639721,danoc0,32399,Counter-Strike,626,2026-07-25T19:55:22Z,pt,"['dicas', 'CS2', 'aulas', 'FPL', 'faceit', 'GC', 'Português']",2026-07-26,06-10-57,Sunday
317083961975,76312723,a2guapo,509658,Just Chatting,623,2026-07-25T22:56:36Z,en,"['English', 'Filipino', 'Tagalog']",2026-07-26,06-10-57,Sunday
318539239669,136975562,ouluh,758919967,Ragnarok Origin: Classic,623,2026-07-25T15:13:25Z,pt,"['Português', 'MMO', 'MMORPG', 'FPS', 'DropsAtivados']",2026-07-26,06-10-57,Sunday
317338558947,491048227,diabloroleplay,490948,The Isle,622,2026-07-25T19:28:56Z,en,"['Roleplay', 'Diablo', 'theisle', 'dinosaursurvival', 'English', 'theburntisle', 'BurntIsle', 'fun', 'theisle', 'justcchatting']",2026-07-26,06-10-57,Sunday
320568632922,76203964,enders,168648543,Battlefield 6,620,2026-07-25T22:18:51Z,en,"['English', 'DropsEnabled']",2026-07-26,06-10-57,Sunday
316497861845,71521770,tomatos,138585,Hearthstone,620,2026-07-25T19:33:47Z,ru,['Русский'],2026-07-26,06-10-57,Sunday
315838250984,598287720,zorthas,18122,World of Warcraft,619,2026-07-25T12:18:38Z,en,"['English', 'Australian', 'Tomato', 'Shaman']",2026-07-26,06-10-57,Sunday
319599135068,216400079,oshakonig,33214,Fortnite,615,2026-07-25T20:17:03Z,en,"['MUSICARTIST', 'PartneredStreamer', 'FortniteGamplay', 'asianjeff', 'English', 'FORTNITEZEROBUIILDS', 'FNCS', 'peterbot', 'EpicCreator', 'clix']",2026-07-26,06-10-57,Sunday
318605529943,45301539,worldofchap,490377,Sea of Thieves,615,2026-07-25T17:38:58Z,en,"['English', 'DropsEnabled']",2026-07-26,06-10-57,Sunday
316527744470,1305266011,shamixx,401587136,Arena Breakout: Infinite,615,2026-07-25T19:59:23Z,en,"['Gaming', 'ShamiXX', 'English', 'ArenaBreakoutPC', 'arenabreakoutinfinite', 'drops', 'DropsEnabled']",2026-07-26,06-10-57,Sunday
317725548504,21827001,jcbackfire,494099,Kingdom Hearts HD 1.5 + 2.5 ReMIX,612,2026-07-25T20:45:00Z,en,"['English', 'reaction', 'firsttimeplaying', 'jcbackfire']",2026-07-26,06-10-57,Sunday
320568432218,679245059,ramulations,32982,Grand Theft Auto V,612,2026-07-25T22:07:16Z,en,"['English', 'ChillVbes']",2026-07-26,06-10-57,Sunday
320503241817,43494917,knut,509658,Just Chatting,610,2026-07-25T14:32:34Z,en,"['English', 'IRL', 'AustinTX', 'fitness', 'food', 'Texas', 'IronForge', 'Outdoors', 'cars']",2026-07-26,06-10-57,Sunday
319572879068,44741426,streamerhouse,504463,Tom Clancy's The Division 2,610,2026-07-24T00:02:24Z,en,"['Marathon', 'AlwaysOn', 'Subathon', 'StreamerHouse', 'English', '24hr', '247Stream', 'live', 'AMA', 'DropsEnabled']",2026-07-26,06-10-57,Sunday
318025667685,608659353,mariosturniolo,624536948,EA Sports FC 26,608,2026-07-25T16:04:26Z,it,['Italiano'],2026-07-26,06-10-57,Sunday
317724293720,787786297,professorlih,29307,Path of Exile,607,2026-07-25T17:59:25Z,pt,"['salame', 'Português', 'MMORPG', 'DropsAtivados']",2026-07-26,06-10-57,Sunday
318028349925,35828637,low4n,32399,Counter-Strike,607,2026-07-25T19:52:17Z,fr,['Français'],2026-07-26,06-10-57,Sunday
316525832918,121202124,hadi_ow,515025,Overwatch,605,2026-07-25T15:45:10Z,en,"['top500', 'german', 'English', 'Reinhardt', 'overwatch', 'Dominator', 'OWCS', 'DropsEnabled']",2026-07-26,06-10-57,Sunday
317881147239,61438909,wudijo,26881,Grim Dawn,604,2026-07-25T11:57:06Z,en,['English'],2026-07-26,06-10-57,Sunday
316497291477,71691082,putrefy,460636,Bloodborne,601,2026-07-25T18:21:01Z,pl,['Polski'],2026-07-26,06-10-57,Sunday
315880110313,23526154,x5_pig,490422,StarCraft II,600,2026-07-25T19:39:24Z,en,"['English', 'Esports', 'RTS']",2026-07-26,06-10-57,Sunday
318026363621,54818023,albiononline,417528,Albion Online,600,2026-07-25T17:06:48Z,en,"['English', 'DropsEnabled']",2026-07-26,06-10-57,Sunday
318608653271,800722031,geologyshi,509672,IRL,599,2026-07-25T22:29:00Z,en,"['English', 'funny', 'Rerun']",2026-07-26,06-10-57,Sunday
318098081638,64032771,jtaz,509663,Special Events,597,2026-07-25T22:59:53Z,it,"['Italiano', 'ZUGU', 'Radio', 'Film', 'SerieTv', 'Chiacchiere', 'Supereroi', 'SexyMan', 'Puppa']",2026-07-26,06-10-57,Sunday
316569014228,1069272670,airokun,27471,Minecraft,597,2026-07-25T20:49:05Z,en,"['Hoplite', 'minecraft', 'battleroyale', 'English', 'MoneySMP', 'MCSR', 'Speedrunning', 'lolcow']",2026-07-26,06-10-57,Sunday
319514731870,1412080866,misterarther247,499973,Always On,596,2026-07-24T01:56:53Z,en,['English'],2026-07-26,06-10-57,Sunday
318540287093,78626614,stereonline,509658,Just Chatting,596,2026-07-25T17:58:58Z,pt,"['Português', 'Racing']",2026-07-26,06-10-57,Sunday
318025684581,56863404,joshmaen1,32982,Grand Theft Auto V,595,2026-07-25T16:06:12Z,de,"['roleplay', 'unscripted', 'reddeadredemption2', 'Deutsch', 'RP', 'GTARP', 'reaction', 'StarCitizen']",2026-07-26,06-10-57,Sunday
318608336599,501717654,potasticp,518018,PRAGMATA,595,2026-07-25T22:00:31Z,en,"['English', 'FirstPlaythrough', 'NoSpoilers', 'NoBackseating', 'gaming', 'scifi']",2026-07-26,06-10-57,Sunday
318541161845,154843490,isaroza_,29307,Path of Exile,594,2026-07-25T19:48:21Z,pt,['Português'],2026-07-26,06-10-57,Sunday
317885727591,513749125,nannitwitch,49595378,Thronefall,590,2026-07-25T19:14:45Z,it,['Italiano'],2026-07-26,06-10-57,Sunday
318029412581,944342990,riko6688,32399,Counter-Strike,589,2026-07-25T21:29:01Z,en,"['English', 'Albanian', 'FACEIT']",2026-07-26,06-10-57,Sunday
318029573989,719598628,antifa,515214,Politics,587,2026-07-25T21:47:16Z,de,"['Deutsch', 'Politik', 'Reaction', 'IRL', 'Demo', 'Protest', 'Antifa', '161', 'FCKNZS', 'FCKAFD']",2026-07-26,06-10-57,Sunday
318021577445,24974812,manni2,29307,Path of Exile,585,2026-07-25T07:50:20Z,en,"['English', 'DropsEnabled']",2026-07-26,06-10-57,Sunday
317726272728,500128827,codemiko,509658,Just Chatting,585,2026-07-25T22:19:07Z,en,"['English', 'VTuber', 'Korean', 'Asian', 'Woman', 'ADHD', 'Chatting', 'Chatty', 'IRL', '3D']",2026-07-26,06-10-57,Sunday
320564796250,867967600,marasshakursamp,263490,Rust,585,2026-07-25T18:40:32Z,ru,"['Русский', 'marasshakur', 'самп', 'samp', 'gta5', 'dota2', 'марасшакур', 'live', 'Army', 'BATTLEFIELD6']",2026-07-26,06-10-57,Sunday
315347646958,139417491,woojungx4,509658,Just Chatting,584,2026-07-24T15:38:00Z,ko,"['한국어', 'eng', 'english', 'dance', 'kpop']",2026-07-26,06-10-57,Sunday
318537995893,181077473,gaules,31339,Project Zomboid,582,2026-07-25T07:52:48Z,pt,"['Português', 'DropsAtivados']",2026-07-26,06-10-57,Sunday
319661144544,18816864,spikevegeta,6086,Super Mario Sunshine,581,2026-07-25T12:50:08Z,en,['English'],2026-07-26,06-10-57,Sunday
319663988448,29183589,ashmonsterftw,1036710512,Palworld,580,2026-07-25T17:47:52Z,en,"['Chatty', 'English', 'HardestDifficulty', 'FirstPlaythrough']",2026-07-26,06-10-57,Sunday
317884637671,50997201,warpingwombat,13263,EVE Online,578,2026-07-25T17:50:38Z,en,"['English', 'NoMarket', 'BackseatingWelcome', 'NewPlayersWelcome', 'EVEOnline', 'Ironman', 'SelfFound', 'TwitchPartner', 'LurkerFriendly']",2026-07-26,06-10-57,Sunday
317725877208,39646963,idubbbz,509658,Just Chatting,575,2026-07-25T21:27:25Z,en,['English'],2026-07-26,06-10-57,Sunday
318023966181,62603776,cyganzor,32399,Counter-Strike,574,2026-07-25T13:07:09Z,pl,"['Polski', 'Polish', 'wot', 'WorldofTanks', 'Dropy']",2026-07-26,06-10-57,Sunday
319663448800,27895236,zeldathon,16967,The Legend of Zelda: The Wind Waker,573,2026-07-25T17:01:15Z,en,"['English', 'Zelda', 'Zeldathon', 'Charity', 'DropsEnabled']",2026-07-26,06-10-57,Sunday
318469105142,202987684,muriloso,210472759,Shift at Midnight,571,2026-07-25T20:12:54Z,pt,"['Português', 'yuri22', 'tropadogoti', 'Muriloso']",2026-07-26,06-10-57,Sunday
318605152756,168327867,murilo,32399,Counter-Strike,570,2026-07-25T19:41:49Z,pt,"['Português', 'EsportsWorldCup2026']",2026-07-26,06-10-57,Sunday
317298953698,161413071,maugli35,12839,Heroes of Might and Magic III: The Restoration of Erathia,569,2026-07-25T21:02:41Z,ru,['Русский'],2026-07-26,06-10-57,Sunday
320673375195,632964931,alianimus,509658,Just Chatting,568,2026-07-25T16:04:09Z,en,"['English', 'spanish', 'Travel', 'egirl', 'Latina', 'travelling', 'Anime', 'Foodie', 'food']",2026-07-26,06-10-57,Sunday
319539406558,31457014,pace22,417528,Albion Online,568,2026-07-25T21:40:32Z,en,"['1440p', 'PvPvE', 'Hardcore', 'MMORPG', 'FirstPlaythrough', 'English', 'DropsEnabled']",2026-07-26,06-10-57,Sunday
319667498080,108586685,tenzinniznet,509658,Just Chatting,567,2026-07-25T22:12:28Z,en,"['English', 'India', 'tibetan', 'nepal']",2026-07-26,06-10-57,Sunday
316283470963,47250099,xargon0731,1282866981,Delta Force,565,2026-07-25T21:26:45Z,zh,"['中文', '启用掉宝']",2026-07-26,06-10-57,Sunday
320568003546,24482705,raxxanterax,29307,Path of Exile,564,2026-07-25T21:43:34Z,en,"['English', 'DropsEnabled']",2026-07-26,06-10-57,Sunday
320508241369,49752846,barricade,29307,Path of Exile,563,2026-07-25T19:59:59Z,en,"['community', 'team', 'playingwithViewers', 'Multiplayer', 'pbp', 'diablo', 'English', 'PathOfExile', 'pathofexile2', 'poe2']",2026-07-26,06-10-57,Sunday
320562420186,49370117,skimbooo23,1678532194,EA Sports College Football 27,563,2026-07-25T16:09:04Z,en,"['English', 'madden', 'madden26']",2026-07-26,06-10-57,Sunday
317321186404,43043577,heyar,509672,IRL,561,2026-07-25T17:44:14Z,fr,['Français'],2026-07-26,06-10-57,Sunday
320680079451,163562674,jankyrondo,509658,Just Chatting,560,2026-07-25T22:44:43Z,en,"['sports', 'ADHD', 'Commanders', 'NFL', 'funny', 'funnystream', 'entertaining', 'entertainment', 'English', 'jankyrondo']",2026-07-26,06-10-57,Sunday
320504548185,71445641,icemanisaac,168648543,Battlefield 6,560,2026-07-25T16:17:23Z,en,"['English', 'DropsEnabled']",2026-07-26,06-10-57,Sunday
315817056466,136366909,thatpunchkid,1264310518,Marvel Rivals,559,2026-07-25T20:34:33Z,en,"['English', 'GodGamer', 'NeverMiss', 'DropsEnabled']",2026-07-26,06-10-57,Sunday
318606603095,46029485,disnof,271304,7 Days to Die,557,2026-07-25T19:27:40Z,en,['English'],2026-07-26,06-10-57,Sunday
317726469720,272168411,renrize,940764735,La Velada,557,2026-07-25T22:46:27Z,es,['Español'],2026-07-26,06-10-57,Sunday
316569233364,133763336,uniquee,29595,Dota 2,556,2026-07-25T21:29:03Z,ru,"['Русский', 'Топ2мира', 'юник']",2026-07-26,06-10-57,Sunday
315901311466,412027243,granny,777856688,Desktop Explorer,555,2026-07-25T21:01:54Z,en,"['denab', 'Old', 'iAppreciateit', 'English']",2026-07-26,06-10-57,Sunday
319535211998,148477019,csnipes,2009321156,Dark and Darker,554,2026-07-25T16:15:10Z,en,"['English', 'Wizard', 'evil', 'good', 'Competitive', 'EasyMode', 'DropsEnabled']",2026-07-26,06-10-57,Sunday
320506197977,86308586,fragas,491931,Escape from Tarkov,554,2026-07-25T18:04:03Z,en,"['English', 'glorp', 'buh']",2026-07-26,06-10-57,Sunday
318606733812,944658444,jmdeck,509658,Just Chatting,553,2026-07-25T22:41:33Z,pt,['Português'],2026-07-26,06-10-57,Sunday
318607799767,524635765,puhnoo,1264310518,Marvel Rivals,553,2026-07-25T21:10:58Z,en,"['tiktok', 'chill', 'drops', 'English', 'Competitive', 'DropsEnabled']",2026-07-26,06-10-57,Sunday
319664148448,488916600,abolishegirls,491487,Dead by Daylight,551,2026-07-25T18:00:13Z,en,"['English', 'woman', 'feet', 'EGirl', 'head', 'shoulders', 'knees', 'toes']",2026-07-26,06-10-57,Sunday
319598966236,144313101,mish,491487,Dead by Daylight,550,2026-07-25T20:03:56Z,en,"['ClosedCaptions', 'English', 'Charity']",2026-07-26,06-10-57,Sunday
318604357975,142055874,lolesportsla,21779,League of Legends,549,2026-07-25T15:00:16Z,es,"['LATAM', 'LOLLATAM', 'leagueoflegends', 'Esports', 'CBLOL', 'LCS', 'Español', 'DropsActivados']",2026-07-26,06-10-57,Sunday
318464709878,165488314,barr4k,509672,IRL,546,2026-07-25T03:59:00Z,pt,['Português'],2026-07-26,06-10-57,Sunday
316564601556,48489571,maccanzz,32982,Grand Theft Auto V,545,2026-07-25T09:59:12Z,sv,['Svenska'],2026-07-26,06-10-57,Sunday
318542815221,186268155,wanessawolf,509658,Just Chatting,543,2026-07-25T22:58:21Z,pt,['Português'],2026-07-26,06-10-57,Sunday
320567241306,436957869,melibela,1336232870,Chopped Up,543,2026-07-25T20:59:46Z,en,"['English', 'latina', 'Hispanic', 'cozy', 'ama']",2026-07-26,06-10-57,Sunday
317882218599,133621591,wakayashi,386821,Black Desert,540,2026-07-25T13:56:02Z,de,"['MMORPG', 'MMO', 'Deutsch', 'English', 'sauercrowd', 'DropsAktiviert']",2026-07-26,06-10-57,Sunday
317883668455,136789153,cezzy,960290413,Sand: Raiders Of Sophie,534,2026-07-25T16:27:42Z,de,"['Deutsch', 'DropsAktiviert']",2026-07-26,06-10-57,Sunday
318096787558,145498295,exsl95,509658,Just Chatting,532,2026-07-25T20:28:45Z,de,['Deutsch'],2026-07-26,06-10-57,Sunday
318029976165,118007495,le0cs2,32399,Counter-Strike,532,2026-07-25T22:39:11Z,en,['English'],2026-07-26,06-10-57,Sunday
316497387093,604779669,weeeny_,493057,PUBG: BATTLEGROUNDS,532,2026-07-25T18:32:06Z,ru,['Русский'],2026-07-26,06-10-57,Sunday
316569280212,441760245,lagoda,75467,Euro Truck Simulator 2,531,2026-07-25T21:39:28Z,ru,['Русский'],2026-07-26,06-10-57,Sunday
316219323889,513408854,akai_ryoka,116747788,"Pools, Hot Tubs, and Beaches",530,2026-07-25T22:20:33Z,ru,"['Dance', 'общение', 'Русский', 'English', 'Asian', 'girl', '中文', 'Кореянка', 'kpop']",2026-07-26,06-10-57,Sunday
318095907686,592513880,tantechantii,509658,Just Chatting,530,2026-07-25T19:13:42Z,de,['Deutsch'],2026-07-26,06-10-57,Sunday
317725110872,521737347,paleontologizing,509672,IRL,528,2026-07-25T19:49:38Z,other,"['SFW', 'Science', 'Educational', 'Paleontology', 'Fossils', 'Dinosaurs', 'Evolution', 'Outdoors', 'Fieldwork', 'Utah']",2026-07-26,06-10-57,Sunday
319599519580,693518594,chawndo,513181,Genshin Impact,527,2026-07-25T20:45:37Z,en,"['English', 'genshin', 'gaming']",2026-07-26,06-10-57,Sunday
316526838230,490117686,vixen_mp2,509663,Special Events,527,2026-07-25T18:01:46Z,pl,"['polska', 'Polski', 'SafeSpace', 'Cozy', 'chaos', 'artist']",2026-07-26,06-10-57,Sunday
317081518967,23735582,sacriel,29307,Path of Exile,527,2026-07-25T16:06:25Z,en,"['English', 'Educational', 'British', 'Banter', 'Canadian', 'TwitchOG', 'DropsEnabled']",2026-07-26,06-10-57,Sunday
318029934821,221114625,xyzoom,27471,Minecraft,524,2026-07-25T22:33:19Z,de,['Deutsch'],2026-07-26,06-10-57,Sunday
317723925208,46865623,thiefs,33214,Fortnite,524,2026-07-25T17:01:25Z,en,"['English', 'FamilyFriendly', 'Competitive', 'DropsEnabled']",2026-07-26,06-10-57,Sunday
318028396261,897427376,fatalitea,509659,ASMR,523,2026-07-25T19:55:49Z,de,"['Comfy', 'lost', 'Chaotic', 'Vtuber', 'English', 'ASMR', 'Deutsch', 'ASMR', 'Seiso']",2026-07-26,06-10-57,Sunday
320565901018,112410413,knight,512710,Call of Duty: Warzone,522,2026-07-25T19:42:27Z,en,"['warzone', 'English']",2026-07-26,06-10-57,Sunday
320565386202,40229884,julia_tv,494099,Kingdom Hearts HD 1.5 + 2.5 ReMIX,522,2026-07-25T19:13:06Z,en,"['English', 'Variety', 'Interactive', 'PC', 'FirstPlaythrough']",2026-07-26,06-10-57,Sunday
319664129632,24761645,cirno_tv,1036710512,Palworld,522,2026-07-25T17:58:53Z,en,"['English', 'CatGirlsareruiningmylife', 'fumo', 'ChadGameplay']",2026-07-26,06-10-57,Sunday
318095062630,183467919,niisa,509511,Marbles on Stream,522,2026-07-25T18:05:28Z,de,"['Deutsch', 'English']",2026-07-26,06-10-57,Sunday
320674141787,146790215,replays,33214,Fortnite,520,2026-07-25T17:00:07Z,en,"['English', 'FamilyFriendly', 'Fortnite', 'Energetic', 'DropsEnabled']",2026-07-26,06-10-57,Sunday
317880153575,916028465,felikah,1036710512,Palworld,520,2026-07-25T09:43:28Z,de,"['Deutsch', 'gaming', '7tv', 'Ragebait', 'Wutköder', 'Satire']",2026-07-26,06-10-57,Sunday
318468712950,64390837,zeusghostz,386821,Black Desert,520,2026-07-25T19:21:55Z,pt,"['Português', 'DropsAtivados']",2026-07-26,06-10-57,Sunday
320674441051,513244153,rosiebellmoo,1036710512,Palworld,518,2026-07-25T17:18:31Z,en,['English'],2026-07-26,06-10-57,Sunday
318608395479,867078639,pixeldrinky,1820839024,MECCHA CHAMELEON,514,2026-07-25T22:05:51Z,en,['English'],2026-07-26,06-10-57,Sunday
316498591957,107306822,divvity,509658,Just Chatting,514,2026-07-25T21:37:42Z,en,"['English', 'girl', 'swedish', 'forsen', 'unhygenic', 'evil']",2026-07-26,06-10-57,Sunday
317880124775,693368333,billybella_,278441117,Assassin's Creed Black Flag Resynced,512,2026-07-25T09:38:28Z,it,"['Italiano', 'DropAbilitati']",2026-07-26,06-10-57,Sunday
317725127896,1221168574,pathofky,29307,Path of Exile,511,2026-07-25T19:51:47Z,en,"['English', 'support', 'Grandmaster', 'ADC', 'DropsEnabled']",2026-07-26,06-10-57,Sunday
318469979766,457595200,santosmasinha,23020,ROBLOX,511,2026-07-25T21:58:46Z,pt,"['Futebol', 'coparoblox', 'copadomundo', 'worldcup', 'roblox', 'Português']",2026-07-26,06-10-57,Sunday
318540736757,1078936961,thaytg,29452,Virtual Casino,511,2026-07-25T18:54:06Z,pt,['Português'],2026-07-26,06-10-57,Sunday
319598832092,936467429,bschouse,509672,IRL,511,2026-07-25T19:54:50Z,en,"['newstreamerShowLove', 'JustChilling', 'English', 'streameruniversity2026']",2026-07-26,06-10-57,Sunday
315365762159,984928452,f4ke_s0ull,498566,Slots,510,2026-07-25T22:40:18Z,en,['English'],2026-07-26,06-10-57,Sunday
317725822296,178238725,aircool,509658,Just Chatting,509,2026-07-25T21:20:08Z,en,['English'],2026-07-26,06-10-57,Sunday
318542339957,39152815,clovaobengala,21779,League of Legends,509,2026-07-25T22:06:18Z,pt,['Português'],2026-07-26,06-10-57,Sunday
317072975735,782947440,policechasenetwork,509658,Just Chatting,509,2026-07-24T10:15:08Z,en,"['English', 'feet']",2026-07-26,06-10-57,Sunday
319534814302,457942039,saps,27471,Minecraft,509,2026-07-25T15:38:31Z,en,"['minecraft', 'saparata', 'saps', 'English']",2026-07-26,06-10-57,Sunday
317337672931,918931059,fcm_itoshi,509658,Just Chatting,508,2026-07-25T18:00:53Z,fr,"['discusion', 'francais', 'Français', 'Rediffusion']",2026-07-26,06-10-57,Sunday
317322446436,80877667,strano,509658,Just Chatting,507,2026-07-25T19:50:15Z,fr,['Français'],2026-07-26,06-10-57,Sunday
320488789081,203300412,nemurf,30921,Rocket League,505,2026-07-24T21:23:54Z,es,"['Español', 'México', 'Inglés', 'drops', 'DropsActivados']",2026-07-26,06-10-57,Sunday
318607648599,15554591,captainsparklez,369418,GeoGuessr,501,2026-07-25T20:57:50Z,en,['English'],2026-07-26,06-10-57,Sunday
320568170202,189310128,beastmodelk,30921,Rocket League,501,2026-07-25T21:53:27Z,en,"['English', 'DropsEnabled']",2026-07-26,06-10-57,Sunday
316568794836,83458162,sanekingg,29595,Dota 2,498,2026-07-25T20:15:54Z,ru,['Русский'],2026-07-26,06-10-57,Sunday
320503808857,644884882,smithers,32982,Grand Theft Auto V,496,2026-07-25T15:21:09Z,en,"['English', 'military', 'TARP']",2026-07-26,06-10-57,Sunday
317082641015,24935580,azulgg,155409827,Pokémon Trading Card Game Live,495,2026-07-25T19:32:52Z,en,"['English', 'DropsEnabled']",2026-07-26,06-10-57,Sunday
317082461815,173756258,albyaround,491487,Dead by Daylight,493,2026-07-25T19:03:21Z,en,"['English', 'dbdcreator', 'Español', 'Русский']",2026-07-26,06-10-57,Sunday
319597493596,25514193,deathydl,1820839024,MECCHA CHAMELEON,492,2026-07-25T18:14:30Z,en,['English'],2026-07-26,06-10-57,Sunday
320568765530,140135053,zavalr,116747788,"Pools, Hot Tubs, and Beaches",491,2026-07-25T22:25:59Z,en,"['English', 'Vtuber', 'BRAINROT', 'WATCHOUT']",2026-07-26,06-10-57,Sunday
318540067829,1078943641,gu_strike,29452,Virtual Casino,491,2026-07-25T17:28:09Z,pt,['Português'],2026-07-26,06-10-57,Sunday
319538683230,125791392,gamescage,630009802,MARVEL TŌKON: Fighting Souls,490,2026-07-25T20:45:25Z,en,"['English', 'sonic', 'goku', 'dragonball', 'hype', 'reacts', 'gaming', 'DropsEnabled']",2026-07-26,06-10-57,Sunday
316527217750,100662717,goofiacz,32399,Counter-Strike,490,2026-07-25T18:47:32Z,pl,"['Polski', 'English', 'CS2', 'faceit']",2026-07-26,06-10-57,Sunday
319667448928,43783218,kylebosman,630009802,MARVEL TŌKON: Fighting Souls,489,2026-07-25T22:08:28Z,en,"['English', 'anxious', 'DropsEnabled']",2026-07-26,06-10-57,Sunday
316498898517,1157667264,kazigant,1506110656,Casino Simulator,488,2026-07-25T22:59:21Z,ru,['Русский'],2026-07-26,06-10-57,Sunday
316528533974,936081124,yanaparnik,29452,Virtual Casino,488,2026-07-25T22:33:45Z,ru,['Русский'],2026-07-26,06-10-57,Sunday
319593565660,84397032,aer0__,29307,Path of Exile,487,2026-07-25T10:13:09Z,en,"['English', 'DropsEnabled']",2026-07-26,06-10-57,Sunday
318468246390,245956058,antedeguemonn,19619,Tibia,486,2026-07-25T18:24:36Z,pt,"['Português', 'Tibia', 'majorupdate', 'poketibia', 'ShinyCharm', 'projeto', 'pxg']",2026-07-26,06-10-57,Sunday
318606995671,501937059,pizzaprincessg,509672,IRL,485,2026-07-25T20:01:02Z,en,"['English', 'VarietyStreamer', 'FamilyFriendly', 'Interactive', 'IRL', 'Pizza', 'Community']",2026-07-26,06-10-57,Sunday
316567315796,462182129,4ivan,29595,Dota 2,485,2026-07-25T17:05:44Z,ru,"['Русский', 'dota']",2026-07-26,06-10-57,Sunday
318541242485,162050435,ozku,66170,Warframe,485,2026-07-25T19:58:12Z,es,"['Español', 'PC', 'chill', 'gaming', 'fps', 'gamer', 'fun', 'Casual', 'Multiplayer', 'Variety']",2026-07-26,06-10-57,Sunday
315879404649,214666193,goldenjet_,1730526563,Killing Floor III,481,2026-07-25T15:17:18Z,th,['ภาษาไทย'],2026-07-26,06-10-57,Sunday
320568120154,74439226,hankstergirl,210472759,Shift at Midnight,477,2026-07-25T21:50:28Z,en,"['English', 'yapper', 'loudlaugher', 'wisdom', 'goofy']",2026-07-26,06-10-57,Sunday
318025238117,525542207,gevad1ch,263490,Rust,477,2026-07-25T15:20:53Z,en,"['English', 'Polski', 'DropsEnabled']",2026-07-26,06-10-57,Sunday
317322942692,63985840,minos,509658,Just Chatting,476,2026-07-25T20:47:14Z,fr,['Français'],2026-07-26,06-10-57,Sunday
320568437594,231053562,cursedfiber78,796500915,Halo: Campaign Evolved,473,2026-07-25T22:07:38Z,es,"['Español', 'tortilla', 'malabarista', 'Elmejorstreamerdelmundo', 'tupapá']",2026-07-26,06-10-57,Sunday
318608343895,190163874,headshotchick,33214,Fortnite,472,2026-07-25T22:01:07Z,en,"['English', 'giveaway', 'PS5', 'cozy', 'female', 'girl', 'NintendoSwitch', '1440p', 'FamilyFriendly', 'DropsEnabled']",2026-07-26,06-10-57,Sunday
315879957993,463310708,lingmu_ch,1804231074,MapleStory Worlds,472,2026-07-25T18:24:43Z,zh,"['vtuber', '亞洲', '觀眾互動', '中文', 'fps', '世界樹計畫']",2026-07-26,06-10-57,Sunday
317321918180,1121975155,pkm_3,32982,Grand Theft Auto V,471,2026-07-25T18:58:00Z,fr,"['RP', 'Français', 'gta', 'Grandline', 'hurricanerp', 'hurricane', 'FlashbackWL', 'flashback', 'GTARP']",2026-07-26,06-10-57,Sunday
320567898842,42075443,olui,33214,Fortnite,471,2026-07-25T21:37:13Z,pt,"['Brazil', 'PC', 'Português', 'DropsAtivados']",2026-07-26,06-10-57,Sunday
319667118560,880562387,rawdogmoon,509658,Just Chatting,469,2026-07-25T21:45:14Z,en,"['English', 'assyrian', 'streameruniversity']",2026-07-26,06-10-57,Sunday
318607187799,160538649,faith,509658,Just Chatting,468,2026-07-25T20:17:41Z,en,"['English', 'ASMR', 'girl', 'Goddess', 'feet', 'Woman', 'egirl', 'domme', 'IRL', 'findom']",2026-07-26,06-10-57,Sunday
317874340839,80629581,deemonrider,329951934,Pokémon Community Game,468,2026-07-24T18:26:58Z,en,"['Chatting', 'English']",2026-07-26,06-10-57,Sunday
320676178139,536170963,cocoakissies,491487,Dead by Daylight,467,2026-07-25T19:00:10Z,en,"['toesmaxxing', 'iAmSoADHDitsCooked', 'gamergirl825838', 'addictedtoDBD', 'iMoonwalkTooMuch', 'handcam', 'English', 'feet']",2026-07-26,06-10-57,Sunday
316556469204,9528182,chilledchaos,499973,Always On,467,2026-07-24T04:06:17Z,en,"['English', 'ItalianSafeSpace', 'ChilledChaos', 'LyingEncouraged', 'seventeencarat', 'AmongUs', 'Multiplayer']",2026-07-26,06-10-57,Sunday
316225281138,1145175258,nagisekaied,1036710512,Palworld,466,2026-07-25T09:01:57Z,ja,"['日本語', 'Vtuber', 'Anime', '最強JK勇者', 'fps', '指示コメNG', 'なぎたいむ']",2026-07-26,06-10-57,Sunday
317294625250,448607714,lexitvz,460327,Pokémon Omega Ruby/Alpha Sapphire,465,2026-07-25T12:51:17Z,fr,"['Français', 'chill', 'multigaming', 'discussion', 'LexiTVz', 'FR', 'DropsActivés', 'subathon']",2026-07-26,06-10-57,Sunday
319600357340,1275854104,robertsportmas,1832641890,MLB The Show 26,465,2026-07-25T21:47:17Z,es,"['Español', 'Repetir']",2026-07-26,06-10-57,Sunday
317338406499,19716159,mrroflwaffles,66170,Warframe,465,2026-07-25T19:13:36Z,en,['English'],2026-07-26,06-10-57,Sunday
317882522343,748881142,kubabonus,498566,Slots,464,2026-07-25T14:29:32Z,de,['Deutsch'],2026-07-26,06-10-57,Sunday
319534875230,459224567,sneevil,293693714,Resident Evil 2,463,2026-07-25T15:45:06Z,en,"['Canadian', 'Interactive', 'English', 'Horror', 'Chatty', 'CapcomCreators', 'Speedrun', 'Residentevil', 'DropsEnabled', 'Tournament']",2026-07-26,06-10-57,Sunday
319667924064,1325899111,357broadway,509658,Just Chatting,463,2026-07-25T22:46:34Z,en,"['English', 'justcchatting', 'openpanel', 'TwitchPartner']",2026-07-26,06-10-57,Sunday
317339643235,757102582,streamdatabase,24241,FINAL FANTASY XIV ONLINE,461,2026-07-25T21:41:56Z,en,"['English', 'Stream', 'Database', 'Badge', 'Marvel', 'Tokon', 'Final', 'Fantasy', 'XIV', 'DropsEnabled']",2026-07-26,06-10-57,Sunday
317883482727,45912780,mistafaker,509658,Just Chatting,460,2026-07-25T16:09:43Z,ru,['Русский'],2026-07-26,06-10-57,Sunday
317335608931,100245745,kailon,498592,I'm Only Sleeping,459,2026-07-25T14:01:47Z,fr,['Français'],2026-07-26,06-10-57,Sunday
317722867544,676498718,meepmonkmw,18122,World of Warcraft,458,2026-07-25T12:51:35Z,en,['English'],2026-07-26,06-10-57,Sunday
318605968983,206548010,bushy,512953,ELDEN RING,455,2026-07-25T18:25:07Z,en,['English'],2026-07-26,06-10-57,Sunday
317322558948,577594813,miriam_petricor,509658,Just Chatting,453,2026-07-25T20:02:19Z,es,"['Español', 'RPG', 'Singleplayer', 'fantasy', 'FantasyRPG', 'storymode', 'DropsActivados']",2026-07-26,06-10-57,Sunday
317886215911,17261176,vitecp,490147,Hollow Knight,453,2026-07-25T19:56:29Z,ru,['Русский'],2026-07-26,06-10-57,Sunday
319667588832,406547982,dearlyyu,509659,ASMR,452,2026-07-25T22:18:56Z,en,"['Vtuber', 'ASMR', 'chill', 'Woman', 'SafeSpace', 'goodvibes', 'meme', 'sleep', 'Yapper', 'ADHD']",2026-07-26,06-10-57,Sunday
318605518807,238166443,ellum,210472759,Shift at Midnight,452,2026-07-25T17:37:30Z,en,"['English', 'IRL']",2026-07-26,06-10-57,Sunday
318469312758,1078197656,nokan777,29452,Virtual Casino,451,2026-07-25T20:37:54Z,pt,['Português'],2026-07-26,06-10-57,Sunday
320673776091,402091341,rglgg,16676,Team Fortress 2,451,2026-07-25T16:34:34Z,en,"['RGL', 'Competitive', 'TF2', 'Esports', 'Tournament', 'English', 'sexygirlgamer']",2026-07-26,06-10-57,Sunday
317725842136,660555943,jayunmatched,509658,Just Chatting,450,2026-07-25T21:23:00Z,en,"['justchatting', 'd10', 'English']",2026-07-26,06-10-57,Sunday
318094067174,53190635,sebo,32982,Grand Theft Auto V,450,2026-07-25T16:42:54Z,de,"['Deutsch', 'Roleplay', 'VarietyGaming']",2026-07-26,06-10-57,Sunday
316527287510,30175806,vetal_911,27284,Retro,450,2026-07-25T18:56:52Z,ru,['Русский'],2026-07-26,06-10-57,Sunday
320564898650,760087955,blackmelsports,509658,Just Chatting,449,2026-07-25T18:46:40Z,es,"['CrossFit', 'Español']",2026-07-26,06-10-57,Sunday
318095612134,988423003,niki8einhalb,509658,Just Chatting,449,2026-07-25T18:50:58Z,de,"['Deutsch', '161', 'Queerfriendly', 'SafeSpace', 'LGBTQIAPIus', 'FCKNZS']",2026-07-26,06-10-57,Sunday
318607371607,113839944,xodreadox,461221,MARVEL Contest of Champions,447,2026-07-25T20:33:28Z,en,['English'],2026-07-26,06-10-57,Sunday
316227297138,133605562,heteeel,55453844,Street Fighter 6,447,2026-07-25T16:44:32Z,ja,['日本語'],2026-07-26,06-10-57,Sunday
318096849126,470611900,vladboyz,509658,Just Chatting,447,2026-07-25T20:34:17Z,ru,['Русский'],2026-07-26,06-10-57,Sunday
320672818139,1017108797,flowtives,27471,Minecraft,447,2026-07-25T15:20:55Z,en,"['English', 'Ally', 'PvP', 'StrengthSMP', 'altarsmp', 'LifestealSMP', 'unstablesmp', 'UHC', 'pvphq', 'moneysmp']",2026-07-26,06-10-57,Sunday
317298910050,150642043,omendigotv,498566,Slots,447,2026-07-25T20:57:51Z,pt,['Português'],2026-07-26,06-10-57,Sunday
318606521815,39249330,mogsy,271304,7 Days to Die,446,2026-07-25T19:19:37Z,en,"['adhd', 'talkstochat', 'ally', 'giveaways', 'interactive', 'English', 'DropsEnabled']",2026-07-26,06-10-57,Sunday
315816592594,104919208,sooshi,515025,Overwatch,446,2026-07-25T18:35:27Z,en,"['English', 'DropsEnabled']",2026-07-26,06-10-57,Sunday
320507132377,820428882,itzfrwog,2009321156,Dark and Darker,445,2026-07-25T18:58:49Z,en,"['English', 'DropsEnabled']",2026-07-26,06-10-57,Sunday
317323311972,131415728,prcs,32399,Counter-Strike,444,2026-07-25T21:36:11Z,pt,"['Português', 'CS2', 'faceit', 'FPL']",2026-07-26,06-10-57,Sunday
317073140599,884338173,ferretsoftware,272263131,"Animals, Aquariums, and Zoos",443,2026-07-24T11:11:05Z,en,"['Ferret', 'Tube', 'Long', 'Wiggler', 'CatSnake', 'Noodle', 'Stinky', 'English']",2026-07-26,06-10-57,Sunday
320676040411,701674724,sleepyisoffline,27471,Minecraft,441,2026-07-25T18:53:06Z,en,"['e', 'silly', 'evil', 'houdini', 'dangerouslycool', 'English', 'morbidlyabeast', 'catboy']",2026-07-26,06-10-57,Sunday
316498401237,613657531,tema_akc,29595,Dota 2,440,2026-07-25T20:59:40Z,ru,"['Русский', 'шутер', 'pubg']",2026-07-26,06-10-57,Sunday
320507512153,169130874,risshella,515053710,Moonlight Peaks,438,2026-07-25T19:19:18Z,en,"['Bisexual', 'Neurodivergent', 'GoblinQueen', 'LGBTQIAPlus', 'English', 'AuDHD', 'simulationgames', 'ClosedCaptions', 'shellcollector', 'DropsEnabled']",2026-07-26,06-10-57,Sunday
318607547863,406379460,oddrey,1064893715,Resident Evil 3,438,2026-07-25T20:49:44Z,en,['English'],2026-07-26,06-10-57,Sunday
318022825701,66551495,knueppelpaste,478407715,Arma Reforger,438,2026-07-25T10:57:31Z,de,"['Deutsch', 'eigentlichganznett', 'PvP', 'vollderProfi', 'EFT', 'Lehrreich']",2026-07-26,06-10-57,Sunday
320675518043,53831996,grandpoobear,630009802,MARVEL TŌKON: Fighting Souls,437,2026-07-25T18:22:31Z,en,"['English', 'hotmen', '1', 'Crack', 'zaddy', 'zaddylicious', 'HelpCenter', 'DropsEnabled']",2026-07-26,06-10-57,Sunday
319660163424,1389671297,shinchan_oficial,1398657661,Anime Squad,436,2026-07-25T08:42:06Z,es,['Español'],2026-07-26,06-10-57,Sunday
320509321689,139837888,oliverog,33214,Fortnite,435,2026-07-25T21:03:31Z,en,"['English', 'Fortnite', 'DropsEnabled']",2026-07-26,06-10-57,Sunday
317297182562,54118379,jamiedrakehd,1867845425,Slice To Meet You,435,2026-07-25T17:52:28Z,pt,['Português'],2026-07-26,06-10-57,Sunday
318605494359,224037760,gent,511224,Apex Legends,434,2026-07-25T17:34:09Z,en,"['Him', 'English', 'Horkin', 'DropsEnabled']",2026-07-26,06-10-57,Sunday
317715588824,7832442,rifftrax,499973,Always On,433,2026-07-24T18:32:25Z,en,['English'],2026-07-26,06-10-57,Sunday
317319263204,108236875,ikoneec,65632,DayZ,433,2026-07-25T14:02:10Z,fr,"['DayZ', 'SURVIE', 'Français']",2026-07-26,06-10-57,Sunday
318097389286,1324398674,hariyor19,509658,Just Chatting,433,2026-07-25T21:27:17Z,de,['Deutsch'],2026-07-26,06-10-57,Sunday
317322733284,488719882,mishhopettv,491487,Dead by Daylight,432,2026-07-25T20:21:34Z,en,"['english', 'uk', 'dbdstreamer', 'English']",2026-07-26,06-10-57,Sunday
316219218673,640727373,sumono33,6818,SUPER GHOULS'N GHOSTS,432,2026-07-25T21:30:56Z,ja,"['日本語', 'ナメクジなので塩はかけないでね', 'ドット絵っていいよね', '山はいいね', 'translation', 'RTA', 'スピードラン', 'Speedrun', 'レトロゲーム', '記録狙い']",2026-07-26,06-10-57,Sunday
317724842712,109826174,karacorvus,369418,GeoGuessr,432,2026-07-25T19:16:39Z,en,"['English', 'SheHer', 'DangerNoodle']",2026-07-26,06-10-57,Sunday
320672281435,160010466,elly,386821,Black Desert,431,2026-07-25T14:35:12Z,en,"['English', 'elly', 'Vtuber', 'spanish', 'México', 'WordOfTheDay', 'Comedy', 'DropsEnabled']",2026-07-26,06-10-57,Sunday
318097823462,195971097,bigbetbaba,498566,Slots,428,2026-07-25T22:19:59Z,en,['English'],2026-07-26,06-10-57,Sunday
319666626784,476830379,angelz,491487,Dead by Daylight,427,2026-07-25T21:07:20Z,en,"['English', 'Competitive', 'cynic', 'dbd']",2026-07-26,06-10-57,Sunday
318025108837,60513811,spartiatix,1519446996,Gamblers Table,426,2026-07-25T15:06:54Z,pl,['Polski'],2026-07-26,06-10-57,Sunday
318095701734,465123568,brohan,21779,League of Legends,425,2026-07-25T18:57:41Z,en,"['English', 'ASMR', 'german']",2026-07-26,06-10-57,Sunday
318023722725,64408020,seriumtv,32982,Grand Theft Auto V,424,2026-07-25T12:44:11Z,de,"['Deutsch', 'Roleplay', 'LuckyV', 'Variety', 'Lehrreich', 'Anime', 'Piraten']",2026-07-26,06-10-57,Sunday
320674447835,137009607,bewitching,33214,Fortnite,424,2026-07-25T17:18:53Z,en,"['English', 'Builds', 'FallDamage', 'giveaway', 'satire', 'DropsEnabled']",2026-07-26,06-10-57,Sunday
318095287270,85379301,arathrak,1697689354,Captain of Industry,423,2026-07-25T18:22:53Z,de,"['Gemütlich', 'Entspannt', 'Cozy', 'Lauch', 'Deutsch', 'Partnered']",2026-07-26,06-10-57,Sunday
318027737829,901617078,hypnoocr,491168,Clash Royale,421,2026-07-25T19:01:35Z,en,['English'],2026-07-26,06-10-57,Sunday
318028042341,272233631,ivonyak,509658,Just Chatting,421,2026-07-25T19:25:40Z,uk,"['Українська', 'Українською', 'Україна']",2026-07-26,06-10-57,Sunday
317339675363,478701870,tubbolive,1469308723,Software and Game Development,419,2026-07-25T21:46:11Z,en,"['English', 'sussexgamer', 'valorantpro', 'pro']",2026-07-26,06-10-57,Sunday
320674109659,98373759,tioshur,940764735,La Velada,418,2026-07-25T16:58:02Z,es,"['noticias', 'Español']",2026-07-26,06-10-57,Sunday
318542578933,776884493,fvn_naquencio,498566,Slots,418,2026-07-25T22:32:36Z,es,['Español'],2026-07-26,06-10-57,Sunday
316568475604,1128067071,evilkingmlbb,494184,Mobile Legends: Bang Bang,417,2026-07-25T19:30:59Z,ru,"['Русский', 'mlbb', 'evilking', 'mobilelegends', 'evilkingmlbb', 'общение', 'mobilelegendsLive', 'мобла', 'моба', 'TeamYandex']",2026-07-26,06-10-57,Sunday
315364080751,48093884,sweetcampercs,890558948,Torchlight: Infinite,417,2026-07-25T08:29:43Z,zh,"['中文', '靈魂歌手', '帥臉', '最有禮貌', '勤奮主播', '一句不離三個國罵', '启用掉宝']",2026-07-26,06-10-57,Sunday
318028986213,50807694,zrool,499634,Crypto,417,2026-07-25T20:47:46Z,en,['English'],2026-07-26,06-10-57,Sunday
320678994651,38852102,momo,796500915,Halo: Campaign Evolved,417,2026-07-25T21:43:40Z,en,"['VTuber', 'Depression', 'LGBTQ', 'English', 'ONX', 'nobackseatgaming', 'DramaticRoleplay']",2026-07-26,06-10-57,Sunday
320677274971,116000787,rocketstreetlive,30921,Rocket League,417,2026-07-25T20:01:56Z,es,"['rocketleague', 'Español', 'DropsActivados', 'DropsEnabled', 'drops']",2026-07-26,06-10-57,Sunday
319664749920,78077061,averse,1630982727,Where Winds Meet,413,2026-07-25T18:46:49Z,en,"['English', 'PvP', 'wherewindsmeet', 'WWMCCPS9', 'wwmccs9', 'DropsEnabled']",2026-07-26,06-10-57,Sunday
318020237285,599459353,knebel_de,71375,Star Citizen,413,2026-07-25T01:43:25Z,de,['Deutsch'],2026-07-26,06-10-57,Sunday
319601082332,14408894,cdnthe3rd,181292138,Splatoon RAIDERS,410,2026-07-25T22:41:37Z,en,"['OftenImitated', 'NeverDuplicated', 'BidetEnthusiast', 'English', 'DFWPYUO', 'Muppemorphasis']",2026-07-26,06-10-57,Sunday
318469880182,113969037,dcosta,509658,Just Chatting,410,2026-07-25T21:47:19Z,pt,"['Português', 'gta', 'BOPE', 'DCOSTA', 'GTARP', 'grota', 'capitalcity', 'cpx', 'GTAⅤ', 'English']",2026-07-26,06-10-57,Sunday
317885463911,1157841394,king_auga,32399,Counter-Strike,408,2026-07-25T18:54:30Z,el,"['English', 'faceitlvl10', 'greekcs2', 'greek', 'Ελληνικά', 'CS2', 'counterstrike2']",2026-07-26,06-10-57,Sunday
317321210596,42360116,cheese,2692,Super Mario 64,405,2026-07-25T17:46:53Z,en,"['English', 'LGBT', 'speedrunning', 'spanish', 'mario']",2026-07-26,06-10-57,Sunday
320562445146,126436297,klean,65632,DayZ,405,2026-07-25T16:11:13Z,en,"['English', 'UnitedStates', 'Hardcore', 'Immersion', '1440p']",2026-07-26,06-10-57,Sunday
317887585127,191671037,tjino9,33214,Fortnite,404,2026-07-25T22:19:00Z,da,"['Dansk', 'DropsAktiveret']",2026-07-26,06-10-57,Sunday
317338808547,803574889,evoxia,516575,VALORANT,404,2026-07-25T19:57:00Z,fr,['Français'],2026-07-26,06-10-57,Sunday
317320845924,742124729,kyacolosseum,1982936547,Pokémon,403,2026-07-25T17:05:53Z,en,"['ADHD', 'British', 'Anime', 'LGBT', 'Nuzlocke', 'gaymer', 'VGC', 'HardMode', 'English', 'Invitational']",2026-07-26,06-10-57,Sunday
317338607971,27641920,carbonrh,516575,VALORANT,403,2026-07-25T19:33:35Z,fr,['Français'],2026-07-26,06-10-57,Sunday
319538500446,63321379,the8bitdrummer,26936,Music,400,2026-07-25T20:31:20Z,en,"['GoodVibes', 'GoodBeans', 'Drums', 'Loud', 'Music', 'HighEnergy', 'English']",2026-07-26,06-10-57,Sunday
317291761378,523692922,shyroboy,73586,Outlast,400,2026-07-24T23:31:37Z,fr,"['Français', 'subathon', 'siuuuu']",2026-07-26,06-10-57,Sunday
315901533290,57519051,darkviperau,32982,Grand Theft Auto V,400,2026-07-25T23:02:08Z,en,"['English', 'Chatty', 'OCE', 'Speedrun', 'PC', 'Australian']",2026-07-26,06-10-57,Sunday
318469836150,35647075,patopapao,494436328,The Bazaar,398,2026-07-25T21:41:43Z,pt,"['Lindo', 'Gamer', 'BazaarLovers', 'Português']",2026-07-26,06-10-57,Sunday
318029407205,71758288,mamm0n,29307,Path of Exile,397,2026-07-25T21:28:20Z,pl,"['Polski', 'DropyWłączone']",2026-07-26,06-10-57,Sunday
320510183385,195759402,j3llybag3l,401587136,Arena Breakout: Infinite,397,2026-07-25T21:53:46Z,en,"['English', 'egirlgamer', 'DommyMommy', 'uwu', 'DropsEnabled']",2026-07-26,06-10-57,Sunday
320680425947,125387632,amouranth,509672,IRL,397,2026-07-25T23:02:50Z,en,"['English', 'IRL']",2026-07-26,06-10-57,Sunday
316494843733,109254404,ry6kagop,386821,Black Desert,397,2026-07-25T12:17:59Z,ru,"['Русский', 'drops', 'BDO', 'Rust', 'English', 'DropsВключены']",2026-07-26,06-10-57,Sunday
318604849652,552777092,bacontibia,19619,Tibia,396,2026-07-25T19:04:55Z,pt,"['Português', 'Tibia', 'MMORPG', 'rubinot', 'RPG', 'otserver']",2026-07-26,06-10-57,Sunday
317296534626,30709418,mickalow,1036710512,Palworld,395,2026-07-25T16:42:56Z,fr,"['Français', 'fps', 'IRL']",2026-07-26,06-10-57,Sunday
320680303323,558806680,elultimocirculo,796500915,Halo: Campaign Evolved,394,2026-07-25T22:56:53Z,es,"['Español', 'Fortnite', 'warzone', 'pubg', 'chicagamer', 'Ranked', 'rankedrivals', 'Battlefield6']",2026-07-26,06-10-57,Sunday
316525980374,29322899,yzne,27546,World of Tanks,393,2026-07-25T16:04:35Z,en,"['English', 'DropsEnabled']",2026-07-26,06-10-57,Sunday
317883409767,823665569,der_marienkaefer_live,509672,IRL,392,2026-07-25T16:02:41Z,de,"['Deutsch', 'spendenbus', 'Spendenstream', 'CharityStream', 'CharityStreamer', 'Spenden', 'Helfer', 'obdachlosenhilfe', 'einsatz', 'München']",2026-07-26,06-10-57,Sunday
319666511712,163561262,frankiep423,515025,Overwatch,392,2026-07-25T20:59:37Z,en,"['English', 'DropsEnabled']",2026-07-26,06-10-57,Sunday
317724435032,165753222,savefile17,138585,Hearthstone,391,2026-07-25T18:18:52Z,en,"['English', 'Arena', 'nerd', 'Leaderboard', 'hearthstonearena', 'hearthstone', 'StarWarsNerd', 'StarTrekNerd']",2026-07-26,06-10-57,Sunday
318539862389,645581790,sallesbet22,29452,Virtual Casino,391,2026-07-25T16:58:40Z,en,['English'],2026-07-26,06-10-57,Sunday
316526541910,117995626,usachman,75467,Euro Truck Simulator 2,391,2026-07-25T17:21:23Z,uk,"['Українська', 'Україна', 'Українською', 'Ukraine', 'UA', 'Ukrainian', 'Одеса', 'Миколаїв', 'Ігри']",2026-07-26,06-10-57,Sunday
317338251491,504240742,giuseppemdr,516575,VALORANT,391,2026-07-25T18:59:56Z,fr,"['humour', 'divertissement', 'français', 'Français']",2026-07-26,06-10-57,Sunday
318542521717,126671776,natval,509658,Just Chatting,390,2026-07-25T22:26:33Z,pt,['Português'],2026-07-26,06-10-57,Sunday
317725907416,135897760,bootyswagga,509658,Just Chatting,390,2026-07-25T21:31:40Z,en,"['English', 'girl', 'feet', 'caseoh', 'ishowspeed', 'AMA', 'chicago', 'funny', 'faze', 'movie']",2026-07-26,06-10-57,Sunday
319538004062,56399221,viper,21779,League of Legends,389,2026-07-25T19:55:17Z,en,"['English', 'leagueoflegeneds']",2026-07-26,06-10-57,Sunday
318606933335,52763608,gp_tv,509658,Just Chatting,388,2026-07-25T19:56:24Z,en,"['English', 'groupchannel', 'VarietyStreamer', 'LGBTＱ', 'womensguild', 'TwitchAmbassador', 'challengestream']",2026-07-26,06-10-57,Sunday
317725759448,10180554,victoria,509658,Just Chatting,388,2026-07-25T21:11:18Z,en,"['FINDOM', 'WALLETDRAIN', 'PAYPIG', 'GODDESS', 'FEET', 'ASMR', 'EGIRL', 'HOT', 'WOMAN', 'ENGLISH']",2026-07-26,06-10-57,Sunday
318603893748,438686523,trollzinha,386821,Black Desert,387,2026-07-25T17:04:12Z,pt,"['Português', 'Vtuber', 'Shai', 'English', 'Русский', 'Español', 'Ｖｔｕｂｅｒ', 'Lahn', 'PIX', 'VtuberBR']",2026-07-26,06-10-57,Sunday
316001063149,1097841631,youngunnamed,32982,Grand Theft Auto V,386,2026-07-25T20:43:32Z,en,"['Русский', 'ＧTA5', 'GrandTheftAutoV', 'English', 'Rerun', 'общение', 'gta5rp', 'burton']",2026-07-26,06-10-57,Sunday
317724939096,476845395,bashbunni,509658,Just Chatting,385,2026-07-25T19:28:56Z,en,"['OpenSourceSoftware', 'Cozy', 'English', 'emacs', 'rustlang', 'NoAI', 'coding']",2026-07-26,06-10-57,Sunday
316496700629,49218669,totless,499003,VRChat,382,2026-07-25T17:04:47Z,en,"['Vtuber', 'swedish', 'English', 'Anime', 'Yapper', 'ADHD', 'vcardtcg', 'Scuff', 'FriendShaped', 'animated']",2026-07-26,06-10-57,Sunday
317295964258,110767738,nunohs,966704637,MIR 4,381,2026-07-25T15:39:49Z,pt,['Português'],2026-07-26,06-10-57,Sunday
317299643106,28276981,frenchstallion,26936,Music,381,2026-07-25T22:43:13Z,en,"['English', 'Montréal', 'guitar', 'Metal', 'GIGACHAD', 'Québécois', 'music', 'Français', 'Metalhead', 'Rocksmith']",2026-07-26,06-10-57,Sunday
317083695991,627036476,snowthaproduct,509658,Just Chatting,381,2026-07-25T22:15:58Z,en,"['English', 'Bilingual', 'snowthaproduct', 'mexican', 'rapper', 'Español', 'studs', 'Lesbianstreamer', 'LGBTQ']",2026-07-26,06-10-57,Sunday
319536350430,69906737,chocotaco,29307,Path of Exile,379,2026-07-25T17:51:09Z,en,"['English', 'DropsEnabled']",2026-07-26,06-10-57,Sunday
317882240359,268540895,hotbeatstv,1669431183,DJs,379,2026-07-25T13:57:56Z,en,"['ElectronicMusic', 'DJ', 'Techno', 'IRL', 'music', 'EDM', 'event', 'Studio', 'Dance', 'DanceMusic']",2026-07-26,06-10-57,Sunday
320502646233,1140386067,skelecurseirl,490377,Sea of Thieves,378,2026-07-25T13:24:51Z,en,"['SeatofThieves', 'Skeleton', 'Pirate', 'English', 'Roleplay', 'PvP', 'DropsEnabled']",2026-07-26,06-10-57,Sunday
319599119708,264727777,taigaxholic,278441117,Assassin's Creed Black Flag Resynced,377,2026-07-25T20:15:45Z,en,"['English', 'femboy', 'ToxicGaming', 'crashout', 'barkforsubs', 'vtuber', 'brat', 'FirstTimePlaythrough', 'AskMeAnything', 'DropsEnabled']",2026-07-26,06-10-57,Sunday
320564744026,24057744,sneegsnag,27471,Minecraft,377,2026-07-25T18:37:24Z,en,"['English', 'ADHD', 'farts', 'react', 'hardcore', 'osrs', 'horror', 'minecraft', 'mcc', 'truecrime']",2026-07-26,06-10-57,Sunday
317079626103,66949711,soloortroll,2094865572,SMITE 2,377,2026-07-25T06:28:32Z,en,"['English', 'sololane', 'pro', 'DropsEnabled']",2026-07-26,06-10-57,Sunday
318094724710,20687650,tod,12924,Warcraft III,376,2026-07-25T17:40:29Z,en,"['English', 'warcraft3', 'ToD', 'RTS']",2026-07-26,06-10-57,Sunday
318608406487,946448608,heyarcher_,509658,Just Chatting,376,2026-07-25T22:06:45Z,en,['English'],2026-07-26,06-10-57,Sunday
319600883932,50589127,hogshund,32982,Grand Theft Auto V,376,2026-07-25T22:26:38Z,en,"['federales', 'Cuban', 'CTH', 'gtarp', 'tomhanks', 'cubantomhanks', 'CubanFederales', 'English', 'clown', 'clowncil']",2026-07-26,06-10-57,Sunday
315797875153,27045041,toadamarillo,21779,League of Legends,376,2026-07-25T06:58:47Z,es,"['Español', 'LeagueaofLegends', 'LOL', 'Toad', 'TOADAMARILLO', 'DropsActivados']",2026-07-26,06-10-57,Sunday
320565867738,243290777,kendralyssa,26936,Music,375,2026-07-25T19:40:26Z,en,"['Canadian', 'English', 'Musician', 'LGBTQIAPlus', 'Singing', 'looping']",2026-07-26,06-10-57,Sunday
318096052326,132289488,hollywood285,624536948,EA Sports FC 26,375,2026-07-25T19:25:55Z,it,"['Italiano', 'DropAbilitati']",2026-07-26,06-10-57,Sunday
318470431734,485807963,carolbalds,509658,Just Chatting,375,2026-07-25T22:46:40Z,pt,"['Português', 'Anime', 'conversa', 'Brasil', 'react', 'reagindo', 'filme']",2026-07-26,06-10-57,Sunday
317318383076,407902778,levraidoffy,490377,Sea of Thieves,374,2026-07-25T12:00:12Z,fr,"['Français', 'DropsActivés']",2026-07-26,06-10-57,Sunday
318605929716,214147478,norgannonhh,464339927,ARC Raiders,373,2026-07-25T21:09:02Z,es,"['Español', 'MMORPG', 'Argentina', 'Drops', 'PvP', 'Gameplay', 'Noticias', 'Multijugador', 'ArcRaiders', 'Videojuegos']",2026-07-26,06-10-57,Sunday
316527564502,132420183,mrxsmurf,29595,Dota 2,373,2026-07-25T19:34:18Z,ru,['Русский'],2026-07-26,06-10-57,Sunday
320658734555,169594765,joystick,515025,Overwatch,372,2026-07-24T22:20:19Z,en,"['English', 'vendetta', 'DropsEnabled']",2026-07-26,06-10-57,Sunday
320504647001,127718671,lvcia,509672,IRL,372,2026-07-25T16:24:42Z,de,"['Deutsch', 'Motorrad', 'Cosplay', 'Techstream', 'Japan', 'English', 'IRL', 'cozy']",2026-07-26,06-10-57,Sunday
320654812251,50053880,kisuumi,1673502163,Silver Palace,371,2026-07-24T18:27:12Z,en,['English'],2026-07-26,06-10-57,Sunday
318094243046,67262575,sektenspinner,478407715,Arma Reforger,371,2026-07-25T16:58:11Z,de,"['Allrounder', 'Educational', 'MyWay', 'Deutsch', 'English']",2026-07-26,06-10-57,Sunday
318608536663,609059207,youngdabo,509672,IRL,371,2026-07-25T22:18:19Z,en,['English'],2026-07-26,06-10-57,Sunday
319665612128,480046482,yesseniavo,1448964995,ARKNIGHTS: ENDFIELD,369,2026-07-25T19:51:15Z,en,"['English', 'Vtuber', 'Latina', 'NIKKEPartner', 'Women', 'WuWaCreator', 'HoyoCreator', 'EndfieldCreators', 'Hispanic', 'DropsEnabled']",2026-07-26,06-10-57,Sunday
319600189148,30666848,hungrybox,16282,Super Smash Bros. Melee,369,2026-07-25T21:34:42Z,en,"['English', 'Jigglypuff', 'Español']",2026-07-26,06-10-57,Sunday
318092445542,91089367,apudox,32982,Grand Theft Auto V,369,2026-07-25T14:00:05Z,de,"['Deutsch', 'Roleplay']",2026-07-26,06-10-57,Sunday
316498831445,1281329919,king_love_music_,509658,Just Chatting,368,2026-07-25T22:40:15Z,ru,"['общение', 'Русский']",2026-07-26,06-10-57,Sunday
316528595798,182324263,lampachmen,509658,Just Chatting,368,2026-07-25T22:51:39Z,ru,['Русский'],2026-07-26,06-10-57,Sunday
320508352217,24534372,jimrsng,21779,League of Legends,368,2026-07-25T20:06:04Z,es,"['Español', 'divertido', 'comedia', 'irreverente', 'cringe', 'ajedrecista', 'sc2', 'drops']",2026-07-26,06-10-57,Sunday
319646940128,145188914,onepeg,2009321156,Dark and Darker,368,2026-07-24T13:11:21Z,en,"['English', 'knees', 'duck', 'feet', 'DropsEnabled']",2026-07-26,06-10-57,Sunday
318021695333,81524048,greifenberg,1746823347,Tavern Manager Simulator,367,2026-07-25T08:09:47Z,de,"['Deutsch', 'DropsAktiviert']",2026-07-26,06-10-57,Sunday
318596765044,63111564,matta,21779,League of Legends,366,2026-07-24T22:10:06Z,pt,['Português'],2026-07-26,06-10-57,Sunday
318607679575,25015653,ign,509663,Special Events,365,2026-07-25T21:00:08Z,en,"['English', 'gaming']",2026-07-26,06-10-57,Sunday
319595643484,554057125,higgs,33214,Fortnite,365,2026-07-25T15:38:12Z,en,"['English', 'DropsEnabled']",2026-07-26,06-10-57,Sunday
315843165267,39783270,morf_,500188,Hunt: Showdown 1896,365,2026-07-25T12:26:05Z,en,"['depression', 'horror', 'moustache', 'tattoo', 'zaddy', 'English', 'PvP', 'Multiplayer', 'Cosplay', 'RPG']",2026-07-26,06-10-57,Sunday
315842639187,435392834,pepe_the_rarest,32982,Grand Theft Auto V,363,2026-07-25T09:03:23Z,en,"['Chilling', 'RP', 'English', 'GTARP', 'old', 'Improv', 'dyslexic', 'ProdigyRP', 'rpgta', 'chaseRP']",2026-07-26,06-10-57,Sunday
320560163418,542401178,kingailton,509658,Just Chatting,363,2026-07-25T12:04:49Z,de,['Deutsch'],2026-07-26,06-10-57,Sunday
318095244902,879844501,lisamaus_gaming,116747788,"Pools, Hot Tubs, and Beaches",362,2026-07-25T18:19:17Z,de,"['chess', 'deutsch', 'german', 'schweiz', 'Cozy', 'English', 'SafeSpace', 'wow', 'Wowstreamer', 'sexyvoice']",2026-07-26,06-10-57,Sunday
317722560088,48827570,saintone,511554,Arknights,362,2026-07-25T10:55:54Z,en,"['English', 'Community', 'of', 'Boomers', 'And', 'Lizard', 'People', 'MAMBO']",2026-07-26,06-10-57,Sunday
319665187424,460202635,gems,464339927,ARC Raiders,361,2026-07-25T19:18:48Z,en,"['English', 'action', 'arcraiders', 'gaming']",2026-07-26,06-10-57,Sunday
318607854679,710432375,twigbot_,518184,Phasmophobia,361,2026-07-25T21:16:15Z,en,"['loud', 'English', 'girl', 'sassy', 'food', 'Phasmophobia', 'silly', 'goofy', 'LGBTQFriendly', 'DropsEnabled']",2026-07-26,06-10-57,Sunday
318606567511,635622784,only_a_squid,27471,Minecraft,360,2026-07-25T19:24:38Z,en,"['English', 'lifestealworld', 'minecraft', 'lifestealseason8', 'lifesteal']",2026-07-26,06-10-57,Sunday
315842800467,170606644,audlonlx,24241,FINAL FANTASY XIV ONLINE,359,2026-07-25T10:08:52Z,en,"['roblox', 'minecraft', 'English', 'DropsEnabled']",2026-07-26,06-10-57,Sunday
320676172635,70801500,littlesiha,518017,Resident Evil Village,359,2026-07-25T18:59:58Z,en,['English'],2026-07-26,06-10-57,Sunday
317883090279,463873124,djbenjaminfriedrich,1669431183,DJs,359,2026-07-25T15:31:23Z,de,"['DJ', '90s', '2000s', '2010s', 'DanceMusic', 'HipHop', 'mashup', 'Rock', 'party', 'Deutsch']",2026-07-26,06-10-57,Sunday
319599918940,964623644,dm1coolz,32982,Grand Theft Auto V,359,2026-07-25T21:15:08Z,en,"['English', 'RP']",2026-07-26,06-10-57,Sunday
316282522483,276012445,lilimaruriri,1036710512,Palworld,359,2026-07-25T15:07:49Z,ja,"['日本語', 'japanese', 'japan', '日本', 'EnglishFriendly', '顔出し', '女性', 'palworld', 'パルワールド']",2026-07-26,06-10-57,Sunday
317319317860,216906109,mezzogiorno,32982,Grand Theft Auto V,359,2026-07-25T14:09:43Z,it,"['Italiano', 'Drop', 'GTAV', 'rockstargames', 'drops', 'gtavi', 'gta6']",2026-07-26,06-10-57,Sunday
317082598391,38614029,johnpal,490100,Lost Ark,358,2026-07-25T19:25:57Z,en,"['English', 'MMO', 'ARPG', 'NewPlayerFriendly', 'DadGamer']",2026-07-26,06-10-57,Sunday
318606505431,400530750,vampykinz,458443,Alien: Isolation,357,2026-07-25T19:18:18Z,en,"['Vtuber', 'English', 'Chatty', 'Anime', 'Woman', 'indie', 'reacts', 'ENVtuber', 'BRAT', 'BRATTYKINZ']",2026-07-26,06-10-57,Sunday
317882959975,932527968,armandoforcevod,499973,Always On,356,2026-07-25T15:16:31Z,en,"['English', 'drops', 'Badge', 'BadgeHunters']",2026-07-26,06-10-57,Sunday
318607556951,130236689,bluwunk,21779,League of Legends,355,2026-07-25T20:50:12Z,en,"['Vtuber', 'English', 'girl', 'LOUD', 'Smolder', 'feet', 'Challenger', 'ADC', 'ADHD']",2026-07-26,06-10-57,Sunday
316526010326,124416891,vtaxi78,509658,Just Chatting,355,2026-07-25T16:08:32Z,ru,"['Русский', 'такси', 'общение', 'работа', 'заработок', 'авто', 'жизнь', 'VIP']",2026-07-26,06-10-57,Sunday
320510388313,203670402,buni,777856688,Desktop Explorer,355,2026-07-25T22:04:28Z,en,"['English', 'vtuber', 'australia', 'subathon', 'ADHD', 'Dance', 'vrchat']",2026-07-26,06-10-57,Sunday
317724411992,20694610,towelliee,29307,Path of Exile,354,2026-07-25T18:15:40Z,en,"['tank', 'worldofwarcraft', 'entertainment', 'English', 'MMORPG', 'midnight', 'classicplus', 'wowmidnight', 'guildwars2', 'DropsEnabled']",2026-07-26,06-10-57,Sunday
317337667043,74925882,betr0uni,1763263,nanos world,353,2026-07-25T18:00:37Z,fr,['Français'],2026-07-26,06-10-57,Sunday
319596312796,128892121,welyn,514888,Crusader Kings III,353,2026-07-25T16:39:04Z,en,['English'],2026-07-26,06-10-57,Sunday
317083297655,1507399988,squeakykat_,509659,ASMR,353,2026-07-25T21:14:11Z,en,"['English', 'ASMR', 'catgirl', 'Headpats', 'mommy', 'kisses', 'Vtuber']",2026-07-26,06-10-57,Sunday
318024392677,601268731,sanhez,27471,Minecraft,353,2026-07-25T13:52:03Z,ru,"['Майнкрафт', 'Украинский', 'Санчез', 'манипуляция', 'кукловод', 'тёмнаяпсихология', 'сигма', 'Ukraine', 'sponsorship', 'Русский']",2026-07-26,06-10-57,Sunday
317322315108,31997899,heavenfox,32982,Grand Theft Auto V,353,2026-07-25T19:36:03Z,fr,['Français'],2026-07-26,06-10-57,Sunday
319536235486,216161144,imexile,29307,Path of Exile,352,2026-07-25T17:41:40Z,en,"['English', 'DropsEnabled']",2026-07-26,06-10-57,Sunday
317724420440,107042044,chewy4u,1414860634,The Binding of Isaac: Repentance,351,2026-07-25T18:16:34Z,en,['English'],2026-07-26,06-10-57,Sunday
320504177753,157185554,toan,27471,Minecraft,351,2026-07-25T15:51:47Z,en,"['PvP', 'SMP', 'Minecraft', 'English']",2026-07-26,06-10-57,Sunday
318466678134,52693175,400kgfps,1814232683,Point Blank,350,2026-07-25T14:16:11Z,pt,['Português'],2026-07-26,06-10-57,Sunday
318541498869,32115632,tixinhadois,516575,VALORANT,350,2026-07-25T20:29:56Z,pt,"['Português', 'valorant']",2026-07-26,06-10-57,Sunday
316494921045,1420728213,betboom_cs_ru5,32399,Counter-Strike,349,2026-07-25T12:31:20Z,ru,"['Русский', 'CCT']",2026-07-26,06-10-57,Sunday
319538079582,123889650,hopefulx,18122,World of Warcraft,349,2026-07-25T20:00:58Z,en,"['Mage', 'English']",2026-07-26,06-10-57,Sunday
318542211957,161340615,murloka,417528,Albion Online,348,2026-07-25T21:50:40Z,en,"['MMO', 'SOLO', 'english', 'girl', 'egirl', 'Español', 'English', 'Español', 'DropsEnabled']",2026-07-26,06-10-57,Sunday
318607451351,49974185,snakeeyez,630009802,MARVEL TŌKON: Fighting Souls,348,2026-07-25T20:40:43Z,en,"['English', 'EVO', 'Speed', 'Momentum', 'Action', 'DropsEnabled']",2026-07-26,06-10-57,Sunday
320569058266,47990135,duky,19976,MapleStory,347,2026-07-25T22:42:37Z,en,['English'],2026-07-26,06-10-57,Sunday
317298377570,275272993,zwave,509658,Just Chatting,347,2026-07-25T19:55:32Z,fr,"['fr', 'Français', 'multigaming', 'zwave', 'English', 'Rediffusion', 'RP', 'Roleplay']",2026-07-26,06-10-57,Sunday
318607085783,55356966,defects,23894,Call of Duty: Black Ops,347,2026-07-25T20:08:35Z,en,['English'],2026-07-26,06-10-57,Sunday
318024997477,38608008,serverenok,1393304883,Mir Tankov,346,2026-07-25T14:56:27Z,ru,['Русский'],2026-07-26,06-10-57,Sunday
320510979033,489298439,cinemarxism,509658,Just Chatting,345,2026-07-25T22:37:52Z,en,"['English', 'KansasCity']",2026-07-26,06-10-57,Sunday
317884064487,80907153,nepiheimer,394568,RimWorld,344,2026-07-25T17:01:45Z,de,"['LGBTQIAPlus', 'Vtuber', 'Gervtuber', 'Deutsch', 'hihihingeguckt']",2026-07-26,06-10-57,Sunday
318467784822,487205170,purrjectyui,940764735,La Velada,344,2026-07-25T17:23:45Z,es,"['Español', 'Chile', 'Vtuber', 'latinoamerica', 'Valo', 'VALORANT', 'Valorant']",2026-07-26,06-10-57,Sunday
318096605542,921887812,ronarray,29307,Path of Exile,343,2026-07-25T20:12:24Z,en,"['English', 'poe', 'poe2', 'pathofexile', 'pathofexile2', 'drops', 'farm', 'witch', 'elementalist', 'ignite']",2026-07-26,06-10-57,Sunday
320540535130,31837162,quicksandgm,509672,IRL,343,2026-07-24T13:36:36Z,en,"['lebanese', 'toronto', 'Variety', 'English', 'Improv', 'Comedy', 'funny', 'chill', 'habibi', 'Chaotic']",2026-07-26,06-10-57,Sunday
318017598181,121143935,axxin_live,27471,Minecraft,342,2026-07-24T19:45:01Z,de,"['Deutsch', 'minecraft', 'minecraftserver', 'Community', 'HugoSMP', 'hugpsmp']",2026-07-26,06-10-57,Sunday
319664876256,80934441,overlordbou,32502,World of Warships,342,2026-07-25T18:56:55Z,en,"['PlayingwithViewers', 'BackseatGamingAllowed', 'commentary', 'AskMeAnything', 'ChallengeRun', 'Chatty', 'ShipReview', 'PvP', 'Strategy', 'English']",2026-07-26,06-10-57,Sunday
318094143846,154211222,shiganari,21779,League of Legends,341,2026-07-25T16:50:00Z,ru,"['Русский', 'ADC', 'proplayer', 'Challenger', 'Educational', 'English']",2026-07-26,06-10-57,Sunday
316564771540,27954235,nuke73,657649007,The Legend of Zelda: Ocarina of Time 3D,340,2026-07-25T10:29:53Z,ru,"['Русский', 'DropsВключены']",2026-07-26,06-10-57,Sunday
317882547047,674994809,teamcaptain001,1264310518,Marvel Rivals,337,2026-07-25T14:31:46Z,en,"['English', 'forsen', 'ginger', 'sexygamer', 'Vtuber', 'FleshTuber', 'Scottish', 'xqc', 'GodGamer', 'DropsEnabled']",2026-07-26,06-10-57,Sunday
320568744154,122124955,calliecalico,509663,Special Events,337,2026-07-25T22:24:58Z,en,"['English', 'Vtuber', 'Anime', 'cat', 'Oppai', 'trailertrash', 'bratcat', 'Woman', 'Texan', 'teehee']",2026-07-26,06-10-57,Sunday
317296727266,526130355,juancaravaca,940764735,La Velada,336,2026-07-25T17:02:54Z,es,"['humor', 'arte', 'ironia', 'comunidad', 'Español', 'Entrevistas']",2026-07-26,06-10-57,Sunday
320509257817,47564896,lazzie,499003,VRChat,336,2026-07-25T21:00:05Z,en,['English'],2026-07-26,06-10-57,Sunday
317886395239,67555995,g4nng,32502,World of Warships,336,2026-07-25T20:10:42Z,en,"['DropsEnabled', 'English', 'Deutsch']",2026-07-26,06-10-57,Sunday
317725460440,1271179433,paidwayyto,509658,Just Chatting,335,2026-07-25T20:32:59Z,en,"['English', 'CAP', 'paidwayto', 'notquitelikedub', 'derekking', 'DDG']",2026-07-26,06-10-57,Sunday
317083189111,1089849930,nsevenxs,417528,Albion Online,335,2026-07-25T20:57:25Z,es,"['Español', 'Repetir', 'Albión', 'HCE', 'facción', 'Depths', 'DropsActivados']",2026-07-26,06-10-57,Sunday
319596663132,6952852,lordknight,630009802,MARVEL TŌKON: Fighting Souls,334,2026-07-25T17:08:24Z,en,"['English', 'DropsEnabled']",2026-07-26,06-10-57,Sunday
317322893028,88255352,randallbr,32982,Grand Theft Auto V,334,2026-07-25T20:41:11Z,pt,"['Corrida', 'Português']",2026-07-26,06-10-57,Sunday
317726442200,728114133,asahiskye,1036710512,Palworld,334,2026-07-25T22:41:56Z,en,"['vtuber', 'english', 'asmr', 'ひらがな', 'fairy', 'English', 'justcrying']",2026-07-26,06-10-57,Sunday
320566545242,610196657,thatssoolauren,509658,Just Chatting,333,2026-07-25T20:18:37Z,en,"['English', 'egirl', 'blonde', 'florida']",2026-07-26,06-10-57,Sunday
316227794674,114317875,zeskr_,24241,FINAL FANTASY XIV ONLINE,333,2026-07-25T20:25:58Z,zh,"['中文', '聊天', '幹話', '繪圖', '畫圖', '我抓不到節奏', '烤魷魚是吉祥物', '狐魷生物', '启用掉宝']",2026-07-26,06-10-57,Sunday
318009614181,150436863,gskianto,509672,IRL,332,2026-07-24T01:36:19Z,it,['Italiano'],2026-07-26,06-10-57,Sunday
319595597276,142208213,klass,168648543,Battlefield 6,332,2026-07-25T15:33:05Z,en,"['English', 'Battlefield6', 'Comptetitive', 'PC', 'DropsEnabled']",2026-07-26,06-10-57,Sunday
318096901990,94635296,lubo_87_,19554,iRacing,331,2026-07-25T20:38:22Z,en,['English'],2026-07-26,06-10-57,Sunday
319665108960,123131262,dgr_dave,511399,Super Mario Maker 2,331,2026-07-25T19:12:48Z,en,"['frog', 'FutureAmish', 'rumspringa', 'humble', 'English', 'BluePrinceIsTheGOAT', 'GirlDad', 'BadSpeler', 'BadSpeler']",2026-07-26,06-10-57,Sunday
320673021915,121514979,mrsblob,500188,Hunt: Showdown 1896,331,2026-07-25T15:38:07Z,en,"['English', 'Vtuber', 'CostaRica', 'SoothingVoice', 'Comfy', 'ENVtuber', 'relaxing', 'Cozy', 'DropsEnabled']",2026-07-26,06-10-57,Sunday
317724671320,107159969,nezst,509658,Just Chatting,331,2026-07-25T18:55:00Z,en,"['English', 'Asian', 'ABG', 'Korean', 'Japanese', 'egirl', 'ADHD', 'worldcup', 'fútbol', 'soccer']",2026-07-26,06-10-57,Sunday
317726088792,435908187,raylene,1264310518,Marvel Rivals,330,2026-07-25T21:56:08Z,en,"['English', 'adamwarlock', 'marvelrivals', 'egirl', 'channelguest', 'DropsEnabled']",2026-07-26,06-10-57,Sunday
318027677669,138490205,looney,498566,Slots,329,2026-07-25T18:57:07Z,de,"['MMO', 'MMORPG', 'openworld', 'gta', 'Deutsch']",2026-07-26,06-10-57,Sunday
316524071254,1054896161,bendsen,509658,Just Chatting,329,2026-07-25T10:54:58Z,da,"['Dansk', 'irl', 'JUSTCHATTING']",2026-07-26,06-10-57,Sunday
318026428645,100200356,xemtek,2009321156,Dark and Darker,328,2026-07-25T17:12:54Z,pl,"['Polski', 'DropyWłączone']",2026-07-26,06-10-57,Sunday
317339345763,244366849,freemansensei,1678532194,EA Sports College Football 27,328,2026-07-25T21:01:18Z,fr,['Français'],2026-07-26,06-10-57,Sunday
316494768853,96484151,alcest_m,498592,I'm Only Sleeping,327,2026-07-25T12:04:23Z,ru,"['Русский', 'Майншилд4']",2026-07-26,06-10-57,Sunday
317885490791,72263162,quendya_,386821,Black Desert,326,2026-07-25T18:56:38Z,en,"['MMORPG', 'BDO', 'HelpingNewPlayers', 'Guides', 'English', 'DropsEnabled']",2026-07-26,06-10-57,Sunday
319538930270,53741885,crayon_fps,2132205352,Deadlock,326,2026-07-25T21:03:48Z,en,"['gamer', 'English', 'Vietnamese', 'extremelypassionate', 'richRP', 'eternus', 'deadlock', 'NA']",2026-07-26,06-10-57,Sunday
320674746331,58613191,millz,1678532194,EA Sports College Football 27,326,2026-07-25T17:38:12Z,en,['English'],2026-07-26,06-10-57,Sunday
320507794905,445775286,1breakfest1,512710,Call of Duty: Warzone,326,2026-07-25T19:34:32Z,en,"['English', 'chill', 'ADHD', 'gaming', 'LOUD', 'drops', 'Badges', 'DropsEnabled']",2026-07-26,06-10-57,Sunday
318604838772,45543526,snycmaster,29307,Path of Exile,326,2026-07-25T19:03:29Z,es,"['Español', 'DropsActivados']",2026-07-26,06-10-57,Sunday
320510912473,141661193,lyesval,464339927,ARC Raiders,325,2026-07-25T22:34:05Z,en,"['english', 'radiant', 'esexaddict', 'egirl', 'arcraiders', 'dropsenabled', 'English']",2026-07-26,06-10-57,Sunday
316496260181,46761626,edwardthepilot,669337588,Microsoft Flight Simulator 2024,325,2026-07-25T16:04:20Z,en,"['Aviation', 'Realism', 'flying', 'pilot', 'VATSIM', 'Airplanes', 'English']",2026-07-26,06-10-57,Sunday
317886995431,124318726,matteohs,32982,Grand Theft Auto V,325,2026-07-25T21:07:12Z,it,['Italiano'],2026-07-26,06-10-57,Sunday
318026829029,102440358,arcadebulls,2121806469,S.T.A.L.K.E.R. G.A.M.M.A.,325,2026-07-25T17:49:40Z,cs,"['Čeština', 'English', 'Community']",2026-07-26,06-10-57,Sunday
318606036212,106690387,ness,415998825,Guildrun,325,2026-07-25T21:21:22Z,pt,['Português'],2026-07-26,06-10-57,Sunday
316527687126,96218714,xandr_sh,17447,Disciples II: Rise of the Elves,322,2026-07-25T19:51:19Z,ru,['Русский'],2026-07-26,06-10-57,Sunday
317726053208,73469143,sonii,18122,World of Warcraft,322,2026-07-25T21:51:53Z,en,"['English', 'Hardcore', 'MMORPG']",2026-07-26,06-10-57,Sunday
319666069856,725102446,rochersha,509672,IRL,322,2026-07-25T20:24:53Z,ru,"['Русский', 'пикми', 'альтушка', 'добраядевочка']",2026-07-26,06-10-57,Sunday
319531949790,1425176207,juntaurgente,1398657661,Anime Squad,321,2026-07-25T06:49:16Z,es,"['Español', 'ANHQV', 'juancuesta', 'juntaurgentee', 'AlwaysOn', 'radiopatio']",2026-07-26,06-10-57,Sunday
317297745762,96619595,chriddel,32982,Grand Theft Auto V,321,2026-07-25T18:50:57Z,de,"['Roleplay', 'GTA', 'Deutsch', 'HomeState']",2026-07-26,06-10-57,Sunday
315843460051,119904931,sharakois,509658,Just Chatting,320,2026-07-25T14:11:31Z,ru,"['Русский', 'arcraiders', 'English']",2026-07-26,06-10-57,Sunday
318021986149,161580815,zg__,630009802,MARVEL TŌKON: Fighting Souls,320,2026-07-25T08:58:33Z,en,"['English', 'DropsEnabled', 'Русский']",2026-07-26,06-10-57,Sunday
318029723621,494082904,cricoccia3,518203,Sports,319,2026-07-25T22:04:47Z,it,['Italiano'],2026-07-26,06-10-57,Sunday
317083942135,465348242,planet_vano,488559,Five Nights at Freddy's 2,319,2026-07-25T22:53:40Z,en,"['Chaos', 'chill', 'ADHD', 'English']",2026-07-26,06-10-57,Sunday
317338757987,1352210033,dumbo_ttv69,32982,Grand Theft Auto V,319,2026-07-25T19:51:29Z,fr,"['Français', 'gtarp', 'gta', 'GTAVFiveM', 'urbex', 'Urbexing', 'urbexnocturno', 'UrbexSquad']",2026-07-26,06-10-57,Sunday
319538205022,428000880,willowleef,66082,Games + Demos,318,2026-07-25T20:09:41Z,en,"['English', 'Canadian', 'gamergirl', '18plus', 'LGBTQ', 'ADHD', 'Horror', 'chattingwithviewers', 'VoiceActor', 'egirl']",2026-07-26,06-10-57,Sunday
317079576311,546437080,michela,509658,Just Chatting,318,2026-07-25T06:20:37Z,en,"['English', 'Filipino', 'Black', 'lefthanded', 'Singer', 'dancer', 'LGBTQ']",2026-07-26,06-10-57,Sunday
320567215066,159801479,monikacinnyroll,1330093788,Voices of the Void,318,2026-07-25T20:58:17Z,en,"['English', 'Interactive', 'DryHumor', 'Aliens', 'Horror', '18pluschannel', 'Goober', 'ChannelPoints', '3D', 'Chatty']",2026-07-26,06-10-57,Sunday
318469575414,1088633937,brederodess,19619,Tibia,318,2026-07-25T21:08:02Z,pt,"['Tibia', 'rubinot', 'Português']",2026-07-26,06-10-57,Sunday
318608262871,78841595,tytykiller,29307,Path of Exile,318,2026-07-25T21:53:48Z,en,"['English', 'Speedrun', 'DropsEnabled']",2026-07-26,06-10-57,Sunday
319518381662,47849672,whycue,1266647210,Streamer University,318,2026-07-24T09:33:33Z,en,"['English', 'StreamerUniversity']",2026-07-26,06-10-57,Sunday
320562690010,195166073,hachubby,512953,ELDEN RING,318,2026-07-25T16:29:43Z,en,"['English', 'Variety', 'IRL', 'USA', 'gaming', 'korean', 'Cooking', 'music']",2026-07-26,06-10-57,Sunday
317883207655,46892318,ashrecoil7,21779,League of Legends,317,2026-07-25T15:44:45Z,pt,['Português'],2026-07-26,06-10-57,Sunday
316567192788,66541492,ussrkhal,18122,World of Warcraft,317,2026-07-25T16:51:47Z,ru,"['Ussrkhal', 'wowclassic', 'PvP', 'pvpwow', 'TheWarWithin', 'Кхалделон', 'RetributionPaladin', 'Retail', 'Русский', 'midnight']",2026-07-26,06-10-57,Sunday
318030143205,236507843,pizfn,33214,Fortnite,316,2026-07-25T23:03:45Z,it,"['Italiano', 'DropAbilitati']",2026-07-26,06-10-57,Sunday
320504826201,560547447,ghouly,500188,Hunt: Showdown 1896,316,2026-07-25T16:37:07Z,en,"['English', 'Hispanic', 'egirl', 'ADHD', 'Horror', 'Cosplay', 'DropsEnabled']",2026-07-26,06-10-57,Sunday
319534126558,267948159,mobuckets,2112738408,NBA 2K26,316,2026-07-25T14:24:37Z,en,['English'],2026-07-26,06-10-57,Sunday
316226588018,489485041,ayabdch,386821,Black Desert,315,2026-07-25T13:44:57Z,ja,"['雑談', 'おっさん配信者', '日本語', 'ENGsub', 'Drops有効']",2026-07-26,06-10-57,Sunday
319537426270,65030617,anthonycaliber,1200871695,The Last of Us Remastered,315,2026-07-25T19:11:52Z,en,"['English', 'Speedrun', 'WRAttempts', 'HardestDifficulty', 'thelastofus']",2026-07-26,06-10-57,Sunday
320562411866,269835621,reet,33214,Fortnite,315,2026-07-25T16:08:26Z,en,"['English', 'DropsEnabled']",2026-07-26,06-10-57,Sunday
316569556564,62291447,ksinontm,624536948,EA Sports FC 26,314,2026-07-25T22:50:36Z,ru,"['Русский', 'DiabloIV', 'Thedivision2', 'Fortnite']",2026-07-26,06-10-57,Sunday
318015639909,72793250,pietsmiettv,1294658629,R.E.P.O.,314,2026-07-24T17:30:08Z,de,['Deutsch'],2026-07-26,06-10-57,Sunday
317299061986,511896289,atowwwww,30921,Rocket League,313,2026-07-25T21:16:47Z,fr,"['France', 'belge', 'Français', 'rocketleague', 'pro', 'stream', 'Karminecorp', 'KCORP', 'DropsActivés']",2026-07-26,06-10-57,Sunday
317298595298,83599745,loxetv,509658,Just Chatting,312,2026-07-25T20:21:04Z,fr,"['Français', 'BE', 'belgique', 'misophonie', 'insomnie', 'Politique']",2026-07-26,06-10-57,Sunday
316567638740,707992736,magistorkaga,494184,Mobile Legends: Bang Bang,311,2026-07-25T17:49:37Z,ru,"['mlbb', 'Русский', 'Magistor', 'English', 'магистор', 'магистормлбб', 'магистр', 'игры', 'магистрмлбб', 'magistormlbb']",2026-07-26,06-10-57,Sunday
318091775462,961922319,kassshiro,401587136,Arena Breakout: Infinite,311,2026-07-25T12:47:42Z,ru,"['Русский', 'Engisih', 'Соревновательныеигры', 'PC', 'Russian', 'Повтор', 'arenabreakout', 'ArenaBreakoutPC', 'DropsВключены']",2026-07-26,06-10-57,Sunday
320483690713,845929057,gta6news,32982,Grand Theft Auto V,311,2026-07-24T15:26:36Z,ru,"['gta5rp', 'MajesticRP', 'GTA6RP', 'GTA6NEWS', 'GTAVFiveM', 'GTANews', 'GTA6', 'gta6online', 'gtaonline', 'Повтор']",2026-07-26,06-10-57,Sunday
319594781788,266672278,kiwii_ow,515025,Overwatch,309,2026-07-25T14:04:31Z,en,"['English', 'DropsEnabled']",2026-07-26,06-10-57,Sunday
319595898972,103931229,tap_,1264310518,Marvel Rivals,307,2026-07-25T16:01:34Z,en,"['English', 'psylocke', 'OAA', 'phoenix', 'Jean', 'elsa', 'Educational', 'autism', 'DropsEnabled']",2026-07-26,06-10-57,Sunday
316560610516,84152112,linny,509658,Just Chatting,307,2026-07-24T17:32:11Z,en,"['girl', 'gamer', 'gym', 'fitness', 'cooking', 'irl', 'woman', 'female', 'cats', 'sweden']",2026-07-26,06-10-57,Sunday
318092674022,50885108,vkingplays,1536282307,Tears of Metal,307,2026-07-25T14:23:24Z,it,['Italiano'],2026-07-26,06-10-57,Sunday
315800281297,452215980,stellsia,18122,World of Warcraft,306,2026-07-25T20:44:43Z,en,"['English', 'Cozy', 'wowclassic', 'FemaleCreators', 'Cosplay', 'learning', 'Nightslayer', 'SOD']",2026-07-26,06-10-57,Sunday
317297303394,104703095,nateacuiki,490377,Sea of Thieves,306,2026-07-25T18:04:20Z,es,"['Mujer', 'RPG', 'Español']",2026-07-26,06-10-57,Sunday
320509947353,109431309,german_intelligence,27546,World of Tanks,305,2026-07-25T21:39:56Z,en,"['English', 'DropsEnabled']",2026-07-26,06-10-57,Sunday
316524739542,139649233,pufferson,490377,Sea of Thieves,304,2026-07-25T12:51:02Z,en,"['English', 'swedish', 'SeaOfThievesPartner', 'PvP', 'PvPvE', 'Friendly', 'fractalpartner', 'DropsEnabled']",2026-07-26,06-10-57,Sunday
317885769575,156786763,roflyanich_,511224,Apex Legends,304,2026-07-25T19:18:13Z,ru,"['Русский', 'DropsВключены']",2026-07-26,06-10-57,Sunday
317340033123,602117747,henriquepascoa,509658,Just Chatting,304,2026-07-25T22:41:31Z,pt,['Português'],2026-07-26,06-10-57,Sunday
319537065438,467143633,z_h_o_r_a,509658,Just Chatting,303,2026-07-25T18:45:57Z,ru,"['Русский', 'Америка', 'США', 'Майами', 'ИРЛ', 'ГТА6ИРЛ']",2026-07-26,06-10-57,Sunday
316525672022,424677010,babystarz,21779,League of Legends,303,2026-07-25T15:21:13Z,en,"['german', 'english', 'akali', 'quinn', 'kassadin', 'norsk', 'polski', 'aurora', 'mid', 'volumewarning']",2026-07-26,06-10-57,Sunday
318542148213,144298017,fbzfps,32399,Counter-Strike,302,2026-07-25T21:42:58Z,pt,['Português'],2026-07-26,06-10-57,Sunday
320503976793,219064300,wethepeople1,168648543,Battlefield 6,302,2026-07-25T15:35:16Z,en,"['English', 'battleroyale', 'Português', 'Brazilian', 'Boston', 'Texas', 'DropsEnabled']",2026-07-26,06-10-57,Sunday
318095641318,121930779,crashdiet_05,518184,Phasmophobia,302,2026-07-25T18:53:14Z,ru,"['Русский', 'Phasmophobia', 'фазмофобия', 'KineticGamesPartner', 'Симуляторсвиданий', 'SubtitlesOn', 'фазма', 'English', 'deadbbydaylight', 'drops']",2026-07-26,06-10-57,Sunday
319663207264,9192736,dekillsage,630009802,MARVEL TŌKON: Fighting Souls,302,2026-07-25T16:40:41Z,en,"['English', 'DropsEnabled']",2026-07-26,06-10-57,Sunday
316569495124,142433904,rudysayuki,509658,Just Chatting,301,2026-07-25T22:32:37Z,ru,"['Русский', 'Общение', 'IRL', 'Девушка', 'БезПолитики', 'Chıll', 'Скуф']",2026-07-26,06-10-57,Sunday
318030007653,1209791823,dianvegas1,498566,Slots,301,2026-07-25T22:43:54Z,en,['English'],2026-07-26,06-10-57,Sunday
319666520672,88803908,hugo_one,6521,Grand Theft Auto: San Andreas,301,2026-07-25T21:00:11Z,en,['English'],2026-07-26,06-10-57,Sunday
318460677366,38548231,malena0202,27471,Minecraft,301,2026-07-24T22:08:07Z,pt,"['LGBT', 'Português', 'Gamer', 'Streamer', 'Aposentada', 'minecraft', 'arkanis']",2026-07-26,06-10-57,Sunday
320678711771,62663660,rallied,512710,Call of Duty: Warzone,301,2026-07-25T21:26:57Z,en,['English'],2026-07-26,06-10-57,Sunday
317339676515,252427176,saselandiadirectos,509658,Just Chatting,300,2026-07-25T21:46:16Z,es,['Español'],2026-07-26,06-10-57,Sunday
317887561831,52028167,syrinxx1337,32399,Counter-Strike,300,2026-07-25T22:15:37Z,de,['Deutsch'],2026-07-26,06-10-57,Sunday
316498630997,965680841,ekatrona,509658,Just Chatting,300,2026-07-25T21:46:28Z,ru,"['Русский', 'общение', 'JustChatting', 'разговоры', 'красотка', 'чипуха', 'выживаниевлесу', 'икатронакрасотка', 'екатроналегенда', 'Екатеринбург']",2026-07-26,06-10-57,Sunday
320539807194,79294007,mira,509672,IRL,300,2026-07-24T11:09:42Z,en,"['English', 'Iceland', 'Japan', 'Sweden', 'Norway', 'Scandinavia', 'USA', 'Canada', 'America', 'JUICE']",2026-07-26,06-10-57,Sunday
316528362582,1059087804,tearsdesolate,32982,Grand Theft Auto V,299,2026-07-25T21:48:32Z,ru,"['Majestic', 'denver', 'phoenix', 'MajesticRP', 'RP', 'ＧTA5', 'gta', 'Dallas', 'Русский']",2026-07-26,06-10-57,Sunday
318602926580,136371522,nicklink,21779,League of Legends,299,2026-07-25T14:09:01Z,pt,"['Português', 'leagueoflegends', 'jax', 'nicklink', 'Challenger', 'English', 'ChallengeRun', 'run', '60horas', '60hourstream']",2026-07-26,06-10-57,Sunday
319654381792,1383053810,m0xyy247,1264310518,Marvel Rivals,299,2026-07-25T00:18:43Z,en,"['English', 'DropsEnabled']",2026-07-26,06-10-57,Sunday
318608814679,47606906,mews,33214,Fortnite,299,2026-07-25T22:44:22Z,en,"['English', 'COZY', 'chill', 'watchparty', 'anime', 'mma', 'dallas', 'viet', 'dance', 'viewergames']",2026-07-26,06-10-57,Sunday
319540001758,180093382,nothingbutskillz,504463,Tom Clancy's The Division 2,298,2026-07-25T22:24:06Z,en,"['English', 'DropsEnabled']",2026-07-26,06-10-57,Sunday
315900043114,156801396,jonathanong,26936,Music,298,2026-07-25T13:17:34Z,en,"['English', 'Music', 'piano']",2026-07-26,06-10-57,Sunday
318028335717,1046764363,altairnative,499973,Always On,298,2026-07-25T19:51:02Z,fr,"['SecondaryChannel', 'communauté', 'Français', 'Rediffusions']",2026-07-26,06-10-57,Sunday
319596651100,270638957,alinaavii,509658,Just Chatting,297,2026-07-25T17:07:12Z,ru,"['Русский', 'DropsВключены']",2026-07-26,06-10-57,Sunday
318606090356,594364469,neosp7,32982,Grand Theft Auto V,297,2026-07-25T21:27:53Z,pt,['Português'],2026-07-26,06-10-57,Sunday
317298126050,1315710751,anakinord66,789588840,Funnel Runners,297,2026-07-25T19:27:12Z,en,"['ScottishGamer', 'Female', '18pluschannel', 'English', 'FriendsandFun']",2026-07-26,06-10-57,Sunday
318026258021,41942332,brix,796500915,Halo: Campaign Evolved,297,2026-07-25T16:58:47Z,de,"['Deutsch', 'English', 'ValorantPartner', 'Wiederholen', 'DropsAktiviert', 'halo', 'haloevolved', 'Keymailer']",2026-07-26,06-10-57,Sunday
316226934642,180584676,leotukuyomi,1036710512,Palworld,297,2026-07-25T15:01:04Z,ja,['日本語'],2026-07-26,06-10-57,Sunday
317321475940,35632770,luuxia,18122,World of Warcraft,296,2026-07-25T18:11:56Z,fr,['Français'],2026-07-26,06-10-57,Sunday
316567910484,76960896,narilah,1669431183,DJs,296,2026-07-25T18:21:41Z,de,"['Deutsch', 'onlygoodvibes', 'SpaßhabenundZugucken', 'English', 'Cozy', 'music', 'bass']",2026-07-26,06-10-57,Sunday
318604686807,1205860200,phltf,1910103699,THE FINALS,296,2026-07-25T15:54:20Z,en,"['English', 'Competitive', 'Esports', 'EU', 'League', 'NA', 'drops', 'DropsEnabled']",2026-07-26,06-10-57,Sunday
320496454361,77547462,precellence,796500915,Halo: Campaign Evolved,295,2026-07-25T03:03:08Z,en,"['English', 'Halo', 'Competitive', 'FPS', 'Sweaty', 'MNK', 'Social', 'Utah', 'Ranked', 'Movies']",2026-07-26,06-10-57,Sunday
320565150810,119766327,kuavoken,511224,Apex Legends,295,2026-07-25T19:00:29Z,en,"['English', 'apexlegends', 'kenny', 'DropsEnabled']",2026-07-26,06-10-57,Sunday
317883349223,74203310,rektbyprotoss,26881,Grim Dawn,295,2026-07-25T15:58:17Z,en,"['AMA', 'English']",2026-07-26,06-10-57,Sunday
317724107352,62186098,flip_switch,31339,Project Zomboid,295,2026-07-25T17:30:04Z,en,"['Solo', 'Zombies', 'english', 'hardcore', 'uwu']",2026-07-26,06-10-57,Sunday
317298338914,544417900,nicotheo_off,493959,Red Dead Redemption II,294,2026-07-25T19:51:29Z,fr,['Français'],2026-07-26,06-10-57,Sunday
317322300644,427035204,mowraa,1763263,nanos world,294,2026-07-25T19:34:30Z,fr,"['Français', 'JL', 'lol', 'leagueoflegends', 'gmod', 'musique', 'jeu', 'Nanos', 'naruto', 'Zenkai']",2026-07-26,06-10-57,Sunday
317321521380,91899244,tbanj,417528,Albion Online,294,2026-07-25T18:17:09Z,en,"['English', 'PvP', 'french', 'fr', 'gaming', 'MOBA', 'Xbox', 'DropsEnabled']",2026-07-26,06-10-57,Sunday
317724485080,270980636,foxiekt,489776,Fallout 4,293,2026-07-25T18:26:41Z,en,"['English', 'NA', 'adhd', 'chill', 'interactive', 'girl', 'chatty', 'youtuber']",2026-07-26,06-10-57,Sunday
320679808347,120673862,peedenisonline,509658,Just Chatting,293,2026-07-25T22:29:28Z,en,"['AMA', 'youtube', 'pee', 'LGBTQ', 'woke', 'trans', 'ACAB', 'variety', 'English']",2026-07-26,06-10-57,Sunday
316497526101,1357066247,skizzwave,509658,Just Chatting,293,2026-07-25T18:49:31Z,ru,"['нектоми', 'nektome', 'cs2', 'gta5', 'dota2', 'общение', 'Русский']",2026-07-26,06-10-57,Sunday
320567238106,630596866,smicho15_,33214,Fortnite,293,2026-07-25T20:59:33Z,es,"['Fortnite', 'twıtch', 'Español', 'fortnitecompetitivo', 'DropsActivados']",2026-07-26,06-10-57,Sunday
320674029915,134249978,simonizeshow,18122,World of Warcraft,292,2026-07-25T16:52:48Z,en,['English'],2026-07-26,06-10-57,Sunday
320508365529,31506856,skinnedteen,777856688,Desktop Explorer,292,2026-07-25T20:06:49Z,en,"['English', 'Horror', 'horrorgames', 'Cartoony', 'Vtuber', 'pngtuber', 'latenight', '90sVIBES']",2026-07-26,06-10-57,Sunday
316568381524,1452895933,orangemorangeslots,498566,Slots,292,2026-07-25T19:18:08Z,de,['Deutsch'],2026-07-26,06-10-57,Sunday
318608688599,478439829,taejon,27471,Minecraft,291,2026-07-25T22:32:19Z,en,"['English', 'minecraft', 'viewers', 'PlayingwithViewers', 'survivalgames', 'smp', 'moneysmp']",2026-07-26,06-10-57,Sunday
316567399380,104425508,eriqfame,509658,Just Chatting,291,2026-07-25T17:17:09Z,ru,['Русский'],2026-07-26,06-10-57,Sunday
318602820183,528430980,cooksuxalwayson,509672,IRL,291,2026-07-25T08:41:32Z,en,['English'],2026-07-26,06-10-57,Sunday
317338779235,484356001,antoniomasmas,509658,Just Chatting,291,2026-07-25T19:53:44Z,es,['Español'],2026-07-26,06-10-57,Sunday
315839790568,941449316,crimsonlootcarnival,18122,World of Warcraft,290,2026-07-25T21:11:45Z,en,"['Giveaways', 'Casual', 'English', 'worldofWarcraftRetail']",2026-07-26,06-10-57,Sunday
317887565287,705364715,mthd4s,138585,Hearthstone,290,2026-07-25T22:16:07Z,en,"['English', 'goat', 'educational', 'ProfessionalGamer']",2026-07-26,06-10-57,Sunday
318469993206,992156377,galego_pururuca,32982,Grand Theft Auto V,289,2026-07-25T22:00:18Z,pt,"['Português', 'Reposição']",2026-07-26,06-10-57,Sunday
317083288951,175825717,neomi,1191348718,AUTO-CRISIS,289,2026-07-25T21:12:44Z,en,"['English', 'Vtuber', 'Horror', 'void', 'CreatureFeature', 'Nekomata', 'ADHD', 'MeanGirl']",2026-07-26,06-10-57,Sunday
317339948515,663877711,ritaglitch,116747788,"Pools, Hot Tubs, and Beaches",289,2026-07-25T22:27:20Z,en,"['English', 'egirl', 'dancing', 'dance', 'justchatting', 'girlstreaming', 'Singing', 'findom']",2026-07-26,06-10-57,Sunday
319601032796,23211421,larryfishburger,509658,Just Chatting,289,2026-07-25T22:37:45Z,en,"['Chatty', 'Ally', 'AuditoryASMR', 'Dad', 'Community', 'Sus', 'Memes', 'AverageGamer', 'English', 'cringe']",2026-07-26,06-10-57,Sunday
319596806108,197648083,palumor,459931,Old School RuneScape,288,2026-07-25T17:19:58Z,en,['English'],2026-07-26,06-10-57,Sunday
320565472730,137517206,kaemii,516575,VALORANT,288,2026-07-25T19:18:13Z,en,['English'],2026-07-26,06-10-57,Sunday
319536449502,53757670,idbz,490377,Sea of Thieves,288,2026-07-25T17:58:43Z,en,"['English', 'Db', 'goober', '9999', 'pvp', 'funny', 'DropsEnabled']",2026-07-26,06-10-57,Sunday
319666628064,1082907688,wispy,491487,Dead by Daylight,287,2026-07-25T21:07:25Z,en,['English'],2026-07-26,06-10-57,Sunday
317882918119,905309870,utkin07,509658,Just Chatting,286,2026-07-25T15:12:15Z,ru,['Русский'],2026-07-26,06-10-57,Sunday
317322551012,516352275,lorenne_,796500915,Halo: Campaign Evolved,286,2026-07-25T20:01:28Z,en,"['English', 'British', 'girl', 'ADHD', 'Woman', 'gaming', 'AskMeAnything', 'Chatty', 'Interactive', 'Variety']",2026-07-26,06-10-57,Sunday
318028241765,630056586,dino_dodo_,509658,Just Chatting,286,2026-07-25T19:43:24Z,cs,['Čeština'],2026-07-26,06-10-57,Sunday
317298361570,185902551,chiches,18763,Fallout 3,286,2026-07-25T19:53:44Z,es,"['videojuegos', 'humor', 'Español']",2026-07-26,06-10-57,Sunday
317725282520,987887674,yaboyyywill,509672,IRL,286,2026-07-25T20:10:27Z,en,"['streameruniversity', 'VoiceTrolling', 'kaicenat', 'yaboyyywill', 'funny', 'English']",2026-07-26,06-10-57,Sunday
316527662166,30070692,beastqt,491931,Escape from Tarkov,286,2026-07-25T19:47:57Z,ru,"['Русский', 'GIGACHAD', 'English']",2026-07-26,06-10-57,Sunday
318540475637,171133052,arthurlanches,21779,League of Legends,286,2026-07-25T18:22:06Z,pt,"['Português', 'English', 'teemo', 'challenger']",2026-07-26,06-10-57,Sunday
318029483749,438251390,sickemoangel,509658,Just Chatting,285,2026-07-25T21:36:50Z,de,"['Cosplay', 'Frau', 'Borderline', 'Emo', 'anime', 'Depression', 'Deutsch', 'English', 'MentalHealth', 'Dance']",2026-07-26,06-10-57,Sunday
315893673834,758261572,corvina,498592,I'm Only Sleeping,285,2026-07-24T01:59:37Z,en,"['English', 'Australian', 'OCE', 'LurkerFriendly', 'LGBTQ', 'Woman', 'overwatch', 'DropsEnabled']",2026-07-26,06-10-57,Sunday
318606622039,107964009,crowmunist,497467,Monster Hunter: World,285,2026-07-25T19:29:24Z,en,"['English', 'LGBTQIA', 'Nonbinary', 'FirstPlaythrough', 'PlayingWithViewers']",2026-07-26,06-10-57,Sunday
318027716453,189927415,imba__tv,951160620,GOALS,284,2026-07-25T19:00:01Z,de,"['Deutsch', 'DropsAktiviert']",2026-07-26,06-10-57,Sunday
315876732649,45223790,cherimu,209738946,Wuthering Waves,284,2026-07-25T01:31:34Z,en,"['Aussie', 'Asian', 'NoLeaks', 'cozy', 'NIKKEPartner', 'ASMR', 'WuWaCreator', 'Australia', 'English', 'DropsEnabled']",2026-07-26,06-10-57,Sunday
319538237406,597854162,gu4rdatv,417528,Albion Online,284,2026-07-25T20:12:11Z,pt,"['Português', 'AlbionOnline', 'PvP', 'PvE', 'MMORPG', 'Español', 'English', 'Keymailer', 'DropsAtivados']",2026-07-26,06-10-57,Sunday
318540639605,207639128,sona,512864,Eternal Return,283,2026-07-25T18:42:44Z,pt,"['Português', 'English']",2026-07-26,06-10-57,Sunday
318022768613,533715367,retrolongplay,27284,Retro,282,2026-07-25T10:50:27Z,en,"['Retro', 'Games', 'TV', 'TAS', 'Speedrun', 'Speedrunning', 'Longplay', 'Marathon', 'English', 'Playthrough']",2026-07-26,06-10-57,Sunday
318091045222,28304438,earliboy,32982,Grand Theft Auto V,282,2026-07-25T11:25:36Z,de,"['Deutsch', 'craftattack', 'CraftAttack13', 'UnityLife', 'Roleplay', 'Sauercrowd', 'UnityLifeDE']",2026-07-26,06-10-57,Sunday
320510873817,41467289,quantum,21779,League of Legends,282,2026-07-25T22:32:02Z,en,['English'],2026-07-26,06-10-57,Sunday
319664423136,81414053,fieldmouse,500188,Hunt: Showdown 1896,282,2026-07-25T18:20:11Z,en,"['English', 'NeuroSpicy', 'ADHD', 'Pansexual', 'cheese', 'NewPlayersWelcome', 'DropsEnabled']",2026-07-26,06-10-57,Sunday
316492420821,1493276818,windowlightfm,26936,Music,281,2026-07-24T23:15:30Z,en,"['lofi', '247Stream', 'lofimusic', 'Relax', 'study', 'Radio', 'English', 'Chıll', 'housemusic']",2026-07-26,06-10-57,Sunday
317081660791,72065604,jshoea,1673502163,Silver Palace,281,2026-07-25T16:37:37Z,en,"['English', 'Anime', 'Malaysian', 'cozygaming', 'Guide', 'WutheringWaves', 'zenlesszonezero', 'GenshinImpact', 'pokemon']",2026-07-26,06-10-57,Sunday
318096334822,149107992,meloudya,1554543571,Photomaly,281,2026-07-25T19:49:37Z,de,"['Deutsch', 'gaming', 'girl', 'cat', 'cozy', 'English']",2026-07-26,06-10-57,Sunday
318028686565,58301987,furkitv,32982,Grand Theft Auto V,281,2026-07-25T20:19:32Z,de,"['Deutsch', 'Roleplay', 'lustig', 'Behindertengerecht', 'content', 'kein', 'stock', 'im', 'göt']",2026-07-26,06-10-57,Sunday
317323109988,1077008546,louki93_,32982,Grand Theft Auto V,280,2026-07-25T21:07:34Z,fr,"['Français', 'GTARP']",2026-07-26,06-10-57,Sunday
317083778295,247301435,slater,512710,Call of Duty: Warzone,280,2026-07-25T22:28:03Z,en,"['English', 'trolling', 'callofduty', 'voicechanger', 'arcraiders', 'arc', 'controller', 'cooking']",2026-07-26,06-10-57,Sunday
319667982688,645498689,paypay,509658,Just Chatting,279,2026-07-25T22:51:10Z,en,"['English', 'LGBTQ', 'Gay']",2026-07-26,06-10-57,Sunday
319599499868,145384084,yavanah__,459839,Assassin's Creed Unity,279,2026-07-25T20:44:05Z,fr,"['Français', 'Femme', 'goodvibes', 'women', 'Retro', 'safeplace', 'gaming', 'Cosplay', 'Découverte', 'SafePlaceForEveryone']",2026-07-26,06-10-57,Sunday
317082686967,20699796,sparkykawa,2009321156,Dark and Darker,278,2026-07-25T19:40:30Z,en,"['twitchintegration', 'gamer', 'ronaldweasley', 'pngtuber', 'blender', 'English', 'DropsEnabled']",2026-07-26,06-10-57,Sunday
316569278676,763092538,shiishak,512953,ELDEN RING,278,2026-07-25T21:38:56Z,ru,['Русский'],2026-07-26,06-10-57,Sunday
315839999848,197530776,christopherloft,1036710512,Palworld,277,2026-07-25T23:00:13Z,en,"['aus', 'talkativestreamer', 'chillingandhavingfun', 'safespace', 'funny', 'cozyvibes', 'LurkerFriendly', 'ama', 'LGBTQIAFriendlySpace', 'BackseatingOnlyIfAsked']",2026-07-26,06-10-57,Sunday
320679271515,63585181,bookofken,210472759,Shift at Midnight,277,2026-07-25T21:59:54Z,en,"['English', 'dailystream', 'BookOfKen', 'couple', 'horrorgames', 'Roleplay']",2026-07-26,06-10-57,Sunday
319540400990,13766215,smight,27284,Retro,277,2026-07-25T22:56:00Z,en,"['English', 'LGBTQFriendly', 'retrogaming']",2026-07-26,06-10-57,Sunday
317887782631,468638176,predagefn,509658,Just Chatting,276,2026-07-25T22:47:52Z,it,"['Italiano', 'predage', 'goat', 'palestra', 'proplayer']",2026-07-26,06-10-57,Sunday
318606166103,117481096,cjya,504462,Call of Duty: Black Ops 4,276,2026-07-25T18:46:40Z,en,"['English', 'ilovevolleyball', 'inamedsurfcanceling', 'onepiecefan', 'dellapookie', 'Cooking']",2026-07-26,06-10-57,Sunday
317083272183,133874906,tabbypac,509658,Just Chatting,276,2026-07-25T21:10:01Z,en,"['English', 'femboy', 'LGBTQ', 'SafeSpace', 'alphamale', 'Vtuber', 'ENVtuber', '18plus']",2026-07-26,06-10-57,Sunday
318608854999,516644919,safetyman420,1931693784,Pokémon Champions,276,2026-07-25T22:48:41Z,en,"['dabbing', 'English', 'Nuzlocke', 'safetyman420bagsofmoney']",2026-07-26,06-10-57,Sunday
316567302228,823606835,toad_anna,509658,Just Chatting,275,2026-07-25T17:03:54Z,ru,"['Русский', 'кино', 'Витьюберы', 'Vtuber', 'GachiMuchi', 'femdom', 'Витубер', 'Втюбер', 'фильмы', 'втубер']",2026-07-26,06-10-57,Sunday
320559138778,799254374,theavamariee,116747788,"Pools, Hot Tubs, and Beaches",275,2026-07-25T08:01:39Z,en,"['findom', 'egirl', 'feet', 'english', 'asian', 'mommy', 'domme', 'goddess', 'paypig', 'English']",2026-07-26,06-10-57,Sunday
316498794581,426251614,vodkaskndr,263490,Rust,275,2026-07-25T22:29:13Z,ru,"['Русский', 'DropsВключены']",2026-07-26,06-10-57,Sunday
320510980697,38618236,drspectred,745589378,Balatro,275,2026-07-25T22:37:58Z,en,"['English', 'Charity']",2026-07-26,06-10-57,Sunday
320510335577,70548019,eepysleepy,14198,Metroid Prime,274,2026-07-25T22:01:36Z,en,"['VTuber', 'Silly', 'English', 'brotuber', 'NoSpoilers', 'NoBackseating']",2026-07-26,06-10-57,Sunday
317338082531,48044077,sinizertv,1487402441,Farever,274,2026-07-25T18:43:34Z,en,"['PvE', 'Multiplayer', 'Coop', 'English', 'Arabic', 'openworld', 'MMORPG', 'farever', 'shirogames', 'Rogue']",2026-07-26,06-10-57,Sunday
319661473760,72186393,diffizzle,407314011,Marathon,274,2026-07-25T13:40:13Z,en,['English'],2026-07-26,06-10-57,Sunday
318468866166,475972656,minerete,966704637,MIR 4,273,2026-07-25T19:43:40Z,pt,['Português'],2026-07-26,06-10-57,Sunday
318026265445,125329139,technoliebenundlebentv,1669431183,DJs,272,2026-07-25T16:59:16Z,de,"['Deutsch', 'Electronic', 'House', 'Music', 'DJ', 'Rave', 'Classics']",2026-07-26,06-10-57,Sunday
318467989622,122752263,juwie,24241,FINAL FANTASY XIV ONLINE,271,2026-07-25T17:51:42Z,pt,"['Português', 'PrimeiraJogada', 'SemBackseat', 'KratosCareca', 'DropsAtivados']",2026-07-26,06-10-57,Sunday
318028369765,28317918,amateurbohne,32982,Grand Theft Auto V,270,2026-07-25T19:53:29Z,de,['Deutsch'],2026-07-26,06-10-57,Sunday
315815583314,627281133,shooshies,1294658629,R.E.P.O.,269,2026-07-25T13:00:08Z,en,"['LGBTQIAplus', 'nonbinary', 'VTuber', 'EnVTuber', 'charity', 'English', 'FamilyFriendly']",2026-07-26,06-10-57,Sunday
320508191321,568160134,gotzeus26,33214,Fortnite,269,2026-07-25T19:57:16Z,es,"['chill', 'Español', 'minecraft', 'SurvivaI', 'Vtuber', 'Perú', 'DropsActivados']",2026-07-26,06-10-57,Sunday
317299416674,1510477857,camak24h,499973,Always On,269,2026-07-25T22:06:08Z,fr,"['Français', 'Rediffusion', 'Gaming', 'CaMaK']",2026-07-26,06-10-57,Sunday
320509494105,119676566,peacedubz,936822813,DOOM: The Dark Ages,269,2026-07-25T21:13:42Z,en,"['English', 'Furry', 'Woman', 'ADHD', 'Vtuber', 'Gremlin', 'Interactive', 'Variety', 'cringe', 'subathon']",2026-07-26,06-10-57,Sunday
319537055838,1290591681,jitnoward,1264310518,Marvel Rivals,268,2026-07-25T18:45:05Z,en,"['English', 'spiderman', 'DareDevil', 'venom', 'femboy', 'Jitlixir', 'arab', 'deadpool', 'top500', 'OAA']",2026-07-26,06-10-57,Sunday
319540274654,137077628,marcdeezyy,1264310518,Marvel Rivals,268,2026-07-25T22:46:53Z,en,"['dropsenabled', 'English', 'DropsEnabled']",2026-07-26,06-10-57,Sunday
317886484583,794885310,talzeracs,32399,Counter-Strike,267,2026-07-25T20:18:52Z,en,['English'],2026-07-26,06-10-57,Sunday
