id,user_id,user_login,game_id,game_name,viewer_count,started_at,language,tags,snapshot_date,snapshot_time,snapshot_day
321262920283,641972806,kaicenat,509658,Just Chatting,49384,2026-08-28T21:05:31Z,en,"['English', 'ADHD', 'LOUD', 'AMP', 'GAMING', 'GTA']",2026-08-29,22-07-15,Saturday
317585107682,92038375,caedrel,21779,League of Legends,40418,2026-08-29T07:14:54Z,en,"['English', 'LPL', 'LCK', 'LEC', 'Worlds', 'Esports']",2026-08-29,22-07-15,Saturday
317335216631,411377640,jynxzi,14842174,Chained Together,39146,2026-08-28T21:16:26Z,en,['English'],2026-08-29,22-07-15,Saturday
316439560435,49207184,fps_shaka,263490,Rust,33399,2026-08-29T04:27:17Z,ja,['日本語'],2026-08-29,22-07-15,Saturday
316813882068,524953193,d1pro4,509658,Just Chatting,31048,2026-08-29T12:17:38Z,ru,['Русский'],2026-08-29,22-07-15,Saturday
317614275811,558530984,echo_esports,18122,World of Warcraft,30669,2026-08-28T16:01:09Z,en,"['English', 'DropsEnabled']",2026-08-29,22-07-15,Saturday
316740311125,163299585,blastpremier,32399,Counter-Strike,30480,2026-08-29T08:11:59Z,en,"['Esports', 'English', 'BLAST', 'blastpremier', 'counterstrike', 'counterstrike2', 'CS2', 'CS2Live', 'cs2twitch', 'cs2major']",2026-08-29,22-07-15,Saturday
319019872983,246450563,stableronaldo,14842174,Chained Together,26635,2026-08-28T21:16:09Z,en,"['English', 'DropsEnabled']",2026-08-29,22-07-15,Saturday
316812747220,47733806,chopperinho,32399,Counter-Strike,21226,2026-08-29T08:47:48Z,ru,"['Русский', 'English', 'TeamSpirit', 'MajorWinner', 'BetBoom']",2026-08-29,22-07-15,Saturday
315986254035,27115917,kamet0,21779,League of Legends,14571,2026-08-29T14:56:20Z,fr,"['Français', 'LEC', 'leagueoflegends', 'esport', 'RLCS', 'VCT', 'Valorant', 'KCORP', 'Kameto', '30ans']",2026-08-29,22-07-15,Saturday
316742591829,48189727,t2x2,509658,Just Chatting,13901,2026-08-29T14:06:46Z,ru,['Русский'],2026-08-29,22-07-15,Saturday
316373131633,813704147,indegnasen0706,2090279789,FINAL FANTASY XVI,13527,2026-08-29T07:00:57Z,ja,['日本語'],2026-08-29,22-07-15,Saturday
320146734176,837896385,rayan_psnn,509658,Just Chatting,13165,2026-08-29T09:32:33Z,fr,"['Français', 'Rediffusion']",2026-08-29,22-07-15,Saturday
321275507675,427632467,lvndmark,491931,Escape from Tarkov,13022,2026-08-29T12:44:28Z,en,"['English', 'DropsEnabled']",2026-08-29,22-07-15,Saturday
317622552291,83232866,ibai,21779,League of Legends,12934,2026-08-29T14:41:44Z,es,"['Español', 'IRL', 'Chatting', 'KOI']",2026-08-29,22-07-15,Saturday
321271088219,109828129,pokemontcg,9618,Pokémon Trading Card Game,12427,2026-08-29T03:51:07Z,en,"['Esports', 'pokemon', 'English', 'playpokemon', 'PTCG', 'TCG', 'pokemontcg', 'tabletop', 'tradingcardgame', 'NA']",2026-08-29,22-07-15,Saturday
316384418034,93828097,batora324,511399,Super Mario Maker 2,12023,2026-08-29T12:28:01Z,ja,['日本語'],2026-08-29,22-07-15,Saturday
317587525986,622498423,otplol_,21779,League of Legends,11641,2026-08-29T14:02:58Z,fr,['Français'],2026-08-29,22-07-15,Saturday
320010530526,26610234,cohhcarnage,29106,S.T.A.L.K.E.R. 2: Heart of Chornobyl,10607,2026-08-29T11:09:58Z,en,"['SFW', 'Parent', 'ADHD', 'moderated', 'NoPolitics', 'NoReligion', 'Interactive', 'Overencumbered', 'LootGoblin', 'English']",2026-08-29,22-07-15,Saturday
319017676503,1291128261,clemquicourt,509658,Just Chatting,9184,2026-08-28T17:02:08Z,fr,"['Trail', 'Sport', 'Français']",2026-08-29,22-07-15,Saturday
316384754546,952340772,hiiragitsurugi,263490,Rust,9092,2026-08-29T13:30:17Z,ja,"['日本語', '雑談', 'ゲーム']",2026-08-29,22-07-15,Saturday
316813872084,254030065,skywhywalker,32399,Counter-Strike,8890,2026-08-29T12:16:18Z,ru,"['Русский', 'English']",2026-08-29,22-07-15,Saturday
315449845230,57378374,lngliveofficial,509658,Just Chatting,8841,2026-08-29T14:00:47Z,zh,['中文'],2026-08-29,22-07-15,Saturday
318399076837,72603256,97zoner,32399,Counter-Strike,8817,2026-08-29T08:52:21Z,ru,['Русский'],2026-08-29,22-07-15,Saturday
316383714034,443476599,patisyu,32982,Grand Theft Auto V,8675,2026-08-29T10:00:26Z,ja,"['かっこいい', '日本語', '雑談', 'ストグラ', 'ストグラ警察', 'gta']",2026-08-29,22-07-15,Saturday
318261997927,28241419,gingitv,18122,World of Warcraft,8593,2026-08-29T05:17:12Z,en,"['English', 'DropsEnabled']",2026-08-29,22-07-15,Saturday
316814566996,39154778,recrent,1478650472,Call of Duty: Modern Warfare 4,8483,2026-08-29T14:00:11Z,ru,"['Русский', 'DropsВключены']",2026-08-29,22-07-15,Saturday
319016869463,90222258,agent00,509672,IRL,7423,2026-08-28T15:02:22Z,en,"['English', 'AGENT00', 'AMP', 'DropsEnabled']",2026-08-29,22-07-15,Saturday
318262790631,530561729,spontent,518203,Sports,7410,2026-08-29T07:46:16Z,de,"['Deutsch', 'sport', 'beachvolleyball', 'germanbeachtour']",2026-08-29,22-07-15,Saturday
316814481748,26921830,elajjaz,328338354,House 2,7387,2026-08-29T13:47:26Z,en,"['English', 'megagamer']",2026-08-29,22-07-15,Saturday
317619830371,81446331,traytonlol,21779,League of Legends,7024,2026-08-29T07:24:59Z,fr,"['Français', 'Esports', 'LEC', 'LCK', 'LPL', 'Challenger', 'stuckmaster']",2026-08-29,22-07-15,Saturday
316372528625,608690198,leondaihyou,263490,Rust,6952,2026-08-29T04:10:30Z,ja,['日本語'],2026-08-29,22-07-15,Saturday
317340244343,233300375,clix,33214,Fortnite,6779,2026-08-29T14:22:07Z,en,['English'],2026-08-29,22-07-15,Saturday
316742676309,121072767,dkincc,509658,Just Chatting,6673,2026-08-29T14:16:37Z,ru,"['DK', 'DKINC', 'Кашин', 'ДаняКашин', 'Дк', 'Даня', 'dkincc', 'дкинк', 'Русский']",2026-08-29,22-07-15,Saturday
320148319712,36769016,timthetatman,1478650472,Call of Duty: Modern Warfare 4,6646,2026-08-29T14:02:27Z,en,"['English', 'DropsEnabled']",2026-08-29,22-07-15,Saturday
316814273108,215363437,avice,29595,Dota 2,6645,2026-08-29T13:16:23Z,ru,"['Русский', 'dota2']",2026-08-29,22-07-15,Saturday
316770960726,424562942,nolimit_bs,27471,Minecraft,6271,2026-08-29T14:34:05Z,ru,['Русский'],2026-08-29,22-07-15,Saturday
318398880101,145611500,skylinetvlive,509672,IRL,6132,2026-08-29T08:22:28Z,de,['Deutsch'],2026-08-29,22-07-15,Saturday
318461342310,430023505,xrohat,509658,Just Chatting,6129,2026-08-29T08:47:30Z,de,['Deutsch'],2026-08-29,22-07-15,Saturday
315483256816,65653595,roger9527,1196382902,Clash of Critters,6060,2026-08-29T13:34:22Z,zh,['中文'],2026-08-29,22-07-15,Saturday
316740239445,1390976168,betboom_cs_ru,32399,Counter-Strike,5997,2026-08-29T07:55:39Z,ru,"['Киберспорт', 'Esports', 'BLAST', 'counterstrike2', 'Русский']",2026-08-29,22-07-15,Saturday
318385574885,121649330,method,18122,World of Warcraft,5901,2026-08-28T04:28:36Z,en,"['Race', 'Tournament', 'RWF', 'Wow', 'Method', 'MeetMethod', 'English', 'warwithin', 'midnight', 'DropsEnabled']",2026-08-29,22-07-15,Saturday
316030456298,29518572,mobilmobil,1477822963,Detective Sherlock: Shadow Stalker,5684,2026-08-29T12:31:24Z,zh,['中文'],2026-08-29,22-07-15,Saturday
316769108950,139345001,aunkere,32399,Counter-Strike,5660,2026-08-29T08:49:09Z,ru,"['Русский', 'aunkere', 'аункер', 'cs2major', 'English', 'позитив', 'безмашны', 'DropsВключены']",2026-08-29,22-07-15,Saturday
318463594598,22484632,forsen,18893,Metal Gear Solid 4: Guns of the Patriots,5635,2026-08-29T13:00:37Z,en,['English'],2026-08-29,22-07-15,Saturday
317621031395,56040562,xthesolutiontv,509663,Special Events,5633,2026-08-29T11:34:51Z,de,"['Deutsch', 'OG', 'Erpel', 'Ente', 'Khal', 'Schere', 'Prozente']",2026-08-29,22-07-15,Saturday
316384883954,44525650,k4sen,491931,Escape from Tarkov,5624,2026-08-29T13:56:20Z,ja,"['日本語', 'ネタバレNG', 'ネタバレ注意', '聞いてないアドバイス禁止']",2026-08-29,22-07-15,Saturday
315940877905,124422593,lec,21779,League of Legends,5526,2026-08-29T14:02:07Z,en,"['Esports', 'English', 'DropsEnabled']",2026-08-29,22-07-15,Saturday
317610579812,30623831,quickybaby,27546,World of Tanks,5382,2026-08-29T10:17:33Z,en,"['English', 'drops', 'Drop', 'DropsEnabled']",2026-08-29,22-07-15,Saturday
319022986071,45098797,cdawg,6511,Halo 2,5376,2026-08-29T01:31:05Z,en,['English'],2026-08-29,22-07-15,Saturday
316769685078,23838963,mrrapolas,509658,Just Chatting,5340,2026-08-29T10:50:48Z,en,['English'],2026-08-29,22-07-15,Saturday
315940758097,598902753,valorant_emea,516575,VALORANT,5285,2026-08-29T13:19:31Z,en,"['Esports', 'English', 'VALORANT', 'VCT', 'VALORANTEurope', 'VCTEMEA']",2026-08-29,22-07-15,Saturday
316030255594,490666905,whylollycry,509658,Just Chatting,5205,2026-08-29T11:43:19Z,ru,"['Русский', 'whylollycry', 'пикми']",2026-08-29,22-07-15,Saturday
315958415698,40860651,fenriscreations,13263,EVE Online,5191,2026-08-29T13:01:59Z,en,"['English', 'PvP', 'Tournament', 'Esports', 'DropsEnabled']",2026-08-29,22-07-15,Saturday
320106115676,21841789,nmplol,509658,Just Chatting,5161,2026-08-29T14:02:07Z,en,"['English', 'OTK', 'Cooking', 'IRL']",2026-08-29,22-07-15,Saturday
318400873573,108268890,gorgc,29595,Dota 2,5047,2026-08-29T12:27:25Z,en,['English'],2026-08-29,22-07-15,Saturday
317586283874,89872865,laink,698700926,Project P.I.T.T.,5011,2026-08-29T11:10:13Z,fr,['Français'],2026-08-29,22-07-15,Saturday
316374282481,524474488,hanjoudesu,511399,Super Mario Maker 2,4892,2026-08-29T11:59:06Z,ja,['日本語'],2026-08-29,22-07-15,Saturday
316382605426,113028874,kenki521,263490,Rust,4805,2026-08-29T04:40:26Z,ja,['日本語'],2026-08-29,22-07-15,Saturday
321276522971,180118013,hutchmf,509658,Just Chatting,4776,2026-08-29T14:29:52Z,en,['English'],2026-08-29,22-07-15,Saturday
320132816480,140313390,verybadscav,491931,Escape from Tarkov,4730,2026-08-28T12:52:56Z,en,"['English', 'DropsEnabled']",2026-08-29,22-07-15,Saturday
315957679314,45276816,sliggytv,516575,VALORANT,4521,2026-08-29T07:49:41Z,en,['English'],2026-08-29,22-07-15,Saturday
318401895013,65171890,rainbow6,460630,Rainbow Six Siege,4509,2026-08-29T14:06:11Z,en,"['English', 'ubisoft', 'rainbowsixsiege', 'R6', 'DropsEnabled']",2026-08-29,22-07-15,Saturday
321170274778,51496027,loltyler1,21779,League of Legends,4430,2026-08-29T13:42:07Z,en,"['English', 'loltyler1', 'tyler1']",2026-08-29,22-07-15,Saturday
316768811094,1390894728,betboom_dota_ru,29595,Dota 2,4411,2026-08-29T07:29:02Z,ru,"['Киберспорт', 'Русский']",2026-08-29,22-07-15,Saturday
321105341657,96116107,mixwell,516575,VALORANT,4404,2026-08-29T13:59:08Z,es,"['Español', 'pro', 'otakar', 'watchparty', 'lyonesport', 'VALORANT']",2026-08-29,22-07-15,Saturday
318250434791,111787808,kunshikitty,509672,IRL,4372,2026-08-28T05:09:45Z,de,"['IRL', 'irlstream', 'Tattoos', 'Deutsch', 'gamergirl', 'Anime', 'gym', 'Mittelalter', 'gamescom', 'GAMESCOM2026']",2026-08-29,22-07-15,Saturday
316770368214,98742675,blackufa,2010156204,Can I Come In?,4351,2026-08-29T12:58:34Z,ru,"['Русский', 'инди', 'юмор', 'общение', 'новинки', 'Cooporative', 'дедушка']",2026-08-29,22-07-15,Saturday
318399394149,159747577,sunbro,32399,Counter-Strike,4271,2026-08-29T09:35:40Z,en,"['English', 'ADHD', 'Anime', 'Cozy', 'Vtuber', 'GIGACHAD', 'fps', 'DeadWeight']",2026-08-29,22-07-15,Saturday
318398772069,430551896,kdrkitten,509672,IRL,4183,2026-08-29T08:04:12Z,de,['Deutsch'],2026-08-29,22-07-15,Saturday
316440735731,41040104,foxrabbit,32982,Grand Theft Auto V,4136,2026-08-29T10:08:13Z,ja,"['fps', '日本語', '鳩禁止', 'ストグラ']",2026-08-29,22-07-15,Saturday
316439606899,89969094,zerost_s,263490,Rust,4084,2026-08-29T04:40:51Z,ja,['日本語'],2026-08-29,22-07-15,Saturday
316385042674,931762164,sera_promisu,509659,ASMR,4078,2026-08-29T14:29:38Z,ja,"['Vtuber', '女性', '日本語', 'ASMR', 'Japan', 'Anime']",2026-08-29,22-07-15,Saturday
316770550230,194407709,morphe_ya,728868394,The Pale Mimic,4047,2026-08-29T13:31:20Z,ru,['Русский'],2026-08-29,22-07-15,Saturday
316384625138,150989534,guanweiboy,516575,VALORANT,3970,2026-08-29T13:05:55Z,zh,"['中文', '鎖進', '競技哥', '不放水', '謙卑在謙卑', 'JETTMAIN', '高敏人', '燕雲十六聲', 'wherewindsmeet', 'WWMOnMobile']",2026-08-29,22-07-15,Saturday
315985536083,569121099,amazonmusicde,26936,Music,3930,2026-08-29T10:41:21Z,de,"['live', 'Music', 'Livemusic', 'Vibe', 'Konzert', 'Superbloom', 'Festival', 'Deutsch']",2026-08-29,22-07-15,Saturday
317987976664,204730616,cinna,498592,I'm Only Sleeping,3798,2026-08-27T20:41:06Z,en,['English'],2026-08-29,22-07-15,Saturday
316372717937,213233389,rassya12,263490,Rust,3606,2026-08-29T05:04:15Z,ja,['日本語'],2026-08-29,22-07-15,Saturday
321168601434,606510515,setsuko,513143,Teamfight Tactics,3597,2026-08-29T07:33:28Z,en,['English'],2026-08-29,22-07-15,Saturday
316441160179,193290026,cr_arisakaaa,516575,VALORANT,3560,2026-08-29T11:46:22Z,ja,"['日本語', 'ネタバレ禁止', '指示コメ禁止', 'タグ守れない人BAN']",2026-08-29,22-07-15,Saturday
321170169178,227504250,valorant_fr,516575,VALORANT,3535,2026-08-29T13:26:31Z,fr,"['Esports', 'Français', 'EMEA', 'valorant', 'valorantfrance', 'CHALLENGERS', 'ValorantCompetitive']",2026-08-29,22-07-15,Saturday
316814379860,140618889,fropsya,509658,Just Chatting,3498,2026-08-29T13:31:43Z,ru,"['Русский', 'втубер', 'Vtuber', 'натяжныепотолки', 'вайфугейминг', 'яненавижуэлденринг', 'леономойка']",2026-08-29,22-07-15,Saturday
318399797221,47124404,dunduk,491931,Escape from Tarkov,3486,2026-08-29T10:27:32Z,ru,"['Русский', 'DropsВключены']",2026-08-29,22-07-15,Saturday
316812714836,657644821,cs2_maincast,32399,Counter-Strike,3448,2026-08-29T08:39:53Z,uk,"['Українська', 'maincast', 'cs2', 'кс2', 'мейнкаст', 'Ukrainian', 'кс', 'BLAST']",2026-08-29,22-07-15,Saturday
318463304422,41567638,rumathra,509658,Just Chatting,3431,2026-08-29T12:33:55Z,de,"['Deutsch', 'rivals']",2026-08-29,22-07-15,Saturday
316373256689,128222917,bbbb87,509658,Just Chatting,3368,2026-08-29T07:38:41Z,zh,['中文'],2026-08-29,22-07-15,Saturday
319029856983,25093116,fl0m,32399,Counter-Strike,3343,2026-08-29T12:31:10Z,en,"['BEARD', 'Washed', 'Pro', 'CONTENT', 'FAT', 'NotFat', 'NOTlate', 'SwoleDaddy', 'English']",2026-08-29,22-07-15,Saturday
316441155187,862499417,cr_vanilla,516575,VALORANT,3307,2026-08-29T11:45:32Z,ja,"['ネタバレ禁止', '日本語']",2026-08-29,22-07-15,Saturday
318401214949,57131280,drututt,21779,League of Legends,3295,2026-08-29T12:59:23Z,en,"['Positivity', 'rangedtop', 'polish', 'Vayne', 'OnlyLoveNoHate', 'English']",2026-08-29,22-07-15,Saturday
316770387798,450012016,gaechkatm,509658,Just Chatting,3244,2026-08-29T13:02:07Z,ru,"['Русский', 'English', 'общение', 'галя', 'тикток', 'рейджбайт', 'нижнийинтернет', 'гайкократия']",2026-08-29,22-07-15,Saturday
318399233637,26819117,melharucos,512923,Baldur's Gate 3,3192,2026-08-29T09:13:19Z,ru,['Русский'],2026-08-29,22-07-15,Saturday
315463364719,929140741,yuzumi_neon,516575,VALORANT,3160,2026-08-29T09:06:24Z,zh,"['Vtuber', '日本語', '中文', '子午計畫']",2026-08-29,22-07-15,Saturday
316769992918,63304572,glorious_e,491931,Escape from Tarkov,3119,2026-08-29T11:48:47Z,en,"['PVP', 'English', 'Turkish', 'Dansk']",2026-08-29,22-07-15,Saturday
318400029669,16064695,dhalucard,674491029,Star Wars Zero Company,3077,2026-08-29T10:57:52Z,de,['Deutsch'],2026-08-29,22-07-15,Saturday
318463801190,190708734,altair,1763844707,Aliens: Fireteam Elite 2,3072,2026-08-29T13:19:41Z,fr,"['Français', 'gaming', 'humour', 'DiffMax', 'BienMonté']",2026-08-29,22-07-15,Saturday
316812796116,54742538,karmikkoala,1780647523,HITMAN World of Assassination,3062,2026-08-29T09:00:12Z,ru,"['Русский', 'DropsВключены']",2026-08-29,22-07-15,Saturday
318462594918,463204522,mertabimula,509658,Just Chatting,3041,2026-08-29T11:25:03Z,de,['Deutsch'],2026-08-29,22-07-15,Saturday
318399134053,47627824,rocketbeanstv,509663,Special Events,3019,2026-08-29T09:00:20Z,de,['Deutsch'],2026-08-29,22-07-15,Saturday
318263581799,1534894143,clairtrevor,498566,Slots,3001,2026-08-29T09:35:14Z,de,['Deutsch'],2026-08-29,22-07-15,Saturday
316812600148,129289579,krl_stream,32399,Counter-Strike,2976,2026-08-29T08:08:53Z,fr,"['Français', 'KRL', 'CS2']",2026-08-29,22-07-15,Saturday
316770538070,48201326,missmikkaa,570615518,Resonance: A Plague Tale Legacy,2965,2026-08-29T13:29:40Z,en,"['English', 'swedish', 'Interactive', 'Chatty', 'ADHD', 'girl', 'TwitchAmbassador', 'NotBald', 'FirstPlaythrough', 'DropsEnabled']",2026-08-29,22-07-15,Saturday
318401065189,211172494,gopster_,491931,Escape from Tarkov,2964,2026-08-29T12:45:25Z,ru,"['Шутеры', 'gopster', 'Русский', 'DropsВключены']",2026-08-29,22-07-15,Saturday
315482778992,91958353,jeefhs,138585,Hearthstone,2952,2026-08-29T09:33:30Z,en,['English'],2026-08-29,22-07-15,Saturday
318464099174,435389332,real_bazzi,498566,Slots,2952,2026-08-29T13:47:34Z,de,['Deutsch'],2026-08-29,22-07-15,Saturday
315968827496,422275514,deme,509658,Just Chatting,2951,2026-08-29T13:05:13Z,en,"['AAAAAAAAAAAAAAAAAAAAAAAAA', 'VTuber', 'Woman', 'ADHD', 'silly', 'dyslexic', 'LOUD', 'English', 'reactor', 'GamerGod']",2026-08-29,22-07-15,Saturday
317587044194,122863474,saruei,509658,Just Chatting,2947,2026-08-29T13:00:41Z,en,"['English', 'Vtuber', 'french', 'Bratty']",2026-08-29,22-07-15,Saturday
318463573222,258491889,spacemanlive,26936,Music,2928,2026-08-29T12:59:22Z,en,"['Україна', 'English', 'fun', 'chill', 'Creative', 'guitar', 'MetalMusic', 'Rock', 'artist']",2026-08-29,22-07-15,Saturday
318461136230,26764651,gamestar,509663,Special Events,2914,2026-08-29T08:14:46Z,de,"['Deutsch', 'DropsAktiviert']",2026-08-29,22-07-15,Saturday
317579104098,128042813,keibrongameryt,490655,Pokémon GO,2899,2026-08-28T15:37:58Z,es,"['pokemongo', 'pokemon', 'Español', 'drop', 'DropsActivados']",2026-08-29,22-07-15,Saturday
317611466084,62989856,shisheyu,1820378900,Resident Evil 4,2886,2026-08-29T12:24:47Z,fr,"['Français', 'chill']",2026-08-29,22-07-15,Saturday
316442146419,70947583,gutitubo,670867987,Pokémon Scarlet/Violet,2850,2026-08-29T14:56:47Z,ja,['日本語'],2026-08-29,22-07-15,Saturday
317621289315,65411398,juice,509658,Just Chatting,2803,2026-08-29T12:11:17Z,ru,['Русский'],2026-08-29,22-07-15,Saturday
318400541413,49440419,qojqva,29595,Dota 2,2790,2026-08-29T11:55:37Z,en,['English'],2026-08-29,22-07-15,Saturday
317612564580,884056266,warthunder_esports,66366,War Thunder,2770,2026-08-29T14:40:14Z,en,"['warthunder', 'English', 'Esports', 'DropsEnabled']",2026-08-29,22-07-15,Saturday
317621944931,22814674,zloyn,509658,Just Chatting,2743,2026-08-29T13:36:55Z,ru,"['Русский', 'Українська', 'Злой', 'Занос', 'Додеп']",2026-08-29,22-07-15,Saturday
316439632883,818506560,gocchanmikey,263490,Rust,2728,2026-08-29T04:48:32Z,ja,"['日本語', 'ストグラ']",2026-08-29,22-07-15,Saturday
320147615712,23220337,emongg,515025,Overwatch,2722,2026-08-29T12:29:53Z,en,['English'],2026-08-29,22-07-15,Saturday
318464287718,22510310,gamesdonequick,2692,Super Mario 64,2690,2026-08-29T14:03:34Z,en,"['English', 'Speedrun']",2026-08-29,22-07-15,Saturday
321275332571,133896185,sheefgg,491931,Escape from Tarkov,2685,2026-08-29T12:14:51Z,en,"['English', 'NewPlayerFriendly', 'Chıll', 'BigBenisEnergy', 'DropsEnabled']",2026-08-29,22-07-15,Saturday
321103674969,181357564,tolkin,21779,League of Legends,2675,2026-08-29T07:53:42Z,de,['Deutsch'],2026-08-29,22-07-15,Saturday
321171055066,1532775144,reloadgecko,498566,Slots,2673,2026-08-29T14:57:46Z,en,['English'],2026-08-29,22-07-15,Saturday
316769806294,230768385,follentass,509658,Just Chatting,2658,2026-08-29T11:13:15Z,ru,"['Русский', 'IRL']",2026-08-29,22-07-15,Saturday
316442119667,147242239,xhalli4x,2005329090,Jinro Metropolis,2652,2026-08-29T14:50:12Z,ja,['日本語'],2026-08-29,22-07-15,Saturday
318401918565,40784764,shlorox,509658,Just Chatting,2650,2026-08-29T14:08:43Z,de,['Deutsch'],2026-08-29,22-07-15,Saturday
316374254705,1291086815,ssssshaoooo,511224,Apex Legends,2599,2026-08-29T11:54:33Z,zh,"['中文', '掉寶', '启用掉宝']",2026-08-29,22-07-15,Saturday
316436671475,1534442950,vwapsurfer,499634,Crypto,2582,2026-08-28T12:59:14Z,en,"['English', 'Crypto', 'Trade', 'Forex', 'Finance', 'Live']",2026-08-29,22-07-15,Saturday
316383442418,598495509,akamikarubi,516575,VALORANT,2568,2026-08-29T08:38:54Z,ja,['日本語'],2026-08-29,22-07-15,Saturday
318262706279,70298660,skyyart,21779,League of Legends,2565,2026-08-29T07:34:08Z,fr,['Français'],2026-08-29,22-07-15,Saturday
316374731633,1016942766,kyoyu_shiroya,32982,Grand Theft Auto V,2535,2026-08-29T13:12:32Z,ja,"['VTuber', '日本語', 'ネタバレ禁止', 'ネタバレ注意', 'のりプロ', '雑談', 'ストグラ']",2026-08-29,22-07-15,Saturday
319012331223,1305342529,theburntpeanut_247,499973,Always On,2532,2026-08-28T03:52:11Z,en,"['English', 'VOD', 'Rerun', 'arcraiders', 'tobacco']",2026-08-29,22-07-15,Saturday
317585672418,36318615,theguill84,27471,Minecraft,2526,2026-08-29T09:33:29Z,fr,"['Français', 'aigri', 'minecraft', 'Guill', 'TheGuill84', 'DropsActivés', 'acariâtre']",2026-08-29,22-07-15,Saturday
318265865063,73437396,bonjwa,509658,Just Chatting,2524,2026-08-29T13:58:01Z,de,['Deutsch'],2026-08-29,22-07-15,Saturday
316384759922,584184005,akarindao,263490,Rust,2510,2026-08-29T13:31:04Z,ja,"['女性', 'ハスキーボイス', '日本語']",2026-08-29,22-07-15,Saturday
316740367957,259710795,pelaajatcom,32399,Counter-Strike,2505,2026-08-29T08:25:20Z,fi,"['Suomi', 'Wombat', 'xff', 'selostajat', 'kännissä', '35', 'ihQ']",2026-08-29,22-07-15,Saturday
318262056167,41800397,dezgamez,27546,World of Tanks,2496,2026-08-29T05:32:10Z,en,"['English', 'drops', 'DropsEnabled']",2026-08-29,22-07-15,Saturday
316374585969,65737149,yutapongo,21779,League of Legends,2489,2026-08-29T12:49:04Z,ja,['日本語'],2026-08-29,22-07-15,Saturday
317612146532,118547417,j0beats,490655,Pokémon GO,2485,2026-08-29T13:51:53Z,en,"['Chatty', 'BeginnerFriendly', 'Female', 'English', 'ClosedCaptions', 'PlayingwWithViewers', 'IRL', 'UK', 'DualFormat', 'DropsEnabled']",2026-08-29,22-07-15,Saturday
316007770985,181185692,gssspotted,1702520304,Path of Exile 2,2443,2026-08-29T13:34:58Z,th,['ภาษาไทย'],2026-08-29,22-07-15,Saturday
316384206194,22596190,takesipon,491487,Dead by Daylight,2413,2026-08-29T11:56:00Z,zh,"['中文', '启用掉宝']",2026-08-29,22-07-15,Saturday
318001282264,11249217,jakenbakelive,509658,Just Chatting,2409,2026-08-29T13:11:19Z,en,"['English', 'China', 'Travel', 'ADHD', 'food', 'Chinese中文', 'Japanese日本語', 'cars', 'Motorsports', 'lifestyle']",2026-08-29,22-07-15,Saturday
316374496881,175189837,kolu_pen,32982,Grand Theft Auto V,2382,2026-08-29T12:32:15Z,ja,['日本語'],2026-08-29,22-07-15,Saturday
316384517234,805456112,naru0419045,55453844,Street Fighter 6,2374,2026-08-29T12:47:22Z,ja,['日本語'],2026-08-29,22-07-15,Saturday
315940881233,101175894,auziomf,624536948,EA Sports FC 26,2326,2026-08-29T14:03:30Z,en,"['English', 'Football', 'fc26']",2026-08-29,22-07-15,Saturday
321275391067,59624901,payo,18122,World of Warcraft,2317,2026-08-29T12:25:05Z,en,"['English', 'Québec', 'Quebec', 'Français', 'Canadian', 'Canada', 'PVP', 'WoW', 'Hardcore', 'qc']",2026-08-29,22-07-15,Saturday
318463694054,51931241,jeens,509658,Just Chatting,2287,2026-08-29T13:09:39Z,ru,"['Ukraine', 'Русский']",2026-08-29,22-07-15,Saturday
318262003815,55943318,scripe,18122,World of Warcraft,2285,2026-08-29T05:18:05Z,en,"['English', 'RWF', 'DropsEnabled']",2026-08-29,22-07-15,Saturday
320010896478,175787099,irissiri129,509658,Just Chatting,2241,2026-08-29T12:37:19Z,zh-hk,"['粵語', 'HongKong', 'Dance', 'asiangirl', 'urgot', 'League', 'English', 'korean', 'Chinese']",2026-08-29,22-07-15,Saturday
316814321748,130802381,r0xieee,32982,Grand Theft Auto V,2219,2026-08-29T13:23:29Z,ru,"['Русский', 'Свиноед', 'Толстый', 'Сисян', 'тюбик', 'слоняра']",2026-08-29,22-07-15,Saturday
318463101542,1534957165,gaellenox,498566,Slots,2188,2026-08-29T12:15:28Z,de,['Deutsch'],2026-08-29,22-07-15,Saturday
315968726760,139348774,hannn0501_,116747788,"Pools, Hot Tubs, and Beaches",2185,2026-08-29T12:43:30Z,zh,"['ＦＰＳ', '中文']",2026-08-29,22-07-15,Saturday
316814626004,425608057,fasoollka,509658,Just Chatting,2176,2026-08-29T14:08:15Z,ru,['Русский'],2026-08-29,22-07-15,Saturday
316740450901,1054415674,synare35,498566,Slots,2168,2026-08-29T08:43:51Z,en,['English'],2026-08-29,22-07-15,Saturday
319019878871,61433001,lospollostv,14842174,Chained Together,2148,2026-08-28T21:16:47Z,en,['English'],2026-08-29,22-07-15,Saturday
321105968345,1534187230,pokerkira,498566,Slots,2134,2026-08-29T14:57:45Z,en,['English'],2026-08-29,22-07-15,Saturday
320010477406,38746172,esfandtv,509672,IRL,2134,2026-08-29T10:54:29Z,en,['English'],2026-08-29,22-07-15,Saturday
315940875089,11355067,vegetta777,1863014085,Vacation Cafe Simulator,2124,2026-08-29T14:00:56Z,es,"['Español', 'vegetta777', 'English']",2026-08-29,22-07-15,Saturday
316740484437,1054415536,vijomyhe5,29452,Virtual Casino,2102,2026-08-29T08:50:31Z,pt,['Português'],2026-08-29,22-07-15,Saturday
317619283939,118722736,zerator_247,499973,Always On,2053,2026-08-29T03:00:04Z,fr,"['AlwaysOn', '247Stream', '247Live', 'nonstop', 'replay', 'Français', 'Rediffusion']",2026-08-29,22-07-15,Saturday
317610897636,25690271,bystaxx,32399,Counter-Strike,2048,2026-08-29T11:08:55Z,es,['Español'],2026-08-29,22-07-15,Saturday
316740449749,1054415488,hojuxohip,498566,Slots,2027,2026-08-29T08:43:41Z,pt,['Português'],2026-08-29,22-07-15,Saturday
316372072049,582765062,peter,6511,Halo 2,2018,2026-08-29T01:38:26Z,en,"['Forehead', 'AMA', 'VoiceActing', 'Japan', 'English', 'NoSpoilers', 'Nerdity', 'IRL', 'fortyplusgamers']",2026-08-29,22-07-15,Saturday
316439044723,276504990,shinjifromjapanxd,263490,Rust,1995,2026-08-29T01:46:11Z,ja,['日本語'],2026-08-29,22-07-15,Saturday
316441350131,471685664,tamatthi,491931,Escape from Tarkov,1994,2026-08-29T12:14:54Z,ja,"['日本語', 'Drops有効']",2026-08-29,22-07-15,Saturday
316740447317,1054415634,dizedi71,29452,Virtual Casino,1988,2026-08-29T08:43:21Z,pt,['Português'],2026-08-29,22-07-15,Saturday
317622726755,143424503,dannyaarons,509658,Just Chatting,1979,2026-08-29T14:58:47Z,en,['English'],2026-08-29,22-07-15,Saturday
316769951574,43899589,c_a_k_e,490292,DARK SOULS III,1970,2026-08-29T11:40:28Z,ru,['Русский'],2026-08-29,22-07-15,Saturday
316814776532,276013974,loganmayson67,498566,Slots,1964,2026-08-29T14:30:06Z,en,['English'],2026-08-29,22-07-15,Saturday
318265299559,99351845,jennyan,509658,Just Chatting,1940,2026-08-29T13:00:21Z,de,"['Travel', 'Japan', 'Tokyo', 'IRL', 'Cozy', 'GTARP', 'RP', 'german', 'Deutsch']",2026-08-29,22-07-15,Saturday
316382304370,153034674,alphaazur,263490,Rust,1937,2026-08-29T03:04:22Z,ja,['日本語'],2026-08-29,22-07-15,Saturday
316383604338,21390470,singsing,674491029,Star Wars Zero Company,1926,2026-08-29T09:26:13Z,en,"['NoBackseating', 'English', 'dutch']",2026-08-29,22-07-15,Saturday
321167478362,655333260,renekreher,509672,IRL,1922,2026-08-29T05:24:44Z,de,"['Reisen', 'LiveVlogging', 'ReneKreher', 'IRL', 'Deutsch', 'subathon', 'Satire']",2026-08-29,22-07-15,Saturday
318464167142,1212606874,enko_cs,32399,Counter-Strike,1920,2026-08-29T13:53:59Z,en,['English'],2026-08-29,22-07-15,Saturday
318000402776,151368796,piratesoftware,127502910,Sandustry,1917,2026-08-29T08:05:46Z,en,"['English', 'Programming', 'GameDev', 'NotMyBirthday']",2026-08-29,22-07-15,Saturday
318000182616,20478262,teamliquid,18122,World of Warcraft,1912,2026-08-29T07:13:43Z,en,"['Esports', 'English', 'RWF', 'RWF2026', 'midnight', 'wow', 'Mythic', 'Mythicraiding', 'liquid', 'DropsEnabled']",2026-08-29,22-07-15,Saturday
318263091559,36717908,izakooo,32399,Counter-Strike,1907,2026-08-29T08:29:41Z,pl,['Polski'],2026-08-29,22-07-15,Saturday
316742265941,515919232,me4tatelnica_irina,2133072147,Mir Korabley,1897,2026-08-29T13:29:36Z,ru,"['Русский', 'DropsВключены']",2026-08-29,22-07-15,Saturday
318830557557,91402599,hera,13389,Age of Empires II,1893,2026-08-29T14:00:16Z,en,"['English', 'RTS']",2026-08-29,22-07-15,Saturday
318460283494,63354411,meerestv,18122,World of Warcraft,1864,2026-08-29T05:16:55Z,en,"['English', 'German', 'DropsEnabled']",2026-08-29,22-07-15,Saturday
316770304214,661059687,lota,509658,Just Chatting,1863,2026-08-29T12:46:56Z,ru,"['Русский', 'девушка', 'узбек', 'р', 'картавость', 'челлендж']",2026-08-29,22-07-15,Saturday
315940235601,48286022,tru3ta1ent,491487,Dead by Daylight,1861,2026-08-29T09:57:52Z,en,"['English', 'DropsEnabled']",2026-08-29,22-07-15,Saturday
318265878375,84539108,nisqyy,509658,Just Chatting,1860,2026-08-29T13:59:18Z,fr,"['Français', 'Chıll', 'English', 'Europe', 'leagueoflegends', 'MOBA', 'Anime', 'movie', 'gaming', 'food']",2026-08-29,22-07-15,Saturday
317621417059,127800,pokerstars,488190,Poker,1853,2026-08-29T12:30:00Z,en,['English'],2026-08-29,22-07-15,Saturday
316374002161,878352433,theseventhone666,511224,Apex Legends,1818,2026-08-29T11:00:12Z,ja,"['apex', 'Japanese', '新人Vtuber', '初見歓迎', '日本語', 'ApexLedends', 'Vtuber', 'English', '雑談']",2026-08-29,22-07-15,Saturday
318399029477,38341628,hooch,32399,Counter-Strike,1810,2026-08-29T08:45:59Z,ru,['Русский'],2026-08-29,22-07-15,Saturday
316372646513,587350743,kinapoppo,263490,Rust,1807,2026-08-29T04:46:40Z,ja,['日本語'],2026-08-29,22-07-15,Saturday
321276307035,53815140,olesha,509658,Just Chatting,1783,2026-08-29T14:10:28Z,ru,"['Русский', 'ГигантМысли', 'ПолитическиПодкованный', 'ФилософияЖизни', 'БеспроводнаяКлавиатура', 'КлавиатураБезНумпада', 'БоссСваги']",2026-08-29,22-07-15,Saturday
316374910449,207356702,kannachan524,509658,Just Chatting,1783,2026-08-29T13:48:42Z,zh,['中文'],2026-08-29,22-07-15,Saturday
315968520040,162323092,gearbaby1010,516575,VALORANT,1760,2026-08-29T11:51:02Z,zh,"['主打技術', '顏值還行', '中文', '棋靈王', '我愛黑人']",2026-08-29,22-07-15,Saturday
318464242662,701179228,dajeale_official,518203,Sports,1755,2026-08-29T14:00:17Z,it,"['Italiano', 'calcio', 'calciomercato']",2026-08-29,22-07-15,Saturday
316741100373,35739604,rekkles,512953,ELDEN RING,1734,2026-08-29T10:35:38Z,en,['English'],2026-08-29,22-07-15,Saturday
318264524647,39176440,dendi,29595,Dota 2,1727,2026-08-29T11:34:22Z,en,"['English', 'dota', 'MOBA', 'dota2']",2026-08-29,22-07-15,Saturday
316440841203,496789097,sabu_iko,32982,Grand Theft Auto V,1727,2026-08-29T10:37:20Z,ja,"['さぶ郎', '日本語']",2026-08-29,22-07-15,Saturday
316373704561,534168696,tororo_vtuber,491931,Escape from Tarkov,1723,2026-08-29T09:43:29Z,ja,['日本語'],2026-08-29,22-07-15,Saturday
318266001511,36810911,kuchentv,509658,Just Chatting,1719,2026-08-29T14:10:26Z,de,"['LGBTＱ', 'SAFESPACE', 'comedy', 'witzig', 'Deutsch']",2026-08-29,22-07-15,Saturday
316813501524,91465245,fruktozka,509658,Just Chatting,1713,2026-08-29T11:10:18Z,ru,"['Русский', 'Сербский', 'Serbian', 'Позитивныйстрим', 'DropsВключены']",2026-08-29,22-07-15,Saturday
316007682153,40083477,zod0416,21779,League of Legends,1710,2026-08-29T13:15:33Z,zh,['中文'],2026-08-29,22-07-15,Saturday
315968711528,43177431,asiagodtonegg3be0,21779,League of Legends,1708,2026-08-29T12:40:42Z,zh,['中文'],2026-08-29,22-07-15,Saturday
316812568276,154242990,exigent_wires,491931,Escape from Tarkov,1692,2026-08-29T08:00:56Z,ru,"['Русский', 'DropsВключены']",2026-08-29,22-07-15,Saturday
318894604148,582336589,cesgod,461221,MARVEL Contest of Champions,1678,2026-08-28T16:50:04Z,es,"['cesgod', 'cesgame', 'peru', 'mcoc', 'marvelcontestofchampions', 'mexico', 'Español', 'English', 'EnabledDrops', 'DropsActivados']",2026-08-29,22-07-15,Saturday
316441563379,237234078,ennaouii,516575,VALORANT,1677,2026-08-29T12:55:59Z,zh,['中文'],2026-08-29,22-07-15,Saturday
318464543718,109193436,niekbeats,509658,Just Chatting,1673,2026-08-29T14:28:05Z,de,['Deutsch'],2026-08-29,22-07-15,Saturday
315968645992,197367758,hennie2001,509658,Just Chatting,1668,2026-08-29T12:23:22Z,zh,"['中文', '台V', 'Vtuber']",2026-08-29,22-07-15,Saturday
318264617959,98916815,sunglitters,31339,Project Zomboid,1665,2026-08-29T11:45:31Z,en,"['English', 'German', 'potatoes', 'Vtuber', 'Deutsch', 'OnlyFangs', 'ZNN']",2026-08-29,22-07-15,Saturday
317609881444,410673195,xababtv,997367275,Pokémon Legends: Z-A,1659,2026-08-29T07:36:51Z,fr,"['Français', 'aigri', 'Zinzin']",2026-08-29,22-07-15,Saturday
317610608868,101572475,mckytv,509663,Special Events,1652,2026-08-29T10:23:07Z,de,['Deutsch'],2026-08-29,22-07-15,Saturday
321274730971,583098940,soraposhich,32982,Grand Theft Auto V,1650,2026-08-29T10:00:07Z,ja,"['ネタバレ注意', '日本語']",2026-08-29,22-07-15,Saturday
316383591282,11692694,uzra,516575,VALORANT,1623,2026-08-29T09:22:36Z,zh,['中文'],2026-08-29,22-07-15,Saturday
320105414620,119522206,trey24k,491931,Escape from Tarkov,1615,2026-08-29T12:04:49Z,en,"['English', 'pain', 'suffering', 'DropsEnabled']",2026-08-29,22-07-15,Saturday
321104462681,37153210,zethiann,386821,Black Desert,1601,2026-08-29T11:29:49Z,en,"['English', 'DropsEnabled']",2026-08-29,22-07-15,Saturday
317610105700,122208625,rtparenacs,32399,Counter-Strike,1598,2026-08-29T08:37:03Z,pt,"['Português', 'CS2', 'counterstrike', 'CS', 'BLAST', 'blastpremier']",2026-08-29,22-07-15,Saturday
321169782874,86308586,fragas,491931,Escape from Tarkov,1580,2026-08-29T12:28:09Z,en,"['English', 'glorp', 'buh', 'mistfallhunter', 'thegyldenrush', 'DropsEnabled']",2026-08-29,22-07-15,Saturday
316383427186,137621174,ow_uruca,263490,Rust,1575,2026-08-29T08:34:47Z,ja,"['日本語', 'CR', 'うるか']",2026-08-29,22-07-15,Saturday
317609857508,184578486,mfreak00,21779,League of Legends,1566,2026-08-29T07:28:38Z,es,"['Mfreak', 'MindFreak', 'Español', 'LOL', 'LCK', 'T1', 'Faker', 'Worlds']",2026-08-29,22-07-15,Saturday
316811853012,73477451,unclebjorn,16223,The Lord of the Rings: The Return of the King,1561,2026-08-29T02:53:25Z,ru,"['Русский', 'длявзрослых', 'DropsВключены']",2026-08-29,22-07-15,Saturday
319030093911,442158235,cupseyy,499634,Crypto,1561,2026-08-29T13:22:55Z,en,['English'],2026-08-29,22-07-15,Saturday
316770296790,116738112,pwgood,965771331,Deltarune,1542,2026-08-29T12:45:15Z,ru,['Русский'],2026-08-29,22-07-15,Saturday
316030477546,26088246,kamiyu666,66082,Games + Demos,1537,2026-08-29T12:37:03Z,zh,['中文'],2026-08-29,22-07-15,Saturday
319029890007,179896802,berticuss,509672,IRL,1537,2026-08-29T12:38:53Z,en,"['gaming', 'Australian', 'English', 'adhd', 'girl', 'Woman', 'meme', 'SweatPants', 'ObnoxiousBrightness', 'Treadmillstreamer']",2026-08-29,22-07-15,Saturday
316814531540,480748218,bluesr,511391,Hollow Knight: Silksong,1521,2026-08-29T13:55:11Z,en,"['Speedrun', 'PBAttempts', 'English', 'ChallengeRun', 'AnyPercent', 'TrueEnding', 'WorldRecordAttempts', 'worldrecord', 'AllBosses']",2026-08-29,22-07-15,Saturday
316440550771,427263526,yukiofps14,263490,Rust,1519,2026-08-29T09:16:21Z,ja,['日本語'],2026-08-29,22-07-15,Saturday
316805797460,776265611,eleezabet,509658,Just Chatting,1511,2026-08-28T09:33:23Z,ru,"['Русский', 'girls', 'English']",2026-08-29,22-07-15,Saturday
317586435042,522478761,hackingnoisess,27471,Minecraft,1508,2026-08-29T11:36:17Z,en,"['Speedrun', 'English']",2026-08-29,22-07-15,Saturday
318259623399,106159308,gronkhtv,6959,Eco,1506,2026-08-28T21:11:20Z,de,['Deutsch'],2026-08-29,22-07-15,Saturday
316770423382,115824215,overdrivezzz,32399,Counter-Strike,1505,2026-08-29T13:08:23Z,ru,['Русский'],2026-08-29,22-07-15,Saturday
318262723303,6094619,jankos,21779,League of Legends,1502,2026-08-29T07:37:00Z,en,"['English', 'LEC', 'LCK', 'Worlds2026', 'reaction', 'LCKwatchparty']",2026-08-29,22-07-15,Saturday
315967369832,102192603,mimiluckying,516575,VALORANT,1491,2026-08-29T05:43:38Z,zh,['中文'],2026-08-29,22-07-15,Saturday
318400765541,141008088,thepadlo,491487,Dead by Daylight,1478,2026-08-29T12:17:03Z,ru,"['Русский', 'DropsВключены']",2026-08-29,22-07-15,Saturday
318263100647,48082917,jokerdtv,18122,World of Warcraft,1477,2026-08-29T08:30:48Z,en,"['MMORPG', 'English', 'drops', 'DropsEnabled']",2026-08-29,22-07-15,Saturday
318463219046,1534959443,lennoxlene,498566,Slots,1476,2026-08-29T12:25:50Z,de,['Deutsch'],2026-08-29,22-07-15,Saturday
316742765269,232372312,pathofexilebota,1702520304,Path of Exile 2,1470,2026-08-29T14:26:54Z,ru,['Русский'],2026-08-29,22-07-15,Saturday
316382715250,741229569,amakipururu,263490,Rust,1468,2026-08-29T05:10:25Z,ja,"['Vtuber', 'ネタバレ禁止', '日本語', 'ネタバレ注意']",2026-08-29,22-07-15,Saturday
320096480732,754571401,elcalvolol,509672,IRL,1460,2026-08-28T21:22:55Z,es,['Español'],2026-08-29,22-07-15,Saturday
318401679333,44546356,hyp_tv,516575,VALORANT,1457,2026-08-29T13:45:43Z,fr,"['Français', 'VCTWatchParty', 'Valorant', 'Esport']",2026-08-29,22-07-15,Saturday
317586184802,40110994,reventxz,513143,Teamfight Tactics,1456,2026-08-29T10:55:12Z,es,"['Español', 'teamfighttactics', 'VarietyGamer', 'Challenger', 'pro', 'proplayer']",2026-08-29,22-07-15,Saturday
316813445460,61294188,anniefuchsia,674491029,Star Wars Zero Company,1453,2026-08-29T11:00:09Z,en,"['Swedish', 'Svenska', 'ADHD', 'Girl', 'EarlyAccess', 'Variety', 'Female', 'English', 'CC']",2026-08-29,22-07-15,Saturday
316742572373,656270879,m4ga,32399,Counter-Strike,1442,2026-08-29T14:05:00Z,ru,"['Русский', 'CS2', 'm4ga']",2026-08-29,22-07-15,Saturday
317340145783,36594525,emilyywang,513143,Teamfight Tactics,1432,2026-08-29T13:44:14Z,en,"['FUTUREWORLDSWINNER', 'FUTURERANK1', 'COMPETITIVE', 'English']",2026-08-29,22-07-15,Saturday
316383613042,727849721,hina_chomaru,509658,Just Chatting,1429,2026-08-29T09:29:57Z,ja,"['Englísh', '女性配信者', 'ASMR', '한국어', '日本語', 'Cosplay', '中文', 'cosplayer', 'コスプレ']",2026-08-29,22-07-15,Saturday
315940974673,114699816,mayhemdistruct,461221,MARVEL Contest of Champions,1428,2026-08-29T14:35:51Z,en,"['English', 'twıtch', 'ukstreamer', 'Partnered', 'marvel', 'MarvelContestOfChampions', 'marvelstudios', 'marvelgames', 'marvelgaming', 'DropsEnabled']",2026-08-29,22-07-15,Saturday
316769434710,134799723,xkamysh,1832841853,Mortal Shell II,1424,2026-08-29T10:00:11Z,ru,"['Русский', 'vtuber', 'Furry', 'Аниме', 'девушка', 'втубер']",2026-08-29,22-07-15,Saturday
316742115413,262832931,absolut3,29595,Dota 2,1417,2026-08-29T13:08:41Z,ru,"['Русский', 'absolute', 'Обучение', 'mid', 'zxc', 'sf', 'dota', 'angelcore', 'English', 'cr7']",2026-08-29,22-07-15,Saturday
318256618471,37712828,nuralkar,490655,Pokémon GO,1414,2026-08-28T17:42:13Z,de,"['Deutsch', 'PokemonGO', 'PokemonCommunityGame', 'MitZuschauernspielen', 'ViewerRaids', 'Pokémon', 'pokemon', 'pokemonxp', 'PokémonWorldChampionships', 'OfficalCoStreamer']",2026-08-29,22-07-15,Saturday
317585660898,104659233,fifakillvizualz,1478650472,Call of Duty: Modern Warfare 4,1404,2026-08-29T09:31:19Z,en,"['English', 'DropsEnabled']",2026-08-29,22-07-15,Saturday
317622067427,34371079,horcus,516575,VALORANT,1402,2026-08-29T13:51:39Z,es,"['Español', 'España', 'Valorant', 'Radiant', 'Spanish', 'English', 'Competitive', 'Drops', 'dropsenabled', 'dropsactivados']",2026-08-29,22-07-15,Saturday
316380909170,25202416,shuteye_orange,509658,Just Chatting,1394,2026-08-28T17:24:05Z,zh,"['中文', '恐怖遊戲', 'Horror', '恐怖', '燕雲十六聲', 'wherewindsmeet', '鬼武者', 'onimusha', '鬼武者ws', 'PR']",2026-08-29,22-07-15,Saturday
318460891110,856295407,rlg_dota2,29595,Dota 2,1391,2026-08-29T07:34:56Z,en,"['English', 'dota2', 'EU', 'MOBA', 'Esports', 'NoSpoliers']",2026-08-29,22-07-15,Saturday
316812694996,115842730,icebergdoto,29595,Dota 2,1385,2026-08-29T08:34:02Z,ru,"['Русский', 'midorfeed', 'dota2', 'дота2', 'Дота']",2026-08-29,22-07-15,Saturday
316814410196,159782005,guddummit,138585,Hearthstone,1378,2026-08-29T13:36:11Z,ru,['Русский'],2026-08-29,22-07-15,Saturday
318001314392,95304188,zoil,509658,Just Chatting,1376,2026-08-29T13:23:11Z,en,['English'],2026-08-29,22-07-15,Saturday
318457205222,1534620769,rodillomax,498566,Slots,1375,2026-08-28T20:13:23Z,es,['Español'],2026-08-29,22-07-15,Saturday
316812358612,82297531,ghostik,29595,Dota 2,1373,2026-08-29T07:00:30Z,uk,"['Українська', 'Ukraine']",2026-08-29,22-07-15,Saturday
317621695587,654049265,stompgoat,460630,Rainbow Six Siege,1365,2026-08-29T13:06:10Z,en,"['English', 'DropsEnabled']",2026-08-29,22-07-15,Saturday
316741657045,280197012,alle,491931,Escape from Tarkov,1352,2026-08-29T12:06:31Z,en,"['THEBEST', 'LABS', 'SCHIZOMODE', 'NOONEISBETTER', 'aimbotting', 'betterthanyou', 'English', 'NEVERGOON', 'Top1MostHumble', 'DropsEnabled']",2026-08-29,22-07-15,Saturday
316769567830,76036152,murzofix,32399,Counter-Strike,1345,2026-08-29T10:27:30Z,ru,['Русский'],2026-08-29,22-07-15,Saturday
321274438619,38958459,ceremor,65632,DayZ,1345,2026-08-29T08:57:54Z,en,['English'],2026-08-29,22-07-15,Saturday
318264205927,62651386,general_hs_,21779,League of Legends,1343,2026-08-29T10:57:12Z,ru,"['Русский', 'АХАХАХАХАХА', 'активныйстример', 'Амазинг', 'Антискам', 'Азиаточки', 'ахуитизм', 'папик']",2026-08-29,22-07-15,Saturday
316814065492,87791915,ilame,1169827,Quasimorph,1313,2026-08-29T12:46:37Z,ru,"['Русский', 'отвалжопы', 'Геморрой', 'гейминг', 'donttouchgrasschallenge', 'Skuffed', 'penusripper', 'аим400кг', 'янебудуигратьвдоту']",2026-08-29,22-07-15,Saturday
318399245541,139208197,sologesang,513143,Teamfight Tactics,1304,2026-08-29T09:15:25Z,de,"['Deutsch', 'English', 'Vietnamese', 'FUTUREWORLDSWINNER', 'FUTUREDÖNERGIVEAWAYER']",2026-08-29,22-07-15,Saturday
317610087012,60413469,femimarss,509658,Just Chatting,1301,2026-08-29T08:32:42Z,fr,['Français'],2026-08-29,22-07-15,Saturday
316030912362,16677765,qttsix,512953,ELDEN RING,1300,2026-08-29T14:30:15Z,zh,['中文'],2026-08-29,22-07-15,Saturday
316384312562,125575465,shootingmoon,491931,Escape from Tarkov,1298,2026-08-29T12:08:54Z,ja,"['NTR経験済み', 'ギャン中はタルコフにはまる', 'パチンカス', 'バーで出会った人の家に住んでる男', '顔出し', '日本語', 'エアコン実装', '帰宅したら窓が無かった男', 'Drops有効']",2026-08-29,22-07-15,Saturday
317585609058,74547642,elbokeron,1313351584,Football Manager 26,1298,2026-08-29T09:21:43Z,es,['Español'],2026-08-29,22-07-15,Saturday
316006892137,66548548,dingding248,509658,Just Chatting,1295,2026-08-29T10:01:04Z,zh,['中文'],2026-08-29,22-07-15,Saturday
315968579944,726422660,yanyandd,516575,VALORANT,1295,2026-08-29T12:06:47Z,zh,"['中文', 'fps', '聊天']",2026-08-29,22-07-15,Saturday
321089182041,76312723,a2guapo,509672,IRL,1290,2026-08-28T15:02:35Z,en,"['English', 'Filipino', 'Tagalog', 'DropsEnabled']",2026-08-29,22-07-15,Saturday
318902314740,44099416,rakin,1702520304,Path of Exile 2,1287,2026-08-29T12:07:44Z,pt,['Português'],2026-08-29,22-07-15,Saturday
316740411221,64542330,9pasha,460090,Subnautica,1268,2026-08-29T08:35:53Z,ru,"['Русский', '3posgameplay', 'DOTA2PROPLAYER', '9pasha', 'dobro', 'English', 'offlaner', 'primalbeast', 'SinglePlayerGame', 'Повтор']",2026-08-29,22-07-15,Saturday
318460487910,13101446,zaelia,18122,World of Warcraft,1261,2026-08-29T06:13:36Z,en,"['English', 'DropsEnabled']",2026-08-29,22-07-15,Saturday
316440749171,689257502,mitsuki_mitsuu,32982,Grand Theft Auto V,1257,2026-08-29T10:12:17Z,ja,"['ストグラ', '日本語']",2026-08-29,22-07-15,Saturday
316770254806,27572209,mazoni,491931,Escape from Tarkov,1252,2026-08-29T12:36:09Z,ru,"['Русский', 'DropsВключены']",2026-08-29,22-07-15,Saturday
316769751894,57317154,steelmage,416015,Hero Siege,1249,2026-08-29T11:03:27Z,en,"['English', 'Australian', 'DropsEnabled']",2026-08-29,22-07-15,Saturday
316030244970,100438963,ko0416,509658,Just Chatting,1248,2026-08-29T11:41:15Z,zh,['中文'],2026-08-29,22-07-15,Saturday
317619998179,51958193,niniste,509658,Just Chatting,1246,2026-08-29T08:10:26Z,fr,"['Français', 'speedrunneuse', 'niniste', 'mario', 'challenge', 'speedrun', 'Marathon']",2026-08-29,22-07-15,Saturday
316769608022,1018986222,mlbb_cis,494184,Mobile Legends: Bang Bang,1246,2026-08-29T10:35:23Z,ru,"['mlbb', 'mcc', 'MLBBEsports', 'mobilelegendsbangbang', 'MOBA', 'mobile', 'esports', 'русская', 'EWC2026', 'msc']",2026-08-29,22-07-15,Saturday
316440728947,708282501,minioni3202,32982,Grand Theft Auto V,1231,2026-08-29T10:06:26Z,ja,"['日本語', '鳩禁止', 'アドバイス禁止', 'ネタバレ禁止', 'ストグラ']",2026-08-29,22-07-15,Saturday
317621165795,149682636,yann,602040818,NBA 2K27,1225,2026-08-29T11:54:50Z,fr,"['humour', 'sport', 'codjordan', 'rire', 'fun', 'openlobby', 'setup', 'Multitalentueux', 'Français', 'DropsActivés']",2026-08-29,22-07-15,Saturday
318464246502,639535678,faroooyt,624536948,EA Sports FC 26,1219,2026-08-29T14:00:37Z,de,['Deutsch'],2026-08-29,22-07-15,Saturday
317587326818,42141251,mastersnakou,1630297266,Death Stranding 2: On the Beach,1214,2026-08-29T13:36:58Z,fr,"['Français', 'LootGoblin', 'LootLover', 'GoodVibes']",2026-08-29,22-07-15,Saturday
316812817492,27954235,nuke73,509658,Just Chatting,1212,2026-08-29T09:04:56Z,ru,"['Русский', 'DropsВключены']",2026-08-29,22-07-15,Saturday
316812785236,37133754,prefoxfox,18122,World of Warcraft,1205,2026-08-29T08:58:15Z,en,"['English', 'DropsEnabled', 'Speedrunning']",2026-08-29,22-07-15,Saturday
321168953562,204659019,lockintj,602040818,NBA 2K27,1203,2026-08-29T08:42:07Z,en,"['2k', 'comp', 'English', '2k26', '2K27', 'DropsEnabled']",2026-08-29,22-07-15,Saturday
316440735219,400123822,titiseadmin,32982,Grand Theft Auto V,1200,2026-08-29T10:08:03Z,ja,"['日本語', '雑談', 'ストグラ']",2026-08-29,22-07-15,Saturday
318265152871,62789124,oruipinto,32399,Counter-Strike,1198,2026-08-29T12:45:34Z,pt,['Português'],2026-08-29,22-07-15,Saturday
317586071138,227217502,dino_xx,459931,Old School RuneScape,1196,2026-08-29T10:36:05Z,en,"['English', 'Osrs', 'Pking', 'DMAllstars2']",2026-08-29,22-07-15,Saturday
316138445676,473211215,officialmaxtern,29452,Virtual Casino,1195,2026-08-29T14:32:42Z,en,"['maxtern', 'English']",2026-08-29,22-07-15,Saturday
316813826260,71089431,lagoda1337,509658,Just Chatting,1194,2026-08-29T12:09:38Z,ru,['Русский'],2026-08-29,22-07-15,Saturday
316814035284,189795522,limitlessqt,29595,Dota 2,1192,2026-08-29T12:41:57Z,ru,['Русский'],2026-08-29,22-07-15,Saturday
316740742101,57361005,slayproxx,55,Baldur's Gate,1188,2026-08-29T09:37:55Z,pl,['Polski'],2026-08-29,22-07-15,Saturday
318902261492,601665123,luzu_tv,417752,Talk Shows & Podcasts,1185,2026-08-29T11:46:25Z,es,['Español'],2026-08-29,22-07-15,Saturday
318266378855,111974014,knebeltv,71375,Star Citizen,1182,2026-08-29T14:48:49Z,de,"['Deutsch', 'German', 'Weltraum', 'Rollenspiel', 'StarCitizen', 'PvE', 'PvP', '4K', 'SpaceSim', 'Shooter']",2026-08-29,22-07-15,Saturday
318463661414,636587384,alveussanctuary,272263131,"Animals, Aquariums, and Zoos",1182,2026-08-29T13:06:45Z,en,"['English', 'TogetherForGood', 'purplemartins', 'Charity']",2026-08-29,22-07-15,Saturday
321104618713,35916854,alkaizerx,1702520304,Path of Exile 2,1181,2026-08-29T12:06:18Z,en,['English'],2026-08-29,22-07-15,Saturday
316439426675,704122424,onigiri,509672,IRL,1181,2026-08-29T03:52:37Z,en,"['English', 'Japan', 'Bilingual', 'Chinese', 'Japanese', 'food']",2026-08-29,22-07-15,Saturday
317621793379,153176290,saiiren,509658,Just Chatting,1175,2026-08-29T13:18:42Z,en,"['Vtuber', 'Chatty', 'Anime', 'English', 'ENVtuber']",2026-08-29,22-07-15,Saturday
315483210736,126595970,restiafps,516575,VALORANT,1175,2026-08-29T13:11:22Z,zh,['中文'],2026-08-29,22-07-15,Saturday
321168830938,12943173,pokelawls,491931,Escape from Tarkov,1172,2026-08-29T08:13:01Z,en,"['English', 'depression', 'ubereats', 'lo', 'gigi']",2026-08-29,22-07-15,Saturday
318464677862,220716126,fibii,509672,IRL,1169,2026-08-29T14:42:09Z,de,['Deutsch'],2026-08-29,22-07-15,Saturday
316742183125,634606699,dorozea,32399,Counter-Strike,1164,2026-08-29T13:17:58Z,en,"['English', 'girlgamers', 'funtowatch', 'Bigfeet', 'NOFRIENDSOMEGALUL', 'Chickenfeet', 'LGBTQFriendly']",2026-08-29,22-07-15,Saturday
321104913497,154425624,kyle,32982,Grand Theft Auto V,1163,2026-08-29T13:01:01Z,en,['English'],2026-08-29,22-07-15,Saturday
318001362136,145813806,fleeceking,490655,Pokémon GO,1162,2026-08-29T13:41:49Z,en,"['Pokémon', 'PokémonGo', 'PokémonWorldChampionships', 'English']",2026-08-29,22-07-15,Saturday
316813301716,169296374,redrosesxd,29595,Dota 2,1161,2026-08-29T10:33:41Z,ru,"['depressed', 'Русский']",2026-08-29,22-07-15,Saturday
317620521955,497641799,sieurpc,509658,Just Chatting,1159,2026-08-29T10:00:17Z,fr,"['Français', 'Hardware', 'pcgaming', 'nvidia', 'AMD']",2026-08-29,22-07-15,Saturday
316813630548,1038738126,solemuri,509658,Just Chatting,1150,2026-08-29T11:34:39Z,ru,"['Русский', 'art', 'Vtuber', 'втубер', 'Соля', 'Витубер', 'pitomnik', 'НяшкаПолторашка', 'Пупуня']",2026-08-29,22-07-15,Saturday
316814766676,480283110,sotrudnick,509672,IRL,1145,2026-08-29T14:28:54Z,ru,['Русский'],2026-08-29,22-07-15,Saturday
316029694954,1348099501,hitomi_teraz,509658,Just Chatting,1145,2026-08-29T08:56:20Z,zh,"['Vtuber', '中文', '子午計畫']",2026-08-29,22-07-15,Saturday
321170524506,488996078,pepe,461221,MARVEL Contest of Champions,1144,2026-08-29T14:07:47Z,es,"['Español', 'English', 'Português', 'DropsActivados']",2026-08-29,22-07-15,Saturday
316768557910,133099286,azamat799,509658,Just Chatting,1140,2026-08-29T06:06:29Z,ru,"['Русский', 'Taxi', 'IRL', 'Moscow', 'Москва', 'Работа', 'Yandex', 'Азамат', 'автошкола', 'инструктор']",2026-08-29,22-07-15,Saturday
320124264032,1312862940,asmongold247,18122,World of Warcraft,1132,2026-08-27T22:15:46Z,en,['English'],2026-08-29,22-07-15,Saturday
318463991654,39518378,sirmaza,516575,VALORANT,1129,2026-08-29T13:36:56Z,es,"['valorant', 'radiant', 'Español']",2026-08-29,22-07-15,Saturday
317621402851,169527258,pandorelol,21779,League of Legends,1123,2026-08-29T12:27:32Z,fr,"['GIGACHAD', 'Yeslife', 'Français', 'Pouler', 'Permaban', 'Reacteur', 'Régulier', 'HenryCavill']",2026-08-29,22-07-15,Saturday
317611356900,43043577,heyar,491962037,Big Ambitions,1121,2026-08-29T12:10:24Z,fr,['Français'],2026-08-29,22-07-15,Saturday
318401663845,35050215,dom1nant1337,21779,League of Legends,1121,2026-08-29T13:44:03Z,el,['Ελληνικά'],2026-08-29,22-07-15,Saturday
320106074204,25458544,sequisha,518597,Going Medieval,1121,2026-08-29T13:56:58Z,en,"['English', 'Solo', 'comedy']",2026-08-29,22-07-15,Saturday
316374164465,117348035,et_1231,2146281325,Plants on Fire,1119,2026-08-29T11:36:13Z,zh,"['中文', '启用掉宝']",2026-08-29,22-07-15,Saturday
316382681970,134295245,varvalian,263490,Rust,1119,2026-08-29T05:00:03Z,ja,"['焼きパン', '日本語']",2026-08-29,22-07-15,Saturday
316007784681,1145211269,iruni_ianvs,542560980,Until Dawn,1115,2026-08-29T13:37:27Z,zh,"['Vtuber', '子午計畫', '中文', '日本語']",2026-08-29,22-07-15,Saturday
316814179156,254947119,nattynattlol,21779,League of Legends,1114,2026-08-29T13:02:44Z,en,['English'],2026-08-29,22-07-15,Saturday
316375005553,869502701,deep_learning_f,509658,Just Chatting,1104,2026-08-29T14:09:05Z,ja,"['ADHD', '雑談', 'ALGS', '日本語', 'apex', 'ユリース', '1tappy', '4rufa', 'REJECT', 'Axis']",2026-08-29,22-07-15,Saturday
318399590245,55898523,trilluxe,32399,Counter-Strike,1100,2026-08-29T10:00:44Z,de,['Deutsch'],2026-08-29,22-07-15,Saturday
316382408562,47250099,xargon0731,602040818,NBA 2K27,1097,2026-08-29T03:41:12Z,zh,['中文'],2026-08-29,22-07-15,Saturday
321275717467,29237967,blu_haze,499003,VRChat,1097,2026-08-29T13:09:55Z,en,"['music', 'Dancing', 'EDM', 'VtuberEN', 'girlfailure', 'goober', 'VirtualReallity', 'chattingwithviewers', 'optedoutofai', 'English']",2026-08-29,22-07-15,Saturday
316814753236,76441880,hellyeahplay,509658,Just Chatting,1096,2026-08-29T14:27:05Z,ru,"['Русский', 'СовместныеПросмотры', 'смотримвместе', 'смотрит', 'LGTBQFriendly', 'реакция', 'аниме', 'фильм', 'мультфильм', 'мультьтик']",2026-08-29,22-07-15,Saturday
315981954003,23179441,strippin,498592,I'm Only Sleeping,1091,2026-08-28T14:36:25Z,en,"['English', 'Vtuber', 'RP', 'PingArthur']",2026-08-29,22-07-15,Saturday
318462969446,49408183,sick_nerd,459931,Old School RuneScape,1089,2026-08-29T12:02:20Z,en,"['English', 'RecedingHairline', 'NeanderthalAncestry', 'AskMeAnything', 'Deposit', 'Your', 'Primes', 'Here', 'Denmark']",2026-08-29,22-07-15,Saturday
316813525844,694902035,ueyo,29595,Dota 2,1088,2026-08-29T11:14:07Z,ru,['Русский'],2026-08-29,22-07-15,Saturday
320106161244,78989410,zajef77,513181,Genshin Impact,1086,2026-08-29T14:08:30Z,en,"['English', 'DropsEnabled']",2026-08-29,22-07-15,Saturday
316007547625,28990891,slrabbit99,602040818,NBA 2K27,1086,2026-08-29T12:46:30Z,zh,"['我會騙你嗎', '會', '中文']",2026-08-29,22-07-15,Saturday
318262756583,657645352,dota2_maincast,29595,Dota 2,1081,2026-08-29T07:41:35Z,uk,"['Українська', 'maincast', 'мейнкаст', 'дота2', 'dota2']",2026-08-29,22-07-15,Saturday
321103998553,1193091266,otp,1751366933,Riftbound,1079,2026-08-29T09:09:02Z,fr,"['Français', 'OTP']",2026-08-29,22-07-15,Saturday
317586612066,133034596,opcrotte,509658,Just Chatting,1074,2026-08-29T12:02:22Z,fr,"['discussion', 'musique', 'Français', 'talk', 'react', 'karaoke', 'horrorgamestreamer', 'santé', 'reaction']",2026-08-29,22-07-15,Saturday
316384432114,673595494,ksg_1912,515025,Overwatch,1065,2026-08-29T12:30:24Z,ja,"['日本語', 'drops']",2026-08-29,22-07-15,Saturday
316813484244,20567961,ziqoftw,18122,World of Warcraft,1063,2026-08-29T11:07:05Z,en,"['English', 'rank1', 'funny', 'ziqo', 'pvp', 'Hardcore', 'ZNN', 'midnight', 'Clasicplus', 'DropsEnabled']",2026-08-29,22-07-15,Saturday
318253513703,145498295,exsl95,509658,Just Chatting,1062,2026-08-28T13:23:35Z,de,['Deutsch'],2026-08-29,22-07-15,Saturday
320097175644,44741426,streamerhouse,504463,Tom Clancy's The Division 2,1058,2026-08-28T22:13:08Z,en,"['Marathon', 'AlwaysOn', 'Subathon', 'StreamerHouse', 'English', '24hr', '247Stream', 'gaming', 'LGBTQ', 'DropsEnabled']",2026-08-29,22-07-15,Saturday
316441531251,163925308,17baby17lol,509658,Just Chatting,1058,2026-08-29T12:49:54Z,zh,['中文'],2026-08-29,22-07-15,Saturday
318902794740,124656692,seucreysonreborn,29595,Dota 2,1055,2026-08-29T14:24:25Z,pt,"['Português', 'dota2', 'Coach', 'campeonato', 'campeão', 'CampeãoBrasileiro', 'MOBA']",2026-08-29,22-07-15,Saturday
318266018791,21802540,versuta,29595,Dota 2,1052,2026-08-29T14:12:21Z,ru,['Русский'],2026-08-29,22-07-15,Saturday
321273641691,554712890,sang,511224,Apex Legends,1046,2026-08-29T07:01:39Z,en,"['English', 'apex', 'Sang', 'SangAPEX', 'MnK', 'MouseANDKeyboard', 'ballistic', 'apexpredator', 'top500', 'DropsEnabled']",2026-08-29,22-07-15,Saturday
321105968729,1525473683,sheeshstake,29452,Virtual Casino,1044,2026-08-29T14:57:47Z,en,['English'],2026-08-29,22-07-15,Saturday
316812753876,67788628,mager1337,32399,Counter-Strike,1041,2026-08-29T08:50:27Z,ru,['Русский'],2026-08-29,22-07-15,Saturday
321102208217,158126658,littlespacerock,491487,Dead by Daylight,1039,2026-08-29T05:00:39Z,en,"['English', 'DropsEnabled', 'PlayingwithViewers']",2026-08-29,22-07-15,Saturday
318265535591,35884167,sintica,1669431183,DJs,1039,2026-08-29T13:24:14Z,de,"['Music', 'House', 'DJ', 'Hardstyle', 'Deutsch', 'Techno']",2026-08-29,22-07-15,Saturday
318264307559,29753247,aypierre,498417,Vintage Story,1033,2026-08-29T11:08:06Z,fr,"['minecraft', 'redstone', 'urssaf', 'Français', 'gaming', 'satisfactory', 'Ingénieur', 'chill', 'Détente']",2026-08-29,22-07-15,Saturday
321275482587,136822306,taxi2g,464339927,ARC Raiders,1033,2026-08-29T12:40:58Z,en,"['TRASH', 'SchizoMode', 'LoudisFunny', 'ToxicStream', 'GAMINGGOLEMJUICERMEGAMAN', 'aimbotting', 'AimAssistOff', 'Vtuber', 'cutegirl', 'English']",2026-08-29,22-07-15,Saturday
317991054040,1531030107,sosag0crazy,23020,ROBLOX,1029,2026-08-28T03:38:13Z,en,['English'],2026-08-29,22-07-15,Saturday
318461727078,66551495,knueppelpaste,491931,Escape from Tarkov,1028,2026-08-29T09:43:33Z,de,"['Deutsch', 'eigentlichganznett', 'PvP', 'vollderProfi', 'EFT', 'Lehrreich']",2026-08-29,22-07-15,Saturday
321169599962,551855052,struggle_4,509658,Just Chatting,1023,2026-08-29T11:48:41Z,en,"['English', 'UnitedStates', 'Geopolitical', 'Political', 'NewsAnalysis', 'Leftist', 'Veteran', 'CatDad', 'VivaCuba', 'FreePalestine']",2026-08-29,22-07-15,Saturday
317586408034,116245074,bagginstv,26476,TERA,1022,2026-08-29T11:31:45Z,en,"['Drops', 'DropsEnabled', 'English']",2026-08-29,22-07-15,Saturday
318401982053,1125894760,thread_guyofficlal,509658,Just Chatting,1019,2026-08-29T14:14:39Z,en,['English'],2026-08-29,22-07-15,Saturday
317621449955,72982747,pokerstarsespanol,488190,Poker,1019,2026-08-29T12:34:09Z,es,['Español'],2026-08-29,22-07-15,Saturday
316769351638,121228500,casinodaddy,498566,Slots,1016,2026-08-29T09:43:28Z,en,['English'],2026-08-29,22-07-15,Saturday
318460969958,56924673,obsess3,21779,League of Legends,1012,2026-08-29T07:48:32Z,de,"['Deutsch', 'VerticalStream', 'vertical', 'manchmalchallenger', 'meistensnicht', 'DropsAktiviert']",2026-08-29,22-07-15,Saturday
316441756275,45839490,alfrea,263490,Rust,1009,2026-08-29T13:30:46Z,ja,"['ネタバレ禁止', 'アドバイス禁止', '日本語']",2026-08-29,22-07-15,Saturday
316029328746,58686695,hyper2374,213930085,Honkai: Star Rail,1008,2026-08-29T07:02:06Z,zh,"['中文', '搞笑擔當', '開台持久', '燕雲十六聲', 'WhereWindsMeet', '启用掉宝']",2026-08-29,22-07-15,Saturday
315958393426,143368887,kolderiu,602040818,NBA 2K27,1008,2026-08-29T12:53:45Z,es,['Español'],2026-08-29,22-07-15,Saturday
318464680934,87381112,qanteg,32982,Grand Theft Auto V,998,2026-08-29T14:42:32Z,ru,"['Русский', 'Шизофрения', 'Бустеренко', 'биполярка']",2026-08-29,22-07-15,Saturday
315957994194,27107346,b0aty,459931,Old School RuneScape,993,2026-08-29T10:15:24Z,en,"['English', 'frog', 'Toad', 'Whale', 'felloff']",2026-08-29,22-07-15,Saturday
316382699122,62961303,dexyuku,263490,Rust,989,2026-08-29T05:05:30Z,ja,['日本語'],2026-08-29,22-07-15,Saturday
316441887603,126933869,tkch_taisyou,1142971866,Moen,985,2026-08-29T13:56:43Z,ja,['日本語'],2026-08-29,22-07-15,Saturday
316439679603,460120312,nniru,263490,Rust,985,2026-08-29T05:00:51Z,ja,['日本語'],2026-08-29,22-07-15,Saturday
318830124277,47071880,yoda,20596,Dofus,984,2026-08-29T11:44:08Z,pt,"['Português', 'wYzards', 'Y', 'SehLoiro', 'FON', 'SLGames', 'RBH']",2026-08-29,22-07-15,Saturday
318464148070,31546195,dorzer,510389,Shakes and Fidget,984,2026-08-29T13:52:06Z,de,"['DropsActive', 'Deutsch']",2026-08-29,22-07-15,Saturday
318402354917,170931439,kibertochkaofficial,32399,Counter-Strike,982,2026-08-29T14:53:42Z,ru,"['CS2', 'CS2Live', 'cs2twitch', 'Esports', 'Киберспорт', 'Competitive', 'counterstrike2', 'Русский', 'CS2Tournament', 'cs']",2026-08-29,22-07-15,Saturday
318463630054,236507843,pizfn,33214,Fortnite,979,2026-08-29T13:03:44Z,it,['Italiano'],2026-08-29,22-07-15,Saturday
318395854181,821305619,hoshiri13,490655,Pokémon GO,975,2026-08-28T21:39:54Z,en,"['English', 'badge', 'pichu', 'Pokémon', 'squirtle', 'bulbasaur', 'Charmander', 'SUBtemeber', 'subtember']",2026-08-29,22-07-15,Saturday
316814793172,80717515,smaley_,32399,Counter-Strike,973,2026-08-29T14:32:55Z,ru,"['Русский', 'FPL', '4kelo', 'hype', 'cs']",2026-08-29,22-07-15,Saturday
318398653285,62938127,cdprojektred,115977,The Witcher 3: Wild Hunt,970,2026-08-29T07:45:18Z,en,"['CDPROJEKTRED', 'witcher', 'witcher3', 'german', 'English']",2026-08-29,22-07-15,Saturday
317610193380,135629563,snoodyboo,513143,Teamfight Tactics,970,2026-08-29T08:57:09Z,es,['Español'],2026-08-29,22-07-15,Saturday
315969091304,452328658,mizune__,509658,Just Chatting,967,2026-08-29T14:05:39Z,zh,['中文'],2026-08-29,22-07-15,Saturday
317584917986,113080650,dahmien7,491931,Escape from Tarkov,965,2026-08-29T06:04:13Z,fr,"['Français', 'chill', 'English']",2026-08-29,22-07-15,Saturday
318461937254,1534913948,dexjaxon,498566,Slots,958,2026-08-29T10:10:03Z,es,['Español'],2026-08-29,22-07-15,Saturday
319030117975,127309732,rainhoe,509658,Just Chatting,956,2026-08-29T13:28:24Z,en,"['English', 'sorryimawoman', 'DIAGNOSED', 'discomfortstreamer', 'Vtuber']",2026-08-29,22-07-15,Saturday
316030830826,1335872547,doremina0728,509658,Just Chatting,952,2026-08-29T14:09:01Z,zh,"['日系', '聊天', '中文', '遊戲']",2026-08-29,22-07-15,Saturday
316814472916,433605766,dedadam,32982,Grand Theft Auto V,948,2026-08-29T13:45:57Z,ru,"['Русский', 'staya', 'Lamadjo', 'Majestic', 'СТАЯ', 'дедадам', 'memhpis']",2026-08-29,22-07-15,Saturday
316814838612,884059667,warthunder_esports_ru,66366,War Thunder,944,2026-08-29T14:40:04Z,ru,"['OfficialChannel', 'Русский', 'warthunder', 'Esports', 'ДропсыВключены', 'DropsВключены']",2026-08-29,22-07-15,Saturday
316440920691,494020714,be_kooo,491931,Escape from Tarkov,943,2026-08-29T10:56:58Z,ja,"['日本語', 'Drops有効']",2026-08-29,22-07-15,Saturday
316373463153,188490730,9qoq,509658,Just Chatting,942,2026-08-29T08:39:54Z,zh,['中文'],2026-08-29,22-07-15,Saturday
316814434516,115139051,vika_karter,509658,Just Chatting,942,2026-08-29T13:40:03Z,ru,"['руина', 'лучшаястримерша', 'ноготочкисаратов', 'семейноесчастье', 'Русский']",2026-08-29,22-07-15,Saturday
316006673257,38009333,sixentv,21779,League of Legends,940,2026-08-29T08:54:47Z,fr,"['Français', 'DropsActivés', 'IRL', 'corée', 'vlog', 'fr']",2026-08-29,22-07-15,Saturday
316007634665,522657771,yuki878,509658,Just Chatting,939,2026-08-29T13:05:50Z,zh,['中文'],2026-08-29,22-07-15,Saturday
321170402394,1255299862,sinthyasanguine,509659,ASMR,938,2026-08-29T13:56:28Z,en,"['ASMR', 'Vtuber', 'English', 'Tomboy', 'Anime', 'ENVtuber', 'Goth', 'Booba', 'Chatty', 'ADHD']",2026-08-29,22-07-15,Saturday
319029487063,191043512,grimm,516575,VALORANT,931,2026-08-29T11:10:55Z,en,['English'],2026-08-29,22-07-15,Saturday
316439757043,715990491,dttodot,263490,Rust,930,2026-08-29T05:22:23Z,ja,"['日本語', 'VTuber', 'Thai', 'Japanese', 'English']",2026-08-29,22-07-15,Saturday
318265738215,84021070,wipr,516575,VALORANT,929,2026-08-29T13:45:43Z,fr,"['FPS', 'wipr', 'Français', 'valorant', 'esport', 'VCTWatchParty', 'french', 'valorantesport']",2026-08-29,22-07-15,Saturday
320148438112,229056861,kastaclysm,1357871551,The Blood of Dawnwalker,926,2026-08-29T14:16:37Z,en,['English'],2026-08-29,22-07-15,Saturday
319997753950,105458682,bobross,509660,Art,926,2026-08-28T14:33:39Z,en,['English'],2026-08-29,22-07-15,Saturday
321275269851,118155820,willerz,491931,Escape from Tarkov,921,2026-08-29T12:02:07Z,en,"['English', 'chad', 'Friendly', 'Parkour', 'comedy', 'action', 'FPS', 'multiplayer', 'DropsEnabled']",2026-08-29,22-07-15,Saturday
316770453334,794027038,lavieoubourse,32399,Counter-Strike,921,2026-08-29T13:13:59Z,ru,['Русский'],2026-08-29,22-07-15,Saturday
319029867223,72576794,kingbendrick,31376,Terraria,917,2026-08-29T12:32:55Z,en,['English'],2026-08-29,22-07-15,Saturday
318400685797,35828637,low4n,1478650472,Call of Duty: Modern Warfare 4,912,2026-08-29T12:09:48Z,fr,"['Français', 'DropsActivés']",2026-08-29,22-07-15,Saturday
316769761366,84600165,wizer02,494184,Mobile Legends: Bang Bang,910,2026-08-29T11:04:39Z,ru,"['Русский', 'mlbb', 'mobilelegends', 'wizer', 'wizer02']",2026-08-29,22-07-15,Saturday
317340343671,223191589,tubbo,516575,VALORANT,908,2026-08-29T14:55:26Z,en,"['English', 'tubtime', 'sussexgamer', 'cheerfulexpert', 'RealmSMP']",2026-08-29,22-07-15,Saturday
316742061141,67337350,officialhyper,32399,Counter-Strike,905,2026-08-29T13:01:49Z,pl,['Polski'],2026-08-29,22-07-15,Saturday
318392170597,72793250,pietsmiettv,17085,Quiz Show,904,2026-08-28T17:28:01Z,de,['Deutsch'],2026-08-29,22-07-15,Saturday
316029799274,843895584,yukkkkiouo,493959,Red Dead Redemption II,902,2026-08-29T09:25:41Z,zh,"['中文', 'Vtuber', '台V']",2026-08-29,22-07-15,Saturday
318400438373,136784171,mehdi,511224,Apex Legends,897,2026-08-29T11:43:40Z,de,"['Deutsch', 'WWE', 'Valo', 'minecraft', 'reaction', 'PvEPvP']",2026-08-29,22-07-15,Saturday
320147979104,876622488,lilah,499003,VRChat,894,2026-08-29T13:21:09Z,en,"['English', 'Vtuber', 'ENVtuber', 'catgirl', 'kombuchaforever', 'ASMR', 'Dance', 'artist', 'OptOutGenAI', 'Lilac']",2026-08-29,22-07-15,Saturday
321105341529,116461043,b0rja,516575,VALORANT,893,2026-08-29T13:59:08Z,es,"['Español', 'b0rja', 'KRÜ', 'valorant', 'canarias', 'dropsactivados', 'watchparty']",2026-08-29,22-07-15,Saturday
316383416178,941489207,23fpstv,32399,Counter-Strike,893,2026-08-29T08:31:18Z,vi,"['cs2', 'csgo', 'pgl', 'blast', 'esl', 'majorcs2', 'major', 'TiếngViệt', 'Phátlạitrựctuyến']",2026-08-29,22-07-15,Saturday
316742728277,61776347,dianarice,509658,Just Chatting,893,2026-08-29T14:22:52Z,ru,"['Аутизм', 'чуткапсихолог', 'вкусняшки', 'залупачес', 'воньговна', 'скебоб', 'мукбанг', 'ASMR', 'Русский', 'Украинский']",2026-08-29,22-07-15,Saturday
318400851813,29750090,paoloidolo,21779,League of Legends,892,2026-08-29T12:25:33Z,it,"['JUST', 'CHATTING', 'QUATTRO', 'CHIACCHIERE', 'PAOLOCANNONE', 'PAOLOIDOLO', 'ITALIANO', 'DRAMA', 'Italiano']",2026-08-29,22-07-15,Saturday
318462668774,51516226,benccce,32399,Counter-Strike,891,2026-08-29T11:32:29Z,hu,"['CS2', 'counterstrike', 'counterstrike2', 'Esport', 'Esports', 'BLAST', 'blastpremier', 'blastopen', 'Tournament', 'LAN']",2026-08-29,22-07-15,Saturday
318265920999,173164131,noraexplorer,509658,Just Chatting,888,2026-08-29T14:02:34Z,en,"['English', 'Denmark', 'IRL', 'justchattıng', 'gaming', 'LGBTQ', 'LesbianGamer', 'gaymer', 'OCD', '134iq']",2026-08-29,22-07-15,Saturday
318385311205,1447297241,gtastyslots,498566,Slots,883,2026-08-28T02:54:43Z,de,"['Deutsch', 'Österreich', 'casino', 'slots', 'gTasty']",2026-08-29,22-07-15,Saturday
316742697941,141412854,buichka,32399,Counter-Strike,881,2026-08-29T14:19:14Z,ru,['Русский'],2026-08-29,22-07-15,Saturday
318464504422,181677239,l4hmadju,29595,Dota 2,878,2026-08-29T14:24:20Z,ru,"['Lahma', 'Lahmadju', 'Lajma', 'Русский']",2026-08-29,22-07-15,Saturday
318400596325,134477064,fufu,1898040946,How to Fish,878,2026-08-29T12:00:44Z,en,"['English', 'VTuber', 'Anime', 'Catgirl', 'Silly', 'Yapping', 'Gaming', 'GamerSuppsCodeFUFU', 'Ragebaiter', 'Clown']",2026-08-29,22-07-15,Saturday
316372456561,64855800,nein1203,509658,Just Chatting,878,2026-08-29T03:50:15Z,zh,['中文'],2026-08-29,22-07-15,Saturday
317620167139,29377368,x9nium,32399,Counter-Strike,876,2026-08-29T08:50:10Z,es,"['Español', 'CS2', 'Counter', 'Esports', 'gaming', 'counterstrike']",2026-08-29,22-07-15,Saturday
316384966770,1181462329,yatsuka_vlrt,516575,VALORANT,869,2026-08-29T14:12:22Z,ja,"['日本語', 'valorant']",2026-08-29,22-07-15,Saturday
318266463975,119840883,koste4ek,509658,Just Chatting,868,2026-08-29T14:56:36Z,ru,"['хихи', 'хаха', 'старый', 'афкстример', 'в', 'описании', 'Фурри', 'свагаплюс', 'брони', 'Русский']",2026-08-29,22-07-15,Saturday
321105615961,86654766,gutfoxx,670138298,Madden NFL 27,867,2026-08-29T14:25:25Z,en,['English'],2026-08-29,22-07-15,Saturday
320103618524,14408894,cdnthe3rd,493057,PUBG: BATTLEGROUNDS,862,2026-08-29T04:53:32Z,en,"['OftenImitated', 'NeverDuplicated', 'BidetEnthusiast', 'English', 'DFWPYUO', 'Muppemorphasis', 'AlwaysLabbing']",2026-08-29,22-07-15,Saturday
316813517268,189755167,danucd,493057,PUBG: BATTLEGROUNDS,862,2026-08-29T11:12:46Z,en,"['English', 'DropsEnabled']",2026-08-29,22-07-15,Saturday
317995071960,277057209,murdercrumpet,593972946,Coincidences?,860,2026-08-28T20:00:16Z,en,"['English', 'Vtuber', 'LGBT']",2026-08-29,22-07-15,Saturday
320106020700,63704330,kugothaboss,512710,Call of Duty: Warzone,858,2026-08-29T13:50:02Z,en,"['roleplay', 'lazy', 'English']",2026-08-29,22-07-15,Saturday
317586819682,648148233,iliesomg,509658,Just Chatting,857,2026-08-29T12:31:08Z,fr,"['Français', 'RAP', 'Culture', 'musique', 'Actualités', 'talk']",2026-08-29,22-07-15,Saturday
316742127957,36957278,laeppa,31339,Project Zomboid,852,2026-08-29T13:10:20Z,fi,"['English', 'gaming', 'Variety', 'Finnish', 'Nordic', 'Suomi']",2026-08-29,22-07-15,Saturday
318264297319,24641245,praden,509658,Just Chatting,851,2026-08-29T11:07:20Z,ru,"['Русский', 'Вараети', 'Геймер', 'Реактор', 'Комедия', 'Депрессия', 'Дислексия', 'СДВГ', 'Ключи']",2026-08-29,22-07-15,Saturday
316373272433,91967953,liang_0714,516575,VALORANT,849,2026-08-29T07:43:17Z,zh,['中文'],2026-08-29,22-07-15,Saturday
318463664102,79723251,delmo,2748,Magic: The Gathering,846,2026-08-29T13:06:53Z,it,"['Italiano', 'Ranked', 'Classificate', 'Competitivo', 'MagicTheGathering', 'MTGArena']",2026-08-29,22-07-15,Saturday
319029483479,424114201,xzudemx,509672,IRL,846,2026-08-29T11:10:05Z,de,"['Unterhaltung', 'Deutsch', 'Anime', 'minecraft']",2026-08-29,22-07-15,Saturday
317587484642,69303923,ragevl_,516575,VALORANT,841,2026-08-29T13:58:16Z,fr,"['Français', 'valorant', 'karminecorp', 'gentlemates', 'futesports', 'DropsEnable', 'DropActive', 'valorantfr']",2026-08-29,22-07-15,Saturday
318458991334,37526022,radlerauge,674491029,Star Wars Zero Company,840,2026-08-28T23:15:45Z,de,"['deutsch', 'lettisch', 'dropsaktiviert', 'Deutsch', 'starwars']",2026-08-29,22-07-15,Saturday
316383821682,700262945,idoce_69,516575,VALORANT,838,2026-08-29T10:30:04Z,zh,"['中文', '冥想台', '聊天']",2026-08-29,22-07-15,Saturday
318463870310,134593986,quattroace,401587136,Arena Breakout: Infinite,836,2026-08-29T13:25:37Z,ru,"['Русский', 'English']",2026-08-29,22-07-15,Saturday
316741127253,98311933,madarapoe,29595,Dota 2,834,2026-08-29T10:39:47Z,ru,"['Русский', 'gym', 'gachi', 'MF', 'English']",2026-08-29,22-07-15,Saturday
316740045653,116640861,cispapa,29595,Dota 2,833,2026-08-29T06:59:17Z,ru,"['Русский', 'dota2', 'дота2', 'спирит', 'BLAST', 'EPL', 'Cis', 'Spirit', 'Dota2International', 'ставки']",2026-08-29,22-07-15,Saturday
317585843682,90911923,galino,509658,Just Chatting,833,2026-08-29T10:01:48Z,fr,"['pokemon', 'france', 'record', 'galino', 'Français', 'Kaizo', 'ironMON', 'Nuzlocke', 'challenge', 'heartgold']",2026-08-29,22-07-15,Saturday
317612214116,106867975,skain,21779,League of Legends,830,2026-08-29T14:00:08Z,es,['Español'],2026-08-29,22-07-15,Saturday
321275361243,214337266,honeyxxo,491931,Escape from Tarkov,828,2026-08-29T12:19:55Z,en,"['English', 'fps', 'gamergirl', 'subathon', 'hottub', 'DropsEnabled']",2026-08-29,22-07-15,Saturday
317621944419,60408047,voltariux,513143,Teamfight Tactics,827,2026-08-29T13:36:51Z,fr,['Français'],2026-08-29,22-07-15,Saturday
316441153267,94618049,tototmix,516575,VALORANT,826,2026-08-29T11:45:09Z,ja,"['日本語', 'ネタバレ禁止']",2026-08-29,22-07-15,Saturday
318464648934,1091914653,qwesoewd,509658,Just Chatting,819,2026-08-29T14:38:53Z,ru,['Русский'],2026-08-29,22-07-15,Saturday
316742912085,114010306,mulder,491487,Dead by Daylight,819,2026-08-29T14:44:32Z,ru,"['Русский', 'DropsВключены']",2026-08-29,22-07-15,Saturday
316813851348,490598410,oneshotmlbb,494184,Mobile Legends: Bang Bang,816,2026-08-29T12:13:36Z,ru,"['Ваншот', 'Лесник', 'Хайранг', 'Русский', 'Повтор']",2026-08-29,22-07-15,Saturday
318401439205,174141858,elina,464339927,ARC Raiders,813,2026-08-29T13:20:35Z,en,"['English', 'swedish', 'woman', 'stinky', 'ADHD', 'female', 'Interactive', 'Chatty', 'DropsEnabled']",2026-08-29,22-07-15,Saturday
318264570983,2158531,ubisoft,460630,Rainbow Six Siege,808,2026-08-29T11:40:14Z,en,"['English', 'gamescom', 'ubisoft', 'rainbowsixsiegegame', 'DropsEnabled']",2026-08-29,22-07-15,Saturday
320105921500,614883573,god_lita,509658,Just Chatting,808,2026-08-29T13:35:39Z,ko,['한국어'],2026-08-29,22-07-15,Saturday
316029739754,415447735,bebahan,1478650472,Call of Duty: Modern Warfare 4,806,2026-08-29T09:07:28Z,en,"['Chatting', 'Woman', 'English', 'Chatty', 'Interactive', 'British', 'Girl', 'Fun', '18plus', 'maturecontent']",2026-08-29,22-07-15,Saturday
320085085276,100408103,zchum,263490,Rust,804,2026-08-27T23:21:56Z,en,"['English', 'DropsEnabled']",2026-08-29,22-07-15,Saturday
315985444307,41684297,mmorpg,459931,Old School RuneScape,800,2026-08-29T10:00:25Z,en,"['Juicy', 'English']",2026-08-29,22-07-15,Saturday
319016600919,752742297,seoi1016,509658,Just Chatting,799,2026-08-28T14:12:01Z,ko,"['한국어', 'English', '中文', 'Asian', '日本語', 'Русский', 'Dance', 'kpop', 'korean']",2026-08-29,22-07-15,Saturday
316813569620,180166815,the_iken,401587136,Arena Breakout: Infinite,798,2026-08-29T11:22:59Z,hu,"['Русский', 'общение', 'ЛучшийСтример', 'arenabreakoutinfinite', 'English', 'Friendly', 'Leageflegends', 'lol', 'Norsk', 'Português']",2026-08-29,22-07-15,Saturday
318399975141,37550199,pilavpowa,18122,World of Warcraft,797,2026-08-29T10:51:29Z,en,"['English', 'WorldfofWarcraft', 'comedian', 'DropsEnabled']",2026-08-29,22-07-15,Saturday
318400113765,72692222,antielitz,130942,Factorio,796,2026-08-29T11:07:23Z,en,"['English', 'speedrunnning']",2026-08-29,22-07-15,Saturday
316007141097,54525106,aliythia,509658,Just Chatting,792,2026-08-29T11:12:49Z,en,"['ADHD', 'AUS', 'LOUD', 'Woman', 'girl', 'English', 'Female', 'Australian', 'Aussie', 'pokemon']",2026-08-29,22-07-15,Saturday
318399817829,477644294,ivaxaosu,21465,osu!,792,2026-08-29T10:30:35Z,en,"['English', 'Polski', 'polish', 'osu']",2026-08-29,22-07-15,Saturday
317587462370,40383341,trinity,509672,IRL,788,2026-08-29T13:55:10Z,fr,"['Français', 'Voyage', 'vanlife', 'roadtrip', 'travel', 'IRL', 'vlog', 'aventure']",2026-08-29,22-07-15,Saturday
318401256165,623266765,fivfiv001,1898040946,How to Fish,785,2026-08-29T13:02:06Z,ru,"['Русский', 'Начальник', '182iq', 'КачественныйКонтент', 'ФЫВФЫВ', 'fivfiv', 'АдекватнаяАтмосфера', 'НеКазуал', 'ХайСкилл', 'НеВоздухан']",2026-08-29,22-07-15,Saturday
318262899047,22386881,bonkol,315165001,Low-Budget Repairs,784,2026-08-29T08:02:43Z,pl,"['polski', 'gry', 'retro', 'Polski', 'IRL', 'śląski']",2026-08-29,22-07-15,Saturday
317335186679,27132299,loadingreadyrun,521979070,Slay the Princess,781,2026-08-28T21:09:29Z,en,"['English', 'Canada', 'LRR', 'LoadingReadyRun', 'DropsEnabled']",2026-08-29,22-07-15,Saturday
320105634012,434291754,juicyjohns,512710,Call of Duty: Warzone,777,2026-08-29T12:51:36Z,en,"['English', 'rebirth', 'juicyjohns', 'warzone', 'callofduty', 'camy', 'DropsEnabled']",2026-08-29,22-07-15,Saturday
317600613092,1110808352,cineillojuan,499973,Always On,777,2026-08-28T10:38:05Z,es,"['Español', 'Repetir']",2026-08-29,22-07-15,Saturday
321276057691,65635551,attach,1478650472,Call of Duty: Modern Warfare 4,777,2026-08-29T13:49:40Z,en,"['English', 'DropsEnabled']",2026-08-29,22-07-15,Saturday
317612716644,88301612,xari,509658,Just Chatting,776,2026-08-29T14:56:50Z,fr,['Français'],2026-08-29,22-07-15,Saturday
319999432414,166633913,loldonatello,1264310518,Marvel Rivals,775,2026-08-28T18:00:04Z,en,"['top500', 'English', 'DropsEnabled']",2026-08-29,22-07-15,Saturday
318263607783,529112648,knirpz,509672,IRL,769,2026-08-29T09:38:29Z,de,"['Deutsch', 'IRL', 'german', 'amorfati', 'Berlin', 'DropsAktiviert', 'Pause']",2026-08-29,22-07-15,Saturday
319020589783,197406569,thenicolet,509659,ASMR,769,2026-08-28T22:25:14Z,en,"['English', 'ENGLISH', 'ASMR', 'FINDOM', 'EGIRL', 'GIRL', 'feet', 'goddess', 'woman']",2026-08-29,22-07-15,Saturday
321275479643,117783070,kiyoon,513143,Teamfight Tactics,768,2026-08-29T12:40:22Z,en,['English'],2026-08-29,22-07-15,Saturday
321274876891,780174937,natsume_sennsei,32982,Grand Theft Auto V,767,2026-08-29T10:35:47Z,ja,"['Vtuber', '日本語', '雑談', 'なつめ先生', '怒っても許してね', 'ストグラ', 'ハクナツメ']",2026-08-29,22-07-15,Saturday
317621202275,32951395,moraishd,516575,VALORANT,766,2026-08-29T11:59:46Z,pt,"['Português', 'Vtuber', 'comédia', 'Portugal', 'morais']",2026-08-29,22-07-15,Saturday
318401246053,249877505,rxiirl,30921,Rocket League,765,2026-08-29T13:01:19Z,es,"['Español', 'English', 'ViewerParty', 'rlcs', 'major', 'rocketleague', 'pro', 'RLCS2026']",2026-08-29,22-07-15,Saturday
321169602650,184683276,makeouthill,33214,Fortnite,765,2026-08-29T11:49:27Z,en,"['Loud', 'annoying', 'funny', 'competitive', 'ranked', 'erobb221', 'spanish', 'community', 'bestfriends', 'welcoming']",2026-08-29,22-07-15,Saturday
318464889574,170258085,gamescom,509663,Special Events,763,2026-08-29T15:01:34Z,en,"['Gamescom', 'gamenews', 'English', 'German', 'Deutsch', 'ONL', 'OpeningNightLive', 'Gamescom2026']",2026-08-29,22-07-15,Saturday
316813715412,53649632,naowh,18122,World of Warcraft,761,2026-08-29T11:52:22Z,en,"['PvE', 'MDI', 'TGP', 'Retail', 'Raid', 'Tanking', 'English', 'Dungeons', 'ClassicEra', 'worldofwarcraft']",2026-08-29,22-07-15,Saturday
316741651669,120269326,davay_po_novoy,32982,Grand Theft Auto V,761,2026-08-29T12:05:36Z,ru,"['Русский', 'gta', 'ＧTA5', 'Majestic']",2026-08-29,22-07-15,Saturday
318463720678,133208673,redpandash,401587136,Arena Breakout: Infinite,758,2026-08-29T13:12:28Z,ru,"['Русский', 'PvP', 'вайбик', 'разговор']",2026-08-29,22-07-15,Saturday
317621289059,183819202,eskc,1478650472,Call of Duty: Modern Warfare 4,757,2026-08-29T12:11:16Z,fr,"['Français', 'DropsActivés']",2026-08-29,22-07-15,Saturday
316007211369,96564793,ezpvp_lover,18122,World of Warcraft,753,2026-08-29T11:29:58Z,ru,"['English', 'Classic', 'wow', 'wowcircle', 'Русский', 'DropsВключены']",2026-08-29,22-07-15,Saturday
318265393895,69616738,xth0rek,509658,Just Chatting,751,2026-08-29T13:09:08Z,pl,"['Polski', 'drops', 'NoPixel']",2026-08-29,22-07-15,Saturday
316770699350,118740256,b_komhate,491931,Escape from Tarkov,746,2026-08-29T13:57:11Z,ru,"['ТАРКОВ', 'ВКОМНАТЕ', 'Русский']",2026-08-29,22-07-15,Saturday
318001027160,663185994,savii,674491029,Star Wars Zero Company,744,2026-08-29T11:29:31Z,en,"['British', 'Latina', 'Military', 'AuditoryASMR', 'Envtuber', 'English', 'Anime', 'Vtuber', 'Hag', 'FirstPlaythrough']",2026-08-29,22-07-15,Saturday
318398012773,445045387,verena,509672,IRL,744,2026-08-29T05:21:12Z,de,"['juicy', 'irl', 'babygirl', 'quality', 'Deutsch', 'baddie']",2026-08-29,22-07-15,Saturday
318902617716,1078197656,nokan777,29452,Virtual Casino,743,2026-08-29T13:40:42Z,pt,['Português'],2026-08-29,22-07-15,Saturday
317622622051,48624276,hawnie,509672,IRL,743,2026-08-29T14:48:21Z,fr,['Français'],2026-08-29,22-07-15,Saturday
318461176166,29353514,gdolphn,511224,Apex Legends,741,2026-08-29T08:21:16Z,en,"['English', 'bald', 'old', 'fps', 'gamer', 'DropsActivated', 'ADHD', 'Not', 'a', 'Vtuber']",2026-08-29,22-07-15,Saturday
321105380057,863851247,widega_,459931,Old School RuneScape,739,2026-08-29T14:02:10Z,en,"['English', 'wuh', 'moo', 'evil', 'evil2', 'evil4', 'evil8', 'evil256', 'evil512', 'moo2147483647']",2026-08-29,22-07-15,Saturday
316740251349,135377687,posty,1898040946,How to Fish,737,2026-08-29T07:58:32Z,en,"['FPS', 'PVP', 'English', 'solo', 'xd', 'Rust', 'highpop', 'GOAT']",2026-08-29,22-07-15,Saturday
316813817556,86287071,alfedov,509658,Just Chatting,734,2026-08-29T12:08:28Z,ru,['Русский'],2026-08-29,22-07-15,Saturday
317620543075,88959886,fekah_,20596,Dofus,733,2026-08-29T10:04:40Z,fr,['Français'],2026-08-29,22-07-15,Saturday
318402067813,29468517,pago3,33214,Fortnite,731,2026-08-29T14:23:58Z,pl,"['Polski', 'English']",2026-08-29,22-07-15,Saturday
317586333794,71968056,tinkerleo,509658,Just Chatting,731,2026-08-29T11:19:07Z,de,['Deutsch'],2026-08-29,22-07-15,Saturday
316769419094,790796770,ttobias_lol,21779,League of Legends,729,2026-08-29T09:56:47Z,pl,"['Polski', 'English', 'zed', 'OTP', 'Hardstyle', 'Midlane', 'Coaching', 'leagueoflegends', 'Challenger', 'music']",2026-08-29,22-07-15,Saturday
316372705137,71897376,kettuncyukyuhei,263490,Rust,726,2026-08-29T05:01:42Z,ja,['日本語'],2026-08-29,22-07-15,Saturday
319029324375,835561319,xera,2132205352,Deadlock,726,2026-08-29T10:36:22Z,en,"['English', 'TALL', 'NOTBALD', 'AMBIGUOUS', 'FUNNYHAHA', 'FRIENDLYENOUGH', 'PREMIUM', 'GOODPERSON']",2026-08-29,22-07-15,Saturday
320010776798,713951941,dasnerth,516575,VALORANT,724,2026-08-29T12:12:04Z,en,"['English', 'winning', 'PvP', 'valorant', 'radiant', 'pro', 'neon']",2026-08-29,22-07-15,Saturday
315967947112,37278046,assentw,516575,VALORANT,723,2026-08-29T08:52:31Z,zh,['中文'],2026-08-29,22-07-15,Saturday
318400755301,26290555,spammiej,687129551,Trackmania,722,2026-08-29T12:16:08Z,en,['English'],2026-08-29,22-07-15,Saturday
316741687765,514473492,gwizdakk,32399,Counter-Strike,722,2026-08-29T12:11:10Z,pl,['Polski'],2026-08-29,22-07-15,Saturday
317619536611,30856797,maystine,18122,World of Warcraft,720,2026-08-29T05:16:53Z,fr,"['Français', 'English', 'Anglais', 'DropsActivés']",2026-08-29,22-07-15,Saturday
316768811734,57116735,mistercop,29595,Dota 2,719,2026-08-29T07:29:05Z,ru,"['Русский', 'Шизофрения', 'Социопатия', 'фокусы']",2026-08-29,22-07-15,Saturday
316442010483,1294268399,gamingrinko,509658,Just Chatting,716,2026-08-29T14:23:53Z,ja,"['japan', '日本語']",2026-08-29,22-07-15,Saturday
316740672085,24811779,wagamamatv,29595,Dota 2,716,2026-08-29T09:25:27Z,en,['English'],2026-08-29,22-07-15,Saturday
318264939623,102440358,arcadebulls,674491029,Star Wars Zero Company,713,2026-08-29T12:21:13Z,cs,"['Čeština', 'English', 'Community']",2026-08-29,22-07-15,Saturday
318462727910,58448005,zazzone230,490432,Mafia III,712,2026-08-29T11:38:43Z,it,['Italiano'],2026-08-29,22-07-15,Saturday
316814780500,101204178,jamside,1478650472,Call of Duty: Modern Warfare 4,711,2026-08-29T14:30:40Z,ru,"['Русский', 'English', 'MONKEY', 'ape', 'Gorilla', 'DropsВключены']",2026-08-29,22-07-15,Saturday
317587047522,417684519,suzyroxx,509658,Just Chatting,708,2026-08-29T13:01:12Z,es,"['Español', 'charlando', 'chisme', 'suzyroxx', 'reaccion', 'reaccionando', 'DropsActivados']",2026-08-29,22-07-15,Saturday
315958096722,36768783,hypnoshark,5682,CTR: Crash Team Racing,706,2026-08-29T10:59:08Z,en,"['English', 'Speedrun', 'speedrun', 'crashbandicoot', 'crash', 'PlayStation', 'Retro', 'Spyro', 'mariokart', 'mario']",2026-08-29,22-07-15,Saturday
319030064343,20694610,towelliee,18122,World of Warcraft,704,2026-08-29T13:16:37Z,en,"['tank', 'worldofwarcraft', 'entertainment', 'English', 'MMORPG', 'classicplus', 'wowmidnight', 'DropsEnabled', 'midnightseason2', 'protpaladin']",2026-08-29,22-07-15,Saturday
318463004518,191126513,lizz,570615518,Resonance: A Plague Tale Legacy,703,2026-08-29T12:05:20Z,en,"['English', 'chill', 'welcoming', 'Viking', 'Witcher', 'Singing', 'noAI', 'noOFjustGAMES', 'FirstPlaythrough', 'DropsEnabled']",2026-08-29,22-07-15,Saturday
318399378789,49035758,jimmyboyyy,27471,Minecraft,703,2026-08-29T09:33:21Z,fr,"['Français', 'JimmyBoy', 'chill', 'Luiji', 'aigri', 'Plaisir', 'acariâtre', 'DropsActivés']",2026-08-29,22-07-15,Saturday
316373102705,56691819,dd87878,491931,Escape from Tarkov,702,2026-08-29T06:51:38Z,zh,"['鳥', '中文', '主席', '启用掉宝']",2026-08-29,22-07-15,Saturday
321169225690,77573531,liminhag0d,31339,Project Zomboid,701,2026-08-29T10:02:27Z,pt,['Português'],2026-08-29,22-07-15,Saturday
318463247718,183796200,kraandop,515025,Overwatch,697,2026-08-29T12:28:45Z,en,"['Nederlands', 'English']",2026-08-29,22-07-15,Saturday
316374321521,42746939,fege0128,509658,Just Chatting,696,2026-08-29T12:02:13Z,zh,['中文'],2026-08-29,22-07-15,Saturday
315449256174,48578601,jazlatte,513143,Teamfight Tactics,694,2026-08-29T09:05:17Z,zh,['中文'],2026-08-29,22-07-15,Saturday
315936741329,119627752,claudiafps,490655,Pokémon GO,694,2026-08-28T10:55:00Z,en,"['pokemon', 'pvp', 'DropsEnabled', 'PokémonGo', 'English']",2026-08-29,22-07-15,Saturday
316007599593,642318624,spicyuuu,509658,Just Chatting,693,2026-08-29T12:58:34Z,en,"['English', 'elderlyoldman', 'antarticaca', 'Singapore']",2026-08-29,22-07-15,Saturday
316770648278,993226360,pixiefnbr1,33214,Fortnite,692,2026-08-29T13:49:11Z,en,['English'],2026-08-29,22-07-15,Saturday
316814706644,1136945049,luniiana,32982,Grand Theft Auto V,691,2026-08-29T14:20:16Z,ru,"['Русский', 'buster', 'bratishkinoff', 'гта5рп', 'дота']",2026-08-29,22-07-15,Saturday
320105821148,400999129,clout,23020,ROBLOX,690,2026-08-29T13:20:57Z,en,['English'],2026-08-29,22-07-15,Saturday
318401977189,139834751,juli4n1_,32399,Counter-Strike,689,2026-08-29T14:14:05Z,en,"['English', 'slots']",2026-08-29,22-07-15,Saturday
316383709554,48034972,junkman_5555,508435,Stilt Fella,688,2026-08-29T09:59:59Z,ja,['日本語'],2026-08-29,22-07-15,Saturday
315969031528,154804469,yi_jiang,21779,League of Legends,687,2026-08-29T13:52:07Z,zh,"['中文', '爆脾氣', '上路', '鬼叫', '釣魚台', '最愛黑人']",2026-08-29,22-07-15,Saturday
316813772884,146728026,lexiav,12839,Heroes of Might and Magic III: The Restoration of Erathia,686,2026-08-29T12:02:07Z,en,['English'],2026-08-29,22-07-15,Saturday
316029213802,129440913,jongie,324632683,hololive Dreams,684,2026-08-29T06:23:15Z,zh,"['Taiwan', 'HolidayHoopla', '中文']",2026-08-29,22-07-15,Saturday
316383890034,82120787,kawa1sheep,509658,Just Chatting,683,2026-08-29T10:48:47Z,zh,['中文'],2026-08-29,22-07-15,Saturday
321154099674,55899594,corgicam,1898040946,How to Fish,683,2026-08-28T14:45:56Z,en,"['English', 'Vtuber', 'Furry', 'LGBTQIAPlusAlly', 'short', 'LOUD', 'Interactive', 'ClosedCaptions', 'Yapper', 'subathon']",2026-08-29,22-07-15,Saturday
317609556068,416031592,solaryhs,138585,Hearthstone,683,2026-08-29T05:14:01Z,fr,['Français'],2026-08-29,22-07-15,Saturday
316742339669,62603776,cyganzor,27546,World of Tanks,681,2026-08-29T13:39:32Z,pl,"['Polski', 'Polish', 'wot', 'WorldofTanks', 'Dropy', 'DropyWłączone']",2026-08-29,22-07-15,Saturday
316812857684,30383713,kungentv,18122,World of Warcraft,680,2026-08-29T09:12:18Z,en,"['English', 'DropsEnabled']",2026-08-29,22-07-15,Saturday
317586186082,44806759,lapi,18122,World of Warcraft,679,2026-08-29T10:55:21Z,fr,"['Français', 'DropsActivés']",2026-08-29,22-07-15,Saturday
318262375143,39432884,ilgattosultubo,400652805,Rancher: A New Life,678,2026-08-29T06:38:20Z,it,"['Italiano', 'chill', 'gaming']",2026-08-29,22-07-15,Saturday
317619504611,29283977,icekei,26476,TERA,677,2026-08-29T05:00:09Z,fr,['Français'],2026-08-29,22-07-15,Saturday
318759064054,62328653,tftoddy,513143,Teamfight Tactics,674,2026-08-28T06:20:50Z,pt,"['Português', 'TFT', 'TeamfightsTactics']",2026-08-29,22-07-15,Saturday
318266257767,133953775,onkel_jacek,509658,Just Chatting,672,2026-08-29T14:37:01Z,de,['Deutsch'],2026-08-29,22-07-15,Saturday
316740961493,104259136,rachelr,32399,Counter-Strike,671,2026-08-29T10:14:02Z,ru,"['Русский', 'CS2', 'faceit']",2026-08-29,22-07-15,Saturday
316742048725,113736015,swehyt,491487,Dead by Daylight,670,2026-08-29T13:00:22Z,en,"['English', 'DropsEnabled']",2026-08-29,22-07-15,Saturday
318830230005,544241532,mahmoojen,509658,Just Chatting,666,2026-08-29T12:26:02Z,pt,"['Português', 'game', 'ruim', 'hype', 'react']",2026-08-29,22-07-15,Saturday
316813608788,40832556,taksebeyarik,509658,Just Chatting,665,2026-08-29T11:30:36Z,ru,"['TakSebeYarik', 'Русский']",2026-08-29,22-07-15,Saturday
316770629334,642513532,egctv,498482,Age of Empires IV,665,2026-08-29T13:46:01Z,en,"['Esports', 'English', 'Tournament', 'Competitive']",2026-08-29,22-07-15,Saturday
316741650261,42599156,einz,722824008,An Eggstremely Hard Game,664,2026-08-29T12:05:26Z,sv,"['Svenska', 'IRL', '1440p', 'TPRP', 'Bruno', 'Engllsh']",2026-08-29,22-07-15,Saturday
317622083683,550749478,drarteck,510389,Shakes and Fidget,663,2026-08-29T13:53:36Z,fr,"['Français', 'dropactif', 'DropsActivés']",2026-08-29,22-07-15,Saturday
320147302496,27772699,apathy,1478650472,Call of Duty: Modern Warfare 4,662,2026-08-29T11:35:20Z,en,"['English', 'pro', 'cod', 'callofduty', 'warzone', 'warzoneranked', 'rebirthisland', 'mw4', 'DropsEnabled']",2026-08-29,22-07-15,Saturday
316814573908,800718186,ruslandvip,509658,Just Chatting,662,2026-08-29T14:00:46Z,ru,['Русский'],2026-08-29,22-07-15,Saturday
316770992342,1090128308,youth007,509658,Just Chatting,658,2026-08-29T14:39:16Z,ru,"['IRL', 'москва', 'общение', 'контент', 'Русский']",2026-08-29,22-07-15,Saturday
317585199714,975207893,jardistream,509672,IRL,652,2026-08-29T07:45:22Z,fr,"['Français', 'Jardinage', 'Jardin', 'Potager', 'FAQs', 'IRL']",2026-08-29,22-07-15,Saturday
316742355669,1353048347,finbeastmodeee,263490,Rust,651,2026-08-29T13:42:06Z,fi,"['english', 'suomi', 'Suomi']",2026-08-29,22-07-15,Saturday
316384523378,1273506493,tokyosims,509658,Just Chatting,651,2026-08-29T12:48:11Z,en,"['English', 'IRL', 'Japan', 'Tokyo', 'Outdoors', 'Exploration', 'Asian', 'Variety', 'wasian', 'Interviews']",2026-08-29,22-07-15,Saturday
321104548953,1131102483,cloudey,516575,VALORANT,649,2026-08-29T11:52:23Z,en,"['radiant', 'english', 'clove', 'English']",2026-08-29,22-07-15,Saturday
315482801520,1290671880,winline_media_league,509658,Just Chatting,649,2026-08-29T09:46:37Z,ru,"['медиалига', 'мфл', 'mediafootballleague', 'Русский']",2026-08-29,22-07-15,Saturday
316814791252,498937799,nooor,32982,Grand Theft Auto V,649,2026-08-29T14:32:41Z,sv,"['Svenska', 'TPRP', 'IRL']",2026-08-29,22-07-15,Saturday
316742086357,68266211,whaazz,18122,World of Warcraft,647,2026-08-29T13:04:23Z,en,"['PvP', 'Arena', 'Rogue', 'Warrior', 'Monk', 'Druid', 'English', 'DemonHunter', 'Evoker', 'DropsEnabled']",2026-08-29,22-07-15,Saturday
318401467749,37193065,serhatakin,513143,Teamfight Tactics,645,2026-08-29T13:23:08Z,tr,['Türkçe'],2026-08-29,22-07-15,Saturday
316373922417,1027819572,aoi_sakura3,515025,Overwatch,644,2026-08-29T10:40:21Z,ja,['日本語'],2026-08-29,22-07-15,Saturday
316771050454,455448111,etoseregga,29595,Dota 2,643,2026-08-29T14:47:31Z,ru,['Русский'],2026-08-29,22-07-15,Saturday
319023206871,14675339,outerheaven,91419,Metal Gear Solid V: The Phantom Pain,642,2026-08-29T01:46:10Z,en,"['English', 'metalgearsolid', 'metalgear', 'solarpowered', 'Bloodborne']",2026-08-29,22-07-15,Saturday
316440861171,440518979,a1u330_,516575,VALORANT,641,2026-08-29T10:42:11Z,zh,"['聊天', '中文', '我愛說實話']",2026-08-29,22-07-15,Saturday
316030920938,1344955656,cyberdesecrator,1441208453,Once Human,641,2026-08-29T14:32:44Z,en,"['English', 'DropsEnabled']",2026-08-29,22-07-15,Saturday
315967645800,436098480,mishymolly,509658,Just Chatting,641,2026-08-29T07:14:55Z,en,"['horrorvtuber', 'monstergirl', 'VtuberEN', 'vtuberartist', 'Horror', 'adhd', 'FirstPlaythrough', 'English']",2026-08-29,22-07-15,Saturday
318264813031,629112069,th3discourse,509658,Just Chatting,639,2026-08-29T12:07:13Z,en,['English'],2026-08-29,22-07-15,Saturday
318830031733,99765615,k13tv,29595,Dota 2,638,2026-08-29T10:59:27Z,pt,"['Português', 'Competitivo', 'English', 'Competitive', 'Ranked', 'music', 'gamer', 'Esports', 'react']",2026-08-29,22-07-15,Saturday
318265502823,1504292940,senpaitheonly1,1901865180,NTE: Neverness to Everness,637,2026-08-29T13:20:34Z,en,"['English', 'Senpai', 'NTEcreator', 'NTE', 'nevernesstoeverness', 'NTEupdate', 'ntegameplay', 'ntegameplay', 'GachaGaming', 'DropsEnabled']",2026-08-29,22-07-15,Saturday
316384962162,573768845,dj_foy_foxx,516575,VALORANT,634,2026-08-29T14:11:46Z,ja,['日本語'],2026-08-29,22-07-15,Saturday
316769655126,474535377,polemicatv,509658,Just Chatting,631,2026-08-29T10:45:08Z,ru,"['мафия', 'турнир', 'polemica', 'Русский']",2026-08-29,22-07-15,Saturday
316812319060,160256813,kushlul,18122,World of Warcraft,627,2026-08-29T06:47:23Z,en,"['MMＯ', 'WoW', 'English', 'Rogue', 'DemonHunter', 'DropsEnabled']",2026-08-29,22-07-15,Saturday
317586655202,618040919,flauschigtv,493057,PUBG: BATTLEGROUNDS,625,2026-08-29T12:08:16Z,de,['Deutsch'],2026-08-29,22-07-15,Saturday
315985142483,96908791,reimi,13332,Pokémon FireRed/LeafGreen,624,2026-08-29T07:41:43Z,en,"['Ironmon', 'Permadeath', 'Challenge', 'Hardmode', 'Kaizo', 'Pokemon', 'English', 'salmon', 'mud', 'GameCube']",2026-08-29,22-07-15,Saturday
317327222391,1437641429,oilrats247,263490,Rust,623,2026-08-27T16:51:09Z,en,['English'],2026-08-29,22-07-15,Saturday
318463991910,20838704,gokedtv,516575,VALORANT,621,2026-08-29T13:36:57Z,es,"['watchparty', 'coach', 'tournament', 'spanish', 'Español']",2026-08-29,22-07-15,Saturday
318399068389,493581300,ordinaryharry,1743359147,MARVEL SNAP,620,2026-08-29T08:51:06Z,en,"['English', 'Educational', 'BeginnerFriendly', 'DropsEnabled']",2026-08-29,22-07-15,Saturday
316373766897,102173799,ajikichi,32982,Grand Theft Auto V,615,2026-08-29T09:59:22Z,ja,"['日本語', '雑談', 'PUBG', 'ストグラ', '味野環九郎']",2026-08-29,22-07-15,Saturday
316439686259,169539617,clutch_fii,263490,Rust,615,2026-08-29T05:02:49Z,ja,"['日本語', 'drops']",2026-08-29,22-07-15,Saturday
318402042725,1113506814,hamburghafenlive,509672,IRL,614,2026-08-29T14:21:05Z,de,"['Hamburg', 'Deutsch']",2026-08-29,22-07-15,Saturday
316384786290,1116040428,os_new,110758,The Legend of Zelda: Breath of the Wild,614,2026-08-29T13:36:08Z,ja,"['ゲーム', '女', '日本語', 'English']",2026-08-29,22-07-15,Saturday
316770215254,248224644,amor_ed,29595,Dota 2,613,2026-08-29T12:29:16Z,ru,"['Русский', 'EngIish', 'ШКИЖМЕШ', 'хех', 'soslo']",2026-08-29,22-07-15,Saturday
318402059109,838880845,jimmy_jacksons,32399,Counter-Strike,613,2026-08-29T14:22:58Z,ru,['Русский'],2026-08-29,22-07-15,Saturday
316814239828,239153091,qakasha,29595,Dota 2,609,2026-08-29T13:11:09Z,ru,['Русский'],2026-08-29,22-07-15,Saturday
321275852635,460930758,decu,499634,Crypto,608,2026-08-29T13:26:39Z,en,['English'],2026-08-29,22-07-15,Saturday
321169383002,119981767,shobek,24241,FINAL FANTASY XIV ONLINE,608,2026-08-29T10:50:12Z,en,"['MMORPG', 'English', 'MMO', 'ADHDStreamer', 'adhd', 'ADHDfriendly', 'worldofwarcraft', 'wow']",2026-08-29,22-07-15,Saturday
316743082837,1077117433,pepeshot101,983841243,Off The Grid,608,2026-08-29T15:02:08Z,en,"['English', 'Ukrainian', 'OTG', 'justcchatting']",2026-08-29,22-07-15,Saturday
317621142243,672078591,doseofcoffee,138585,Hearthstone,607,2026-08-29T11:51:23Z,en,"['Arena', 'Educational', 'English', 'Competitive', 'Leaderboard', 'Chill']",2026-08-29,22-07-15,Saturday
318401817829,80188115,liz0n,509658,Just Chatting,606,2026-08-29T13:59:44Z,ru,"['Уют', 'Образование', 'Женщина', 'РазработкаИгр', 'Русский', 'IRL', 'Стратегии', 'DropsВключены']",2026-08-29,22-07-15,Saturday
318830675317,1078199672,zzsupremeog,29452,Virtual Casino,606,2026-08-29T14:28:42Z,pt,"['English', 'Português', 'espanhol', 'cassino', 'bet', 'slots', 'dinheiro', 'banca']",2026-08-29,22-07-15,Saturday
316770734166,896823289,ne_ymeiy,1131336879,Black Russia,604,2026-08-29T14:01:24Z,ru,['Русский'],2026-08-29,22-07-15,Saturday
316813456596,148907904,lemmy_1337,32399,Counter-Strike,603,2026-08-29T11:02:02Z,sv,"['Svenska', 'Repris', 'justchattingandgaming', 'gaming', 'CS2', 'Lemmy']",2026-08-29,22-07-15,Saturday
315958140882,440985624,wolfeei,27471,Minecraft,603,2026-08-29T11:16:21Z,en,"['blockwars', 'minecraft', 'dutch', 'Creatorsmp', 'mcc', 'English', 'lifestealworld']",2026-08-29,22-07-15,Saturday
317622452195,1420579810,les,21779,League of Legends,601,2026-08-29T14:31:06Z,es,"['leagueoflegends', 'español', 'Español', 'esports', 'LEC']",2026-08-29,22-07-15,Saturday
317587768290,43976593,zaboutine,21779,League of Legends,601,2026-08-29T14:30:41Z,fr,"['Français', 'Analyse', 'Esports']",2026-08-29,22-07-15,Saturday
318402046949,105856115,setycs,32399,Counter-Strike,600,2026-08-29T14:21:37Z,ru,['Русский'],2026-08-29,22-07-15,Saturday
318769461494,945013482,nachocorva,498566,Slots,598,2026-08-29T14:55:28Z,en,"['slots', 'English']",2026-08-29,22-07-15,Saturday
321275297499,1389671297,shinchan_oficial,1398657661,Anime Squad,597,2026-08-29T12:07:53Z,es,['Español'],2026-08-29,22-07-15,Saturday
316814233428,557341058,ellysteiny,509658,Just Chatting,595,2026-08-29T13:10:28Z,ru,"['Русский', 'втубер', 'Vtuber', 'artist', 'art', 'арт', 'художник', 'Аниме']",2026-08-29,22-07-15,Saturday
318463245158,125438132,tschessy,1669431183,DJs,595,2026-08-29T12:28:27Z,de,"['Deutsch', 'Variety', 'Techno', 'Rave', 'IRL', 'Musik']",2026-08-29,22-07-15,Saturday
317604084964,757102582,streamdatabase,509658,Just Chatting,595,2026-08-28T17:52:17Z,en,"['English', 'Stream', 'Database', 'Badge', 'Pokémon', 'Pokemon', 'Blood', 'Dawnwalker']",2026-08-29,22-07-15,Saturday
318266414055,144798294,bigspincr,491168,Clash Royale,593,2026-08-29T14:51:58Z,de,['Deutsch'],2026-08-29,22-07-15,Saturday
316029826154,41927714,dandan0115,114524791,Shadowverse: Worlds Beyond,593,2026-08-29T09:33:22Z,zh,['中文'],2026-08-29,22-07-15,Saturday
316030585194,1374680348,u00vtuber,1494771306,AFTERLIGHT: The Apartment,592,2026-08-29T13:02:39Z,zh,"['Vtuber', '台V', '中文', '挺漂亮的']",2026-08-29,22-07-15,Saturday
316373801457,865792830,kentsumeshi_heyoo,32982,Grand Theft Auto V,592,2026-08-29T10:08:13Z,ja,"['雑談', 'クラロワ', '日本語', 'ストグラ', '飯田けんつ', 'けんつめし']",2026-08-29,22-07-15,Saturday
318263721575,43298229,d1rtyd3vil,31339,Project Zomboid,590,2026-08-29T09:54:14Z,de,"['Hardmode', 'Erwachsen', 'Entspannt', 'Deutsch', 'Variety', 'LigaDerHeftigkeiten', 'KeinBackseatGaming', 'KIMusic']",2026-08-29,22-07-15,Saturday
317611626596,171077935,r_messaoud,2060730947,Le Mans Ultimate,588,2026-08-29T12:45:21Z,fr,"['race', 'lmu', 'acc', 'raceroom', 'gt3', 'Français']",2026-08-29,22-07-15,Saturday
321168830426,82451221,allyooops,21779,League of Legends,587,2026-08-29T08:12:54Z,en,"['Qiyana', 'English', 'techno', 'Diana', 'girl', 'CHALLENGER', 'soulslike', 'MIDLANE', 'Qiyanaotp']",2026-08-29,22-07-15,Saturday
317611097828,63078280,send,513143,Teamfight Tactics,587,2026-08-29T11:37:06Z,en,['English'],2026-08-29,22-07-15,Saturday
316384085106,31673401,gunguno,516575,VALORANT,586,2026-08-29T11:30:49Z,zh,"['顏值', '射擊', '幽默', '錢來就幹', '掉宝開启', 'English', '中文', '飆哥開示了', '启用掉宝']",2026-08-29,22-07-15,Saturday
318461853670,162151864,klupatwins,509658,Just Chatting,586,2026-08-29T10:00:02Z,de,"['Deutsch', 'just', 'chatting', 'zwillinge', 'reactions', 'rp', 'news', 'gaming', 'Diskussion', 'Gruselspiele']",2026-08-29,22-07-15,Saturday
318399052005,1150595403,tanki_esports,1393304883,Mir Tankov,586,2026-08-29T08:48:28Z,ru,['Русский'],2026-08-29,22-07-15,Saturday
317996238680,782947440,policechasenetwork,509658,Just Chatting,585,2026-08-28T23:28:00Z,en,['English'],2026-08-29,22-07-15,Saturday
318401408101,508527736,extrim_7777,32399,Counter-Strike,583,2026-08-29T13:17:04Z,ru,['Русский'],2026-08-29,22-07-15,Saturday
321104613337,531602803,therealkyzen,1264310518,Marvel Rivals,583,2026-08-29T12:05:01Z,en,"['english', 'ADHD', 'loud', 'English', 'DropsEnabled']",2026-08-29,22-07-15,Saturday
320148290528,39298218,dakotaz,33214,Fortnite,582,2026-08-29T13:59:36Z,en,"['English', 'Fortnite', 'Solo']",2026-08-29,22-07-15,Saturday
316739915093,38158532,drainys,509658,Just Chatting,582,2026-08-29T06:08:30Z,ru,"['Русский', 'pubg', 'спорт', 'justchatting', 'Shooter', 'drops']",2026-08-29,22-07-15,Saturday
318264893287,540662549,junicats,509672,IRL,581,2026-08-29T12:16:09Z,de,"['Deutsch', 'IRL', 'Ruppig']",2026-08-29,22-07-15,Saturday
315940382417,401270950,staggiez,491487,Dead by Daylight,581,2026-08-29T10:59:20Z,en,"['English', 'dbdcreator', 'DBDPartner', 'ChronicIllness', 'Scottish', 'LGBTQIAPIus', 'DropsEnabled', 'NoGenAI']",2026-08-29,22-07-15,Saturday
316742242517,42703112,apollolol,509658,Just Chatting,581,2026-08-29T13:26:03Z,en,"['English', 'Norsk', 'swedish', 'Chatty', 'yapping', 'girl', 'FirstPlaythrough', 'NoSpoilers', 'svensk', 'forsen']",2026-08-29,22-07-15,Saturday
315481069168,139417491,woojungx4,509658,Just Chatting,579,2026-08-28T17:06:11Z,ko,['한국어'],2026-08-29,22-07-15,Saturday
321275944027,269140208,tttcheekyttt,511224,Apex Legends,579,2026-08-29T13:37:42Z,ja,"['日本語', 'English']",2026-08-29,22-07-15,Saturday
318265867367,103495737,shoxx__,32982,Grand Theft Auto V,578,2026-08-29T13:58:11Z,de,"['Deutsch', 'gta', 'GTARP', 'justcchatting', 'HomeState', 'HomestateRP']",2026-08-29,22-07-15,Saturday
317622654051,86195014,starkycast,21779,League of Legends,578,2026-08-29T14:51:40Z,ru,"['Киберспорт', 'Русский', 'LeagueOfLegends', 'LCK', 'LEC', 'LPL', 'English']",2026-08-29,22-07-15,Saturday
318402278629,122691064,cabramaravilla,21779,League of Legends,576,2026-08-29T14:45:58Z,es,['Español'],2026-08-29,22-07-15,Saturday
318264900071,835652944,bubblegum,511224,Apex Legends,575,2026-08-29T12:16:51Z,de,"['English', 'Deutsch', 'DropsAktiviert']",2026-08-29,22-07-15,Saturday
316383728626,542830589,r_k7den,32982,Grand Theft Auto V,575,2026-08-29T10:04:03Z,ja,"['日本語', 'ストグラ']",2026-08-29,22-07-15,Saturday
319029738583,25015653,ign,509663,Special Events,574,2026-08-29T12:07:02Z,en,"['English', 'gaming']",2026-08-29,22-07-15,Saturday
316385098098,264909001,kagura0mea,263490,Rust,574,2026-08-29T14:41:39Z,ja,"['Vtuber', '日本語', '新人Vtuber']",2026-08-29,22-07-15,Saturday
316384596594,856820415,unnamednow00,509658,Just Chatting,574,2026-08-29T13:01:10Z,en,"['English', 'vtuber', 'singer', 'japanese', 'korean', 'thai', 'Anime', 'music', 'gaming', 'streamer']",2026-08-29,22-07-15,Saturday
316374680433,205058897,vivi0z1,2146281325,Plants on Fire,573,2026-08-29T13:04:17Z,zh,"['中文', 'V老大', '聊天互動', '神人', 'jo廚', '叉滴娛樂', '吉德神教', '頂級美女', '貓咪出沒', '启用掉宝']",2026-08-29,22-07-15,Saturday
316440191859,28649581,lemongg,491962037,Big Ambitions,572,2026-08-29T07:27:13Z,zh,['中文'],2026-08-29,22-07-15,Saturday
318902563444,49528524,tisekgg,509658,Just Chatting,570,2026-08-29T13:29:48Z,es,"['chile', 'santiago', 'latam', 'argentina', 'Streamerschile', 'mexico', 'latinoamerica', 'valorant', 'thefinals', 'marvel']",2026-08-29,22-07-15,Saturday
316006096489,864364302,kannazukilubee,1630982727,Where Winds Meet,569,2026-08-29T05:48:58Z,zh,"['嚴禁暴雷', '預見娛樂', '中文', '燕雲十六聲', 'WhereWindsMeet', '启用掉宝']",2026-08-29,22-07-15,Saturday
317587948770,138347708,fatiiiih,516575,VALORANT,569,2026-08-29T14:51:01Z,fr,"['Français', 'Valorant', 'TFT']",2026-08-29,22-07-15,Saturday
316382288114,123278702,syaruru3,263490,Rust,565,2026-08-29T02:59:19Z,ja,['日本語'],2026-08-29,22-07-15,Saturday
316440721011,439878030,amal_3rd,32982,Grand Theft Auto V,564,2026-08-29T10:04:59Z,ja,"['日本語', 'ネタバレ禁止', 'ゲーム雑談', 'カラオケ', 'マイクラ', 'Vtuber', '雑談', 'ホラー', 'ゲーム', 'ストグラ']",2026-08-29,22-07-15,Saturday
317586705378,38822100,titavion,1623306862,1666: Amsterdam,563,2026-08-29T12:15:30Z,fr,"['Français', 'Vieux', 'DropsActivés']",2026-08-29,22-07-15,Saturday
318768523766,860305880,patoalbion,417528,Albion Online,563,2026-08-29T10:04:21Z,pt,"['Português', 'MMORPG', 'conversa', 'drops', 'English', 'Español', 'DropsAtivados']",2026-08-29,22-07-15,Saturday
321104814169,450422538,graxy_tv,416015,Hero Siege,562,2026-08-29T12:47:56Z,en,"['HeroSiege', 'PathOfExile', 'DiabloII', 'LastEpoch', 'PD2', 'torchlightinfinite', 'GrimDawn', 'DarkMinimalTechno', 'English', 'DropsEnabled']",2026-08-29,22-07-15,Saturday
317587449570,134287989,yinsu,516575,VALORANT,562,2026-08-29T13:53:33Z,en,"['watchparty', 'English', 'VCTEMEA', 'VCTCN', '中文', 'VCT']",2026-08-29,22-07-15,Saturday
315985873235,8535909,ukog,2060730947,Le Mans Ultimate,562,2026-08-29T12:47:06Z,en,"['Simracing', 'English', '1440p']",2026-08-29,22-07-15,Saturday
317611892836,91807948,yellowhat,2748,Magic: The Gathering,561,2026-08-29T13:19:13Z,en,['English'],2026-08-29,22-07-15,Saturday
318264941415,28572093,kubon_,21779,League of Legends,556,2026-08-29T12:21:31Z,pl,['Polski'],2026-08-29,22-07-15,Saturday
318402015717,50885108,vkingplays,509658,Just Chatting,553,2026-08-29T14:17:49Z,it,['Italiano'],2026-08-29,22-07-15,Saturday
318829921525,484136594,massroon,19619,Tibia,551,2026-08-29T09:53:59Z,pt,"['Português', 'MMORPG', 'Gostoso', 'Orebound', 'pxg']",2026-08-29,22-07-15,Saturday
315968519528,123499768,ren0809k,1282866981,Delta Force,551,2026-08-29T11:50:48Z,zh,"['中文', '启用掉宝']",2026-08-29,22-07-15,Saturday
317580766178,533088041,shelby,516575,VALORANT,550,2026-08-28T18:16:40Z,ar,"['العربية', 'Arabic', 'shelby', 'فالورانت', 'شيلبي', 'فالو']",2026-08-29,22-07-15,Saturday
321105385561,115994925,alphakep,30921,Rocket League,550,2026-08-29T14:02:33Z,en,"['English', 'drops', 'NoAds', 'NoAdsAfterPreroll', 'DropsActive', 'pro', 'DropsEnable', 'rocketleague', 'Golf']",2026-08-29,22-07-15,Saturday
317609877348,27346642,apo_wow,18122,World of Warcraft,549,2026-08-29T07:34:36Z,es,"['Español', 'EquipoMDI', 'Miticasplus', 'Miticas', 'DropsActivados']",2026-08-29,22-07-15,Saturday
318461096934,719598628,antifa,515214,Politics,548,2026-08-29T08:08:08Z,de,"['Deutsch', 'Politik', 'Reaction', 'IRL', 'Demo', 'Protest', 'Antifa', '161', 'FCKNZS', 'FCKAFD']",2026-08-29,22-07-15,Saturday
321276886107,75346877,brawlhalla,460316,Brawlhalla,547,2026-08-29T15:00:25Z,en,"['Esports', 'fgc', 'English', 'fightinggames', 'Competitive', 'freetoplay', 'DropsEnabled']",2026-08-29,22-07-15,Saturday
316741597781,92630241,snax,21779,League of Legends,547,2026-08-29T11:58:08Z,pl,['Polski'],2026-08-29,22-07-15,Saturday
318464634598,89101690,krogmann,509663,Special Events,546,2026-08-29T14:37:41Z,de,"['Deutsch', 'English', 'nicenstein', 'Hamburg', 'feelgood']",2026-08-29,22-07-15,Saturday
321274976475,751561144,curly,1763844707,Aliens: Fireteam Elite 2,544,2026-08-29T10:59:38Z,en,"['English', 'Interactive', 'Chatty', 'ADHD', 'FirstPlaythrough', 'LGBTQIAPlus', 'Cosplay', 'Woman', 'Tattoos', 'BaldAlly']",2026-08-29,22-07-15,Saturday
316441500915,190948312,piro0520,493057,PUBG: BATTLEGROUNDS,542,2026-08-29T12:43:36Z,ja,['日本語'],2026-08-29,22-07-15,Saturday
316741530453,133606416,angelkacs,32399,Counter-Strike,542,2026-08-29T11:46:54Z,pl,['Polski'],2026-08-29,22-07-15,Saturday
318464236518,45912780,mistafaker,509658,Just Chatting,542,2026-08-29T13:59:47Z,ru,['Русский'],2026-08-29,22-07-15,Saturday
316768436182,156398011,revvez,18122,World of Warcraft,541,2026-08-29T05:16:55Z,en,"['PvE', 'English', 'DropsEnabled']",2026-08-29,22-07-15,Saturday
320148010464,442709328,suzy,509658,Just Chatting,540,2026-08-29T13:25:23Z,en,"['한국어', '台灣', '日本語', 'English', 'Korean', 'Girl', 'Asian', 'Dance', 'ddooyaa', '문뚜야']",2026-08-29,22-07-15,Saturday
317335133175,134522528,feelssunnyman,509658,Just Chatting,540,2026-08-28T21:00:06Z,en,"['English', 'kai', 'kaicenat', 'ishowspeed', 'speed', 'amp', 'jynxzi', 'caseoh', 'ron', 'stableronaldo']",2026-08-29,22-07-15,Saturday
318263163879,33734881,send0o,21779,League of Legends,540,2026-08-29T08:39:20Z,es,['Español'],2026-08-29,22-07-15,Saturday
320105797980,11558942,witwix,1584836809,Schedule I,539,2026-08-29T13:16:52Z,en,"['EsotericGamingForGeniuses', 'MeLikeVideoGames', 'DrippingGrease', 'AlabamaHammaSlamma', 'English']",2026-08-29,22-07-15,Saturday
316374205425,854833174,tentei_forte,735904419,ARK: Survival Ascended,539,2026-08-29T11:44:57Z,ja,"['vtuber', 'Neoporte', '日本語', '雑談', 'ネオポルテ', '女性']",2026-08-29,22-07-15,Saturday
321104838617,1290756804,madhousetv_,32399,Counter-Strike,537,2026-08-29T12:51:36Z,pt,"['FURIA', 'Português', 'madhouse', 'neymar', 'neymarjr', 'FURIAFC', 'cs', 'faceit', 'ohnepixel', 'BLAST']",2026-08-29,22-07-15,Saturday
316373822833,29923971,rainbrain,263490,Rust,536,2026-08-29T10:14:12Z,ja,['日本語'],2026-08-29,22-07-15,Saturday
315957550290,107025980,mishulika12,27546,World of Tanks,536,2026-08-29T06:39:24Z,en,"['WorldofTanks', '3marking', 'Gaming4Fun', 'English', 'chillingstream', 'Rerun', 'DropsEnabled']",2026-08-29,22-07-15,Saturday
317610606948,38824799,punkill,1478650472,Call of Duty: Modern Warfare 4,535,2026-08-29T10:22:32Z,fr,"['Français', 'MW4', 'callofduty', 'DropsActivés']",2026-08-29,22-07-15,Saturday
316373795313,646189802,3katiii,32982,Grand Theft Auto V,534,2026-08-29T10:06:07Z,ja,"['日本語', '鳩禁止', 'ストグラ', 'がくめん', 'ミカピトフーイ', 'みかちー']",2026-08-29,22-07-15,Saturday
320103128668,471070403,itsshonyx,509658,Just Chatting,533,2026-08-29T04:00:03Z,en,"['Singleplayer', 'vibes', 'gaming', 'English', 'gamergirl', 'DeadWeight', 'Chatter']",2026-08-29,22-07-15,Saturday
318828702325,95147903,pkennys,509672,IRL,532,2026-08-29T03:40:07Z,pt,"['CS2', 'Brasil', 'Alemanha', 'frança', 'Colombia', 'Português']",2026-08-29,22-07-15,Saturday
318262971111,485255924,pennymeowy,1429246898,A Weird Game About Sausage,532,2026-08-29T08:13:03Z,en,"['English', 'nerd', 'Chatty', 'Accent', 'FunnyAccent', 'yapping', 'Anniversary', 'subathon', 'DropsEnabled']",2026-08-29,22-07-15,Saturday
316441005171,552163752,niconini11369,516575,VALORANT,530,2026-08-29T11:13:25Z,zh,['中文'],2026-08-29,22-07-15,Saturday
318768878454,186079171,lulavlr,516575,VALORANT,530,2026-08-29T12:41:04Z,pt,"['Português', 'valorant', 'chamber', 'TryhardGameplay']",2026-08-29,22-07-15,Saturday
317586513250,49474235,misterjday,369418,GeoGuessr,528,2026-08-29T11:49:08Z,fr,['Français'],2026-08-29,22-07-15,Saturday
318769473014,748361965,ziriguidum777,29452,Virtual Casino,526,2026-08-29T14:57:41Z,pt,['Português'],2026-08-29,22-07-15,Saturday
318464197734,544353667,adlermannheim_official,509663,Special Events,525,2026-08-29T13:56:20Z,de,['Deutsch'],2026-08-29,22-07-15,Saturday
316441875059,176049386,tatsuki_drums,26936,Music,523,2026-08-29T13:54:01Z,ja,"['englIsh', 'English', 'MetalMusic', 'Rock', 'Pop', '日本人', '日本語', 'Drummer', 'drums']",2026-08-29,22-07-15,Saturday
316383070962,542380320,omu3omu,386821,Black Desert,523,2026-08-29T06:50:33Z,ja,"['日本語', '雑談', '黒い砂漠', 'BlackDesert', '검은사막', 'minecraft', 'Drops有効', 'buckshotroulette', 'ダレカレ']",2026-08-29,22-07-15,Saturday
318768768118,276285923,gzk_tips,29452,Virtual Casino,520,2026-08-29T12:01:51Z,pt,"['casssino', 'slots', 'cs2', 'bet', 'Português']",2026-08-29,22-07-15,Saturday
318830678645,930155017,thomasrgn,29452,Virtual Casino,520,2026-08-29T14:29:43Z,pt,"['Português', 'ingles', 'cassino', 'bet', 'slots', 'bancareal']",2026-08-29,22-07-15,Saturday
320007679198,124546038,sweatgod,27471,Minecraft,519,2026-08-29T03:45:19Z,en,"['uhc', 'hypixel', 'pvp', 'minecraft', 'mc', 'mcpvp', 'minecraftpvp', 'br', 'battleroyale', 'moneysmp']",2026-08-29,22-07-15,Saturday
317613947363,439004064,lev4nte_,493057,PUBG: BATTLEGROUNDS,518,2026-08-28T15:20:57Z,ru,['Русский'],2026-08-29,22-07-15,Saturday
317587118562,767965709,sotchi_riot,1669431183,DJs,517,2026-08-29T13:10:19Z,en,"['English', 'Français', 'Deutsch', 'Polski', 'DJ', 'Techno', 'ADHD', 'Girl', 'Woman', 'Cosplay']",2026-08-29,22-07-15,Saturday
316808245204,124432017,detoo,509658,Just Chatting,516,2026-08-28T16:01:17Z,no,"['Norsk', 'IRL']",2026-08-29,22-07-15,Saturday
316814914132,110812074,relaxcis,516575,VALORANT,514,2026-08-29T14:51:32Z,ru,"['Русский', 'valorant', 'deadinside', '89squad', 'Freak', 'masterscostream', 'Русский']",2026-08-29,22-07-15,Saturday
317610759780,119356722,slyders,138585,Hearthstone,512,2026-08-29T10:50:08Z,fr,['Français'],2026-08-29,22-07-15,Saturday
318401758053,103160818,zarah,509672,IRL,511,2026-08-29T13:53:43Z,de,"['Deutsch', 'Travel', 'IRL', 'german', 'Community', 'Female']",2026-08-29,22-07-15,Saturday
316769156694,68153844,near_you,1393304883,Mir Tankov,510,2026-08-29T09:00:12Z,ru,"['mirtankov', 'миртанков', 'танки', 'nearyou', 'WorldofTanks', 'tanks', 'Русский']",2026-08-29,22-07-15,Saturday
318262492135,8822303,overpow,1050003477,The Elder Scrolls V: Skyrim - Special Edition,510,2026-08-29T06:59:09Z,pl,['Polski'],2026-08-29,22-07-15,Saturday
319020410583,163168110,eido,2132205352,Deadlock,509,2026-08-28T22:08:31Z,en,"['meow', 'mexican', 'English', 'Asian']",2026-08-29,22-07-15,Saturday
315986031571,456427110,beatportofficial,1669431183,DJs,507,2026-08-29T13:42:59Z,en,"['UK', 'English', 'techhouse']",2026-08-29,22-07-15,Saturday
317620217443,92064933,mrlev12,1478650472,Call of Duty: Modern Warfare 4,507,2026-08-29T09:01:41Z,fr,"['CALLOFDUTY', 'MRLEV12', 'Blackops2', 'BO2', 'blackops6', 'bo6', 'mw4', 'modernwarfare4', 'Français']",2026-08-29,22-07-15,Saturday
318264162535,189277274,dayra1se,491931,Escape from Tarkov,506,2026-08-29T10:51:54Z,pl,"['Polski', 'DropyWłączone']",2026-08-29,22-07-15,Saturday
316741599445,180080030,kiratank_tv,18122,World of Warcraft,500,2026-08-29T11:58:31Z,en,"['WoW', 'WorldofWarcraft', 'English', 'highkeys', 'tanks', 'TheWarWithin', 'Midnight', 'midnightbeta', 'DropsEnabled']",2026-08-29,22-07-15,Saturday
315958336594,32920392,paulinpelivideot,1820839024,MECCHA CHAMELEON,498,2026-08-29T12:32:17Z,fi,"['Suomi', 'Speedrun', 'roleplaying', 'Roolipelit', 'uwu', 'CatGirlsareruiningmylife']",2026-08-29,22-07-15,Saturday
318464632550,30805171,srserpiente,509658,Just Chatting,498,2026-08-29T14:37:33Z,es,"['Español', 'srserpiente', 'survival', 'survivalgame', 'dayz', 'arma3', 'southpark', 'subnautica2', '007firstlight']",2026-08-29,22-07-15,Saturday
317619642979,25084072,fragnance,18122,World of Warcraft,496,2026-08-29T06:07:20Z,en,"['devourer', 'rwf', 'racetoworldsfirst', 'pve', 'best', 'mdi', 'tgp', 'mythic', 'English', 'DropsEnabled']",2026-08-29,22-07-15,Saturday
316138557676,540610754,delb1x,29452,Virtual Casino,496,2026-08-29T14:51:46Z,ru,['Русский'],2026-08-29,22-07-15,Saturday
318263822951,52616898,imsofresh,21779,League of Legends,496,2026-08-29T10:06:54Z,fr,['Français'],2026-08-29,22-07-15,Saturday
316742188373,53607259,themainmanswe,538054672,TEKKEN 8,495,2026-08-29T13:18:36Z,en,['English'],2026-08-29,22-07-15,Saturday
318265032551,42752410,gwinglade,509658,Just Chatting,495,2026-08-29T12:31:05Z,ru,"['Русский', 'Variety', 'Travel', 'cozygaming', '1HP', 'minecraft', 'geoguessr']",2026-08-29,22-07-15,Saturday
318261996391,36930822,xerwo,18122,World of Warcraft,495,2026-08-29T05:16:48Z,en,"['PvE', 'Raid', 'MythicPlus', 'warlock', 'wow', 'mythic', 'English', 'worldofwarcraft', 'DropsEnabled']",2026-08-29,22-07-15,Saturday
316442048371,584142703,1code_a,32982,Grand Theft Auto V,495,2026-08-29T14:32:08Z,ja,"['日本語', 'あげいん', '三島改', 'ストグラ', 'SHIRAHA']",2026-08-29,22-07-15,Saturday
316814104404,983363590,influsytzy,32982,Grand Theft Auto V,494,2026-08-29T12:52:21Z,ru,"['Русский', 'gta']",2026-08-29,22-07-15,Saturday
318402020325,455739128,lilekoridze,743,Chess,494,2026-08-29T14:18:17Z,en,"['Woman', 'English', 'Grandmaster', 'chess', 'chessstreamer', 'chessgirl', 'redhair']",2026-08-29,22-07-15,Saturday
316374644465,906632893,yuki_asmr,509659,ASMR,492,2026-08-29T12:59:03Z,ja,"['Japanese', 'Vtuber', '日本語', 'earlicking', 'asmr', '耳舐め', '脳舐め', '両耳舐め', 'バ美肉']",2026-08-29,22-07-15,Saturday
317611531364,237440224,cabolo,509658,Just Chatting,492,2026-08-29T12:32:21Z,es,"['Español', 'latino', 'MMORPG', 'onlinegames', 'cabolo', 'gaming']",2026-08-29,22-07-15,Saturday
316383529714,208760543,rainbow6jp,460630,Rainbow Six Siege,490,2026-08-29T09:04:04Z,ja,"['r6s', '日本語', 'RSM', 'r6mobile', 'シージ', 'レインボーシックスシージ', 'R6S', 'r6siege', 'プロリーグ']",2026-08-29,22-07-15,Saturday
317610950500,123293742,dankol83,509658,Just Chatting,489,2026-08-29T11:16:37Z,it,"['Italiano', 'ridere', 'giochi', 'VETRINA', 'English', 'inter', 'calcio', 'cucina', 'cinema']",2026-08-29,22-07-15,Saturday
316741642197,603539125,mrcratedigger,1669431183,DJs,488,2026-08-29T12:04:17Z,en,"['DJ', 'Funk', 'RnB', 'HipHop', 'Jazz', 'Reggae', 'English', 'SoulMusic', 'Disco', 'NeoSoul']",2026-08-29,22-07-15,Saturday
321271939547,1477150936,shirokuma_tsurara,263490,Rust,488,2026-08-29T04:39:05Z,ja,"['女性Vtuber', 'REJECT', '日本語']",2026-08-29,22-07-15,Saturday
319010962135,209270984,fanta,602040818,NBA 2K27,488,2026-08-28T02:17:59Z,en,"['English', 'DropsEnabled']",2026-08-29,22-07-15,Saturday
317611599076,97189013,rasmelthor,30921,Rocket League,488,2026-08-29T12:41:19Z,fr,"['Français', 'Esports', 'rocketleague', 'RLEsports', 'TopAchat', 'Holy']",2026-08-29,22-07-15,Saturday
317587590882,47446321,max_fewtrell,478407715,Arma Reforger,487,2026-08-29T14:11:27Z,en,['English'],2026-08-29,22-07-15,Saturday
316384788466,127357428,mrlo_tw,500628,Witchfire,486,2026-08-29T13:36:38Z,zh,"['中文', '惡人谷']",2026-08-29,22-07-15,Saturday
315957778130,435392834,pepe_the_rarest,32982,Grand Theft Auto V,484,2026-08-29T08:38:19Z,en,"['Chilling', 'RP', 'English', 'GTARP', 'old', 'Improv', 'dyslexic', 'ProdigyRP', 'rpgta', 'chaseRP']",2026-08-29,22-07-15,Saturday
318263468519,28447375,skifolk,509672,IRL,482,2026-08-29T09:19:36Z,ru,"['skifolk', 'скифолк', 'survivalgames', 'eft', 'Русский']",2026-08-29,22-07-15,Saturday
318265447015,592513880,tantechantii,509672,IRL,482,2026-08-29T13:14:40Z,de,['Deutsch'],2026-08-29,22-07-15,Saturday
321170002522,409811041,chuflocka,670138298,Madden NFL 27,482,2026-08-29T13:02:48Z,en,['English'],2026-08-29,22-07-15,Saturday
318263425127,30477732,yaraskygaming,509672,IRL,482,2026-08-29T09:14:22Z,nl,"['Nederlands', 'CallofDuty', 'CODNEXT', 'Multiplayer']",2026-08-29,22-07-15,Saturday
318401824101,113537067,harmii,516575,VALORANT,481,2026-08-29T14:00:17Z,de,"['Deutsch', 'radiant']",2026-08-29,22-07-15,Saturday
318400470885,133621591,wakayashi,386821,Black Desert,480,2026-08-29T11:47:33Z,de,"['MMORPG', 'MMO', 'Deutsch', 'English', 'sauercrowd', 'DropsAktiviert']",2026-08-29,22-07-15,Saturday
316030544106,153894155,nhon_thestar,386821,Black Desert,480,2026-08-29T12:53:39Z,th,"['PvP', 'ภาษาไทย', 'ไทย', 'Asia', 'Sea', 'ใช้Dropsได้']",2026-08-29,22-07-15,Saturday
318463287782,601268731,sanhez,27471,Minecraft,480,2026-08-29T12:32:13Z,ru,"['Майнкрафт', 'Украинский', 'Санчез', 'манипуляция', 'кукловод', 'тёмнаяпсихология', 'сигма', 'Ukraine', 'Русский']",2026-08-29,22-07-15,Saturday
317586327266,557148694,couriway,27471,Minecraft,480,2026-08-29T11:17:50Z,en,"['English', 'Ally', 'noreset', 'Speedrun', 'couriway']",2026-08-29,22-07-15,Saturday
318400608741,83135831,kaaaay,31339,Project Zomboid,479,2026-08-29T12:02:00Z,de,"['Deutsch', 'gaming', 'ARK']",2026-08-29,22-07-15,Saturday
320147826272,75975979,amazonian,2748,Magic: The Gathering,479,2026-08-29T13:00:02Z,en,"['LGBTQIAPlus', 'English', 'Casual', 'TCG', 'TradingCardGames', 'Chill', 'Transformers', 'PositiveVibes', 'cat', 'Boston']",2026-08-29,22-07-15,Saturday
315968933096,526538225,kwoli,509658,Just Chatting,476,2026-08-29T13:27:52Z,en,"['Australia', 'JustChatting', 'Chatty', 'English', 'Chat', 'Aussie', 'latenightgaming', 'GTA']",2026-08-29,22-07-15,Saturday
318398316005,522200939,rubaz,509672,IRL,475,2026-08-29T06:41:28Z,de,"['German', 'IRL', 'Deutsch', 'English', 'travel', 'Backpacking', 'Adventure', 'Asia', 'Afghanistan']",2026-08-29,22-07-15,Saturday
320135481056,744524245,pinityy,27471,Minecraft,475,2026-08-28T18:34:01Z,en,"['English', 'moneysmp', 'minecraft', 'PvP', 'pvphq', 'moneysmprookies', 'BlissSMP', 'rankedsmp']",2026-08-29,22-07-15,Saturday
316375019505,1377307621,yumenikkicirus,509659,ASMR,475,2026-08-29T14:12:05Z,ja,"['日本語', 'VTuber', '初見さん大歓迎です', '気軽にコメントしてね']",2026-08-29,22-07-15,Saturday
320148839008,56865374,barbarousking,674491029,Star Wars Zero Company,475,2026-08-29T15:00:05Z,en,"['English', 'BaldWelcome', 'Kaizo', 'GorillaWins', 'memberofparliament', 'bauserhaus']",2026-08-29,22-07-15,Saturday
321254937563,555601967,elcamacho24,509658,Just Chatting,474,2026-08-28T04:04:27Z,es,"['Español', 'Latino', 'México']",2026-08-29,22-07-15,Saturday
316384593906,496970086,shibuya_kaho,30740,The Walking Dead,474,2026-08-29T13:00:55Z,ja,"['English', 'Japan', 'Japanese', '日本語']",2026-08-29,22-07-15,Saturday
320010885342,61765204,xenosysvex,26476,TERA,474,2026-08-29T12:34:15Z,en,"['English', 'bald', 'FFXIV', 'tank']",2026-08-29,22-07-15,Saturday
318464847974,43281991,dear_hellgirl,509658,Just Chatting,474,2026-08-29T14:58:33Z,ru,"['Vtuber', 'Втубер', 'Витубер', 'Русский', 'Аниме', 'ruvtuber', 'девушка']",2026-08-29,22-07-15,Saturday
316374744561,451955490,vincennt,2009321156,Dark and Darker,473,2026-08-29T13:15:04Z,en,"['日本語', 'English']",2026-08-29,22-07-15,Saturday
318464374374,49901658,serpent,509672,IRL,472,2026-08-29T14:11:51Z,nl,"['Nederlands', 'serpentgameplay', 'rickbroers', 'ruziemaken']",2026-08-29,22-07-15,Saturday
316382632690,407389031,ninja_inui,263490,Rust,472,2026-08-29T04:47:30Z,ja,"['日本語', 'アドバイス禁止', 'ネタバレ禁止']",2026-08-29,22-07-15,Saturday
317333581303,933366019,tbvnks,509672,IRL,472,2026-08-28T15:02:43Z,en,"['tbvnks', 'English']",2026-08-29,22-07-15,Saturday
316030820458,546317180,osiimivt,509659,ASMR,472,2026-08-29T14:05:53Z,en,"['DropsEnabled', 'English', 'envtuber', 'asmr', 'mommy']",2026-08-29,22-07-15,Saturday
318263871591,30264374,terenas,21779,League of Legends,472,2026-08-29T10:14:04Z,it,"['Italiano', 'Autistico', 'ADHD', 'chill', 'Esports', 'Competitive']",2026-08-29,22-07-15,Saturday
316383965810,673440976,im_mittiii,263490,Rust,472,2026-08-29T11:03:48Z,ja,['日本語'],2026-08-29,22-07-15,Saturday
318401653989,20969023,beastyqt,498482,Age of Empires IV,471,2026-08-29T13:43:02Z,en,"['RTS', 'GAMER', 'English']",2026-08-29,22-07-15,Saturday
320147605088,86173373,kittybesilly,509659,ASMR,470,2026-08-29T12:27:54Z,en,"['ASMR', 'VisualASMR', 'Yapper', 'VRChat', 'Pokemon', 'Canadian', 'LGBTQ', 'SafeSpace', 'Vtuber', 'Cozy']",2026-08-29,22-07-15,Saturday
316814146644,187669658,albino,1169827,Quasimorph,470,2026-08-29T12:58:29Z,en,['English'],2026-08-29,22-07-15,Saturday
319028091479,1176145062,gracehan_,509672,IRL,469,2026-08-29T07:24:32Z,en,"['korean', 'Australia', 'English', 'Sydney', 'asian', 'food', 'alcohol']",2026-08-29,22-07-15,Saturday
317587922402,93740128,beyaz,516575,VALORANT,468,2026-08-29T14:48:20Z,fr,['Français'],2026-08-29,22-07-15,Saturday
316742408533,1077117441,filtrbob,983841243,Off The Grid,468,2026-08-29T13:48:05Z,en,"['English', 'russıan', 'OffTheGrid']",2026-08-29,22-07-15,Saturday
315449242222,139482710,kant0211,516575,VALORANT,468,2026-08-29T08:58:15Z,zh,"['中文', '動作', 'fps']",2026-08-29,22-07-15,Saturday
318463243622,53268737,crownie_lol,21779,League of Legends,466,2026-08-29T12:28:16Z,en,['English'],2026-08-29,22-07-15,Saturday
321169619418,37105711,rickymainia,509672,IRL,466,2026-08-29T11:54:31Z,de,"['Deutsch', 'IRL', 'Crêpes', 'Events', 'Messen', 'EssenundTrinken', 'Schausteller', 'Ricky', 'Rickymania', 'NextLevelNation']",2026-08-29,22-07-15,Saturday
318265255143,93914461,cooldee__,491931,Escape from Tarkov,466,2026-08-29T12:55:43Z,en,"['English', 'Chad', 'sweaty', 'DropsEnabled']",2026-08-29,22-07-15,Saturday
320146129888,477885912,bullet,602040818,NBA 2K27,465,2026-08-29T07:36:02Z,en,"['English', 'DropsEnable', 'dropson']",2026-08-29,22-07-15,Saturday
318399053925,1391666284,lebwa_bb,1393304883,Mir Tankov,463,2026-08-29T08:48:41Z,ru,"['Русский', 'миртанков']",2026-08-29,22-07-15,Saturday
316814266580,116528496,givinglifetop,18122,World of Warcraft,463,2026-08-29T13:15:15Z,ru,"['Русский', 'DropsEnable', 'Mykas', 'PvE', 'MythicPlusKeys', 'English', 'DropsВключены']",2026-08-29,22-07-15,Saturday
318830434933,44114966,furq,512953,ELDEN RING,463,2026-08-29T13:30:03Z,pt,"['Português', 'Radiante', 'Romantico', 'Tapas', 'iEsse', 'Reposição']",2026-08-29,22-07-15,Saturday
321245923035,56648155,twitchplayspokemon,13332,Pokémon FireRed/LeafGreen,461,2026-08-27T19:34:12Z,en,"['English', 'TwitchPlays', 'Pokemon', 'OCE', 'AlwaysOn', 'AlwaysOnline']",2026-08-29,22-07-15,Saturday
316374809585,651640541,boiraischerry,32982,Grand Theft Auto V,459,2026-08-29T13:27:40Z,ja,"['日本語', '父ノ背中', 'ボイラ', 'BOIRA', 'ストグラ']",2026-08-29,22-07-15,Saturday
318768403702,908202927,puggzao,32399,Counter-Strike,459,2026-08-29T08:49:56Z,pt,"['slots', 'cs2', 'fivem', 'valorant', 'Português']",2026-08-29,22-07-15,Saturday
318768866166,58332364,titiltei,21779,League of Legends,458,2026-08-29T12:37:08Z,pt,['Português'],2026-08-29,22-07-15,Saturday
320010714974,30227322,solorenektononly,21779,League of Legends,457,2026-08-29T11:58:19Z,en,"['Bald', 'GoblinMode', 'TopLane', 'English', 'top', 'renekton', 'League', 'leagueoflegeneds', 'leaguestreams', 'UNC']",2026-08-29,22-07-15,Saturday
316740554325,610328945,liivgames,982017546,Palia,455,2026-08-29T09:03:26Z,en,"['Welcoming', 'English', 'Norway', 'Community', 'Palia', 'LGBTQIAPlusFriendly', 'PlayingwithViewers', 'cozygaming', 'ChillVibes', 'PlushieHunting']",2026-08-29,22-07-15,Saturday
316384818546,55664807,lilybbb1,509658,Just Chatting,455,2026-08-29T13:43:00Z,zh-hk,"['戶外台', '國語', '粵語']",2026-08-29,22-07-15,Saturday
318463371110,98827681,tankelit,27546,World of Tanks,454,2026-08-29T12:40:37Z,hu,"['Magyar', 'DropokEngedélyezve']",2026-08-29,22-07-15,Saturday
316768590038,40459081,exmagistr,416015,Hero Siege,453,2026-08-29T06:19:03Z,ru,"['Русский', 'APRG', 'English', 'RPG', 'DropsВключены']",2026-08-29,22-07-15,Saturday
320011384414,62539945,j_alexander_hs,138585,Hearthstone,453,2026-08-29T13:53:51Z,en,['English'],2026-08-29,22-07-15,Saturday
316374008561,1379743995,amikotoash,513949,Little Nightmares II,452,2026-08-29T11:01:09Z,en,"['English', 'Vtuber', '男性Vtuber', '新人Vtuber', '日本語', 'Japanese', 'ENVtuber', 'MaleVtuber']",2026-08-29,22-07-15,Saturday
317610135780,40729999,damdamlive,247838891,Taiko no Tatsujin: Drum 'n' Fun!,452,2026-08-29T08:45:10Z,fr,"['fr', 'discussion', 'français', 'damdamlive', 'chill', 'Français']",2026-08-29,22-07-15,Saturday
317609371875,1368257971,badgecollectors,509658,Just Chatting,451,2026-08-27T21:47:29Z,en,"['English', 'DropsEnabled', 'Charmander', 'Bulbasaur', 'Pichu', 'Squirtle']",2026-08-29,22-07-15,Saturday
317585219810,75373669,gius,489335,Outer Wilds,451,2026-08-29T07:51:21Z,fr,"['Français', 'Détente', 'Sport', 'Fitness', 'Multigaming', 'fps', 'MMORPG', 'DropsActivés']",2026-08-29,22-07-15,Saturday
316741916117,597683200,ssskandal1st,32399,Counter-Strike,451,2026-08-29T12:44:41Z,ru,['Русский'],2026-08-29,22-07-15,Saturday
317611729636,36468444,glubbable,499003,VRChat,450,2026-08-29T12:59:07Z,en,"['English', 'Anime', 'VR', 'VTuber', 'Fox', 'Girl', 'VRChat', 'ASMR', 'Brat', 'DeadWeight']",2026-08-29,22-07-15,Saturday
318902281076,908203379,ggthhay,29452,Virtual Casino,450,2026-08-29T11:53:57Z,pt,"['Português', 'sonaconversa', 'IRL', 'virtualcasino']",2026-08-29,22-07-15,Saturday
317609786596,948558483,xalisa,2104758320,The First Descendant,449,2026-08-29T07:02:37Z,en,"['English', 'alisa', 'tfd', 'thefirstdescendant', 'DropsEnabled']",2026-08-29,22-07-15,Saturday
315969257192,147426281,yousayix,509658,Just Chatting,449,2026-08-29T14:46:43Z,th,"['คุยสบาย', 'ไทย', 'ภาษาไทย', 'เล่นกับเพื่อน', 'Thai', 'SpoilersNotAllowed']",2026-08-29,22-07-15,Saturday
317621847651,136407068,elmiillor2,21779,League of Legends,448,2026-08-29T13:25:51Z,es,['Español'],2026-08-29,22-07-15,Saturday
318463033062,52366519,bastelnerd,509670,Science & Technology,447,2026-08-29T12:08:23Z,de,"['Denglisch', 'BastelNerd', 'Deutsch', 'PCBuilding', 'gamingpcbuilding', 'PCHardware', 'nerdy']",2026-08-29,22-07-15,Saturday
317620597859,618764474,badgecollectordrops,490655,Pokémon GO,447,2026-08-29T10:16:04Z,en,"['English', 'Espàñol', 'drops', 'Badge', 'BadgeCollectors', 'StreamDatabase', 'Badges', 'TwitchBadge', 'pokemon', 'Deutsch']",2026-08-29,22-07-15,Saturday
317621773539,879861299,valorant_es,516575,VALORANT,447,2026-08-29T13:15:32Z,es,['Español'],2026-08-29,22-07-15,Saturday
320148508256,65521367,playful,1832641890,MLB The Show 26,444,2026-08-29T14:24:36Z,en,['English'],2026-08-29,22-07-15,Saturday
320147125728,29822833,mortalsmurph,394568,RimWorld,444,2026-08-29T10:58:19Z,en,"['English', 'QuestionsWelcome', 'NoBadPuns', 'Guides']",2026-08-29,22-07-15,Saturday
321105495897,124522316,nanogenix,489405,Dragon Ball Z: Dokkan Battle,444,2026-08-29T14:14:10Z,en,"['Nanogenix', 'DOKKAN', 'English', 'DBZ', 'dragonball', 'dblegends', 'dbs']",2026-08-29,22-07-15,Saturday
316812690772,29128211,browjey,1735094656,Tetris Effect: Connected,444,2026-08-29T08:32:40Z,ru,['Русский'],2026-08-29,22-07-15,Saturday
318401881701,638064128,whiskey_project,509658,Just Chatting,443,2026-08-29T14:04:50Z,en,"['Netherlands', 'Tomboy', 'Guns', 'VTuber', 'Chaotic', 'ENVTuber', 'Operator', 'PMC', 'Spats', 'English']",2026-08-29,22-07-15,Saturday
321276231771,600627573,tiempodejuegocope,518203,Sports,441,2026-08-29T14:03:40Z,es,"['ENDIRECTO', 'TIEMPODEJUEGO', 'laliga', 'futbolespañol', 'Español', 'PRIMERADIVISION', 'DEPORTES', 'realmadrid', 'realsociedad', 'rm']",2026-08-29,22-07-15,Saturday
316441206899,867874838,rinalucsper,18893,Metal Gear Solid 4: Guns of the Patriots,441,2026-08-29T11:55:12Z,en,"['brat', 'menhera', 'NEET', 'imouto', 'Vtuber', 'cutenfunny', 'schizophrenic', 'mentallyunstable', 'English', 'girlfriendexperience']",2026-08-29,22-07-15,Saturday
315939812177,46858028,tmemoryy,1478650472,Call of Duty: Modern Warfare 4,441,2026-08-29T06:25:19Z,en,"['English', 'Multiplayer', 'UK', 'DropsEnabled']",2026-08-29,22-07-15,Saturday
315941050193,693307687,tenshi,516575,VALORANT,440,2026-08-29T15:02:07Z,en,"['English', 'british', 'RaspyEboyVoice', 'cosplay', 'competitive', 'Educational', 'lostcause', 'uncoachable', 'femboy', 'FemboyEnjoyer']",2026-08-29,22-07-15,Saturday
318401267941,65759224,nieuczesana,513143,Teamfight Tactics,440,2026-08-29T13:03:17Z,pl,['Polski'],2026-08-29,22-07-15,Saturday
317621827683,156643179,caramelooficial,460630,Rainbow Six Siege,438,2026-08-29T13:22:53Z,es,"['Español', 'DROPS', 'DropsActivados']",2026-08-29,22-07-15,Saturday
317621586915,43304416,hawnktv,18122,World of Warcraft,437,2026-08-29T12:53:01Z,es,"['Classic', 'Español', 'tbcanniversary', 'TBC', 'TBCHARDCORE', 'wowclassic', 'DropsActivados']",2026-08-29,22-07-15,Saturday
321087291225,581721883,lolworldchampionship,21779,League of Legends,437,2026-08-28T07:18:26Z,en,"['rebroadcast', 'LeagueofLegends', 'MSI', 'LoLWorlds', 'English', 'Charity']",2026-08-29,22-07-15,Saturday
318464307558,484698242,ronin,27471,Minecraft,436,2026-08-29T14:05:26Z,en,"['English', 'Netherlands', 'minecraft', 'PvP', 'Hoplite', 'stray', 'moneysmp', 'UHC', 'MSMP']",2026-08-29,22-07-15,Saturday
317612229476,232641514,absizee,29595,Dota 2,436,2026-08-29T14:01:47Z,ru,['Русский'],2026-08-29,22-07-15,Saturday
318461288934,568555351,kirtscho,509658,Just Chatting,436,2026-08-29T08:39:26Z,de,['Deutsch'],2026-08-29,22-07-15,Saturday
318463816038,544788954,cpentagon,512710,Call of Duty: Warzone,435,2026-08-29T13:20:47Z,de,"['Deutsch', 'WSOW', 'mw4', 'warzone', 'modernwarfare4', 'cod', 'cpentagon', 'MW4Beta']",2026-08-29,22-07-15,Saturday
316812180820,808203756,r2cronus,502829,R2 Online: Reign of Revolution,435,2026-08-29T05:54:15Z,ru,"['Русский', 'R2Online']",2026-08-29,22-07-15,Saturday
320147012960,1091480461,luna__saki,509672,IRL,434,2026-08-29T10:36:42Z,de,"['English', 'Deutsch', 'german', 'Asian', 'art', 'Crocheting', 'IRL']",2026-08-29,22-07-15,Saturday
316373787633,782231634,desudoc,32982,Grand Theft Auto V,434,2026-08-29T10:03:22Z,ja,"['日本語', 'ネタバレ・鳩はお控えください', 'シングルタスク', '独り言多め']",2026-08-29,22-07-15,Saturday
315958259538,137002416,arkvenger_tv,71375,Star Citizen,434,2026-08-29T12:00:59Z,es,"['Español', 'StarCitizen', 'MMO', 'Humo', 'Noticias', 'Inglés']",2026-08-29,22-07-15,Saturday
318464209254,54818023,albiononline,417528,Albion Online,434,2026-08-29T13:57:26Z,en,"['English', 'DropsEnabled']",2026-08-29,22-07-15,Saturday
318463222246,245707668,suhoyq,32982,Grand Theft Auto V,433,2026-08-29T12:26:11Z,ru,"['Русский', 'gta5rp', 'гта5рп', 'Украинский']",2026-08-29,22-07-15,Saturday
317612642660,274440537,poneeeyclub,518203,Sports,433,2026-08-29T14:49:08Z,fr,"['Français', 'rugby', 'gaming', 'masterclass', 'quiz', 'sports', 'PtitBuro']",2026-08-29,22-07-15,Saturday
316814546132,93627181,dimass5,32399,Counter-Strike,433,2026-08-29T13:57:31Z,ru,"['Русский', 'сигма', 'faceit', 'скинызабаллы', 'кс2', 'гений', 'Крутой', 'ДимаДубайский']",2026-08-29,22-07-15,Saturday
317586836834,151874024,rhobalas_lol,21779,League of Legends,432,2026-08-29T12:33:20Z,fr,"['Français', 'Fin', 'Frérot', 'C', 'Sad', 'VelKoz', 'Geometre', 'TCG']",2026-08-29,22-07-15,Saturday
316741314901,108010031,likainenharritv,509672,IRL,432,2026-08-29T11:11:07Z,fi,"['Suomi', 'IRL', 'Dysfasia', 'English', 'Lapland', 'gamer', 'Finland', 'laavu', 'summer', 'magnetfishing']",2026-08-29,22-07-15,Saturday
318461852262,92072223,ortis,31339,Project Zomboid,431,2026-08-29T09:59:55Z,pl,"['Siłacz', 'Reaction', 'content', 'xdd', 'otp', 'leveling', 'Polski']",2026-08-29,22-07-15,Saturday
316814014036,619688409,clayton_57,491931,Escape from Tarkov,431,2026-08-29T12:37:33Z,ru,"['клэйтон', 'tarkov', 'тарков', 'escapefromtarkov', 'Русский', 'DropsВключены']",2026-08-29,22-07-15,Saturday
316770333910,60177334,helllight111,12839,Heroes of Might and Magic III: The Restoration of Erathia,430,2026-08-29T12:52:07Z,ru,"['Русский', 'heroes3']",2026-08-29,22-07-15,Saturday
317611837028,1310426148,deliverthefood,509672,IRL,429,2026-08-29T13:12:00Z,en,"['Biking', 'IRL', 'delivery', 'English', 'Cycling', 'Deliveroo', 'UberEats', 'Ebike', 'Guildford']",2026-08-29,22-07-15,Saturday
316814572116,1117571588,whonot1ced,1991115310,Forza Horizon 6,429,2026-08-29T14:00:35Z,ru,"['Русский', 'English', 'game']",2026-08-29,22-07-15,Saturday
318464684006,28635446,mrtweeday,32399,Counter-Strike,428,2026-08-29T14:42:53Z,en,['English'],2026-08-29,22-07-15,Saturday
316384736370,644963197,ajak0n,491931,Escape from Tarkov,428,2026-08-29T13:26:52Z,ja,['日本語'],2026-08-29,22-07-15,Saturday
320105775324,25812266,buttsoap,18122,World of Warcraft,427,2026-08-29T13:13:22Z,en,"['English', 'DropsEnabled']",2026-08-29,22-07-15,Saturday
318401082469,916028465,felikah,509672,IRL,426,2026-08-29T12:46:48Z,de,"['Deutsch', 'gaming', '7tv', 'Ragebait', 'Wutköder', 'Satire']",2026-08-29,22-07-15,Saturday
316374812913,646799740,barukodayo,32982,Grand Theft Auto V,426,2026-08-29T13:28:23Z,ja,"['ストグラ', 'GTAⅤ', '山田パルコ', 'うさぎさん', '日本語', 'TRPG', '歌枠', '雑談', 'FF14', 'Drop有効']",2026-08-29,22-07-15,Saturday
318461922534,72624805,150k,32399,Counter-Strike,426,2026-08-29T10:07:29Z,en,"['English', 'Deutsch', 'CS2', 'lvl10', 'Switzerland', 'Competitive', 'fps', 'german', 'Schweiz']",2026-08-29,22-07-15,Saturday
316374585585,1208952277,kirishimajack,32982,Grand Theft Auto V,425,2026-08-29T12:48:58Z,ja,"['日本語', 'ストグラ']",2026-08-29,22-07-15,Saturday
319029922775,66243419,inspire,516575,VALORANT,424,2026-08-29T12:46:17Z,en,"['English', 'radiant', 'valorant']",2026-08-29,22-07-15,Saturday
317602986852,940798321,thepeoplespundit,509672,IRL,424,2026-08-28T16:00:44Z,en,"['English', 'UK', 'Football']",2026-08-29,22-07-15,Saturday
316742201685,31455967,fotonych,1083036494,Assetto Corsa EVO,423,2026-08-29T13:20:25Z,ru,['Русский'],2026-08-29,22-07-15,Saturday
317586574050,99121518,torro,31339,Project Zomboid,423,2026-08-29T11:57:46Z,de,['Deutsch'],2026-08-29,22-07-15,Saturday
318902303604,150712929,kaiovtt,32399,Counter-Strike,423,2026-08-29T12:02:17Z,pt,"['Português', 'EngIish']",2026-08-29,22-07-15,Saturday
318263986535,118288907,pwnage,516575,VALORANT,421,2026-08-29T10:29:17Z,tr,"['Türkçe', 'MMORPG', 'JustChatting', 'RiseOnline']",2026-08-29,22-07-15,Saturday
320147551456,123131262,dgr_dave,493997,Super Mario Odyssey,421,2026-08-29T12:19:15Z,en,"['frog', 'FutureAmish', 'rumspringa', 'humble', 'English', 'GirlDad', 'BadSpeler', 'FamilyFriendlyish', 'Randomizer']",2026-08-29,22-07-15,Saturday
317612458980,48437708,mrsoki,1478650472,Call of Duty: Modern Warfare 4,421,2026-08-29T14:28:19Z,es,"['callofduty', 'cod', 'soki', 'mrsoki', 'mejor', 'españa', 'español', 'latam', 'nuclear', 'Español']",2026-08-29,22-07-15,Saturday
316384099058,86282366,kamango0857,509658,Just Chatting,421,2026-08-29T11:33:23Z,zh,['中文'],2026-08-29,22-07-15,Saturday
316814324052,121826140,bairoghaan,386821,Black Desert,420,2026-08-29T13:23:50Z,en,"['English', 'DropsEnabled']",2026-08-29,22-07-15,Saturday
316814701268,409168192,bartolio77,32982,Grand Theft Auto V,420,2026-08-29T14:19:10Z,ru,"['gta5', 'gta5rp', 'Русский', 'Повтор']",2026-08-29,22-07-15,Saturday
316763975894,1452895933,orangemorangeslots,498566,Slots,420,2026-08-28T14:54:51Z,de,['Deutsch'],2026-08-29,22-07-15,Saturday
318462120422,90631404,mystery_blue,509672,IRL,419,2026-08-29T10:31:52Z,de,"['Outdoors', 'Deutsch', 'IRL', 'mcdonalds', 'gaming', 'latenightgaming', 'latenightstream', 'IchLiebeAramsi', 'OnlyVans']",2026-08-29,22-07-15,Saturday
318752710262,181077473,gaules,31339,Project Zomboid,419,2026-08-27T17:29:33Z,pt,['Português'],2026-08-29,22-07-15,Saturday
315968669416,30141561,zondalol,515025,Overwatch,419,2026-08-29T12:29:21Z,zh,['中文'],2026-08-29,22-07-15,Saturday
317587493858,38211482,marinelord,498482,Age of Empires IV,418,2026-08-29T13:59:32Z,fr,['Français'],2026-08-29,22-07-15,Saturday
318461640678,261668726,lev_britvaaa,1478650472,Call of Duty: Modern Warfare 4,418,2026-08-29T09:30:52Z,ru,"['LEV', 'BRITVA', 'Русский', 'Олимпиец', 'English', 'DropsВключены']",2026-08-29,22-07-15,Saturday
320010786910,146550248,amishzed,31339,Project Zomboid,417,2026-08-29T12:14:11Z,en,"['survival', 'english', 'zombies', 'English', 'twingus', 'firstpersonshooter', 'survivalgame', 'DayZ', 'totallyarealpro']",2026-08-29,22-07-15,Saturday
317340119287,266931130,zexltyy,490655,Pokémon GO,416,2026-08-29T13:34:10Z,en,['English'],2026-08-29,22-07-15,Saturday
316812672596,48910189,koordinata,509658,Just Chatting,416,2026-08-29T08:27:26Z,ru,"['Русский', 'необъяснимыйПриколдес', 'ухахатбл', 'фильм', 'игры', 'сквернословие']",2026-08-29,22-07-15,Saturday
315958347090,80789830,alvini98,518203,Sports,415,2026-08-29T12:35:08Z,pt,"['crypto', 'finanças', 'educação', 'desporto', 'Português', 'Futebol', 'Ronaldo', 'FutebolAoVivo']",2026-08-29,22-07-15,Saturday
316030684394,1529930712,krating789live,498566,Slots,414,2026-08-29T13:27:37Z,en,['English'],2026-08-29,22-07-15,Saturday
316741684181,491802186,inseq,491931,Escape from Tarkov,414,2026-08-29T12:10:39Z,ru,"['Русский', 'EFT', 'шутер', 'DropsВключены']",2026-08-29,22-07-15,Saturday
316383520370,796996233,mtoshii,512354,Others,414,2026-08-29T09:01:39Z,ja,['日本語'],2026-08-29,22-07-15,Saturday
318752531574,438686523,trollzinha,386821,Black Desert,413,2026-08-27T17:00:09Z,pt,"['Português', 'Vtuber', 'Shai', 'English', 'Русский', 'Español', 'Ｖｔｕｂｅｒ', 'Lahn', 'PIX', 'VtuberBR']",2026-08-29,22-07-15,Saturday
316383312370,476287292,shikamemadokaaa,513143,Teamfight Tactics,413,2026-08-29T08:00:56Z,ja,['日本語'],2026-08-29,22-07-15,Saturday
317587993698,151445663,ardiis,516575,VALORANT,411,2026-08-29T14:56:03Z,en,"['English', 'Latvian', 'valorant', 'Heavy']",2026-08-29,22-07-15,Saturday
320104809436,42175924,reidboyy,1478650472,Call of Duty: Modern Warfare 4,411,2026-08-29T09:04:41Z,en,"['English', 'Furry', 'Bussy', 'fat', 'Fishing', 'obese', 'PlayingwithViewers', 'mommy', 'TTS', 'drops']",2026-08-29,22-07-15,Saturday
318401288165,899655592,animecoo1,513181,Genshin Impact,411,2026-08-29T13:05:24Z,ru,"['Русский', 'игры', 'адекватность', 'Безнегатива', 'Аниме', 'ивент', 'геншин', 'бездна', 'DropsВключены']",2026-08-29,22-07-15,Saturday
318265522023,43780497,blackfireice,513143,Teamfight Tactics,411,2026-08-29T13:22:39Z,pl,"['polski', 'Polski', 'Ranked', 'grind', 'Ladder', 'teamfigttactics', 'TFT']",2026-08-29,22-07-15,Saturday
316770829526,20632757,gamelifeow,626298054,Machine Party,411,2026-08-29T14:15:12Z,ru,"['Овервочер', 'Кошкодевочка', 'Гамелифе', 'Русский', 'Ткачжизниимба', 'самыйдобрыйстример', 'БезНытья', 'отпторблегенда']",2026-08-29,22-07-15,Saturday
317621363555,39826781,shahar_shenhar,2748,Magic: The Gathering,411,2026-08-29T12:22:17Z,en,"['arena', 'mtg', 'magicthegathering', 'standard', 'fitness', 'English']",2026-08-29,22-07-15,Saturday
318401824357,56145429,unfair,516575,VALORANT,411,2026-08-29T14:00:17Z,de,"['valorant', 'radiant', 'shooter', 'german', 'Deutsch', 'unfair']",2026-08-29,22-07-15,Saturday
319005400791,7832442,rifftrax,499973,Always On,410,2026-08-27T18:22:31Z,en,['English'],2026-08-29,22-07-15,Saturday
315940591313,178443161,stradi,2060730947,Le Mans Ultimate,410,2026-08-29T12:19:49Z,es,"['stradi', 'iracing', 'Español', 'simracing', 'F1', 'LeMansUltimate']",2026-08-29,22-07-15,Saturday
316758066006,9528182,chilledchaos,499973,Always On,408,2026-08-27T16:21:01Z,en,"['English', 'ItalianSafeSpace', 'ChilledChaos', 'LyingEncouraged', 'seventeencarat', 'AmongUs', 'Multiplayer', 'aioptedout']",2026-08-29,22-07-15,Saturday
316029998442,463977359,dgiayenne,509658,Just Chatting,407,2026-08-29T10:28:06Z,zh,"['聊天室慢回', '沒有雙螢幕', '中文', '臺南鹽行夜市一', '臺南小北夜市二', '臺南武聖夜市三', '臺南花園夜市4567', '英文', '重播']",2026-08-29,22-07-15,Saturday
316440424691,184589724,mushamaru_,491931,Escape from Tarkov,406,2026-08-29T08:39:15Z,ja,['日本語'],2026-08-29,22-07-15,Saturday
316383937394,142349242,midorokun,509658,Just Chatting,405,2026-08-29T11:00:07Z,ja,"['みどりくん', '緑の恐竜', '日本語']",2026-08-29,22-07-15,Saturday
318400142565,192974800,alepre98,13332,Pokémon FireRed/LeafGreen,405,2026-08-29T11:10:48Z,it,"['SPORT', 'pokemon', 'REACTION', 'IRONMON', 'Italiano', 'EsportsWorldCup2026', 'EsportsWorldCup2026']",2026-08-29,22-07-15,Saturday
318461992806,121053325,zayi,499003,VRChat,405,2026-08-29T10:17:17Z,en,"['music', 'Vtuber', 'Dance', 'girl', 'egirl', 'wiggles', 'Dancing', 'English', 'mommy', 'lewdtuber']",2026-08-29,22-07-15,Saturday
316383134962,445749299,yupipiii_,491931,Escape from Tarkov,405,2026-08-29T07:07:36Z,ja,"['女性', 'Vtuber', 'ギャル', 'すぐぐずる', '日本語']",2026-08-29,22-07-15,Saturday
316441891955,180584676,leotukuyomi,32982,Grand Theft Auto V,405,2026-08-29T13:57:29Z,ja,['日本語'],2026-08-29,22-07-15,Saturday
318463933670,51420061,missj4cky,27546,World of Tanks,404,2026-08-29T13:31:26Z,en,"['English', 'WorldofTanks', 'fun', 'drops', 'DropsEnabled']",2026-08-29,22-07-15,Saturday
318000344280,123484627,iddqd,458353,Darkest Dungeon,404,2026-08-29T07:51:18Z,en,"['aimbot', 'FPS', 'English', 'adhd', 'swedish', 'pro', 'Educational', 'Cassidy']",2026-08-29,22-07-15,Saturday
317622206691,185866554,s3kox,263490,Rust,401,2026-08-29T14:05:30Z,es,"['Español', 'Rust', 'PvP', 'España', 'vanilla', 'estrategia', 'Raid', 'vanila']",2026-08-29,22-07-15,Saturday
317612118756,186669201,gcrock6,504463,Tom Clancy's The Division 2,400,2026-08-29T13:48:39Z,en,"['Thedivision2', 'thedivision2gameplay', 'theDivisionGame', 'thedivision2community', 'thedivision2pve', 'thedivision', 'LooterShooter', 'RPG', 'looter', 'gcrock']",2026-08-29,22-07-15,Saturday
320104148700,76804370,berry_crunch,490422,StarCraft II,400,2026-08-29T06:15:41Z,en,"['GamerGod', 'Crınge', 'Bun', 'Fat', 'fupagang', 'English', 'sydneysweeney', 'SpongeBob', 'tyrant']",2026-08-29,22-07-15,Saturday
317587507298,400638285,cerebrocule,518203,Sports,399,2026-08-29T14:01:14Z,es,"['fútbol', 'barça', 'directo', 'tertulia', 'charla', 'fcbarcelona', 'deportes', 'soccer', 'show', 'Español']",2026-08-29,22-07-15,Saturday
318463163622,28868142,outc1der,491931,Escape from Tarkov,399,2026-08-29T12:20:50Z,de,"['Deutsch', 'Fragen', 'hardware', 'solo', 'pvp', 'chat', 'german', 'English', 'DropsAktiviert']",2026-08-29,22-07-15,Saturday
317586594914,659059615,kirana,509658,Just Chatting,399,2026-08-29T12:00:30Z,en,"['vtuber', 'envtuber', 'British', 'brat', 'English']",2026-08-29,22-07-15,Saturday
316441581811,907062234,fps_shina,509658,Just Chatting,398,2026-08-29T12:59:33Z,ja,"['日本語', '絶叫でお湯沸かす', 'ADHD', '実写ワイプ', 'コスプレ', '引き笑い', 'PR']",2026-08-29,22-07-15,Saturday
321169982938,28252159,jonbams,27471,Minecraft,398,2026-08-29T13:00:18Z,en,['English'],2026-08-29,22-07-15,Saturday
317585573218,405208912,gonsabellla,509672,IRL,397,2026-08-29T09:14:24Z,es,['Español'],2026-08-29,22-07-15,Saturday
315985305555,59667627,mada,1910993272,Bodycam,397,2026-08-29T08:59:43Z,es,"['Mada', 'Madapls', 'Gameplay', 'Chill', 'Español', 'PvP', 'Arma', 'ArmaReforger', 'GrayZoneWarfare']",2026-08-29,22-07-15,Saturday
315958522450,24981496,hydramist,18122,World of Warcraft,397,2026-08-29T13:38:52Z,en,"['English', 'PvP', 'wow', 'wowclassic', 'worldofwarcraft', 'Arena', 'mopclassic', 'MistsofPandaria', 'Priest', 'MMO']",2026-08-29,22-07-15,Saturday
316739664341,49258270,newb1kk,12839,Heroes of Might and Magic III: The Restoration of Erathia,396,2026-08-29T03:55:36Z,ru,"['Русский', 'герои3']",2026-08-29,22-07-15,Saturday
318464583142,38019896,heatoncs,32399,Counter-Strike,396,2026-08-29T14:31:37Z,en,['English'],2026-08-29,22-07-15,Saturday
318401992677,939860797,dooomcr,491168,Clash Royale,395,2026-08-29T14:15:52Z,de,"['Deutsch', 'Wiederholen', 'clashroyale', 'DOoOMcr']",2026-08-29,22-07-15,Saturday
320010125406,44930725,cope,491487,Dead by Daylight,395,2026-08-29T09:04:42Z,en,"['English', 'Chill', 'DropsEnabled']",2026-08-29,22-07-15,Saturday
318461838054,1205860200,phltf,1910103699,THE FINALS,395,2026-08-29T09:58:18Z,en,"['English', 'Competitive', 'Esports', 'EU', 'League', 'NA', 'drops', 'DropsEnabled']",2026-08-29,22-07-15,Saturday
321272427099,731230200,hossontwitch,509658,Just Chatting,395,2026-08-29T05:11:30Z,en,"['English', 'Robots', 'telenovelas', 'Educational', 'NoFreeFarts', 'aioptedout']",2026-08-29,22-07-15,Saturday
318398700261,446810993,itspatlive,509672,IRL,394,2026-08-29T07:53:11Z,de,"['Reisen', 'Deutsch', 'monte', 'Papaplatte', 'Zabex', 'Trymacs', 'portugal']",2026-08-29,22-07-15,Saturday
318769326582,1039932348,veexzyfps,32399,Counter-Strike,394,2026-08-29T14:27:51Z,pt,"['Português', 'English', 'counterstrike', 'cassino', 'slots', 'virtualcasino']",2026-08-29,22-07-15,Saturday
317339488887,30813053,catonmarz,1169827,Quasimorph,393,2026-08-29T09:04:08Z,en,"['Vibing', 'English', 'InAllFairness', 'IDidThisToMyself', 'AndIMustWarnYou', 'ItWillHappenAgain']",2026-08-29,22-07-15,Saturday
318264220519,132256306,lunateac,951949934,The Sinking City 2,393,2026-08-29T10:59:14Z,en,"['English', 'ADHD', 'Chatty', 'Interactive', 'Variety', 'FirstPlaythrough']",2026-08-29,22-07-15,Saturday
317585156450,527007114,papivisen,33214,Fortnite,393,2026-08-29T07:30:55Z,es,"['Español', 'Fortnite', 'Shooter', 'Ranked', 'top']",2026-08-29,22-07-15,Saturday
318401972069,550810681,vivienpittner,509658,Just Chatting,393,2026-08-29T14:13:36Z,hu,['Magyar'],2026-08-29,22-07-15,Saturday
320105977308,99450552,seandablack,509658,Just Chatting,392,2026-08-29T13:43:49Z,en,['English'],2026-08-29,22-07-15,Saturday
318461637350,61275350,grndontour,488190,Poker,391,2026-08-29T09:30:24Z,de,"['xflixx', 'Deutsch', 'Turnier', 'Spaß', 'Poker', 'Lehrreich', 'GRND', 'Events', 'Tour']",2026-08-29,22-07-15,Saturday
316742867669,204505974,vangard,509658,Just Chatting,391,2026-08-29T14:39:08Z,en,"['English', 'Norway', 'powerlifter', 'Travel', 'IRL', 'Adventure', 'Survival']",2026-08-29,22-07-15,Saturday
317621479267,421985348,viggy_night,32982,Grand Theft Auto V,391,2026-08-29T12:38:17Z,fr,['Français'],2026-08-29,22-07-15,Saturday
321102576345,92858368,autolykuslol,21779,League of Legends,390,2026-08-29T05:29:53Z,en,"['English', 'sett', 'gaming', 'Mordekaiser']",2026-08-29,22-07-15,Saturday
318830791157,1151430332,krytozin,32399,Counter-Strike,389,2026-08-29T14:56:20Z,pt,"['Português', 'Inglês']",2026-08-29,22-07-15,Saturday
319022398679,1134296624,sukiimellow,509672,IRL,388,2026-08-29T00:52:33Z,en,['English'],2026-08-29,22-07-15,Saturday
316374754161,77813460,piper729,516575,VALORANT,388,2026-08-29T13:17:29Z,zh,"['烏克麗麗', '中文', 'English', 'girl']",2026-08-29,22-07-15,Saturday
315969173864,938886012,marika_vtuber,516575,VALORANT,388,2026-08-29T14:25:37Z,zh,"['Vtuber', '中文']",2026-08-29,22-07-15,Saturday
315958392658,549868517,beatportlive2,1669431183,DJs,387,2026-08-29T12:53:30Z,en,"['English', 'CREAMFIELDS', 'Festival']",2026-08-29,22-07-15,Saturday
316742650453,801094816,1possessed,29595,Dota 2,386,2026-08-29T14:13:37Z,ru,"['Русский', 'Анимемимо', 'Добрый', 'PerfectEnglish', 'Пухлость', 'Качок', 'Битбокс', 'Шепелявость', 'Атлетика', 'Заикания']",2026-08-29,22-07-15,Saturday
320138469600,1369581021,happyhappygal_vod,33214,Fortnite,386,2026-08-28T22:49:28Z,en,"['English', 'happyhappygal', 'fortnite', 'christian', 'FamilyFriendly', 'ZeroBuild', 'Rerun']",2026-08-29,22-07-15,Saturday
317609927908,92078908,tl_nero,21779,League of Legends,385,2026-08-29T07:51:27Z,el,"['Ελληνικά', 'LEC', 'LCK', 'jungle', 'LPL']",2026-08-29,22-07-15,Saturday
317620738275,208813061,manutegaming,513143,Teamfight Tactics,385,2026-08-29T10:44:45Z,es,['Español'],2026-08-29,22-07-15,Saturday
316770272214,39064247,boraslegend,624536948,EA Sports FC 26,385,2026-08-29T12:40:18Z,en,['English'],2026-08-29,22-07-15,Saturday
316372678897,32206679,rprx,263490,Rust,384,2026-08-29T04:55:01Z,en,['English'],2026-08-29,22-07-15,Saturday
320145510496,1290591681,jitnoward,1264310518,Marvel Rivals,382,2026-08-29T06:11:08Z,en,"['English', 'spiderman', 'DareDevil', 'venom', 'femboy', 'Jitlixir', 'arab', 'deadpool', 'top500', 'OAA']",2026-08-29,22-07-15,Saturday
318398983781,723361024,rootthegamer,32399,Counter-Strike,382,2026-08-29T08:38:34Z,tr,"['Türkçe', 'espor', 'maç', 'cs', 'game', 'oyun', 'gaming']",2026-08-29,22-07-15,Saturday
316812976724,109254404,ry6kagop,386821,Black Desert,381,2026-08-29T09:36:11Z,ru,"['Русский', 'drops', 'BDO', 'Rust', 'English', 'DropsВключены']",2026-08-29,22-07-15,Saturday
316770181206,84495343,maailinh,509658,Just Chatting,379,2026-08-29T12:22:52Z,pl,['Polski'],2026-08-29,22-07-15,Saturday
318244223719,1227964961,zarbex_tv,1243765308,Prison Escape Simulator,378,2026-08-27T15:40:15Z,de,['Deutsch'],2026-08-29,22-07-15,Saturday
316814447700,682855021,girlk1d,516575,VALORANT,377,2026-08-29T13:41:43Z,ru,"['Русский', 'девушка', 'школьник', 'кухня']",2026-08-29,22-07-15,Saturday
318401097573,29673295,parliamodivg,491931,Escape from Tarkov,377,2026-08-29T12:48:17Z,it,"['Italiano', 'fraws', 'pdv', 'parliamodivg', 'parliamodivideogiochi', 'tarkov', 'bemani', 'RTS', 'RhythmGames', 'AgeofempireIV']",2026-08-29,22-07-15,Saturday
318463606630,812370801,freyja,570615518,Resonance: A Plague Tale Legacy,376,2026-08-29T13:01:42Z,en,"['English', 'Ciri', 'ADHD', 'Chatty', 'Woman', 'FirstPlaythough', 'Interactive', 'Girl', 'Feet', 'NoBackseatingUnlessAsked']",2026-08-29,22-07-15,Saturday
315967927784,228296361,chicofilo,602040818,NBA 2K27,376,2026-08-29T08:47:05Z,en,"['nba2k', 'NBA', 'English', 'DropsEnabled']",2026-08-29,22-07-15,Saturday
317620381027,880994850,alimentacionchino,493959,Red Dead Redemption II,376,2026-08-29T09:34:33Z,es,"['Español', 'anime', 'lol', 'Leaguesoflegends', 'wow', 'irl', 'chinese', 'chino', '中國人', 'English']",2026-08-29,22-07-15,Saturday
318902855412,252382108,alvaceisconfia,509672,IRL,375,2026-08-29T14:36:38Z,pt,"['alva', 'react', 'Português', 'Portugal']",2026-08-29,22-07-15,Saturday
317621498339,1527461425,peereira7_offline,499973,Always On,374,2026-08-29T12:40:48Z,es,['Español'],2026-08-29,22-07-15,Saturday
316812414548,66796497,master_of__mind,12839,Heroes of Might and Magic III: The Restoration of Erathia,373,2026-08-29T07:17:51Z,ru,['Русский'],2026-08-29,22-07-15,Saturday
318262681319,41314239,dafran,18122,World of Warcraft,373,2026-08-29T07:30:25Z,en,"['English', 'DropsEnabled']",2026-08-29,22-07-15,Saturday
315985761107,39783270,morf_,491487,Dead by Daylight,373,2026-08-29T12:07:45Z,en,"['depression', 'horror', 'moustache', 'tattoo', 'zaddy', 'English', 'PvP', 'Multiplayer', 'Cosplay', 'RPG']",2026-08-29,22-07-15,Saturday
315968967656,400564495,pullupso,499634,Crypto,372,2026-08-29T13:35:48Z,en,"['English', 'crypto', 'cryptocurrency']",2026-08-29,22-07-15,Saturday
318265288551,625831970,basssultanhengzt45,498566,Slots,372,2026-08-29T12:59:41Z,de,"['slots', 'Englisch', 'Deutsch']",2026-08-29,22-07-15,Saturday
317620505827,67907356,jeremysadi,20596,Dofus,372,2026-08-29T09:58:11Z,fr,['Français'],2026-08-29,22-07-15,Saturday
321274825179,165114781,varg31,491487,Dead by Daylight,371,2026-08-29T10:23:17Z,fr,"['deadbydaylight', 'horreur', 'survie', 'animation', 'metal', 'discussion', 'dbd', 'Français', 'DropsActivés']",2026-08-29,22-07-15,Saturday
318769399158,614552462,patuxd2c,32399,Counter-Strike,371,2026-08-29T14:42:13Z,pt,"['Português', 'English', 'Español']",2026-08-29,22-07-15,Saturday
316768708310,12830362,knjazevdesu,27284,Retro,371,2026-08-29T07:00:01Z,ru,"['Варан', 'За', 'Диваном', 'Русский', 'DropsВключены']",2026-08-29,22-07-15,Saturday
319028062167,698328514,gaspard_tv,509672,IRL,370,2026-08-29T07:20:59Z,fr,"['vlog', 'irl', 'travel', 'voyage', 'Voilier', 'bateau', 'Français', 'aventure']",2026-08-29,22-07-15,Saturday
318768977014,163382719,tibiaemprego,19619,Tibia,370,2026-08-29T13:09:27Z,pt,"['Português', 'PKA', 'PokeAlliance']",2026-08-29,22-07-15,Saturday
318263619303,54884216,papapawian,27546,World of Tanks,370,2026-08-29T09:40:21Z,pl,"['Polski', 'DropyWłączone']",2026-08-29,22-07-15,Saturday
318001313368,67650991,realkraftyy,491931,Escape from Tarkov,370,2026-08-29T13:22:45Z,en,"['English', 'ExtractionShooter', 'MEN']",2026-08-29,22-07-15,Saturday
318265904743,24973791,esport2tv,21779,League of Legends,369,2026-08-29T14:01:19Z,hu,"['esport', 'esports', 'official', 'Magyar', 'LEC', 'live', 'MSI', 'Worlds', 'lol', 'leagueoflegeneds']",2026-08-29,22-07-15,Saturday
318464688230,833784681,pachatr1ceps,32399,Counter-Strike,369,2026-08-29T14:43:25Z,ru,"['Русский', 'Engisih', 'CS2', 'faceit10lvl', 'Повтор']",2026-08-29,22-07-15,Saturday
318398991845,260839723,madamediablo,509660,Art,369,2026-08-29T08:39:59Z,en,"['adhd', 'cosplay', 'English', 'dutch', 'Woman', 'girl', 'TwitchWomensGuild', 'PCG', 'cozy', 'feet']",2026-08-29,22-07-15,Saturday
318463400550,35866558,azzapp,21779,League of Legends,368,2026-08-29T12:43:53Z,en,"['English', 'zapzap', 'neverff', 'velkoz', 'Challenger', 'ChallengeRuns', 'CANWIN', '0deaths', 'NoBackseating', 'slaythespire2']",2026-08-29,22-07-15,Saturday
316374414833,198885523,marunnn_,32982,Grand Theft Auto V,368,2026-08-29T12:16:56Z,ja,"['日本語', 'ストグラ', '花沢まるん', '日本', 'まるーん', '顔出し']",2026-08-29,22-07-15,Saturday
318266165863,102966086,skinnny,509658,Just Chatting,368,2026-08-29T14:27:34Z,en,"['Tunisia', 'Français', 'Algeria', 'Morocco', 'Maroc', 'girl', 'Female', 'egirl', 'femboy', 'Vtuber']",2026-08-29,22-07-15,Saturday
318266193127,27370971,xnapycz,21779,League of Legends,368,2026-08-29T14:30:28Z,cs,"['Čeština', 'costreaming']",2026-08-29,22-07-15,Saturday
318266355943,25452510,nervarien,21779,League of Legends,368,2026-08-29T14:46:36Z,pl,['Polski'],2026-08-29,22-07-15,Saturday
320106341980,55653442,lonegymrat,459931,Old School RuneScape,366,2026-08-29T14:32:31Z,en,['English'],2026-08-29,22-07-15,Saturday
315986116307,469739404,ti8ick,509658,Just Chatting,366,2026-08-29T14:11:32Z,en,"['Chatty', 'BaldFriendly', 'English', 'Woman', 'girl', 'reactions']",2026-08-29,22-07-15,Saturday
316030541290,81821673,ekkosuna,21779,League of Legends,366,2026-08-29T12:52:39Z,fr,['Français'],2026-08-29,22-07-15,Saturday
320011761118,449858930,mooni,509658,Just Chatting,365,2026-08-29T14:36:41Z,en,"['Vtuber', 'English', 'ENVtuber']",2026-08-29,22-07-15,Saturday
316769992534,36487814,eugenscorpion,17447,Disciples II: Rise of the Elves,364,2026-08-29T11:48:46Z,ru,"['Русский', 'Disciples2', 'PvP', 'TotalWarWARHAMMERIII', 'OldenEra', 'BattleBrothers']",2026-08-29,22-07-15,Saturday
316374382449,1470838751,senriayumu_2434,516575,VALORANT,363,2026-08-29T12:11:07Z,ja,"['にじさんじ', 'Vtuber', '日本語', 'ゲーム']",2026-08-29,22-07-15,Saturday
316375238897,165572706,dmf_kyochan,1036710512,Palworld,362,2026-08-29T15:01:26Z,ja,['日本語'],2026-08-29,22-07-15,Saturday
318463160678,66996733,adamkissak,21779,League of Legends,362,2026-08-29T12:20:35Z,hu,['Magyar'],2026-08-29,22-07-15,Saturday
318401525733,161853695,chaosmachinegr,32502,World of Warships,362,2026-08-29T13:29:46Z,en,"['English', 'DropsEnabled', 'Friendly', 'Entertainer', 'Chıll', 'AMA', 'laughs', 'goodvibes', 'Cozy', 'fun']",2026-08-29,22-07-15,Saturday
318262909415,74409511,elliawald,1832841853,Mortal Shell II,361,2026-08-29T08:04:23Z,de,"['Deutsch', 'Vtuber', 'DeadWeight']",2026-08-29,22-07-15,Saturday
321275040347,163866394,sifurp,32982,Grand Theft Auto V,361,2026-08-29T11:13:44Z,en,"['English', 'Roleplay', 'RP', 'prodigy', 'prodigyrp', 'NoPixel', 'chaseRP']",2026-08-29,22-07-15,Saturday
320148523488,64190579,kmac,670138298,Madden NFL 27,361,2026-08-29T14:26:07Z,en,['English'],2026-08-29,22-07-15,Saturday
318399226213,40145061,inzaynia,2009742488,BioShock Remastered,361,2026-08-29T09:12:01Z,de,"['LGBTQIAPlus', 'Ally', 'Deutsch', 'Simulator', 'gamer', 'She', 'Pommes', 'cats', 'feet']",2026-08-29,22-07-15,Saturday
318461380966,38608008,serverenok,1393304883,Mir Tankov,360,2026-08-29T08:53:13Z,ru,['Русский'],2026-08-29,22-07-15,Saturday
320148648032,1077125696,pechainz,32399,Counter-Strike,360,2026-08-29T14:40:14Z,it,"['csgo2twich', 'cs', 'csgolive', 'CS2', 'cs2premier', 'English', 'Italiano']",2026-08-29,22-07-15,Saturday
320148669152,1077125668,lobonas,32399,Counter-Strike,360,2026-08-29T14:42:25Z,pl,"['pl', 'polish', 'CSGOcsgo', 'cs2twitch', 'Polski', 'English']",2026-08-29,22-07-15,Saturday
317621092067,155352795,hallowfr,512710,Call of Duty: Warzone,360,2026-08-29T11:43:57Z,fr,['Français'],2026-08-29,22-07-15,Saturday
316007460073,821317502,whyneverluv,32399,Counter-Strike,360,2026-08-29T12:26:03Z,ru,['Русский'],2026-08-29,22-07-15,Saturday
321170765274,234775606,vulpixie,24241,FINAL FANTASY XIV ONLINE,359,2026-08-29T14:32:14Z,en,"['English', 'vtuber', 'ENVtuber', 'anime', 'vulpixie', 'ALOO', 'NoSpoilersNoBackseating', 'squonkqueen']",2026-08-29,22-07-15,Saturday
318401707237,142848705,theycallmekiki,32982,Grand Theft Auto V,358,2026-08-29T13:48:51Z,de,"['HomeState', 'Multiplayer', 'Deutsch', 'Modding', 'LGBTQ', 'NextLevelNationDE']",2026-08-29,22-07-15,Saturday
318263455719,872137138,nefesindehisset,516588,Rise Online,358,2026-08-29T09:17:42Z,tr,"['Türkçe', 'DroplarEtkin']",2026-08-29,22-07-15,Saturday
318266315367,127361301,antilipsi,21779,League of Legends,358,2026-08-29T14:42:47Z,el,"['Ελληνικά', 'greek', 'English', 'Lissandra', 'Deutsch', 'Challenger', 'Tier3', 'Κύπρος', 'Cyprus', 'Greece']",2026-08-29,22-07-15,Saturday
317622244067,174042680,radossb,33214,Fortnite,357,2026-08-29T14:09:40Z,es,"['Español', 'Fortnite', 'battleroyale', 'DropsActivados']",2026-08-29,22-07-15,Saturday
317618716515,1152050684,rglqq,168648543,Battlefield 6,357,2026-08-28T23:55:24Z,en,"['English', 'Charity', 'vr', 'girl', 'pool', 'anime', 'peanut', 'girlsstreaming', 'girlstreamer', 'girlgamer']",2026-08-29,22-07-15,Saturday
318822807413,492233601,mathg,509658,Just Chatting,357,2026-08-28T15:54:50Z,en,"['English', 'Português']",2026-08-29,22-07-15,Saturday
316807215444,1282818900,thekaterinalo,509658,Just Chatting,357,2026-08-28T13:50:05Z,ru,"['Русский', 'сериал', 'реакция', 'фильм', 'отчаянныедомохозяйки', 'отношения', 'Любовь']",2026-08-29,22-07-15,Saturday
316813719252,140401920,ellvi,18122,World of Warcraft,356,2026-08-29T11:53:00Z,ru,"['Русский', 'DropsВключены']",2026-08-29,22-07-15,Saturday
318266487271,725008109,diemilitanteveganerin,509672,IRL,356,2026-08-29T14:58:38Z,de,['Deutsch'],2026-08-29,22-07-15,Saturday
316768939734,90621147,12gram,27103,Sid Meier's Civilization V,355,2026-08-29T08:04:23Z,ru,['Русский'],2026-08-29,22-07-15,Saturday
318400391781,405457890,girlybella,33214,Fortnite,355,2026-08-29T11:38:08Z,en,"['fortnite', 'competitive', 'girl', 'english', 'anime', 'ranked', 'girlybella', 'pro', 'sprites', 'zeropoint']",2026-08-29,22-07-15,Saturday
317585777122,576114251,pasdebol_tft,513143,Teamfight Tactics,355,2026-08-29T09:52:01Z,fr,['Français'],2026-08-29,22-07-15,Saturday
316813522644,606670806,pessinen,509672,IRL,355,2026-08-29T11:13:33Z,fi,"['egirl', 'Kuumaakamaa', 'nainen', 'Kokkaus', 'IRL', 'finnish', 'pelaaminen', 'blonde', 'Suomi', 'cs']",2026-08-29,22-07-15,Saturday
317611986020,471969987,cheffius,31336,Metin2,355,2026-08-29T13:31:32Z,es,"['Español', 'DropsActivados']",2026-08-29,22-07-15,Saturday
318402188645,39661750,tensterakdary,491962037,Big Ambitions,354,2026-08-29T14:36:56Z,cs,"['Čeština', 'English']",2026-08-29,22-07-15,Saturday
318400726757,26656197,synderen,29595,Dota 2,354,2026-08-29T12:13:10Z,en,"['English', 'GIGA', 'GAMER']",2026-08-29,22-07-15,Saturday
318463290342,118263259,cemka,29595,Dota 2,353,2026-08-29T12:32:25Z,ru,"['Русский', 'Україна', 'VarietyGaming', 'Chıll', 'Anime']",2026-08-29,22-07-15,Saturday
318264303719,76399084,chaisia,509660,Art,353,2026-08-29T11:07:52Z,en,"['DigitalArt', 'Woman', 'slovak', 'czech', 'adult', 'yapping', 'egirl', 'Anime', 'Vtuber', 'art']",2026-08-29,22-07-15,Saturday
317585765218,433036305,omeega,27471,Minecraft,353,2026-08-29T09:50:08Z,fr,"['Français', 'DropsActivés']",2026-08-29,22-07-15,Saturday
316770981078,114103239,kati,327598602,Onimusha: Way of the Sword,352,2026-08-29T14:37:10Z,ru,"['Русский', 'Перекаты', 'Кринж']",2026-08-29,22-07-15,Saturday
317586468066,64546560,riskin,570615518,Resonance: A Plague Tale Legacy,352,2026-08-29T11:41:53Z,fr,"['Français', 'DropsActivés']",2026-08-29,22-07-15,Saturday
316770709334,48489571,maccanzz,32982,Grand Theft Auto V,351,2026-08-29T13:58:28Z,sv,"['Svenska', 'DropsAktiverat']",2026-08-29,22-07-15,Saturday
317621423075,475566892,shyphoebe,116747788,"Pools, Hot Tubs, and Beaches",350,2026-08-29T12:30:50Z,en,"['English', 'Tattoos', 'EgirI', 'dogs', 'girlswithtattoos', 'alternative', 'weird', 'findom', 'Goddess']",2026-08-29,22-07-15,Saturday
316372108657,94184190,julynhatoys,490655,Pokémon GO,350,2026-08-29T01:51:25Z,pt,"['Português', 'ポケモンGO', '東京', 'pokemongo', 'Pokémon', 'IRL', 'アニメ', 'ポケモン', 'heartopia']",2026-08-29,22-07-15,Saturday
321105469785,194078548,arucarr,1630982727,Where Winds Meet,350,2026-08-29T14:11:35Z,es,"['Español', 'twitchsocial', 'charlarndo', 'twich', 'accion', 'wherewindsmeet', 'risas', 'youtube', 'tiktok', 'Repetir']",2026-08-29,22-07-15,Saturday
317586585186,108236875,ikoneec,65632,DayZ,349,2026-08-29T11:59:18Z,fr,"['DayZ', 'SURVIE', 'Français']",2026-08-29,22-07-15,Saturday
316814727764,929457355,pvpend,32399,Counter-Strike,349,2026-08-29T14:22:55Z,en,['English'],2026-08-29,22-07-15,Saturday
316742023125,981821478,winningbikini,509658,Just Chatting,348,2026-08-29T12:57:40Z,en,"['English', 'gym', 'fitness', 'live', 'IRL']",2026-08-29,22-07-15,Saturday
318399207909,487205171,airsiggi,509672,IRL,347,2026-08-29T09:09:27Z,de,"['montanablack', 'fanboy', 'gaming', 'musik', 'Shooter', 'Deutsch', 'MitZuschauernspielen', 'TeamFPS', 'fan']",2026-08-29,22-07-15,Saturday
316006271337,673082016,iitifox,509658,Just Chatting,346,2026-08-29T06:44:51Z,zh,"['中文', 'Vtuber', '稻米米', 'wawa', '狐扯', '值夜選手']",2026-08-29,22-07-15,Saturday
316801506388,1493276818,windowlightfm,26936,Music,346,2026-08-27T16:09:54Z,en,"['lofi', '247Stream', 'chill', 'Relax', 'study', 'lofimusic', 'English']",2026-08-29,22-07-15,Saturday
317611499492,30609527,fifae,30921,Rocket League,346,2026-08-29T12:28:45Z,en,"['Esports', 'English', 'FIFAe', 'FIFAeFinals']",2026-08-29,22-07-15,Saturday
318401872741,1087349043,feanrir,509658,Just Chatting,346,2026-08-29T14:04:01Z,ru,"['популярный', 'стример', 'медиамолекула', 'крутой', 'харизма', 'Русский']",2026-08-29,22-07-15,Saturday
315985444179,667574859,0akling,982017546,Palia,345,2026-08-29T10:00:22Z,en,"['UK', 'Cozy', 'LurkerFriendly', 'Neurodivergent', 'English', 'Palia', 'PaliaPartner', 'paliaupdate', 'DropsEnabled', 'Paliadrops']",2026-08-29,22-07-15,Saturday
318460934374,95645837,tiankami,17007,Dave Goes Nutz!,345,2026-08-29T07:42:18Z,ru,"['Русский', 'Roguelike', 'Рогалики', 'АрхонтРогаликов', 'DropsВключены']",2026-08-29,22-07-15,Saturday
316006463209,86690831,takluz,1751366933,Riftbound,344,2026-08-29T07:48:18Z,th,"['Engisih', 'ภาษาไทย']",2026-08-29,22-07-15,Saturday
318461711206,52744330,eugengen,417528,Albion Online,343,2026-08-29T09:40:46Z,en,"['English', 'DropsEnabled']",2026-08-29,22-07-15,Saturday
320103139036,140549548,gendrago_gaming,490655,Pokémon GO,343,2026-08-29T04:00:50Z,en,"['pokemongameplay', 'PokemonGoCommunity', 'playpokemon', 'English', 'IRLlivestream', 'IRLGaming', 'PlayingwithViewers', 'PokémonGo', 'pokemonraids']",2026-08-29,22-07-15,Saturday
317622149219,538404693,lanocallum1,1478650472,Call of Duty: Modern Warfare 4,343,2026-08-29T13:59:51Z,en,"['English', 'warzone', 'callofduty', 'DropsEnabled']",2026-08-29,22-07-15,Saturday
317620628707,46887220,karssi,1832841853,Mortal Shell II,343,2026-08-29T10:21:54Z,fr,"['Français', 'Marathon', 'BirthdayStream', 'ASMRvisual', 'ASMRAuditif']",2026-08-29,22-07-15,Saturday
318401084133,25075983,yamatocannon,21779,League of Legends,342,2026-08-29T12:46:56Z,en,['English'],2026-08-29,22-07-15,Saturday
316770494422,43395115,raythis,18122,World of Warcraft,342,2026-08-29T13:21:07Z,ru,"['Русский', 'DropsВключены']",2026-08-29,22-07-15,Saturday
318462243942,87924063,roger330_live,518203,Sports,342,2026-08-29T10:46:27Z,fr,"['Français', 'roger330', 'fun', 'mtb', 'dh', 'sport']",2026-08-29,22-07-15,Saturday
315958366674,202684068,axel_tv,491931,Escape from Tarkov,342,2026-08-29T12:42:46Z,en,"['English', 'german', 'food', 'chill', 'Русский', 'DropsEnabled']",2026-08-29,22-07-15,Saturday
318262772711,137273639,fionchetta,743,Chess,341,2026-08-29T07:44:06Z,en,"['chess', 'fionchetta', 'fun', 'English']",2026-08-29,22-07-15,Saturday
318830704629,83957804,samiraclose,1264310518,Marvel Rivals,341,2026-08-29T14:36:18Z,pt,"['Português', 'DropsAtivados']",2026-08-29,22-07-15,Saturday
317601976292,80629581,deemonrider,329951934,Pokémon Community Game,341,2026-08-28T13:59:44Z,en,"['Chatting', 'English']",2026-08-29,22-07-15,Saturday
316813068372,897352307,poisonika,29595,Dota 2,340,2026-08-29T09:54:01Z,ru,['Русский'],2026-08-29,22-07-15,Saturday
