id,user_id,user_login,game_id,game_name,viewer_count,started_at,language,tags,snapshot_date,snapshot_time,snapshot_day
316413706865,49207184,fps_shaka,263490,Rust,40921,2026-09-07T06:59:41Z,ja,['日本語'],2026-09-07,19-41-16,Monday
316480735475,67519684,sasatikk,263490,Rust,19417,2026-09-07T07:01:06Z,ja,"['ネタバレなし', 'アドバイスなし', '日本語', 'Drops有効']",2026-09-07,19-41-16,Monday
316414976369,813704147,indegnasen0706,509658,Just Chatting,15775,2026-09-07T12:15:57Z,ja,"['日本語', 'Drops有効']",2026-09-07,19-41-16,Monday
316826238166,92048793,ravshann,509672,IRL,13611,2026-09-07T11:29:57Z,ru,['Русский'],2026-09-07,19-41-16,Monday
316000375144,65171890,rainbow6,460630,Rainbow Six Siege,11218,2026-09-07T07:49:17Z,en,"['English', 'ubisoft', 'rainbowsixsiege', 'R6', 'DropsEnabled']",2026-09-07,19-41-16,Monday
320196764380,175831187,ironmouse,116910466,Kingdom Hearts II Final Mix,11049,2026-09-05T13:51:21Z,en,"['English', 'Anime', 'Singing', 'puertorico', 'Vtuber', 'Latino', 'vtuber', 'DropsEnabled']",2026-09-07,19-41-16,Monday
316414389489,102631269,yaritaiji,55453844,Street Fighter 6,9338,2026-09-07T10:32:56Z,ja,"['たいじ', '日本語']",2026-09-07,19-41-16,Monday
316001064808,29506118,sam1268,21779,League of Legends,8068,2026-09-07T11:25:06Z,zh,"['中文', '顏值', '英雄聯盟', '高手']",2026-09-07,19-41-16,Monday
316414065137,752988454,yuyuta0702,509658,Just Chatting,7991,2026-09-07T09:00:10Z,ja,"['日本語', 'Drops有効']",2026-09-07,19-41-16,Monday
316424509042,93828097,batora324,4601,Hamtaro: Ham-Hams Unite!,7989,2026-09-07T10:19:25Z,ja,['日本語'],2026-09-07,19-41-16,Monday
316480910195,70947583,gutitubo,263490,Rust,7326,2026-09-07T07:59:11Z,ja,['日本語'],2026-09-07,19-41-16,Monday
320129748958,26610234,cohhcarnage,1357871551,The Blood of Dawnwalker,7154,2026-09-07T11:47:59Z,en,"['SFW', 'Parent', 'ADHD', 'moderated', 'NoPolitics', 'NoReligion', 'Interactive', 'Overencumbered', 'LootGoblin', 'English']",2026-09-07,19-41-16,Monday
316413757937,113028874,kenki521,263490,Rust,6854,2026-09-07T07:16:37Z,ja,['日本語'],2026-09-07,19-41-16,Monday
316869587796,38770961,dracon,509658,Just Chatting,6556,2026-09-07T07:56:55Z,de,"['Deutsch', 'DropsAktiviert']",2026-09-07,19-41-16,Monday
316413870705,862499417,cr_vanilla,263490,Rust,6202,2026-09-07T07:54:21Z,ja,"['ネタバレ禁止', '日本語']",2026-09-07,19-41-16,Monday
317688627428,605221125,gerardromero,518203,Sports,6003,2026-09-07T09:53:50Z,es,"['Español', 'barça', 'fútbol', 'laliga', 'mundial2026', 'DropsActivados']",2026-09-07,19-41-16,Monday
320118797918,101646785,kleinalexander,509672,IRL,5561,2026-09-06T17:22:35Z,en,['English'],2026-09-07,19-41-16,Monday
316414836081,37106068,krapycoco,516575,VALORANT,5501,2026-09-07T11:58:53Z,zh,['中文'],2026-09-07,19-41-16,Monday
316414524273,193290026,cr_arisakaaa,491931,Escape from Tarkov,5325,2026-09-07T11:04:00Z,ja,"['日本語', 'ネタバレ禁止', '指示コメ禁止', 'タグ守れない人BAN']",2026-09-07,19-41-16,Monday
316796158165,249218588,hypetried,32399,Counter-Strike,5074,2026-09-07T09:54:00Z,ru,['Русский'],2026-09-07,19-41-16,Monday
316481321459,605425209,oniyadayo,511224,Apex Legends,4972,2026-09-07T10:04:57Z,ja,['日本語'],2026-09-07,19-41-16,Monday
316795664469,63304572,glorious_e,491931,Escape from Tarkov,4904,2026-09-07T07:12:56Z,en,"['PVP', 'English', 'Turkish', 'Dansk']",2026-09-07,19-41-16,Monday
318499986661,1533579307,4illercast,29595,Dota 2,4831,2026-09-07T08:54:07Z,ru,"['EPl', 'EPLMasters', 'masters', 'ставки', 'Русский', 'EuropeanProLeagueMasters', 'levelup', 'lynx']",2026-09-07,19-41-16,Monday
316414593265,44525650,k4sen,735904419,ARK: Survival Ascended,4823,2026-09-07T11:16:34Z,ja,"['日本語', 'ネタバレNG', 'ネタバレ注意', '聞いてないアドバイス禁止', 'Drops有効']",2026-09-07,19-41-16,Monday
318364674791,159498717,jinnytty,509658,Just Chatting,4799,2026-09-07T06:35:43Z,en,"['English', 'IRL', 'Outdoors', 'Exploration', 'Travel', 'Variety', 'Food', 'Cosplay', 'Asian', 'Spain']",2026-09-07,19-41-16,Monday
316414853745,1524784212,kannasetotwitch,55453844,Street Fighter 6,4698,2026-09-07T12:00:27Z,ja,"['ストリートファイター6', '瀬戸環奈', '日本語']",2026-09-07,19-41-16,Monday
315473357678,29518572,mobilmobil,417752,Talk Shows & Podcasts,4611,2026-09-07T12:04:30Z,zh,"['中文', '启用掉宝']",2026-09-07,19-41-16,Monday
316858032468,1494360677,caedrel247,499973,Always On,4422,2026-09-05T14:34:40Z,en,"['247', 'LCK', 'LPL', 'LEC', 'LOLESPORTS', 'CAEDREL', 'LEAGUEOFLEGENDS', 'English', 'Variety']",2026-09-07,19-41-16,Monday
316039227881,162323092,gearbaby1010,516575,VALORANT,4242,2026-09-07T11:37:00Z,zh,"['主打技術', '顏值還行', '中文', '棋靈王', '我愛黑人']",2026-09-07,19-41-16,Monday
316480745203,598495509,akamikarubi,263490,Rust,4225,2026-09-07T07:04:10Z,ja,['日本語'],2026-09-07,19-41-16,Monday
318501045093,122799408,alois_nl,21779,League of Legends,4050,2026-09-07T11:07:54Z,en,"['English', 'Riven', 'Challenger', 'Educational', 'Toplane', 'Mundo', 'leagueoflegends', 'riotgames', 'push', 'Korea']",2026-09-07,19-41-16,Monday
316016907731,30814134,welovegames,1357871551,The Blood of Dawnwalker,3990,2026-09-07T06:36:07Z,ru,"['юмор', 'игры', 'новинки', 'общение', 'IRL', 'русский', 'хоррор', 'Русский', 'DropsВключены']",2026-09-07,19-41-16,Monday
316424764402,792691462,assarisyoko1,902998079,Halloween: The Game,3842,2026-09-07T11:19:08Z,ja,['日本語'],2026-09-07,19-41-16,Monday
316424356594,150989534,guanweiboy,516575,VALORANT,3708,2026-09-07T09:34:40Z,zh,"['中文', '鎖進', '競技哥', '不放水', '謙卑在謙卑', 'JETTMAIN', '高敏人', '燕雲十六聲', 'wherewindsmeet', 'WWMOnMobile']",2026-09-07,19-41-16,Monday
318366585063,198882188,potatozytb,509658,Just Chatting,3612,2026-09-07T12:01:50Z,fr,"['cacabox', 'Français', 'Rock', 'SamanthaOops', 'Atchika', 'Sociologue', 'polemiste', 'Epicurieux', 'DropsActivés']",2026-09-07,19-41-16,Monday
318363492327,133464226,angieeeeee,516575,VALORANT,3601,2026-09-07T00:34:39Z,de,"['Deutsch', 'gamergirl', '420', 'german', 'valorant', 'Wiederholen']",2026-09-07,19-41-16,Monday
316826214486,414805368,ct0m,32399,Counter-Strike,3579,2026-09-07T11:25:28Z,ru,['Русский'],2026-09-07,19-41-16,Monday
318563200486,26819117,melharucos,512923,Baldur's Gate 3,3456,2026-09-07T07:04:26Z,ru,['Русский'],2026-09-07,19-41-16,Monday
316795466453,43539324,broxah,21779,League of Legends,3414,2026-09-07T05:46:39Z,en,"['ASMR', 'Educational', 'English']",2026-09-07,19-41-16,Monday
321398479707,36926489,yourragegaming,13332,Pokémon FireRed/LeafGreen,3319,2026-09-05T19:47:49Z,en,"['English', 'YRG', 'DropsEnabled']",2026-09-07,19-41-16,Monday
320129235422,75322837,chess24,743,Chess,3281,2026-09-07T09:16:15Z,en,"['English', 'chess', 'Esports', 'Strategy', 'Action', 'sports', 'Multiplayer', 'IRL', 'boardgame', 'GamesAndChatting']",2026-09-07,19-41-16,Monday
316480891379,48962167,vodkavdk,511224,Apex Legends,3270,2026-09-07T07:53:40Z,ja,"['日本語', 'ネタバレ禁止', 'Drops有効']",2026-09-07,19-41-16,Monday
318500385253,499126234,sterzik,515186,Crimson Desert,3207,2026-09-07T09:43:49Z,de,"['Deutsch', '18pluschannel', 'Sterzik', 'IndieHorror', 'Horror', 'indiegame']",2026-09-07,19-41-16,Monday
317665278178,50795214,sardoche,21779,League of Legends,3147,2026-09-07T09:29:23Z,fr,['Français'],2026-09-07,19-41-16,Monday
318562894950,45686477,gekkox3,31336,Metin2,3123,2026-09-07T05:52:01Z,de,"['Deutsch', 'F2P', 'pro', 'metin2']",2026-09-07,19-41-16,Monday
321254473433,1537638381,raisepromo99,498566,Slots,3048,2026-09-07T10:59:57Z,en,['English'],2026-09-07,19-41-16,Monday
316796512853,42316376,just_ns,29595,Dota 2,3037,2026-09-07T11:28:39Z,ru,['Русский'],2026-09-07,19-41-16,Monday
316038611817,83140564,karsalol,509658,Just Chatting,2986,2026-09-07T08:30:25Z,zh,"['中文', '启用掉宝']",2026-09-07,19-41-16,Monday
316000980840,1322264153,p1lepe1el1,516575,VALORANT,2977,2026-09-07T11:00:17Z,zh,"['Vtuber', '中文']",2026-09-07,19-41-16,Monday
315487521391,929140741,yuzumi_neon,516575,VALORANT,2935,2026-09-07T09:21:12Z,zh,"['Vtuber', '日本語', '中文', '子午計畫']",2026-09-07,19-41-16,Monday
320217445724,25458544,sequisha,902998079,Halloween: The Game,2852,2026-09-06T20:27:51Z,en,"['English', 'Solo', 'comedy']",2026-09-07,19-41-16,Monday
316795544917,232372312,pathofexilebota,1702520304,Path of Exile 2,2836,2026-09-07T06:22:49Z,ru,"['Русский', 'DropsВключены']",2026-09-07,19-41-16,Monday
318552216550,25722719,dakillzor,27546,World of Tanks,2782,2026-09-06T07:32:34Z,en,"['English', 'DropsEnabled']",2026-09-07,19-41-16,Monday
318564150502,59965916,rdulive,138585,Hearthstone,2753,2026-09-07T09:59:46Z,en,"['English', 'Autobattler', 'KEKW', 'Battlegrounds', 'Educational']",2026-09-07,19-41-16,Monday
316481077363,21390470,singsing,327598602,Onimusha: Way of the Sword,2693,2026-09-07T08:54:46Z,en,"['NoBackseating', 'English', 'dutch', 'DropsEnabled']",2026-09-07,19-41-16,Monday
318364801127,507426577,a_big_koko,417528,Albion Online,2668,2026-09-07T07:00:19Z,en,"['PvP', 'Solo', 'Drops', 'Dropsenabled', 'Sandbox', 'MMORPG', 'English']",2026-09-07,19-41-16,Monday
317664632290,96484186,yukaino,509658,Just Chatting,2663,2026-09-07T06:13:52Z,fr,"['Français', 'musique', 'humour', 'Politique', 'LGBTQ', 'chill', 'Actualités', 'papotage', 'bidet', 'DropsActivés']",2026-09-07,19-41-16,Monday
316413194737,89969094,zerost_s,263490,Rust,2660,2026-09-07T03:59:39Z,ja,['日本語'],2026-09-07,19-41-16,Monday
316870373332,711044449,rostikfacekid,29595,Dota 2,2646,2026-09-07T11:41:39Z,ru,['Русский'],2026-09-07,19-41-16,Monday
318563976166,99966887,saberlight00,29595,Dota 2,2638,2026-09-07T09:31:37Z,en,"['educational', 'czech', 'italiano', 'English']",2026-09-07,19-41-16,Monday
318563736422,128856353,mande,511224,Apex Legends,2619,2026-09-07T08:48:56Z,en,['English'],2026-09-07,19-41-16,Monday
321254553433,15697166,yotobi,66082,Games + Demos,2564,2026-09-07T11:27:47Z,it,['Italiano'],2026-09-07,19-41-16,Monday
315473377774,456798977,kspksp,516575,VALORANT,2557,2026-09-07T12:14:08Z,zh,['中文'],2026-09-07,19-41-16,Monday
316424788082,496789097,sabu_iko,32982,Grand Theft Auto V,2547,2026-09-07T11:23:34Z,ja,"['さぶ郎', '日本語']",2026-09-07,19-41-16,Monday
321317083738,181357564,tolkin,21779,League of Legends,2539,2026-09-07T09:05:46Z,de,['Deutsch'],2026-09-07,19-41-16,Monday
316413723121,94618049,tototmix,263490,Rust,2535,2026-09-07T07:04:41Z,ja,"['日本語', 'ネタバレ禁止']",2026-09-07,19-41-16,Monday
321252755801,51065352,faide,511224,Apex Legends,2529,2026-09-07T05:24:29Z,en,"['movement', 'solo', 'trios', 'Apex', 'wraith', 'English', 'ADHD']",2026-09-07,19-41-16,Monday
316061486570,169185650,robcdee,399457773,Bills Must Be Paid,2469,2026-09-07T04:00:02Z,en,"['Tokyo', 'Japan', 'Outdoors', 'Cycling', 'Exploration', 'Travel', 'Anime', 'Speedeating', 'English', 'Gout']",2026-09-07,19-41-16,Monday
317688347364,58753574,zeling,32982,Grand Theft Auto V,2455,2026-09-07T08:34:10Z,es,['Español'],2026-09-07,19-41-16,Monday
316796239573,91465245,fruktozka,509658,Just Chatting,2430,2026-09-07T10:16:52Z,ru,"['Позитивныйстрим', 'DropsВключены', 'нешарювмузыке', 'Русский']",2026-09-07,19-41-16,Monday
317700797923,48286022,tru3ta1ent,902998079,Halloween: The Game,2408,2026-09-07T10:15:22Z,en,"['English', 'DropsEnabled']",2026-09-07,19-41-16,Monday
321254571865,118155820,willerz,491931,Escape from Tarkov,2397,2026-09-07T11:33:06Z,en,"['English', 'chad', 'Friendly', 'Parkour', 'comedy', 'action', 'FPS', 'multiplayer']",2026-09-07,19-41-16,Monday
316414417649,276504990,shinjifromjapanxd,32982,Grand Theft Auto V,2375,2026-09-07T10:40:18Z,ja,['日本語'],2026-09-07,19-41-16,Monday
318366110951,31089858,dreadztv,1898040946,How to Fish,2371,2026-09-07T10:55:45Z,ru,['Русский'],2026-09-07,19-41-16,Monday
316423697522,153034674,alphaazur,263490,Rust,2364,2026-09-07T05:53:16Z,ja,['日本語'],2026-09-07,19-41-16,Monday
316825251798,39154501,des0ut,493057,PUBG: BATTLEGROUNDS,2293,2026-09-07T07:30:37Z,ru,"['Русский', 'DropsВключены']",2026-09-07,19-41-16,Monday
316062258282,23852822,failverde,509658,Just Chatting,2284,2026-09-07T08:48:02Z,zh,"['中文', '抽卡不歪', '超級幸運', '運氣超好', '這我婆', '启用掉宝']",2026-09-07,19-41-16,Monday
316039225321,128222917,bbbb87,509658,Just Chatting,2273,2026-09-07T11:35:55Z,zh,"['中文', '启用掉宝']",2026-09-07,19-41-16,Monday
318565132262,145611500,skylinetvlive,509672,IRL,2271,2026-09-07T12:07:17Z,de,['Deutsch'],2026-09-07,19-41-16,Monday
315507336816,153497051,yoon_froggy,509658,Just Chatting,2262,2026-09-07T11:16:00Z,en,"['English', 'korean', 'yapping', 'dance', 'girl', '윤개굴이', 'frog', 'horror', 'DropsEnabled']",2026-09-07,19-41-16,Monday
316480805747,93305727,takayaspecial,263490,Rust,2252,2026-09-07T07:24:07Z,ja,"['日本語', '雑談']",2026-09-07,19-41-16,Monday
315487812591,126595970,restiafps,516575,VALORANT,2231,2026-09-07T11:48:08Z,zh,"['中文', '启用掉宝']",2026-09-07,19-41-16,Monday
316825292886,46717011,olofmeister,32399,Counter-Strike,2200,2026-09-07T07:43:28Z,en,"['English', 'CS2', 'gaming', 'beast', 'legend', 'MajorWinner', 'MVP', 'HallOfFame']",2026-09-07,19-41-16,Monday
316869529556,613410561,blindzonexgod,29595,Dota 2,2188,2026-09-07T07:33:47Z,ru,"['Русский', 'эмо', 'дота', 'dota2', 'качок', 'чадоизада', 'SWAT', 'киска', 'радинеё']",2026-09-07,19-41-16,Monday
316000948840,37278046,assentw,516575,VALORANT,2147,2026-09-07T10:48:38Z,zh,['中文'],2026-09-07,19-41-16,Monday
318499840357,84539108,nisqyy,21779,League of Legends,2146,2026-09-07T08:34:37Z,fr,"['Français', 'Chıll', 'English', 'Europe', 'leagueoflegends', 'MOBA', 'Anime', 'movie', 'gaming', 'food']",2026-09-07,19-41-16,Monday
316480730227,125575465,shootingmoon,509658,Just Chatting,2139,2026-09-07T06:59:58Z,ja,"['NTR経験済み', 'ギャン中はタルコフにはまる', 'パチンカス', 'バーで出会った人の家に住んでる男', '顔出し', '日本語', 'エアコン実装', '帰宅したら窓が無かった男', 'Drops有効']",2026-09-07,19-41-16,Monday
320267708640,1134296624,sukiimellow,509672,IRL,2106,2026-09-07T06:46:05Z,en,['English'],2026-09-07,19-41-16,Monday
315970557393,36483360,zizaran,1702520304,Path of Exile 2,2102,2026-09-07T07:45:45Z,en,"['English', 'DropsEnabled']",2026-09-07,19-41-16,Monday
316480737651,1291086815,ssssshaoooo,511224,Apex Legends,2098,2026-09-07T07:01:36Z,zh,"['中文', '掉寶']",2026-09-07,19-41-16,Monday
316424441586,689257502,mitsuki_mitsuu,32982,Grand Theft Auto V,2063,2026-09-07T10:01:17Z,ja,"['ストグラ', '日本語']",2026-09-07,19-41-16,Monday
316414652785,48677263,lazvell,263490,Rust,2060,2026-09-07T11:28:12Z,ja,"['日本語', 'チル']",2026-09-07,19-41-16,Monday
318501779173,121835095,mellstroy,493057,PUBG: BATTLEGROUNDS,2036,2026-09-07T12:35:35Z,ru,['Русский'],2026-09-07,19-41-16,Monday
316424360946,11692694,uzra,516575,VALORANT,2023,2026-09-07T09:36:00Z,zh,['中文'],2026-09-07,19-41-16,Monday
317699478243,118722736,zerator_247,499973,Always On,2002,2026-09-07T03:00:04Z,fr,"['AlwaysOn', '247Stream', '247Live', 'nonstop', 'replay', 'Français', 'Rediffusion']",2026-09-07,19-41-16,Monday
317701018723,25690271,bystaxx,32399,Counter-Strike,1981,2026-09-07T11:07:52Z,es,['Español'],2026-09-07,19-41-16,Monday
318364646503,98916815,sunglitters,31339,Project Zomboid,1957,2026-09-07T06:30:12Z,en,"['English', 'German', 'potatoes', 'Vtuber', 'Deutsch', 'OnlyFangs', 'ZNN']",2026-09-07,19-41-16,Monday
319142309335,45221641,bean,498566,Slots,1953,2026-09-07T11:56:05Z,en,"['English', 'gambling', 'youtube', 'tiktok', 'twitter', 'american', 'usa', 'texas']",2026-09-07,19-41-16,Monday
316414104433,818506560,gocchanmikey,511224,Apex Legends,1941,2026-09-07T09:10:31Z,ja,"['日本語', 'ストグラ']",2026-09-07,19-41-16,Monday
318364813287,166279350,loeya,33214,Fortnite,1935,2026-09-07T07:02:15Z,en,"['BattleRoyale', 'English']",2026-09-07,19-41-16,Monday
319138612951,1305342529,theburntpeanut_247,499973,Always On,1904,2026-09-07T03:52:24Z,en,"['English', 'VOD', 'Rerun', 'arcraiders', 'tobacco']",2026-09-07,19-41-16,Monday
316062304362,181185692,gssspotted,509672,IRL,1891,2026-09-07T09:03:58Z,th,['ภาษาไทย'],2026-09-07,19-41-16,Monday
318068150360,803677207,awie,491931,Escape from Tarkov,1855,2026-09-07T04:56:26Z,en,"['English', 'Vtuber', 'femboy', 'egirl', 'escapefromtarkov']",2026-09-07,19-41-16,Monday
321428068827,545510563,juventibus,518203,Sports,1846,2026-09-07T12:04:28Z,it,"['Italiano', 'DropAbilitati']",2026-09-07,19-41-16,Monday
318565166822,843295282,artemgraph,509658,Just Chatting,1838,2026-09-07T12:10:03Z,ru,"['Русский', 'АртемГраф', 'DropsВключены']",2026-09-07,19-41-16,Monday
316414614257,858359149,ramuneshiranami,21779,League of Legends,1834,2026-09-07T11:20:47Z,ja,"['日本語', '聞いたら教えて']",2026-09-07,19-41-16,Monday
318365002727,22712717,tortedelini,327598602,Onimusha: Way of the Sword,1818,2026-09-07T07:39:34Z,en,"['English', 'BackseatingAllowed', 'gorgc', 'tortedelini', 'DropsEnabled', 'onimusha']",2026-09-07,19-41-16,Monday
317688878564,26538483,sips_,491962037,Big Ambitions,1810,2026-09-07T10:49:58Z,en,"['English', 'falconry', 'bronzesmith', 'Dad', 'mapmaking', 'esportsready', 'albino', 'Garagegaming', 'nevernude', 'BeachHaters']",2026-09-07,19-41-16,Monday
316796638549,48978939,pch3lk1n,32399,Counter-Strike,1809,2026-09-07T11:59:27Z,ru,['Русский'],2026-09-07,19-41-16,Monday
316481869555,620390771,s201111,509658,Just Chatting,1809,2026-09-07T12:02:33Z,zh-hk,"['粵語', '中文', '中文粵語', '香港', 'HongKong', 'HK', '廣東話', 'kpop']",2026-09-07,19-41-16,Monday
321254719449,86016923,camy,512710,Call of Duty: Warzone,1805,2026-09-07T12:19:40Z,en,"['ADHD', 'LOUD', 'funny', 'English', 'DropsEnabled']",2026-09-07,19-41-16,Monday
316870155988,115842730,icebergdoto,29595,Dota 2,1801,2026-09-07T10:50:07Z,ru,"['Русский', 'midorfeed', 'dota2', 'дота2', 'Дота']",2026-09-07,19-41-16,Monday
318366497895,151883075,mahluna,509658,Just Chatting,1797,2026-09-07T11:52:01Z,de,"['Deutsch', 'DropsAktiviert']",2026-09-07,19-41-16,Monday
316869629268,583602418,off_kuka358,401587136,Arena Breakout: Infinite,1787,2026-09-07T08:11:01Z,ru,"['kuka358', 'kuka', 'кука358', 'кука', 'Русский', 'drops']",2026-09-07,19-41-16,Monday
316414777585,41952329,bijusan,509658,Just Chatting,1784,2026-09-07T11:50:05Z,ja,"['日本語', 'Drops有効']",2026-09-07,19-41-16,Monday
316796022357,210983926,guzu,13332,Pokémon FireRed/LeafGreen,1777,2026-09-07T09:13:41Z,en,"['English', 'DropsEnabled']",2026-09-07,19-41-16,Monday
318564174694,272573477,doctorul_,509658,Just Chatting,1761,2026-09-07T10:02:33Z,ro,"['Română', 'DropsSuntActivate']",2026-09-07,19-41-16,Monday
316825003606,55726613,define,32399,Counter-Strike,1748,2026-09-07T05:55:12Z,en,"['Esports', 'English', 'premier', 'cs2', 'IGL', 'faceit', '3kelo']",2026-09-07,19-41-16,Monday
316000485224,66548548,dingding248,516575,VALORANT,1738,2026-09-07T08:23:20Z,zh,['中文'],2026-09-07,19-41-16,Monday
316795466325,98311933,madarapoe,1702520304,Path of Exile 2,1730,2026-09-07T05:46:38Z,ru,"['Русский', 'gym', 'gachi', 'MF', 'English', 'DropsВключены']",2026-09-07,19-41-16,Monday
316870386644,669445653,korya_mc,509658,Just Chatting,1701,2026-09-07T11:44:34Z,ru,"['Русский', 'DropsВключены']",2026-09-07,19-41-16,Monday
316796554069,1518805158,alnarabduiiaev_40656,29595,Dota 2,1682,2026-09-07T11:38:18Z,ru,"['anarabdullaev', 'anarabdulaev', 'anar', 'анарабдулаев', 'АНАРАБДУЛЛАЕВ', 'анар', 'sasavot', 'сасавот', 'ирл', 'irl']",2026-09-07,19-41-16,Monday
317700203107,596109457,veevss,516575,VALORANT,1677,2026-09-07T08:01:26Z,en,"['English', 'eu', 'Cosplay', 'ASMR', 'egirl', 'girl', 'mommy', 'crashout']",2026-09-07,19-41-16,Monday
318069062616,151368796,piratesoftware,1469308723,Software and Game Development,1675,2026-09-07T07:29:19Z,en,"['English', 'Programming', 'GameDev', 'NotMyBirthday', 'DropsEnabled']",2026-09-07,19-41-16,Monday
316869593044,265525984,lens_doto,29595,Dota 2,1674,2026-09-07T07:59:30Z,ru,['Русский'],2026-09-07,19-41-16,Monday
316414180977,582765062,peter,327598602,Onimusha: Way of the Sword,1672,2026-09-07T09:34:09Z,en,"['Forehead', 'AMA', 'VoiceActing', 'Japan', 'English', 'NoSpoilers', 'Nerdity', 'IRL', 'fortyplusgamers', 'DropsEnabled']",2026-09-07,19-41-16,Monday
315487446511,175390873,eat1025,509658,Just Chatting,1643,2026-09-07T08:40:28Z,zh,"['中文', '启用掉宝']",2026-09-07,19-41-16,Monday
317700762083,31813025,brucegrannec,509658,Just Chatting,1642,2026-09-07T10:04:58Z,fr,"['Français', 'DropsActivés']",2026-09-07,19-41-16,Monday
318565111270,40784764,shlorox,509658,Just Chatting,1640,2026-09-07T12:05:37Z,de,"['Deutsch', 'DropsAktiviert']",2026-09-07,19-41-16,Monday
316423457906,206506086,euriece,511224,Apex Legends,1635,2026-09-07T04:28:23Z,ja,"['日本語勉強', '日本語', 'EURIECE', '雑談', '日本', 'ユリース', 'Drops有効']",2026-09-07,19-41-16,Monday
316869087956,121202124,hadi_ow,515025,Overwatch,1631,2026-09-07T04:03:18Z,en,"['top500', 'german', 'English', 'Reinhardt', 'overwatch', 'Dominator', 'OWCS']",2026-09-07,19-41-16,Monday
317699921635,135629563,snoodyboo,513143,Teamfight Tactics,1609,2026-09-07T06:57:55Z,es,['Español'],2026-09-07,19-41-16,Monday
317688358628,23857542,preachlfw,18122,World of Warcraft,1599,2026-09-07T08:38:09Z,en,"['English', 'DropsEnabled']",2026-09-07,19-41-16,Monday
315507360240,77813460,piper729,516575,VALORANT,1598,2026-09-07T11:27:22Z,zh,"['烏克麗麗', '中文', 'English', 'girl']",2026-09-07,19-41-16,Monday
316795474133,262832931,absolut3,29595,Dota 2,1591,2026-09-07T05:50:49Z,ru,"['Русский', 'absolute', 'Обучение', 'mid', 'zxc', 'sf', 'dota', 'angelcore', 'English', 'cr7']",2026-09-07,19-41-16,Monday
317665470050,104391402,psp1g,509658,Just Chatting,1567,2026-09-07T10:19:21Z,en,"['English', 'forsen', 'xqcL', 'ADHD', 'vtuber', 'femboy', 'pngtuber', 'fps', 'gaming', 'DropsEnabled']",2026-09-07,19-41-16,Monday
316000381288,82120787,kawa1sheep,509658,Just Chatting,1563,2026-09-07T07:51:23Z,zh,"['中文', '启用掉宝']",2026-09-07,19-41-16,Monday
318844778102,601665123,luzu_tv,417752,Talk Shows & Podcasts,1563,2026-09-07T09:46:24Z,es,"['Español', 'DropsActivados']",2026-09-07,19-41-16,Monday
317665835874,622498423,otplol_,21779,League of Legends,1558,2026-09-07T11:44:43Z,fr,['Français'],2026-09-07,19-41-16,Monday
316870536404,57292293,ratirl,21779,League of Legends,1558,2026-09-07T12:15:33Z,en,['English'],2026-09-07,19-41-16,Monday
316039321577,197367758,hennie2001,516575,VALORANT,1558,2026-09-07T12:01:19Z,zh,"['中文', '台V', 'Vtuber']",2026-09-07,19-41-16,Monday
318501641701,57131280,drututt,21779,League of Legends,1557,2026-09-07T12:20:31Z,en,"['Positivity', 'rangedtop', 'polish', 'Vayne', 'OnlyLoveNoHate', 'English']",2026-09-07,19-41-16,Monday
316037588329,29528480,greentea,21779,League of Legends,1544,2026-09-07T01:58:59Z,zh,['中文'],2026-09-07,19-41-16,Monday
316062462954,100438963,ko0416,516575,VALORANT,1537,2026-09-07T09:54:28Z,zh,['中文'],2026-09-07,19-41-16,Monday
318501171685,151079000,skillz0r1337,509658,Just Chatting,1525,2026-09-07T11:25:25Z,ru,"['Русский', 'DropsВключены']",2026-09-07,19-41-16,Monday
318563241574,193602070,vansessy,116747788,"Pools, Hot Tubs, and Beaches",1523,2026-09-07T07:13:35Z,de,"['Deutsch', 'English', 'StandUpPaddling', 'girlstreamer', 'IRL', 'swimming']",2026-09-07,19-41-16,Monday
318364888423,60160906,gtimetv,1535225577,The Last of Us Part II Remastered,1518,2026-09-07T07:16:19Z,de,"['Deutsch', 'survivalgames', 'Grinder', 'PvE', 'Chilled']",2026-09-07,19-41-16,Monday
317701101155,39518378,sirmaza,516575,VALORANT,1509,2026-09-07T11:27:06Z,es,"['valorant', 'radiant', 'Español']",2026-09-07,19-41-16,Monday
318365788775,185460415,poly,13332,Pokémon FireRed/LeafGreen,1507,2026-09-07T10:06:21Z,it,"['Italiano', 'testaquadra', 'rubik', 'DropAbilitati']",2026-09-07,19-41-16,Monday
316414901105,214737896,minoru04160,511229,Pogostuck: Rage With Your Friends,1499,2026-09-07T12:05:08Z,ja,['日本語'],2026-09-07,19-41-16,Monday
320128963294,238973132,yuda1x,33214,Fortnite,1479,2026-09-07T07:54:36Z,en,"['English', 'arcraiders', 'trashgameplay', 'egirl', 'AimAssistEnjoyer', 'aimbot', 'goop', 'DropsEnabled']",2026-09-07,19-41-16,Monday
317665651810,48268330,anujbost,509658,Just Chatting,1478,2026-09-07T11:02:48Z,es,"['NOTICIAS', 'NEGOCIOS', 'ACTUALIDAD', 'ANUJ', 'ECONOMIA', 'ANJU', 'ESPAÑA', 'Español', 'DIVULGACIÓN', 'Argentina']",2026-09-07,19-41-16,Monday
318563202278,57361005,slayproxx,327598602,Onimusha: Way of the Sword,1470,2026-09-07T07:04:45Z,pl,"['Polski', 'DropyWłączone']",2026-09-07,19-41-16,Monday
316424751730,122391197,shiro_manta,32982,Grand Theft Auto V,1450,2026-09-07T11:15:31Z,ja,"['日本語', 'ネタバレ注意', '原稿のときはスクショ禁止', '鳩禁止', '固定コメント要確認', '左手デバイス']",2026-09-07,19-41-16,Monday
317666079202,1538129284,b0atyrs_nqs,459931,Old School RuneScape,1438,2026-09-07T12:29:27Z,en,['English'],2026-09-07,19-41-16,Monday
317701308131,30623831,quickybaby,27546,World of Tanks,1416,2026-09-07T12:08:13Z,en,"['English', 'drops', 'Drop', 'DropsEnabled']",2026-09-07,19-41-16,Monday
316038239977,102192603,mimiluckying,516575,VALORANT,1399,2026-09-07T06:28:36Z,zh,['中文'],2026-09-07,19-41-16,Monday
316421893746,25202416,shuteye_orange,902998079,Halloween: The Game,1397,2026-09-06T17:22:58Z,zh,"['中文', '恐怖遊戲', 'Horror', '恐怖', '燕雲十六聲', 'wherewindsmeet', '鬼武者', 'onimusha', '鬼武者ws', 'PR']",2026-09-07,19-41-16,Monday
316424047730,532916936,rinuyii,509658,Just Chatting,1391,2026-09-07T07:53:26Z,en,"['Japanese', 'English', 'wasian', 'DropsEnabled']",2026-09-07,19-41-16,Monday
316863803092,1054415488,hojuxohip,498566,Slots,1387,2026-09-06T11:15:45Z,pt,['Português'],2026-09-07,19-41-16,Monday
316414814833,700262945,idoce_69,516575,VALORANT,1383,2026-09-07T11:55:51Z,zh,"['中文', '冥想台', '聊天']",2026-09-07,19-41-16,Monday
318365387495,89824217,szelioficjalnie,32399,Counter-Strike,1363,2026-09-07T08:56:20Z,pl,['Polski'],2026-09-07,19-41-16,Monday
318500768997,220716126,fibii,460630,Rainbow Six Siege,1359,2026-09-07T10:30:55Z,de,['Deutsch'],2026-09-07,19-41-16,Monday
316423569138,143662611,tanukininja,513143,Teamfight Tactics,1358,2026-09-07T05:09:16Z,ja,"['日本語', 'アライグマ', '忍者', 'LoL', 'アナグマ', 'たぬき', 'ハクビシン']",2026-09-07,19-41-16,Monday
316795462741,133099286,azamat799,509658,Just Chatting,1353,2026-09-07T05:45:12Z,ru,"['Русский', 'DropsВключены']",2026-09-07,19-41-16,Monday
316796654421,110775952,skill4ltu,27546,World of Tanks,1352,2026-09-07T12:02:58Z,en,"['English', 'Lithuanian', 'drops', 'DropsEnabled']",2026-09-07,19-41-16,Monday
316414949361,807131251,ikoma_dogura,55453844,Street Fighter 6,1351,2026-09-07T12:11:46Z,ja,['日本語'],2026-09-07,19-41-16,Monday
317688209380,149682636,yann,602040818,NBA 2K27,1350,2026-09-07T07:51:13Z,fr,"['humour', 'sport', 'codjordan', 'rire', 'fun', 'openlobby', 'setup', 'Multitalentueux', 'Français', 'DropsActivés']",2026-09-07,19-41-16,Monday
318905664245,688858334,elpelotasssss,417528,Albion Online,1341,2026-09-07T09:54:59Z,es,"['Español', 'AlbionOnlineDrops', 'AlbionOnline', 'DropsActivados', 'English']",2026-09-07,19-41-16,Monday
318555511654,636587384,alveussanctuary,272263131,"Animals, Aquariums, and Zoos",1338,2026-09-06T13:31:25Z,en,"['English', 'TogetherForGood', 'purplemartins', 'Charity', 'DropsEnabled']",2026-09-07,19-41-16,Monday
318500386533,139208197,sologesang,513143,Teamfight Tactics,1332,2026-09-07T09:43:56Z,de,"['Deutsch', 'English', 'Vietnamese', 'FUTUREWORLDSWINNER', 'FUTUREDÖNERGIVEAWAYER']",2026-09-07,19-41-16,Monday
317701401827,38446500,revenant,509658,Just Chatting,1332,2026-09-07T12:24:29Z,es,"['Español', 'DropsActivados']",2026-09-07,19-41-16,Monday
316795564629,105214785,pablogaming13,29595,Dota 2,1331,2026-09-07T06:33:13Z,en,"['English', 'Sweden', 'dota2']",2026-09-07,19-41-16,Monday
317665300706,776265611,eleezabet,509658,Just Chatting,1331,2026-09-07T09:35:11Z,ru,"['Русский', 'girls', 'English', 'DropsВключены']",2026-09-07,19-41-16,Monday
320261559904,1312862940,asmongold247,515024,Diablo IV,1329,2026-09-06T22:26:02Z,en,['English'],2026-09-07,19-41-16,Monday
316038525161,69312625,nayomi0204,509658,Just Chatting,1328,2026-09-07T08:01:36Z,zh,"['Vtuber', '中文', '启用掉宝']",2026-09-07,19-41-16,Monday
319139876311,48946894,nitenightkid,31339,Project Zomboid,1323,2026-09-07T05:30:09Z,en,"['English', 'Chıll', 'vibesandchill', 'Tutorial', 'Learnerfriendly', 'music', 'TalksToChat']",2026-09-07,19-41-16,Monday
316414809713,503598254,brothers_baseball,518203,Sports,1322,2026-09-07T11:54:55Z,zh,"['運動', '棒球', '中信兄弟', '中文', '启用掉宝']",2026-09-07,19-41-16,Monday
318554515814,138310362,chefstrobel,509672,IRL,1314,2026-09-06T12:01:58Z,de,['Deutsch'],2026-09-07,19-41-16,Monday
321254478425,751561144,curly,1357871551,The Blood of Dawnwalker,1313,2026-09-07T11:01:20Z,en,"['English', 'Interactive', 'Chatty', 'ADHD', 'FirstPlaythrough', 'LGBTQIAPlus', 'Cosplay', 'Woman', 'Tattoos', 'BaldAlly']",2026-09-07,19-41-16,Monday
318499822181,1087920629,eisteelepeach_1,509672,IRL,1311,2026-09-07T08:31:53Z,de,"['Deutsch', 'flohmarkt', 'Müll', 'König', 'Gaunern']",2026-09-07,19-41-16,Monday
316863804884,1054415634,dizedi71,29452,Virtual Casino,1307,2026-09-06T11:15:56Z,pt,['Português'],2026-09-07,19-41-16,Monday
321253755481,32133240,jenazad,511554,Arknights,1301,2026-09-07T07:28:37Z,en,"['English', 'Anime', 'Mindbreak']",2026-09-07,19-41-16,Monday
316414371313,147479110,ow_pepper,32982,Grand Theft Auto V,1295,2026-09-07T10:28:02Z,ja,['日本語'],2026-09-07,19-41-16,Monday
321410275803,84316241,penta,32982,Grand Theft Auto V,1295,2026-09-06T08:13:00Z,en,"['English', 'Educational', 'Socialeating', 'DropsEnabled']",2026-09-07,19-41-16,Monday
317700882019,227217502,dino_xx,459931,Old School RuneScape,1291,2026-09-07T10:36:56Z,en,"['English', 'Osrs', 'Pking', 'DMAllstars2']",2026-09-07,19-41-16,Monday
317403159543,191043512,grimm,516575,VALORANT,1290,2026-09-07T09:51:34Z,en,['English'],2026-09-07,19-41-16,Monday
317700755555,30126363,rainbowzilla,509658,Just Chatting,1289,2026-09-07T10:03:20Z,en,"['English', 'SheThey', 'British', 'Neurodivergent', 'MentalHealth', 'ADHD', 'LurkerFriendly', 'ProYapper', 'DeadWeight', 'DropsEnabled']",2026-09-07,19-41-16,Monday
316796329941,115139051,vika_karter,789541545,World of Goo 2,1287,2026-09-07T10:42:33Z,ru,"['руина', 'лучшаястримерша', 'ноготочкисаратов', 'семейноесчастье', 'Русский']",2026-09-07,19-41-16,Monday
318564714854,1538116205,atzespins,498566,Slots,1286,2026-09-07T11:18:16Z,de,['Deutsch'],2026-09-07,19-41-16,Monday
320269001568,56865374,barbarousking,1357871551,The Blood of Dawnwalker,1285,2026-09-07T12:04:31Z,en,"['English', 'BaldWelcome', 'Kaizo', 'GorillaWins', 'memberofparliament', 'bauserhaus', 'DropsEnabled']",2026-09-07,19-41-16,Monday
316863805012,1054415727,sapypo15,29452,Virtual Casino,1281,2026-09-06T11:15:56Z,pt,['Português'],2026-09-07,19-41-16,Monday
316424512754,780941724,absol_dayo,516575,VALORANT,1280,2026-09-07T10:20:35Z,ja,"['VALORANT', '日本語', '雑談']",2026-09-07,19-41-16,Monday
318493066725,598365549,xah0b,27471,Minecraft,1271,2026-09-06T15:48:07Z,ru,"['Русский', 'СиськиТут', 'Ханов', 'Hanov', 'СиндромДауна', 'СосуСтинтику', 'НародныйСтример', 'ДелаетРазницу', 'ПАХАН']",2026-09-07,19-41-16,Monday
318365700455,79154984,biceptimusprime,386821,Black Desert,1271,2026-09-07T09:51:59Z,en,"['English', 'Drops', 'DropsEnabled']",2026-09-07,19-41-16,Monday
318365875303,157636141,tommykaylive,68351,Mount & Blade II: Bannerlord,1269,2026-09-07T10:21:16Z,en,"['English', 'History', 'Comedy', 'Variety', 'gaming', 'Chatty', 'ADHD', 'Roleplay']",2026-09-07,19-41-16,Monday
316480897011,777241187,kiruma_ch,263490,Rust,1269,2026-09-07T07:55:59Z,ja,"['日本語', 'ネタバレ禁止']",2026-09-07,19-41-16,Monday
316870459604,65411398,juice,1357871551,The Blood of Dawnwalker,1252,2026-09-07T12:00:08Z,ru,"['Русский', 'DropsВключены']",2026-09-07,19-41-16,Monday
316825338838,37133754,prefoxfox,18122,World of Warcraft,1247,2026-09-07T07:56:51Z,en,"['English', 'DropsEnabled', 'Speedrunning']",2026-09-07,19-41-16,Monday
316863802964,1054415674,synare35,498566,Slots,1246,2026-09-06T11:15:45Z,en,['English'],2026-09-07,19-41-16,Monday
317701319139,457974989,titoune,516575,VALORANT,1244,2026-09-07T12:09:29Z,fr,"['français', 'Cool', 'sympa', 'beau', 'INTELLIGENT', 'VALORANT', 'Français', 'radiant']",2026-09-07,19-41-16,Monday
318499133157,56580252,deadrabb1t,1702520304,Path of Exile 2,1241,2026-09-07T06:33:26Z,en,"['Positivity', 'AMA', 'ADHD', 'Interactive', 'Chatty', 'Educational', 'music', 'metalcore', 'Metal', 'English']",2026-09-07,19-41-16,Monday
316481662323,427263526,yukiofps14,513143,Teamfight Tactics,1237,2026-09-07T11:25:48Z,ja,['日本語'],2026-09-07,19-41-16,Monday
319135462871,763706766,redify,509658,Just Chatting,1233,2026-09-07T00:03:25Z,en,"['English', 'jasontheween', 'catgirl', 'meow', 'oscs', 'catboy', 'femboy', 'DropsEnabled']",2026-09-07,19-41-16,Monday
321427872475,790739876,vesper,509658,Just Chatting,1230,2026-09-07T11:06:56Z,en,"['horror', 'normal', 'bug', 'vtuber', 'English', 'DropsEnabled']",2026-09-07,19-41-16,Monday
316826315350,130313947,dmitry_bale,1357871551,The Blood of Dawnwalker,1229,2026-09-07T11:46:26Z,ru,"['Vtuber', 'Русский', 'Новинки', 'Игры', 'Общение', 'DropsВключены']",2026-09-07,19-41-16,Monday
318564837478,31545223,agurin,21779,League of Legends,1227,2026-09-07T11:33:01Z,de,"['Deutsch', 'English']",2026-09-07,19-41-16,Monday
316424422002,180584676,leotukuyomi,32982,Grand Theft Auto V,1224,2026-09-07T09:56:52Z,ja,['日本語'],2026-09-07,19-41-16,Monday
319131258967,22510310,gamesdonequick,1483574214,Games Done Quick,1223,2026-09-06T17:40:45Z,en,"['English', 'Speedrun', 'Rerun']",2026-09-07,19-41-16,Monday
317700846051,52647450,stodeh,1910993272,Bodycam,1222,2026-09-07T10:27:59Z,en,"['English', 'DropsEnabled']",2026-09-07,19-41-16,Monday
317688667236,234456766,jezu_lol,21779,League of Legends,1219,2026-09-07T10:02:08Z,fr,"['Français', 'ADC', 'ADCARRY', 'Challenger']",2026-09-07,19-41-16,Monday
317400600439,754571401,elcalvolol,509672,IRL,1217,2026-09-07T02:38:20Z,es,['Español'],2026-09-07,19-41-16,Monday
318562880742,205654898,keliencs,27471,Minecraft,1215,2026-09-07T05:48:37Z,ru,"['Русский', 'English', 'CS2', 'FPL']",2026-09-07,19-41-16,Monday
318549367526,106159308,gronkhtv,30028,The Elder Scrolls V: Skyrim,1211,2026-09-05T21:12:02Z,de,['Deutsch'],2026-09-07,19-41-16,Monday
316424066546,188490730,9qoq,509658,Just Chatting,1206,2026-09-07T08:00:09Z,zh,"['中文', '启用掉宝']",2026-09-07,19-41-16,Monday
316001087080,43177431,asiagodtonegg3be0,21779,League of Legends,1190,2026-09-07T11:32:12Z,zh,['中文'],2026-09-07,19-41-16,Monday
315472525806,144947284,tritonpoker,488190,Poker,1190,2026-09-07T04:45:39Z,en,"['English', 'poker', 'pokerlivestream', 'pokertournament', 'tritonpoker', 'DropsEnabled']",2026-09-07,19-41-16,Monday
315991378386,522478761,hackingnoisess,27471,Minecraft,1185,2026-09-07T10:57:41Z,en,"['Speedrun', 'English']",2026-09-07,19-41-16,Monday
318977599348,1149849174,melichuchu,1441208453,Once Human,1182,2026-09-07T11:02:16Z,en,"['oncehuman', 'NarakaBladePoint', 'keymailerco', 'Keymailer', 'NTEcreator', 'ArknightsEndfield', 'EnglishSpeaking', 'English', 'SpanishAndEnglish', 'spanish']",2026-09-07,19-41-16,Monday
318501591781,1538126482,donbote,498566,Slots,1167,2026-09-07T12:14:07Z,es,['Español'],2026-09-07,19-41-16,Monday
316870425428,53649632,naowh,18122,World of Warcraft,1162,2026-09-07T11:52:53Z,en,"['PvE', 'MDI', 'TGP', 'Retail', 'Raid', 'Tanking', 'English', 'Dungeons', 'ClassicEra', 'worldofwarcraft']",2026-09-07,19-41-16,Monday
320268789344,456577681,xthefarmerx,1702520304,Path of Exile 2,1158,2026-09-07T11:12:17Z,en,"['English', 'Bat', 'degeneracy', 'PoE', 'DropsEnabled']",2026-09-07,19-41-16,Monday
316869469780,38019007,f0rest,32399,Counter-Strike,1154,2026-09-07T07:11:19Z,en,"['Ranked', 'Pro', 'Beard', 'Boomer', 'Genius', 'Friendly', 'Chill', 'Bald', 'English', 'swedish']",2026-09-07,19-41-16,Monday
316413366641,74505272,keanelol,513143,Teamfight Tactics,1153,2026-09-07T05:02:58Z,en,['English'],2026-09-07,19-41-16,Monday
318564052326,124879433,spitzz,491487,Dead by Daylight,1153,2026-09-07T09:44:14Z,en,"['gorilla', 'English', 'DropsEnabled']",2026-09-07,19-41-16,Monday
316870548820,276109315,piskulya,509658,Just Chatting,1152,2026-09-07T12:18:40Z,ru,"['Русский', 'English', 'Cosplay', 'Dance', 'Chinese中文', 'DropsВключены']",2026-09-07,19-41-16,Monday
318562643558,57317154,steelmage,1702520304,Path of Exile 2,1151,2026-09-07T04:36:27Z,en,"['English', 'Australian', 'DropsEnabled']",2026-09-07,19-41-16,Monday
318563642854,89895334,freiraumreh,509658,Just Chatting,1148,2026-09-07T08:30:48Z,de,"['Deutsch', 'Ally', 'politik', 'feminismus', 'LGBTQ', 'weltgeschehen', 'popkultur', 'DropsAktiviert']",2026-09-07,19-41-16,Monday
318977758068,795644307,controllerosa,497585,Graveyard Keeper,1145,2026-09-07T12:05:14Z,pt,"['Autista', 'gamergirl', 'live', 'woman', '4fun', 'Português']",2026-09-07,19-41-16,Monday
316423839218,733702038,dimanjapan,509658,Just Chatting,1144,2026-09-07T06:42:38Z,ru,"['Путешествия', 'Япония', 'Аниме', 'Japan', 'Travel', 'Русский', 'Hardcore', 'chill', 'DropsВключены']",2026-09-07,19-41-16,Monday
318565009254,454035172,fcinter1908_official,518203,Sports,1135,2026-09-07T11:53:56Z,it,"['Italiano', 'inter', 'calcio', 'calciomercato', 'Fantacalcio', 'fantacalcio', 'seriea', 'fcinternazionale', 'livereaction', 'DropAbilitati']",2026-09-07,19-41-16,Monday
318565124454,29214396,mastertay,32982,Grand Theft Auto V,1133,2026-09-07T12:07:07Z,de,"['Deutsch', 'Roleplay', 'Buxtehude', 'UnityLifeDE', 'Mastertay']",2026-09-07,19-41-16,Monday
316062583402,566506186,pubgthailandofficial,493057,PUBG: BATTLEGROUNDS,1133,2026-09-07T10:31:53Z,th,['ภาษาไทย'],2026-09-07,19-41-16,Monday
318501663973,49440419,qojqva,29595,Dota 2,1133,2026-09-07T12:22:33Z,en,['English'],2026-09-07,19-41-16,Monday
316061571434,25236843,a541021,19976,MapleStory,1125,2026-09-07T04:41:20Z,zh,['中文'],2026-09-07,19-41-16,Monday
316796022741,135377687,posty,263490,Rust,1123,2026-09-07T09:13:51Z,en,"['FPS', 'PVP', 'English', 'solo', 'xd', 'Rust', 'highpop', 'GOAT', 'DropsEnabled']",2026-09-07,19-41-16,Monday
316038819433,724162819,makofukasame,18893,Metal Gear Solid 4: Guns of the Patriots,1110,2026-09-07T09:35:11Z,en,"['Woman', 'Australia', 'English', 'Vtuber', 'Hag', 'Collab']",2026-09-07,19-41-16,Monday
315990729298,92743646,j4ckie,1435206302,Slay the Spire II,1108,2026-09-07T06:30:15Z,en,"['English', 'A10']",2026-09-07,19-41-16,Monday
316825689814,94977989,radika1fa,29595,Dota 2,1097,2026-09-07T09:25:40Z,ru,['Русский'],2026-09-07,19-41-16,Monday
316825995734,123364886,timofey,509658,Just Chatting,1094,2026-09-07T10:38:42Z,ru,"['Русский', 'DropsВключены']",2026-09-07,19-41-16,Monday
321428052827,690460356,darkmasuotv,509658,Just Chatting,1089,2026-09-07T12:00:08Z,ja,"['日本語', 'Drops有効']",2026-09-07,19-41-16,Monday
320266630624,14408894,cdnthe3rd,509658,Just Chatting,1085,2026-09-07T04:10:02Z,en,"['WARDOGS', 'Community', 'HighSkill', 'PvP', 'BidetEnthusiast', 'ElectricToothbrushUser', 'DFWPYUO', 'English']",2026-09-07,19-41-16,Monday
316038164457,401670504,oatley,33214,Fortnite,1083,2026-09-07T06:01:51Z,en,"['FamilyFriendly', 'Fortnite', 'BattleRoyale', 'Multiplayer', 'Action', 'Competitive', 'Professional', 'Positivity', 'PC', 'English']",2026-09-07,19-41-16,Monday
316869955028,27954235,nuke73,509658,Just Chatting,1081,2026-09-07T09:56:59Z,ru,"['Русский', 'DropsВключены']",2026-09-07,19-41-16,Monday
315999669224,92113890,midbeast,21779,League of Legends,1078,2026-09-07T03:02:54Z,en,"['leagueoflegends', 'English', 'LyingEncouraged', 'Manipulator', 'Anime', 'Australia', 'dinosaurs', 'Affectionate', 'Golf', 'trapezoid']",2026-09-07,19-41-16,Monday
318366159847,793739530,kyzer98live,509658,Just Chatting,1073,2026-09-07T11:02:35Z,de,"['Deutsch', 'DropsAktiviert']",2026-09-07,19-41-16,Monday
317665633762,452746699,dyarikku,509660,Art,1072,2026-09-07T10:58:42Z,en,"['NoBackseating', 'DigitalArt', 'Vtuber', 'Hat', 'English', 'Anime', 'Music', 'Tsundere', 'Borpa', 'DropsEnabled']",2026-09-07,19-41-16,Monday
316478607987,157825412,matsuri_hs,138585,Hearthstone,1069,2026-09-06T15:56:06Z,ja,['日本語'],2026-09-07,19-41-16,Monday
316796001493,480389806,hesoyamof1974,401587136,Arena Breakout: Infinite,1068,2026-09-07T09:05:24Z,ru,"['Русский', 'deltaforce', 'DeltaForceGame', 'arenabreakoutinfinite']",2026-09-07,19-41-16,Monday
316870198484,894649045,tenkedzu,401587136,Arena Breakout: Infinite,1067,2026-09-07T11:01:07Z,ru,['Русский'],2026-09-07,19-41-16,Monday
318565035878,1198598653,vodkateams,509658,Just Chatting,1061,2026-09-07T11:57:22Z,ru,"['Русский', 'cs', 'кс', 'пабг', 'DropsВключены']",2026-09-07,19-41-16,Monday
318563099878,53268737,crownie_lol,21779,League of Legends,1056,2026-09-07T06:42:49Z,en,['English'],2026-09-07,19-41-16,Monday
316481316339,614603576,nenemaru220,32982,Grand Theft Auto V,1056,2026-09-07T10:03:38Z,ja,"['Vtuber', '寧々丸', '日本語']",2026-09-07,19-41-16,Monday
316038425193,1348099501,hitomi_teraz,516575,VALORANT,1045,2026-09-07T07:31:15Z,zh,"['Vtuber', '中文', '子午計畫']",2026-09-07,19-41-16,Monday
318069042648,543631090,gnomonkey,459931,Old School RuneScape,1042,2026-09-07T07:24:31Z,en,"['English', 'OSRS', 'Guidemaker', 'Speedrunner', 'WorldsFirstChaser', 'HCIM', 'DropsEnabled']",2026-09-07,19-41-16,Monday
318501463525,912873061,emochhkaa,599619814,Casino Jackpot,1042,2026-09-07T12:00:24Z,ru,"['Русский', 'cs2faceit', 'CS2', 'emo', 'emokid']",2026-09-07,19-41-16,Monday
320129873886,31688366,symfuhny,1264310518,Marvel Rivals,1041,2026-09-07T12:16:18Z,en,['English'],2026-09-07,19-41-16,Monday
316017530963,52432582,mrgibbon,490948,The Isle,1039,2026-09-07T11:46:36Z,en,"['English', 'Irish']",2026-09-07,19-41-16,Monday
318563472230,205190362,strikerboyttv,18122,World of Warcraft,1037,2026-09-07T08:00:52Z,de,"['Deutsch', 'WorldofWarcaft', 'RetributionPaladin', 'MythischPlus', 'gemeinsamzocken', 'Deutsch', 'DropsAktiviert']",2026-09-07,19-41-16,Monday
318500402405,35806568,pantoufl,509658,Just Chatting,1031,2026-09-07T09:46:35Z,fr,"['Français', 'DropsActivés', 'zevent', 'Zevent2026']",2026-09-07,19-41-16,Monday
316414379633,463657800,wakiwaki612,32982,Grand Theft Auto V,1029,2026-09-07T10:30:04Z,ja,"['サブスクビッツ乞食', 'わきを', '雑談', 'ストグラ', 'GTA', 'MADTOWN', 'スト鯖', 'VCRRUST', '脇逢魔', '日本語']",2026-09-07,19-41-16,Monday
316424535538,145248977,rio_taro,32982,Grand Theft Auto V,1027,2026-09-07T10:26:35Z,ja,['日本語'],2026-09-07,19-41-16,Monday
318500709861,49082280,v1nkub,512710,Call of Duty: Warzone,1022,2026-09-07T10:23:10Z,de,"['Deutsch', 'Warzone', 'COD', 'VinKub', 'Rebirth', 'zodiac', 'DropsAktiviert']",2026-09-07,19-41-16,Monday
318500452325,72624805,150k,32399,Counter-Strike,1016,2026-09-07T09:52:39Z,en,"['English', 'Deutsch', 'CS2', 'lvl10', 'Switzerland', 'Competitive', 'fps', 'german', 'Schweiz']",2026-09-07,19-41-16,Monday
316826441046,71089431,lagoda1337,509658,Just Chatting,1012,2026-09-07T12:10:53Z,ru,"['Русский', 'DropsВключены']",2026-09-07,19-41-16,Monday
316062590698,1047145019,mayj0501,516575,VALORANT,1010,2026-09-07T10:34:55Z,zh,"['中文', '魔法師', '暴言系', '手手', '打瓦裏人格', '躁躁人', 'Vtuber', '怪人']",2026-09-07,19-41-16,Monday
318500730341,39159998,naguura,31339,Project Zomboid,1004,2026-09-07T10:25:43Z,de,"['Educational', 'English', 'German', 'Deutsch']",2026-09-07,19-41-16,Monday
318501179109,25270623,florryworry,1414406743,Europa Universalis V,1000,2026-09-07T11:26:20Z,en,"['English', 'Strategy']",2026-09-07,19-41-16,Monday
316480902259,212474095,guilty1223,263490,Rust,990,2026-09-07T07:56:51Z,ja,['日本語'],2026-09-07,19-41-16,Monday
318844975478,44099416,rakin,417528,Albion Online,983,2026-09-07T11:16:11Z,pt,"['Português', 'DropsAtivados']",2026-09-07,19-41-16,Monday
318501316069,216221783,anaaja,509658,Just Chatting,977,2026-09-07T11:44:08Z,de,"['Deutsch', 'SafeSpace', 'toller', 'stream', 'deine', 'Mutter', 'DropsAktiviert']",2026-09-07,19-41-16,Monday
317665027042,137831666,situation,2132205352,Deadlock,975,2026-09-07T08:28:07Z,en,"['English', 'ranked', 'haze', 'wraith']",2026-09-07,19-41-16,Monday
317665054818,547487995,zyro,512710,Call of Duty: Warzone,974,2026-09-07T08:34:34Z,en,"['warzone', 'fps', 'movement', 'controller', 'English']",2026-09-07,19-41-16,Monday
320129720926,12731745,deadlyslob,491931,Escape from Tarkov,973,2026-09-07T11:40:51Z,en,"['Canada', 'SlightlyAboveAverage', 'English', 'hotdogconversations', '1008px60FPS', '1995FinnishRallyChamp', 'UNC', 'NostraDoofus', 'ToiletVacation']",2026-09-07,19-41-16,Monday
317664517218,416031592,solaryhs,138585,Hearthstone,968,2026-09-07T05:02:45Z,fr,['Français'],2026-09-07,19-41-16,Monday
317688610148,88959886,fekah_,20596,Dofus,967,2026-09-07T09:48:54Z,fr,['Français'],2026-09-07,19-41-16,Monday
321421735131,204659019,lockintj,602040818,NBA 2K27,963,2026-09-07T01:10:13Z,en,"['2k', 'comp', 'English', '2k26', '2K27', 'DropsEnabled']",2026-09-07,19-41-16,Monday
315473150830,70857747,mmgeneral,509672,IRL,961,2026-09-07T10:25:01Z,zh,['中文'],2026-09-07,19-41-16,Monday
317665252194,513749125,nannitwitch,13332,Pokémon FireRed/LeafGreen,960,2026-09-07T09:21:57Z,it,"['Italiano', 'DropAbilitati']",2026-09-07,19-41-16,Monday
317689228260,62651386,general_hs_,21779,League of Legends,957,2026-09-07T12:00:46Z,ru,"['Русский', 'АХАХАХАХАХА', 'активныйстример', 'Амазинг', 'Антискам', 'Азиаточки', 'ахуитизм', 'папик']",2026-09-07,19-41-16,Monday
317402199671,601213281,studytme,509672,IRL,957,2026-09-07T06:28:06Z,en,"['English', 'Italiano', 'Français', 'Español', 'Chinese中文', 'LGBTQIAPlus', '2k', 'Mongolia', 'DropsEnabled']",2026-09-07,19-41-16,Monday
317700665699,84413008,cinkrofwest,32399,Counter-Strike,945,2026-09-07T09:40:52Z,pl,"['Polski', 'HighEloGameplay', 'HigheloJungler', 'D1']",2026-09-07,19-41-16,Monday
316000228584,58686695,hyper2374,763313082,Duet Night Abyss,944,2026-09-07T06:59:53Z,zh,"['中文', '搞笑擔當', '開台持久', '群皆大佬']",2026-09-07,19-41-16,Monday
317700445795,60408047,voltariux,513143,Teamfight Tactics,942,2026-09-07T08:52:26Z,fr,['Français'],2026-09-07,19-41-16,Monday
317665034338,432857248,krolay,263490,Rust,935,2026-09-07T08:29:48Z,fr,"['solo', 'rouille', 'FR', 'Français', 'fps', 'pro', 'creator', 'body', 'Rust', 'Rust']",2026-09-07,19-41-16,Monday
318565072742,236507843,pizfn,33214,Fortnite,934,2026-09-07T12:01:17Z,it,['Italiano'],2026-09-07,19-41-16,Monday
320256095328,105458682,bobross,509660,Art,928,2026-09-06T14:35:19Z,en,"['English', 'DropsEnabled']",2026-09-07,19-41-16,Monday
320129856606,406581322,fuzzthebeast,509658,Just Chatting,927,2026-09-07T12:13:07Z,en,"['gta', 'police', 'Leo', 'Military', 'Gamer', 'English', 'GrandTheftAutoV', 'Roleplay', 'TARP', 'TheAcademyRolePlay']",2026-09-07,19-41-16,Monday
318499203301,174706292,peettko,18122,World of Warcraft,927,2026-09-07T06:48:06Z,en,"['MMORPG', 'JustChatting', 'Roleplay', 'WorldofWarcraft', 'Competitive', 'fun', 'English', 'DropsEnabled']",2026-09-07,19-41-16,Monday
318365106279,8822303,overpow,21779,League of Legends,926,2026-09-07T07:59:47Z,pl,['Polski'],2026-09-07,19-41-16,Monday
317700978787,546719087,gh0starcade,491487,Dead by Daylight,925,2026-09-07T10:59:37Z,en,"['NorthernIreland', 'Ally', 'Chatty', 'Hyped', 'Memes', 'DeadbyDaylightPartner', 'English', 'Irish', 'dbdcreator', 'DropsEnabled']",2026-09-07,19-41-16,Monday
318365574631,48981694,loltiesel,21779,League of Legends,923,2026-09-07T09:27:57Z,el,"['philosophy', 'Science', 'Tall', 'NBA', 'shredded', 'Muscles', 'greek', 'Ελληνικά']",2026-09-07,19-41-16,Monday
321238404441,581721883,lolworldchampionship,21779,League of Legends,919,2026-09-06T14:24:23Z,en,"['rebroadcast', 'LeagueofLegends', 'MSI', 'LoLWorlds', 'English', 'Charity']",2026-09-07,19-41-16,Monday
317699761507,40760591,gobgg,376500771,Hades II,916,2026-09-07T05:57:39Z,fr,['Français'],2026-09-07,19-41-16,Monday
319142284631,603050806,m1xerboy,509672,IRL,913,2026-09-07T11:49:36Z,ru,['Русский'],2026-09-07,19-41-16,Monday
317665612514,526061467,adilrami23,509658,Just Chatting,909,2026-09-07T10:54:06Z,fr,"['adilrami', 'France', 'Français', 'stream', 'CODNEXT', 'DropsActivés']",2026-09-07,19-41-16,Monday
316863352660,118031210,meetenshow,32399,Counter-Strike,909,2026-09-06T10:02:59Z,ru,"['Русский', 'митин', 'легенда', 'bmw', 'meeten', 'f30', 'марафон', '24часа', 'артурмитин']",2026-09-07,19-41-16,Monday
318069200472,195188641,yrchang_,509658,Just Chatting,907,2026-09-07T08:03:11Z,zh,"['中文', 'English', '启用掉宝']",2026-09-07,19-41-16,Monday
318365530343,88239974,lpgjustjohnny,513143,Teamfight Tactics,903,2026-09-07T09:19:52Z,de,"['Deutsch', 'English']",2026-09-07,19-41-16,Monday
318501546085,1538125658,tragaperrasog,498566,Slots,898,2026-09-07T12:08:53Z,es,['Español'],2026-09-07,19-41-16,Monday
316414250225,271117427,m2_kento_heluan,32982,Grand Theft Auto V,882,2026-09-07T09:56:12Z,ja,"['オンライン', 'FPS', '実況プレイ', '日本語', 'valorant', 'ストグラ', 'グラセフ5オンライン', '雑談']",2026-09-07,19-41-16,Monday
316870151892,56715467,neonomi,1414860634,The Binding of Isaac: Repentance,873,2026-09-07T10:49:16Z,ru,"['Русский', 'English']",2026-09-07,19-41-16,Monday
318365463783,53657951,awfdota,778386489,The Last of Us Part I,871,2026-09-07T09:08:26Z,ru,"['Ukraine', 'English', 'psychokids', 'DementiaGaming', 'AlzheimersAwareness', '67enthusiast', 'animegirlgamer', 'Русский']",2026-09-07,19-41-16,Monday
316000547432,769058445,lovella,509659,ASMR,870,2026-09-07T08:41:37Z,en,"['VTuber', 'ASMR', 'English', 'Kisses', 'Relax', 'Sleep', 'asian', 'earlicks', 'FEET', 'LEBRON']",2026-09-07,19-41-16,Monday
316795611861,29128211,browjey,66082,Games + Demos,870,2026-09-07T06:53:58Z,ru,['Русский'],2026-09-07,19-41-16,Monday
317664852322,32373176,ricfazeres,509658,Just Chatting,869,2026-09-07T07:41:49Z,pt,"['Português', 'VarietyGaming', 'DropsAtivados']",2026-09-07,19-41-16,Monday
319140036055,131727592,ecdycis,1038730744,Withering Realms,869,2026-09-07T05:43:34Z,en,"['English', 'Horror', 'SawCon', 'Cozy', 'Speedrun', 'Spooky', 'CBT', 'Latino', 'Retro']",2026-09-07,19-41-16,Monday
316825414614,121228500,casinodaddy,498566,Slots,869,2026-09-07T08:16:33Z,en,"['English', 'justchatting', 'gaming', 'IRL', 'Fortnite', 'minecraft', 'GrandTheftAutoV', 'leagueoflegends', 'valorant', 'counterstrike2']",2026-09-07,19-41-16,Monday
316000329064,38009333,sixentv,21779,League of Legends,868,2026-09-07T07:33:36Z,fr,"['Français', 'DropsActivés', 'IRL', 'corée', 'vlog', 'fr']",2026-09-07,19-41-16,Monday
316038497385,455113027,desperatenasus,21779,League of Legends,868,2026-09-07T07:52:25Z,en,['English'],2026-09-07,19-41-16,Monday
316038978281,1298993446,scharo,499634,Crypto,860,2026-09-07T10:20:24Z,en,['English'],2026-09-07,19-41-16,Monday
316826280150,61294188,anniefuchsia,31339,Project Zomboid,853,2026-09-07T11:38:54Z,en,"['Swedish', 'Svenska', 'ADHD', 'Girl', 'EarlyAccess', 'Variety', 'Female', 'English', 'CC']",2026-09-07,19-41-16,Monday
316480950771,136443021,neth3,263490,Rust,850,2026-09-07T08:11:23Z,ja,['日本語'],2026-09-07,19-41-16,Monday
316038586857,89311693,bren_tm2,687129551,Trackmania,848,2026-09-07T08:21:58Z,en,['English'],2026-09-07,19-41-16,Monday
318905796725,1078197656,nokan777,29452,Virtual Casino,847,2026-09-07T11:06:21Z,pt,"['Português', 'EngIish']",2026-09-07,19-41-16,Monday
316017324115,124604785,kragiee,1264310518,Marvel Rivals,841,2026-09-07T10:07:37Z,en,['English'],2026-09-07,19-41-16,Monday
316870528084,36805559,mirlol,18122,World of Warcraft,839,2026-09-07T12:13:49Z,en,"['English', 'TBC', 'PvP', 'ADHD', 'DropsEnabled']",2026-09-07,19-41-16,Monday
318366179943,176121765,vladilol_,21779,League of Legends,838,2026-09-07T11:05:12Z,en,['English'],2026-09-07,19-41-16,Monday
316000802792,175865119,benfruit,65632,DayZ,838,2026-09-07T09:59:55Z,en,['English'],2026-09-07,19-41-16,Monday
318563745894,163299585,blastpremier,32399,Counter-Strike,836,2026-09-07T08:51:09Z,en,"['Esports', 'English', 'BLAST', 'blastpremier', 'counterstrike', 'counterstrike2', 'CS2', 'CS2Live', 'cs2twitch', 'cs2major']",2026-09-07,19-41-16,Monday
316039342569,21534857,wannasinging,1457501816,Cat Mail Co.,835,2026-09-07T12:05:56Z,zh,['中文'],2026-09-07,19-41-16,Monday
316796072149,112789349,nelyaray,509658,Just Chatting,834,2026-09-07T09:29:47Z,ru,"['games', 'irl', 'nelyaray', '89', '89SQUAD', 'Русский', 'DropsВключены']",2026-09-07,19-41-16,Monday
315989846994,199584859,casson,976324957,Fears to Fathom: Carson House,832,2026-09-06T22:12:35Z,en,"['British', 'English', 'chatting', 'horrorgames', 'DropsEnabled']",2026-09-07,19-41-16,Monday
318563612646,200080536,raidergo,21779,League of Legends,830,2026-09-07T08:25:57Z,en,"['English', 'leagueoflegends', 'Challenger', 'Darius', 'Jax', 'Olaf', 'Camille', 'DrMundo', 'Yorick', 'RANK1EUW']",2026-09-07,19-41-16,Monday
316414519409,177077276,hyoujun6238,491931,Escape from Tarkov,830,2026-09-07T11:03:04Z,ja,['日本語'],2026-09-07,19-41-16,Monday
316795664725,154242990,exigent_wires,491931,Escape from Tarkov,829,2026-09-07T07:13:03Z,ru,['Русский'],2026-09-07,19-41-16,Monday
317687443172,1110808352,cineillojuan,499973,Always On,828,2026-09-07T01:45:01Z,es,"['Español', 'Repetir']",2026-09-07,19-41-16,Monday
317665899490,106867975,skain,509658,Just Chatting,821,2026-09-07T11:57:26Z,es,['Español'],2026-09-07,19-41-16,Monday
318844947190,930155017,thomasrgn,29452,Virtual Casino,821,2026-09-07T11:06:54Z,pt,"['Português', 'ingles', 'cassino', 'bet', 'slots', 'bancareal']",2026-09-07,19-41-16,Monday
316870031700,162607043,shevronin,327598602,Onimusha: Way of the Sword,819,2026-09-07T10:16:55Z,ru,"['Русский', 'IRL', 'IRLобщение', 'DropsВключены']",2026-09-07,19-41-16,Monday
320128323806,26640321,leaflit,509658,Just Chatting,818,2026-09-07T05:37:23Z,en,"['English', 'Grifter', 'Weeb', 'Zoltraak', 'QuangoSlayer', 'Precure', 'idol', 'StellarHumanist', 'AImancer', 'villainess']",2026-09-07,19-41-16,Monday
316481075187,45839490,alfrea,1702520304,Path of Exile 2,818,2026-09-07T08:53:58Z,ja,"['ネタバレ禁止', 'アドバイス禁止', '日本語', 'Drops有効']",2026-09-07,19-41-16,Monday
321427806427,551855052,struggle_4,509658,Just Chatting,816,2026-09-07T10:46:47Z,en,['English'],2026-09-07,19-41-16,Monday
321315243098,29396564,peeve,512953,ELDEN RING,813,2026-09-07T04:48:32Z,en,"['NoCam', 'TrueDrakeWarrior', 'Variety', 'PvE', 'HardMode', 'English', 'Challenge', 'PvP', 'DropsEnabled']",2026-09-07,19-41-16,Monday
316481262323,47250099,xargon0731,32399,Counter-Strike,806,2026-09-07T09:50:36Z,zh,['中文'],2026-09-07,19-41-16,Monday
316480543859,472964924,okinawapex,516575,VALORANT,804,2026-09-07T05:52:19Z,ja,"['VALORANT', 'JP', '日本語', 'English', 'okinawa']",2026-09-07,19-41-16,Monday
318365633767,270259727,bratiki94,509658,Just Chatting,803,2026-09-07T09:39:50Z,ru,"['Русский', 'bratiki94', 'спортсмены', 'фитнес', 'twins', 'DropsВключены']",2026-09-07,19-41-16,Monday
318844183926,187404585,vinicius20204,509658,Just Chatting,800,2026-09-07T05:16:11Z,pt,"['English', 'Português', 'GrabTap', 'DropsAtivados']",2026-09-07,19-41-16,Monday
317689224548,582419043,agorafutbol,518203,Sports,797,2026-09-07T12:00:21Z,es,"['Español', 'deportes', 'deporte', 'fútbol', 'futbol', 'DropsActivados']",2026-09-07,19-41-16,Monday
317688813924,1527461425,peereira7_offline,499973,Always On,796,2026-09-07T10:33:57Z,es,['Español'],2026-09-07,19-41-16,Monday
316796217941,55867919,agromorph,1702520304,Path of Exile 2,795,2026-09-07T10:10:15Z,ru,"['Русский', 'дофаминовыекачели', 'дофаминовоеголодание', 'DropsВключены']",2026-09-07,19-41-16,Monday
316414097393,64662441,colour1020,29386,Taxi!,794,2026-09-07T09:08:50Z,zh-hk,['粵語'],2026-09-07,19-41-16,Monday
316415110257,516315196,yoshinama222,55453844,Street Fighter 6,793,2026-09-07T12:35:18Z,ja,['日本語'],2026-09-07,19-41-16,Monday
315472909422,139417491,woojungx4,509658,Just Chatting,790,2026-09-07T08:16:11Z,ko,"['한국어', 'Dance', 'KPOP', 'ENG', 'english', 'asia', 'tiwan', 'korea', 'KR']",2026-09-07,19-41-16,Monday
318564534118,24657677,back2warcraft,12924,Warcraft III,787,2026-09-07T10:57:12Z,en,"['Esports', 'strategy', 'rts', 'English', 'Deutsch']",2026-09-07,19-41-16,Monday
318563825894,139078933,xopxsam,491168,Clash Royale,786,2026-09-07T09:04:17Z,de,['Deutsch'],2026-09-07,19-41-16,Monday
316061420650,139414540,sean_913,32982,Grand Theft Auto V,781,2026-09-07T03:30:32Z,zh,"['歌之巨人', '163', '中文']",2026-09-07,19-41-16,Monday
318499893093,48192899,moonryde,102007682,God of War Ragnarök,780,2026-09-07T08:41:35Z,it,"['Italiano', 'fps', 'warzone', 'ita', 'cecchino', 'Moon', 'Moonryde', 'Bigbro', 'calldofduty', 'WZ']",2026-09-07,19-41-16,Monday
318501188069,40261250,fyrexxx,570615518,Resonance: A Plague Tale Legacy,779,2026-09-07T11:27:16Z,hu,"['Nessaj', 'Magyar', 'DropokEngedélyezve']",2026-09-07,19-41-16,Monday
318565080806,101020771,repaz,21779,League of Legends,779,2026-09-07T12:02:13Z,de,['Deutsch'],2026-09-07,19-41-16,Monday
321306409690,117083340,tpain,509673,Makers & Crafting,769,2026-09-06T21:22:53Z,en,"['English', 'music', 'gaming', 'simracing', 'SimDrifting', 'Editing', '3DModeling', '3DPrinting', 'DropsEnabled']",2026-09-07,19-41-16,Monday
317689225444,612088082,vicky_spleen,509658,Just Chatting,769,2026-09-07T12:00:26Z,fr,"['chill', 'asmrapproximatif', 'Speedrun', 'Français', 'LGBTQIAPlus', 'DropsActivés']",2026-09-07,19-41-16,Monday
316796178645,32184566,rxnexus,29595,Dota 2,766,2026-09-07T09:59:13Z,ru,['Русский'],2026-09-07,19-41-16,Monday
318365542119,38158532,drainys,493057,PUBG: BATTLEGROUNDS,765,2026-09-07T09:22:09Z,ru,"['Русский', 'pubg', 'спорт', 'justchatting', 'Shooter', 'drops']",2026-09-07,19-41-16,Monday
316869839060,23838963,mrrapolas,386821,Black Desert,760,2026-09-07T09:22:05Z,en,"['English', 'DropsEnabled']",2026-09-07,19-41-16,Monday
316481757811,460120312,nniru,511224,Apex Legends,759,2026-09-07T11:44:35Z,ja,['日本語'],2026-09-07,19-41-16,Monday
316826349526,1021870531,kasanofff,509658,Just Chatting,754,2026-09-07T11:53:42Z,ru,"['Русский', 'DropsВключены']",2026-09-07,19-41-16,Monday
315968565841,23179441,strippin,498592,I'm Only Sleeping,753,2026-09-06T16:16:48Z,en,"['English', 'Vtuber', 'RP', 'PingArthur']",2026-09-07,19-41-16,Monday
318366200039,64756920,gerrit,31339,Project Zomboid,751,2026-09-07T11:08:06Z,de,['Deutsch'],2026-09-07,19-41-16,Monday
316425081970,91967953,liang_0714,516575,VALORANT,750,2026-09-07T12:15:52Z,zh,['中文'],2026-09-07,19-41-16,Monday
319142041303,20694610,towelliee,18122,World of Warcraft,746,2026-09-07T10:39:22Z,en,"['tank', 'worldofwarcraft', 'entertainment', 'English', 'MMORPG', 'classicplus', 'wowmidnight', 'DropsEnabled', 'midnightseason2', 'protpaladin']",2026-09-07,19-41-16,Monday
316413877873,836587213,crtopioxd,263490,Rust,745,2026-09-07T07:57:28Z,ja,"['CR', '日本語', '顔出し配信', 'fps', '寝起き', 'ストグラ']",2026-09-07,19-41-16,Monday
316062498282,700221583,mrpokke,213930085,Honkai: Star Rail,744,2026-09-07T10:04:34Z,en,"['English', 'Singapore', 'Comfy', 'Educational', 'LOUD', 'Vtuber', 'ADHD', 'OVERWORKING', 'Chinese', 'DropsEnabled']",2026-09-07,19-41-16,Monday
320129633246,119522206,trey24k,491931,Escape from Tarkov,744,2026-09-07T11:15:25Z,en,"['English', 'pain', 'suffering']",2026-09-07,19-41-16,Monday
317689227876,102680338,farfa,1119642287,Yu-Gi-Oh! Master Duel,742,2026-09-07T12:00:44Z,en,"['yugioh', 'masterduel', 'English']",2026-09-07,19-41-16,Monday
318501240677,934460941,jetmax420,498566,Slots,742,2026-09-07T11:33:49Z,en,"['gamble', 'slots', 'social', 'toplum', 'casino', 'fortnitedirecto', 'Europe', 'English']",2026-09-07,19-41-16,Monday
318563508070,58221890,doktorfroid,509672,IRL,741,2026-09-07T08:06:27Z,de,"['Deutsch', 'reaction', 'reacts', 'Comedy', 'react', 'Variety', 'IRL', 'gaming']",2026-09-07,19-41-16,Monday
316825446486,235644046,wildanimalhs,138585,Hearthstone,735,2026-09-07T08:24:21Z,ru,['Русский'],2026-09-07,19-41-16,Monday
318563846118,764795715,polo_cs2,32399,Counter-Strike,734,2026-09-07T09:07:04Z,pl,['Polski'],2026-09-07,19-41-16,Monday
317700789859,35332416,shoxiejesuss,32399,Counter-Strike,733,2026-09-07T10:12:40Z,fr,"['Français', 'fun', 'chill', 'MajorWinner', 'Rediffusion']",2026-09-07,19-41-16,Monday
316826435414,1282498433,dafranvods,515025,Overwatch,733,2026-09-07T12:10:07Z,en,['English'],2026-09-07,19-41-16,Monday
320267499232,230151386,bajiru_en,509658,Just Chatting,732,2026-09-07T06:06:30Z,en,"['English', 'Vtuber', 'Karaoke', 'Singer', 'Mid', 'DropsEnabled']",2026-09-07,19-41-16,Monday
315970810577,41684297,mmorpg,459931,Old School RuneScape,732,2026-09-07T10:01:08Z,en,"['Juicy', 'English']",2026-09-07,19-41-16,Monday
317692077795,250662770,jotta,509658,Just Chatting,731,2026-09-06T10:40:34Z,pt,"['Português', 'DropsAtivados']",2026-09-07,19-41-16,Monday
315991017170,58486016,evangelion0,327598602,Onimusha: Way of the Sword,731,2026-09-07T08:52:34Z,es,"['Español', 'DropsActivados']",2026-09-07,19-41-16,Monday
316000230248,165165027,vixi,509659,ASMR,727,2026-09-07T07:00:23Z,en,"['mindbreak', 'forsen', 'ASMR', 'English', 'xqc', 'Anime', 'DropsEnabled']",2026-09-07,19-41-16,Monday
316825696470,42415435,afoninje,493959,Red Dead Redemption II,722,2026-09-07T09:27:56Z,ru,['Русский'],2026-09-07,19-41-16,Monday
318500502629,65660593,morrog,509658,Just Chatting,718,2026-09-07T09:58:41Z,nl,"['Nederlands', 'DropsIngeschakeld']",2026-09-07,19-41-16,Monday
316861316436,1518606028,247nats,499973,Always On,718,2026-09-05T21:12:40Z,en,"['English', 'nAts', 'VALORANT', 'VOD', 'Rerun']",2026-09-07,19-41-16,Monday
319129526743,670388028,leeonbeeon,509672,IRL,718,2026-09-06T12:01:58Z,de,"['Deutsch', 'IRL']",2026-09-07,19-41-16,Monday
318365617511,219265704,jonsman,509672,IRL,715,2026-09-07T09:36:01Z,de,"['Deutsch', 'Outdoors', 'IRL', 'English', 'german', 'justchatting', 'challenge', 'flohmarkt', 'Leipzig', 'Fahrrad']",2026-09-07,19-41-16,Monday
318365284583,22386881,bonkol,1357871551,The Blood of Dawnwalker,714,2026-09-07T08:35:20Z,pl,"['polski', 'gry', 'retro', 'Polski', 'IRL', 'śląski', 'DropyWłączone']",2026-09-07,19-41-16,Monday
318552029542,120079562,dinossindgeil,382835903,WUCHANG: Fallen Feathers,711,2026-09-06T06:56:05Z,en,"['NoHit', 'English', 'Speedrun', 'eldenring', 'Marathon', 'german', 'eldenring', 'DropsEnabled']",2026-09-07,19-41-16,Monday
318365853415,187110076,lil_pup4,327598602,Onimusha: Way of the Sword,708,2026-09-07T10:17:17Z,ru,"['Русский', 'смотрим', 'играем', 'питомник', 'уродск', 'Vtuber', 'DropsВключены']",2026-09-07,19-41-16,Monday
318499102693,43334060,diehahn,624536948,EA Sports FC 26,707,2026-09-07T06:26:41Z,de,"['Deutsch', 'fussballtalk', 'Comptetitive', 'watchalong', 'IRL', 'fc27']",2026-09-07,19-41-16,Monday
317402604919,1117952588,inneshx,509672,IRL,707,2026-09-07T07:34:46Z,en,"['English', 'IRL', 'Korea', 'korean', 'game', 'react', 'Makeup', 'fashion', 'food', 'Travel']",2026-09-07,19-41-16,Monday
318565050214,1208794047,polizeihannover,509658,Just Chatting,704,2026-09-07T11:59:34Z,de,"['Community', 'Deutsch']",2026-09-07,19-41-16,Monday
316038586985,1538085739,aabontka,32399,Counter-Strike,700,2026-09-07T08:22:02Z,en,"['RU', 'English', 'Sinners', 'Phantom']",2026-09-07,19-41-16,Monday
320268983520,22552479,giantwaffle,509658,Just Chatting,699,2026-09-07T12:00:58Z,en,"['English', 'smoothbrain', 'greg', 'DropsEnabled']",2026-09-07,19-41-16,Monday
318363419111,71758288,mamm0n,32399,Counter-Strike,696,2026-09-07T00:14:48Z,pl,"['Polski', 'English', 'GGWP', 'GGIMDONE']",2026-09-07,19-41-16,Monday
317700382947,437926064,ferdibee,509658,Just Chatting,696,2026-09-07T08:38:21Z,fr,"['theatre', 'culture', 'art', 'react', 'français', 'découverte', 'Français', 'DropsActivés']",2026-09-07,19-41-16,Monday
317392942967,138034808,mayz,670138298,Madden NFL 27,695,2026-09-06T01:44:11Z,en,"['competitive', 'gaming', 'madden', 'Football', 'trashtalk', 'challenge', 'collegefootball', 'English']",2026-09-07,19-41-16,Monday
318499112549,143123320,2twistedtv,491931,Escape from Tarkov,692,2026-09-07T06:29:20Z,de,"['Deutsch', 'fps', 'Shooter', 'tacticalshooter', 'Hardcore', 'Competitive', 'survival', 'ExtractionShooter']",2026-09-07,19-41-16,Monday
316414909809,205058897,vivi0z1,516575,VALORANT,691,2026-09-07T12:05:59Z,zh,"['中文', 'V老大', '聊天互動', '神人', 'jo廚', '叉滴娛樂', '吉德神教', '頂級美女', '貓咪出沒']",2026-09-07,19-41-16,Monday
319138362839,90381336,ultrasaurus,31339,Project Zomboid,689,2026-09-07T03:33:12Z,en,"['english', 'canada', 'chill', 'cozy', 'friendly', 'woman', 'asian', 'mixedrace', 'simulation', 'girl']",2026-09-07,19-41-16,Monday
318364741863,932579174,froggyjolson,417528,Albion Online,688,2026-09-07T06:49:01Z,en,"['English', 'PvP', 'Drops', 'MMORPG', 'AlbionOnline', 'Competitive', 'SoloPlay', 'giveaway', 'DropsEnabled']",2026-09-07,19-41-16,Monday
316869598420,18362365,amieloo,12839,Heroes of Might and Magic III: The Restoration of Erathia,688,2026-09-07T08:00:24Z,ru,['Русский'],2026-09-07,19-41-16,Monday
315970494417,96908791,reimi,13332,Pokémon FireRed/LeafGreen,685,2026-09-07T07:10:51Z,en,"['Ironmon', 'Permadeath', 'Challenge', 'Hardmode', 'Kaizo', 'Pokemon', 'English', 'salmon', 'mud', 'GameCube']",2026-09-07,19-41-16,Monday
318364638439,134718348,rykomastery_,513143,Teamfight Tactics,683,2026-09-07T06:28:23Z,en,"['TFT', 'TeamfightsTactics', 'RANK1EUW', 'leagueoflegends', 'English', 'RANK1NA']",2026-09-07,19-41-16,Monday
317664517346,643705238,l3scoco,513143,Teamfight Tactics,672,2026-09-07T05:02:46Z,fr,['Français'],2026-09-07,19-41-16,Monday
318500986853,536621382,maximzocktslots,498566,Slots,669,2026-09-07T11:00:12Z,de,"['Deutsch', 'slots']",2026-09-07,19-41-16,Monday
316796427477,169357988,sawlties,509672,IRL,665,2026-09-07T11:07:35Z,de,"['weiblich', 'Deutsch', 'german', 'IRL']",2026-09-07,19-41-16,Monday
318366016999,136784171,mehdi,21779,League of Legends,663,2026-09-07T10:42:00Z,de,"['Deutsch', 'WWE', 'Valo', 'minecraft', 'reaction', 'PvEPvP']",2026-09-07,19-41-16,Monday
316480774003,214306524,yufuna,263490,Rust,661,2026-09-07T07:13:33Z,ja,['日本語'],2026-09-07,19-41-16,Monday
318844943862,1478694617,ninjaslot_,29452,Virtual Casino,661,2026-09-07T11:04:45Z,pt,"['English', 'Português']",2026-09-07,19-41-16,Monday
317665552866,49474235,misterjday,369418,GeoGuessr,655,2026-09-07T10:40:34Z,fr,['Français'],2026-09-07,19-41-16,Monday
318366564071,144274705,pesh,460630,Rainbow Six Siege,652,2026-09-07T11:59:56Z,it,"['Italiano', 'pelato', 'DropAbilitati']",2026-09-07,19-41-16,Monday
316796097365,29084183,gexyt,509672,IRL,649,2026-09-07T09:36:29Z,da,"['Dansk', 'irlstream']",2026-09-07,19-41-16,Monday
316481934451,7995300,sixwong,509658,Just Chatting,645,2026-09-07T12:13:21Z,zh,"['巨魔', '6tan', '反應越來越慢了', 'EnglishOK', '中文', '启用掉宝']",2026-09-07,19-41-16,Monday
316061738346,157313528,zumi,327598602,Onimusha: Way of the Sword,638,2026-09-07T05:50:18Z,en,"['Food', 'Travel', '日本語', 'English', 'Japanese', 'IRL', 'justchatting', 'DropsEnabled']",2026-09-07,19-41-16,Monday
318068083800,69588825,kalei,1357871551,The Blood of Dawnwalker,634,2026-09-07T04:47:28Z,en,"['English', '100Thieves', 'DropsEnabled']",2026-09-07,19-41-16,Monday
317701443555,1158511547,anne_wuensche,509658,Just Chatting,633,2026-09-07T12:32:11Z,de,"['UnterhaltungPur', 'Unterhaltung', 'faq', 'annewünsche', 'Büro', 'Selbstständigkeit', 'selbstwertgefühl', 'Deutsch', 'motivation', 'realtalk']",2026-09-07,19-41-16,Monday
318544600038,145498295,exsl95,493959,Red Dead Redemption II,632,2026-09-05T14:51:22Z,de,['Deutsch'],2026-09-07,19-41-16,Monday
317665994466,69759951,vader,32982,Grand Theft Auto V,631,2026-09-07T12:12:59Z,en,['English'],2026-09-07,19-41-16,Monday
316870369876,790796770,ttobias_lol,21779,League of Legends,628,2026-09-07T11:40:34Z,pl,"['Polski', 'English', 'zed', 'OTP', 'Hardstyle', 'Midlane', 'Coaching', 'leagueoflegends', 'Challenger', 'music']",2026-09-07,19-41-16,Monday
320203878492,197406569,thenicolet,509659,ASMR,628,2026-09-05T23:02:55Z,en,"['English', 'ENGLISH', 'ASMR', 'FINDOM', 'EGIRL', 'GIRL', 'feet', 'goddess', 'woman']",2026-09-07,19-41-16,Monday
316869869780,74199036,soonvooshko,213930085,Honkai: Star Rail,625,2026-09-07T09:31:26Z,ru,"['Русский', 'English', 'zzzero', 'zenlesszonezero', 'ZZZ2ndANNI', 'DropsВключены']",2026-09-07,19-41-16,Monday
318977457524,884049537,olgaenvivo,417752,Talk Shows & Podcasts,623,2026-09-07T09:39:37Z,es,"['Español', 'DropsActivados']",2026-09-07,19-41-16,Monday
318345959655,56148610,aethelthryth,27471,Minecraft,621,2026-09-05T15:00:14Z,bg,['Български'],2026-09-07,19-41-16,Monday
321235168601,400999129,clout,509658,Just Chatting,618,2026-09-06T05:02:47Z,en,"['English', 'DropsEnabled']",2026-09-07,19-41-16,Monday
318500102629,92353597,riirex,13332,Pokémon FireRed/LeafGreen,617,2026-09-07T09:07:28Z,de,"['Deutsch', 'riirex', 'grind', 'daily', 'VarietyGamer', 'matze', 'amongus', 'eldenring', 'pokemon', 'DropsAktiviert']",2026-09-07,19-41-16,Monday
316480018675,57962435,yamatonjp,327598602,Onimusha: Way of the Sword,614,2026-09-07T02:38:02Z,ja,"['日本語', 'Drops有効']",2026-09-07,19-41-16,Monday
318498429029,1447297241,gtastyslots,498566,Slots,613,2026-09-07T02:54:56Z,de,"['Deutsch', 'Österreich', 'casino', 'slots', 'gTasty']",2026-09-07,19-41-16,Monday
316017489491,58541114,anthonydaytv,624536948,EA Sports FC 26,613,2026-09-07T11:28:14Z,en,"['English', 'UK', 'PlayingWithViewers', 'EASportsFC', 'FC26', 'FUTChampions', 'TeamOfTheWeek', 'TOTW', 'UltimateTeam']",2026-09-07,19-41-16,Monday
316796324309,737383083,leissik,1282866981,Delta Force,612,2026-09-07T10:40:54Z,en,"['English', 'chattingwithviewers', 'ExtractionShooter', 'DeltaForceGame', 'deltaforce', 'stinger', 'chill', 'bald', 'solo', 'solovssquad']",2026-09-07,19-41-16,Monday
316423495410,510453927,tonakaito_hendy,1840896223,REANIMAL,611,2026-09-07T04:42:19Z,ja,"['ネタバレ注意', '日本語']",2026-09-07,19-41-16,Monday
316424074482,123278702,syaruru3,21779,League of Legends,611,2026-09-07T08:02:32Z,ja,['日本語'],2026-09-07,19-41-16,Monday
316000241384,28651510,migi_tw,509658,Just Chatting,609,2026-09-07T07:03:31Z,zh,"['歌唱', '不要控制我', '米姬電台', '不專業', '少囉嗦', '中文', '圖奇爛嘴大冠軍', '启用掉宝']",2026-09-07,19-41-16,Monday
318365038695,44536868,orzanel,27546,World of Tanks,608,2026-09-07T07:46:48Z,en,"['English', 'DropsEnabled']",2026-09-07,19-41-16,Monday
316037951977,157469268,p_tatotv,1264310518,Marvel Rivals,607,2026-09-07T04:42:48Z,en,"['marvelrivals', 'English', 'OCE']",2026-09-07,19-41-16,Monday
318353521639,111768177,chessgenie,27546,World of Tanks,603,2026-09-06T06:52:57Z,de,"['Deutsch', 'DropsAktiviert']",2026-09-07,19-41-16,Monday
318365898727,108208500,liereyy,13389,Age of Empires II,600,2026-09-07T10:24:53Z,en,['English'],2026-09-07,19-41-16,Monday
320266606560,890028845,winton_ow2,515025,Overwatch,599,2026-09-07T04:07:53Z,en,"['English', 'Drops', 'Tank', 'Chill', 'Vibe', 'Vtuber', 'Cozy', 'winton', 'pngtuber']",2026-09-07,19-41-16,Monday
316017395667,26973975,wardiii,490422,StarCraft II,597,2026-09-07T10:42:09Z,en,"['Esports', 'English']",2026-09-07,19-41-16,Monday
316796608341,41108115,cyrustwo,32399,Counter-Strike,595,2026-09-07T11:51:54Z,sv,"['Svenska', 'TPRP', 'ThePath']",2026-09-07,19-41-16,Monday
316869802324,40733337,mariachi,29595,Dota 2,594,2026-09-07T09:09:44Z,ru,"['Русский', 'dota2', 'дота2', 'ProfessionalGamer', 'pro']",2026-09-07,19-41-16,Monday
318501534821,190988616,asleyia,509658,Just Chatting,593,2026-09-07T12:07:52Z,de,"['Deutsch', 'gamergirl', 'DropsAktiviert']",2026-09-07,19-41-16,Monday
316413884017,32206679,rprx,263490,Rust,591,2026-09-07T07:59:51Z,en,['English'],2026-09-07,19-41-16,Monday
318557556582,467161807,ricborr,33214,Fortnite,586,2026-09-06T16:35:45Z,it,"['Italiano', 'English', 'DropAbilitati']",2026-09-07,19-41-16,Monday
318068625880,48827570,saintone,327598602,Onimusha: Way of the Sword,585,2026-09-07T06:09:31Z,en,"['English', 'Community', 'of', 'Boomers', 'And', 'Lizard', 'People', 'MAMBO', 'DropsEnabled']",2026-09-07,19-41-16,Monday
320212926044,100408103,zchum,498592,I'm Only Sleeping,582,2026-09-06T13:44:54Z,en,"['English', 'DropsEnabled']",2026-09-07,19-41-16,Monday
316795838421,19734320,kochevnik,515214,Politics,581,2026-09-07T08:16:34Z,ru,['Русский'],2026-09-07,19-41-16,Monday
316413872881,407389031,ninja_inui,263490,Rust,577,2026-09-07T07:55:28Z,ja,"['日本語', 'アドバイス禁止', 'ネタバレ禁止']",2026-09-07,19-41-16,Monday
317400462327,10217631,patty,327598602,Onimusha: Way of the Sword,577,2026-09-07T02:17:56Z,en,"['Bald', 'Masculine', 'GigaChad', 'Nobackseating', 'English', 'NoHints', 'NoHelp', 'NoHelpUnlessAsked', 'MONKEY', 'DropsEnabled']",2026-09-07,19-41-16,Monday
318905775093,797469190,fmrockandpop,417752,Talk Shows & Podcasts,569,2026-09-07T10:56:16Z,es,"['Español', 'Radio', 'Argentina', 'Rock', 'RockAndPop', 'FM', 'fmrockandpop', 'vivo', 'streaming', 'live']",2026-09-07,19-41-16,Monday
316062248042,204113138,yunabb,516575,VALORANT,567,2026-09-07T08:44:39Z,zh,"['中文', 'fps', '遊戲']",2026-09-07,19-41-16,Monday
316825594838,52215959,followkudes,29595,Dota 2,565,2026-09-07T09:02:01Z,ru,"['Русский', 'English', 'cybersport', 'CS2', 'dota2', 'тильт', 'clown']",2026-09-07,19-41-16,Monday
317688730084,20483303,dexbonus,570615518,Resonance: A Plague Tale Legacy,564,2026-09-07T10:16:41Z,en,"['English', 'JustYapping', 'Vtuber', 'ClosedCaptions', 'DropsEnabled']",2026-09-07,19-41-16,Monday
316826020822,57865494,kandyland,509658,Just Chatting,564,2026-09-07T10:44:15Z,en,"['English', 'girl', 'cooking', 'swedish', 'Sweden', 'blonde', 'IRL', 'chill', 'Metal', 'DropsEnabled']",2026-09-07,19-41-16,Monday
316414332273,912775996,kawaii_club_0809,32982,Grand Theft Auto V,562,2026-09-07T10:17:24Z,ja,['日本語'],2026-09-07,19-41-16,Monday
317665352418,42120234,mywtheking,21779,League of Legends,559,2026-09-07T09:49:39Z,fr,"['Français', 'Garen', 'leagueoflegends', 'rush', 'Challenger']",2026-09-07,19-41-16,Monday
318904435573,674862312,zec4w,32399,Counter-Strike,558,2026-09-07T03:11:58Z,pt,['Português'],2026-09-07,19-41-16,Monday
316796613845,1252947528,sma1l_one,32399,Counter-Strike,557,2026-09-07T11:53:32Z,ru,['Русский'],2026-09-07,19-41-16,Monday
319138534999,111882197,emilycc,902998079,Halloween: The Game,555,2026-09-07T03:46:43Z,en,"['English', 'subathon', 'ADHD', 'Marathon', 'girl', 'feet', 'Chatty', 'IRL', 'Travel', 'streameruniversity']",2026-09-07,19-41-16,Monday
318975179764,492233601,mathg,32399,Counter-Strike,551,2026-09-07T01:34:29Z,en,"['English', 'Português']",2026-09-07,19-41-16,Monday
318565123814,41372534,broeki,21779,League of Legends,550,2026-09-07T12:07:07Z,de,"['Deutsch', 'Englisch']",2026-09-07,19-41-16,Monday
316000415208,270232021,justketh,116747788,"Pools, Hot Tubs, and Beaches",550,2026-09-07T08:00:32Z,en,"['English', 'IRL', 'Travel', 'ภาษาไทย', 'justchatting', 'girl', 'Thailand', 'Pattaya']",2026-09-07,19-41-16,Monday
318365256679,192974800,alepre98,13332,Pokémon FireRed/LeafGreen,548,2026-09-07T08:29:42Z,it,"['SPORT', 'pokemon', 'REACTION', 'IRONMON', 'Italiano', 'DropAbilitati']",2026-09-07,19-41-16,Monday
321315162586,92858368,autolykuslol,21779,League of Legends,548,2026-09-07T04:42:55Z,en,"['English', 'sett', 'gaming', 'Mordekaiser']",2026-09-07,19-41-16,Monday
318844784502,592266499,quackz,516575,VALORANT,548,2026-09-07T09:50:46Z,pt,"['Mulher', 'cacheada', 'gamergirl', 'valorant', 'Português', 'cantora']",2026-09-07,19-41-16,Monday
316864889428,784644935,barjonasbaby,509658,Just Chatting,547,2026-09-06T14:04:03Z,sv,"['Svenska', 'IRL', 'DropsAktiverat']",2026-09-07,19-41-16,Monday
315999921128,56693129,megaa,31339,Project Zomboid,546,2026-09-07T05:00:48Z,en,"['Vtuber', 'Australia', 'Cat', 'English', 'Yapper', 'ManILoveFrogs']",2026-09-07,19-41-16,Monday
320255852384,145790518,cashout,602040818,NBA 2K27,546,2026-09-06T14:03:13Z,en,['English'],2026-09-07,19-41-16,Monday
318366191847,685910599,sharebtw,32399,Counter-Strike,544,2026-09-07T11:07:04Z,ru,"['cs', 'Русский', 'ксго', 'CS2', 'csgo']",2026-09-07,19-41-16,Monday
317665164386,433746728,lefrenchie,509672,IRL,542,2026-09-07T09:01:07Z,fr,['Français'],2026-09-07,19-41-16,Monday
318564990438,757043865,gracelyra,509658,Just Chatting,541,2026-09-07T11:51:47Z,en,"['English', 'girl', 'egirl', 'travel', 'europe', 'irl', 'woman', 'travelirl', 'berlin', 'germany']",2026-09-07,19-41-16,Monday
318501235557,1052808186,essnait,498566,Slots,540,2026-09-07T11:33:19Z,en,"['English', 'Canada']",2026-09-07,19-41-16,Monday
319136382551,217629686,dgthe99,509658,Just Chatting,540,2026-09-07T01:14:34Z,en,"['English', 'dgthe99', 'duketucker', 'GTARP', 'Rerun', 'DropsEnabled']",2026-09-07,19-41-16,Monday
317665192546,32951395,moraishd,817464257,Tidy Up Together,539,2026-09-07T09:06:34Z,pt,"['Português', 'Vtuber', 'comédia', 'Portugal', 'morais']",2026-09-07,19-41-16,Monday
318499276133,37890401,trenlass,32502,World of Warships,533,2026-09-07T07:01:19Z,en,"['wows', 'drops', 'English', 'german', 'IRL', 'cars', 'DropsEnabled']",2026-09-07,19-41-16,Monday
317701061603,673700492,amalatv,518203,Sports,532,2026-09-07T11:18:19Z,it,"['seriea', 'inter', 'reaction', 'soccer', 'football', 'footballtalk', 'Italiano', 'eafc25', 'calcio', 'DropAbilitati']",2026-09-07,19-41-16,Monday
316424068082,169539617,clutch_fii,263490,Rust,528,2026-09-07T08:00:38Z,ja,"['日本語', 'drops']",2026-09-07,19-41-16,Monday
317689145316,70915697,robert87000,624536948,EA Sports FC 26,527,2026-09-07T11:45:42Z,fr,"['packopening', 'football', 'ligue1', 'fc26', 'Français']",2026-09-07,19-41-16,Monday
317665607778,555221134,ivyheals,509659,ASMR,526,2026-09-07T10:52:32Z,en,"['meditation', 'English']",2026-09-07,19-41-16,Monday
318501466085,95932575,sgtgrafoyni,509658,Just Chatting,526,2026-09-07T12:00:42Z,ru,"['Большой', 'Русский', 'Кот', 'DropsВключены']",2026-09-07,19-41-16,Monday
321427868507,77573531,liminhag0d,369418,GeoGuessr,525,2026-09-07T11:05:01Z,pt,['Português'],2026-09-07,19-41-16,Monday
316424044274,134295245,varvalian,263490,Rust,524,2026-09-07T07:51:50Z,ja,"['焼きパン', '日本語']",2026-09-07,19-41-16,Monday
316177358699,143313156,alxcooks,499634,Crypto,523,2026-09-07T09:28:50Z,en,['English'],2026-09-07,19-41-16,Monday
317689241060,1442210527,olivertwist222,498566,Slots,522,2026-09-07T12:02:00Z,en,['English'],2026-09-07,19-41-16,Monday
317701332195,410975773,bale_gg,491168,Clash Royale,522,2026-09-07T12:12:04Z,es,"['Español', 'gaming', 'clashroyale']",2026-09-07,19-41-16,Monday
318067511000,172170148,toptierkid,1264310518,Marvel Rivals,520,2026-09-07T03:32:40Z,en,"['English', 'TTK', 'Controller', 'xQc', 'KaiCenat', 'StableRonaldo', 'Lacy', 'Jynxzi', 'CaseOh']",2026-09-07,19-41-16,Monday
318977629684,105135278,gshiba,1357871551,The Blood of Dawnwalker,514,2026-09-07T11:16:51Z,pt,"['LGBTQIAPlusFriendly', 'EspaçoSeguro', 'DicçãoRuim', 'Conversa', 'Português', 'Assustado', 'Indie', 'Casual', 'PrimeiraJogada', 'DropsAtivados']",2026-09-07,19-41-16,Monday
316062880106,165581935,taaaao,516575,VALORANT,513,2026-09-07T12:04:30Z,zh,"['中文', '台語OK', 'ENG', '启用掉宝']",2026-09-07,19-41-16,Monday
316869430356,58195781,shad3less,499132,They Are Billions,512,2026-09-07T06:57:06Z,en,"['RTS', 'Strategy', 'APM', 'funny', 'highscore', 'English', 'norerolls', 'winstreaks', 'NoPause']",2026-09-07,19-41-16,Monday
318500002149,85310009,casualaddict_,18122,World of Warcraft,512,2026-09-07T08:56:17Z,en,"['English', 'rogue', 'greek', 'mmorpg', 'WorldfofWarcraft', 'drops', 'DropsEnabled', 'Radio', 'music', 'musicplaylist']",2026-09-07,19-41-16,Monday
317701083619,99625250,esportmaniacos,21779,League of Legends,510,2026-09-07T11:23:15Z,es,"['Español', 'LeagueofLegends', 'LEC', 'LolEsports']",2026-09-07,19-41-16,Monday
316870134740,35740817,thorlar,1075816708,Serve or Die,510,2026-09-07T10:44:36Z,en,"['Giveaways', 'pngtuber', 'vtuber', 'English', 'Swedish', 'charity', 'ADHD', 'Variety', 'SafeSpace', 'supportsmallstreamers']",2026-09-07,19-41-16,Monday
318563617766,113537067,harmii,516575,VALORANT,510,2026-09-07T08:26:56Z,de,"['Deutsch', 'radiant']",2026-09-07,19-41-16,Monday
318905794037,938145273,zogifulo,29452,Virtual Casino,507,2026-09-07T11:05:40Z,en,"['English', 'espanhol', 'Portugal']",2026-09-07,19-41-16,Monday
318500506597,1093290248,yui2d,29106,S.T.A.L.K.E.R. 2: Heart of Chornobyl,507,2026-09-07T09:59:08Z,ru,"['Русский', 'Vtuber', 'девушка', 'Женщина', 'Витубер', 'втубер', 'игровичок']",2026-09-07,19-41-16,Monday
316039313129,31673401,gunguno,32399,Counter-Strike,506,2026-09-07T12:00:06Z,zh,"['顏值', '射擊', '幽默', '錢來就幹', '掉宝開启', 'English', '中文', '飆哥開示了', '启用掉宝']",2026-09-07,19-41-16,Monday
316414945905,163925308,17baby17lol,509658,Just Chatting,506,2026-09-07T12:11:07Z,zh,"['中文', '启用掉宝']",2026-09-07,19-41-16,Monday
321314131034,41931263,itzcbd,512953,ELDEN RING,505,2026-09-07T03:40:20Z,en,"['Tall', 'Dark', 'Handsome', 'ASMR', 'Chill', 'Relax', 'YOURMOM', 'ClosedCaptions', 'FirstPlaythrough', 'Subtitles']",2026-09-07,19-41-16,Monday
318069352280,260802443,dread_eye_,138585,Hearthstone,504,2026-09-07T08:45:21Z,en,"['English', 'Standard', 'Educational', 'Comedy', 'dreadeyesucks', 'hearthstone', 'Competitive']",2026-09-07,19-41-16,Monday
316826451158,69239046,iskall85,27471,Minecraft,503,2026-09-07T12:12:25Z,en,['English'],2026-09-07,19-41-16,Monday
316413884529,216860870,sharkenwt,263490,Rust,502,2026-09-07T08:00:03Z,ja,['日本語'],2026-09-07,19-41-16,Monday
318844741110,748361965,ziriguidum777,29452,Virtual Casino,501,2026-09-07T09:26:25Z,pt,['Português'],2026-09-07,19-41-16,Monday
317665238882,497414507,zyfraraider,417528,Albion Online,501,2026-09-07T09:18:31Z,es,"['Español', 'AlbionOnline', 'Giveaways', 'MMORPG', 'LATAM', 'Dropshabilitados', 'Sorteo', 'DropsActivados']",2026-09-07,19-41-16,Monday
316796286037,169212163,virtualrise_ttv,29595,Dota 2,500,2026-09-07T10:30:50Z,ru,['Русский'],2026-09-07,19-41-16,Monday
318564040038,56145429,unfair,516575,VALORANT,500,2026-09-07T09:41:52Z,de,"['valorant', 'radiant', 'shooter', 'german', 'Deutsch', 'unfair']",2026-09-07,19-41-16,Monday
316481131379,578641539,berrynaes,864092569,Rhythm Heaven Groove,498,2026-09-07T09:10:43Z,en,"['beginner', 'english', 'french', 'japanese', 'idol', 'rhythmheaven', 'music', 'English']",2026-09-07,19-41-16,Monday
316869021140,156862667,shnumi,509658,Just Chatting,496,2026-09-07T03:19:10Z,ru,"['Русский', 'Shnumi', 'Нора', 'общение', 'игры', 'юмор', 'новинки', 'DropsВключены']",2026-09-07,19-41-16,Monday
316795352405,408833527,markl1nck,32399,Counter-Strike,495,2026-09-07T04:44:30Z,ru,"['Русский', 'strogo']",2026-09-07,19-41-16,Monday
316038984809,186322512,hoangluanblv,21779,League of Legends,494,2026-09-07T10:22:47Z,vi,['TiếngViệt'],2026-09-07,19-41-16,Monday
316414769393,1348007437,koyuki_teraz,516575,VALORANT,494,2026-09-07T11:48:24Z,zh,['中文'],2026-09-07,19-41-16,Monday
318564187878,94526823,themancosu,509658,Just Chatting,494,2026-09-07T10:04:46Z,it,"['Italiano', 'DropAbilitati']",2026-09-07,19-41-16,Monday
318499073893,541263113,feli,509658,Just Chatting,493,2026-09-07T06:19:54Z,de,"['Deutsch', 'IRLchatting', 'Creative', 'Interactive', 'Singing', 'boxbreak', 'TCG', 'tattoo', 'sauercrowd', 'DropsAktiviert']",2026-09-07,19-41-16,Monday
317700683363,639107226,bigdaddygmann,512710,Call of Duty: Warzone,492,2026-09-07T09:45:26Z,en,"['English', 'entertainment', 'shooters', 'fps']",2026-09-07,19-41-16,Monday
320107666526,1171769612,jynxzi247,499973,Always On,492,2026-09-05T20:37:36Z,en,"['English', 'jynxzi', 'siege', 'rainbowixsiege', 'caseoh', 'kai']",2026-09-07,19-41-16,Monday
318501233637,273675884,wwertiixx,498566,Slots,491,2026-09-07T11:33:05Z,es,"['DinoDance', 'start', 'spanish', 'Español']",2026-09-07,19-41-16,Monday
316795564117,53607259,themainmanswe,491487,Dead by Daylight,488,2026-09-07T06:32:48Z,en,"['English', 'DropsEnabled']",2026-09-07,19-41-16,Monday
318562909030,63862222,erst,13263,EVE Online,488,2026-09-07T05:56:12Z,en,"['Interactive', 'NewPlayerFriendly', 'BackseatingWelcomed', 'collaborative', 'English', 'German', 'DropsEnabled']",2026-09-07,19-41-16,Monday
318500110053,52616898,imsofresh,21779,League of Legends,487,2026-09-07T09:08:31Z,fr,['Français'],2026-09-07,19-41-16,Monday
319142323927,1132877357,franbeuve,32982,Grand Theft Auto V,486,2026-09-07T12:00:45Z,es,['Español'],2026-09-07,19-41-16,Monday
317701027939,61835123,carritoskami,21779,League of Legends,486,2026-09-07T11:10:35Z,es,"['Español', 'leagueoflegends', 'lol', 'leagueoflegendsespañol', 'ADCARRY', 'Draven', 'Akshan', 'smurf', 'botlane', 'Challenger']",2026-09-07,19-41-16,Monday
316424264050,111736667,merryweather,1913410799,Total War: WARHAMMER III,486,2026-09-07T09:02:45Z,en,"['dogboy', 'English', 'denmark', 'danish', 'dansk', 'furry', 'Vtuber', 'webtoon', 'malevtuber', 'ENVtuber']",2026-09-07,19-41-16,Monday
320267849952,475043525,epidemy,491487,Dead by Daylight,486,2026-09-07T07:14:24Z,en,"['vibes', 'gaming', 'dbd', 'bubba', 'shirtmysurvivor', 'educational', 'English', 'egirl', 'NoBackseating・指示禁止', 'dbdcreator']",2026-09-07,19-41-16,Monday
318563172198,39917814,kezman22,513143,Teamfight Tactics,485,2026-09-07T06:59:09Z,pl,['Polski'],2026-09-07,19-41-16,Monday
316795569237,71399984,dilertv,18122,World of Warcraft,484,2026-09-07T06:35:00Z,ru,['Русский'],2026-09-07,19-41-16,Monday
316796394709,42703112,apollolol,509658,Just Chatting,483,2026-09-07T11:00:06Z,en,"['English', 'Norsk', 'swedish', 'Chatty', 'yapping', 'girl', 'FirstPlaythrough', 'NoSpoilers', 'svensk', 'forsen']",2026-09-07,19-41-16,Monday
318501643749,117447121,sanekwaka,32982,Grand Theft Auto V,480,2026-09-07T12:20:48Z,ru,"['Русский', 'гта5рп', 'общение', 'gta5rp', 'гта5']",2026-09-07,19-41-16,Monday
317688943460,139445443,skladic,1702520304,Path of Exile 2,479,2026-09-07T11:03:26Z,ru,"['Общение', 'Игры', 'BDO', 'POE', 'Развлечение', 'Русский', 'Diablo', 'DiabloIV', 'ARPG', 'poe2']",2026-09-07,19-41-16,Monday
320129447646,1313542725,mainefisherman,509672,IRL,479,2026-09-07T10:21:48Z,en,"['work', 'lobster', 'irl', 'english', 'safeplace', 'fishing', 'English']",2026-09-07,19-41-16,Monday
321282608858,55899594,corgicam,498592,I'm Only Sleeping,479,2026-09-05T13:04:06Z,en,"['English', 'Vtuber', 'Furry', 'LGBTQIAPlusAlly', 'short', 'LOUD', 'Interactive', 'ClosedCaptions', 'subathon', 'Yapper']",2026-09-07,19-41-16,Monday
318500884197,33734881,send0o,21779,League of Legends,479,2026-09-07T10:46:49Z,es,['Español'],2026-09-07,19-41-16,Monday
315986504146,920384508,arkhramcs,32399,Counter-Strike,477,2026-09-05T22:19:23Z,it,['Italiano'],2026-09-07,19-41-16,Monday
316870075860,40888128,adouz1e,493057,PUBG: BATTLEGROUNDS,476,2026-09-07T10:28:47Z,ru,"['Русский', 'English', 'Pubgpartner', 'Pubg']",2026-09-07,19-41-16,Monday
316796476629,571247775,float735,1131336879,Black Russia,475,2026-09-07T11:19:46Z,ru,"['English', 'Русский']",2026-09-07,19-41-16,Monday
317701261539,123122022,pandarina,509658,Just Chatting,475,2026-09-07T12:00:19Z,es,"['Español', 'Malaga', 'Pandarina', 'KOI', 'videojuegos', 'DropsActivados']",2026-09-07,19-41-16,Monday
316869646548,409624608,melina,509658,Just Chatting,474,2026-09-07T08:17:44Z,en,"['English', 'swedish', 'DropsEnabled']",2026-09-07,19-41-16,Monday
316869945172,897352307,poisonika,1945673289,The Mortuary Assistant,473,2026-09-07T09:53:35Z,ru,['Русский'],2026-09-07,19-41-16,Monday
318500167525,71558231,qsnake,29595,Dota 2,472,2026-09-07T09:15:43Z,ru,['Русский'],2026-09-07,19-41-16,Monday
315970922705,36768783,hypnoshark,5682,CTR: Crash Team Racing,472,2026-09-07T10:59:05Z,en,"['English', 'Speedrun', 'speedrun', 'crashbandicoot', 'crash', 'PlayStation', 'Retro', 'Spyro', 'mariokart', 'mario']",2026-09-07,19-41-16,Monday
317689167588,71290640,kemist_c10h15n,376500771,Hades II,472,2026-09-07T11:50:06Z,fr,"['Laboratoire', 'C10H15N', 'IUPAC', 'Chromatographie', 'Réactifs', 'Distillation', 'Spectroscopie', 'RMN', 'Français']",2026-09-07,19-41-16,Monday
319135253335,782947440,policechasenetwork,509658,Just Chatting,472,2026-09-06T23:48:11Z,en,"['English', 'DropsEnabled']",2026-09-07,19-41-16,Monday
321289889370,51115394,midnightsumo,509658,Just Chatting,470,2026-09-05T22:09:28Z,en,"['English', 'Japan', 'Sumo', 'Wrestling', 'ADHD', 'Pokemon', 'Japanese', 'Food', 'NotACat', 'AIOptedOut']",2026-09-07,19-41-16,Monday
318563151718,468083960,twostone,21779,League of Legends,469,2026-09-07T06:54:10Z,de,"['Deutsch', 'English', 'mid', 'Competitive', 'midlaner', 'Lore']",2026-09-07,19-41-16,Monday
316795792469,135496592,buggy,401587136,Arena Breakout: Infinite,468,2026-09-07T08:01:28Z,en,['English'],2026-09-07,19-41-16,Monday
318904768245,1533688902,petrusk1,32399,Counter-Strike,468,2026-09-07T04:04:16Z,en,"['Portugues', 'English', 'CS2']",2026-09-07,19-41-16,Monday
316481435891,515737396,hikaru_shiftne,55453844,Street Fighter 6,467,2026-09-07T10:34:35Z,ja,"['格闘ゲーム', '日本語', 'SF6', 'スト6', 'AKI', 'ひかる', 'しとね']",2026-09-07,19-41-16,Monday
318485724901,663422139,karpo_cz,1357871551,The Blood of Dawnwalker,466,2026-09-05T22:33:26Z,cs,"['Čeština', 'příběhováhra', 'Interakceschatem', 'adult', 'story', 'megagoodsupervibes', 'Coop', 'PovolenéDrops']",2026-09-07,19-41-16,Monday
321254653145,1333781846,ploomet,509659,ASMR,466,2026-09-07T12:00:32Z,en,"['Vtuber', 'ASMR', 'live', '3dio', 'English', '18pluschannel', 'spanish']",2026-09-07,19-41-16,Monday
317664633058,29283977,icekei,1357871551,The Blood of Dawnwalker,466,2026-09-07T06:14:28Z,fr,"['Français', 'DropsActivés']",2026-09-07,19-41-16,Monday
318361378279,1046764363,altairnative,499973,Always On,465,2026-09-06T19:17:50Z,fr,"['Français', 'Rediffusions', 'communauté', 'SecondaryChannel']",2026-09-07,19-41-16,Monday
317688740452,167329889,tatedewish,32982,Grand Theft Auto V,463,2026-09-07T10:19:03Z,pt,"['thebest', 'topg', 'Português']",2026-09-07,19-41-16,Monday
318563724390,1020109266,6pek,21779,League of Legends,462,2026-09-07T08:46:16Z,en,"['leagueoflegends', 'Singed', 'English', 'EUW', 'mindcontrol']",2026-09-07,19-41-16,Monday
317700924387,26362724,kusa,18122,World of Warcraft,461,2026-09-07T10:47:56Z,fr,"['Français', 'DropsActivés']",2026-09-07,19-41-16,Monday
317688925668,50561208,un33d,513143,Teamfight Tactics,459,2026-09-07T10:59:30Z,fr,"['Français', 'TFT', 'Caster', 'Challenger']",2026-09-07,19-41-16,Monday
316001228008,505413205,lewnabun,509659,ASMR,458,2026-09-07T12:14:41Z,en,"['Vtuber', 'Chinese', 'Asian', 'Chatty', 'English', '中国人', '日本語', 'Australian']",2026-09-07,19-41-16,Monday
317688582116,19013029,carn_,1702520304,Path of Exile 2,457,2026-09-07T09:41:19Z,en,"['English', 'DropsEnabled']",2026-09-07,19-41-16,Monday
321427663835,37153210,zethiann,386821,Black Desert,457,2026-09-07T09:57:19Z,en,"['English', 'DropsEnabled']",2026-09-07,19-41-16,Monday
316424063218,705520039,china_channel,491487,Dead by Daylight,457,2026-09-07T07:58:51Z,ja,"['DBDCreator', '女性配信者', '浅川陽一出禁', 'English', '中国', '台湾', '日本語', 'PR', 'Drops有効']",2026-09-07,19-41-16,Monday
321428128987,652214496,calciosub,417752,Talk Shows & Podcasts,455,2026-09-07T12:20:08Z,en,"['calciomercato', 'seriea', 'Italiano', 'English', 'DropsEnabled']",2026-09-07,19-41-16,Monday
318364891495,411386930,paak_hc,508455,Valheim,454,2026-09-07T07:17:00Z,en,"['TUNES', 'English', 'PathOfExile']",2026-09-07,19-41-16,Monday
318499479909,123584344,kamileater,27546,World of Tanks,451,2026-09-07T07:38:24Z,pl,"['Polski', 'DropyWłączone']",2026-09-07,19-41-16,Monday
317666113122,36138196,alexelcapo,327598602,Onimusha: Way of the Sword,449,2026-09-07T12:35:35Z,es,"['Español', 'DropsActivados']",2026-09-07,19-41-16,Monday
317665802850,71968056,tinkerleo,509658,Just Chatting,449,2026-09-07T11:37:26Z,de,"['Deutsch', 'DropsAktiviert']",2026-09-07,19-41-16,Monday
317700958819,28968984,doctorbenjy,1313351584,Football Manager 26,446,2026-09-07T10:55:27Z,en,['English'],2026-09-07,19-41-16,Monday
316826328278,1527380234,deeptier_cs,32399,Counter-Strike,445,2026-09-07T11:49:18Z,ru,"['cast', 'chill', 'bet', 'Русский', 'ENG', 'cs', 'commpetitive']",2026-09-07,19-41-16,Monday
318366372711,1068273648,kolavez,498566,Slots,444,2026-09-07T11:34:21Z,de,"['sport', 'Love', 'Rap', 'Deutsch', 'Deutschland']",2026-09-07,19-41-16,Monday
318065639512,138394663,tonytheduff,902998079,Halloween: The Game,443,2026-09-06T23:35:33Z,en,"['pepegi', 'top1percentNAsurvivor', 'LiterallyJustBetter', 'English']",2026-09-07,19-41-16,Monday
321293024986,56648155,twitchplayspokemon,1931693784,Pokémon Champions,442,2026-09-06T01:06:58Z,en,"['English', 'TwitchPlays', 'Pokemon', 'OCE', 'AlwaysOn', 'AlwaysOnline', 'DropsEnabled']",2026-09-07,19-41-16,Monday
316481984883,871829291,ackerman_cs,32399,Counter-Strike,442,2026-09-07T12:22:00Z,ru,"['Русский', 'ackerman', 'cs', 'gta', 'top1', 's1mple']",2026-09-07,19-41-16,Monday
316796147413,75390735,etlendo,417528,Albion Online,441,2026-09-07T09:51:25Z,ru,"['Russian', 'Русский', 'AlbionOnline', 'DropsВключены']",2026-09-07,19-41-16,Monday
318905671541,154138305,v1tona,417528,Albion Online,440,2026-09-07T09:58:24Z,pt,"['Português', 'AlbionOnline', 'MMORPG', 'conversa', 'drops', 'Mulher', 'girl', 'English', 'Español', 'DropsAtivados']",2026-09-07,19-41-16,Monday
316039025001,30141561,zondalol,515025,Overwatch,440,2026-09-07T10:35:29Z,zh,['中文'],2026-09-07,19-41-16,Monday
317688405476,45737168,quinnyrp,32982,Grand Theft Auto V,439,2026-09-07T08:51:46Z,pt,['Português'],2026-09-07,19-41-16,Monday
316424497010,56691819,dd87878,491931,Escape from Tarkov,439,2026-09-07T10:16:59Z,zh,"['鳥', '中文', '主席']",2026-09-07,19-41-16,Monday
316870022868,108010031,likainenharritv,509672,IRL,438,2026-09-07T10:14:40Z,fi,"['Suomi', 'IRL', 'Dysfasia', 'English', 'Lapland', 'gamer', 'Finland', 'laavu', 'summer', 'magnetfishing']",2026-09-07,19-41-16,Monday
318364609255,26341777,psherotv,417528,Albion Online,438,2026-09-07T06:20:15Z,en,"['English', 'chill', 'MMORPG', 'Educational', 'Bulgarian', 'DropsEnabled']",2026-09-07,19-41-16,Monday
316062891882,129440913,jongie,327598602,Onimusha: Way of the Sword,438,2026-09-07T12:07:58Z,zh,"['Taiwan', 'HolidayHoopla', '中文', '启用掉宝']",2026-09-07,19-41-16,Monday
318564343526,155384332,magican,33214,Fortnite,437,2026-09-07T10:28:35Z,de,"['ist', 'Kostenlos', 'Deutsch']",2026-09-07,19-41-16,Monday
316870312020,25701902,minpojke,18122,World of Warcraft,437,2026-09-07T11:27:35Z,en,"['English', 'PvP', 'Rank1', 'pro', 'DropsEnabled']",2026-09-07,19-41-16,Monday
318977491828,37370325,takeshi,21779,League of Legends,437,2026-09-07T10:01:56Z,pt,['Português'],2026-09-07,19-41-16,Monday
316424859250,160604267,go1channel,630009802,MARVEL TŌKON: Fighting Souls,437,2026-09-07T11:37:38Z,ja,['日本語'],2026-09-07,19-41-16,Monday
318501186021,132103299,thomb,93798731,F1 25,436,2026-09-07T11:27:04Z,en,['English'],2026-09-07,19-41-16,Monday
316424005362,54401491,elite500,21779,League of Legends,434,2026-09-07T07:38:03Z,en,"['swiss', 'English', 'Vladimir', 'vlad', 'smolder', 'LOVEWOMEN', 'LOVEMEN', 'LOVEEVERYONE']",2026-09-07,19-41-16,Monday
318564164966,36044202,caratroopa,509658,Just Chatting,434,2026-09-07T10:01:42Z,fr,"['Français', 'DropsActivés']",2026-09-07,19-41-16,Monday
318365749863,162151864,klupatwins,509658,Just Chatting,433,2026-09-07T10:00:30Z,de,"['Deutsch', 'just', 'chatting', 'zwillinge', 'reactions', 'rp', 'news', 'gaming', 'Diskussion', 'Gruselspiele']",2026-09-07,19-41-16,Monday
317699969507,58957187,celetik,18122,World of Warcraft,432,2026-09-07T07:07:55Z,fr,"['Français', 'warcraft', 'WorldfofWarcraft', 'MMORPG', 'PvP', 'PvE', 'DropsActivés']",2026-09-07,19-41-16,Monday
321428067931,531602803,therealkyzen,1264310518,Marvel Rivals,432,2026-09-07T12:04:06Z,en,"['english', 'ADHD', 'loud', 'English']",2026-09-07,19-41-16,Monday
316858350036,1452895933,orangemorangeslots,498566,Slots,432,2026-09-05T15:16:46Z,de,['Deutsch'],2026-09-07,19-41-16,Monday
316415052529,506039737,4rufq,511224,Apex Legends,431,2026-09-07T12:27:24Z,ja,"['日本語', 'Drops有効']",2026-09-07,19-41-16,Monday
316039252073,139348774,hannn0501_,516575,VALORANT,430,2026-09-07T11:44:03Z,zh,"['ＦＰＳ', '中文']",2026-09-07,19-41-16,Monday
316424444018,542830589,r_k7den,32982,Grand Theft Auto V,428,2026-09-07T10:01:50Z,ja,['日本語'],2026-09-07,19-41-16,Monday
316795951701,64800875,roolex9,509658,Just Chatting,427,2026-09-07T08:51:33Z,uk,"['Українська', 'Україна', 'Чернівці', 'Ukranian', 'DropsУвімкнено']",2026-09-07,19-41-16,Monday
320226039644,30227322,solorenektononly,21779,League of Legends,426,2026-09-07T10:02:11Z,en,"['Bald', 'GoblinMode', 'TopLane', 'English', 'top', 'renekton', 'League', 'leagueoflegeneds', 'leaguestreams', 'UNC']",2026-09-07,19-41-16,Monday
318563889766,835652944,bubblegum,511224,Apex Legends,425,2026-09-07T09:15:19Z,de,"['English', 'Deutsch']",2026-09-07,19-41-16,Monday
318565059814,1398273999,waleriic,27471,Minecraft,425,2026-09-07T12:00:23Z,de,"['Deutsch', 'Papaplatte', 'Wichtiger', 'LetsHugo', 'Nooreax', 'PvP', 'HugoSMP', 'castcrafter', 'Gomme']",2026-09-07,19-41-16,Monday
317403548151,25677980,deansocool,509658,Just Chatting,425,2026-09-07T12:32:13Z,en,"['English', 'reacts', 'miami', 'DropsEnabled']",2026-09-07,19-41-16,Monday
318500873189,115441727,lowyyy95,32982,Grand Theft Auto V,424,2026-09-07T10:45:08Z,de,"['Deutsch', 'sauercrowd', 'UnityLife', 'fett', 'DropsAktiviert']",2026-09-07,19-41-16,Monday
320107692254,1187370053,lacyoffline_,499973,Always On,424,2026-09-05T20:40:15Z,en,"['English', 'Lacy', 'faze', 'stableronaldo', 'clix', 'fortnite', 'coreboys', 'jynxzi', 'kaicenat']",2026-09-07,19-41-16,Monday
317689064548,43993381,sapeuh,20596,Dofus,423,2026-09-07T11:28:30Z,fr,"['Français', 'dofus', 'gaming']",2026-09-07,19-41-16,Monday
321292154458,96235256,ohtofu,498592,I'm Only Sleeping,421,2026-09-06T00:20:53Z,en,['English'],2026-09-07,19-41-16,Monday
316414290417,48851818,bamow,1457501816,Cat Mail Co.,421,2026-09-07T10:06:17Z,zh,"['中文', '世界樹計畫']",2026-09-07,19-41-16,Monday
316062368234,598287720,zorthas,18122,World of Warcraft,420,2026-09-07T09:24:37Z,en,"['English', 'Australian', 'Tomato', 'Shaman', 'DropsEnabled']",2026-09-07,19-41-16,Monday
315970687185,435392834,pepe_the_rarest,32982,Grand Theft Auto V,419,2026-09-07T08:58:22Z,en,"['RP', 'English', 'GTARP', 'old', 'Improv', 'dyslexic', 'ProdigyRP', 'rpgta', 'chaseRP', 'ONXRP']",2026-09-07,19-41-16,Monday
318501217253,674210705,almostfeline,509672,IRL,419,2026-09-07T11:31:10Z,de,"['Deutsch', 'german', 'Cozy', 'SafeSpace', 'egirl', 'girl', 'LGBTQIAPIus', 'IRL', 'CoWorking', 'women']",2026-09-07,19-41-16,Monday
320129887838,188526166,shinyatheninja,464339927,ARC Raiders,419,2026-09-07T12:19:59Z,en,"['fighting', 'comp', 'cool', 'adhd', 'English', 'extraction', 'PvP', 'DropsEnabled']",2026-09-07,19-41-16,Monday
318069683160,419574952,boggles,33214,Fortnite,419,2026-09-07T10:38:05Z,en,"['Australia', 'ADHD', 'ishowspeed', 'English', 'jynxzi', '7TV', 'OCE', 'hivise']",2026-09-07,19-41-16,Monday
316795699541,1414567589,betboom_cs_ru4,32399,Counter-Strike,418,2026-09-07T07:26:04Z,ru,"['Русский', 'CCT', 'OlyBet', 'SAW', 'G2Ares', 'Oramond', 'GenOne']",2026-09-07,19-41-16,Monday
317665653986,101214680,furlex,491931,Escape from Tarkov,416,2026-09-07T11:03:07Z,en,"['Français', 'English']",2026-09-07,19-41-16,Monday
318564372966,161546346,petrovich_cast,32399,Counter-Strike,416,2026-09-07T10:32:05Z,uk,"['Українська', 'українською', 'Maincast', 'SetantaSports', 'UA', 'proplayer', 'cs', 'cs2faceit', 'cs2premier', 'cs2player']",2026-09-07,19-41-16,Monday
321400851803,1050547869,etroim,32399,Counter-Strike,415,2026-09-05T22:19:22Z,pl,['Polski'],2026-09-07,19-41-16,Monday
316825832022,7877833,aboutoliver,27471,Minecraft,415,2026-09-07T10:00:15Z,en,"['English', 'LetsPlay', 'BlindPlaythrough', 'Ⅿinecraft', 'CreateMod']",2026-09-07,19-41-16,Monday
321254312537,163847724,wtnbxd,114524791,Shadowverse: Worlds Beyond,412,2026-09-07T10:00:37Z,ja,['日本語'],2026-09-07,19-41-16,Monday
316796583509,777483651,raing4rd,32982,Grand Theft Auto V,412,2026-09-07T11:45:56Z,ru,"['Русский', 'GTARP', 'пузо', 'MESZAROS', 'RMRP']",2026-09-07,19-41-16,Monday
317700920803,1530326810,laplanetedessirs,499973,Always On,411,2026-09-07T10:46:50Z,fr,"['Rediffusion', 'Français', 'SirThomas', 'Rerun']",2026-09-07,19-41-16,Monday
318359541991,1219317949,dayi,32982,Grand Theft Auto V,411,2026-09-06T17:05:56Z,de,"['deutsch', 'football', 'firma', 'wiederholen', 'gta', 'rp', 'justchatting', 'Deutsch', 'Wiederholen']",2026-09-07,19-41-16,Monday
320268294368,100825304,char1ynn,417528,Albion Online,410,2026-09-07T08:54:55Z,en,"['English', 'ADHD', 'gamergirl', 'giveaways', 'Drops', 'Xbox', 'albion', 'girl', 'Pokémonpackopenings', 'controllerplayer']",2026-09-07,19-41-16,Monday
321244644953,1121962475,playto_ow,515025,Overwatch,410,2026-09-06T21:50:04Z,en,"['English', 'Pastafarian', 'Burger']",2026-09-07,19-41-16,Monday
317665559778,37926623,funnyastro,515025,Overwatch,410,2026-09-07T10:42:14Z,en,"['British', 'English', 'support', 'OWCS', 'Lúcio', 'Champion']",2026-09-07,19-41-16,Monday
316480868851,62961303,dexyuku,263490,Rust,409,2026-09-07T07:46:18Z,ja,['日本語'],2026-09-07,19-41-16,Monday
317666007522,30977449,sekiam,509658,Just Chatting,408,2026-09-07T12:15:34Z,es,"['Español', 'DropsActivados']",2026-09-07,19-41-16,Monday
316038341225,81821673,ekkosuna,21779,League of Legends,408,2026-09-07T07:04:36Z,fr,['Français'],2026-09-07,19-41-16,Monday
315991441362,37915803,harrie,509658,Just Chatting,408,2026-09-07T11:19:24Z,en,"['Aitum', 'English', 'Cozy', 'Friendly', 'gaming', 'Tea', 'Coffee', 'DropsEnabled']",2026-09-07,19-41-16,Monday
316480894963,73569767,kanegon1,263490,Rust,407,2026-09-07T07:55:21Z,ja,['日本語'],2026-09-07,19-41-16,Monday
316822864854,808203756,r2cronus,502829,R2 Online: Reign of Revolution,407,2026-09-06T17:54:10Z,ru,"['Русский', 'R2Online']",2026-09-07,19-41-16,Monday
318365239527,1055397270,jack_fromsoft,1357871551,The Blood of Dawnwalker,404,2026-09-07T08:26:23Z,de,"['Deutsch', 'eldenring', 'Soulsborne', 'soulslike', 'darksouls', 'DropsAktiviert']",2026-09-07,19-41-16,Monday
317665582562,78705692,fairypeak,30921,Rocket League,404,2026-09-07T10:47:11Z,fr,"['RocketLeague', 'Pro', 'Français', 'competition', 'rocket', 'Coach']",2026-09-07,19-41-16,Monday
316825642326,413047103,oleg_insec,21779,League of Legends,404,2026-09-07T09:14:08Z,ru,"['Русский', 'TOP30EUW', 'ПроИгрок', 'Обучение', 'Повтор']",2026-09-07,19-41-16,Monday
315507434352,139482710,kant0211,516575,VALORANT,404,2026-09-07T12:01:50Z,zh,"['中文', '動作', 'fps']",2026-09-07,19-41-16,Monday
319131612503,7832442,rifftrax,499973,Always On,403,2026-09-06T18:19:34Z,en,['English'],2026-09-07,19-41-16,Monday
316016671059,27060634,stealthygolem,533351889,Cthulhu's Reach: Devil Reef,402,2026-09-07T04:59:19Z,en,"['English', 'Cozy', 'Ally', 'Retro', 'LurkerFriendly', 'Comfy', 'Norwegian', 'Norsk', 'AIOptedOut']",2026-09-07,19-41-16,Monday
321428061915,26991127,hiko,516575,VALORANT,401,2026-09-07T12:02:30Z,en,['English'],2026-09-07,19-41-16,Monday
317701045859,190985474,camille_cqb,516575,VALORANT,400,2026-09-07T11:13:33Z,fr,['Français'],2026-09-07,19-41-16,Monday
320268140896,28222081,imakuni,7152,Rocket: Robot on Wheels,398,2026-09-07T08:17:42Z,en,"['Woman', 'Disabled', 'Comfy', 'Vtuber', 'English', 'ENVtuber', 'Hag', 'SonicTheHedgehog', 'Retro', 'RetroAchievements']",2026-09-07,19-41-16,Monday
318499996133,493581300,ordinaryharry,1743359147,MARVEL SNAP,398,2026-09-07T08:55:23Z,en,"['English', 'Educational', 'BeginnerFriendly']",2026-09-07,19-41-16,Monday
316869604308,49258270,newb1kk,12839,Heroes of Might and Magic III: The Restoration of Erathia,398,2026-09-07T08:01:59Z,ru,"['Русский', 'герои3']",2026-09-07,19-41-16,Monday
317688443876,488455482,mayucca,33214,Fortnite,398,2026-09-07T09:02:32Z,fr,"['Français', 'girl', 'fortnite', 'zerobuild', 'femme', 'PartiesAvecLesSpectateurs', 'drole', 'gameviewers', 'mayucca', 'Drop']",2026-09-07,19-41-16,Monday
318564616934,132256306,lunateac,1357871551,The Blood of Dawnwalker,396,2026-09-07T11:05:50Z,en,"['English', 'ADHD', 'Chatty', 'Interactive', 'Variety', 'FirstPlaythrough', 'DropsEnabled']",2026-09-07,19-41-16,Monday
318365408359,56924673,obsess3,21779,League of Legends,396,2026-09-07T08:59:08Z,de,"['Deutsch', 'VerticalStream', 'vertical', 'manchmalchallenger', 'meistensnicht', 'DropsAktiviert']",2026-09-07,19-41-16,Monday
316424907122,451955490,vincennt,2009321156,Dark and Darker,395,2026-09-07T11:48:14Z,en,"['日本語', 'English']",2026-09-07,19-41-16,Monday
318905302901,1039932348,veexzyfps,498566,Slots,395,2026-09-07T06:28:33Z,pt,"['Português', 'English', 'counterstrike', 'cassino', 'slots', 'virtualcasino']",2026-09-07,19-41-16,Monday
316480911347,274129677,nagoyarta,156463491,10 Seconds Dash!,394,2026-09-07T07:59:39Z,ja,"['758RTA', '日本語', 'RTAイベント', 'RTA', 'Speedrun', 'オフライン', 'redbull', 'RedbullGamingSphereTokyo']",2026-09-07,19-41-16,Monday
320225912412,81958531,derek_macintyre,130942,Factorio,393,2026-09-07T09:21:59Z,en,"['English', 'Canadian', 'Speedrunner', 'WorldRecordHolder', 'Talkative', 'Yapper', 'FashionAdvice', 'JeansFreeZone', 'YupOMatic3000', 'NeverLeavingNauvis']",2026-09-07,19-41-16,Monday
318501428069,625227229,lilcyma,116747788,"Pools, Hot Tubs, and Beaches",393,2026-09-07T11:56:34Z,en,"['girl', 'Woman', 'findom', 'FINDOMME', 'Mistress', 'wallet', 'paypig', '中文', 'Goddess', 'English']",2026-09-07,19-41-16,Monday
317665975522,119356722,slyders,138585,Hearthstone,393,2026-09-07T12:08:59Z,fr,['Français'],2026-09-07,19-41-16,Monday
316869989972,733339173,qwinkiii,29595,Dota 2,392,2026-09-07T10:06:01Z,ru,['Русский'],2026-09-07,19-41-16,Monday
316414613745,1112611165,yauyaumi_,509658,Just Chatting,391,2026-09-07T11:20:39Z,zh,"['中文', '香港', '台灣', '粵語', 'English', '启用掉宝']",2026-09-07,19-41-16,Monday
316796040789,1323056347,ariwka21,32399,Counter-Strike,390,2026-09-07T09:19:22Z,ru,"['Русский', 'faceit', '10lvl', 'Top12', 'girlgamer', 'counetstrike2']",2026-09-07,19-41-16,Monday
318500748005,66551495,knueppelpaste,509658,Just Chatting,390,2026-09-07T10:28:37Z,de,"['Deutsch', 'eigentlichganznett', 'PvP', 'vollderProfi', 'EFT', 'Lehrreich', 'DropsAktiviert']",2026-09-07,19-41-16,Monday
316824897878,30922886,gipsyteam,3151,Tournament Poker,390,2026-09-07T05:00:15Z,ru,"['Русский', 'gipsyteam', 'poker', 'holdem', 'tritonpoker', 'Triton', 'CashGame', 'MTT', 'MTTpoker', 'livepoker']",2026-09-07,19-41-16,Monday
316062651626,53395686,qq7925168,516575,VALORANT,389,2026-09-07T10:56:08Z,zh,['中文'],2026-09-07,19-41-16,Monday
318485609445,861461450,daquintv,498566,Slots,389,2026-09-05T22:19:23Z,pl,"['English', 'CS2', 'gamer', 'Poland', 'polandtwitchstreamer', 'Polski']",2026-09-07,19-41-16,Monday
317665619938,195736552,anarcocapitalista12,491487,Dead by Daylight,389,2026-09-07T10:55:57Z,es,"['Español', 'DropsActivados']",2026-09-07,19-41-16,Monday
318977568372,99765615,k13tv,29595,Dota 2,388,2026-09-07T10:47:53Z,pt,"['Português', 'Competitivo', 'English', 'Competitive', 'Ranked', 'music', 'gamer', 'Esports', 'react']",2026-09-07,19-41-16,Monday
317665417186,21945983,hatfilms,417752,Talk Shows & Podcasts,387,2026-09-07T10:05:18Z,en,"['funny', 'english', 'English', 'hats', 'DropsEnabled']",2026-09-07,19-41-16,Monday
318563742438,106903504,derhardi,344035090,Kingdom Come: Deliverance II,387,2026-09-07T08:50:31Z,de,"['Deutsch', 'Hardi', 'derhardi']",2026-09-07,19-41-16,Monday
316869903188,86604094,clickzyo,18122,World of Warcraft,385,2026-09-07T09:41:02Z,en,"['English', 'DropsEnabled']",2026-09-07,19-41-16,Monday
316480895475,40211539,ceros127,263490,Rust,385,2026-09-07T07:55:31Z,ja,"['日本語', '雑談', 'LoL', '英語', 'SF6', 'ラシード', '質問歓迎']",2026-09-07,19-41-16,Monday
317700467299,587443933,khalamite_live,509658,Just Chatting,384,2026-09-07T08:57:40Z,fr,"['khala', 'french', 'khalamite', 'merch', 'justchatting', 'Français', 'khalamité', 'DropsActivés', 'DJ', 'djset']",2026-09-07,19-41-16,Monday
318499059941,476237021,sophiexelisabeth,491962037,Big Ambitions,384,2026-09-07T06:17:12Z,de,"['cozy', 'gemütlich', 'entspannt', 'deutsch', 'weiblich', 'safespace', 'variety', 'german', 'simulator', 'Deutsch']",2026-09-07,19-41-16,Monday
316870423764,1307200726,andryha007s,23020,ROBLOX,383,2026-09-07T11:52:41Z,ru,"['Русский', 'крутыш2004']",2026-09-07,19-41-16,Monday
318365768551,1209433248,kulaich,509658,Just Chatting,383,2026-09-07T10:02:39Z,ru,"['Русский', 'DropsВключены']",2026-09-07,19-41-16,Monday
316869814228,104690726,etokeking,512710,Call of Duty: Warzone,383,2026-09-07T09:13:05Z,ru,"['ru', 'нытье', 'омнистример', 'Русский']",2026-09-07,19-41-16,Monday
318564259302,39317849,lowkotv,490422,StarCraft II,380,2026-09-07T10:15:41Z,en,"['English', 'Gaming', 'Community', 'Chill', 'Cozy']",2026-09-07,19-41-16,Monday
316869861332,24811779,wagamamatv,499132,They Are Billions,379,2026-09-07T09:29:31Z,en,['English'],2026-09-07,19-41-16,Monday
318500902245,65759049,kireilol,21779,League of Legends,379,2026-09-07T10:49:37Z,en,"['Ranked', 'Educational', 'English', 'Challenger', 'Nederlands', 'jungle', 'Rank1', 'prox2']",2026-09-07,19-41-16,Monday
316861368020,9528182,chilledchaos,499973,Always On,379,2026-09-05T21:25:39Z,en,"['English', 'ItalianSafeSpace', 'ChilledChaos', 'LyingEncouraged', 'seventeencarat', 'AmongUs', 'Multiplayer', 'aioptedout']",2026-09-07,19-41-16,Monday
317689125988,129163519,fitzadri,504921,Dragon Ball Legends,378,2026-09-07T11:40:52Z,fr,['Français'],2026-09-07,19-41-16,Monday
318564322278,894303045,ckaiba9,1702520304,Path of Exile 2,378,2026-09-07T10:24:53Z,ru,"['Русский', 'DropsВключены']",2026-09-07,19-41-16,Monday
316414517489,1477150936,shirokuma_tsurara,21779,League of Legends,378,2026-09-07T11:02:47Z,ja,"['女性Vtuber', 'REJECT', '日本語']",2026-09-07,19-41-16,Monday
316796098261,548494722,muhadjan_atakuet,401587136,Arena Breakout: Infinite,378,2026-09-07T09:36:40Z,ru,"['Русский', 'Якутский', 'СБЭУ', 'arenabreakoutinfinite']",2026-09-07,19-41-16,Monday
316062512746,103479926,shoshy,516575,VALORANT,377,2026-09-07T10:08:49Z,en,"['Anime', 'English']",2026-09-07,19-41-16,Monday
318563450086,94432456,crisheroes,518379,Pokémon UNITE,377,2026-09-07T07:56:45Z,en,"['English', 'DropsEnabled']",2026-09-07,19-41-16,Monday
316414119153,796996233,mtoshii,20389,Tear Ring Saga,377,2026-09-07T09:15:08Z,ja,['日本語'],2026-09-07,19-41-16,Monday
318366740711,57116735,mistercop,1702520304,Path of Exile 2,376,2026-09-07T12:21:51Z,ru,"['Русский', 'Шизофрения', 'Социопатия', 'фокусы', 'DropsВключены']",2026-09-07,19-41-16,Monday
317688917732,538404693,lanocallum1,512710,Call of Duty: Warzone,376,2026-09-07T10:58:21Z,en,"['English', 'warzone', 'callofduty']",2026-09-07,19-41-16,Monday
316414286065,909783930,hiiragiyukaofficial,32982,Grand Theft Auto V,375,2026-09-07T10:04:56Z,ja,"['english', 'ENGLISH', '日本語', 'English']",2026-09-07,19-41-16,Monday
316870051668,92424680,akame,1535225577,The Last of Us Part II Remastered,375,2026-09-07T10:22:28Z,en,"['Anime', 'VTuber', 'English', 'tomboy', 'egirl', 'adhd', 'abs', 'Wolfgirl']",2026-09-07,19-41-16,Monday
318890496245,181077473,gaules,32982,Grand Theft Auto V,371,2026-09-05T19:05:18Z,pt,['Português'],2026-09-07,19-41-16,Monday
316796710997,237073731,scanner322tgtg,32399,Counter-Strike,370,2026-09-07T12:15:14Z,ru,"['SINNERS', 'phantom', '1win', '1wprivateclub', 'CS2', 'Русский']",2026-09-07,19-41-16,Monday
317688517604,37851229,break,1357871551,The Blood of Dawnwalker,370,2026-09-07T09:22:54Z,en,"['English', 'DropsEnabled']",2026-09-07,19-41-16,Monday
318556509542,28447375,skifolk,491931,Escape from Tarkov,369,2026-09-06T15:04:47Z,ru,"['skifolk', 'скифолк', 'survivalgames', 'eft', 'Русский']",2026-09-07,19-41-16,Monday
316039018345,194633143,dettj,509658,Just Chatting,368,2026-09-07T10:32:49Z,en,"['English', 'OCE', 'Australia', 'rage', 'ADHD', 'AUS', 'DropsEnabled']",2026-09-07,19-41-16,Monday
318563241062,95645837,tiankami,1735094656,Tetris Effect: Connected,368,2026-09-07T07:13:32Z,ru,"['Русский', 'Roguelike', 'Рогалики', 'АрхонтРогаликов']",2026-09-07,19-41-16,Monday
316414207857,194704878,wen620,516575,VALORANT,367,2026-09-07T09:43:30Z,zh,"['N暴雷', 'N劇透', 'N控制', '中文', '不要再問了', '疑似協咖']",2026-09-07,19-41-16,Monday
317701219427,672078591,doseofcoffee,138585,Hearthstone,366,2026-09-07T11:53:15Z,en,"['Arena', 'Educational', 'English', 'Competitive', 'Leaderboard', 'Chill']",2026-09-07,19-41-16,Monday
318500176613,446810993,itspatlive,509672,IRL,365,2026-09-07T09:17:03Z,de,"['Reisen', 'Deutsch', 'monte', 'Papaplatte', 'Zabex', 'Trymacs', 'portugal']",2026-09-07,19-41-16,Monday
316424388466,124430873,vanilla_shironeko,327598602,Onimusha: Way of the Sword,365,2026-09-07T09:45:27Z,zh,"['中文', '启用掉宝']",2026-09-07,19-41-16,Monday
318977361652,730345232,mudynh0xd,29452,Virtual Casino,364,2026-09-07T08:39:09Z,pt,['Português'],2026-09-07,19-41-16,Monday
316038402537,1001266615,moondogs_celestial,516575,VALORANT,364,2026-09-07T07:24:19Z,zh,"['Vtuber', 'fps', '中文']",2026-09-07,19-41-16,Monday
316424796402,89286587,mabushii0611,509658,Just Chatting,364,2026-09-07T11:25:26Z,zh,['中文'],2026-09-07,19-41-16,Monday
318564933734,80953740,cakez77,1469308723,Software and Game Development,363,2026-09-07T11:44:38Z,en,"['cpp', 'gamedev', 'pixelart', 'English', 'development', 'Programming', 'c', 'Godot', 'NoBackseating']",2026-09-07,19-41-16,Monday
316796357205,1223959383,d9d9volodya111,32399,Counter-Strike,361,2026-09-07T10:50:06Z,ru,['Русский'],2026-09-07,19-41-16,Monday
318499992805,77715396,rasl,18122,World of Warcraft,361,2026-09-07T08:54:57Z,ru,"['ВысокоуровневыйКонтент', 'Животные', 'English', 'Rasl', 'Русский', 'DropsВключены']",2026-09-07,19-41-16,Monday
318565223270,83222710,revo_toja,509658,Just Chatting,360,2026-09-07T12:16:19Z,pl,"['Polski', 'odtwarzacz', 'commentary', 'DropyWłączone']",2026-09-07,19-41-16,Monday
316796535381,42080143,inet_saju,32399,Counter-Strike,360,2026-09-07T11:34:12Z,pl,['Polski'],2026-09-07,19-41-16,Monday
316825070422,849574187,plovv4,29595,Dota 2,360,2026-09-07T06:25:42Z,ru,['Русский'],2026-09-07,19-41-16,Monday
316413833841,222947530,qqdoya,327598602,Onimusha: Way of the Sword,359,2026-09-07T07:41:51Z,zh,"['中文', '槍戰', '無名魂系王者', 'gamer', '反差人', '启用掉宝']",2026-09-07,19-41-16,Monday
316038482281,431592451,slowwalkthroughs,674491029,Star Wars Zero Company,359,2026-09-07T07:48:39Z,en,"['English', 'Australia', 'AUS', 'NoBackseating', 'NoSpoilers', 'PC', '4090', 'FirstPlaythrough']",2026-09-07,19-41-16,Monday
317701119971,176314965,swimy,138585,Hearthstone,359,2026-09-07T11:31:05Z,ar,['العربية'],2026-09-07,19-41-16,Monday
318902466549,774200523,biskella,19619,Tibia,359,2026-09-06T23:58:51Z,pt,"['Português', 'PKA', 'pokealliance']",2026-09-07,19-41-16,Monday
316870156372,804416319,sashacheer,32399,Counter-Strike,359,2026-09-07T10:50:09Z,ru,"['ОКР', 'Женщина', 'кс2', 'няшка', 'альтушка', 'Аниме', 'пубертат', 'общительная', 'Кошкодевочка', 'разведенка']",2026-09-07,19-41-16,Monday
320268921824,27772699,apathy,512710,Call of Duty: Warzone,357,2026-09-07T11:47:08Z,en,"['English', 'pro', 'cod', 'callofduty', 'warzone', 'warzoneranked', 'rebirthisland', 'mw4']",2026-09-07,19-41-16,Monday
316414872177,860093376,mimoza_ow,515025,Overwatch,357,2026-09-07T12:02:10Z,ja,"['日本語', 'オーバーウォッチ2', 'Overwatsch2', 'English', 'ADHD', 'やらせ']",2026-09-07,19-41-16,Monday
316017543251,206866614,g_birb,491487,Dead by Daylight,357,2026-09-07T11:52:32Z,en,"['English', 'LGBTQIAPlus', 'ClosedCaptions', 'TransRights', 'dbdcreator', 'farts', 'DropsEnabled']",2026-09-07,19-41-16,Monday
316414821361,884261414,ichinosetohr,516575,VALORANT,356,2026-09-07T11:56:57Z,ja,"['日本語', '集金の悪魔', '4KUltraブス', '日韓通訳ゴッド配信']",2026-09-07,19-41-16,Monday
321253983833,139504995,sackzi,91419,Metal Gear Solid V: The Phantom Pain,356,2026-09-07T08:13:32Z,fr,['Français'],2026-09-07,19-41-16,Monday
316825714774,151022403,rasenganss904,509658,Just Chatting,356,2026-09-07T09:31:57Z,ru,"['Русский', 'DropsВключены']",2026-09-07,19-41-16,Monday
318500428645,102440358,arcadebulls,1357871551,The Blood of Dawnwalker,356,2026-09-07T09:49:22Z,cs,"['Čeština', 'English', 'Community', 'PovolenéDrops']",2026-09-07,19-41-16,Monday
317688587748,472263491,rodenasink,135816296,Pizza House Simulator,355,2026-09-07T09:42:42Z,es,"['Español', 'KOI', 'rodenasink', 'variety', 'Cozy']",2026-09-07,19-41-16,Monday
318364660199,236329859,heawin,493057,PUBG: BATTLEGROUNDS,354,2026-09-07T06:32:23Z,de,"['Deutsch', 'DropsAktiviert']",2026-09-07,19-41-16,Monday
316825977046,29888774,thejove,509658,Just Chatting,353,2026-09-07T10:34:28Z,ru,"['Русский', 'миртанков', 'drops', 'дропс', 'танки', 'джов', 'jove', 'DropsВключены']",2026-09-07,19-41-16,Monday
316869590100,177266667,ikasperovskaya,32399,Counter-Strike,353,2026-09-07T07:58:21Z,ru,"['10lvl', 'faceit', 'Животные', 'розыгрыш', 'csgo2', 'counterstrike2', 'Русский', 'girl', 'Toxi4ka']",2026-09-07,19-41-16,Monday
316825165526,718163932,restoratorgame,509658,Just Chatting,353,2026-09-07T07:03:07Z,ru,"['Русский', 'DropsВключены']",2026-09-07,19-41-16,Monday
318563136102,116434237,droodthund3r,13332,Pokémon FireRed/LeafGreen,352,2026-09-07T06:51:14Z,it,"['Pokemon', 'Hearthstone', 'Kaizo', 'Italiano', 'Pokèmon', 'challenge', 'cardgames', 'NOTILT', 'NORAGE', 'ONLYGOODVIBES']",2026-09-07,19-41-16,Monday
318498264549,599459353,knebel_de,71375,Star Citizen,352,2026-09-07T01:54:59Z,de,['Deutsch'],2026-09-07,19-41-16,Monday
318365026407,115193558,zuluxxman,493057,PUBG: BATTLEGROUNDS,350,2026-09-07T07:44:05Z,de,"['fun', 'party', 'music', 'esports', 'Deutsch', 'Competitive', 'PartyVibes', 'pubg', 'Turnier', 'DropsAktiviert']",2026-09-07,19-41-16,Monday
318365890791,48537299,monstahler,511391,Hollow Knight: Silksong,349,2026-09-07T10:23:15Z,en,"['Practice', 'Speedrun', 'PBAttempts', 'WRAttempts', 'English']",2026-09-07,19-41-16,Monday
317665366370,46887220,karssi,327598602,Onimusha: Way of the Sword,348,2026-09-07T09:53:46Z,fr,"['Français', 'Marathon', 'BirthdayStream', 'ASMRvisual', 'ASMRAuditif', 'DropsActivés']",2026-09-07,19-41-16,Monday
318366007655,960375121,welskiy,29595,Dota 2,347,2026-09-07T10:40:29Z,ru,"['русский', 'керриплеер', 'сельскийаура', 'вельский', 'титан', 'имморталдрафт', 'дота2', 'welskiy', 'Русский']",2026-09-07,19-41-16,Monday
317701240163,38822100,titavion,1405728308,Orbitals,346,2026-09-07T11:56:19Z,fr,"['Français', 'Vieux']",2026-09-07,19-41-16,Monday
318844852982,484136594,massroon,19619,Tibia,346,2026-09-07T10:24:40Z,pt,"['Português', 'MMORPG', 'Gostoso', 'Orebound', 'pxg']",2026-09-07,19-41-16,Monday
317656575330,487510275,lofigirl,26936,Music,346,2026-09-06T07:20:19Z,en,"['study', 'chill', 'music', 'playlist', 'radio', 'relax', 'beats', 'lofi', 'lofigirl', 'sleep']",2026-09-07,19-41-16,Monday
316796258773,41888393,enfigor,18122,World of Warcraft,346,2026-09-07T10:22:40Z,ru,"['wow', 'worldofwarcraft', 'Русский', 'DropsВключены']",2026-09-07,19-41-16,Monday
316481738739,150229346,eric06212001,19976,MapleStory,346,2026-09-07T11:40:20Z,zh,"['中文', '新楓之谷', 'TMS']",2026-09-07,19-41-16,Monday
318564270694,727379646,knbabz,32399,Counter-Strike,345,2026-09-07T10:17:12Z,tr,['Türkçe'],2026-09-07,19-41-16,Monday
316038515689,228296361,chicofilo,602040818,NBA 2K27,344,2026-09-07T07:58:38Z,en,"['nba2k', 'NBA', 'English', 'DropsEnabled']",2026-09-07,19-41-16,Monday
318364559079,171103531,sieglinde,417528,Albion Online,343,2026-09-07T06:06:10Z,de,"['Deutsch', 'wow', 'classicwow', 'Hardcore', 'sieglinde', 'worldofwarcraft', 'lurkATwork', 'classicplus', 'hc', 'DropsAktiviert']",2026-09-07,19-41-16,Monday
318500248805,78115558,autdany,509672,IRL,343,2026-09-07T09:26:28Z,de,"['Outdoor', 'IRL', 'Deutsch', 'Abenteuer', 'offroad', 'overlanding', 'Reisen', 'fiat', 'Kroatien', 'DropsAktiviert']",2026-09-07,19-41-16,Monday
319141448919,66949711,soloortroll,2094865572,SMITE 2,343,2026-09-07T08:31:24Z,en,"['English', 'sololane', 'pro', 'DropsEnabled']",2026-09-07,19-41-16,Monday
320225862236,44930725,cope,491487,Dead by Daylight,342,2026-09-07T09:05:39Z,en,"['English', 'Chill', 'DropsEnabled']",2026-09-07,19-41-16,Monday
316869297620,493600085,va1erevich,327598602,Onimusha: Way of the Sword,342,2026-09-07T06:00:39Z,ru,"['Русский', 'Общение', 'Чатик', 'РозыгрышИгр', 'Dota', 'DropsВключены']",2026-09-07,19-41-16,Monday
318499728997,620833808,mogdone,417528,Albion Online,341,2026-09-07T08:18:56Z,en,"['ENGLISH', 'Roleplay', 'MMORPG', 'VarietyStreamer', 'drops', 'English', 'DropsEnabled']",2026-09-07,19-41-16,Monday
318348728679,221114625,xyzoom,27471,Minecraft,340,2026-09-05T18:37:12Z,de,['Deutsch'],2026-09-07,19-41-16,Monday
318366248551,55290849,gn_krobatv,513143,Teamfight Tactics,340,2026-09-07T11:15:23Z,el,['Ελληνικά'],2026-09-07,19-41-16,Monday
316000678632,185863509,hari_live,1931693784,Pokémon Champions,340,2026-09-07T09:21:55Z,fr,"['Français', 'Esports', 'Pokémon', 'VGC', 'DropsActivés']",2026-09-07,19-41-16,Monday
320202902364,44741426,streamerhouse,1441208453,Once Human,340,2026-09-05T22:02:12Z,en,"['Marathon', 'AlwaysOn', 'Subathon', 'StreamerHouse', 'English', '24hr', '247Stream', 'gaming', 'LGBTQ', 'DropsEnabled']",2026-09-07,19-41-16,Monday
316796742997,615180751,aveoqq,32399,Counter-Strike,339,2026-09-07T12:22:43Z,ru,"['Русский', 'cs', 'кс']",2026-09-07,19-41-16,Monday
318501039461,838881348,sk0wik,32399,Counter-Strike,336,2026-09-07T11:07:06Z,en,['English'],2026-09-07,19-41-16,Monday
317688010084,908203524,playhuds777,29452,Virtual Casino,336,2026-09-07T06:37:57Z,pt,"['Português', 'Hudson']",2026-09-07,19-41-16,Monday
318353077607,825615948,radiosurprise,26936,Music,336,2026-09-06T05:13:21Z,de,"['Deutsch', 'Englisch', 'Wiederholen', 'House', 'HipHop', 'Dance', 'Radio', 'DJ', 'DropsAktiviert']",2026-09-07,19-41-16,Monday
316867252436,1390976168,betboom_cs_ru,32399,Counter-Strike,336,2026-09-06T18:39:54Z,ru,"['Киберспорт', 'Esports', 'BLAST', 'counterstrike2', 'Русский']",2026-09-07,19-41-16,Monday
318366190951,838879748,oshibkaaa,32399,Counter-Strike,336,2026-09-07T11:06:58Z,en,['English'],2026-09-07,19-41-16,Monday
318500803941,101281666,higanbanban,509658,Just Chatting,335,2026-09-07T10:36:03Z,ru,"['витьюберы', 'vtuber', 'ruvtuber', 'витубер', 'аниме', 'БезСпойлеров', 'Русский', 'DropsВключены']",2026-09-07,19-41-16,Monday
316480747891,471685664,tamatthi,491931,Escape from Tarkov,335,2026-09-07T07:05:27Z,ja,['日本語'],2026-09-07,19-41-16,Monday
319138561879,38878346,notmes,18122,World of Warcraft,333,2026-09-07T03:49:03Z,en,"['English', 'PvP', 'DropsEnabled']",2026-09-07,19-41-16,Monday
316825712214,517556400,mendovozka,32982,Grand Theft Auto V,332,2026-09-07T09:31:14Z,ru,"['Русский', 'gta', 'ＧTA5', 'gta5rp']",2026-09-07,19-41-16,Monday
316062000618,85228818,sadpocky,500188,Hunt: Showdown 1896,332,2026-09-07T07:29:10Z,en,"['vtuber', 'comfy', 'envtuber', 'adhd', 'imouto', 'asian', 'chill', '日本語', 'JP', 'English']",2026-09-07,19-41-16,Monday
316796545365,27268093,alliance_hakis,511224,Apex Legends,331,2026-09-07T11:36:21Z,en,"['IGL', 'Comp', 'Scrim', 'Tourney', 'Pro', 'Alliance', 'Ranked', 'ApexPredator', 'English', 'movementgod']",2026-09-07,19-41-16,Monday
318901741685,892485468,estaciontv,417752,Talk Shows & Podcasts,330,2026-09-06T23:01:53Z,es,"['Español', 'IRL', 'Radio', 'DropsActivados']",2026-09-07,19-41-16,Monday
316038924905,636316577,xlavandulax,516575,VALORANT,330,2026-09-07T10:04:15Z,en,"['lavandula', 'xlavandulax', 'lava', 'English', 'valorant', 'riotgames', 'VCTWatchParty', 'VCTPacific', 'PRXWATCHPARTY']",2026-09-07,19-41-16,Monday
315970870609,25250565,archietv,500188,Hunt: Showdown 1896,330,2026-09-07T10:32:22Z,en,['English'],2026-09-07,19-41-16,Monday
318564622054,952968454,puffclose,32399,Counter-Strike,329,2026-09-07T11:06:30Z,en,['English'],2026-09-07,19-41-16,Monday
321245066585,169594765,joystick,515025,Overwatch,328,2026-09-06T22:14:37Z,en,"['English', 'Vendetta']",2026-09-07,19-41-16,Monday
316825565654,3001738,singollo,213930085,Honkai: Star Rail,327,2026-09-07T08:55:27Z,ru,"['Русский', 'позитив', 'Оптимизм', 'DropsВключены']",2026-09-07,19-41-16,Monday
316061932650,559027983,sakurah,515025,Overwatch,327,2026-09-07T07:03:09Z,en,"['English', 'Vtuber', 'Australia', 'feet', 'GOONER', 'Comfy', 'indecisive', 'DMCGLAZER', 'BRAINROT']",2026-09-07,19-41-16,Monday
321254149849,109627347,yofamsteve,386821,Black Desert,326,2026-09-07T09:04:51Z,en,"['zerk', 'horror', 'scary', 'drops']",2026-09-07,19-41-16,Monday
320129705438,47391636,octane,511224,Apex Legends,325,2026-09-07T11:36:27Z,en,['English'],2026-09-07,19-41-16,Monday
316825398102,112655260,antony_gamer,493057,PUBG: BATTLEGROUNDS,325,2026-09-07T08:12:09Z,ru,"['pubg', 'пубг', 'Antony', 'Русский', 'PUBGBATTLEGROUNDS', 'ПубгнаПК']",2026-09-07,19-41-16,Monday
316825216342,50393229,tankzor,493057,PUBG: BATTLEGROUNDS,325,2026-09-07T07:19:53Z,ru,['Русский'],2026-09-07,19-41-16,Monday
318559702886,1520431050,staiy24,32982,Grand Theft Auto V,324,2026-09-06T19:17:23Z,de,['Deutsch'],2026-09-07,19-41-16,Monday
317665570146,635598323,the_climarx,1751558109,Lorelei and the Laser Eyes,324,2026-09-07T10:44:05Z,fr,"['Français', 'loreleiandthelasereyes', 'jeuxvidéo']",2026-09-07,19-41-16,Monday
318842013046,152904586,brunablince,32982,Grand Theft Auto V,322,2026-09-07T00:46:21Z,pt,"['Português', 'GTARP', 'Dragona', 'GTAV', 'teatro', 'Bruxaria', 'android', 'Imersão', 'Lisboa', 'LISBOARP']",2026-09-07,19-41-16,Monday
318365500135,139182149,lairas_,18122,World of Warcraft,322,2026-09-07T09:15:08Z,en,['English'],2026-09-07,19-41-16,Monday
318499177061,117972622,l4ny_,27546,World of Tanks,321,2026-09-07T06:42:58Z,de,"['Deutsch', 'Potsdam', 'Germany', 'justchatting', 'GEILECOMMUNITY', 'dropsaktiv', 'WorldofTanks', 'Lehrreich', 'DropsAktiviert']",2026-09-07,19-41-16,Monday
317665393506,92055456,londoncontroller,669337588,Microsoft Flight Simulator 2024,321,2026-09-07T10:00:00Z,en,['English'],2026-09-07,19-41-16,Monday
316062368746,424515726,xiaojean0128,509658,Just Chatting,320,2026-09-07T09:24:50Z,zh,"['中文', 'Vtuber', 'Vtype', '唱歌', '畫圖', '互動', '瓦屯', '启用掉宝']",2026-09-07,19-41-16,Monday
317403504503,405208912,gonsabellla,509672,IRL,318,2026-09-07T12:11:28Z,es,['Español'],2026-09-07,19-41-16,Monday
316826176470,46768129,byalli,509672,IRL,318,2026-09-07T11:17:02Z,pl,"['Polski', 'English', 'CS2', 'cs', 'faceit']",2026-09-07,19-41-16,Monday
316870420692,714350745,anto0n1o,32399,Counter-Strike,318,2026-09-07T11:52:00Z,ru,"['Русский', 'пубг', 'бустер', 'BetBoom', 'evelone192', 'cs', 'CS2', 'лето', 'Повтор']",2026-09-07,19-41-16,Monday
318365814375,1227964961,zarbex_tv,27471,Minecraft,318,2026-09-07T10:10:12Z,de,['Deutsch'],2026-09-07,19-41-16,Monday
316000843368,493814899,legend_linc,27471,Minecraft,317,2026-09-07T10:13:10Z,en,"['Australia', 'Chatty', 'English']",2026-09-07,19-41-16,Monday
321254270553,469953187,qiywi,386821,Black Desert,316,2026-09-07T09:45:39Z,en,"['English', 'spanish', 'NewPlayerFriendly', 'DropsEnabled']",2026-09-07,19-41-16,Monday
318565127910,184058282,kiilanie,327598602,Onimusha: Way of the Sword,316,2026-09-07T12:07:09Z,en,"['English', 'Yapper', 'FilthyCasual', 'DropsEnabled', 'Variety', 'LOUD']",2026-09-07,19-41-16,Monday
318563344870,118291244,conducteir77,415958771,Bus Simulator 27,315,2026-09-07T07:34:57Z,cs,"['Čeština', 'justcchatting', 'GAMING', 'Simulators', 'FunStreamer', 'MarblesonStream', 'best']",2026-09-07,19-41-16,Monday
316795534933,40459081,exmagistr,1702520304,Path of Exile 2,315,2026-09-07T06:18:45Z,ru,"['Русский', 'APRG', 'English', 'RPG', 'DropsВключены']",2026-09-07,19-41-16,Monday
316414498673,161491755,nagaikouji074,55453844,Street Fighter 6,314,2026-09-07T10:59:44Z,ja,"['日本語', 'スト6', 'STREETFIGHTER6', '格闘ゲーム', '雑談', 'SF6', 'ストリートファイター6', 'streeetfighter6', '鬼武者', 'WayoftheSword']",2026-09-07,19-41-16,Monday
315991217490,56964879,twoangrygamerstv,1742163310,Worming from Home,314,2026-09-07T10:02:23Z,en,"['duo', 'comedy', 'multiplayer', 'british', 'memes', 'English']",2026-09-07,19-41-16,Monday
316414256753,646189802,3katiii,32982,Grand Theft Auto V,313,2026-09-07T09:58:20Z,ja,"['日本語', '鳩禁止', 'ストグラ', 'がくめん', 'ミカピトフーイ', 'みかちー']",2026-09-07,19-41-16,Monday
316425171314,464257616,dethseiya,516575,VALORANT,312,2026-09-07T12:30:52Z,ja,"['ADHD', 'ＡＤＨＤ', 'adhd', '日本語', 'V狩り', 'valorant']",2026-09-07,19-41-16,Monday
318498912741,21952830,madarawastaken,493057,PUBG: BATTLEGROUNDS,312,2026-09-07T05:37:29Z,el,"['Ελληνικά', 'English']",2026-09-07,19-41-16,Monday
319130085975,1418938048,elajjaz247,499973,Always On,312,2026-09-06T14:35:44Z,en,"['English', 'Rerun']",2026-09-07,19-41-16,Monday
317700599139,38618824,brizereins,65632,DayZ,312,2026-09-07T09:26:26Z,fr,"['Français', 'DayZ']",2026-09-07,19-41-16,Monday
316062272234,38640167,excessiveprofanity,1357871551,The Blood of Dawnwalker,312,2026-09-07T08:53:10Z,en,"['English', 'AUS', 'NoBackseating', 'NoSpoilers']",2026-09-07,19-41-16,Monday
315991553362,137002416,arkvenger_tv,71375,Star Citizen,308,2026-09-07T12:00:04Z,es,"['Español', 'StarCitizen', 'MMO', 'Humo', 'Noticias', 'Inglés']",2026-09-07,19-41-16,Monday
316795907029,150362326,viikonloppu,459931,Old School RuneScape,308,2026-09-07T08:37:44Z,en,"['English', 'Suomi', 'oldschoolrunescape', 'gaming']",2026-09-07,19-41-16,Monday
321316852186,9094040,fullcon,263490,Rust,308,2026-09-07T08:00:04Z,ja,['日本語'],2026-09-07,19-41-16,Monday
316480945139,42304622,suzukinoriaki,263490,Rust,306,2026-09-07T08:09:53Z,ja,['日本語'],2026-09-07,19-41-16,Monday
318366420071,43723452,yucali,509658,Just Chatting,304,2026-09-07T11:41:12Z,it,"['Italiano', 'chill', 'relax', 'retrogaming', 'LGBTQFriendly', 'streamercortese', 'streamertranquilla', 'DropAbilitati']",2026-09-07,19-41-16,Monday
316870168148,693277675,miashanti,509658,Just Chatting,304,2026-09-07T10:53:56Z,en,"['Goddess', 'Princess', 'English', 'Paypig', 'Findom', 'feet', 'DropsEnabled']",2026-09-07,19-41-16,Monday
318563768806,437200560,zodiac_cr,491168,Clash Royale,303,2026-09-07T08:54:31Z,de,['Deutsch'],2026-09-07,19-41-16,Monday
316868851028,12830362,knjazevdesu,27284,Retro,303,2026-09-07T01:15:32Z,ru,"['Варан', 'За', 'Диваном', 'Русский', 'DropsВключены']",2026-09-07,19-41-16,Monday
317700470883,42465441,drunge_,26476,TERA,302,2026-09-07T08:58:34Z,fr,"['Français', 'HardcoreGamer', 'MMO', 'RPG']",2026-09-07,19-41-16,Monday
316000464104,793088969,froggyhoppins,489776,Fallout 4,301,2026-09-07T08:15:31Z,en,"['Australia', 'Cozy', 'Comfy', 'English', 'Frog', '7tv', 'Vtuber', 'ENVTuber', 'brat']",2026-09-07,19-41-16,Monday
318365219815,110776912,maxbenecke,19554,iRacing,301,2026-09-07T08:23:04Z,en,['English'],2026-09-07,19-41-16,Monday
318564152550,1018879667,brigante_831,517241,Shieldwall,301,2026-09-07T10:00:08Z,de,['Deutsch'],2026-09-07,19-41-16,Monday
318844779894,105007799,artilh3iro,19619,Tibia,301,2026-09-07T09:48:23Z,pt,"['Português', 'PXGTibia', 'EXQUECE', 'monohunt', 'pxg']",2026-09-07,19-41-16,Monday
318499464933,1345046247,scoresight,32399,Counter-Strike,301,2026-09-07T07:35:20Z,ru,"['CS2', 'Русский', 'nodwin', 'нодвин']",2026-09-07,19-41-16,Monday
319142159063,490639381,itskonax,464339927,ARC Raiders,300,2026-09-07T11:12:26Z,en,"['English', 'PvP', 'BeginnerFriendly', 'Goopa', 'dogs', 'DropsEnabled']",2026-09-07,19-41-16,Monday
317699832547,1524309478,katchi_irl,509672,IRL,300,2026-09-07T06:29:04Z,en,"['English', 'IRL', 'yoga', 'women', 'dailystreamer', 'Dance', 'Travel', 'tryonhaul', 'clothes', 'Rerun']",2026-09-07,19-41-16,Monday
317701243235,23432410,falsesymmetry,27471,Minecraft,300,2026-09-07T11:56:57Z,en,"['HERMITCRAFT', 'MCC', 'ADHD', 'PROFESSIONALMINECRAFTER', 'English', 'mcsr']",2026-09-07,19-41-16,Monday
316796735189,146728026,lexiav,1426873999,Heroes of Might & Magic: Olden Era,300,2026-09-07T12:20:37Z,en,['English'],2026-09-07,19-41-16,Monday
318499327077,83985329,miaumarmelade,18122,World of Warcraft,300,2026-09-07T07:11:00Z,de,"['Deutsch', 'English', 'DropsAktiviert']",2026-09-07,19-41-16,Monday
316039257193,16886667,bexed,327598602,Onimusha: Way of the Sword,300,2026-09-07T11:45:39Z,en,"['Malaysia', 'English', 'DropsEnabled']",2026-09-07,19-41-16,Monday
318069076440,208995480,ogyounggucci,461221,MARVEL Contest of Champions,300,2026-09-07T07:33:08Z,en,"['English', 'Partnered', 'PCGamer', 'DropsEnabled']",2026-09-07,19-41-16,Monday
317700884707,50277888,elpgp1,213930085,Honkai: Star Rail,300,2026-09-07T10:37:20Z,es,"['Hoyoverse', 'Tutorial', 'Honkai', 'DropsGratis', 'Drops', 'Espanol', 'Anime', 'Mobile', 'Wuwa', 'Español']",2026-09-07,19-41-16,Monday
320226313052,138155725,loochytv,512710,Call of Duty: Warzone,299,2026-09-07T11:24:23Z,en,['English'],2026-09-07,19-41-16,Monday
317688311396,995505789,ttdanzss,513501,Standoff 2,299,2026-09-07T08:23:10Z,ru,"['Russian', 'Русский', 'standknife', 'standknifestream']",2026-09-07,19-41-16,Monday
318977706356,70268150,tiagoleifert,509658,Just Chatting,298,2026-09-07T11:48:09Z,pt,"['Português', 'tiagoleifert', 'laifinho', 'DropsAtivados']",2026-09-07,19-41-16,Monday
316414022129,52732546,yoshiakilol,21779,League of Legends,298,2026-09-07T08:45:54Z,ja,['日本語'],2026-09-07,19-41-16,Monday
317390129527,1131600178,lirik_247,499973,Always On,297,2026-09-05T18:52:59Z,en,"['English', 'lirik', 'Variety', 'Rerun']",2026-09-07,19-41-16,Monday
318366357607,55058328,bubzia,2692,Super Mario 64,297,2026-09-07T11:32:22Z,en,"['speedrun', '日本語', 'sm64', 'Blindfolded', 'worldrecord', 'Zelda', 'mario', 'RTA', 'retro', 'RetroAchievements']",2026-09-07,19-41-16,Monday
316000850536,1306984756,flamesonsol,499634,Crypto,297,2026-09-07T10:15:54Z,en,"['Trenching', 'English']",2026-09-07,19-41-16,Monday
316017428435,1212538149,babayaga044,229772247,007 First Light,296,2026-09-07T11:00:33Z,en,"['english', 'English', 'DropsEnabled']",2026-09-07,19-41-16,Monday
318564163302,822822955,deathawak3,516575,VALORANT,296,2026-09-07T10:01:30Z,ru,"['Русский', 'пикми', 'сигма']",2026-09-07,19-41-16,Monday
320129170782,29156271,goratha,1702520304,Path of Exile 2,295,2026-09-07T08:57:52Z,en,"['English', 'CoffeeAddict', 'ARPG', 'DropsEnabled']",2026-09-07,19-41-16,Monday
316796253141,95346316,maarkoos,32399,Counter-Strike,295,2026-09-07T10:20:38Z,pl,['Polski'],2026-09-07,19-41-16,Monday
318501381605,122854486,1mpala,32399,Counter-Strike,295,2026-09-07T11:51:35Z,ru,"['English', 'Українська', 'Русский', 'CS2']",2026-09-07,19-41-16,Monday
315970498897,11272561,grumbul,543818421,Breathedge 2,294,2026-09-07T07:15:39Z,en,"['English', 'TheGreatChinwag', 'Drops']",2026-09-07,19-41-16,Monday
316481655411,1536779504,soracii07,10322,FINAL FANTASY X,294,2026-09-07T11:23:58Z,ja,"['FF10HDRemaster', 'ff10', 'FFX', 'ファイナルファンタジー', 'FinalFantasy', '顔出し配信', '雑談', 'コメント大歓迎', 'RPG', '日本語']",2026-09-07,19-41-16,Monday
316796190805,72614351,varidetta,514891,Timberborn,294,2026-09-07T10:02:23Z,en,"['English', 'forsen', 'swedish', 'vtuber', 'Baj', 'Svenska']",2026-09-07,19-41-16,Monday
318365155687,208902803,qrxuow,515025,Overwatch,293,2026-09-07T08:09:42Z,en,"['English', 'Deutsch']",2026-09-07,19-41-16,Monday
321287081818,79294007,mira,509672,IRL,292,2026-09-05T19:16:08Z,en,"['English', 'Iceland', 'Japan', 'Sweden', 'Norway', 'Scandinavia', 'USA', 'Canada', 'America', 'Netherlands']",2026-09-07,19-41-16,Monday
317688892260,96963621,koka,490422,StarCraft II,290,2026-09-07T10:52:12Z,fr,"['Stratégie', 'Français', 'gestion']",2026-09-07,19-41-16,Monday
316038846697,198493113,lexigraham,1357871551,The Blood of Dawnwalker,290,2026-09-07T09:43:22Z,en,"['English', 'Australian', 'music', 'woman', 'egirl', 'Anime', 'Variety', 'OilersWelcome', 'Birthday', 'DropsEnabled']",2026-09-07,19-41-16,Monday
318564376166,56443942,monsteryoo,27546,World of Tanks,290,2026-09-07T10:32:29Z,pl,"['Polski', 'DropyWłączone']",2026-09-07,19-41-16,Monday
316869168468,31809543,gohamedia,1357871551,The Blood of Dawnwalker,290,2026-09-07T04:52:25Z,ru,"['Русский', 'DropsВключены']",2026-09-07,19-41-16,Monday
316795448149,99681838,arquel,1357871551,The Blood of Dawnwalker,289,2026-09-07T05:37:40Z,pl,"['Polski', 'DropyWłączone']",2026-09-07,19-41-16,Monday
316869238484,36487814,eugenscorpion,17447,Disciples II: Rise of the Elves,289,2026-09-07T05:29:32Z,ru,"['Русский', 'Disciples2', 'PvP', 'TotalWarWARHAMMERIII', 'OldenEra', 'BattleBrothers']",2026-09-07,19-41-16,Monday
318366452967,1491432514,orangebonus,498566,Slots,289,2026-09-07T11:45:57Z,de,"['Deutsch', 'slots', 'orangemorange']",2026-09-07,19-41-16,Monday
321235120729,799143178,furball_farm,272263131,"Animals, Aquariums, and Zoos",288,2026-09-06T04:59:31Z,en,"['English', 'DropsEnabled']",2026-09-07,19-41-16,Monday
317701179619,171093413,pablogztv,19554,iRacing,288,2026-09-07T11:44:29Z,en,"['English', 'iracing']",2026-09-07,19-41-16,Monday
318844882294,1379280528,turseboo,29452,Virtual Casino,288,2026-09-07T10:38:42Z,pt,"['Português', 'cassino', 'counterstrike2', 'cs2player', 'fps']",2026-09-07,19-41-16,Monday
315991318610,1212538148,frank_nightshift,1832841853,Mortal Shell II,287,2026-09-07T10:37:03Z,en,['English'],2026-09-07,19-41-16,Monday
316796649941,1210960057,plannasy,18122,World of Warcraft,287,2026-09-07T12:02:06Z,ru,"['Русский', 'DropsВключены']",2026-09-07,19-41-16,Monday
318365845735,158187119,enduxfps,460630,Rainbow Six Siege,286,2026-09-07T10:15:57Z,de,"['UbisoftPartner', 'Ranked', 'Champ', 'German', 'English', 'Deutsch']",2026-09-07,19-41-16,Monday
318500208101,93191106,sajonarco,31339,Project Zomboid,286,2026-09-07T09:20:49Z,es,"['Español', 'Cooperativo', 'estrategia', 'Juegodeaventuras', 'gaming', 'openworld', 'survival', 'Multiplayer', 'projectozomboid']",2026-09-07,19-41-16,Monday
319142160983,51858842,andymilonakis,498566,Slots,286,2026-09-07T11:12:49Z,en,"['English', 'Greece', 'IRL', 'Travel', 'retro', 'switch2', 'slots']",2026-09-07,19-41-16,Monday
321428089691,46023180,natspresso,327598602,Onimusha: Way of the Sword,286,2026-09-07T12:09:38Z,en,"['English', 'girl', 'chatty', 'firstplaythrough', 'ChallengeRun', 'chill', 'metal', 'variety', 'VarietyStreamer', 'Welcoming']",2026-09-07,19-41-16,Monday
316869754196,178787142,storm_q,29595,Dota 2,286,2026-09-07T08:52:59Z,ru,"['Anime', 'Ukraine', 'Chill', 'English', 'Русский', 'esports']",2026-09-07,19-41-16,Monday
318366335975,51229960,bananaslamjamma,29595,Dota 2,286,2026-09-07T11:29:04Z,en,"['English', 'EUDOTA']",2026-09-07,19-41-16,Monday
316796515669,100909459,bogush,29595,Dota 2,285,2026-09-07T11:29:09Z,ru,['Русский'],2026-09-07,19-41-16,Monday
319134980055,32169047,stunt,513143,Teamfight Tactics,285,2026-09-06T23:22:58Z,en,"['English', 'chill', 'challenger', 'support']",2026-09-07,19-41-16,Monday
315507406064,45949601,jdcr,538054672,TEKKEN 8,284,2026-09-07T11:49:21Z,en,"['한국어', 'english', 'English']",2026-09-07,19-41-16,Monday
318501376229,159717345,suliadh,509660,Art,284,2026-09-07T11:50:52Z,en,"['Vtuber', 'LGBTQ', 'DigitalArt', 'English', 'chill', 'ASMR', 'music', 'ADHD', 'Italy', 'DropsEnabled']",2026-09-07,19-41-16,Monday
316000409960,1330894685,ocedexx,33214,Fortnite,284,2026-09-07T07:59:36Z,en,"['Australian', 'Oceania', 'Blazer', 'Competitive', 'English', 'ViewingParty', 'FNCS', 'OCE']",2026-09-07,19-41-16,Monday
317688857700,513158437,annlins,516575,VALORANT,284,2026-09-07T10:44:29Z,fr,"['Français', 'streameusefr', 'valorant', 'riotgames', 'meuf', 'Karminecorp']",2026-09-07,19-41-16,Monday
320211370460,1242487781,rdcwaitingroom_,499973,Always On,284,2026-09-06T07:55:48Z,en,['English'],2026-09-07,19-41-16,Monday
318366280423,145572256,avezvlr,516575,VALORANT,284,2026-09-07T11:19:59Z,en,"['Egypt', 'English', 'France', 'KCORP']",2026-09-07,19-41-16,Monday
316213691245,1391154713,aamirtausif,461221,MARVEL Contest of Champions,283,2026-09-07T08:05:53Z,en,"['English', 'silentstream', 'mcoc', 'Arena', 'Battlegrounds', 'DropsEnabled']",2026-09-07,19-41-16,Monday
316870294740,828176035,equart,417528,Albion Online,283,2026-09-07T11:23:12Z,en,"['English', 'Ukraine', 'drops', 'AlbionOnline', 'DropsEnabled']",2026-09-07,19-41-16,Monday
316017379923,31680543,mblaoc,13389,Age of Empires II,283,2026-09-07T10:33:47Z,en,['English'],2026-09-07,19-41-16,Monday
317665158626,150642043,omendigotv,498566,Slots,283,2026-09-07T08:59:44Z,pt,"['Português', 'EngIish']",2026-09-07,19-41-16,Monday
317666003170,1102868371,lhumanitefr,509658,Just Chatting,282,2026-09-07T12:14:23Z,fr,"['Humanité', 'Politique', 'Français', 'Actualités', 'Gauche', 'DropsActivés']",2026-09-07,19-41-16,Monday
317700744675,116201399,el8kun,518203,Sports,282,2026-09-07T10:01:27Z,fr,"['Kun', 'multigaming', 'Français', 'Sport', 'Discussion', 'fps', 'Football', 'DropsActivés']",2026-09-07,19-41-16,Monday
318364610663,75879974,fashr,499634,Crypto,281,2026-09-07T06:20:31Z,en,"['Nederlands', 'English', 'memecoins', 'axiom', 'solana', 'memecointrading', 'trenches', 'Padre', 'bnb']",2026-09-07,19-41-16,Monday
321248876249,662688113,notdailey,509658,Just Chatting,281,2026-09-07T01:38:33Z,en,"['English', 'crashout', 'Laiys', 'nba2k', 'Europe', 'DropsEnabled']",2026-09-07,19-41-16,Monday
316867916500,1519299080,starlightslumber,499973,Always On,281,2026-09-06T20:07:41Z,en,"['music', 'chill', 'sleep', 'Relax', 'Panda', '247', '247Stream', 'SleepyVibes', 'bedtime', 'SleepyVibes']",2026-09-07,19-41-16,Monday
316038748777,167753637,playitshady,327598602,Onimusha: Way of the Sword,279,2026-09-07T09:13:05Z,en,"['Australia', 'UpDog', 'PIS', 'English', 'DropsEnabled']",2026-09-07,19-41-16,Monday
318500837093,530154657,velyalive,513501,Standoff 2,279,2026-09-07T10:40:26Z,ru,"['веля', 'velya', 'Русский', 'standoff2', 'стандофф2']",2026-09-07,19-41-16,Monday
317700600163,815052857,wildgnomos,509672,IRL,279,2026-09-07T09:26:39Z,es,"['IRL', 'Naturaleza', 'Autosuficiencia', 'Construcción', 'FueraDeLaRed', 'Español', 'Proyecto', 'Cabaña', 'Agricultura', 'Carpintería']",2026-09-07,19-41-16,Monday
318564365030,94759185,sergizwf,32399,Counter-Strike,279,2026-09-07T10:30:57Z,uk,"['Українська', 'Caster', 'Кіберспорт', 'UA', 'faceit', 'Ukraine', 'Україна']",2026-09-07,19-41-16,Monday
317699949667,178627099,nalahri,1357871551,The Blood of Dawnwalker,277,2026-09-07T07:03:52Z,fr,"['Français', 'tartines', 'tagpeuutile', 'teamleonsirene', 'littlelady', 'idontlikethisrock', 'OIIA', 'darksouls', 'gothicremake', 'RPG']",2026-09-07,19-41-16,Monday
315970583633,55974086,thedementedsalad,14805,Metal Gear Solid,277,2026-09-07T08:00:38Z,en,"['English', 'Dude', 'Getting', 'His', 'Salad', 'Tossed', 'DropsEnabled']",2026-09-07,19-41-16,Monday
316795809493,257674621,jak3enight,138585,Hearthstone,276,2026-09-07T08:06:39Z,ru,"['РейтинговыеИгры', 'Киберспорт', 'hs', 'Русский', 'хс', 'фрик', 'разговорныйстрим', 'чилл', 'жабка', 'ИГНОРЩИК']",2026-09-07,19-41-16,Monday
317664726882,87781790,fakeheal66,18122,World of Warcraft,276,2026-09-07T06:58:27Z,fr,"['Français', 'DropsActivés']",2026-09-07,19-41-16,Monday
317665407842,402393132,lagrada914,518203,Sports,276,2026-09-07T10:02:45Z,es,"['Español', 'DropsActivados']",2026-09-07,19-41-16,Monday
316826192214,113057172,laflaerr,32982,Grand Theft Auto V,276,2026-09-07T11:20:43Z,ru,"['Русский', 'laflaer', 'тулево', 'гта5рп', 'gta5', 'gta5rp', 'россияонлайн', 'твич']",2026-09-07,19-41-16,Monday
318365901415,442551928,davenite,33214,Fortnite,276,2026-09-07T10:25:08Z,de,['Deutsch'],2026-09-07,19-41-16,Monday
316414938097,786120311,nongnong_05,509658,Just Chatting,275,2026-09-07T12:09:58Z,zh,"['中文', '純聊天', '启用掉宝']",2026-09-07,19-41-16,Monday
316414685169,175431206,crazysam4,493057,PUBG: BATTLEGROUNDS,275,2026-09-07T11:33:25Z,ja,"['日本語', 'ステーキたべたい', '初見歓迎']",2026-09-07,19-41-16,Monday
316481995251,867874838,rinalucsper,30028,The Elder Scrolls V: Skyrim,274,2026-09-07T12:23:39Z,en,"['brat', 'menhera', 'NEET', 'imouto', 'Vtuber', 'cutenfunny', 'schizophrenic', 'mentallyunstable', 'English', 'girlfriendexperience']",2026-09-07,19-41-16,Monday
316796674261,448946039,alicia,460630,Rainbow Six Siege,273,2026-09-07T12:07:01Z,en,"['English', 'Irish', 'DropsEnabled']",2026-09-07,19-41-16,Monday
316826304342,42864371,kirdez,509672,IRL,273,2026-09-07T11:43:50Z,fi,"['Suomi', 'Testo']",2026-09-07,19-41-16,Monday
318563345638,24974812,manni2,1702520304,Path of Exile 2,273,2026-09-07T07:35:02Z,en,['English'],2026-09-07,19-41-16,Monday
316825656918,45416988,diamkey,27471,Minecraft,273,2026-09-07T09:16:54Z,ru,"['Русский', 'стримернепуська', 'Майншилд', 'сервер', 'chill', 'Vtuber', 'VtuberRu']",2026-09-07,19-41-16,Monday
318347822695,1536830014,chartrebel,499634,Crypto,273,2026-09-05T17:31:10Z,en,"['English', 'Crypto', 'Trade', 'Forex', 'Finance', 'Live']",2026-09-07,19-41-16,Monday
316795479893,1351516229,gipsylumin,509658,Just Chatting,272,2026-09-07T05:53:16Z,ru,"['Русский', 'ирл', 'DropsВключены']",2026-09-07,19-41-16,Monday
321293921498,1513400624,insuredaudiodotcom,512710,Call of Duty: Warzone,272,2026-09-06T01:51:48Z,en,"['Rerun', 'warzonecallofduty', 'warzone', 'callofduty', 'gamer', 'cod', 'ADHD', '420', 'battleroyale', 'English']",2026-09-07,19-41-16,Monday
318501137893,476783858,maxiliecuy,33734,Pokémon Black/White Version 2,272,2026-09-07T11:20:33Z,de,"['Deutsch', 'DropsAktiviert']",2026-09-07,19-41-16,Monday
319119774039,528430980,cooksuxalwayson,509672,IRL,272,2026-09-05T18:33:55Z,en,['English'],2026-09-07,19-41-16,Monday
320225192924,1050195246,drama_queen______,29595,Dota 2,272,2026-09-07T06:30:35Z,ru,['Русский'],2026-09-07,19-41-16,Monday
317665124834,160413237,guts915,489111,Summoners War: Sky Arena,271,2026-09-07T08:51:09Z,fr,['Français'],2026-09-07,19-41-16,Monday
316480916851,138928481,tarakotbtb,263490,Rust,271,2026-09-07T08:01:15Z,ja,"['梅大好き', '日本語', 'ネタバレ禁止', 'ネタバレ注意']",2026-09-07,19-41-16,Monday
316037910505,1435397977,donpxsnowpov,966704637,MIR 4,271,2026-09-07T04:25:18Z,en,"['MIR4Global', 'English', 'MIR4Philippines', 'MIR4nft', 'MIR4Official', 'MMORPG']",2026-09-07,19-41-16,Monday
316062362858,613710521,joelusfitness,509658,Just Chatting,270,2026-09-07T09:22:22Z,es,"['Español', 'DropsActivados']",2026-09-07,19-41-16,Monday
320268002656,106688530,ravtek,1038730744,Withering Realms,270,2026-09-07T07:47:14Z,en,"['FREAKOFNATURE', 'English', 'VTuber', 'AsianAmerican', 'chaos', 'comfy', 'adhd', 'Horror']",2026-09-07,19-41-16,Monday
318543481446,72793250,pietsmiettv,17085,Quiz Show,270,2026-09-05T13:08:04Z,de,['Deutsch'],2026-09-07,19-41-16,Monday
317665416674,32212533,kidi,509672,IRL,269,2026-09-07T10:05:10Z,es,"['Kidi', 'KidiIRL', 'IRL', 'Viajes', 'Lifestyle', 'Inreallife', 'español', 'Español']",2026-09-07,19-41-16,Monday
318499687909,62122019,xnikgo,500188,Hunt: Showdown 1896,269,2026-09-07T08:13:20Z,de,"['Deutsch', 'xNikLive']",2026-09-07,19-41-16,Monday
316869800532,51956476,rekvizit8bit,327598602,Onimusha: Way of the Sword,269,2026-09-07T09:09:16Z,ru,"['Русский', 'DropsВключены']",2026-09-07,19-41-16,Monday
317701257955,407902778,levraidoffy,490377,Sea of Thieves,268,2026-09-07T11:59:55Z,fr,"['Français', 'DropsActivés']",2026-09-07,19-41-16,Monday
316062421866,151611976,jai_stacked,2132205352,Deadlock,268,2026-09-07T09:40:50Z,en,"['Australia', 'fps', 'English', 'goat', 'OCE']",2026-09-07,19-41-16,Monday
316062036074,604098085,hannahsayce,743,Chess,268,2026-09-07T07:41:10Z,en,['English'],2026-09-07,19-41-16,Monday
317663735394,80629581,deemonrider,329951934,Pokémon Community Game,268,2026-09-06T23:40:30Z,en,"['Chatting', 'English']",2026-09-07,19-41-16,Monday
316870206548,1311005715,zero_fear77,32982,Grand Theft Auto V,267,2026-09-07T11:02:17Z,ru,"['СНГ', 'Россия', 'КРАСНОДАР', 'гта5рп', 'Русский']",2026-09-07,19-41-16,Monday
318565085158,98827681,tankelit,27546,World of Tanks,267,2026-09-07T12:02:37Z,hu,"['Magyar', 'DropokEngedélyezve']",2026-09-07,19-41-16,Monday
317665300578,745803834,allmight__one,327598602,Onimusha: Way of the Sword,267,2026-09-07T09:35:09Z,fr,"['manga', 'figurines', 'peinture', 'fun', 'Bienveillance', 'tolérance', 'multijoueurs', 'cavalerie', 'VALORANＴ', '2k']",2026-09-07,19-41-16,Monday
316038501737,41556524,thewhelps,771448419,Aion 2,267,2026-09-07T07:54:36Z,en,"['English', 'MMORPG', 'korean', 'Australia', 'F2P', 'drops', '1440p']",2026-09-07,19-41-16,Monday
318905583989,39333739,lolcohol,1702520304,Path of Exile 2,267,2026-09-07T08:59:03Z,en,"['English', 'PathOfExile', 'PoE', 'poe2', 'pathofexile2', 'IqonDigital', 'ARPG', 'ARPGs', 'ChallengeRun', 'DropsEnabled']",2026-09-07,19-41-16,Monday
315487611887,17858826,albislol,516575,VALORANT,266,2026-09-07T10:05:50Z,zh,['中文'],2026-09-07,19-41-16,Monday
316869596116,117016225,genp,1780647523,HITMAN World of Assassination,266,2026-09-07T08:00:02Z,en,"['English', 'IOICreator', 'Speedrun', 'DropsEnabled']",2026-09-07,19-41-16,Monday
318069609048,137518388,emiru247,1468,Resident Evil 4,266,2026-09-07T10:10:56Z,en,"['Emiru', 'Cosplay', 'English', '247', 'VOD']",2026-09-07,19-41-16,Monday
318366845287,1538130184,gamegewinnercasin,498566,Slots,264,2026-09-07T12:34:31Z,de,['Deutsch'],2026-09-07,19-41-16,Monday
316826246102,44822109,xnidinx,1393304883,Mir Tankov,264,2026-09-07T11:31:33Z,ru,['Русский'],2026-09-07,19-41-16,Monday
316796415445,450983158,felixz9,32982,Grand Theft Auto V,264,2026-09-07T11:04:20Z,ru,"['Русский', 'гта', 'gta', 'gta5', 'gta5rp', 'гта5', 'гта5рп', 'маджестик', 'Majestic', 'редуксгта5рп']",2026-09-07,19-41-16,Monday
318501399269,1537963207,brionrosco,498566,Slots,264,2026-09-07T11:53:35Z,fi,['Suomi'],2026-09-07,19-41-16,Monday
318365243111,53083105,jonathan_tostar,509658,Just Chatting,263,2026-09-07T08:27:04Z,ru,"['Аниме', 'Рогалики', 'Генийрогаликов', 'Русский', 'Игровойсомелье', 'DropsВключены']",2026-09-07,19-41-16,Monday
318357989991,25694644,applications,26936,Music,262,2026-09-06T14:59:42Z,en,"['English', 'Rerun', 'DropsEnabled']",2026-09-07,19-41-16,Monday
318905053557,1153241054,guaramix1,29452,Virtual Casino,262,2026-09-07T04:56:08Z,pt,"['cassino', 'coperar', 'Português']",2026-09-07,19-41-16,Monday
316038426217,461915358,zazzastack,1264310518,Marvel Rivals,262,2026-09-07T07:31:36Z,en,"['Woman', 'Australian', 'Cozy', 'English', 'fps', 'UbisoftPartner', 'overwatch', 'marvelrivals', 'blackwidow', 'AIOptedOut']",2026-09-07,19-41-16,Monday
316062327146,172833221,thespudhunter,127694361,Species: Unknown,262,2026-09-07T09:11:35Z,en,"['English', 'Australian', 'fps', 'EthicalStreaming']",2026-09-07,19-41-16,Monday
317666033122,41879247,ernesbarbeq,509658,Just Chatting,262,2026-09-07T12:20:45Z,es,"['barbe', 'ADC', 'Español', 'DropsActivados']",2026-09-07,19-41-16,Monday
318563741158,99350526,qaixx,263490,Rust,262,2026-09-07T08:50:11Z,en,"['English', 'Survival', 'PositiveMentalAttitude', 'Educational', 'Hottub', 'Serbian']",2026-09-07,19-41-16,Monday
319130090071,1418939132,missmikkaa247,499973,Always On,262,2026-09-06T14:36:56Z,en,"['Rerun', 'AlwaysOn', 'English']",2026-09-07,19-41-16,Monday
318069453656,464768510,spencer_tft,513143,Teamfight Tactics,261,2026-09-07T09:18:25Z,en,"['English', 'NotVegan']",2026-09-07,19-41-16,Monday
321317536090,70878755,cringer,1852347098,"Factory Default: Build, Trade, Repeat",261,2026-09-07T11:43:45Z,en,"['sarcastic', 'Strategy', 'Variety', 'English', 'simulation', 'Linux', 'chill', 'smartass', 'RPG', '1440p']",2026-09-07,19-41-16,Monday
315970823633,38197393,button,27471,Minecraft,261,2026-09-07T10:07:52Z,en,['English'],2026-09-07,19-41-16,Monday
316795864149,184620261,bezzdar_,12839,Heroes of Might and Magic III: The Restoration of Erathia,261,2026-09-07T08:24:49Z,ru,['Русский'],2026-09-07,19-41-16,Monday
317688775908,758280008,lovelymontana,1468,Resident Evil 4,261,2026-09-07T10:26:07Z,en,"['ENvtuber', 'Vtuber', 'hag', 'Nitespoppinrightin', 'Mucososcks', 'Catgirl', 'British', 'Chill', 'English', 'DropsEnabled']",2026-09-07,19-41-16,Monday
321252710105,115616969,caldonia_,509659,ASMR,261,2026-09-07T05:20:04Z,en,"['English', 'Cosplay', 'Vtuber', 'ADHD', 'mommy', 'CoWorking', 'ASMR', 'ENVtuber', 'Woman', 'feet']",2026-09-07,19-41-16,Monday
317699801187,533311369,paranoidpixi3_za,1357871551,The Blood of Dawnwalker,260,2026-09-07T06:14:30Z,en,"['English', 'Cozy', 'Chatty', 'UK', 'US', 'SouthAfrica', 'Accent', 'women', 'DropsEnabled']",2026-09-07,19-41-16,Monday
318366451559,1538121218,spieloveteran,498566,Slots,260,2026-09-07T11:45:46Z,de,"['Deutsch', 'English']",2026-09-07,19-41-16,Monday
316001092200,74768886,alex0920x,516575,VALORANT,260,2026-09-07T11:34:37Z,zh,['中文'],2026-09-07,19-41-16,Monday
321252750425,560147677,heartoftheregion,33214,Fortnite,260,2026-09-07T05:23:50Z,en,"['FamilyFriendly', 'RunningWithViewers', 'English', 'Fortnite', 'HeartOfTheRegion', 'Customs', 'ContentCreator', 'subathon', 'viewergames']",2026-09-07,19-41-16,Monday
318347766247,1535684955,thunemax,498566,Slots,259,2026-09-05T17:26:57Z,fr,"['Francąis', 'Français']",2026-09-07,19-41-16,Monday
316062770282,673082016,iitifox,516575,VALORANT,259,2026-09-07T11:32:04Z,zh,"['中文', 'Vtuber', '稻米米', 'wawa', '狐扯', '值夜選手', '启用掉宝']",2026-09-07,19-41-16,Monday
318565020902,31890957,stovepov,18122,World of Warcraft,259,2026-09-07T11:55:23Z,en,"['RWF', 'MythicPlus', 'English', 'DropsEnabled']",2026-09-07,19-41-16,Monday
316414608881,798719517,rin_syaomei,509658,Just Chatting,259,2026-09-07T11:19:36Z,ja,"['日本語', '雑談', '顔出し配信', '初見歓迎', '男性配信者', '男', 'Drops有効']",2026-09-07,19-41-16,Monday
318365882599,208261930,ateach,31336,Metin2,258,2026-09-07T10:22:19Z,tr,['Türkçe'],2026-09-07,19-41-16,Monday
318564988006,178932598,der_looper_,32982,Grand Theft Auto V,258,2026-09-07T11:51:28Z,de,"['Egoshooter', 'Deutsch', 'gta', 'reddead', 'VarietyStreamer', 'GTARP', 'Roleplay', 'RDRRP', 'theisle', 'grayzonewarfare']",2026-09-07,19-41-16,Monday
321317289434,96173791,crozwords,13332,Pokémon FireRed/LeafGreen,258,2026-09-07T10:19:02Z,en,"['pokemon', 'Roguelike', 'roguemon', 'PokémonFireRed', 'justchatting', 'Coffee', 'ADHD', 'ironMON', 'Romhack', 'Dad']",2026-09-07,19-41-16,Monday
321317234266,780174937,natsume_sennsei,32982,Grand Theft Auto V,257,2026-09-07T09:59:38Z,ja,"['Vtuber', '日本語', '雑談', 'なつめ先生', '怒っても許してね', 'ストグラ', 'ハクナツメ']",2026-09-07,19-41-16,Monday
317665159906,73664192,kenco,669337588,Microsoft Flight Simulator 2024,257,2026-09-07T09:00:06Z,en,"['English', 'FlightSimulator', 'VATSIM', '5foot4', 'msfs2024']",2026-09-07,19-41-16,Monday
316826119894,52161910,awesomeepicguys,27546,World of Tanks,257,2026-09-07T11:05:49Z,en,"['English', 'tanks', 'WorldofTanks', 'DropsEnabled']",2026-09-07,19-41-16,Monday
317665925986,135887993,enricosilvestrin,26936,Music,257,2026-09-07T12:01:08Z,it,"['indie', 'alternative', 'Rap', 'Rock', 'Electronic', 'postpunk', 'silvestrin', 'Folk', 'Italiano', 'DropAbilitati']",2026-09-07,19-41-16,Monday
316414694257,854901379,kohanalam_game,32982,Grand Theft Auto V,257,2026-09-07T11:35:10Z,ja,"['日本語', 'アドバイスは聞いた時だけ', '鳩コメ禁止']",2026-09-07,19-41-16,Monday
317688189284,69227744,khhhm,510056,Epic Seven,257,2026-09-07T07:43:43Z,en,['English'],2026-09-07,19-41-16,Monday
318067849944,195068453,lanfear_vr,1763844707,Aliens: Fireteam Elite 2,257,2026-09-07T04:16:29Z,en,"['Vtuber', 'VR', 'Anime', 'ENVTuber', 'English', 'catgirl', 'AdultsOnly']",2026-09-07,19-41-16,Monday
318479899365,1252947491,badgetracker,327598602,Onimusha: Way of the Sword,256,2026-09-05T14:23:40Z,ru,"['Русский', 'English', 'Badge', 'DropsВключены', 'onimusha', 'onimushawayofthesword']",2026-09-07,19-41-16,Monday
315991573202,59667627,mada,478407715,Arma Reforger,256,2026-09-07T12:05:58Z,es,"['Mada', 'Madapls', 'Gameplay', 'Chill', 'Español', 'PvP', 'Arma', 'ArmaReforger', 'GrayZoneWarfare']",2026-09-07,19-41-16,Monday
318366484327,1537966579,adrinbric,498566,Slots,256,2026-09-07T11:49:49Z,no,['Norsk'],2026-09-07,19-41-16,Monday
316870611796,1536217065,shadowkek_wg_9870722,1496435078,Casino Simulator 2024,256,2026-09-07T12:30:40Z,ru,"['ЭВЕЛОН', 'КОСЫТЧ', 'ШАДОУКЕК', 'СКИЛЗ', 'СМЕШНОЙ', 'КАЗИНО', 'СТРИМ', 'Evelone192', 'Mellstroy', 'Мелстрой']",2026-09-07,19-41-16,Monday
317701461603,122887284,uhsnow,32982,Grand Theft Auto V,256,2026-09-07T12:36:10Z,en,"['English', 'Roleplay', 'RP', 'fps', 'Space', 'NoPixel', 'GTARP', 'MMORPG', 'launchstream', 'SpaceX']",2026-09-07,19-41-16,Monday
318501270629,1538119836,vollgaszocker,498566,Slots,255,2026-09-07T11:38:04Z,de,['Deutsch'],2026-09-07,19-41-16,Monday
318905344245,436471012,mutilinha,19619,Tibia,255,2026-09-07T06:50:13Z,pt,"['Português', 'Rasteibra', 'EliteKnight', 'EK', 'Tibia', 'MMORPG', 'Conversação']",2026-09-07,19-41-16,Monday
318548464486,1537648110,kennedytime,498566,Slots,255,2026-09-05T19:52:05Z,fr,['Français'],2026-09-07,19-41-16,Monday
318366200807,234450886,arkadiojose,93798731,F1 25,255,2026-09-07T11:08:12Z,pl,"['Polski', 'LGBT', 'manchesterunited', 'josemourinho', 'jebaćsąd']",2026-09-07,19-41-16,Monday
316037933673,95180449,thecake404,812451100,Cognition Method,255,2026-09-07T04:34:48Z,en,"['asianbobagirl', 'horror', 'ComfyChaotic', 'ChaosGremlin', 'SafeSpace', 'English', 'Taiwanese', 'NoSpoilersNoBackseating', 'puzzle']",2026-09-07,19-41-16,Monday
316001252456,35154593,ggbb528,21779,League of Legends,255,2026-09-07T12:23:33Z,zh,['中文'],2026-09-07,19-41-16,Monday
316062547306,20471342,kritikal,401587136,Arena Breakout: Infinite,254,2026-09-07T10:21:27Z,en,"['Australia', 'Hair', 'Meow', 'Interactive', 'AMA', 'Radar', 'Cheating', 'English', 'DMA']",2026-09-07,19-41-16,Monday
316039318889,174268844,998rrr,509658,Just Chatting,253,2026-09-07T12:00:46Z,zh,"['vtuber', '台V', '中文', '數位藝術', 'art', '启用掉宝']",2026-09-07,19-41-16,Monday
318501407973,405457890,girlybella,33214,Fortnite,253,2026-09-07T11:54:21Z,en,"['fortnite', 'competitive', 'girl', 'english', 'anime', 'ranked', 'girlybella', 'pro', 'sprites', 'zeropoint']",2026-09-07,19-41-16,Monday
318067447128,602935752,meatyhook,1517883421,XCOM: Enemy Within,253,2026-09-07T03:24:26Z,en,"['NoSpoilers', 'NoElp', 'Challenge', 'VTuber', 'Vanilla', 'Comfy', 'English', 'Chill', 'Mute']",2026-09-07,19-41-16,Monday
320128242654,171676101,doubleh,602040818,NBA 2K27,253,2026-09-07T05:25:04Z,en,"['English', 'nba2k', 'NBA2K25', '2K', 'BUILD', 'JUMPSHOT', 'cfb26', 'roadtoglory', 'rtg', 'highschoolrtg']",2026-09-07,19-41-16,Monday
316039017577,499959658,jacque,32982,Grand Theft Auto V,253,2026-09-07T10:32:36Z,en,"['OCE', 'Deutsch', 'Australia', 'Spain', 'WithouttheS', 'VarietyStreamer', 'VarietyGamer', 'ADHD', 'English']",2026-09-07,19-41-16,Monday
318363866215,431200070,myrealthailand,509672,IRL,253,2026-09-07T02:20:06Z,de,"['Deutsch', 'Thailand', 'IRL', 'Farming', 'Auswandern', 'Reisen', 'BauenUndPlaudern', 'tierefüttern', 'travel', 'Scooter']",2026-09-07,19-41-16,Monday
318364595175,175503821,benice92,138585,Hearthstone,253,2026-09-07T06:17:14Z,en,"['English', 'Autobattler', 'Chıll', 'Educational']",2026-09-07,19-41-16,Monday
318837284086,438686523,trollzinha,386821,Black Desert,252,2026-09-06T17:01:13Z,pt,"['Português', 'Vtuber', 'Shai', 'English', 'Русский', 'Español', 'Ｖｔｕｂｅｒ', 'Lahn', 'PIX', 'VtuberBR']",2026-09-07,19-41-16,Monday
317700864867,72112165,adaptingx,2094865572,SMITE 2,252,2026-09-07T10:31:57Z,en,"['English', 'bald', 'pro', 'worldclass', 'worldchampion', 'Scientist', 'Charismatic', 'handsome', 'DropsEnabled']",2026-09-07,19-41-16,Monday
316414481137,142349242,midorokun,27471,Minecraft,252,2026-09-07T10:55:54Z,ja,"['みどりくん', '緑の恐竜', '日本語']",2026-09-07,19-41-16,Monday
318501512677,1538124871,pillabonos,498566,Slots,252,2026-09-07T12:05:24Z,es,['Español'],2026-09-07,19-41-16,Monday
316870564180,1536658858,maxon_live_4852487,29595,Dota 2,252,2026-09-07T12:21:23Z,ru,"['casinostream', 'English', 'Русский', 'казинострим', 'казино', 'заносы', 'casino', 'максон', 'maxon']",2026-09-07,19-41-16,Monday
321427944027,107369753,alyska,1357871551,The Blood of Dawnwalker,252,2026-09-07T11:29:36Z,en,"['English', 'chill', 'cosy', 'gaming', 'wasian', 'coffeeandchill', 'DropsEnabled']",2026-09-07,19-41-16,Monday
321317441114,264134792,chaoskingtru,1630982727,Where Winds Meet,251,2026-09-07T11:11:25Z,en,"['English', 'AfricanAmerican', 'PuertoRican', 'PvP', 'PlayStation', 'aioptedout', 'DropsEnabled']",2026-09-07,19-41-16,Monday
316482069619,1009295599,ayutarochan,509658,Just Chatting,251,2026-09-07T12:35:27Z,ja,"['日本語', 'あゆたろう', 'Drops有効']",2026-09-07,19-41-16,Monday
321306598874,101038124,katerino,509658,Just Chatting,250,2026-09-06T21:33:24Z,en,"['English', 'girl', 'ADHD', 'gamer', 'Pepega', 'OG', 'dog', 'Cumblast', 'LoudAF', 'BingusBoys']",2026-09-07,19-41-16,Monday
318905684213,171990719,triskaltv,386821,Black Desert,250,2026-09-07T10:03:42Z,pt,"['Português', '18anos', 'DropsAtivados']",2026-09-07,19-41-16,Monday
317679555428,683126925,emi_mge7,509658,Just Chatting,250,2026-09-06T06:31:38Z,fr,"['Français', 'DropsActivés']",2026-09-07,19-41-16,Monday
320129535582,1308839508,bradleykraut,509672,IRL,250,2026-09-07T10:47:46Z,en,['English'],2026-09-07,19-41-16,Monday
317659351266,12585713,threedogg,8090,FINAL FANTASY IX,250,2026-09-06T14:47:59Z,en,"['English', 'NoBackseating']",2026-09-07,19-41-16,Monday
318500881893,1435783366,deriodko,229772247,007 First Light,249,2026-09-07T10:46:30Z,en,"['English', '007FirstLight', 'IOICreator', 'DropsEnable', 'DropsEnabled']",2026-09-07,19-41-16,Monday
316825834838,44983512,coachdp,32399,Counter-Strike,249,2026-09-07T10:00:56Z,da,['Dansk'],2026-09-07,19-41-16,Monday
318483049445,821305619,hoshiri13,490655,Pokémon GO,249,2026-09-05T18:40:25Z,en,"['English', 'badge', 'pichu', 'Pokémon', 'squirtle', 'bulbasaur', 'Charmander', 'SUBtemeber', 'subtember', 'DropsEnabled']",2026-09-07,19-41-16,Monday
315970825425,195846883,emaiza,500188,Hunt: Showdown 1896,248,2026-09-07T10:10:13Z,en,"['woman', 'horror', 'poop', 'random', 'Hunt', 'Burps', 'NoBackseating', 'English', 'Dane', 'CrytekPartner']",2026-09-07,19-41-16,Monday
318499242213,44390788,eroktic,31339,Project Zomboid,248,2026-09-07T06:55:38Z,en,"['English', 'fps', 'virtualproduction', 'military', 'simulation', 'survival', 'survival', 'postapocalyptic', 'survival', 'solo']",2026-09-07,19-41-16,Monday
316796551381,864359355,clowns1de,32399,Counter-Strike,248,2026-09-07T11:37:33Z,ru,"['majestic', 'GTA5RP', 'gta5rp', 'гта5рп', 'cs2', 'кс2', 'Русский', 'маджестик', 'киберспорт']",2026-09-07,19-41-16,Monday
316424445682,499326404,cielolivt,32982,Grand Theft Auto V,248,2026-09-07T10:02:13Z,ja,"['日本語', 'APEX', 'ストグラ', 'GTARPLIVE', 'VALORANＴ', 'amongus']",2026-09-07,19-41-16,Monday
317664750562,170521128,toxidius78,1357871551,The Blood of Dawnwalker,247,2026-09-07T07:06:25Z,fr,"['Français', 'DropsActivés']",2026-09-07,19-41-16,Monday
318364790631,43582520,perrick,327598602,Onimusha: Way of the Sword,247,2026-09-07T06:59:13Z,de,"['Deutsch', 'DropsAktiviert']",2026-09-07,19-41-16,Monday
317664722402,1232246001,daumenxyz,499634,Crypto,246,2026-09-07T06:56:41Z,en,['English'],2026-09-07,19-41-16,Monday
318498968805,45384297,smayro,509658,Just Chatting,246,2026-09-07T05:56:38Z,pl,"['Polski', 'RPG', 'Polska', 'chill', 'Cozy', 'gaming', 'Retro', 'JRPG', 'hackandslash', 'akcja']",2026-09-07,19-41-16,Monday
318547970406,1537638618,caysondean,498566,Slots,246,2026-09-05T19:15:16Z,fi,['Suomi'],2026-09-07,19-41-16,Monday
316793122645,107306822,divvity,509658,Just Chatting,246,2026-09-06T16:50:55Z,en,"['English', 'girl', 'swedish', 'forsen', 'unhygenic', 'evil', 'chudette', 'DropsEnabled']",2026-09-07,19-41-16,Monday
321317528410,1420261795,mirgilzz,499634,Crypto,246,2026-09-07T11:40:13Z,en,['English'],2026-09-07,19-41-16,Monday
317700228963,29315858,dokhy,513143,Teamfight Tactics,246,2026-09-07T08:06:03Z,fr,['Français'],2026-09-07,19-41-16,Monday
316039274345,864364302,kannazukilubee,1630982727,Where Winds Meet,245,2026-09-07T11:49:57Z,zh,"['嚴禁暴雷', '預見娛樂', '中文', '启用掉宝']",2026-09-07,19-41-16,Monday
318366402791,246064572,andiloco_cs,32399,Counter-Strike,245,2026-09-07T11:39:07Z,en,"['faceit', 'cs2', 'albanian', 'english', 'german', 'bot', 'English']",2026-09-07,19-41-16,Monday
318500230885,602929003,erdbeerpfoetchen,509672,IRL,245,2026-09-07T09:24:04Z,de,"['Deutsch', 'Cozy', 'lost', 'Gacha', 'LurkerFriendly', 'redheadgirl', 'Coop', 'CuteStreamer', 'german', 'egirl']",2026-09-07,19-41-16,Monday
318844829046,168157556,s3ntency,32399,Counter-Strike,245,2026-09-07T10:12:09Z,pt,"['Português', 'Español', 'counterstrike']",2026-09-07,19-41-16,Monday
316796451541,228392385,tas_dl,2132205352,Deadlock,245,2026-09-07T11:13:40Z,ru,"['English', 'Русский', 'tas']",2026-09-07,19-41-16,Monday
316789722453,92341849,lbuffalo,516588,Rise Online,244,2026-09-06T06:52:48Z,tr,"['HAYVANSEVER', 'Türkçe', 'DroplarEtkin']",2026-09-07,19-41-16,Monday
316825831638,12266693,tharixer,207,Yu-Gi-Oh! Forbidden Memories,244,2026-09-07T10:00:08Z,en,['English'],2026-09-07,19-41-16,Monday
318365969767,81302475,findelfuchs,343455332,Crime Scene Cleaner,244,2026-09-07T10:35:07Z,de,"['Norddeutsch', 'LGBTQIAPlus', 'Gaming', 'Variety', 'PenandPaper', 'cozy', 'LurkerFriendly', 'GAYmerGirl', 'Deutsch']",2026-09-07,19-41-16,Monday
318905726837,1230981936,yantfps,29452,Virtual Casino,244,2026-09-07T10:30:26Z,pt,"['Português', 'cs', 'virtualcasino', 'ingles', 'counterstrike']",2026-09-07,19-41-16,Monday
318365176551,139257446,micatech,32982,Grand Theft Auto V,244,2026-09-07T08:14:16Z,de,"['german', 'GTA', 'chill', 'Deutsch', 'LuckyV', 'Roleplay', 'SafeSpace', 'LuckyVde', 'pcgamepasspartner']",2026-09-07,19-41-16,Monday
318564758118,193034450,rednaii,511399,Super Mario Maker 2,244,2026-09-07T11:23:30Z,en,['English'],2026-09-07,19-41-16,Monday
320267103968,41945192,jay_cee,27284,Retro,244,2026-09-07T05:03:28Z,en,"['Speedrun', 'English']",2026-09-07,19-41-16,Monday
