id,user_id,user_login,game_id,game_name,viewer_count,started_at,language,tags,snapshot_date,snapshot_time,snapshot_day
316368894449,545050196,kato_junichi0817,2058220722,Poppy Playtime,30170,2026-08-28T09:52:06Z,ja,['日本語'],2026-08-28,21-21-36,Friday
317611675619,558530984,echo_esports,18122,World of Warcraft,24947,2026-08-28T09:54:25Z,en,"['English', 'DropsEnabled']",2026-08-28,21-21-36,Friday
317576191842,92038375,caedrel,21779,League of Legends,23259,2026-08-28T07:27:44Z,en,"['English', 'LPL', 'LCK', 'LEC', 'Worlds', 'Esports']",2026-08-28,21-21-36,Friday
316805403476,163299585,blastpremier,32399,Counter-Strike,22906,2026-08-28T08:12:10Z,en,"['Esports', 'English', 'BLAST', 'blastpremier', 'counterstrike', 'counterstrike2', 'CS2', 'CS2Live', 'cs2twitch', 'cs2major']",2026-08-28,21-21-36,Friday
316806383060,47733806,chopperinho,32399,Counter-Strike,21654,2026-08-28T11:18:03Z,ru,"['Русский', 'English', 'TeamSpirit', 'MajorWinner', 'BetBoom']",2026-08-28,21-21-36,Friday
317578194530,27115917,kamet0,516575,VALORANT,21130,2026-08-28T13:44:26Z,fr,"['Français', 'LEC', 'leagueoflegends', 'esport', 'RLCS', 'VCT', 'Valorant', 'KCORP', 'Kameto', '30ans']",2026-08-28,21-21-36,Friday
317578183778,43683025,ohnepixel,509658,Just Chatting,20830,2026-08-28T13:42:56Z,en,"['English', 'Drops']",2026-08-28,21-21-36,Friday
315964556776,29506118,sam1268,1153364286,FREE DUNK,20217,2026-08-28T10:35:14Z,zh,"['中文', '顏值', '英雄聯盟', '高手']",2026-08-28,21-21-36,Friday
316435583603,49207184,fps_shaka,263490,Rust,16418,2026-08-28T09:01:13Z,ja,['日本語'],2026-08-28,21-21-36,Friday
316763550166,233741947,strogo,32399,Counter-Strike,12786,2026-08-28T13:52:51Z,ru,"['English', 'Русский', 'Major', 'ESL', 'IEM', 'Major2026', 'Лудоман']",2026-08-28,21-21-36,Friday
320132549728,26610234,cohhcarnage,674491029,Star Wars Zero Company,11386,2026-08-28T11:56:17Z,en,"['SFW', 'Parent', 'ADHD', 'moderated', 'NoPolitics', 'NoReligion', 'Interactive', 'Overencumbered', 'LootGoblin', 'English']",2026-08-28,21-21-36,Friday
316367887473,813704147,indegnasen0706,2090279789,FINAL FANTASY XVI,11112,2026-08-28T04:08:19Z,ja,['日本語'],2026-08-28,21-21-36,Friday
316734930389,524953193,d1pro4,509658,Just Chatting,11066,2026-08-28T12:15:11Z,ru,['Русский'],2026-08-28,21-21-36,Friday
318387626469,49140130,handofblood,509663,Special Events,10646,2026-08-28T10:45:34Z,de,"['Deutsch', 'hänno', 'spandau', 'hob', 'handofblood', 'gamescom']",2026-08-28,21-21-36,Friday
317577350626,132501030,clemovitch,509658,Just Chatting,10409,2026-08-28T11:43:55Z,fr,['Français'],2026-08-28,21-21-36,Friday
316436253427,93828097,batora324,511399,Super Mario Maker 2,10157,2026-08-28T11:55:26Z,ja,['日本語'],2026-08-28,21-21-36,Friday
316735143893,518647855,oureeset,29595,Dota 2,9918,2026-08-28T12:53:29Z,ru,"['girl', 'emo', 'Русский', 'няшка', 'Українська', 'общение', 'dota']",2026-08-28,21-21-36,Friday
316435846387,44525650,k4sen,735904419,ARK: Survival Ascended,9688,2026-08-28T10:18:22Z,ja,"['日本語', 'ネタバレNG', 'ネタバレ注意', '聞いてないアドバイス禁止']",2026-08-28,21-21-36,Friday
316762549078,44748026,stintik,509658,Just Chatting,8877,2026-08-28T10:52:51Z,ru,['Русский'],2026-08-28,21-21-36,Friday
315937123409,598902753,valorant_emea,516575,VALORANT,8382,2026-08-28T13:16:48Z,en,"['Esports', 'English', 'VALORANT', 'VCT', 'VALORANTEurope', 'VCTEMEA']",2026-08-28,21-21-36,Friday
318449170150,28241419,gingitv,18122,World of Warcraft,8311,2026-08-28T05:14:22Z,en,"['English', 'DropsEnabled']",2026-08-28,21-21-36,Friday
320132655584,15564828,nickmercs,491931,Escape from Tarkov,7958,2026-08-28T12:21:01Z,en,"['BEST', 'HUGE', 'TALL', 'WIDE', 'BIG', 'STRONG', 'English', 'CONTROLLER', 'escapefromtarkov']",2026-08-28,21-21-36,Friday
318452293862,467031116,enzzai,509672,IRL,7899,2026-08-28T13:34:42Z,ru,['Русский'],2026-08-28,21-21-36,Friday
316806690004,405479557,kanekich272,32982,Grand Theft Auto V,7775,2026-08-28T12:15:27Z,ru,"['Русский', 'gta', 'Majestic', 'MajesticRP', 'MajesticRolePlay', 'MajesticRolePlay', 'MajesticPortland', 'ＧTA5']",2026-08-28,21-21-36,Friday
316762181078,188890121,dmitry_lixxx,509672,IRL,7501,2026-08-28T09:32:56Z,ru,"['Русский', 'ESL', 'major', 'majorcs2', 'CS2', 'iemcologne2026', 'IRL', 'traveling', 'Mounts']",2026-08-28,21-21-36,Friday
317601902436,40934651,ludwig,505884,PUBG MOBILE,7347,2026-08-28T13:50:18Z,en,"['English', 'lolcow', 'AIOptedOut']",2026-08-28,21-21-36,Friday
318251159783,530561729,spontent,518203,Sports,7033,2026-08-28T08:00:23Z,de,"['Deutsch', 'sport', 'beachvolleyball', 'germanbeachtour']",2026-08-28,21-21-36,Friday
316368992369,443476599,patisyu,32982,Grand Theft Auto V,6819,2026-08-28T10:18:37Z,ja,"['かっこいい', '日本語', '雑談', 'ストグラ', 'ストグラ警察', 'gta']",2026-08-28,21-21-36,Friday
318385574885,121649330,method,18122,World of Warcraft,6466,2026-08-28T04:28:36Z,en,"['Race', 'Tournament', 'RWF', 'Wow', 'Method', 'MeetMethod', 'English', 'warwithin', 'midnight', 'DropsEnabled']",2026-08-28,21-21-36,Friday
321150361690,45098797,cdawg,2397,Halo: Combat Evolved,6368,2026-08-28T04:15:09Z,en,['English'],2026-08-28,21-21-36,Friday
317601199588,40063341,domingo,509658,Just Chatting,6251,2026-08-28T12:13:19Z,fr,['Français'],2026-08-28,21-21-36,Friday
318253898087,541899730,controcalcio__,518203,Sports,6157,2026-08-28T14:00:07Z,it,"['Italiano', 'gaming', 'calcio']",2026-08-28,21-21-36,Friday
316762779862,42316376,just_ns,509658,Just Chatting,5938,2026-08-28T11:40:49Z,ru,['Русский'],2026-08-28,21-21-36,Friday
318388154853,145611500,skylinetvlive,509672,IRL,5746,2026-08-28T11:48:07Z,de,['Deutsch'],2026-08-28,21-21-36,Friday
316003304681,29518572,mobilmobil,464729537,Jinsei Game for Nintendo Switch,5689,2026-08-28T12:05:18Z,zh,['中文'],2026-08-28,21-21-36,Friday
316368539249,752988454,yuyuta0702,511399,Super Mario Maker 2,5588,2026-08-28T07:54:47Z,ja,['日本語'],2026-08-28,21-21-36,Friday
318450623590,48865821,staiy,509658,Just Chatting,5283,2026-08-28T10:06:44Z,de,['Deutsch'],2026-08-28,21-21-36,Friday
316761823190,1390976168,betboom_cs_ru,32399,Counter-Strike,5147,2026-08-28T08:01:51Z,ru,"['Киберспорт', 'Esports', 'BLAST', 'counterstrike2', 'Русский']",2026-08-28,21-21-36,Friday
316369520753,70947583,gutitubo,27471,Minecraft,5067,2026-08-28T12:02:12Z,ja,['日本語'],2026-08-28,21-21-36,Friday
315446849518,170869845,kr1stw,671828211,Boba Cafe Simulator,5045,2026-08-28T10:54:44Z,zh,['中文'],2026-08-28,21-21-36,Friday
318451599590,108268890,gorgc,29595,Dota 2,4971,2026-08-28T12:19:15Z,en,['English'],2026-08-28,21-21-36,Friday
317332909303,614883573,god_lita,116747788,"Pools, Hot Tubs, and Beaches",4943,2026-08-28T10:12:36Z,ko,['한국어'],2026-08-28,21-21-36,Friday
318451143526,135177864,sidneyeweka,602040818,NBA 2K27,4926,2026-08-28T11:21:12Z,de,['Deutsch'],2026-08-28,21-21-36,Friday
316379786354,818506560,gocchanmikey,32982,Grand Theft Auto V,4806,2026-08-28T12:40:46Z,ja,"['日本語', 'ストグラ']",2026-08-28,21-21-36,Friday
321257674971,51530423,damnitbennett,33214,Fortnite,4764,2026-08-28T11:29:51Z,en,"['English', 'friendly', 'fps', 'chill', 'LearningToPlay', 'ExtractionShooter', 'Hardcore', 'pvp', 'CharityStream']",2026-08-28,21-21-36,Friday
316735580501,194407709,morphe_ya,509658,Just Chatting,4676,2026-08-28T14:02:10Z,ru,['Русский'],2026-08-28,21-21-36,Friday
316806851796,703580899,ravshanbtw,509672,IRL,4543,2026-08-28T12:46:04Z,ru,['Русский'],2026-08-28,21-21-36,Friday
318450168294,72603256,97zoner,32399,Counter-Strike,4522,2026-08-28T08:52:28Z,ru,['Русский'],2026-08-28,21-21-36,Friday
317987976664,204730616,cinna,498592,I'm Only Sleeping,4442,2026-08-27T20:41:06Z,en,['English'],2026-08-28,21-21-36,Friday
318250434791,111787808,kunshikitty,509672,IRL,4328,2026-08-28T05:09:45Z,de,"['IRL', 'irlstream', 'Tattoos', 'Deutsch', 'gamergirl', 'Anime', 'gym', 'Mittelalter', 'gamescom', 'GAMESCOM2026']",2026-08-28,21-21-36,Friday
316762267478,711044449,rostikfacekid,29595,Dota 2,4234,2026-08-28T09:53:25Z,ru,['Русский'],2026-08-28,21-21-36,Friday
321153741146,180118013,hutchmf,491931,Escape from Tarkov,4223,2026-08-28T13:47:43Z,en,['English'],2026-08-28,21-21-36,Friday
316807208660,26921830,elajjaz,570615518,Resonance: A Plague Tale Legacy,4078,2026-08-28T13:48:46Z,en,"['English', 'megagamer', 'DropsEnabled']",2026-08-28,21-21-36,Friday
316805692756,110775952,skill4ltu,27546,World of Tanks,4016,2026-08-28T09:12:42Z,en,"['English', 'Lithuanian', 'drops', 'DropsEnabled']",2026-08-28,21-21-36,Friday
316762869078,98742675,blackufa,65876,Cyberpunk 2077,3974,2026-08-28T11:58:22Z,ru,"['Русский', 'инди', 'юмор', 'общение', 'новинки', 'Cooporative', 'дедушка']",2026-08-28,21-21-36,Friday
321152609370,606510515,setsuko,513143,Teamfight Tactics,3971,2026-08-28T10:12:02Z,en,['English'],2026-08-28,21-21-36,Friday
315936935889,30623831,quickybaby,27546,World of Tanks,3858,2026-08-28T12:10:49Z,en,"['English', 'drops', 'Drop', 'DropsEnabled']",2026-08-28,21-21-36,Friday
316761978582,657644821,cs2_maincast,32399,Counter-Strike,3850,2026-08-28T08:42:19Z,uk,"['Українська', 'maincast', 'cs2', 'кс2', 'мейнкаст', 'Ukrainian', 'кс', 'BLAST']",2026-08-28,21-21-36,Friday
316379357938,952340772,hiiragitsurugi,55453844,Street Fighter 6,3828,2026-08-28T11:29:36Z,ja,"['日本語', '雑談', 'ゲーム']",2026-08-28,21-21-36,Friday
316435363315,48677263,lazvell,516575,VALORANT,3755,2026-08-28T07:47:50Z,ja,"['日本語', 'チル']",2026-08-28,21-21-36,Friday
320132592352,56865374,barbarousking,674491029,Star Wars Zero Company,3723,2026-08-28T12:05:24Z,en,"['English', 'BaldWelcome', 'Kaizo', 'GorillaWins', 'memberofparliament', 'bauserhaus']",2026-08-28,21-21-36,Friday
316368989553,496789097,sabu_iko,32982,Grand Theft Auto V,3718,2026-08-28T10:17:32Z,ja,"['さぶ郎', '日本語']",2026-08-28,21-21-36,Friday
316367485169,31673401,gunguno,509672,IRL,3696,2026-08-28T01:24:04Z,zh,"['顏值', '射擊', '幽默', '錢來就幹', '掉宝開启', 'English', '中文', '飆哥開示了', '启用掉宝']",2026-08-28,21-21-36,Friday
318253077479,159498717,jinnytty,509658,Just Chatting,3593,2026-08-28T12:39:04Z,en,"['English', 'IRL', 'Outdoors', 'Exploration', 'Travel', 'Variety', 'Food', 'Cosplay', 'Asian', 'Korea']",2026-08-28,21-21-36,Friday
315954882130,45276816,sliggytv,516575,VALORANT,3554,2026-08-28T13:45:46Z,en,['English'],2026-08-28,21-21-36,Friday
315480130672,15027034,zrush,135816296,Pizza House Simulator,3538,2026-08-28T09:17:12Z,zh,"['中文', '訂閱免廣告']",2026-08-28,21-21-36,Friday
321088737625,96116107,mixwell,516575,VALORANT,3432,2026-08-28T13:51:10Z,es,"['Español', 'pro', 'otakar', 'watchparty', 'lyonesport', 'VALORANT']",2026-08-28,21-21-36,Friday
318450938598,122799408,alois_nl,21779,League of Legends,3384,2026-08-28T10:54:50Z,en,"['English', 'Riven', 'Challenger', 'Educational', 'Toplane', 'Mundo', 'leagueoflegends', 'riotgames', 'push', 'Korea']",2026-08-28,21-21-36,Friday
316001992425,1057785822,michimochievee,36799602,Clair Obscur: Expedition 33,3344,2026-08-28T04:57:55Z,en,"['English', 'VTuber', 'Cringe', 'Bilingual', 'Anime', 'Indonesian']",2026-08-28,21-21-36,Friday
316762410710,128856353,mande,511224,Apex Legends,3316,2026-08-28T10:25:06Z,en,"['English', 'DropsEnabled']",2026-08-28,21-21-36,Friday
317578255842,36138196,alexelcapo,674491029,Star Wars Zero Company,3295,2026-08-28T13:52:45Z,es,['Español'],2026-08-28,21-21-36,Friday
319015996375,25093116,fl0m,32399,Counter-Strike,3052,2026-08-28T11:56:23Z,en,"['BEARD', 'Washed', 'Pro', 'CONTENT', 'FAT', 'NotFat', 'NOTlate', 'SwoleDaddy', 'English']",2026-08-28,21-21-36,Friday
318451822310,57131280,drututt,21779,League of Legends,3046,2026-08-28T12:45:08Z,en,"['Positivity', 'rangedtop', 'polish', 'Vayne', 'OnlyLoveNoHate', 'English']",2026-08-28,21-21-36,Friday
316763523286,117385099,letshugotv,509663,Special Events,2994,2026-08-28T13:48:35Z,de,"['Deutsch', 'Hugo', 'LetsHugo', 'HugoSMP']",2026-08-28,21-21-36,Friday
317601429732,62989856,shisheyu,1820378900,Resident Evil 4,2984,2026-08-28T12:47:58Z,fr,"['Français', 'chill']",2026-08-28,21-21-36,Friday
319012331223,1305342529,theburntpeanut_247,499973,Always On,2951,2026-08-28T03:52:11Z,en,"['English', 'VOD', 'Rerun', 'arcraiders', 'tobacco']",2026-08-28,21-21-36,Friday
316761986262,139345001,aunkere,32399,Counter-Strike,2919,2026-08-28T08:44:30Z,ru,"['Русский', 'aunkere', 'аункер', 'cs2major', 'English', 'позитив', 'безмашны', 'DropsВключены']",2026-08-28,21-21-36,Friday
320089094108,127087298,omegatooyew,1702520304,Path of Exile 2,2859,2026-08-28T03:32:08Z,en,"['English', 'Aura', 'PrayForMe', 'PTSD', 'PositiveVibrations', 'HCSSF', 'TheDropsGuy', 'Drops', 'DropsEnabled']",2026-08-28,21-21-36,Friday
316735381077,48201326,missmikkaa,570615518,Resonance: A Plague Tale Legacy,2825,2026-08-28T13:32:14Z,en,"['English', 'swedish', 'Interactive', 'Chatty', 'ADHD', 'girl', 'TwitchAmbassador', 'NotBald', 'FirstPlaythrough', 'DropsEnabled']",2026-08-28,21-21-36,Friday
319013462359,39724467,swagg,1478650472,Call of Duty: Modern Warfare 4,2819,2026-08-28T05:28:12Z,en,"['fazeswagg', 'FaZe', 'English', 'cod', 'callofduty', 'warzone', 'warzonecallofduty', 'swagg']",2026-08-28,21-21-36,Friday
318451638886,49440419,qojqva,29595,Dota 2,2794,2026-08-28T12:23:23Z,en,['English'],2026-08-28,21-21-36,Friday
318251436775,26764651,gamestar,509672,IRL,2759,2026-08-28T08:50:09Z,de,"['Deutsch', 'DropsAktiviert']",2026-08-28,21-21-36,Friday
320132568160,45221641,bean,498566,Slots,2746,2026-08-28T12:00:33Z,en,"['English', 'gambling', 'youtube', 'tiktok', 'twitter', 'american', 'usa', 'texas']",2026-08-28,21-21-36,Friday
317601845988,218668268,zenrll,30921,Rocket League,2722,2026-08-28T13:42:40Z,en,['English'],2026-08-28,21-21-36,Friday
318450222822,47627824,rocketbeanstv,509663,Special Events,2711,2026-08-28T09:01:12Z,de,['Deutsch'],2026-08-28,21-21-36,Friday
318821761653,601665123,luzu_tv,417752,Talk Shows & Podcasts,2695,2026-08-28T09:47:41Z,es,['Español'],2026-08-28,21-21-36,Friday
318253819239,73437396,bonjwa,509658,Just Chatting,2688,2026-08-28T13:53:27Z,de,['Deutsch'],2026-08-28,21-21-36,Friday
316436078579,805456112,naru0419045,55453844,Street Fighter 6,2668,2026-08-28T11:16:26Z,ja,['日本語'],2026-08-28,21-21-36,Friday
317599819492,81446331,traytonlol,21779,League of Legends,2662,2026-08-28T07:26:54Z,fr,"['Français', 'Esports', 'LEC', 'LCK', 'LPL', 'Challenger', 'stuckmaster']",2026-08-28,21-21-36,Friday
316733871573,54742538,karmikkoala,18808,Resident Evil 5,2661,2026-08-28T08:56:20Z,ru,['Русский'],2026-08-28,21-21-36,Friday
316436565747,212474095,guilty1223,32982,Grand Theft Auto V,2646,2026-08-28T12:40:48Z,ja,['日本語'],2026-08-28,21-21-36,Friday
318452133094,44407373,zakvielchannel,428189042,IRON NEST: Heavy Turret Simulator,2608,2026-08-28T13:17:37Z,ru,['Русский'],2026-08-28,21-21-36,Friday
316806855252,130313947,dmitry_bale,509658,Just Chatting,2605,2026-08-28T12:46:45Z,ru,"['Vtuber', 'Русский', 'Новинки', 'Игры', 'Общение']",2026-08-28,21-21-36,Friday
321153133146,67209636,slate,491487,Dead by Daylight,2605,2026-08-28T12:00:40Z,en,"['English', 'DropsEnabled']",2026-08-28,21-21-36,Friday
316436671475,1534442950,vwapsurfer,499634,Crypto,2590,2026-08-28T12:59:14Z,en,"['English', 'Crypto', 'Trade', 'Forex', 'Finance', 'Live']",2026-08-28,21-21-36,Friday
316369139697,237234078,ennaouii,516575,VALORANT,2587,2026-08-28T10:58:44Z,zh,['中文'],2026-08-28,21-21-36,Friday
318451274342,220716126,fibii,509672,IRL,2557,2026-08-28T11:39:15Z,de,['Deutsch'],2026-08-28,21-21-36,Friday
317611890147,430551896,kdrkitten,509672,IRL,2523,2026-08-28T10:33:41Z,de,['Deutsch'],2026-08-28,21-21-36,Friday
316378796402,89969094,zerost_s,263490,Rust,2502,2026-08-28T09:01:21Z,ja,['日本語'],2026-08-28,21-21-36,Friday
317601442660,140846786,fugu_fps,516575,VALORANT,2466,2026-08-28T12:50:20Z,fr,['Français'],2026-08-28,21-21-36,Friday
318251860583,59965916,rdulive,138585,Hearthstone,2464,2026-08-28T09:59:00Z,en,"['English', 'Autobattler', 'KEKW', 'Battlegrounds', 'Educational']",2026-08-28,21-21-36,Friday
320091401052,622580525,nykchazza,509672,IRL,2440,2026-08-28T11:20:51Z,en,['English'],2026-08-28,21-21-36,Friday
316761916502,259710795,pelaajatcom,32399,Counter-Strike,2435,2026-08-28T08:27:11Z,fi,"['Suomi', 'Wombat', 'xff', 'selostajat', 'kännissä', '35', 'ihQ']",2026-08-28,21-21-36,Friday
318387177445,499126234,sterzik,1360537919,Titanic Escape Simulator,2423,2026-08-28T09:47:30Z,de,"['Deutsch', '18pluschannel', 'Sterzik', 'IndieHorror', 'Horror', 'indiegame']",2026-08-28,21-21-36,Friday
317993378520,25677980,deansocool,509658,Just Chatting,2413,2026-08-28T12:33:05Z,en,"['English', 'reacts', 'miami']",2026-08-28,21-21-36,Friday
316369093105,41040104,foxrabbit,32982,Grand Theft Auto V,2374,2026-08-28T10:46:44Z,ja,"['fps', '日本語', '鳩禁止', 'ストグラ']",2026-08-28,21-21-36,Friday
316436852595,70645030,yue_san,516575,VALORANT,2372,2026-08-28T13:25:50Z,ja,"['ネタバレ注意', 'ゴースティング禁止', '日本語']",2026-08-28,21-21-36,Friday
316435441779,21390470,singsing,674491029,Star Wars Zero Company,2342,2026-08-28T08:14:24Z,en,"['NoBackseating', 'English', 'dutch']",2026-08-28,21-21-36,Friday
318388079205,47124404,dunduk,491931,Escape from Tarkov,2314,2026-08-28T11:40:02Z,ru,['Русский'],2026-08-28,21-21-36,Friday
320091330652,23220337,emongg,515025,Overwatch,2310,2026-08-28T11:04:13Z,en,['English'],2026-08-28,21-21-36,Friday
316379351282,414070550,pira_real,32982,Grand Theft Auto V,2309,2026-08-28T11:28:53Z,ja,['日本語'],2026-08-28,21-21-36,Friday
315446887790,11561802,godjj,607186504,Rubinite,2304,2026-08-28T11:11:39Z,zh,"['中文', '訂閱免廣告', '登入就送']",2026-08-28,21-21-36,Friday
316805401940,129289579,krl_stream,32399,Counter-Strike,2275,2026-08-28T08:11:47Z,fr,"['Français', 'KRL', 'CS2']",2026-08-28,21-21-36,Friday
318253722855,22510310,gamesdonequick,458443,Alien: Isolation,2233,2026-08-28T13:44:15Z,en,"['English', 'Speedrun']",2026-08-28,21-21-36,Friday
318253158759,58221890,doktorfroid,509663,Special Events,2225,2026-08-28T12:47:49Z,de,"['Deutsch', 'reaction', 'reacts', 'Comedy', 'react', 'Variety', 'IRL', 'gaming', 'DeadWeight']",2026-08-28,21-21-36,Friday
316003389289,24765850,blusewilly_retry,1639092536,Hellforged,2210,2026-08-28T12:25:35Z,zh,['中文'],2026-08-28,21-21-36,Friday
318451323494,1534425826,jetonfieber,498566,Slots,2201,2026-08-28T11:45:32Z,de,['Deutsch'],2026-08-28,21-21-36,Friday
321153175258,1532774614,tinybets03,498566,Slots,2201,2026-08-28T12:08:29Z,en,['English'],2026-08-28,21-21-36,Friday
318388559077,31089858,dreadztv,29595,Dota 2,2188,2026-08-28T12:31:09Z,ru,['Русский'],2026-08-28,21-21-36,Friday
316806303444,81623587,gensyxa,509658,Just Chatting,2183,2026-08-28T11:02:54Z,ru,"['Русский', 'gensyxa']",2026-08-28,21-21-36,Friday
319016068055,211234859,adapt,509658,Just Chatting,2178,2026-08-28T12:13:22Z,en,"['English', 'Adapt', 'Charity', 'Rerun']",2026-08-28,21-21-36,Friday
316805195348,613410561,blindzonexgod,29595,Dota 2,2169,2026-08-28T07:24:12Z,ru,"['Русский', 'эмо', 'дота', 'dota2', 'качок', 'чадоизада', 'SWAT', 'киска', 'радинеё']",2026-08-28,21-21-36,Friday
318450558566,98916815,sunglitters,31339,Project Zomboid,2132,2026-08-28T09:57:33Z,en,"['English', 'German', 'potatoes', 'Vtuber', 'Deutsch', 'OnlyFangs', 'ZNN']",2026-08-28,21-21-36,Friday
316437128051,1291086815,ssssshaoooo,511224,Apex Legends,2113,2026-08-28T14:11:47Z,zh,"['中文', '掉寶', '启用掉宝']",2026-08-28,21-21-36,Friday
318253144167,41567638,rumathra,509658,Just Chatting,2109,2026-08-28T12:46:14Z,de,['Deutsch'],2026-08-28,21-21-36,Friday
321088649561,182714823,gmbenjaminbok,743,Chess,2069,2026-08-28T13:33:37Z,en,"['English', 'FamilyFriendly', 'Educational']",2026-08-28,21-21-36,Friday
316436319347,226535110,ukyochi_jp,511229,Pogostuck: Rage With Your Friends,2066,2026-08-28T12:02:33Z,ja,"['日本語', 'Vtuber']",2026-08-28,21-21-36,Friday
317577457890,582419043,agorafutbol,518203,Sports,2056,2026-08-28T12:00:28Z,es,"['Español', 'deportes', 'deporte', 'fútbol', 'futbol']",2026-08-28,21-21-36,Friday
318250507879,55943318,scripe,18122,World of Warcraft,2034,2026-08-28T05:30:09Z,en,"['English', 'RWF', 'DropsEnabled']",2026-08-28,21-21-36,Friday
319997590238,21841789,nmplol,509658,Just Chatting,2021,2026-08-28T14:05:14Z,en,"['English', 'OTK', 'Cooking', 'IRL']",2026-08-28,21-21-36,Friday
319996958558,689975521,heinzbaines_,509672,IRL,2018,2026-08-28T11:51:41Z,en,['English'],2026-08-28,21-21-36,Friday
318250466407,63354411,meerestv,18122,World of Warcraft,2011,2026-08-28T05:19:41Z,en,"['English', 'German', 'DropsEnabled']",2026-08-28,21-21-36,Friday
316434813939,276504990,shinjifromjapanxd,263490,Rust,2004,2026-08-28T04:36:07Z,ja,['日本語'],2026-08-28,21-21-36,Friday
316435326707,41952329,bijusan,516575,VALORANT,1991,2026-08-28T07:34:36Z,ja,['日本語'],2026-08-28,21-21-36,Friday
316002271337,23852822,failverde,2146281325,Plants on Fire,1987,2026-08-28T06:47:30Z,zh,"['中文', '抽卡不歪', '超級幸運', '運氣超好', '這我婆', '启用掉宝']",2026-08-28,21-21-36,Friday
315964766440,1047145019,mayj0501,516575,VALORANT,1984,2026-08-28T11:39:03Z,zh,"['中文', '魔法師', '暴言系', '手手', '打瓦裏人格', '躁躁人', 'Vtuber', '怪人']",2026-08-28,21-21-36,Friday
316378441842,705520039,china_channel,491487,Dead by Daylight,1961,2026-08-28T07:00:55Z,ja,"['DBDCreator', '女性配信者', '浅川陽一出禁', 'English', '中国', '台湾', '日本語', 'PR', 'Drops有効']",2026-08-28,21-21-36,Friday
318388880741,21991090,pietsmiet,509658,Just Chatting,1944,2026-08-28T13:03:40Z,de,['Deutsch'],2026-08-28,21-21-36,Friday
316735510357,149683143,dand_music,4796,Prince of Persia: The Sands of Time,1944,2026-08-28T13:52:13Z,ru,"['Русский', 'скучныйстрим', 'безмата', 'Олдытут', 'олдыздесь', 'больвспине']",2026-08-28,21-21-36,Friday
316378973682,503598254,brothers_baseball,518203,Sports,1943,2026-08-28T09:58:21Z,zh,"['運動', '棒球', '中信兄弟', '中文']",2026-08-28,21-21-36,Friday
318251582183,101020771,repaz,512953,ELDEN RING,1941,2026-08-28T09:13:53Z,de,['Deutsch'],2026-08-28,21-21-36,Friday
316127805291,773370698,fadivs,32399,Counter-Strike,1939,2026-08-28T14:14:37Z,ru,['Русский'],2026-08-28,21-21-36,Friday
318386652133,531019578,ronnyberger,509672,IRL,1915,2026-08-28T08:20:59Z,de,"['Deutsch', 'vlog', 'justchatting', 'Christ', 'IRL', 'gamescom', 'Köln', 'GAMESCOM2026']",2026-08-28,21-21-36,Friday
316735130965,76036152,murzofix,32399,Counter-Strike,1914,2026-08-28T12:50:35Z,ru,['Русский'],2026-08-28,21-21-36,Friday
318386421733,22712717,tortedelini,1629774880,Darksiders: Warmastered Edition,1909,2026-08-28T07:43:46Z,en,"['English', 'BackseatingAllowed', 'gorgc', 'tortedelini', 'm', 'mortalshell2']",2026-08-28,21-21-36,Friday
318444125798,53815140,olesha,476269,Yakuza 0,1903,2026-08-27T17:31:51Z,ru,"['Русский', 'ГигантМысли', 'ПолитическиПодкованный', 'ФилософияЖизни', 'БеспроводнаяКлавиатура', 'КлавиатураБезНумпада', 'БоссСваги']",2026-08-28,21-21-36,Friday
318389442277,117168642,chowh1,512710,Call of Duty: Warzone,1903,2026-08-28T14:00:42Z,fr,"['Français', 'warzone', 'calldofduty']",2026-08-28,21-21-36,Friday
316762576854,91465245,fruktozka,509658,Just Chatting,1898,2026-08-28T10:58:44Z,ru,"['Русский', 'Сербский', 'Serbian', 'Позитивныйстрим', 'DropsВключены']",2026-08-28,21-21-36,Friday
321088122841,15697166,yotobi,1825878535,The Castle of Dr. Hoot,1885,2026-08-28T11:25:49Z,it,['Italiano'],2026-08-28,21-21-36,Friday
317992380248,151368796,piratesoftware,709941216,Endacopia,1874,2026-08-28T07:12:51Z,en,"['English', 'Programming', 'GameDev', 'NotMyBirthday']",2026-08-28,21-21-36,Friday
318452405094,277405774,sfgameofficial,510389,Shakes and Fidget,1871,2026-08-28T13:46:48Z,en,"['International', 'Classic', 'Indie', 'BrowserGame', 'shakesandfidget', 'drops', 'English', 'Deutsch', 'DropsEnabled']",2026-08-28,21-21-36,Friday
316761022678,73477451,unclebjorn,19441,The Lord of the Rings: The Two Towers,1868,2026-08-28T02:20:59Z,ru,"['Русский', 'длявзрослых', 'DropsВключены']",2026-08-28,21-21-36,Friday
316369034481,806179236,meltonff,515025,Overwatch,1858,2026-08-28T10:29:43Z,ja,['日本語'],2026-08-28,21-21-36,Friday
321152843610,35916854,alkaizerx,1702520304,Path of Exile 2,1851,2026-08-28T11:03:58Z,en,"['English', 'DropsEnabled']",2026-08-28,21-21-36,Friday
316133123692,104717035,olyashaa,509658,Just Chatting,1847,2026-08-28T12:26:46Z,ru,"['Русский', 'bdsmunix']",2026-08-28,21-21-36,Friday
318388352229,88006635,gnu_live,2010156204,Can I Come In?,1843,2026-08-28T12:08:27Z,de,"['Deutsch', 'cozygaming', 'horrorgames', 'simulatorgames', 'Simulator', 'SafeSpace', 'Cozy']",2026-08-28,21-21-36,Friday
315964897000,197367758,hennie2001,509658,Just Chatting,1841,2026-08-28T12:16:44Z,zh,"['中文', '台V', 'Vtuber']",2026-08-28,21-21-36,Friday
316437094387,1016942766,kyoyu_shiroya,32982,Grand Theft Auto V,1831,2026-08-28T14:05:55Z,ja,"['VTuber', '日本語', 'ネタバレ禁止', 'ネタバレ注意', 'のりプロ', '雑談', 'ストグラ']",2026-08-28,21-21-36,Friday
316378796274,858359149,ramuneshiranami,508455,Valheim,1820,2026-08-28T09:01:20Z,ja,"['日本語', '聞いたら教えて']",2026-08-28,21-21-36,Friday
317600526820,40110994,reventxz,513143,Teamfight Tactics,1817,2026-08-28T10:20:04Z,es,"['Español', 'teamfighttactics', 'VarietyGamer', 'Challenger', 'pro', 'proplayer']",2026-08-28,21-21-36,Friday
318251317607,36717908,izakooo,32399,Counter-Strike,1809,2026-08-28T08:29:53Z,pl,['Polski'],2026-08-28,21-21-36,Friday
317332410999,20478262,teamliquid,18122,World of Warcraft,1808,2026-08-28T07:20:28Z,en,"['Esports', 'English', 'RWF', 'RWF2026', 'midnight', 'wow', 'Mythic', 'Mythicraiding', 'liquid', 'DropsEnabled']",2026-08-28,21-21-36,Friday
317577059810,26538483,sips_,674491029,Star Wars Zero Company,1800,2026-08-28T10:56:11Z,en,"['English', 'falconry', 'bronzesmith', 'Dad', 'mapmaking', 'esportsready', 'albino', 'Garagegaming', 'nevernude', 'BeachHaters']",2026-08-28,21-21-36,Friday
318253576167,86131599,lol_nemesis,21779,League of Legends,1787,2026-08-28T13:29:29Z,en,"['English', 'LegendsMatch']",2026-08-28,21-21-36,Friday
321088669657,227504250,valorant_fr,516575,VALORANT,1785,2026-08-28T13:37:53Z,fr,"['Esports', 'Français', 'EMEA', 'valorant', 'valorantfrance', 'CHALLENGERS', 'ValorantCompetitive']",2026-08-28,21-21-36,Friday
315936550097,124604785,kragiee,1264310518,Marvel Rivals,1779,2026-08-28T09:30:57Z,en,"['English', 'DropsEnabled']",2026-08-28,21-21-36,Friday
316735007701,254947119,nattynattlol,21779,League of Legends,1777,2026-08-28T12:29:20Z,en,['English'],2026-08-28,21-21-36,Friday
320114577120,754571401,elcalvolol,509672,IRL,1776,2026-08-27T01:43:59Z,es,['Español'],2026-08-28,21-21-36,Friday
316380217586,147242239,xhalli4x,2005329090,Jinro Metropolis,1747,2026-08-28T14:02:19Z,ja,['日本語'],2026-08-28,21-21-36,Friday
316805486548,20567961,ziqoftw,18122,World of Warcraft,1745,2026-08-28T08:31:23Z,en,"['English', 'rank1', 'funny', 'ziqo', 'pvp', 'Hardcore', 'ZNN', 'midnight', 'Clasicplus', 'DropsEnabled']",2026-08-28,21-21-36,Friday
318387191781,170931439,kibertochkaofficial,32399,Counter-Strike,1733,2026-08-28T09:49:21Z,ru,"['CS2', 'CS2Live', 'cs2twitch', 'Esports', 'Киберспорт', 'Competitive', 'counterstrike2', 'Русский', 'CS2Tournament', 'cs']",2026-08-28,21-21-36,Friday
316763201878,39775590,serral,490422,StarCraft II,1716,2026-08-28T12:56:41Z,en,"['English', 'RTS', 'RTSWorldChampion', 'finnish']",2026-08-28,21-21-36,Friday
316378056434,582765062,peter,2397,Halo: Combat Evolved,1695,2026-08-28T04:46:24Z,en,"['Forehead', 'AMA', 'VoiceActing', 'Japan', 'English', 'NoSpoilers', 'Nerdity', 'IRL', 'fortyplusgamers']",2026-08-28,21-21-36,Friday
319007278551,570335223,rayasianboy,498592,I'm Only Sleeping,1694,2026-08-27T21:49:58Z,en,"['English', 'Taiwan', '中文', '台語', 'AMP', 'Ray']",2026-08-28,21-21-36,Friday
316763182678,794027038,lavieoubourse,32399,Counter-Strike,1693,2026-08-28T12:53:31Z,ru,['Русский'],2026-08-28,21-21-36,Friday
319997183326,144926827,ds_lily,1702520304,Path of Exile 2,1687,2026-08-28T12:46:48Z,en,"['Beef', 'NoSleep', 'Blasting', 'Stalling', 'English', 'Hardcore', 'goth', 'DropsEnabled']",2026-08-28,21-21-36,Friday
320091500508,12731745,deadlyslob,1780647523,HITMAN World of Assassination,1686,2026-08-28T11:48:21Z,en,"['Canada', 'SlightlyAboveAverage', 'English', 'hotdogconversations', '1008px60FPS', '1995FinnishRallyChamp', 'UNC', 'NostraDoofus', 'ToiletVacation', 'DropsEnabled']",2026-08-28,21-21-36,Friday
316733755221,115842730,icebergdoto,29595,Dota 2,1680,2026-08-28T08:27:26Z,ru,"['Русский', 'midorfeed', 'dota2', 'дота2', 'Дота']",2026-08-28,21-21-36,Friday
318449876454,655113815,spontent_one,518203,Sports,1676,2026-08-28T08:00:16Z,de,"['Deutsch', 'sport', 'event', 'beachvolleyball', 'gbt', 'germanbeachtour', 'Wiederholen']",2026-08-28,21-21-36,Friday
317993015000,663185994,savii,674491029,Star Wars Zero Company,1658,2026-08-28T10:25:29Z,en,"['British', 'Latina', 'Military', 'AuditoryASMR', 'Envtuber', 'English', 'Anime', 'Vtuber', 'Hag', 'FirstPlaythrough']",2026-08-28,21-21-36,Friday
315964049384,165581935,taaaao,488190,Poker,1646,2026-08-28T07:58:55Z,zh,"['中文', '台語OK', 'ENG', '启用掉宝']",2026-08-28,21-21-36,Friday
316806803412,88107116,muhanjan,509658,Just Chatting,1644,2026-08-28T12:36:54Z,ru,"['Русский', 'IRL']",2026-08-28,21-21-36,Friday
316435918963,165572706,dmf_kyochan,1036710512,Palworld,1642,2026-08-28T10:38:22Z,ja,['日本語'],2026-08-28,21-21-36,Friday
316026342506,1322264153,p1lepe1el1,509658,Just Chatting,1640,2026-08-28T11:00:18Z,zh,"['Vtuber', '中文']",2026-08-28,21-21-36,Friday
318449727846,6094619,jankos,21779,League of Legends,1626,2026-08-28T07:35:00Z,en,"['English', 'LEC', 'LCK', 'Worlds2026', 'reaction', 'LCKwatchparty']",2026-08-28,21-21-36,Friday
317612914659,44162266,orkpod,18707,Grand Theft Auto IV,1625,2026-08-28T13:12:25Z,ru,['Русский'],2026-08-28,21-21-36,Friday
321257488091,806386760,e36_kimitosu,32982,Grand Theft Auto V,1600,2026-08-28T10:30:55Z,ja,"['ストグラ', '雑談', '日本語', 'ストグラFV']",2026-08-28,21-21-36,Friday
316761637462,57361005,slayproxx,55,Baldur's Gate,1600,2026-08-28T07:09:09Z,pl,['Polski'],2026-08-28,21-21-36,Friday
316735040213,43899589,c_a_k_e,493057,PUBG: BATTLEGROUNDS,1594,2026-08-28T12:35:16Z,ru,['Русский'],2026-08-28,21-21-36,Friday
321150085466,29400754,lacari,511554,Arknights,1591,2026-08-28T03:56:55Z,en,"['Vtuber', 'English', 'forsen', 'chill', 'PlayingwithViewers', 'Interactive', 'ADHD', 'Cozy', 'Anime', 'Black']",2026-08-28,21-21-36,Friday
316762961622,64023526,del1ght,32399,Counter-Strike,1565,2026-08-28T12:13:08Z,ru,['Русский'],2026-08-28,21-21-36,Friday
316432300275,82120787,kawa1sheep,509658,Just Chatting,1560,2026-08-27T13:05:30Z,zh,['中文'],2026-08-28,21-21-36,Friday
316436050291,11692694,uzra,509658,Just Chatting,1521,2026-08-28T11:09:33Z,zh,['中文'],2026-08-28,21-21-36,Friday
316735561429,141651092,gagik,509658,Just Chatting,1516,2026-08-28T13:59:31Z,ru,"['Multiplayer', 'ВИКИНГ', 'ГАГИК', 'ЦЕНТРАЛ', 'Majestic', 'Русский']",2026-08-28,21-21-36,Friday
316379541362,214737896,minoru04160,750937391,The Prince of Tennis Sweet School Festival ♡-40 and more...,1506,2026-08-28T12:01:35Z,ja,['日本語'],2026-08-28,21-21-36,Friday
317577865954,58526267,mangel,509658,Just Chatting,1500,2026-08-28T13:00:51Z,es,['Español'],2026-08-28,21-21-36,Friday
317613156451,175017835,llunaclark,509672,IRL,1489,2026-08-28T13:43:10Z,es,['Español'],2026-08-28,21-21-36,Friday
316026446058,162323092,gearbaby1010,290075012,Sword of Justice,1487,2026-08-28T11:31:21Z,zh,"['主打技術', '顏值還行', '中文', '棋靈王', '我愛黑人']",2026-08-28,21-21-36,Friday
316762585558,36805559,mirlol,18122,World of Warcraft,1485,2026-08-28T11:00:27Z,en,"['English', 'TBC', 'PvP', 'ADHD', 'DropsEnabled']",2026-08-28,21-21-36,Friday
317577657058,127800,pokerstars,488190,Poker,1482,2026-08-28T12:30:00Z,en,['English'],2026-08-28,21-21-36,Friday
317612502627,522478761,hackingnoisess,27471,Minecraft,1482,2026-08-28T12:11:31Z,en,"['Speedrun', 'English']",2026-08-28,21-21-36,Friday
317993222872,24687283,jorbs,1435206302,Slay the Spire II,1477,2026-08-28T11:30:45Z,en,"['English', 'nobackseating', 'lurkerswelcome']",2026-08-28,21-21-36,Friday
317611436131,93740128,beyaz,516575,VALORANT,1472,2026-08-28T09:00:05Z,fr,['Français'],2026-08-28,21-21-36,Friday
316762109398,23838963,mrrapolas,386821,Black Desert,1465,2026-08-28T09:15:34Z,en,"['English', 'DropsEnabled']",2026-08-28,21-21-36,Friday
316380059122,22596190,takesipon,491487,Dead by Daylight,1463,2026-08-28T13:29:55Z,zh,"['中文', '启用掉宝']",2026-08-28,21-21-36,Friday
317576910690,84934385,jvtv,509658,Just Chatting,1462,2026-08-28T10:28:43Z,fr,"['Français', 'jvtv', 'Actu', 'Info', 'gaming', 'jeuxvidéo', 'SGF', 'SummerGameFest']",2026-08-28,21-21-36,Friday
318389287141,172376071,maxim,509663,Special Events,1461,2026-08-28T13:46:51Z,de,"['BesterSpieler', 'Maxim', 'Deutsch', 'german']",2026-08-28,21-21-36,Friday
318252265191,38974476,baso,509672,IRL,1458,2026-08-28T10:56:11Z,de,"['Deutsch', 'LGBTQIAFriendlySpace', 'mausig', 'pokopia', 'ADHS']",2026-08-28,21-21-36,Friday
317612288227,99625250,esportmaniacos,21779,League of Legends,1456,2026-08-28T11:37:31Z,es,"['Español', 'LeagueofLegends', 'LEC', 'LolEsports']",2026-08-28,21-21-36,Friday
316378997490,689257502,mitsuki_mitsuu,32982,Grand Theft Auto V,1455,2026-08-28T10:04:29Z,ja,"['ストグラ', '日本語']",2026-08-28,21-21-36,Friday
318450043366,48082917,jokerdtv,18122,World of Warcraft,1444,2026-08-28T08:30:56Z,en,"['MMORPG', 'English', 'drops', 'DropsEnabled']",2026-08-28,21-21-36,Friday
315964607976,516937824,shen_0828,509658,Just Chatting,1441,2026-08-28T10:52:41Z,zh,"['中文', 'Vtuber', '嘎旋', '雜談', '遊戲', '誤認飛鼠', '启用掉宝']",2026-08-28,21-21-36,Friday
317578155490,42141251,mastersnakou,509658,Just Chatting,1441,2026-08-28T13:38:52Z,fr,"['Français', 'LootGoblin', 'LootLover', 'GoodVibes']",2026-08-28,21-21-36,Friday
316379118962,792691462,assarisyoko1,982348888,ELDEN RING NIGHTREIGN,1439,2026-08-28T10:36:15Z,ja,['日本語'],2026-08-28,21-21-36,Friday
317600561892,767965709,sotchi_riot,1669431183,DJs,1437,2026-08-28T10:27:30Z,en,"['English', 'Français', 'Deutsch', 'Polski', 'DJ', 'Techno', 'ADHD', 'Girl', 'Woman', 'Cosplay']",2026-08-28,21-21-36,Friday
316436447731,137621174,ow_uruca,515025,Overwatch,1431,2026-08-28T12:22:37Z,ja,"['日本語', 'CR', 'うるか']",2026-08-28,21-21-36,Friday
318252611943,1534425254,drehkaiser,498566,Slots,1431,2026-08-28T11:42:34Z,de,['Deutsch'],2026-08-28,21-21-36,Friday
317613009251,103762288,wakzlol,21779,League of Legends,1428,2026-08-28T13:24:01Z,fr,"['Français', 'Challenger', 'ADC', 'Musclé', '27cm']",2026-08-28,21-21-36,Friday
316026602090,1017225456,samoago,509658,Just Chatting,1420,2026-08-28T12:16:05Z,zh,['中文'],2026-08-28,21-21-36,Friday
318253753447,1534468416,scheindrop,498566,Slots,1418,2026-08-28T13:47:01Z,de,['Deutsch'],2026-08-28,21-21-36,Friday
316370003057,928482127,reirei_neon,494162,NieR: Automata,1418,2026-08-28T13:14:43Z,zh,"['中文', 'English', 'Vtuber', '小丑', '馬鈴薯園', 'frennless']",2026-08-28,21-21-36,Friday
316805710036,82297531,ghostik,29595,Dota 2,1417,2026-08-28T09:16:07Z,uk,"['Українська', 'Ukraine']",2026-08-28,21-21-36,Friday
316379789426,400123822,titiseadmin,32982,Grand Theft Auto V,1411,2026-08-28T12:41:17Z,ja,"['日本語', '雑談', 'ストグラ']",2026-08-28,21-21-36,Friday
318250998887,70298660,skyyart,13389,Age of Empires II,1409,2026-08-28T07:30:18Z,fr,['Français'],2026-08-28,21-21-36,Friday
317613301987,1379571698,ruiidos_,509658,Just Chatting,1409,2026-08-28T14:01:57Z,es,"['Español', 'champions', 'pokemon', 'pikachu', 'nuzlocke', 'ceuta', 'GTA']",2026-08-28,21-21-36,Friday
318252112743,1018986222,mlbb_cis,494184,Mobile Legends: Bang Bang,1409,2026-08-28T10:35:56Z,ru,"['mlbb', 'mcc', 'MLBBEsports', 'mobilelegendsbangbang', 'MOBA', 'mobile', 'esports', 'русская', 'EWC2026', 'msc']",2026-08-28,21-21-36,Friday
319016417495,37751556,hens,491487,Dead by Daylight,1409,2026-08-28T13:32:44Z,en,"['English', 'Sluggerrat333', 'young', 'Hip', 'Not', 'old', 'Yapper', 'Wise', 'DropsEnabled']",2026-08-28,21-21-36,Friday
320091324764,545510563,juventibus,518203,Sports,1404,2026-08-28T11:02:43Z,it,['Italiano'],2026-08-28,21-21-36,Friday
318251383527,89824217,szelioficjalnie,32399,Counter-Strike,1400,2026-08-28T08:41:07Z,pl,['Polski'],2026-08-28,21-21-36,Friday
316802439892,27954235,nuke73,509658,Just Chatting,1399,2026-08-27T18:03:26Z,ru,"['Русский', 'DropsВключены']",2026-08-28,21-21-36,Friday
321088698073,39518378,sirmaza,516575,VALORANT,1389,2026-08-28T13:43:30Z,es,"['valorant', 'radiant', 'Español']",2026-08-28,21-21-36,Friday
320133220448,7236692,dansgaming,674491029,Star Wars Zero Company,1387,2026-08-28T13:55:46Z,en,"['TwitchOG', 'DansGame', 'Emotes', 'Variety', 'English', 'Solo', 'Gaming', 'Cozy', 'Community', 'Singleplayer']",2026-08-28,21-21-36,Friday
318387203557,139208197,sologesang,513143,Teamfight Tactics,1386,2026-08-28T09:50:59Z,de,"['Deutsch', 'English', 'Vietnamese', 'FUTUREWORLDSWINNER', 'FUTUREDÖNERGIVEAWAYER']",2026-08-28,21-21-36,Friday
318252841831,514761065,jussef,509672,IRL,1386,2026-08-28T12:10:03Z,de,"['Deutsch', 'Wiederholen']",2026-08-28,21-21-36,Friday
321088025305,551855052,struggle_4,509658,Just Chatting,1384,2026-08-28T10:54:05Z,en,"['English', 'UnitedStates', 'Political', 'NewsAnalysis', 'Leftist', 'PoliticalDiscussion', 'VivaCuba', 'FreePalestine', 'Veteran', 'CatDad']",2026-08-28,21-21-36,Friday
318253122663,1127153091,bela_darts,1331855755,Darts,1380,2026-08-28T12:44:02Z,de,"['darts', 'Deutsch', 'IRL']",2026-08-28,21-21-36,Friday
316369160433,510453927,tonakaito_hendy,508455,Valheim,1378,2026-08-28T11:02:42Z,ja,"['ネタバレ注意', '日本語']",2026-08-28,21-21-36,Friday
317600085860,122208625,rtparenacs,32399,Counter-Strike,1372,2026-08-28T08:39:45Z,pt,"['Português', 'CS2', 'counterstrike', 'CS', 'BLAST', 'blastpremier']",2026-08-28,21-21-36,Friday
316372195570,25202416,shuteye_orange,509658,Just Chatting,1363,2026-08-26T17:23:45Z,zh,"['中文', '恐怖遊戲', 'Horror', 'horrorgames', '恐怖', '燕雲十六聲', 'wherewindsmeet']",2026-08-28,21-21-36,Friday
318253074919,1534438238,billetemax,498566,Slots,1359,2026-08-28T12:38:50Z,es,"['Español', 'Español']",2026-08-28,21-21-36,Friday
317600100964,149682636,yann,602040818,NBA 2K27,1354,2026-08-28T08:44:37Z,fr,"['humour', 'sport', 'codjordan', 'rire', 'fun', 'openlobby', 'setup', 'Multitalentueux', 'Français', 'DropsActivés']",2026-08-28,21-21-36,Friday
318893142900,688858334,elpelotasssss,417528,Albion Online,1328,2026-08-28T09:59:45Z,es,"['Español', 'AlbionOnlineEspañol', 'AlbionOnlineDrops', 'AlbionOnline', 'DropsActivados']",2026-08-28,21-21-36,Friday
317578279778,36318615,theguill84,27471,Minecraft,1327,2026-08-28T13:55:43Z,fr,"['Français', 'aigri', 'minecraft', 'Guill', 'TheGuill84', 'DropsActivés', 'acariâtre']",2026-08-28,21-21-36,Friday
317600349668,158104981,furgoth,498417,Vintage Story,1326,2026-08-28T09:41:54Z,fr,['Français'],2026-08-28,21-21-36,Friday
318385810917,13101446,zaelia,18122,World of Warcraft,1323,2026-08-28T05:42:32Z,en,"['English', 'DropsEnabled']",2026-08-28,21-21-36,Friday
318252665959,31546195,dorzer,510389,Shakes and Fidget,1322,2026-08-28T11:49:56Z,de,"['DropsActive', 'Deutsch', 'DropsAktiviert']",2026-08-28,21-21-36,Friday
316437031923,77415295,jasper7se,515025,Overwatch,1321,2026-08-28T13:56:08Z,ja,['日本語'],2026-08-28,21-21-36,Friday
315936134225,107025980,mishulika12,27546,World of Tanks,1321,2026-08-28T06:00:05Z,en,"['WorldofTanks', '3marking', 'Gaming4Fun', 'English', 'chillingstream', 'Rerun', 'DropsEnabled']",2026-08-28,21-21-36,Friday
318253788007,761443487,vlatessax,29595,Dota 2,1313,2026-08-28T13:50:15Z,ru,"['vlatessa', 'Русский']",2026-08-28,21-21-36,Friday
316806743508,71089431,lagoda1337,509658,Just Chatting,1312,2026-08-28T12:25:33Z,ru,['Русский'],2026-08-28,21-21-36,Friday
318388520677,170258085,gamescom,509663,Special Events,1310,2026-08-28T12:27:14Z,en,"['Gamescom', 'gamenews', 'English', 'German', 'Deutsch', 'ONL', 'OpeningNightLive', 'Gamescom2026']",2026-08-28,21-21-36,Friday
320132450144,119522206,trey24k,491931,Escape from Tarkov,1302,2026-08-28T11:33:30Z,en,"['English', 'pain', 'suffering']",2026-08-28,21-21-36,Friday
317991054040,1531030107,sosag0crazy,23020,ROBLOX,1298,2026-08-28T03:38:13Z,en,['English'],2026-08-28,21-21-36,Friday
316379244402,1095189212,mizunase_maru,512953,ELDEN RING,1294,2026-08-28T11:04:09Z,ja,"['日本語', 'Vtuber', 'ROM歓迎', 'ENG', 'chill']",2026-08-28,21-21-36,Friday
321153112794,88257023,skylordzoey,1099705332,Tomodachi Life: Living the Dream,1279,2026-08-28T11:57:58Z,en,"['Trans', 'Transgender', 'LGBTQIAPlus', 'English', 'Vtuber', 'Quirky', 'Loud', 'Vtuber', 'NoGenAI']",2026-08-28,21-21-36,Friday
321088261593,118155820,willerz,491931,Escape from Tarkov,1278,2026-08-28T12:06:29Z,en,"['English', 'chad', 'Friendly', 'Parkour', 'comedy', 'action', 'FPS', 'multiplayer']",2026-08-28,21-21-36,Friday
318388263013,64479508,dada,509658,Just Chatting,1275,2026-08-28T11:59:35Z,it,"['Italiano', 'meteo', 'gaming', 'dadameteo', 'METEOGOAT', 'diodelmeteo', 'meteorologia']",2026-08-28,21-21-36,Friday
317600336996,452746699,dyarikku,509660,Art,1275,2026-08-28T09:38:31Z,en,"['NoBackseating', 'DigitalArt', 'Vtuber', 'Hat', 'English', 'Anime', 'Music', 'Tsundere', 'Borpa']",2026-08-28,21-21-36,Friday
316378720370,407389031,ninja_inui,263490,Rust,1269,2026-08-28T08:34:59Z,ja,"['日本語', 'アドバイス禁止', 'ネタバレ禁止']",2026-08-28,21-21-36,Friday
315936416465,22959224,crokeyz,2748,Magic: The Gathering,1259,2026-08-28T08:28:43Z,en,['English'],2026-08-28,21-21-36,Friday
317600399844,104659233,fifakillvizualz,512710,Call of Duty: Warzone,1258,2026-08-28T09:53:28Z,en,['English'],2026-08-28,21-21-36,Friday
318449872998,69183831,jazggz,18122,World of Warcraft,1257,2026-08-28T07:59:47Z,en,"['English', 'PvP', 'Arena', 'WoW', 'Warlock', 'Shaman', 'greek', 'Cozy', 'Priest', 'pve']",2026-08-28,21-21-36,Friday
321257269083,51522914,vinment,509658,Just Chatting,1254,2026-08-28T09:15:15Z,ru,['Русский'],2026-08-28,21-21-36,Friday
318451214822,21802540,versuta,29595,Dota 2,1251,2026-08-28T11:31:11Z,ru,['Русский'],2026-08-28,21-21-36,Friday
316805797460,776265611,eleezabet,509658,Just Chatting,1249,2026-08-28T09:33:23Z,ru,"['Русский', 'girls', 'English']",2026-08-28,21-21-36,Friday
315965147368,121521701,crazyfacetw,516575,VALORANT,1247,2026-08-28T13:22:50Z,zh,"['中文', 'English']",2026-08-28,21-21-36,Friday
320124264032,1312862940,asmongold247,18122,World of Warcraft,1243,2026-08-27T22:15:46Z,en,['English'],2026-08-28,21-21-36,Friday
318452584550,551415077,lesleybunny,509663,Special Events,1225,2026-08-28T14:05:37Z,de,"['Deutsch', 'English', 'gamescom', 'DropsAktiviert']",2026-08-28,21-21-36,Friday
316435944691,835741219,josie5297,1630982727,Where Winds Meet,1219,2026-08-28T10:45:20Z,zh,"['中文', '启用掉宝']",2026-08-28,21-21-36,Friday
319997599966,471218475,carolinekwan,509672,IRL,1216,2026-08-28T14:06:45Z,en,['English'],2026-08-28,21-21-36,Friday
317610601827,118722736,zerator_247,499973,Always On,1209,2026-08-28T03:00:04Z,fr,"['AlwaysOn', '247Stream', '247Live', 'nonstop', 'replay', 'Français', 'Rediffusion']",2026-08-28,21-21-36,Friday
318387106021,46571894,alohadancetv,29595,Dota 2,1207,2026-08-28T09:36:42Z,ru,['Русский'],2026-08-28,21-21-36,Friday
320070578780,44741426,streamerhouse,504463,Tom Clancy's The Division 2,1205,2026-08-26T22:18:35Z,en,"['Marathon', 'AlwaysOn', 'Subathon', 'StreamerHouse', 'English', '24hr', '247Stream', 'gaming', 'LGBTQ', 'DropsEnabled']",2026-08-28,21-21-36,Friday
316380229746,897325113,eliastellaria,509658,Just Chatting,1202,2026-08-28T14:03:50Z,en,"['Vtuber', 'British', 'Asian', 'wholesome', 'Positivity', 'wasian', 'ADHD', 'English', 'Comfy']",2026-08-28,21-21-36,Friday
316735332437,189795522,limitlessqt,29595,Dota 2,1196,2026-08-28T13:24:27Z,ru,['Русский'],2026-08-28,21-21-36,Friday
317612687971,1210620470,helleniclegends,21779,League of Legends,1195,2026-08-28T12:40:19Z,el,"['English', 'Ελληνικά', 'ERL', 'greek', 'Esports', 'League', 'Tournament', 'Greece', 'Competitive']",2026-08-28,21-21-36,Friday
320131949920,136822306,taxi2g,464339927,ARC Raiders,1190,2026-08-28T09:23:46Z,en,"['TRASH', 'SchizoMode', 'LoudisFunny', 'ToxicStream', 'GAMINGGOLEMJUICERMEGAMAN', 'aimbotting', 'AimAssistOff', 'Vtuber', 'cutegirl', 'English']",2026-08-28,21-21-36,Friday
316734871765,74199036,soonvooshko,21779,League of Legends,1190,2026-08-28T12:04:42Z,ru,"['Русский', 'English', 'zzzero', 'zenlesszonezero', 'ZZZ2ndANNI']",2026-08-28,21-21-36,Friday
318436071014,106159308,gronkhtv,6959,Eco,1189,2026-08-26T21:11:10Z,de,['Deutsch'],2026-08-28,21-21-36,Friday
317600242532,74547642,elbokeron,490644,Divinity: Original Sin II,1187,2026-08-28T09:17:13Z,es,['Español'],2026-08-28,21-21-36,Friday
320091605340,235835559,maya,509658,Just Chatting,1186,2026-08-28T12:13:24Z,en,"['English', 'Charity', 'Rerun']",2026-08-28,21-21-36,Friday
318450708070,25270623,florryworry,1414406743,Europa Universalis V,1182,2026-08-28T10:19:05Z,en,"['English', 'Strategy']",2026-08-28,21-21-36,Friday
321088176345,70878755,cringer,674491029,Star Wars Zero Company,1181,2026-08-28T11:41:39Z,en,"['sarcastic', 'Strategy', 'Variety', 'English', 'simulation', 'Linux', 'chill', 'smartass', 'RPG', '1440p']",2026-08-28,21-21-36,Friday
317599873636,110446794,mrstej,27284,Retro,1178,2026-08-28T07:43:31Z,en,"['Retro', 'retrogaming', 'English', 'nintendo', 'sega', 'SNES', 'RetroInspired', 'chattingwithviewers', 'Nostalgia', 'RetroAchievements']",2026-08-28,21-21-36,Friday
316002213737,165165027,vixi,400232757,Static Dread: The Submarine,1176,2026-08-28T06:25:50Z,en,"['vtuber', 'asmr', 'english', 'anime', 'DeadWeight', 'ADHD', 'Cozy', 'mindbreak', 'xqc', 'forsen']",2026-08-28,21-21-36,Friday
318451966438,62789124,oruipinto,32399,Counter-Strike,1171,2026-08-28T13:00:52Z,pt,['Português'],2026-08-28,21-21-36,Friday
316370186609,741229569,amakipururu,263490,Rust,1171,2026-08-28T13:43:07Z,ja,"['Vtuber', 'ネタバレ禁止', '日本語', 'ネタバレ注意']",2026-08-28,21-21-36,Friday
319997358046,179896802,berticuss,509672,IRL,1170,2026-08-28T13:21:05Z,en,"['gaming', 'Australian', 'English', 'adhd', 'girl', 'Woman', 'meme', 'SweatPants', 'ObnoxiousBrightness', 'Treadmillstreamer']",2026-08-28,21-21-36,Friday
316735526485,110812074,relaxcis,516575,VALORANT,1164,2026-08-28T13:55:03Z,ru,"['Русский', 'valorant', 'deadinside', '89squad', 'Freak', 'masterscostream', 'Русский']",2026-08-28,21-21-36,Friday
318252990183,49408183,sick_nerd,459931,Old School RuneScape,1164,2026-08-28T12:29:28Z,en,"['English', 'RecedingHairline', 'NeanderthalAncestry', 'AskMeAnything', 'Deposit', 'Your', 'Primes', 'Here', 'Denmark']",2026-08-28,21-21-36,Friday
316806960596,769581131,6oscar7,32399,Counter-Strike,1162,2026-08-28T13:04:05Z,ru,"['Русский', 'эвелон', 'бустер']",2026-08-28,21-21-36,Friday
319997575134,165478707,jcorko_,509672,IRL,1158,2026-08-28T14:02:15Z,es,['Español'],2026-08-28,21-21-36,Friday
316734676949,67337350,officialhyper,32399,Counter-Strike,1155,2026-08-28T11:30:38Z,pl,['Polski'],2026-08-28,21-21-36,Friday
316805049300,37133754,prefoxfox,18122,World of Warcraft,1152,2026-08-28T06:48:33Z,en,"['English', 'DropsEnabled', 'Speedrunning']",2026-08-28,21-21-36,Friday
319015603543,51467544,iayfonda,386821,Black Desert,1148,2026-08-28T10:30:34Z,en,"['English', 'DropsEnabled']",2026-08-28,21-21-36,Friday
318450387942,36108496,liveplayging,509672,IRL,1141,2026-08-28T09:29:37Z,de,"['gamescom', 'gamescom2026', 'ｌｉｖｅ', 'Messe', 'livestream', 'gaminglive', 'games', 'nyfter', 'TwitchDE', 'Deutsch']",2026-08-28,21-21-36,Friday
316026572394,21534857,wannasinging,1457501816,Cat Mail Co.,1135,2026-08-28T12:08:06Z,zh,['中文'],2026-08-28,21-21-36,Friday
318387386853,66551495,knueppelpaste,491931,Escape from Tarkov,1135,2026-08-28T10:15:41Z,de,"['Deutsch', 'eigentlichganznett', 'PvP', 'vollderProfi', 'EFT', 'Lehrreich']",2026-08-28,21-21-36,Friday
317600489060,104391402,psp1g,32399,Counter-Strike,1134,2026-08-28T10:11:31Z,en,"['English', 'forsen', 'xqcL', 'ADHD', 'vtuber', 'femboy', 'pngtuber', 'fps', 'gaming', 'DropsEnabled']",2026-08-28,21-21-36,Friday
317577631970,167100879,abby_,676802825,Big Walk,1130,2026-08-28T12:26:19Z,es,['Español'],2026-08-28,21-21-36,Friday
315981668435,438062587,tigz,491931,Escape from Tarkov,1124,2026-08-28T13:01:06Z,en,['English'],2026-08-28,21-21-36,Friday
317578326882,622498423,otplol_,21779,League of Legends,1123,2026-08-28T14:01:05Z,fr,['Français'],2026-08-28,21-21-36,Friday
318441190630,636587384,alveussanctuary,272263131,"Animals, Aquariums, and Zoos",1122,2026-08-27T13:06:42Z,en,"['English', 'TogetherForGood', 'purplemartins', 'Charity']",2026-08-28,21-21-36,Friday
317576227042,135629563,snoodyboo,513143,Teamfight Tactics,1120,2026-08-28T07:39:08Z,es,['Español'],2026-08-28,21-21-36,Friday
318388558821,37193065,serhatakin,513143,Teamfight Tactics,1119,2026-08-28T12:31:07Z,tr,['Türkçe'],2026-08-28,21-21-36,Friday
315460717039,48093884,sweetcampercs,509658,Just Chatting,1113,2026-08-28T08:35:34Z,zh,"['中文', '靈魂歌手', '帥臉', '最有禮貌', '勤奮主播', '一句不離三個國罵']",2026-08-28,21-21-36,Friday
316435897715,45839490,alfrea,515025,Overwatch,1113,2026-08-28T10:32:03Z,ja,"['ネタバレ禁止', 'アドバイス禁止', '日本語']",2026-08-28,21-21-36,Friday
321088667225,23844396,teepee,512710,Call of Duty: Warzone,1104,2026-08-28T13:37:22Z,en,"['callofduty', 'optic', 'English', 'fps', 'battleroyale', 'warzone', 'bo7', 'Blackout', 'pro']",2026-08-28,21-21-36,Friday
316026122474,29546745,wtf_winds123,2146281325,Plants on Fire,1102,2026-08-28T09:59:08Z,zh,"['中文', '超級幸運', '勤奮主播', '禁止劇透', '帥臉', '抽卡', '啟動掉寶', '運氣超好', '抽卡不歪', '啟用掉宝']",2026-08-28,21-21-36,Friday
318388372581,54247848,milschbaum,509672,IRL,1086,2026-08-28T12:10:21Z,de,"['Deutsch', 'Corgi']",2026-08-28,21-21-36,Friday
320132816480,140313390,verybadscav,491931,Escape from Tarkov,1083,2026-08-28T12:52:56Z,en,['English'],2026-08-28,21-21-36,Friday
321088673113,84021070,wipr,516575,VALORANT,1075,2026-08-28T13:38:21Z,fr,"['FPS', 'wipr', 'Français', 'valorant', 'esport', 'VCTWatchParty', 'french', 'valorantesport']",2026-08-28,21-21-36,Friday
318386766437,38341628,hooch,32399,Counter-Strike,1075,2026-08-28T08:42:26Z,ru,['Русский'],2026-08-28,21-21-36,Friday
315964316648,66548548,dingding248,509658,Just Chatting,1073,2026-08-28T09:22:14Z,zh,['中文'],2026-08-28,21-21-36,Friday
316762493014,148844345,roadhouse,867276577,Divinity: Original Sin II - Definitive Edition,1073,2026-08-28T10:40:52Z,ru,['Русский'],2026-08-28,21-21-36,Friday
316369043569,116965093,middleeetv,32982,Grand Theft Auto V,1072,2026-08-28T10:32:26Z,ja,"['日本語', '鳩禁止', 'ネタバレッ禁止', 'ロールプレイ', 'ストグラ', 'ミンドリー', 'JD']",2026-08-28,21-21-36,Friday
316763051862,634606699,dorozea,21779,League of Legends,1069,2026-08-28T12:30:11Z,en,"['English', 'girlgamers', 'funtowatch', 'Bigfeet', 'NOFRIENDSOMEGALUL', 'Chickenfeet', 'LGBTQFriendly']",2026-08-28,21-21-36,Friday
319997046750,500251274,foreignfridays,509658,Just Chatting,1068,2026-08-28T12:15:31Z,en,"['English', 'POC', 'Black', 'Caribbean']",2026-08-28,21-21-36,Friday
321153479386,1533522050,threadguyowl,499634,Crypto,1066,2026-08-28T13:03:53Z,en,['English'],2026-08-28,21-21-36,Friday
321087827545,204659019,lockintj,602040818,NBA 2K27,1060,2026-08-28T09:47:22Z,en,"['2k', 'comp', 'English', '2k26', '2K27', 'DropsEnabled']",2026-08-28,21-21-36,Friday
318252499047,38019896,heatoncs,32399,Counter-Strike,1058,2026-08-28T11:27:48Z,en,['English'],2026-08-28,21-21-36,Friday
316368471281,103567888,sqla223,114524791,Shadowverse: Worlds Beyond,1055,2026-08-28T07:31:26Z,ja,"['日本語', 'ネタバレ禁止', '広告ほぼなし']",2026-08-28,21-21-36,Friday
320091543644,450941057,kadditv,509672,IRL,1053,2026-08-28T11:58:57Z,de,['Deutsch'],2026-08-28,21-21-36,Friday
318253208807,667193327,fantacalcio,518203,Sports,1051,2026-08-28T12:52:46Z,it,"['sport', 'Fantacalcio', 'fantasysport', 'Italiano', 'calciomercato', 'probabiliformazioni', 'SerieA', 'SerieAEnilive', 'championsleague']",2026-08-28,21-21-36,Friday
316805427540,121228500,casinodaddy,498566,Slots,1051,2026-08-28T08:17:36Z,en,['English'],2026-08-28,21-21-36,Friday
316026261866,100438963,ko0416,509658,Just Chatting,1049,2026-08-28T10:37:18Z,zh,['中文'],2026-08-28,21-21-36,Friday
318252843879,267146127,mausabi,509672,IRL,1048,2026-08-28T12:10:11Z,de,"['Deutsch', 'ＶＡＬＯＲＡＮＴ', 'Türkiye']",2026-08-28,21-21-36,Friday
318893309684,44099416,rakin,505884,PUBG MOBILE,1047,2026-08-28T11:19:32Z,pt,['Português'],2026-08-28,21-21-36,Friday
319015584855,191043512,grimm,516575,VALORANT,1040,2026-08-28T10:26:01Z,en,['English'],2026-08-28,21-21-36,Friday
317611986403,227217502,dino_xx,459931,Old School RuneScape,1038,2026-08-28T10:49:59Z,en,"['English', 'Osrs', 'Pking', 'DMAllstars2']",2026-08-28,21-21-36,Friday
318451558246,51929371,ml7support,515025,Overwatch,1037,2026-08-28T12:13:51Z,en,"['English', 'gaming', 'overwatch']",2026-08-28,21-21-36,Friday
318388126693,30382440,theviper,13389,Age of Empires II,1034,2026-08-28T11:45:01Z,en,"['English', 'aoe2', 'theviper']",2026-08-28,21-21-36,Friday
317610754787,60413469,femimarss,509658,Just Chatting,1034,2026-08-28T04:26:24Z,fr,['Français'],2026-08-28,21-21-36,Friday
317601460324,410975773,bale_gg,491168,Clash Royale,1030,2026-08-28T12:52:25Z,es,"['Español', 'gaming', 'clashroyale']",2026-08-28,21-21-36,Friday
321088030425,193026027,yaayoo_game,1441208453,Once Human,1029,2026-08-28T10:56:12Z,en,"['Inglés', 'livestreamers', 'gamers', 'English', 'oncehuman', 'ONCEHUMANContentCreator', 'DropsEnabled']",2026-08-28,21-21-36,Friday
316379888882,1470996216,mayoicoco525,509659,ASMR,1026,2026-08-28T13:00:23Z,ja,"['ASMR', '女の子', 'Vtuber', '日本語', '耳舐め', '睡眠導入', '囁きasmr', '初見歓迎', '雑談']",2026-08-28,21-21-36,Friday
316734525909,40653495,olsior,509658,Just Chatting,1026,2026-08-28T11:05:26Z,uk,"['Українська', 'Україна', 'Українець', 'вау', 'чай']",2026-08-28,21-21-36,Friday
315480632176,126595970,restiafps,516575,VALORANT,1025,2026-08-28T13:25:15Z,zh,['中文'],2026-08-28,21-21-36,Friday
320090656220,1131102483,cloudey,516575,VALORANT,1023,2026-08-28T07:52:11Z,en,"['radiant', 'english', 'clove', 'English']",2026-08-28,21-21-36,Friday
321088175577,184683276,makeouthill,33214,Fortnite,1021,2026-08-28T11:41:23Z,en,"['Loud', 'annoying', 'funny', 'competitive', 'ranked', 'erobb221', 'spanish', 'community', 'bestfriends', 'welcoming']",2026-08-28,21-21-36,Friday
316735266133,444489548,darknikoff,32399,Counter-Strike,1004,2026-08-28T13:12:51Z,ru,"['dark', 'darknikoff', 'darknik', 'Русский']",2026-08-28,21-21-36,Friday
317586445156,757102582,streamdatabase,570615518,Resonance: A Plague Tale Legacy,1003,2026-08-26T17:52:13Z,en,"['English', 'Stream', 'Database', 'Badge', 'Pokémon', 'Pokemon', 'Blood', 'Dawnwalker', 'DropsEnabled']",2026-08-28,21-21-36,Friday
316806886740,501048449,clean_killl,509658,Just Chatting,1000,2026-08-28T12:52:00Z,ru,"['Русский', '192', 'шоу', 'музыка', 'шоумен']",2026-08-28,21-21-36,Friday
315954670162,726408531,hollyrex,65632,DayZ,995,2026-08-28T12:32:24Z,en,"['fun', 'survíval', 'Chatty', 'British', 'English', 'chill', 'DayZ']",2026-08-28,21-21-36,Friday
318893700468,124656692,seucreysonreborn,29595,Dota 2,993,2026-08-28T13:29:03Z,pt,"['Português', 'dota2', 'Coach', 'campeonato', 'campeão', 'CampeãoBrasileiro', 'MOBA']",2026-08-28,21-21-36,Friday
317993517400,36594525,emilyywang,513143,Teamfight Tactics,992,2026-08-28T13:29:57Z,en,"['FUTUREWORLDSWINNER', 'FUTURERANK1', 'COMPETITIVE', 'English']",2026-08-28,21-21-36,Friday
316762447830,86674787,unutcon,12839,Heroes of Might and Magic III: The Restoration of Erathia,992,2026-08-28T10:31:51Z,ru,['Русский'],2026-08-28,21-21-36,Friday
318450280038,643055332,romainjacques_,512953,ELDEN RING,990,2026-08-28T09:10:51Z,fr,"['suisse', 'nintendo', 'playstation', 'Français', 'ZLAN', 'eldenring', 'challenge', 'ZLAN2025', 'cap48', 'aseptisé']",2026-08-28,21-21-36,Friday
317576842850,234456766,jezu_lol,21779,League of Legends,989,2026-08-28T10:13:43Z,fr,"['Français', 'ADC', 'ADCARRY', 'Challenger']",2026-08-28,21-21-36,Friday
317611388003,29377368,x9nium,32399,Counter-Strike,989,2026-08-28T08:47:14Z,es,"['Español', 'CS2', 'Counter', 'Esports', 'gaming', 'counterstrike']",2026-08-28,21-21-36,Friday
317330856823,598826002,tobs,793000569,Meat Grinder,989,2026-08-28T03:00:19Z,en,"['vtuber', 'gluestick', 'batsard', 'tob', 'educacional', 'informative', 'subway5dollarfootlong', 'Walmart', 'English']",2026-08-28,21-21-36,Friday
316799127892,15407527,widdz,504463,Tom Clancy's The Division 2,986,2026-08-27T10:02:05Z,en,"['English', 'UbisoftPartner', 'swedish', 'gym', 'fitness', 'DropsEnabled']",2026-08-28,21-21-36,Friday
319010962135,209270984,fanta,602040818,NBA 2K27,985,2026-08-28T02:17:59Z,en,"['English', 'DropsEnabled']",2026-08-28,21-21-36,Friday
321257584987,37153210,zethiann,386821,Black Desert,976,2026-08-28T11:01:56Z,en,"['English', 'DropsEnabled']",2026-08-28,21-21-36,Friday
318387104869,57317154,steelmage,416015,Hero Siege,975,2026-08-28T09:36:25Z,en,"['English', 'Australian', 'DropsEnabled']",2026-08-28,21-21-36,Friday
321088523737,29237967,blu_haze,499003,VRChat,975,2026-08-28T13:08:02Z,en,"['VtuberEN', 'chattingwithviewers', 'music', 'VirtualReallity', 'Dancing', 'EDM', 'girlfailure', 'goober', 'English']",2026-08-28,21-21-36,Friday
316380197746,79708614,ade3_3,516575,VALORANT,975,2026-08-28T13:58:49Z,ja,['日本語'],2026-08-28,21-21-36,Friday
316370140529,819958317,peace_tw,511224,Apex Legends,971,2026-08-28T13:36:32Z,ja,"['日本語', 'Drops有効']",2026-08-28,21-21-36,Friday
316763567062,480748218,bluesr,511391,Hollow Knight: Silksong,969,2026-08-28T13:55:43Z,en,"['Speedrun', 'PBAttempts', 'English', 'ChallengeRun', 'AnyPercent', 'TrueEnding', 'WorldRecordAttempts', 'worldrecord', 'AllBosses']",2026-08-28,21-21-36,Friday
316026667882,28990891,slrabbit99,602040818,NBA 2K27,969,2026-08-28T12:35:04Z,zh,"['我會騙你嗎', '會', '中文']",2026-08-28,21-21-36,Friday
316435032819,733702038,dimanjapan,509658,Just Chatting,966,2026-08-28T05:55:26Z,ru,"['Путешествия', 'Япония', 'Аниме', 'Japan', 'Travel', 'Русский', 'Hardcore', 'chill']",2026-08-28,21-21-36,Friday
316369585009,235921771,lunaria39,32982,Grand Theft Auto V,966,2026-08-28T12:10:10Z,ja,"['ストグラ', '日本語', '皇帝', 'ストグラ警察', 'ルナ', 'ゆきんちゅ']",2026-08-28,21-21-36,Friday
316369635697,92936075,hutoon,509658,Just Chatting,966,2026-08-28T12:18:23Z,ja,['日本語'],2026-08-28,21-21-36,Friday
318252242791,62658190,cruelladk,18122,World of Warcraft,965,2026-08-28T10:53:18Z,fr,"['Français', 'Cuisine', 'DropsActivés']",2026-08-28,21-21-36,Friday
317612429795,116245074,bagginstv,26476,TERA,963,2026-08-28T12:00:37Z,en,"['Drops', 'DropsEnabled', 'English']",2026-08-28,21-21-36,Friday
318450795878,169357988,sawlties,509658,Just Chatting,963,2026-08-28T10:31:55Z,de,"['weiblich', 'Deutsch', 'german', 'IRL']",2026-08-28,21-21-36,Friday
321153421274,146242604,broskifgc,55453844,Street Fighter 6,962,2026-08-28T12:55:10Z,en,"['English', 'Charity']",2026-08-28,21-21-36,Friday
316436087411,639389998,captain_nobee,32982,Grand Theft Auto V,961,2026-08-28T11:18:35Z,ja,"['日本語', 'ストグラ']",2026-08-28,21-21-36,Friday
318451769062,102680338,farfa,1119642287,Yu-Gi-Oh! Master Duel,960,2026-08-28T12:39:10Z,en,"['yugioh', 'masterduel', 'English']",2026-08-28,21-21-36,Friday
318759432566,39333739,lolcohol,1702520304,Path of Exile 2,958,2026-08-28T10:08:34Z,en,"['English', 'PathOfExile', 'PoE', 'poe2', 'pathofexile2', 'IqonDigital', 'ARPG', 'ARPGs', 'ChallengeRun', 'DropsEnabled']",2026-08-28,21-21-36,Friday
318252855527,188614162,gloriamatvien,509658,Just Chatting,957,2026-08-28T12:11:46Z,en,"['irl', 'dance', 'English', 'Chatting', '댄스', 'Русский']",2026-08-28,21-21-36,Friday
316377853170,157825412,matsuri_hs,138585,Hearthstone,955,2026-08-28T03:32:55Z,ja,['日本語'],2026-08-28,21-21-36,Friday
317575978082,40760591,gobgg,31339,Project Zomboid,952,2026-08-28T05:57:19Z,fr,['Français'],2026-08-28,21-21-36,Friday
316370289905,752960873,takagitv,55453844,Street Fighter 6,951,2026-08-28T13:59:10Z,ja,['日本語'],2026-08-28,21-21-36,Friday
317567164130,113080650,dahmien7,491931,Escape from Tarkov,948,2026-08-27T06:18:02Z,fr,"['Français', 'chill', 'English']",2026-08-28,21-21-36,Friday
320132475232,59308271,tfblade,21779,League of Legends,948,2026-08-28T11:38:36Z,en,"['English', 'Rank1', 'Toplaner']",2026-08-28,21-21-36,Friday
318253113191,1534439462,efectivoz,498566,Slots,947,2026-08-28T12:43:10Z,es,['Español'],2026-08-28,21-21-36,Friday
316805557844,67788628,mager1337,32399,Counter-Strike,946,2026-08-28T08:46:36Z,ru,['Русский'],2026-08-28,21-21-36,Friday
321153783130,133896185,sheefgg,491931,Escape from Tarkov,944,2026-08-28T13:54:25Z,en,"['English', 'NewPlayerFriendly', 'Chıll', 'BigBenisEnergy', 'DropsEnabled']",2026-08-28,21-21-36,Friday
316025559914,58686695,hyper2374,509658,Just Chatting,942,2026-08-28T06:59:25Z,zh,"['中文', '搞笑擔當', '開台持久']",2026-08-28,21-21-36,Friday
317601208932,98359082,theorus_,509658,Just Chatting,941,2026-08-28T12:14:54Z,fr,['Français'],2026-08-28,21-21-36,Friday
321153218906,130404073,boxyfresh,490377,Sea of Thieves,937,2026-08-28T12:16:50Z,en,['English'],2026-08-28,21-21-36,Friday
318253808231,16920993,drakensang,67474,Drakensang Online,935,2026-08-28T13:52:32Z,en,"['DrakensangOnline', 'drakensangcommunity', 'drakensang', 'BigGameHunt', 'English', 'BonusCode']",2026-08-28,21-21-36,Friday
316806998996,490598410,oneshotmlbb,494184,Mobile Legends: Bang Bang,931,2026-08-28T13:10:59Z,ru,"['Ваншот', 'Лесник', 'Хайранг', 'Русский', 'Повтор']",2026-08-28,21-21-36,Friday
318386146789,200080536,raidergo,21779,League of Legends,930,2026-08-28T06:58:12Z,en,"['English', 'leagueoflegends', 'Challenger', 'Darius', 'Jax', 'Olaf', 'Camille', 'DrMundo', 'Yorick', 'RANK1EUW']",2026-08-28,21-21-36,Friday
315954966866,101175894,auziomf,624536948,EA Sports FC 26,927,2026-08-28T14:16:13Z,en,"['English', 'Football', 'fc26']",2026-08-28,21-21-36,Friday
318451305062,2158531,ubisoft,490382,For Honor,926,2026-08-28T11:42:57Z,en,"['English', 'gamescom', 'forhonor']",2026-08-28,21-21-36,Friday
316026026602,37278046,assentw,516575,VALORANT,926,2026-08-28T09:29:52Z,zh,['中文'],2026-08-28,21-21-36,Friday
318451612774,185460415,poly,13332,Pokémon FireRed/LeafGreen,926,2026-08-28T12:20:47Z,it,"['Italiano', 'testaquadra', 'rubik']",2026-08-28,21-21-36,Friday
315964897640,175390873,eat1025,509658,Just Chatting,922,2026-08-28T12:17:02Z,zh,"['中文', '启用掉宝']",2026-08-28,21-21-36,Friday
316763144790,280197012,alle,491931,Escape from Tarkov,922,2026-08-28T12:47:42Z,en,"['THEBEST', 'LABS', 'SCHIZOMODE', 'NOONEISBETTER', 'aimbotting', 'betterthanyou', 'English', 'NEVERGOON', 'Top1MostHumble']",2026-08-28,21-21-36,Friday
316807276116,124053804,knightlight,491487,Dead by Daylight,919,2026-08-28T13:59:50Z,en,"['English', 'POLSKAGUROM', 'polish', 'Competitive', 'Educational', 'Ihaveagirlfriend', 'DropsEnabled']",2026-08-28,21-21-36,Friday
319016399447,127309732,rainhoe,509658,Just Chatting,917,2026-08-28T13:27:57Z,en,"['English', 'sorryimawoman', 'DIAGNOSED', 'discomfortstreamer', 'Vtuber']",2026-08-28,21-21-36,Friday
315954161490,58486016,evangelion0,674491029,Star Wars Zero Company,912,2026-08-28T09:02:25Z,es,['Español'],2026-08-28,21-21-36,Friday
316806470612,115824215,overdrivezzz,32399,Counter-Strike,911,2026-08-28T11:35:07Z,ru,['Русский'],2026-08-28,21-21-36,Friday
320088394972,1527752127,silky247,499973,Always On,911,2026-08-28T02:37:00Z,en,"['silky', 'jasontheween', 'stableronaldo', 'Lacy', 'Adapt', 'marlon', 'core', 'coreboys', 'English']",2026-08-28,21-21-36,Friday
318385311205,1447297241,gtastyslots,498566,Slots,910,2026-08-28T02:54:43Z,de,"['Deutsch', 'Österreich', 'casino', 'slots', 'gTasty']",2026-08-28,21-21-36,Friday
315977882323,23179441,strippin,498592,I'm Only Sleeping,901,2026-08-27T15:07:00Z,en,"['English', 'Vtuber', 'RP', 'PingArthur']",2026-08-28,21-21-36,Friday
316003157353,95837509,mykissme,1702520304,Path of Exile 2,894,2026-08-28T11:30:29Z,th,"['beingsavage', 'english', 'chat', 'arpg', 'English', 'ภาษาไทย', 'Drop', 'ดรอปได้', 'ใช้Dropsได้']",2026-08-28,21-21-36,Friday
318250986471,493581300,ordinaryharry,1743359147,MARVEL SNAP,893,2026-08-28T07:27:56Z,en,"['English', 'Educational', 'BeginnerFriendly', 'DropsEnabled']",2026-08-28,21-21-36,Friday
318252972135,533814723,lubricum,278441117,Assassin's Creed Black Flag Resynced,891,2026-08-28T12:27:23Z,ru,['Русский'],2026-08-28,21-21-36,Friday
316434552563,47250099,xargon0731,602040818,NBA 2K27,888,2026-08-28T03:01:55Z,zh,['中文'],2026-08-28,21-21-36,Friday
316806726996,814476206,kenji_on,32399,Counter-Strike,888,2026-08-28T12:22:13Z,uk,"['cs2', 'faceit', 'Украина', 'Українська']",2026-08-28,21-21-36,Friday
317601733860,69824993,therunningmanz,65632,DayZ,886,2026-08-28T13:27:56Z,en,"['Survival', 'PVP', 'English', 'UK']",2026-08-28,21-21-36,Friday
317600030436,23857542,preachlfw,552900574,Dive or Die: Children of Rain,885,2026-08-28T08:26:13Z,en,['English'],2026-08-28,21-21-36,Friday
319016359511,95569482,wastzera,32399,Counter-Strike,885,2026-08-28T13:19:32Z,pt,"['wastzera', 'sorteio', 'dicas', 'farm', 'Português', 'skin', 'cs2', 'gamersclub', 'neymar']",2026-08-28,21-21-36,Friday
316806392020,511291135,tusoved,509658,Just Chatting,884,2026-08-28T11:19:30Z,ru,"['общение', 'весело', 'Шизофрения', 'красивый', 'апалон', 'Русский', 'English']",2026-08-28,21-21-36,Friday
316763171670,36957278,laeppa,509658,Just Chatting,881,2026-08-28T12:52:07Z,fi,"['English', 'gaming', 'Variety', 'Finnish', 'Nordic', 'Suomi']",2026-08-28,21-21-36,Friday
318388927333,451024164,granadyy,687129551,Trackmania,881,2026-08-28T13:08:06Z,en,"['speedrun', 'TrackMania', 'vroomvroom', 'wheel', 'NoBackseating', 'English']",2026-08-28,21-21-36,Friday
318251079399,62938127,cdprojektred,115977,The Witcher 3: Wild Hunt,880,2026-08-28T07:45:22Z,en,"['CDPROJEKTRED', 'witcher', 'witcher3', 'german']",2026-08-28,21-21-36,Friday
318449164774,445045387,verena,509672,IRL,878,2026-08-28T05:12:14Z,de,"['juicy', 'irl', 'babygirl', 'quality', 'Deutsch', 'baddie']",2026-08-28,21-21-36,Friday
316734797909,928592901,trix_r1x,498566,Slots,878,2026-08-28T11:52:16Z,en,"['English', 'Slots', 'Giveaway', 'Giveaways']",2026-08-28,21-21-36,Friday
315981359187,27107346,b0aty,459931,Old School RuneScape,878,2026-08-28T11:05:18Z,en,"['English', 'frog', 'Toad', 'Whale', 'felloff']",2026-08-28,21-21-36,Friday
316435933299,136443021,neth3,516575,VALORANT,872,2026-08-28T10:42:02Z,ja,['日本語'],2026-08-28,21-21-36,Friday
316378750962,188490730,9qoq,509658,Just Chatting,869,2026-08-28T08:46:19Z,zh,['中文'],2026-08-28,21-21-36,Friday
316734986069,433605766,dedadam,32982,Grand Theft Auto V,866,2026-08-28T12:25:27Z,ru,"['Русский', 'staya', 'Lamadjo', 'Majestic', 'СТАЯ', 'дедадам', 'memhpis']",2026-08-28,21-21-36,Friday
318252367335,55867919,agromorph,416015,Hero Siege,865,2026-08-28T11:09:47Z,ru,"['Русский', 'дофаминовыекачели', 'дофаминовоеголодание', 'DropsВключены']",2026-08-28,21-21-36,Friday
317575980258,186604767,dang3rclips,33214,Fortnite,859,2026-08-28T05:58:16Z,es,"['Fortnite', 'streamer', 'humor', 'andalucia', 'Español', 'Shooter', 'fortnite', 'fn', 'FORTNITE', 'risas']",2026-08-28,21-21-36,Friday
316369777777,207356702,kannachan524,509658,Just Chatting,853,2026-08-28T12:40:46Z,zh,['中文'],2026-08-28,21-21-36,Friday
316002632041,86690831,takluz,509658,Just Chatting,849,2026-08-28T08:50:26Z,th,"['Engisih', 'ภาษาไทย']",2026-08-28,21-21-36,Friday
316735510869,414761344,ya4iller,29595,Dota 2,849,2026-08-28T13:52:21Z,ru,"['Русский', 'dota2', 'EPL', 'EPLMasters', 'Masters', 'EuropeanProLeague', 'dynasty', 'InnerCircle', 'IC']",2026-08-28,21-21-36,Friday
316762171478,94977989,radika1fa,29595,Dota 2,848,2026-08-28T09:30:45Z,ru,['Русский'],2026-08-28,21-21-36,Friday
318451321190,49035758,jimmyboyyy,27471,Minecraft,848,2026-08-28T11:45:17Z,fr,"['Français', 'JimmyBoy', 'chill', 'Luiji', 'aigri', 'Plaisir', 'acariâtre', 'DropsActivés']",2026-08-28,21-21-36,Friday
316435484275,71753298,derhauge,31339,Project Zomboid,845,2026-08-28T08:29:13Z,de,"['Deutsch', 'Japan']",2026-08-28,21-21-36,Friday
318387984101,52351531,zonixxcs,32399,Counter-Strike,844,2026-08-28T11:28:33Z,de,"['Deutsch', 'English', 'CS2', 'pro', 'faceit', 'major', 'majorcs2', 'german', 'Competitive', 'BLAST']",2026-08-28,21-21-36,Friday
318452147302,29750090,paoloidolo,21779,League of Legends,843,2026-08-28T13:18:59Z,it,"['JUST', 'CHATTING', 'QUATTRO', 'CHIACCHIERE', 'PAOLOCANNONE', 'PAOLOIDOLO', 'ITALIANO', 'DRAMA', 'Italiano']",2026-08-28,21-21-36,Friday
316735225941,1533963369,jacktw,29595,Dota 2,841,2026-08-28T13:06:17Z,ru,"['Русский', 'дота2стрим']",2026-08-28,21-21-36,Friday
318452168166,1057803522,nefivfiv,27471,Minecraft,840,2026-08-28T13:21:17Z,ru,['Русский'],2026-08-28,21-21-36,Friday
319997482206,78989410,zajef77,513181,Genshin Impact,839,2026-08-28T13:46:10Z,en,"['English', 'DropsEnabled']",2026-08-28,21-21-36,Friday
316003523433,75366734,pearlescentmoon,376500771,Hades II,838,2026-08-28T12:56:13Z,en,"['English', 'NoBackseating', 'Australia']",2026-08-28,21-21-36,Friday
317333169271,72576794,kingbendrick,31376,Terraria,837,2026-08-28T12:10:26Z,en,['English'],2026-08-28,21-21-36,Friday
318387641445,142181685,velja_lol,21779,League of Legends,837,2026-08-28T10:47:30Z,en,"['LeagueOfLegends', 'challenger', 'English']",2026-08-28,21-21-36,Friday
318760115446,926310087,ggomeszin,32399,Counter-Strike,835,2026-08-28T13:38:36Z,pt,"['Português', 'virtualcasino', 'counterstrike2']",2026-08-28,21-21-36,Friday
318252299751,529991283,yungfeldsalat,509658,Just Chatting,826,2026-08-28T11:00:24Z,de,"['Deutsch', 'Politik', 'Gossip']",2026-08-28,21-21-36,Friday
318452052966,1033052690,fnrax,33214,Fortnite,823,2026-08-28T13:09:17Z,it,"['Italiano', 'Inglese', 'Fortnite']",2026-08-28,21-21-36,Friday
321088626265,154425624,kyle,1898040946,How to Fish,823,2026-08-28T13:29:30Z,en,['English'],2026-08-28,21-21-36,Friday
315937240913,118547417,j0beats,490655,Pokémon GO,819,2026-08-28T13:58:45Z,en,"['Chatty', 'BeginnerFriendly', 'Female', 'English', 'ClosedCaptions', 'PlayingwWithViewers', 'IRL', 'UK', 'DualFormat', 'DropsEnabled']",2026-08-28,21-21-36,Friday
318451506278,540662549,junicats,509672,IRL,819,2026-08-28T12:07:56Z,de,"['Deutsch', 'IRL', 'Ruppig']",2026-08-28,21-21-36,Friday
316002500201,81821673,ekkosuna,21779,League of Legends,819,2026-08-28T08:06:02Z,fr,['Français'],2026-08-28,21-21-36,Friday
318388849893,102124149,lollinoba,93798731,F1 25,818,2026-08-28T13:00:35Z,it,"['F1', 'Formula1', 'f126', 'F1GAME', 'Italiano', 'f1dlc', 'motorsport', 'simracing', 'F1Italia']",2026-08-28,21-21-36,Friday
317578125922,21418793,shadybunny,138585,Hearthstone,815,2026-08-28T13:34:46Z,en,"['English', 'Battlegrounds', 'BG', 'AutoBattler', 'Educational']",2026-08-28,21-21-36,Friday
317333311735,200397160,dvces,499634,Crypto,809,2026-08-28T13:14:19Z,en,['English'],2026-08-28,21-21-36,Friday
317613161443,149393615,spear_shot,21779,League of Legends,809,2026-08-28T13:44:05Z,en,['English'],2026-08-28,21-21-36,Friday
316026002538,1001266615,moondogs_celestial,516575,VALORANT,809,2026-08-28T09:22:18Z,zh,"['Vtuber', 'fps', '中文']",2026-08-28,21-21-36,Friday
315936741329,119627752,claudiafps,490655,Pokémon GO,808,2026-08-28T10:55:00Z,en,"['pokemon', 'pvp', 'DropsEnabled', 'PokémonGo', 'English']",2026-08-28,21-21-36,Friday
316368966257,708282501,minioni3202,32982,Grand Theft Auto V,807,2026-08-28T10:10:28Z,ja,"['日本語', '鳩禁止', 'アドバイス禁止', 'ネタバレ禁止', 'ストグラ']",2026-08-28,21-21-36,Friday
317612172259,61835123,carritoskami,21779,League of Legends,800,2026-08-28T11:19:24Z,es,"['Español', 'leagueoflegends', 'lol', 'leagueoflegendsespañol', 'ADCARRY', 'Draven', 'Akshan', 'smurf', 'botlane', 'Challenger']",2026-08-28,21-21-36,Friday
319009621079,763706766,redify,509658,Just Chatting,799,2026-08-28T00:54:05Z,en,"['English', 'jasontheween', 'catgirl', 'meow', 'oscs', 'catboy', 'femboy']",2026-08-28,21-21-36,Friday
316806604628,120269326,davay_po_novoy,32982,Grand Theft Auto V,799,2026-08-28T12:00:09Z,ru,"['Русский', 'gta', 'ＧTA5', 'Majestic']",2026-08-28,21-21-36,Friday
316762312278,189755167,danucd,493057,PUBG: BATTLEGROUNDS,797,2026-08-28T10:03:39Z,en,"['English', 'DropsEnabled']",2026-08-28,21-21-36,Friday
316806930516,886508467,kiiiroki,32982,Grand Theft Auto V,796,2026-08-28T12:59:50Z,ru,['Русский'],2026-08-28,21-21-36,Friday
319996871262,43830727,kinggothalion,2141208081,Phantasy Star Online Blue Burst,794,2026-08-28T11:28:15Z,en,"['organic', 'NotEmbedded', 'English', 'TalksToChat', 'NoReruns']",2026-08-28,21-21-36,Friday
318386776805,45921282,redcs,32399,Counter-Strike,792,2026-08-28T08:44:01Z,de,"['Deutsch', 'cs', 'counterstrike', 'german', 'gaming', 'English', 'watchparty', 'donk', 'zywoo', 'CS2']",2026-08-28,21-21-36,Friday
315964086888,270232021,justketh,509658,Just Chatting,792,2026-08-28T08:07:51Z,en,"['English', 'IRL', 'Travel', 'ภาษาไทย', 'justchatting', 'girl', 'Thailand']",2026-08-28,21-21-36,Friday
317601722212,18887776,moman,1867279146,Grand Theft Auto VI,791,2026-08-28T13:26:24Z,fr,"['Français', 'escapefromtarkov', 'EFT', 'tarkov', 'fps', 'CS', 'RP', 'gta', 'valorant']",2026-08-28,21-21-36,Friday
318452154086,1435547097,schulzyaoking,32982,Grand Theft Auto V,790,2026-08-28T13:19:40Z,ru,"['Русский', 'Повтор']",2026-08-28,21-21-36,Friday
316436202739,700262945,idoce_69,516575,VALORANT,785,2026-08-28T11:44:03Z,zh,"['中文', '冥想台', '聊天']",2026-08-28,21-21-36,Friday
318449772518,748947285,elektra_kreher,509658,Just Chatting,785,2026-08-28T07:40:56Z,de,['Deutsch'],2026-08-28,21-21-36,Friday
318883894900,50628712,ofuris,490655,Pokémon GO,780,2026-08-27T03:51:41Z,en,"['English', 'Badge', 'Rerun', 'POKEMON', 'GO', 'POKEMONGO']",2026-08-28,21-21-36,Friday
318250585063,56924673,obsess3,509658,Just Chatting,778,2026-08-28T05:52:38Z,de,"['Deutsch', 'VerticalStream', 'vertical', 'manchmalchallenger', 'meistensnicht']",2026-08-28,21-21-36,Friday
316805969620,63867913,flamuu,32502,World of Warships,774,2026-08-28T10:06:01Z,en,"['English', 'DropsEnabled']",2026-08-28,21-21-36,Friday
316370259057,117348035,et_1231,509658,Just Chatting,768,2026-08-28T13:54:01Z,zh,['中文'],2026-08-28,21-21-36,Friday
319014551511,835561319,xera,2132205352,Deadlock,768,2026-08-28T07:30:46Z,en,"['English', 'TALL', 'NOTBALD', 'AMBIGUOUS', 'FUNNYHAHA', 'FRIENDLYENOUGH', 'PREMIUM', 'GOODPERSON']",2026-08-28,21-21-36,Friday
318451804518,983363590,influsytzy,32982,Grand Theft Auto V,765,2026-08-28T12:43:32Z,ru,"['Русский', 'gta']",2026-08-28,21-21-36,Friday
316735106133,485471555,rodnoy,23020,ROBLOX,765,2026-08-28T12:46:29Z,ru,"['Русский', 'ЦЕНТРАЛ', 'Родной', 'Multiplayer', 'Majestic']",2026-08-28,21-21-36,Friday
316436171891,460120312,nniru,511224,Apex Legends,765,2026-08-28T11:37:22Z,ja,['日本語'],2026-08-28,21-21-36,Friday
316379121778,71897376,kettuncyukyuhei,735904419,ARK: Survival Ascended,762,2026-08-28T10:36:57Z,ja,['日本語'],2026-08-28,21-21-36,Friday
318252319591,477644294,ivaxaosu,21465,osu!,762,2026-08-28T11:03:09Z,en,"['English', 'Polski', 'polish', 'osu']",2026-08-28,21-21-36,Friday
321152816090,583098940,soraposhich,32982,Grand Theft Auto V,762,2026-08-28T10:59:19Z,ja,"['ネタバレ注意', '日本語']",2026-08-28,21-21-36,Friday
321088737497,116461043,b0rja,516575,VALORANT,760,2026-08-28T13:51:10Z,es,"['Español', 'b0rja', 'KRÜ', 'valorant', 'canarias', 'dropsactivados', 'watchparty']",2026-08-28,21-21-36,Friday
316762591318,113736015,swehyt,491487,Dead by Daylight,760,2026-08-28T11:01:14Z,en,"['English', 'DropsEnabled']",2026-08-28,21-21-36,Friday
321152599514,603922701,yochuco,32982,Grand Theft Auto V,759,2026-08-28T10:09:14Z,ja,['日本語'],2026-08-28,21-21-36,Friday
316436644339,1116040428,os_new,509658,Just Chatting,756,2026-08-28T12:54:39Z,ja,"['ゲーム', '女', '日本語', 'English']",2026-08-28,21-21-36,Friday
316806930644,733382958,yukkkkee,32982,Grand Theft Auto V,749,2026-08-28T12:59:51Z,ru,['Русский'],2026-08-28,21-21-36,Friday
317600613092,1110808352,cineillojuan,499973,Always On,749,2026-08-28T10:38:05Z,es,"['Español', 'Repetir']",2026-08-28,21-21-36,Friday
321074574297,145790518,cashout,602040818,NBA 2K27,749,2026-08-27T15:30:32Z,en,"['English', 'DropsEnabled']",2026-08-28,21-21-36,Friday
318388392933,591673917,isko,498566,Slots,748,2026-08-28T12:12:49Z,de,"['Deutsch', 'English', 'slots', 'casino', 'SLOTSSTREAM', 'onlinecasino', 'Glücksspiel']",2026-08-28,21-21-36,Friday
318253686631,1469103776,elooslots,498566,Slots,748,2026-08-28T13:40:34Z,de,"['casino', 'Deutsch']",2026-08-28,21-21-36,Friday
316378761074,94618049,tototmix,55453844,Street Fighter 6,746,2026-08-28T08:49:03Z,ja,"['日本語', 'ネタバレ禁止']",2026-08-28,21-21-36,Friday
316370073969,24150891,kokujintv,55453844,Street Fighter 6,742,2026-08-28T13:25:31Z,ja,['日本語'],2026-08-28,21-21-36,Friday
317329123703,27132299,loadingreadyrun,1846293708,Fields of Mistria,739,2026-08-27T23:12:38Z,en,"['English', 'Canada', 'LRR', 'LoadingReadyRun', 'DropsEnabled']",2026-08-28,21-21-36,Friday
316435535091,715990491,dttodot,1036710512,Palworld,737,2026-08-28T08:45:53Z,ja,"['日本語', 'VTuber', 'Thai', 'Japanese', 'English']",2026-08-28,21-21-36,Friday
317590385764,416031592,solaryhs,138585,Hearthstone,736,2026-08-27T05:13:59Z,fr,['Français'],2026-08-28,21-21-36,Friday
317577591394,51488044,chicocartera,509658,Just Chatting,732,2026-08-28T12:19:53Z,es,['Español'],2026-08-28,21-21-36,Friday
318252872551,37550199,pilavpowa,490292,DARK SOULS III,731,2026-08-28T12:14:21Z,en,"['English', 'WorldfofWarcraft', 'comedian']",2026-08-28,21-21-36,Friday
316807035476,57116735,mistercop,29595,Dota 2,730,2026-08-28T13:17:53Z,ru,"['Русский', 'Шизофрения', 'Социопатия', 'фокусы']",2026-08-28,21-21-36,Friday
316436225523,673595494,ksg_1912,515025,Overwatch,730,2026-08-28T11:48:55Z,ja,"['日本語', 'drops']",2026-08-28,21-21-36,Friday
317992902104,601213281,studytme,509672,IRL,730,2026-08-28T09:46:24Z,en,"['English', 'Italiano', 'Français', 'Español', 'Chinese中文', 'LGBTQIAPlus', '2k', 'Italy']",2026-08-28,21-21-36,Friday
316435271923,53395686,qq7925168,509658,Just Chatting,730,2026-08-28T07:15:34Z,zh,['中文'],2026-08-28,21-21-36,Friday
318246953447,1046764363,altairnative,499973,Always On,730,2026-08-27T19:07:06Z,fr,"['Français', 'Rediffusions', 'communauté', 'SecondaryChannel']",2026-08-28,21-21-36,Friday
316379625458,1181462329,yatsuka_vlrt,516575,VALORANT,729,2026-08-28T12:13:10Z,ja,"['日本語', 'valorant']",2026-08-28,21-21-36,Friday
315964367592,724162819,makofukasame,509658,Just Chatting,728,2026-08-28T09:36:57Z,en,"['Woman', 'Australia', 'English', 'Vtuber', 'Hag', 'Collab']",2026-08-28,21-21-36,Friday
316003421417,216781967,zabenafff,1282866981,Delta Force,727,2026-08-28T12:34:33Z,ru,"['Русский', 'DropsВключены']",2026-08-28,21-21-36,Friday
316806433748,176262150,dayneez,32399,Counter-Strike,723,2026-08-28T11:28:34Z,ru,"['Русский', 'cs', 'CS2', 'faceit', 'BLAST', 'navi', 'paingaming', 's1mple', 'simple']",2026-08-28,21-21-36,Friday
318386851813,84760442,valarman,509658,Just Chatting,719,2026-08-28T08:57:06Z,en,"['English', 'EFT', 'ＰＶＰ', 'valar', 'survival', 'ArksuvivalEvolved', 'ARK', 'viral', 'Football']",2026-08-28,21-21-36,Friday
316434429043,833682125,rosecpin9,1036710512,Palworld,716,2026-08-28T02:11:13Z,ja,['日本語'],2026-08-28,21-21-36,Friday
316805185492,24811779,wagamamatv,29595,Dota 2,716,2026-08-28T07:21:32Z,en,['English'],2026-08-28,21-21-36,Friday
321245923035,56648155,twitchplayspokemon,13332,Pokémon FireRed/LeafGreen,715,2026-08-27T19:34:12Z,en,"['English', 'TwitchPlays', 'Pokemon', 'OCE', 'AlwaysOn', 'AlwaysOnline']",2026-08-28,21-21-36,Friday
318389353573,987102096,uzorrrr,401587136,Arena Breakout: Infinite,714,2026-08-28T13:53:04Z,ru,"['Русский', 'Повтор']",2026-08-28,21-21-36,Friday
319012795863,197406569,thenicolet,509659,ASMR,714,2026-08-28T04:28:22Z,en,"['English', 'ENGLISH', 'ASMR', 'FINDOM', 'EGIRL', 'GIRL', 'feet', 'goddess', 'woman']",2026-08-28,21-21-36,Friday
317611191267,31282189,impakt,570615518,Resonance: A Plague Tale Legacy,713,2026-08-28T07:55:59Z,pt,"['Português', 'VarietyGaming', 'DropsAtivados']",2026-08-28,21-21-36,Friday
316002550889,123499768,ren0809k,766571430,HELLDIVERS 2,711,2026-08-28T08:23:41Z,zh,['中文'],2026-08-28,21-21-36,Friday
318388369893,191126513,lizz,570615518,Resonance: A Plague Tale Legacy,709,2026-08-28T12:09:59Z,en,"['English', 'chill', 'welcoming', 'Viking', 'Witcher', 'Singing', 'noAI', 'noOFjustGAMES', 'FirstPlaythrough', 'DropsEnabled']",2026-08-28,21-21-36,Friday
316436493043,777241187,kiruma_ch,1192560155,Stranger Watch,709,2026-08-28T12:29:40Z,ja,"['日本語', 'ネタバレ禁止']",2026-08-28,21-21-36,Friday
321258226267,44546356,hyp_tv,516575,VALORANT,706,2026-08-28T13:38:22Z,fr,"['Français', 'VCTWatchParty', 'Valorant', 'Esport']",2026-08-28,21-21-36,Friday
316368929521,48034972,junkman_5555,1224904220,Winning Post,705,2026-08-28T10:01:01Z,ja,['日本語'],2026-08-28,21-21-36,Friday
315936572753,41684297,mmorpg,459931,Old School RuneScape,705,2026-08-28T09:39:41Z,en,"['Juicy', 'English']",2026-08-28,21-21-36,Friday
317333410807,227506541,johnqtcs,516575,VALORANT,704,2026-08-28T13:58:30Z,en,['English'],2026-08-28,21-21-36,Friday
317601316964,72982747,pokerstarsespanol,488190,Poker,704,2026-08-28T12:30:31Z,es,['Español'],2026-08-28,21-21-36,Friday
317601838180,134287989,yinsu,516575,VALORANT,703,2026-08-28T13:41:30Z,en,"['watchparty', 'English', 'VCTEMEA', 'VCTCN', '中文', 'VCT']",2026-08-28,21-21-36,Friday
317600246756,185913819,recuerd0p,33214,Fortnite,701,2026-08-28T09:18:29Z,es,"['Fortnite', 'fortnıte', 'ＦＯＲＴＮＩＴＥ', 'fortnìte', 'directo', 'DirectoJugando', 'fortnitegameplay', 'Español', 'epicpartner']",2026-08-28,21-21-36,Friday
316763331670,69128875,valbina,516575,VALORANT,701,2026-08-28T13:16:57Z,ru,"['Русский', 'valorant', 'Esports', 'VCTWatchParty', 'cybersport', 'Anime']",2026-08-28,21-21-36,Friday
318251418727,51516226,benccce,32399,Counter-Strike,700,2026-08-28T08:46:55Z,hu,"['CS2', 'counterstrike', 'counterstrike2', 'Esport', 'Esports', 'BLAST', 'blastpremier', 'blastopen', 'Tournament', 'LAN']",2026-08-28,21-21-36,Friday
316734978389,571247775,float735,32399,Counter-Strike,699,2026-08-28T12:24:11Z,ru,"['English', 'Русский']",2026-08-28,21-21-36,Friday
318893251060,99765615,k13tv,29595,Dota 2,699,2026-08-28T10:57:09Z,pt,"['Português', 'Competitivo', 'English', 'Competitive', 'Ranked', 'music', 'gamer', 'Esports', 'react']",2026-08-28,21-21-36,Friday
315461359599,62795573,kmomo_0512,516575,VALORANT,699,2026-08-28T13:59:08Z,zh,"['中文', '貓咪']",2026-08-28,21-21-36,Friday
317600658276,44806759,lapi,18122,World of Warcraft,698,2026-08-28T10:46:46Z,fr,"['Français', 'DropsActivés']",2026-08-28,21-21-36,Friday
317599886948,171077935,r_messaoud,2060730947,Le Mans Ultimate,698,2026-08-28T07:48:23Z,fr,"['race', 'lmu', 'acc', 'raceroom', 'gt3', 'Français']",2026-08-28,21-21-36,Friday
316435657843,854833174,tentei_forte,735904419,ARK: Survival Ascended,696,2026-08-28T09:24:50Z,ja,"['vtuber', 'Neoporte', '日本語', '雑談', 'ネオポルテ', '女性']",2026-08-28,21-21-36,Friday
316435799539,865792830,kentsumeshi_heyoo,32982,Grand Theft Auto V,694,2026-08-28T10:07:20Z,ja,"['雑談', 'クラロワ', '日本語', 'ストグラ', '飯田けんつ', 'けんつめし']",2026-08-28,21-21-36,Friday
316762737110,55197072,sh0tnik,1393304883,Mir Tankov,693,2026-08-28T11:31:04Z,ru,"['Русский', 'шотник', 'sh0tnik', 'миртанков']",2026-08-28,21-21-36,Friday
316763424470,84600165,wizer02,494184,Mobile Legends: Bang Bang,693,2026-08-28T13:32:03Z,ru,"['Русский', 'mlbb', 'mobilelegends', 'wizer', 'wizer02']",2026-08-28,21-21-36,Friday
318451976038,249877505,rxiirl,30921,Rocket League,692,2026-08-28T13:01:41Z,es,"['Español', 'English', 'ViewerParty', 'rlcs', 'major', 'rocketleague', 'pro', 'RLCS2026']",2026-08-28,21-21-36,Friday
316763413846,44442348,finargot,29595,Dota 2,692,2026-08-28T13:30:18Z,ru,['Русский'],2026-08-28,21-21-36,Friday
320076161116,400999129,clout,23020,ROBLOX,692,2026-08-27T03:55:31Z,en,['English'],2026-08-28,21-21-36,Friday
318387227877,120079562,dinossindgeil,512953,ELDEN RING,690,2026-08-28T09:55:07Z,en,"['NoHit', 'English', 'Speedrun', 'eldenring', 'Marathon', 'german', 'eldenring']",2026-08-28,21-21-36,Friday
316734393685,66628850,arrav,509658,Just Chatting,688,2026-08-28T10:43:20Z,en,"['English', 'Norway', 'powerlifter', 'Travel', 'IRL', 'Adventure', 'Survival']",2026-08-28,21-21-36,Friday
317611836515,38284441,sakor_,32982,Grand Theft Auto V,688,2026-08-28T10:25:04Z,fr,"['Français', 'Solary', 'Esport', 'Gaming', 'multigaming', 'goat', 'mageblanc', 'jeuxvidéo']",2026-08-28,21-21-36,Friday
316378488690,451955490,vincennt,2009321156,Dark and Darker,687,2026-08-28T07:16:57Z,en,"['日本語', 'English']",2026-08-28,21-21-36,Friday
316763442902,52642922,l0k0hgaming,509658,Just Chatting,685,2026-08-28T13:35:17Z,es,['Español'],2026-08-28,21-21-36,Friday
321258249691,20838704,gokedtv,516575,VALORANT,682,2026-08-28T13:43:30Z,es,"['watchparty', 'coach', 'tournament', 'spanish', 'Español']",2026-08-28,21-21-36,Friday
318387856229,104259136,rachelr,29595,Dota 2,678,2026-08-28T11:12:49Z,ru,"['Русский', 'CS2', 'faceit']",2026-08-28,21-21-36,Friday
319015455831,48827570,saintone,552716450,Garden of Witches,676,2026-08-28T10:00:14Z,en,"['English', 'Community', 'of', 'Boomers', 'And', 'Lizard', 'People', 'MAMBO']",2026-08-28,21-21-36,Friday
317333316983,1349515600,aimkey,464339927,ARC Raiders,675,2026-08-28T13:17:51Z,en,"['English', 'DropsEnabled']",2026-08-28,21-21-36,Friday
317577507426,27947809,tbjzl,509658,Just Chatting,675,2026-08-28T12:06:57Z,en,"['English', 'other', 'OtherLanguage', 'TOBI', 'SIDEMEN']",2026-08-28,21-21-36,Friday
318251892327,58448005,zazzone230,1898040946,How to Fish,672,2026-08-28T10:02:58Z,it,['Italiano'],2026-08-28,21-21-36,Friday
316379602930,440518979,a1u330_,516575,VALORANT,672,2026-08-28T12:09:45Z,zh,"['聊天', '中文', '我愛說實話']",2026-08-28,21-21-36,Friday
320085085276,100408103,zchum,509658,Just Chatting,672,2026-08-27T23:21:56Z,en,"['English', 'DropsEnabled']",2026-08-28,21-21-36,Friday
317612330083,96324761,berlu,1103429130,Peekablock,670,2026-08-28T11:44:28Z,fr,"['Français', 'RP', 'gta5rp', 'pétanque', 'banane', 'troll']",2026-08-28,21-21-36,Friday
316735187669,651934902,al1askhab,32982,Grand Theft Auto V,669,2026-08-28T13:00:30Z,ru,"['Русский', 'Lahmadju', 'Majestic', 'aliaskhab', 'gta5rp']",2026-08-28,21-21-36,Friday
316369015793,463657800,wakiwaki612,32982,Grand Theft Auto V,669,2026-08-28T10:25:06Z,ja,"['サブスクビッツ乞食', 'わきを', '雑談', 'ストグラ', 'GTA', 'MADTOWN', 'スト鯖', 'VCRRUST', '脇逢魔', '日本語']",2026-08-28,21-21-36,Friday
317577999970,419394030,alvarostorm,21779,League of Legends,669,2026-08-28T13:19:04Z,es,['Español'],2026-08-28,21-21-36,Friday
318389143653,209874950,isthisrealvr,499003,VRChat,668,2026-08-28T13:31:40Z,en,"['English', 'Dancing', 'Memes', 'Wiggles']",2026-08-28,21-21-36,Friday
316734922837,790796770,ttobias_lol,21779,League of Legends,665,2026-08-28T12:13:42Z,pl,"['Polski', 'English', 'zed', 'OTP', 'Hardstyle', 'Midlane', 'Coaching', 'leagueoflegends', 'Challenger', 'music']",2026-08-28,21-21-36,Friday
317578273378,783648767,thinkingmansvalo,516575,VALORANT,665,2026-08-28T13:54:45Z,en,"['AngryManDoStream', 'Stop', 'Reading', 'Tags', 'English']",2026-08-28,21-21-36,Friday
316378445682,704122424,onigiri,509672,IRL,665,2026-08-28T07:02:10Z,en,"['English', 'Japan', 'Bilingual', 'Chinese', 'Japanese', 'food']",2026-08-28,21-21-36,Friday
316380103794,1450362098,sakii_0405_,509658,Just Chatting,664,2026-08-28T13:39:10Z,ja,"['主人公', 'tiktok', '金丸紗希', 'グラビア', 'VALORANTヴァロラント', 'ヴァロラント女子', 'csヴァロラント初心者', 'English', '日本語', '全力全裸']",2026-08-28,21-21-36,Friday
317601061988,67907356,jeremysadi,20596,Dofus,662,2026-08-28T11:53:36Z,fr,['Français'],2026-08-28,21-21-36,Friday
318893110900,884049537,olgaenvivo,417752,Talk Shows & Podcasts,659,2026-08-28T09:40:18Z,es,['Español'],2026-08-28,21-21-36,Friday
318389171557,467161807,ricborr,33214,Fortnite,658,2026-08-28T13:34:02Z,it,"['Italiano', 'English']",2026-08-28,21-21-36,Friday
317613284835,69303923,ragevl_,516575,VALORANT,654,2026-08-28T14:00:28Z,fr,"['Français', 'valorant', 'karminecorp', 'gentlemates', 'futesports', 'DropsEnable', 'DropActive', 'valorantfr']",2026-08-28,21-21-36,Friday
321257204955,1477150936,shirokuma_tsurara,263490,Rust,653,2026-08-28T08:54:55Z,ja,"['女性Vtuber', 'REJECT', '日本語']",2026-08-28,21-21-36,Friday
317578238306,195376105,beniju03,491168,Clash Royale,652,2026-08-28T13:50:30Z,es,['Español'],2026-08-28,21-21-36,Friday
316026798826,522657771,yuki878,509658,Just Chatting,651,2026-08-28T13:07:47Z,zh,['中文'],2026-08-28,21-21-36,Friday
319016489815,24174314,zikzlol,516575,VALORANT,648,2026-08-28T13:48:33Z,en,['English'],2026-08-28,21-21-36,Friday
316806874324,248224644,amor_ed,29595,Dota 2,647,2026-08-28T12:50:00Z,ru,"['Русский', 'EngIish', 'ШКИЖМЕШ', 'хех', 'soslo']",2026-08-28,21-21-36,Friday
317576973282,63078280,send,513143,Teamfight Tactics,646,2026-08-28T10:41:42Z,en,['English'],2026-08-28,21-21-36,Friday
315981418579,672078591,doseofcoffee,138585,Hearthstone,643,2026-08-28T11:29:49Z,en,"['Arena', 'Educational', 'English', 'Competitive', 'Leaderboard', 'Chill']",2026-08-28,21-21-36,Friday
316761428694,168568972,nik1tastar,138585,Hearthstone,642,2026-08-28T05:55:47Z,ru,"['Русский', 'фуллфокус', 'Hearhstone', 'ладдер', 'развлечение', 'Киберспорт', 'Безнегатива', 'позитивныйвайб', 'Арена', 'Battlegrounds']",2026-08-28,21-21-36,Friday
316435858547,500601197,ram_ch0p,32982,Grand Theft Auto V,641,2026-08-28T10:22:19Z,ja,"['日本語', 'ラムチョ', 'ストグラ', '千代田ヨウ', 'BJローン']",2026-08-28,21-21-36,Friday
318250855271,8822303,overpow,1050003477,The Elder Scrolls V: Skyrim - Special Edition,638,2026-08-28T07:00:05Z,pl,['Polski'],2026-08-28,21-21-36,Friday
318759938934,1078199672,zzsupremeog,29452,Virtual Casino,638,2026-08-28T13:01:51Z,pt,"['English', 'Português', 'espanhol', 'cassino', 'bet', 'slots', 'dinheiro', 'banca']",2026-08-28,21-21-36,Friday
316763211862,725043189,sayynex,32399,Counter-Strike,636,2026-08-28T12:58:20Z,ru,"['игра', 'контра', 'faceit', 'CS2', 'counetstrike2', 'gameplay', 'Русский', 'Ukraine', 'фейсит', 'контрстрайк']",2026-08-28,21-21-36,Friday
321152027866,207081843,huehotbar,386821,Black Desert,635,2026-08-28T07:29:35Z,en,"['English', 'BDO', 'DropsEnabled', 'Korean']",2026-08-28,21-21-36,Friday
320132478048,27772699,apathy,512710,Call of Duty: Warzone,634,2026-08-28T11:39:25Z,en,"['English', 'pro', 'cod', 'callofduty', 'warzone', 'warzoneranked', 'rebirthisland', 'mw4']",2026-08-28,21-21-36,Friday
318253896423,91070599,forhonorgame,490382,For Honor,633,2026-08-28T14:00:02Z,en,['English'],2026-08-28,21-21-36,Friday
317993401688,20694610,towelliee,18122,World of Warcraft,632,2026-08-28T12:44:00Z,en,"['tank', 'worldofwarcraft', 'entertainment', 'English', 'MMORPG', 'classicplus', 'wowmidnight', 'DropsEnabled', 'midnightseason2', 'protpaladin']",2026-08-28,21-21-36,Friday
321088695513,115994925,alphakep,30921,Rocket League,632,2026-08-28T13:42:43Z,en,"['English', 'drops', 'NoAds', 'NoAdsAfterPreroll', 'DropsActive', 'pro', 'DropsEnable', 'rocketleague', 'Golf']",2026-08-28,21-21-36,Friday
321088483801,811224371,mellowteddy,982017546,Palia,628,2026-08-28T13:00:20Z,en,"['English', 'Cozy', 'FamilyFriendly', 'CozyGaming', 'ClosedCaptions', 'Palia', 'PaliaPartner', 'PaliaDrops', 'DropsOn', 'PaliaGiveaway']",2026-08-28,21-21-36,Friday
321087291225,581721883,lolworldchampionship,21779,League of Legends,626,2026-08-28T07:18:26Z,en,"['rebroadcast', 'LeagueofLegends', 'MSI', 'LoLWorlds', 'English', 'Charity']",2026-08-28,21-21-36,Friday
318381872741,433786171,badgeforbadge,490655,Pokémon GO,625,2026-08-27T19:06:34Z,en,"['DROPS', 'DROPSENABLED', 'ENGLISH', 'RERUN', 'pokemon', 'badge', 'English']",2026-08-28,21-21-36,Friday
317577741026,83332770,s7ormytv,512710,Call of Duty: Warzone,625,2026-08-28T12:43:19Z,it,"['Italiano', 'fps', 'justchatting', 's7ormy', 'ita', 'drops', 'chill', 'indie', 'F1']",2026-08-28,21-21-36,Friday
316026672874,54525106,aliythia,509658,Just Chatting,624,2026-08-28T12:36:06Z,en,"['ADHD', 'AUS', 'LOUD', 'Woman', 'girl', 'English', 'Female', 'Australian', 'Aussie', 'Horror']",2026-08-28,21-21-36,Friday
316734536277,68266211,whaazz,18122,World of Warcraft,621,2026-08-28T11:07:28Z,en,"['PvP', 'Arena', 'Rogue', 'Warrior', 'Monk', 'Druid', 'English', 'DemonHunter', 'Evoker', 'DropsEnabled']",2026-08-28,21-21-36,Friday
318893715956,90917536,rnakano,32399,Counter-Strike,621,2026-08-28T13:32:13Z,pt,['Português'],2026-08-28,21-21-36,Friday
317575906530,30856797,maystine,18122,World of Warcraft,620,2026-08-28T05:19:40Z,fr,"['Français', 'English', 'Anglais', 'DropsActivés']",2026-08-28,21-21-36,Friday
317599649636,94979292,gobosteur,513143,Teamfight Tactics,617,2026-08-28T06:18:40Z,fr,['Français'],2026-08-28,21-21-36,Friday
319997369694,69012069,m0xyy,1264310518,Marvel Rivals,617,2026-08-28T13:23:59Z,en,"['English', 'Hawkeye', 'old', 'Chud', 'DropsEnabled']",2026-08-28,21-21-36,Friday
316379679474,169539617,clutch_fii,263490,Rust,616,2026-08-28T12:23:23Z,ja,"['日本語', 'drops']",2026-08-28,21-21-36,Friday
316368628977,489485041,ayabdch,386821,Black Desert,615,2026-08-28T08:24:07Z,ja,"['雑談', 'おっさん配信者', '日本語', 'ENGsub', 'Drops有効']",2026-08-28,21-21-36,Friday
318821518069,147646373,btt_ghost1,509658,Just Chatting,615,2026-08-28T07:05:09Z,pt,['Português'],2026-08-28,21-21-36,Friday
318387555173,94408137,hapsolutelly,516575,VALORANT,614,2026-08-28T10:37:12Z,fr,"['meufcool', 'neselavepas', 'sentlefoin', 'proute', 'waf', 'lesmeules', 'crazygirl', 'Français', 'énormepaf']",2026-08-28,21-21-36,Friday
316805395668,30381987,ettnix,852009328,Mistfall Hunter,614,2026-08-28T08:10:23Z,en,"['English', 'Sverige', 'Svenska', 'battleroyale']",2026-08-28,21-21-36,Friday
320133185760,775286650,bobbyraygray,32982,Grand Theft Auto V,612,2026-08-28T13:50:49Z,en,"['English', 'Roleplay', 'GrandTheftAutoV', 'TARP', 'TheAcademyRP']",2026-08-28,21-21-36,Friday
315442229486,139417491,woojungx4,509658,Just Chatting,612,2026-08-26T17:05:27Z,ko,['한국어'],2026-08-28,21-21-36,Friday
315981024083,37851229,break,491931,Escape from Tarkov,612,2026-08-28T08:48:35Z,en,['English'],2026-08-28,21-21-36,Friday
318252941159,118288907,pwnage,516588,Rise Online,609,2026-08-28T12:23:10Z,tr,"['Türkçe', 'MMORPG', 'JustChatting', 'RiseOnline', 'DroplarEtkin']",2026-08-28,21-21-36,Friday
318450230502,48793025,reqvam,138585,Hearthstone,608,2026-08-28T09:02:24Z,en,"['Croatian', 'English']",2026-08-28,21-21-36,Friday
316734430933,65560166,jaxstyle,509658,Just Chatting,605,2026-08-28T10:49:45Z,da,"['Dansk', 'EDM', 'DJ', 'producer', 'IRL', 'Festival']",2026-08-28,21-21-36,Friday
318388990693,629112069,th3discourse,509658,Just Chatting,605,2026-08-28T13:14:48Z,en,['English'],2026-08-28,21-21-36,Friday
316806601812,1077117441,filtrbob,983841243,Off The Grid,602,2026-08-28T11:59:52Z,en,"['English', 'russıan', 'OffTheGrid']",2026-08-28,21-21-36,Friday
317613360227,825937345,ellie_minibot,509658,Just Chatting,600,2026-08-28T14:08:58Z,en,"['vtuber', 'english', 'goofy', 'chill', 'cozy', 'educational', 'banjo', 'ASMR', 'English', 'subathon']",2026-08-28,21-21-36,Friday
318389519461,1212606874,enko_cs,32399,Counter-Strike,600,2026-08-28T14:07:19Z,en,['English'],2026-08-28,21-21-36,Friday
316368655601,941489207,23fpstv,32399,Counter-Strike,600,2026-08-28T08:33:49Z,vi,"['cs2', 'csgo', 'pgl', 'blast', 'esl', 'majorcs2', 'major', 'TiếngViệt', 'Phátlạitrựctuyến']",2026-08-28,21-21-36,Friday
319016014679,25015653,ign,509663,Special Events,598,2026-08-28T12:01:25Z,en,"['English', 'gaming']",2026-08-28,21-21-36,Friday
316735282645,772240064,angelimeows,509658,Just Chatting,598,2026-08-28T13:15:49Z,ru,"['девушка', 'макияж', 'аниме', 'girl', 'уют', 'IRl', 'asmr', 'Русский', 'милая', 'стримерша']",2026-08-28,21-21-36,Friday
316368681329,77813460,piper729,516575,VALORANT,598,2026-08-28T08:43:21Z,zh,"['烏克麗麗', '中文', 'English', 'girl']",2026-08-28,21-21-36,Friday
318253513703,145498295,exsl95,21779,League of Legends,597,2026-08-28T13:23:35Z,de,['Deutsch'],2026-08-28,21-21-36,Friday
317612547555,186669201,gcrock6,504463,Tom Clancy's The Division 2,596,2026-08-28T12:18:22Z,en,"['Thedivision2', 'thedivision2gameplay', 'theDivisionGame', 'thedivision2community', 'thedivision2pve', 'thedivision', 'LooterShooter', 'RPG', 'looter', 'gcrock']",2026-08-28,21-21-36,Friday
318253666663,500557523,kanczooga,32399,Counter-Strike,596,2026-08-28T13:38:47Z,pl,['Polski'],2026-08-28,21-21-36,Friday
318250484455,80188115,liz0n,343455332,Crime Scene Cleaner,594,2026-08-28T05:24:04Z,ru,"['Уют', 'Образование', 'Женщина', 'РазработкаИгр', 'Русский', 'IRL', 'Стратегии', 'DropsВключены']",2026-08-28,21-21-36,Friday
316807028052,146728026,lexiav,1426873999,Heroes of Might & Magic: Olden Era,594,2026-08-28T13:16:35Z,en,['English'],2026-08-28,21-21-36,Friday
318450769382,24657677,back2warcraft,12924,Warcraft III,593,2026-08-28T10:28:55Z,en,"['Esports', 'strategy', 'rts', 'English', 'Deutsch']",2026-08-28,21-21-36,Friday
315965185512,147426281,yousayix,509658,Just Chatting,593,2026-08-28T13:34:13Z,th,"['คุยสบาย', 'ไทย', 'ภาษาไทย', 'เล่นกับเพื่อน', 'Thai', 'SpoilersNotAllowed']",2026-08-28,21-21-36,Friday
316763396310,452051715,shoxxie__,32982,Grand Theft Auto V,593,2026-08-28T13:27:46Z,ru,['Русский'],2026-08-28,21-21-36,Friday
316761365590,156398011,revvez,18122,World of Warcraft,593,2026-08-28T05:28:02Z,en,"['PvE', 'English', 'DropsEnabled']",2026-08-28,21-21-36,Friday
316026202090,35154593,ggbb528,21779,League of Legends,593,2026-08-28T10:21:13Z,zh,['中文'],2026-08-28,21-21-36,Friday
317599708516,27346642,apo_wow,18122,World of Warcraft,592,2026-08-28T06:46:19Z,es,"['Español', 'EquipoMDI', 'Miticasplus', 'Miticas', 'DropsActivados']",2026-08-28,21-21-36,Friday
315954710354,58541114,anthonydaytv,624536948,EA Sports FC 26,592,2026-08-28T12:47:01Z,en,"['English', 'UK', 'PlayingWithViewers', 'EASportsFC', 'FC26', 'FUTChampions', 'TeamOfTheWeek', 'TOTW', 'UltimateTeam']",2026-08-28,21-21-36,Friday
317600670692,123122022,pandarina,509658,Just Chatting,591,2026-08-28T10:49:13Z,es,"['Español', 'Malaga', 'Pandarina', 'KOI', 'videojuegos']",2026-08-28,21-21-36,Friday
318450579942,1093290248,yui2d,29106,S.T.A.L.K.E.R. 2: Heart of Chornobyl,588,2026-08-28T10:00:51Z,ru,"['Русский', 'Vtuber', 'девушка', 'Женщина', 'Витубер', 'втубер', 'игровичок']",2026-08-28,21-21-36,Friday
316025888874,28651510,migi_tw,509658,Just Chatting,587,2026-08-28T08:46:49Z,zh,"['歌唱', '不要控制我', '米姬電台', '不專業', '少囉嗦', '中文', '圖奇爛嘴大冠軍']",2026-08-28,21-21-36,Friday
318994561111,163168110,eido,2132205352,Deadlock,587,2026-08-26T22:07:13Z,en,"['meow', 'mexican', 'English', 'Asian']",2026-08-28,21-21-36,Friday
318250467047,26341777,psherotv,18122,World of Warcraft,586,2026-08-28T05:19:59Z,en,"['English', 'chill', 'MMORPG', 'Educational', 'Bulgarian', 'DropsEnabled']",2026-08-28,21-21-36,Friday
318252566375,183714759,doctorio,18122,World of Warcraft,586,2026-08-28T11:36:31Z,de,"['PvE', 'Tutorial', 'Guides', 'Endgame', 'Beginner', 'Education', 'German', 'English', 'Youtube', 'Deutsch']",2026-08-28,21-21-36,Friday
317612651107,29530640,dheylo,33214,Fortnite,585,2026-08-28T12:34:47Z,es,['Español'],2026-08-28,21-21-36,Friday
317333439735,109118789,central_committee,509658,Just Chatting,584,2026-08-28T14:10:19Z,en,"['Hasanabi', 'History', 'News', 'MikeFromPA', 'Denims', 'HAS', 'MajorityReport', 'CarolineKwan', 'English']",2026-08-28,21-21-36,Friday
316804834388,53607259,themainmanswe,518018,PRAGMATA,584,2026-08-28T05:46:44Z,en,['English'],2026-08-28,21-21-36,Friday
321153605338,30214074,jeffhoogland,1743359147,MARVEL SNAP,581,2026-08-28T13:25:05Z,en,"['English', 'DropsEnabled']",2026-08-28,21-21-36,Friday
317599797604,141166701,bemma,491931,Escape from Tarkov,580,2026-08-28T07:18:27Z,en,"['Chill', 'English', 'UK']",2026-08-28,21-21-36,Friday
319996878302,30227322,solorenektononly,21779,League of Legends,577,2026-08-28T11:30:17Z,en,"['Bald', 'GoblinMode', 'TopLane', 'English', 'top', 'renekton', 'League', 'leagueoflegeneds', 'leaguestreams', 'UNC']",2026-08-28,21-21-36,Friday
319996604126,11558942,witwix,1584836809,Schedule I,576,2026-08-28T10:03:43Z,en,"['EsotericGamingForGeniuses', 'MeLikeVideoGames', 'DrippingGrease', 'AlabamaHammaSlamma', 'English']",2026-08-28,21-21-36,Friday
316734625365,205834804,shuva1ord,138585,Hearthstone,575,2026-08-28T11:22:26Z,ru,"['апм', 'drops', 'абузер', 'Русский']",2026-08-28,21-21-36,Friday
317600542820,91122178,cyqop,1282866981,Delta Force,574,2026-08-28T10:23:27Z,fr,"['Français', 'Anglais', 'DropsActivés']",2026-08-28,21-21-36,Friday
321121149658,132563423,firedancer,509658,Just Chatting,574,2026-08-26T14:36:13Z,en,"['egirl', 'dancing', 'asmr', 'ADHD', 'English', 'hottub', 'Princess', 'Goddess', 'findom', 'Anime']",2026-08-28,21-21-36,Friday
321256921307,450422538,graxy_tv,416015,Hero Siege,573,2026-08-28T07:51:10Z,en,"['HeroSiege', 'PathOfExile', 'DiabloII', 'LastEpoch', 'PD2', 'torchlightinfinite', 'GrimDawn', 'DarkMinimalTechno', 'English', 'DropsEnabled']",2026-08-28,21-21-36,Friday
321082639449,477885912,bullet,602040818,NBA 2K27,570,2026-08-28T01:04:48Z,en,"['English', 'DropsEnable', 'dropson']",2026-08-28,21-21-36,Friday
318388146277,43298229,d1rtyd3vil,674491029,Star Wars Zero Company,570,2026-08-28T11:47:20Z,de,"['Hardmode', 'Erwachsen', 'Entspannt', 'Deutsch', 'Variety', 'LigaDerHeftigkeiten', 'KeinBackseatGaming', 'KIMusic']",2026-08-28,21-21-36,Friday
316369413617,145248977,rio_taro,32982,Grand Theft Auto V,568,2026-08-28T11:49:22Z,ja,['日本語'],2026-08-28,21-21-36,Friday
317577437666,38822100,titavion,674491029,Star Wars Zero Company,567,2026-08-28T11:57:50Z,fr,"['Français', 'Vieux']",2026-08-28,21-21-36,Friday
315954579666,440985624,wolfeei,27471,Minecraft,567,2026-08-28T11:59:58Z,en,"['blockwars', 'minecraft', 'dutch', 'Creatorsmp', 'mcc', 'English', 'lifestealworld']",2026-08-28,21-21-36,Friday
317600592356,105419061,smashlunatic,509672,IRL,566,2026-08-28T10:33:42Z,de,['Deutsch'],2026-08-28,21-21-36,Friday
316806783572,42599156,einz,490174,What Remains of Edith Finch,563,2026-08-28T12:33:27Z,sv,"['Svenska', 'IRL', '1440p', 'TPRP', 'Bruno', 'Engllsh']",2026-08-28,21-21-36,Friday
316762874582,40888128,adouz1e,493057,PUBG: BATTLEGROUNDS,561,2026-08-28T11:59:21Z,ru,"['Русский', 'English', 'Pubgpartner', 'Pubg']",2026-08-28,21-21-36,Friday
316763414614,141412854,buichka,32399,Counter-Strike,561,2026-08-28T13:30:23Z,ru,['Русский'],2026-08-28,21-21-36,Friday
315954122194,435392834,pepe_the_rarest,32982,Grand Theft Auto V,560,2026-08-28T08:43:15Z,en,"['Chilling', 'RP', 'English', 'GTARP', 'old', 'Improv', 'dyslexic', 'ProdigyRP', 'rpgta', 'chaseRP']",2026-08-28,21-21-36,Friday
318388928613,685777232,lizotika,18122,World of Warcraft,559,2026-08-28T13:08:15Z,ru,"['Русский', 'English', 'общение', 'тотальныйфид', 'MMORPG', 'DropsВключены']",2026-08-28,21-21-36,Friday
315936753873,36768783,hypnoshark,5682,CTR: Crash Team Racing,558,2026-08-28T10:59:07Z,en,"['English', 'Speedrun', 'speedrun', 'crashbandicoot', 'crash', 'PlayStation', 'Retro', 'Spyro', 'mariokart', 'mario']",2026-08-28,21-21-36,Friday
316368921969,102173799,ajikichi,32982,Grand Theft Auto V,556,2026-08-28T10:00:04Z,ja,"['日本語', '雑談', 'PUBG', 'ストグラ', '味野環九郎']",2026-08-28,21-21-36,Friday
316806728916,20632757,gamelifeow,515025,Overwatch,556,2026-08-28T12:22:39Z,ru,"['Овервочер', 'Кошкодевочка', 'Гамелифе', 'Русский', 'Ткачжизниимба', 'самыйдобрыйстример', 'БезНытья', 'отпторблегенда']",2026-08-28,21-21-36,Friday
318822168821,748361965,ziriguidum777,29452,Virtual Casino,555,2026-08-28T12:53:15Z,pt,['Português'],2026-08-28,21-21-36,Friday
316002728041,41927714,dandan0115,114524791,Shadowverse: Worlds Beyond,555,2026-08-28T09:21:11Z,zh,['中文'],2026-08-28,21-21-36,Friday
316763686742,656270879,m4ga,32399,Counter-Strike,553,2026-08-28T14:10:42Z,ru,"['Русский', 'CS2', 'm4ga']",2026-08-28,21-21-36,Friday
316003128937,31113075,iceiceice,29595,Dota 2,553,2026-08-28T11:23:26Z,en,"['English', '中文']",2026-08-28,21-21-36,Friday
317611400035,99121518,torro,31339,Project Zomboid,552,2026-08-28T08:51:39Z,de,['Deutsch'],2026-08-28,21-21-36,Friday
316132802028,143313156,alxcooks,499634,Crypto,551,2026-08-28T11:10:57Z,en,['English'],2026-08-28,21-21-36,Friday
317601780836,507243639,cristobalgazquez,509658,Just Chatting,548,2026-08-28T13:34:07Z,es,"['noticias', 'Derecho', 'Español', 'actualidad', 'asmr', 'ama', 'DIVULGACIÓN', 'IA', 'Marlaska', 'Meta']",2026-08-28,21-21-36,Friday
316435957363,140819284,erycyoo,511224,Apex Legends,548,2026-08-28T10:48:55Z,zh,"['English', '中文', '启用掉宝']",2026-08-28,21-21-36,Friday
316762584790,121607683,nyamuras,1509529923,Burglin' Gnomes,548,2026-08-28T11:00:19Z,ru,"['Русский', 'Гэгюмор', 'Vtuber', 'АААЖЕНЩИНА']",2026-08-28,21-21-36,Friday
318388683493,439261935,zoematthea,509672,IRL,547,2026-08-28T12:44:26Z,de,"['Deutsch', 'Dieser', 'Stream', 'ist', 'cool', 'IRL', 'Creative', 'drops', 'Cozy', 'gaming']",2026-08-28,21-21-36,Friday
317599546724,25084072,fragnance,18122,World of Warcraft,547,2026-08-28T05:23:01Z,en,"['devourer', 'rwf', 'racetoworldsfirst', 'pve', 'best', 'mdi', 'tgp', 'mythic', 'English', 'DropsEnabled']",2026-08-28,21-21-36,Friday
317611489251,576114251,pasdebol_tft,513143,Teamfight Tactics,546,2026-08-28T09:11:34Z,fr,['Français'],2026-08-28,21-21-36,Friday
316807388372,967670102,berser_nt,513501,Standoff 2,544,2026-08-28T14:15:01Z,ru,"['Berser', 'Русский']",2026-08-28,21-21-36,Friday
319009103063,782947440,policechasenetwork,509658,Just Chatting,543,2026-08-28T00:19:02Z,en,['English'],2026-08-28,21-21-36,Friday
320091376476,791249281,zenlesszonezero,456845141,Zenless Zone Zero,542,2026-08-28T11:15:05Z,en,"['English', 'zenleszonezero']",2026-08-28,21-21-36,Friday
319997519582,713951941,dasnerth,516575,VALORANT,540,2026-08-28T13:53:41Z,en,"['English', 'winning', 'PvP', 'valorant', 'radiant', 'pro', 'neon']",2026-08-28,21-21-36,Friday
317612325859,29283977,icekei,417528,Albion Online,539,2026-08-28T11:43:43Z,fr,"['Français', 'DropsActivés']",2026-08-28,21-21-36,Friday
316806581076,1077117433,pepeshot101,983841243,Off The Grid,538,2026-08-28T11:56:16Z,en,"['English', 'Ukrainian', 'OTG', 'justcchatting']",2026-08-28,21-21-36,Friday
316025841386,157469268,p_tatotv,1264310518,Marvel Rivals,538,2026-08-28T08:32:19Z,en,"['marvelrivals', 'English', 'OCE', 'DropsEnabled']",2026-08-28,21-21-36,Friday
318451881062,26290555,spammiej,687129551,Trackmania,535,2026-08-28T12:51:47Z,en,['English'],2026-08-28,21-21-36,Friday
316804899796,38158532,drainys,509658,Just Chatting,535,2026-08-28T06:09:24Z,ru,"['Русский', 'pubg', 'спорт', 'justchatting', 'Shooter', 'drops']",2026-08-28,21-21-36,Friday
318387272165,162151864,klupatwins,509658,Just Chatting,535,2026-08-28T10:00:36Z,de,"['Deutsch', 'just', 'chatting', 'zwillinge', 'reactions', 'rp', 'news', 'gaming', 'Diskussion', 'Gruselspiele']",2026-08-28,21-21-36,Friday
315954033746,96908791,reimi,13332,Pokémon FireRed/LeafGreen,535,2026-08-28T07:59:56Z,en,"['Ironmon', 'Permadeath', 'Challenge', 'Hardmode', 'Kaizo', 'Pokemon', 'English', 'salmon', 'mud', 'GameCube']",2026-08-28,21-21-36,Friday
316378682738,506039737,4rufq,511224,Apex Legends,533,2026-08-28T08:22:42Z,ja,"['日本語', 'Drops有効']",2026-08-28,21-21-36,Friday
315964806504,139348774,hannn0501_,509658,Just Chatting,533,2026-08-28T11:51:29Z,zh,"['ＦＰＳ', '中文']",2026-08-28,21-21-36,Friday
315460798703,1117952588,inneshx,493959,Red Dead Redemption II,532,2026-08-28T09:18:04Z,en,"['English', 'IRL', 'Korea', 'korean', 'game', 'react', 'Makeup', 'fashion', 'food', 'Travel']",2026-08-28,21-21-36,Friday
316379239282,111736667,merryweather,509658,Just Chatting,531,2026-08-28T11:02:36Z,en,"['dogboy', 'English', 'denmark', 'danish', 'dansk', 'furry', 'Vtuber', 'webtoon', 'malevtuber', 'ENVtuber']",2026-08-28,21-21-36,Friday
317600852708,618040919,flauschigtv,493057,PUBG: BATTLEGROUNDS,530,2026-08-28T11:17:58Z,de,['Deutsch'],2026-08-28,21-21-36,Friday
316368888817,174533423,naohiro21_twitch,515025,Overwatch,530,2026-08-28T09:49:53Z,ja,['日本語'],2026-08-28,21-21-36,Friday
319996493534,81958531,derek_macintyre,130942,Factorio,527,2026-08-28T09:26:50Z,en,"['English', 'Canadian', 'Speedrunner', 'WorldRecordHolder', 'Talkative', 'Yapper', 'FashionAdvice', 'JeansFreeZone', 'YupOMatic3000', 'NeverLeavingNauvis']",2026-08-28,21-21-36,Friday
316763252822,739969775,weronest,12839,Heroes of Might and Magic III: The Restoration of Erathia,527,2026-08-28T13:04:39Z,ru,['Русский'],2026-08-28,21-21-36,Friday
316728313813,632543201,szzalony,516575,VALORANT,526,2026-08-27T11:19:53Z,pl,['Polski'],2026-08-28,21-21-36,Friday
318451547110,97830437,toothy,1867279146,Grand Theft Auto VI,525,2026-08-28T12:12:30Z,ru,"['Русский', 'Дурка', 'позитив', 'Негатив']",2026-08-28,21-21-36,Friday
317613207267,209525793,defendintelligence,509658,Just Chatting,524,2026-08-28T13:50:06Z,fr,"['science', 'français', 'french', 'tech', 'intelligenceartificielle', 'france', 'Actualités', 'IA', 'Français']",2026-08-28,21-21-36,Friday
317612287331,433036305,omeega,27471,Minecraft,523,2026-08-28T11:37:17Z,fr,"['Français', 'DropsActivés']",2026-08-28,21-21-36,Friday
316762539478,160256813,kushlul,18122,World of Warcraft,523,2026-08-28T10:51:02Z,en,"['MMＯ', 'WoW', 'English', 'Rogue', 'DemonHunter', 'DropsEnabled']",2026-08-28,21-21-36,Friday
318821895413,186079171,lulavlr,516575,VALORANT,521,2026-08-28T11:03:01Z,pt,"['Português', 'valorant', 'chamber', 'TryhardGameplay']",2026-08-28,21-21-36,Friday
316734767189,267365594,surafps,401587136,Arena Breakout: Infinite,521,2026-08-28T11:46:49Z,en,"['English', 'Guides', 'solo', 'Tutorial']",2026-08-28,21-21-36,Friday
321153640410,113537067,harmii,516575,VALORANT,521,2026-08-28T13:31:06Z,de,"['Deutsch', 'radiant']",2026-08-28,21-21-36,Friday
320133346400,524550694,kestico,512710,Call of Duty: Warzone,519,2026-08-28T14:14:58Z,es,['Español'],2026-08-28,21-21-36,Friday
321258167259,65635551,attach,1478650472,Call of Duty: Modern Warfare 4,519,2026-08-28T13:26:11Z,en,['English'],2026-08-28,21-21-36,Friday
316436777459,1027819572,aoi_sakura3,515025,Overwatch,518,2026-08-28T13:13:51Z,ja,['日本語'],2026-08-28,21-21-36,Friday
317577213410,49474235,misterjday,369418,GeoGuessr,517,2026-08-28T11:20:50Z,fr,['Français'],2026-08-28,21-21-36,Friday
316436687603,161969317,kuuneruu,32982,Grand Theft Auto V,517,2026-08-28T13:00:58Z,ja,"['ストグラ', '玖兎音るう', '日本語', 'ルウギャラクティカ', '雑談', 'VtuberJP', 'GTAV']",2026-08-28,21-21-36,Friday
321152972122,8843899,quirkitized,19554,iRacing,516,2026-08-28T11:29:42Z,en,['English'],2026-08-28,21-21-36,Friday
319997466334,557148694,couriway,27471,Minecraft,516,2026-08-28T13:42:12Z,en,"['English', 'Ally', 'noreset', 'Speedrun', 'couriway', 'FamilyFriendly']",2026-08-28,21-21-36,Friday
321258308059,49608470,aspiringspike,2748,Magic: The Gathering,515,2026-08-28T13:55:03Z,en,['English'],2026-08-28,21-21-36,Friday
318759064054,62328653,tftoddy,513143,Teamfight Tactics,515,2026-08-28T06:20:50Z,pt,"['Português', 'TFT', 'TeamfightsTactics']",2026-08-28,21-21-36,Friday
317333344759,67650991,realkraftyy,491931,Escape from Tarkov,512,2026-08-28T13:29:28Z,en,"['English', 'ExtractionShooter', 'MEN']",2026-08-28,21-21-36,Friday
320132136160,405208912,gonsabellla,509672,IRL,511,2026-08-28T10:21:56Z,es,"['Español', 'IRL', 'English', 'gym']",2026-08-28,21-21-36,Friday
317577838434,70983894,oonolive,18122,World of Warcraft,511,2026-08-28T12:57:16Z,fr,"['Français', 'DropsActivés']",2026-08-28,21-21-36,Friday
318253255527,190988616,asleyia,509658,Just Chatting,511,2026-08-28T12:57:31Z,de,"['Deutsch', 'gamergirl']",2026-08-28,21-21-36,Friday
317612682467,71290640,kemist_c10h15n,376500771,Hades II,511,2026-08-28T12:39:16Z,fr,"['Laboratoire', 'C10H15N', 'IUPAC', 'Chromatographie', 'Réactifs', 'Distillation', 'Spectroscopie', 'RMN', 'Français']",2026-08-28,21-21-36,Friday
316762330710,124304147,averagejonas,516575,VALORANT,510,2026-08-28T10:06:46Z,en,"['English', 'Norwegian', 'Singer', 'Norsk']",2026-08-28,21-21-36,Friday
315981354707,538404693,lanocallum1,512710,Call of Duty: Warzone,507,2026-08-28T11:02:42Z,en,"['English', 'warzone', 'callofduty']",2026-08-28,21-21-36,Friday
318893740788,1120085764,avellargg,29452,Virtual Casino,506,2026-08-28T13:39:28Z,pt,"['Português', 'slots', 'Español', 'counterstrike2']",2026-08-28,21-21-36,Friday
321153146330,127301063,gremloe,509658,Just Chatting,505,2026-08-28T12:02:59Z,en,"['English', 'Español', 'Japanese日本語', 'review', 'commentary', '2A', 'news', 'TransRights', 'NoAI', 'cajun']",2026-08-28,21-21-36,Friday
315981501139,137002416,arkvenger_tv,71375,Star Citizen,503,2026-08-28T12:00:24Z,es,"['Español', 'StarCitizen', 'MMO', 'Humo', 'Noticias', 'Inglés']",2026-08-28,21-21-36,Friday
318452527334,1357403836,handblood1,1346169551,Casino Simulator,501,2026-08-28T14:00:06Z,en,['English'],2026-08-28,21-21-36,Friday
319016225111,14675339,outerheaven,24226,Metal Gear Solid: Peace Walker,500,2026-08-28T12:49:32Z,en,"['English', 'metalgearsolid', 'metalgear', 'solarpowered', 'Bloodborne']",2026-08-28,21-21-36,Friday
316002070761,864364302,kannazukilubee,509658,Just Chatting,496,2026-08-28T05:31:30Z,zh,"['嚴禁暴雷', '預見娛樂', '中文', '燕雲十六聲', 'WhereWindsMeet']",2026-08-28,21-21-36,Friday
318449589606,485255924,pennymeowy,1429246898,A Weird Game About Sausage,496,2026-08-28T07:03:34Z,en,"['English', 'nerd', 'Chatty', 'Accent', 'FunnyAccent', 'yapping']",2026-08-28,21-21-36,Friday
317577451746,119356722,slyders,138585,Hearthstone,494,2026-08-28T11:59:58Z,fr,['Français'],2026-08-28,21-21-36,Friday
317612342627,264502025,lydia__am,497480,Detroit: Become Human,493,2026-08-28T11:47:11Z,fr,"['Français', 'discussion', 'multigaming', 'justchattıng', 'lydiaam', 'Fashion', 'mode', 'cosyhorror', 'twitchfr']",2026-08-28,21-21-36,Friday
318389307109,57027630,pregianza,509658,Just Chatting,493,2026-08-28T13:48:20Z,it,"['justchatting', 'videogames', 'Italiano']",2026-08-28,21-21-36,Friday
316435912435,179122584,momomi5871,32982,Grand Theft Auto V,491,2026-08-28T10:37:02Z,ja,"['女性', 'Vtuber', 'ストグラ', '日本語', 'ネタバレ注意', 'ネタバレあり']",2026-08-28,21-21-36,Friday
318388549605,752587373,bez_ls,1898040946,How to Fish,489,2026-08-28T12:30:23Z,ru,['Русский'],2026-08-28,21-21-36,Friday
318888723828,276285923,gzk_tips,29452,Virtual Casino,489,2026-08-27T21:58:05Z,pt,"['casssino', 'slots', 'cs2', 'bet', 'Português']",2026-08-28,21-21-36,Friday
318822208117,1117012382,daronco01,32399,Counter-Strike,489,2026-08-28T13:05:20Z,pt,['Português'],2026-08-28,21-21-36,Friday
317993580376,36024998,gordox,32399,Counter-Strike,485,2026-08-28T13:54:28Z,pt,['Português'],2026-08-28,21-21-36,Friday
316734968533,547064977,archiedos,1867279146,Grand Theft Auto VI,483,2026-08-28T12:21:53Z,ru,['Русский'],2026-08-28,21-21-36,Friday
318250466151,36930822,xerwo,18122,World of Warcraft,483,2026-08-28T05:19:40Z,en,"['PvE', 'Raid', 'MythicPlus', 'warlock', 'wow', 'mythic', 'English', 'worldofwarcraft', 'DropsEnabled']",2026-08-28,21-21-36,Friday
316379044466,257004553,ajakany,735904419,ARK: Survival Ascended,481,2026-08-28T10:17:23Z,ja,['日本語'],2026-08-28,21-21-36,Friday
316759649750,41180913,navcia,509658,Just Chatting,481,2026-08-27T19:25:12Z,pl,['Polski'],2026-08-28,21-21-36,Friday
318252482663,72519113,juliandrexler_,509672,IRL,481,2026-08-28T11:26:01Z,de,['Deutsch'],2026-08-28,21-21-36,Friday
321258343899,236171146,cented,499634,Crypto,481,2026-08-28T14:00:05Z,en,['English'],2026-08-28,21-21-36,Friday
318450248294,487205171,airsiggi,509672,IRL,481,2026-08-28T09:05:52Z,de,"['montanablack', 'fanboy', 'gaming', 'musik', 'Shooter', 'Deutsch', 'MitZuschauernspielen', 'TeamFPS', 'fan']",2026-08-28,21-21-36,Friday
317329733239,100369229,desmondpilak,21779,League of Legends,480,2026-08-28T00:34:45Z,en,['English'],2026-08-28,21-21-36,Friday
316026601706,146039007,m092230,509658,Just Chatting,480,2026-08-28T12:15:53Z,zh,"['遊戲', '中文', 'Dance', 'Chinese中文']",2026-08-28,21-21-36,Friday
318451877094,586138215,renako666,32982,Grand Theft Auto V,478,2026-08-28T12:51:19Z,ru,"['Русский', 'gta5rp', 'majestic']",2026-08-28,21-21-36,Friday
316369586929,74803819,evinmotv,21779,League of Legends,475,2026-08-28T12:10:32Z,ja,"['日本語', 'lol']",2026-08-28,21-21-36,Friday
317992762840,803677207,awie,491931,Escape from Tarkov,475,2026-08-28T08:58:45Z,en,"['English', 'Vtuber', 'femboy', 'egirl', 'escapefromtarkov']",2026-08-28,21-21-36,Friday
321088242521,531602803,therealkyzen,1264310518,Marvel Rivals,475,2026-08-28T12:01:19Z,en,"['english', 'ADHD', 'loud', 'English']",2026-08-28,21-21-36,Friday
316762161750,43578182,f1ashko,1264310518,Marvel Rivals,474,2026-08-28T09:29:05Z,ru,"['Русский', 'DropsВключены']",2026-08-28,21-21-36,Friday
316127381099,221993698,blackswordz,515025,Overwatch,473,2026-08-28T12:46:31Z,ar,"['arab', 'RoadHog', 'arabic', 'drops', 'العربية']",2026-08-28,21-21-36,Friday
315981793875,153179624,fulham,27471,Minecraft,473,2026-08-28T13:43:23Z,en,"['Speedrun', 'Minecraft', '100IQPLAYS', 'bozo', 'MCSR', 'Ranked', 'English']",2026-08-28,21-21-36,Friday
318893139828,484136594,massroon,19619,Tibia,472,2026-08-28T09:58:22Z,pt,"['Português', 'MMORPG', 'Gostoso', 'Orebound', 'pxg']",2026-08-28,21-21-36,Friday
316733795797,108010031,likainenharritv,509672,IRL,472,2026-08-28T08:37:52Z,fi,"['Suomi', 'IRL', 'Dysfasia', 'English', 'Lapland', 'gamer', 'Finland', 'laavu', 'summer', 'magnetfishing']",2026-08-28,21-21-36,Friday
316763200470,70512874,westmage,32982,Grand Theft Auto V,471,2026-08-28T12:56:28Z,ru,"['Русский', 'RP', 'roleplayer', 'gta', 'rdr2', 'RDR2RP', 'gta5rp']",2026-08-28,21-21-36,Friday
321256888411,139504995,sackzi,1478650472,Call of Duty: Modern Warfare 4,471,2026-08-28T07:45:28Z,fr,['Français'],2026-08-28,21-21-36,Friday
316805844692,109254404,ry6kagop,386821,Black Desert,471,2026-08-28T09:42:42Z,ru,"['Русский', 'drops', 'BDO', 'Rust', 'English', 'DropsВключены']",2026-08-28,21-21-36,Friday
315964948968,255711162,gingerhair_bob,1702520304,Path of Exile 2,470,2026-08-28T12:31:31Z,th,"['ภาษาไทย', 'ARPGs', 'BeginnerFriendly', 'PathOfExile', 'ใช้Dropsได้']",2026-08-28,21-21-36,Friday
318893376628,75891532,michel,32399,Counter-Strike,470,2026-08-28T11:47:19Z,pt,"['Português', 'FURIA', 'g3x', 'paiN', 'MIBR', 'legacy', 'Imperial', 'counterstrike', 'counterstrike2', 'Tribo']",2026-08-28,21-21-36,Friday
320133252704,1096331847,mooimimo,509660,Art,470,2026-08-28T14:00:27Z,en,"['English', 'Cosplay', 'femboy']",2026-08-28,21-21-36,Friday
316002136681,482941080,sebbywebz,5815,FINAL FANTASY III,469,2026-08-28T05:58:19Z,en,"['English', 'IRL', 'VoiceActor', 'react', 'JRPG', 'Classic', 'FirstPlaythrough', 'Retro', 'justchatting', 'story']",2026-08-28,21-21-36,Friday
317600995940,123293742,dankol83,509658,Just Chatting,466,2026-08-28T11:41:36Z,it,"['Italiano', 'ridere', 'giochi', 'VETRINA', 'English', 'inter', 'calcio', 'cucina', 'cinema']",2026-08-28,21-21-36,Friday
317577190242,41384425,wingo,509658,Just Chatting,466,2026-08-28T11:17:29Z,fr,['Français'],2026-08-28,21-21-36,Friday
317987076312,1470067361,posty_247,263490,Rust,466,2026-08-27T17:31:08Z,en,['English'],2026-08-28,21-21-36,Friday
316735410645,18362365,amieloo,12839,Heroes of Might and Magic III: The Restoration of Erathia,466,2026-08-28T13:36:46Z,ru,['Русский'],2026-08-28,21-21-36,Friday
318451065830,763242972,arbnorzcs2,32399,Counter-Strike,466,2026-08-28T11:11:31Z,en,['English'],2026-08-28,21-21-36,Friday
319014478807,58529158,katie,1169827,Quasimorph,465,2026-08-28T07:21:34Z,en,"['Vtuber', 'chill', 'gaming', 'Fortnite', 'ADHD', 'Anime', 'fps', 'funny', 'pngtuber', 'English']",2026-08-28,21-21-36,Friday
317611012963,948558483,xalisa,2104758320,The First Descendant,464,2026-08-28T06:48:23Z,en,"['English', 'alisa', 'tfd', 'thefirstdescendant', 'DropsEnabled']",2026-08-28,21-21-36,Friday
318450888422,92072223,ortis,31339,Project Zomboid,464,2026-08-28T10:46:59Z,pl,"['Siłacz', 'Reaction', 'content', 'xdd', 'otp', 'leveling', 'Polski']",2026-08-28,21-21-36,Friday
316734966741,114410000,top1sacer,32399,Counter-Strike,463,2026-08-28T12:21:31Z,pl,"['Polski', 'counterstrike2', 'CS2', 'English']",2026-08-28,21-21-36,Friday
316807298644,775803864,nedogonpolya,509658,Just Chatting,461,2026-08-28T14:02:35Z,ru,['Русский'],2026-08-28,21-21-36,Friday
318252308583,132103299,thomb,93798731,F1 25,461,2026-08-28T11:01:34Z,en,['English'],2026-08-28,21-21-36,Friday
316751467094,1452895933,orangemorangeslots,498566,Slots,457,2026-08-26T17:36:18Z,de,['Deutsch'],2026-08-28,21-21-36,Friday
320092126428,715941186,sansin,509658,Just Chatting,456,2026-08-28T14:00:19Z,en,"['vtuber', 'English', 'onebrainwrinkle', 'chill', 'LurkerFriendly', 'korean', 'Comfy', 'boxboxbootcamp', 'mom', 'brainoff']",2026-08-28,21-21-36,Friday
316735445589,949683906,meitneri109,516866,Stalzone,456,2026-08-28T13:42:39Z,ru,"['Русский', 'Meitneri', 'Stalcraft', 'stalcraftx', 'сталкрафт', 'общениесчатом', 'выживание', 'stalzone', 'сталзон']",2026-08-28,21-21-36,Friday
315953700178,176243295,coffee,674491029,Star Wars Zero Company,455,2026-08-28T05:00:49Z,fr,"['francais', 'chill', 'longplay', 'coffee', 'Français', 'starwars', 'starwarszerocompany', 'tactical', 'xcom']",2026-08-28,21-21-36,Friday
318389059813,33734881,send0o,21779,League of Legends,455,2026-08-28T13:22:37Z,es,['Español'],2026-08-28,21-21-36,Friday
318821870837,892485468,estaciontv,417752,Talk Shows & Podcasts,454,2026-08-28T10:52:23Z,es,"['Español', 'IRL', 'Radio']",2026-08-28,21-21-36,Friday
317611170147,92078908,tl_nero,21779,League of Legends,454,2026-08-28T07:50:08Z,el,"['Ελληνικά', 'LEC', 'LCK', 'jungle', 'LPL']",2026-08-28,21-21-36,Friday
318253896167,1504609740,fatecrvsxd,29452,Virtual Casino,454,2026-08-28T14:00:02Z,en,"['dota2', 'English']",2026-08-28,21-21-36,Friday
316762305366,960375121,welskiy,29595,Dota 2,454,2026-08-28T10:02:07Z,ru,"['русский', 'керриплеер', 'сельскийаура', 'вельский', 'титан', 'имморталдрафт', 'дота2', 'welskiy', 'Русский']",2026-08-28,21-21-36,Friday
317568115042,618764474,badgecollectordrops,490655,Pokémon GO,454,2026-08-27T10:16:01Z,en,"['English', 'Espàñol', 'drops', 'Badge', 'BadgeCollectors', 'StreamDatabase', 'Badges', 'TwitchBadge', 'pokemon', 'Deutsch']",2026-08-28,21-21-36,Friday
318752710262,181077473,gaules,31339,Project Zomboid,454,2026-08-27T17:29:33Z,pt,['Português'],2026-08-28,21-21-36,Friday
318389391333,867193766,atletico_stats,518203,Sports,454,2026-08-28T13:56:27Z,es,"['Atleti', 'fútbol', 'Español', 'atleticodemadrid', 'Fichajes', 'ChampionsLeague', 'Deportes', 'Mundial', 'JuliánÁlvarez']",2026-08-28,21-21-36,Friday
318760201974,1039932348,veexzyfps,32399,Counter-Strike,453,2026-08-28T13:58:29Z,pt,"['Português', 'English', 'counterstrike', 'cassino', 'slots', 'virtualcasino']",2026-08-28,21-21-36,Friday
317613313251,230688324,samuraj,516575,VALORANT,453,2026-08-28T14:03:31Z,ru,"['Русский', 'валорант', 'valorant', 'ＶＡＬＯＲＡＮＴ', 'cybersport', 'Киберспорт', 'ставки']",2026-08-28,21-21-36,Friday
318389152741,125438132,tschessy,1669431183,DJs,453,2026-08-28T13:32:29Z,de,"['Deutsch', 'Variety', 'Techno', 'Rave', 'IRL', 'Musik']",2026-08-28,21-21-36,Friday
318385844197,28447375,skifolk,509658,Just Chatting,451,2026-08-28T05:51:35Z,ru,"['skifolk', 'скифолк', 'survivalgames', 'eft', 'Русский']",2026-08-28,21-21-36,Friday
316369052657,716328913,takoko_vtuber,32982,Grand Theft Auto V,451,2026-08-28T10:34:58Z,ja,"['Vtuber', '日本語', 'ネタバレ禁止']",2026-08-28,21-21-36,Friday
318451834598,133208673,redpandash,32982,Grand Theft Auto V,450,2026-08-28T12:46:35Z,ru,"['Русский', 'PvP', 'вайбик', 'разговор']",2026-08-28,21-21-36,Friday
321087693657,464622142,lamic999,511224,Apex Legends,450,2026-08-28T09:04:36Z,en,['English'],2026-08-28,21-21-36,Friday
317577979746,879861299,valorant_es,516575,VALORANT,450,2026-08-28T13:16:37Z,es,['Español'],2026-08-28,21-21-36,Friday
321153504986,409811041,chuflocka,670138298,Madden NFL 27,448,2026-08-28T13:09:02Z,en,"['English', 'DropsEnabled']",2026-08-28,21-21-36,Friday
318253761383,134593986,quattroace,401587136,Arena Breakout: Infinite,447,2026-08-28T13:47:41Z,ru,"['Русский', 'English']",2026-08-28,21-21-36,Friday
316805700308,30383713,kungentv,479682350,Monsters & Memories,446,2026-08-28T09:14:05Z,en,['English'],2026-08-28,21-21-36,Friday
318760195702,157756109,nikomfps,32399,Counter-Strike,446,2026-08-28T13:57:29Z,es,"['Español', 'windingo', 'CS2', 'RagerGamer']",2026-08-28,21-21-36,Friday
317990061272,32169047,stunt,513143,Teamfight Tactics,445,2026-08-28T01:47:26Z,en,"['English', 'chill', 'challenger', 'support']",2026-08-28,21-21-36,Friday
319016304599,474609825,enzoo,602040818,NBA 2K27,445,2026-08-28T13:06:36Z,en,['English'],2026-08-28,21-21-36,Friday
318893608948,51633358,kennzy,509658,Just Chatting,444,2026-08-28T13:04:41Z,pt,['Português'],2026-08-28,21-21-36,Friday
316003303913,88217136,waitou1117,32982,Grand Theft Auto V,442,2026-08-28T12:05:09Z,zh,"['中文', 'GrandTheftAutoV', 'maplestory', '全糖人', 'maplestoryworlds', '三角洲行動', '金勾村火影歪', '打鏢人生']",2026-08-28,21-21-36,Friday
321153715546,120244187,aydan,512710,Call of Duty: Warzone,442,2026-08-28T13:43:24Z,en,['English'],2026-08-28,21-21-36,Friday
315461173871,7995530,scspple7545,653624336,Lies of P,442,2026-08-28T12:28:51Z,zh,['中文'],2026-08-28,21-21-36,Friday
316378561394,55734416,mother3rd,515025,Overwatch,441,2026-08-28T07:43:12Z,ja,['日本語'],2026-08-28,21-21-36,Friday
318388615013,118263259,cemka,29595,Dota 2,441,2026-08-28T12:36:50Z,ru,"['Русский', 'Україна', 'VarietyGaming', 'Chıll', 'Anime']",2026-08-28,21-21-36,Friday
318452056806,488181624,ytgiul,513181,Genshin Impact,441,2026-08-28T13:09:45Z,it,"['Italiano', 'DropAbilitati']",2026-08-28,21-21-36,Friday
317332737143,1157290428,nightzvl,516575,VALORANT,441,2026-08-28T09:06:58Z,en,['English'],2026-08-28,21-21-36,Friday
318760010998,44114966,furq,516575,VALORANT,440,2026-08-28T13:17:20Z,pt,"['Português', 'Radiante', 'Romantico', 'Tapas', 'iEsse', 'Reposição']",2026-08-28,21-21-36,Friday
316379054450,153450729,toto02033,32982,Grand Theft Auto V,439,2026-08-28T10:19:27Z,ja,['日本語'],2026-08-28,21-21-36,Friday
317611362787,488455482,mayucca,33214,Fortnite,438,2026-08-28T08:41:10Z,fr,"['Français', 'girl', 'fortnite', 'zerobuild', 'femme', 'PartiesAvecLesSpectateurs', 'drole', 'gameviewers', 'mayucca', 'Drop']",2026-08-28,21-21-36,Friday
316436736243,771876295,krrnbot,459930124,Fitness Boxing feat. Hatsune Miku,438,2026-08-28T13:07:28Z,ja,"['日本語', 'コスプレ', 'Vtuber']",2026-08-28,21-21-36,Friday
321088635481,56145429,unfair,516575,VALORANT,437,2026-08-28T13:31:06Z,de,"['valorant', 'radiant', 'shooter', 'german', 'Deutsch', 'unfair']",2026-08-28,21-21-36,Friday
317601470948,40479493,elvemage59,510056,Epic Seven,436,2026-08-28T12:54:02Z,en,['English'],2026-08-28,21-21-36,Friday
321087921497,49943446,mrrishi,1931693784,Pokémon Champions,436,2026-08-28T10:18:57Z,en,"['SafeSpace', 'highelo', 'English']",2026-08-28,21-21-36,Friday
316734446421,50393229,tankzor,29595,Dota 2,434,2026-08-28T10:53:07Z,ru,['Русский'],2026-08-28,21-21-36,Friday
316380032498,28351364,loui5ng,417752,Talk Shows & Podcasts,433,2026-08-28T13:25:06Z,zh-hk,['粵語'],2026-08-28,21-21-36,Friday
316806849236,493414313,mike4h,32982,Grand Theft Auto V,432,2026-08-28T12:45:35Z,ru,"['Русский', 'gta5rp', 'MajesticRP', 'mike4h', 'mikehowleys', 'общение', 'burton', 'гта5рп', 'LaPuerta', 'Murrieta']",2026-08-28,21-21-36,Friday
317612660579,237440224,cabolo,509658,Just Chatting,432,2026-08-28T12:36:17Z,es,"['Español', 'latino', 'MMORPG', 'onlinegames', 'cabolo', 'gaming']",2026-08-28,21-21-36,Friday
316368951665,196691714,mihawk_ow,515025,Overwatch,431,2026-08-28T10:07:16Z,ja,"['日本語', 'OWCS']",2026-08-28,21-21-36,Friday
320133270112,61602430,iampopularstranger,670138298,Madden NFL 27,431,2026-08-28T14:02:07Z,en,"['AmericanFootball', 'Madden', 'MaddenStreamer', 'English', 'DropsEnabled']",2026-08-28,21-21-36,Friday
316762123990,95645837,tiankami,66082,Games + Demos,431,2026-08-28T09:18:37Z,ru,"['Русский', 'Roguelike', 'Рогалики', 'АрхонтРогаликов', 'DropsВключены']",2026-08-28,21-21-36,Friday
316763005142,141151400,pa1ze,516575,VALORANT,429,2026-08-28T12:21:16Z,en,"['English', 'valorant', 'Ranked', 'radiant', 'danish', 'duelist', 'fps', 'shooter', 'Joblife']",2026-08-28,21-21-36,Friday
316379279090,190948312,piro0520,257983487,Village in the Shade,428,2026-08-28T11:11:27Z,ja,['日本語'],2026-08-28,21-21-36,Friday
318386696037,29470837,angrodtralari,515025,Overwatch,428,2026-08-28T08:29:09Z,es,"['charla', 'Español', 'overwatch', 'rankeds', 'humor']",2026-08-28,21-21-36,Friday
318388214117,570971897,nagibatorleon,464339927,ARC Raiders,428,2026-08-28T11:54:33Z,ru,"['pvp', 'Русский', 'DropsВключены']",2026-08-28,21-21-36,Friday
316369516913,58543873,triosk,2748,Magic: The Gathering,426,2026-08-28T12:01:50Z,ja,"['日本語', 'MtG']",2026-08-28,21-21-36,Friday
319973865054,744524245,pinityy,27471,Minecraft,425,2026-08-26T18:33:59Z,en,"['English', 'moneysmp', 'minecraft', 'PvP', 'pvphq', 'moneysmprookies', 'BlissSMP', 'rankedsmp']",2026-08-28,21-21-36,Friday
316763319254,624690123,salm1nn,33214,Fortnite,425,2026-08-28T13:14:39Z,ru,"['fortinte', 'фортнайт', 'фортнайтер', 'salm1n', 'Русский', 'Повтор', 'салмин', 'salmin', 'salm1nn']",2026-08-28,21-21-36,Friday
315964248424,938216791,k9kuro,509658,Just Chatting,425,2026-08-28T09:01:16Z,en,"['ADHD', 'Filipino', 'Furry', 'British', 'Vtuber', 'femboy', 'GayPup', 'emo', 'English', 'Brony']",2026-08-28,21-21-36,Friday
316807261524,65360359,passatigy,18122,World of Warcraft,422,2026-08-28T13:57:43Z,ru,"['Русский', 'розыгрыш', 'общение', 'drops', 'Аниме', 'Пасатиж', 'dinghaitheoceanpillar', 'keymailer', 'DropsВключены']",2026-08-28,21-21-36,Friday
317576423906,184800672,iamraidentv,852009328,Mistfall Hunter,421,2026-08-28T08:35:13Z,en,"['English', 'Français', 'PvP', 'extraction', 'shadowstrix', 'Rogue', 'Assassin']",2026-08-28,21-21-36,Friday
318822142197,1080773109,salleswin77,29452,Virtual Casino,419,2026-08-28T12:43:56Z,pt,"['Português', 'slots']",2026-08-28,21-21-36,Friday
316727038933,808203756,r2cronus,502829,R2 Online: Reign of Revolution,417,2026-08-27T05:54:10Z,ru,"['Русский', 'R2Online']",2026-08-28,21-21-36,Friday
316806676052,268295470,larvinen12,509658,Just Chatting,416,2026-08-28T12:13:09Z,fi,['Suomi'],2026-08-28,21-21-36,Friday
315480039024,862365494,umidan1207,509658,Just Chatting,416,2026-08-28T08:28:34Z,zh,"['Vtuber', '中文', 'Pia嘴', '捏口蛋', '我愛英雄聯盟', '智能障礙']",2026-08-28,21-21-36,Friday
318451526374,79723251,delmo,2748,Magic: The Gathering,414,2026-08-28T12:09:53Z,it,"['Italiano', 'Ranked', 'Classificate', 'Competitivo', 'MagicTheGathering', 'MTGArena']",2026-08-28,21-21-36,Friday
316435464179,48851818,bamow,509658,Just Chatting,414,2026-08-28T08:21:30Z,zh,"['中文', '世界樹計畫']",2026-08-28,21-21-36,Friday
321088668633,117783070,kiyoon,513143,Teamfight Tactics,414,2026-08-28T13:37:40Z,en,['English'],2026-08-28,21-21-36,Friday
318387110373,446810993,itspatlive,509672,IRL,413,2026-08-28T09:37:18Z,de,"['Reisen', 'Deutsch', 'monte', 'Papaplatte', 'Zabex', 'Trymacs', 'portugal']",2026-08-28,21-21-36,Friday
318252960487,52366519,bastelnerd,509670,Science & Technology,412,2026-08-28T12:25:46Z,de,"['Denglisch', 'BastelNerd', 'Deutsch', 'PCBuilding', 'gamingpcbuilding', 'PCHardware', 'nerdy']",2026-08-28,21-21-36,Friday
316762159958,50899976,moondefendertv,417528,Albion Online,412,2026-08-28T09:28:33Z,en,"['English', 'PvE', 'PvP', 'MMORPG', 'DropsEnabled']",2026-08-28,21-21-36,Friday
318252687463,742520098,la_vica_,509658,Just Chatting,412,2026-08-28T11:52:46Z,it,"['Italiano', 'English']",2026-08-28,21-21-36,Friday
321153452762,28252159,jonbams,27471,Minecraft,411,2026-08-28T13:00:10Z,en,['English'],2026-08-28,21-21-36,Friday
316763130198,798084090,aboven337,32399,Counter-Strike,410,2026-08-28T12:45:33Z,ru,"['Русский', 'aboven', 'aboven337']",2026-08-28,21-21-36,Friday
318449925222,155849154,mirageeputo_,602040818,NBA 2K27,410,2026-08-28T08:08:27Z,hu,['Magyar'],2026-08-28,21-21-36,Friday
318759949430,36413513,mrfalll,509658,Just Chatting,409,2026-08-28T13:04:41Z,pt,['Português'],2026-08-28,21-21-36,Friday
318388425829,759918890,heversy,32399,Counter-Strike,408,2026-08-28T12:16:20Z,ru,['Русский'],2026-08-28,21-21-36,Friday
321088050905,484315387,stockjock,8218,Stock Market: The Game,408,2026-08-28T11:01:54Z,en,['English'],2026-08-28,21-21-36,Friday
316805024980,105214785,pablogaming13,29595,Dota 2,407,2026-08-28T06:42:21Z,en,"['English', 'Sweden', 'dota2']",2026-08-28,21-21-36,Friday
318451375078,159717345,suliadh,509660,Art,407,2026-08-28T11:52:10Z,en,"['Vtuber', 'LGBTQ', 'DigitalArt', 'English', 'chill', 'ASMR', 'music', 'ADHD', 'Italy']",2026-08-28,21-21-36,Friday
318752531574,438686523,trollzinha,386821,Black Desert,407,2026-08-27T17:00:09Z,pt,"['Português', 'Vtuber', 'Shai', 'English', 'Русский', 'Español', 'Ｖｔｕｂｅｒ', 'Lahn', 'PIX', 'VtuberBR']",2026-08-28,21-21-36,Friday
317576632418,38618824,brizereins,65632,DayZ,406,2026-08-28T09:25:42Z,fr,"['Français', 'DayZ']",2026-08-28,21-21-36,Friday
317600893668,167329889,tatedewish,32982,Grand Theft Auto V,405,2026-08-28T11:24:42Z,pt,"['thebest', 'topg', 'Português']",2026-08-28,21-21-36,Friday
316379614962,651640541,boiraischerry,32982,Grand Theft Auto V,405,2026-08-28T12:11:20Z,ja,"['日本語', '父ノ背中', 'ボイラ', 'BOIRA', 'ストグラ']",2026-08-28,21-21-36,Friday
318451436262,101281666,higanbanban,27284,Retro,404,2026-08-28T11:59:46Z,ru,"['витьюберы', 'vtuber', 'ruvtuber', 'витубер', 'аниме', 'БезСпойлеров', 'Русский', 'DropsВключены']",2026-08-28,21-21-36,Friday
319997263454,22160589,prospering,33214,Fortnite,404,2026-08-28T13:02:25Z,en,"['fortnite', 'English']",2026-08-28,21-21-36,Friday
318449804006,174706292,peettko,18122,World of Warcraft,404,2026-08-28T07:46:21Z,en,"['MMORPG', 'JustChatting', 'Roleplay', 'WorldofWarcraft', 'Competitive', 'fun', 'English', 'DropsEnabled']",2026-08-28,21-21-36,Friday
315954443858,733381818,ahleeyahh,511224,Apex Legends,404,2026-08-28T11:06:36Z,en,"['mnk', 'girl', 'adhd', 'GothBaddiesWanted', 'feet', 'English']",2026-08-28,21-21-36,Friday
316002976361,228296361,chicofilo,602040818,NBA 2K27,404,2026-08-28T10:42:27Z,en,"['nba2k', 'NBA', 'English', 'DropsEnabled']",2026-08-28,21-21-36,Friday
319996442974,44930725,cope,491487,Dead by Daylight,403,2026-08-28T09:08:01Z,en,"['English', 'Chill', 'DropsEnabled']",2026-08-28,21-21-36,Friday
316762782166,37983542,pyka97,509672,IRL,402,2026-08-28T11:41:16Z,pl,"['Polski', 'ADHD', 'pyka', 'pyka97']",2026-08-28,21-21-36,Friday
318253190887,53443276,nixzyee,493057,PUBG: BATTLEGROUNDS,402,2026-08-28T12:50:51Z,en,"['English', 'Croatia', 'balkan', 'Esports']",2026-08-28,21-21-36,Friday
318252438887,787105615,esportstudion,32399,Counter-Strike,402,2026-08-28T11:19:35Z,sv,['Svenska'],2026-08-28,21-21-36,Friday
321153667930,74319395,jaybroski,512710,Call of Duty: Warzone,400,2026-08-28T13:35:34Z,en,"['warzone', 'cod', 'English', 'UNC', 'freakofnature', 'monster', 'cowboywarzone', 'rebirthisland', 'Ranked', 'mw4']",2026-08-28,21-21-36,Friday
316379576306,239310118,reikira_,21779,League of Legends,400,2026-08-28T12:05:25Z,ja,"['ASMR', 'れいきら', '耳舐め', '睡眠', 'girl', '日本語', 'english', 'japan', 'Vtuber', 'lol']",2026-08-28,21-21-36,Friday
316763397974,43395115,raythis,18122,World of Warcraft,400,2026-08-28T13:28:02Z,ru,"['Русский', 'DropsВключены']",2026-08-28,21-21-36,Friday
318450508774,35866558,azzapp,21779,League of Legends,399,2026-08-28T09:49:41Z,en,"['English', 'zapzap', 'neverff', 'velkoz', 'Challenger', 'ChallengeRuns', 'CANWIN', '0deaths', 'NoBackseating', 'slaythespire2']",2026-08-28,21-21-36,Friday
318452425702,103495737,shoxx__,509658,Just Chatting,398,2026-08-28T13:48:51Z,de,"['Deutsch', 'gta', 'GTARP', 'justcchatting', 'HomeState', 'HomestateRP']",2026-08-28,21-21-36,Friday
316763451222,62603776,cyganzor,27546,World of Tanks,398,2026-08-28T13:36:17Z,pl,"['Polski', 'Polish', 'wot', 'WorldofTanks', 'Dropy', 'DropyWłączone']",2026-08-28,21-21-36,Friday
316805301460,733339173,qwinkiii,29595,Dota 2,397,2026-08-28T07:49:54Z,ru,['Русский'],2026-08-28,21-21-36,Friday
316758066006,9528182,chilledchaos,499973,Always On,395,2026-08-27T16:21:01Z,en,"['English', 'ItalianSafeSpace', 'ChilledChaos', 'LyingEncouraged', 'seventeencarat', 'AmongUs', 'Multiplayer', 'aioptedout']",2026-08-28,21-21-36,Friday
318253913703,693368333,billybella_,509658,Just Chatting,393,2026-08-28T14:00:57Z,it,['Italiano'],2026-08-28,21-21-36,Friday
317333173495,22336099,bt0tv,32399,Counter-Strike,393,2026-08-28T12:12:08Z,pt,['Português'],2026-08-28,21-21-36,Friday
316380058354,471685664,tamatthi,491931,Escape from Tarkov,393,2026-08-28T13:29:43Z,ja,['日本語'],2026-08-28,21-21-36,Friday
317613001827,35959757,bytell2,509658,Just Chatting,393,2026-08-28T13:23:24Z,fr,"['Français', 'Nintendo', 'Anime', 'Manga']",2026-08-28,21-21-36,Friday
318451854950,123357612,jumer6,460630,Rainbow Six Siege,392,2026-08-28T12:49:20Z,de,"['Deutsch', 'English', 'ProfessionalGamer', 'bot']",2026-08-28,21-21-36,Friday
316734970197,42665223,kaypea,21779,League of Legends,390,2026-08-28T12:22:15Z,en,"['English', 'Canadian', 'Midlane', 'CannonSafeEnvironment', 'DogStream', 'NoBackseating', 'Lux', 'Ahri']",2026-08-28,21-21-36,Friday
318386676325,115193558,zuluxxman,493057,PUBG: BATTLEGROUNDS,390,2026-08-28T08:25:26Z,de,"['fun', 'party', 'music', 'esports', 'Deutsch', 'Competitive', 'PartyVibes', 'pubg', 'Turnier', 'DropsAktiviert']",2026-08-28,21-21-36,Friday
321088323033,112225893,coxie,459931,Old School RuneScape,389,2026-08-28T12:22:37Z,en,['English'],2026-08-28,21-21-36,Friday
318387823461,239346193,kkodya,32982,Grand Theft Auto V,389,2026-08-28T11:08:33Z,ru,"['гта', 'гта5', 'gta5', 'gta5rp', 'kkodya', 'гта5рп', 'Русский', 'GTARP', 'кодя', 'DropsВключены']",2026-08-28,21-21-36,Friday
316368358897,436730505,anninmiru_,509658,Just Chatting,389,2026-08-28T06:53:22Z,zh,"['咪嚕', '杏仁咪嚕', '中文', '日本語', '启用掉宝']",2026-08-28,21-21-36,Friday
321257560923,77573531,liminhag0d,32399,Counter-Strike,389,2026-08-28T10:56:09Z,pt,['Português'],2026-08-28,21-21-36,Friday
318893717748,40301754,mylonzete,21779,League of Legends,388,2026-08-28T13:32:44Z,pt,['Português'],2026-08-28,21-21-36,Friday
318451661798,66996733,adamkissak,21779,League of Legends,388,2026-08-28T12:26:27Z,hu,['Magyar'],2026-08-28,21-21-36,Friday
316806326868,642645138,tajikjr,29595,Dota 2,388,2026-08-28T11:06:47Z,ru,['Русский'],2026-08-28,21-21-36,Friday
321153547098,460930758,decu,499634,Crypto,387,2026-08-28T13:15:52Z,en,['English'],2026-08-28,21-21-36,Friday
320091610204,133590162,irby007,512710,Call of Duty: Warzone,387,2026-08-28T12:14:55Z,en,"['Solos', 'English', 'Irby', 'warzone']",2026-08-28,21-21-36,Friday
316025732330,167753637,playitshady,597346393,Judgment,387,2026-08-28T07:57:57Z,en,"['Australia', 'UpDog', 'PIS', 'English', 'DropsEnabled']",2026-08-28,21-21-36,Friday
318893622644,912684882,resiliennt_,32399,Counter-Strike,387,2026-08-28T13:08:36Z,pt,['Português'],2026-08-28,21-21-36,Friday
318252340583,121555155,sunnydrivee,2132205352,Deadlock,386,2026-08-28T11:05:50Z,ru,"['Русский', 'Еnglish', 'deadlock']",2026-08-28,21-21-36,Friday
316763577430,96484151,alcest_m,27471,Minecraft,386,2026-08-28T13:56:42Z,ru,"['Русский', 'Майншилд4']",2026-08-28,21-21-36,Friday
321255470299,92858368,autolykuslol,21779,League of Legends,386,2026-08-28T04:46:53Z,en,"['English', 'sett', 'gaming', 'Mordekaiser']",2026-08-28,21-21-36,Friday
317601242980,87399830,julgane,2013539540,Blue Prince,386,2026-08-28T12:19:31Z,fr,"['Nintendo', 'goodvibes', 'pktulislestags', 'Mario', 'Speedrun', 'Zelda', 'Français', 'Bienveillant', 'Pokemon']",2026-08-28,21-21-36,Friday
318385995493,39917814,kezman22,513143,Teamfight Tactics,386,2026-08-28T06:26:14Z,pl,['Polski'],2026-08-28,21-21-36,Friday
315447046126,917556509,0_0tjh,509658,Just Chatting,386,2026-08-28T12:31:31Z,zh,"['聊天', '聊天台', '雑談', '日本語', '中文', '雑談配信']",2026-08-28,21-21-36,Friday
316435823347,494020714,be_kooo,491931,Escape from Tarkov,385,2026-08-28T10:12:47Z,ja,['日本語'],2026-08-28,21-21-36,Friday
316369524081,134295245,varvalian,27471,Minecraft,385,2026-08-28T12:02:31Z,ja,"['焼きパン', '日本語']",2026-08-28,21-21-36,Friday
321121887834,1468332454,badgeshunter,997367275,Pokémon Legends: Z-A,384,2026-08-26T16:03:49Z,en,"['English', 'Badges', 'Русский', 'бейдж']",2026-08-28,21-21-36,Friday
316735188693,113057172,laflaerr,32982,Grand Theft Auto V,384,2026-08-28T13:00:38Z,ru,"['Русский', 'laflaer', 'тулево', 'гта5рп', 'незнающийпобед', 'gta5', 'взп', 'gta5rp', 'россияонлайн', 'твич']",2026-08-28,21-21-36,Friday
318450333542,93191106,sajonarco,31339,Project Zomboid,383,2026-08-28T09:20:40Z,es,"['Español', 'Cooperativo', 'estrategia', 'Juegodeaventuras', 'gaming', 'openworld', 'survival', 'Multiplayer']",2026-08-28,21-21-36,Friday
319997250654,75975979,amazonian,2748,Magic: The Gathering,383,2026-08-28T13:00:50Z,en,"['LGBTQIAPlus', 'English', 'Casual', 'TCG', 'TradingCardGames', 'Chill', 'Transformers', 'PositiveVibes', 'cat', 'Boston']",2026-08-28,21-21-36,Friday
317613406051,521583209,jujalag,521979070,Slay the Princess,382,2026-08-28T14:14:57Z,es,['Español'],2026-08-28,21-21-36,Friday
316434861427,992507352,mitsukiyoake,386821,Black Desert,382,2026-08-28T04:54:50Z,ja,"['日本語', 'English', 'Vtuber', 'Drops有効']",2026-08-28,21-21-36,Friday
316370228593,466250451,urs_toko,21779,League of Legends,381,2026-08-28T13:49:27Z,ja,"['Vtuber', '日本語', 'いくらなんでもよわすぎる', 'ふめこあ', 'DominationCrown', 'CamelliaCrown']",2026-08-28,21-21-36,Friday
318759393398,105007799,artilh3iro,19619,Tibia,381,2026-08-28T09:45:50Z,pt,"['Português', 'PXGTibia', 'EXQUECE', 'monohunt', 'pxg']",2026-08-28,21-21-36,Friday
319016600919,752742297,seoi1016,509658,Just Chatting,381,2026-08-28T14:12:01Z,ko,"['드롭활성화됨', '한국어']",2026-08-28,21-21-36,Friday
321152327642,1290756804,madhousetv_,32399,Counter-Strike,379,2026-08-28T08:46:37Z,pt,"['FURIA', 'Português', 'madhouse', 'neymar', 'neymarjr', 'FURIAFC', 'cs', 'faceit', 'ohnepixel', 'BLAST']",2026-08-28,21-21-36,Friday
317609371875,1368257971,badgecollectors,509658,Just Chatting,379,2026-08-27T21:47:29Z,en,"['English', 'DropsEnabled', 'Charmander', 'Bulbasaur', 'Pichu', 'Squirtle']",2026-08-28,21-21-36,Friday
319016162391,1133781300,askeldan,509672,IRL,379,2026-08-28T12:34:40Z,de,"['Deutsch', 'ADHS', 'English']",2026-08-28,21-21-36,Friday
318892645364,730345232,mudynh0xd,29452,Virtual Casino,378,2026-08-28T05:31:05Z,pt,['Português'],2026-08-28,21-21-36,Friday
319005400791,7832442,rifftrax,499973,Always On,377,2026-08-27T18:22:31Z,en,['English'],2026-08-28,21-21-36,Friday
318252914663,207277102,amoslaurito,2060730947,Le Mans Ultimate,377,2026-08-28T12:20:25Z,it,"['motorsport', 'f1', 'motori', 'esports', 'simracing', 'lmu', 'Italiano', 'rally', 'Formula1', 'LeMansUltimate']",2026-08-28,21-21-36,Friday
320133299680,803268341,captain_tubesocks,509658,Just Chatting,376,2026-08-28T14:06:53Z,en,"['English', 'Horror', 'Millenial', 'GenX', 'humor', 'gameingcommunity', 'simulation', 'funny', 'Casual']",2026-08-28,21-21-36,Friday
321152885082,163866394,sifurp,32982,Grand Theft Auto V,376,2026-08-28T11:11:58Z,en,"['English', 'Roleplay', 'RP', 'prodigy', 'prodigyrp', 'NoPixel', 'chaseRP']",2026-08-28,21-21-36,Friday
318386911717,29353514,gdolphn,511224,Apex Legends,375,2026-08-28T09:06:04Z,en,"['English', 'bald', 'old', 'fps', 'gamer', 'DropsActivated', 'ADHD', 'Not', 'a', 'Vtuber']",2026-08-28,21-21-36,Friday
318389426021,261668726,lev_britvaaa,464339927,ARC Raiders,375,2026-08-28T13:59:42Z,ru,"['LEV', 'BRITVA', 'Русский', 'Олимпиец', 'English', 'DropsВключены']",2026-08-28,21-21-36,Friday
318452455910,158214334,simzart,509660,Art,374,2026-08-28T13:52:30Z,en,"['Drawing', 'Art', 'Illustration', 'English']",2026-08-28,21-21-36,Friday
317577952738,55434616,krayn_live,509658,Just Chatting,374,2026-08-28T13:12:35Z,fr,"['Français', 'gaming']",2026-08-28,21-21-36,Friday
318387750629,132256306,lunateac,951949934,The Sinking City 2,373,2026-08-28T11:00:28Z,en,"['English', 'ADHD', 'Chatty', 'Interactive', 'Variety', 'FirstPlaythrough']",2026-08-28,21-21-36,Friday
319997505758,101787976,anayan,461221,MARVEL Contest of Champions,373,2026-08-28T13:50:47Z,en,"['hehim', 'english', 'drops', 'partneredstreamer', 'ccp', 'English', 'dropsenabled', 'mcoc', 'marvelcontestofchampions', 'DropsEnabled']",2026-08-28,21-21-36,Friday
316807213140,53649632,naowh,18122,World of Warcraft,373,2026-08-28T13:49:31Z,en,"['PvE', 'MDI', 'TGP', 'Retail', 'Raid', 'Tanking', 'English', 'Dungeons', 'ClassicEra', 'worldofwarcraft']",2026-08-28,21-21-36,Friday
316763300694,148257175,cook_playing,1282866981,Delta Force,372,2026-08-28T13:11:54Z,ru,"['Русский', 'DropsВключены']",2026-08-28,21-21-36,Friday
317612302819,143371275,thaqil,460630,Rainbow Six Siege,372,2026-08-28T11:39:58Z,en,['English'],2026-08-28,21-21-36,Friday
321153691354,30573404,pohx,416015,Hero Siege,372,2026-08-28T13:38:54Z,en,"['English', 'Teaching', 'ARPG', 'RPG', 'Interactivewithchat', 'PathofExile', 'DropsEnabled']",2026-08-28,21-21-36,Friday
318452004838,719598628,antifa,515214,Politics,372,2026-08-28T13:04:27Z,de,"['Deutsch', 'Politik', 'Reaction', 'IRL', 'Demo', 'Protest', 'Antifa', '161', 'FCKNZS', 'FCKAFD']",2026-08-28,21-21-36,Friday
321258098011,269140208,tttcheekyttt,511224,Apex Legends,372,2026-08-28T13:11:29Z,ja,"['日本語', 'English']",2026-08-28,21-21-36,Friday
318450292838,75505258,akkcess,509672,IRL,372,2026-08-28T09:13:25Z,de,"['Deutsch', 'DropsAktiviert']",2026-08-28,21-21-36,Friday
318450167270,140975347,unwetterjaeger,509672,IRL,372,2026-08-28T08:52:15Z,de,"['weather', 'stormchasing', 'Deutsch', 'Unwetter', 'Wetter', 'IRL', 'stormchaser', 'Tornado', 'gewitter', 'Schnee']",2026-08-28,21-21-36,Friday
318451060198,47796160,madmosca,1931693784,Pokémon Champions,371,2026-08-28T11:10:30Z,it,"['Italiano', 'Variety', 'Videogames', 'Pokémon', 'VGC', 'PokémonChampions']",2026-08-28,21-21-36,Friday
319003481943,62510206,ariasaki,513143,Teamfight Tactics,371,2026-08-27T13:11:24Z,en,"['ADHD', 'RagerGamer', 'Cooking', 'pets', 'cleaning', 'English']",2026-08-28,21-21-36,Friday
318822034677,1151430332,krytozin,29452,Virtual Casino,370,2026-08-28T12:03:54Z,pt,"['Português', 'Inglês']",2026-08-28,21-21-36,Friday
316001679593,156801396,jonathanong,26936,Music,369,2026-08-28T02:34:38Z,en,"['English', 'Music', 'piano', 'Millenial']",2026-08-28,21-21-36,Friday
316002674281,416440307,cind,1075600787,Backrooms: Escape Together,369,2026-08-28T09:03:09Z,en,"['English', 'Australia', 'ASMR', 'ADHD', 'ComfyChaotic', 'Vtuber', 'art', 'games', 'crazy', 'notafish']",2026-08-28,21-21-36,Friday
318389533669,518149918,sophia_xs,509672,IRL,368,2026-08-28T14:08:24Z,de,['Deutsch'],2026-08-28,21-21-36,Friday
318451788518,183796200,kraandop,515025,Overwatch,368,2026-08-28T12:41:36Z,en,"['Nederlands', 'English']",2026-08-28,21-21-36,Friday
315981234899,37915803,harrie,570615518,Resonance: A Plague Tale Legacy,368,2026-08-28T10:13:44Z,en,"['Aitum', 'English', 'Cozy', 'Friendly', 'gaming', 'Tea', 'Coffee', 'DropsEnabled']",2026-08-28,21-21-36,Friday
315936637137,48259328,joispoi24,32399,Counter-Strike,368,2026-08-28T10:08:11Z,en,['English'],2026-08-28,21-21-36,Friday
321257733083,274382158,yojosherino,512953,ELDEN RING,367,2026-08-28T11:47:49Z,en,"['English', 'Speedrun']",2026-08-28,21-21-36,Friday
317613133155,185866554,s3kox,263490,Rust,366,2026-08-28T13:40:12Z,es,"['Español', 'Rust', 'PvP', 'España', 'vanilla', 'estrategia', 'Raid', 'vanila']",2026-08-28,21-21-36,Friday
316806832980,714025641,santinght,32982,Grand Theft Auto V,365,2026-08-28T12:42:44Z,ru,"['Русский', 'gta5rp', '5rp', 'davis', 'burton', 'harmony', 'blackberry', 'hawick', 'Majestic']",2026-08-28,21-21-36,Friday
316379976562,1294268399,gamingrinko,2108650561,Hollow Cocoon,364,2026-08-28T13:14:05Z,ja,"['japan', '日本語']",2026-08-28,21-21-36,Friday
320129842784,72414688,eduardo_hook,630009802,MARVEL TŌKON: Fighting Souls,364,2026-08-28T04:00:50Z,en,['English'],2026-08-28,21-21-36,Friday
318759556598,64390837,zeusghostz,386821,Black Desert,364,2026-08-28T10:57:57Z,pt,"['Português', 'DropsAtivados']",2026-08-28,21-21-36,Friday
317600385636,121542282,kyriatv,31339,Project Zomboid,363,2026-08-28T09:50:10Z,fr,"['Français', 'chill', 'multigaming', 'justcchatting']",2026-08-28,21-21-36,Friday
321151914970,160155628,maplewood_tv,766571430,HELLDIVERS 2,362,2026-08-28T07:04:59Z,en,"['English', 'TalkingtoViewers', 'cats', 'InteractiveCommunity', 'Dyslexia', 'alien', 'Educational']",2026-08-28,21-21-36,Friday
317600924132,150352604,kswinniie,511224,Apex Legends,362,2026-08-28T11:29:41Z,fr,"['IGL', 'francais', 'MNK', 'Français']",2026-08-28,21-21-36,Friday
319996830046,44390855,enviosity,213930085,Honkai: Star Rail,362,2026-08-28T11:15:53Z,en,"['English', 'Drops', 'F2P', 'Anime', 'Educational', 'Wholesome', 'Weeb', 'Slime', 'Gacha', 'Vtuber']",2026-08-28,21-21-36,Friday
318252533735,767663818,linaaarr,1669431183,DJs,360,2026-08-28T11:32:20Z,de,"['Deutsch', 'DJ', 'Hardstyle', 'djstreaming', 'English', 'Techno', 'EDM', 'Mainstage', '808ontwitch']",2026-08-28,21-21-36,Friday
321143897690,558719040,valoraplays,1702520304,Path of Exile 2,358,2026-08-27T23:05:51Z,en,"['adhd', 'chatty', 'sorryIonlyknowEnglish', 'mostlynotacult', 'chaoticwholesome', 'English', 'idontknowwhatimdoing', 'microscape', 'deepsigh', 'FirstPlaythrough']",2026-08-28,21-21-36,Friday
316734110933,897352307,poisonika,509658,Just Chatting,358,2026-08-28T09:47:26Z,ru,['Русский'],2026-08-28,21-21-36,Friday
318253580519,43780497,blackfireice,513143,Teamfight Tactics,358,2026-08-28T13:29:56Z,pl,"['polski', 'Polski', 'Ranked', 'grind', 'Ladder', 'teamfigttactics', 'TFT']",2026-08-28,21-21-36,Friday
317576702050,183233971,jsavagew,464339927,ARC Raiders,358,2026-08-28T09:41:35Z,fr,"['Pro', 'Français', 'DropsActivés']",2026-08-28,21-21-36,Friday
321151736410,99591839,natarsha,511224,Apex Legends,357,2026-08-28T06:32:21Z,en,"['English', 'Australia', 'America', 'fps', 'food', 'Foodie']",2026-08-28,21-21-36,Friday
318388696421,51420061,missj4cky,27546,World of Tanks,357,2026-08-28T12:45:34Z,en,"['English', 'WorldofTanks', 'fun', 'drops', 'DropsEnabled']",2026-08-28,21-21-36,Friday
315980963539,78894133,danehearth,138585,Hearthstone,356,2026-08-28T08:16:56Z,en,"['English', 'hearthstone']",2026-08-28,21-21-36,Friday
318386427877,774162866,xheymanu,27471,Minecraft,356,2026-08-28T07:45:07Z,de,"['Deutsch', 'Ⅿinecraft', 'Fortnite', 'DeadByDaylight', 'IRL', 'JustChatting', 'Wiederholen']",2026-08-28,21-21-36,Friday
316806613460,1491432514,orangebonus,498566,Slots,356,2026-08-28T12:01:00Z,de,"['Deutsch', 'slots', 'orangemorange']",2026-08-28,21-21-36,Friday
317611346787,153252608,breaker,602040818,NBA 2K27,355,2026-08-28T08:38:21Z,fr,"['Français', 'DropsActivés']",2026-08-28,21-21-36,Friday
316379260018,836587213,crtopioxd,516575,VALORANT,354,2026-08-28T11:07:31Z,ja,"['CR', '日本語', '顔出し配信', 'fps', '寝起き', 'ストグラ']",2026-08-28,21-21-36,Friday
321258052955,100462683,beardedblevins,33214,Fortnite,354,2026-08-28T13:02:58Z,en,"['English', 'Football', 'Dad', 'Bourbon', 'sports', 'Cigar']",2026-08-28,21-21-36,Friday
315964167912,121513552,katerena,459931,Old School RuneScape,353,2026-08-28T08:35:42Z,en,"['English', 'LGBTQIAPlus', 'Australia', 'NewZealander']",2026-08-28,21-21-36,Friday
315936755537,76566396,unsaltedsalt,1264310518,Marvel Rivals,352,2026-08-28T10:59:50Z,en,"['English', 'highelo', 'funny', 'DropsEnabled']",2026-08-28,21-21-36,Friday
315954704082,68654593,pac_tm,687129551,Trackmania,352,2026-08-28T12:45:50Z,en,['English'],2026-08-28,21-21-36,Friday
315936868305,478187203,myramors,1339342170,Snatcher,352,2026-08-28T11:44:20Z,en,"['VTuber', 'English', 'Retro', 'tired', 'Retromancer', 'FirstPlaythrough', 'NoSpoilers', 'NoBackseating']",2026-08-28,21-21-36,Friday
317993542744,159331887,kaisa,509658,Just Chatting,352,2026-08-28T13:40:29Z,en,"['Girl', 'Ally', 'English', 'AAPI', 'Furry', 'OnlyFangs', 'music']",2026-08-28,21-21-36,Friday
321258033243,1470308737,house0fblue,509658,Just Chatting,351,2026-08-28T13:00:14Z,en,['English'],2026-08-28,21-21-36,Friday
316763041366,621636992,misbi77,32399,Counter-Strike,350,2026-08-28T12:28:17Z,ru,"['misbi77', 'Русский', 'faceit', 'CS2']",2026-08-28,21-21-36,Friday
318449960806,126963306,scatterw,27546,World of Tanks,350,2026-08-28T08:15:45Z,de,"['Drops', 'Deutsch', 'English', 'DropsAktiviert']",2026-08-28,21-21-36,Friday
316735606101,245087843,justs_js,27471,Minecraft,349,2026-08-28T14:05:27Z,ru,"['Русский', 'quirky']",2026-08-28,21-21-36,Friday
316801506388,1493276818,windowlightfm,26936,Music,349,2026-08-27T16:09:54Z,en,"['lofi', '247Stream', 'chill', 'Relax', 'study', 'lofimusic', 'English']",2026-08-28,21-21-36,Friday
315980818515,46858028,tmemoryy,1337444628,Call of Duty: Modern Warfare III,349,2026-08-28T07:07:45Z,en,"['English', 'Multiplayer', 'UK']",2026-08-28,21-21-36,Friday
320091723100,63631403,sayfasi,461221,MARVEL Contest of Champions,348,2026-08-28T12:41:57Z,en,"['CCP', 'towers', 'battlegrounds', 'English', 'DropsEnabled']",2026-08-28,21-21-36,Friday
318252114919,150436863,gskianto,32982,Grand Theft Auto V,348,2026-08-28T10:36:14Z,it,['Italiano'],2026-08-28,21-21-36,Friday
316436703987,150229346,eric06212001,19976,MapleStory,348,2026-08-28T13:02:57Z,zh,"['中文', '新楓之谷', 'TMS']",2026-08-28,21-21-36,Friday
318437577318,117952742,outdoorpichl,509672,IRL,348,2026-08-27T02:27:15Z,de,"['Deutsch', 'outdoor', 'Abenteuer', 'gaming', 'Cycling', 'CookingStream', 'bicycle', 'DropsAktiviert']",2026-08-28,21-21-36,Friday
316026534762,690825023,dogbrolovelove,386821,Black Desert,348,2026-08-28T11:58:58Z,th,"['mmorpg', 'blackdesert', 'bdo', 'pve', 'podcast', 'update', 'drop', 'dogbrolovelove', 'ภาษาไทย']",2026-08-28,21-21-36,Friday
318387917285,44788314,powerofevil,21779,League of Legends,348,2026-08-28T11:20:32Z,de,"['Challenger', 'Midlane', 'Deutsch']",2026-08-28,21-21-36,Friday
316734754773,1525162102,cyberherobs,497497,Brawl Stars,348,2026-08-28T11:44:30Z,ru,"['BrawlStars', 'Esports', 'Tournament', 'Competitive', 'English', 'Russian', '3v3', 'SoloShowdown', 'Community', 'LiveCommentary']",2026-08-28,21-21-36,Friday
318889141876,582210277,peptidess_,509658,Just Chatting,347,2026-08-27T22:33:41Z,pt,"['Português', 'warzone']",2026-08-28,21-21-36,Friday
316733830869,52161910,awesomeepicguys,27546,World of Tanks,347,2026-08-28T08:47:04Z,en,"['English', 'tanks', 'WorldofTanks', 'DropsEnabled']",2026-08-28,21-21-36,Friday
318389540197,249904227,zackey,33214,Fortnite,347,2026-08-28T14:08:54Z,hu,"['Romaösszefogás', 'Magyar', 'c', 'á', 'ny', 'reggeliműszak']",2026-08-28,21-21-36,Friday
320133102432,190761380,somjuu,1264310518,Marvel Rivals,347,2026-08-28T13:38:27Z,en,"['black', 'drops', 'Anime', 'English', 'blackpanther', 'DareDevil', 'spiderman', 'DropsEnabled', 'kaicenat']",2026-08-28,21-21-36,Friday
317612602339,635449574,chaoticmuch,511224,Apex Legends,347,2026-08-28T12:27:44Z,en,['English'],2026-08-28,21-21-36,Friday
319996554462,29156271,goratha,416015,Hero Siege,346,2026-08-28T09:48:39Z,en,"['English', 'CoffeeAddict', 'ARPG', 'DropsEnabled']",2026-08-28,21-21-36,Friday
318893307380,797469190,fmrockandpop,417752,Talk Shows & Podcasts,346,2026-08-28T11:18:38Z,es,"['Español', 'Radio', 'Argentina', 'Rock', 'RockAndPop', 'FM', 'fmrockandpop', 'vivo', 'streaming', 'live']",2026-08-28,21-21-36,Friday
320132761440,923380699,bandoviclexi,32399,Counter-Strike,345,2026-08-28T12:43:25Z,it,"['best', 'csgo', 'bestcsplayer', 'Italiano']",2026-08-28,21-21-36,Friday
316735167829,981821478,winningbikini,509658,Just Chatting,344,2026-08-28T12:57:20Z,en,"['English', 'gym', 'fitness', 'live', 'IRL']",2026-08-28,21-21-36,Friday
318385603685,1519452003,badgetobadge,490655,Pokémon GO,344,2026-08-28T04:38:50Z,en,"['English', 'drops', 'Badge', 'Pokémon']",2026-08-28,21-21-36,Friday
316369631345,28510438,bacter1a_,32982,Grand Theft Auto V,344,2026-08-28T12:17:30Z,ja,"['日本語', '聞いたら教えて', '定点カメラ', 'Chocobo']",2026-08-28,21-21-36,Friday
315936479697,667574859,0akling,982017546,Palia,343,2026-08-28T09:00:24Z,en,"['UK', 'Cozy', 'LurkerFriendly', 'Neurodivergent', 'English', 'Palia', 'PaliaPartner', 'paliaupdate', 'DropsEnabled', 'Paliadrops']",2026-08-28,21-21-36,Friday
316378138482,56691819,dd87878,671828211,Boba Cafe Simulator,342,2026-08-28T05:13:55Z,zh,"['鳥', '中文', '主席']",2026-08-28,21-21-36,Friday
316807087700,1483785824,chillehplay,498566,Slots,341,2026-08-28T13:27:27Z,de,['Deutsch'],2026-08-28,21-21-36,Friday
318386428261,139815896,kamilius1,21779,League of Legends,341,2026-08-28T07:45:10Z,cs,"['Čeština', 'Slovenčina', 'czsk', 'leagueoflegends', 'English', 'Challenger', 'LCK', 'LPL', 'lol']",2026-08-28,21-21-36,Friday
318246338535,1252947491,badgetracker,13332,Pokémon FireRed/LeafGreen,341,2026-08-27T18:23:00Z,en,"['Русский', 'English', 'Badge', 'pokemon', 'Pokémon']",2026-08-28,21-21-36,Friday
318388668005,468638176,predagefn,33214,Fortnite,340,2026-08-28T12:43:03Z,it,"['Italiano', 'predage', 'goat', 'palestra', 'proplayer']",2026-08-28,21-21-36,Friday
317612414563,36468444,glubbable,509658,Just Chatting,340,2026-08-28T11:58:02Z,en,"['English', 'Anime', 'VR', 'VTuber', 'Fox', 'Girl', 'VRChat', 'ASMR', 'Brat', 'DeadWeight']",2026-08-28,21-21-36,Friday
316025999210,461915358,zazzastack,1264310518,Marvel Rivals,340,2026-08-28T09:21:09Z,en,"['Woman', 'Australian', 'Cozy', 'English', 'fps', 'UbisoftPartner', 'overwatch', 'marvelrivals', 'blackwidow', 'AIOptedOut']",2026-08-28,21-21-36,Friday
315964094568,431592451,slowwalkthroughs,570615518,Resonance: A Plague Tale Legacy,340,2026-08-28T08:10:44Z,en,"['English', 'Australia', 'AUS', 'NoBackseating', 'NoSpoilers', 'PC', '4090', 'FirstPlaythrough', 'DropsEnabled']",2026-08-28,21-21-36,Friday
317601564388,48759454,modiiie,676802825,Big Walk,339,2026-08-28T13:06:04Z,fr,"['découverte', 'français', 'été', 'test', 'multi', 'jeuindé', 'indiegame', 'Français']",2026-08-28,21-21-36,Friday
316001999849,46624156,niu0716,516575,VALORANT,339,2026-08-28T05:01:07Z,zh,['中文'],2026-08-28,21-21-36,Friday
321254753499,890028845,winton_ow2,515025,Overwatch,339,2026-08-28T03:52:19Z,en,"['English', 'Drops', 'Tank', 'Chill', 'Vibe', 'Vtuber', 'Cozy', 'winton', 'pngtuber']",2026-08-28,21-21-36,Friday
316368739825,29923971,rainbrain,263490,Rust,338,2026-08-28T09:00:56Z,ja,['日本語'],2026-08-28,21-21-36,Friday
317578314082,497861261,mi_miau,509658,Just Chatting,338,2026-08-28T14:00:03Z,es,['Español'],2026-08-28,21-21-36,Friday
315937101649,24981496,hydramist,18122,World of Warcraft,338,2026-08-28T13:09:04Z,en,"['English', 'PvP', 'wow', 'wowclassic', 'worldofwarcraft', 'Arena', 'mopclassic', 'MistsofPandaria', 'Priest', 'MMO']",2026-08-28,21-21-36,Friday
316761824214,135496592,buggy,401587136,Arena Breakout: Infinite,337,2026-08-28T08:02:08Z,en,['English'],2026-08-28,21-21-36,Friday
317600632420,497414507,zyfraraider,417528,Albion Online,337,2026-08-28T10:41:45Z,es,"['Español', 'AlbionOnline', 'Giveaways', 'MMORPG', 'LATAM', 'Dropshabilitados', 'Sorteo', 'DropsActivados']",2026-08-28,21-21-36,Friday
317600530532,211024421,saken_lol,21779,League of Legends,336,2026-08-28T10:20:48Z,fr,['Français'],2026-08-28,21-21-36,Friday
319996759134,419574952,boggles,460630,Rainbow Six Siege,336,2026-08-28T10:54:37Z,en,"['Australia', 'ADHD', 'ishowspeed', 'English', 'jynxzi', '7TV', 'OCE', 'hivise']",2026-08-28,21-21-36,Friday
315964845800,550808100,xaeela,26936,Music,335,2026-08-28T12:01:32Z,en,"['Vtuber', 'English', '18pluschannel', 'Chatty', 'Comfy', 'Singing', 'AcousticCovers', 'music']",2026-08-28,21-21-36,Friday
318821882997,84687376,teuzinfps,19619,Tibia,335,2026-08-28T10:58:17Z,pt,"['Português', 'Inglês', 'MMORPG', 'Tibia']",2026-08-28,21-21-36,Friday
317577879266,29315858,dokhy,513143,Teamfight Tactics,335,2026-08-28T13:02:29Z,fr,['Français'],2026-08-28,21-21-36,Friday
321088312793,207080537,hyliandescent,1329153872,Pokémon Pokopia,334,2026-08-28T12:20:39Z,en,"['English', 'Beard', 'LurkerFriendly', 'Chatting', 'Nintendo', 'AnimalCrossing', 'Retro', 'StardewValley', 'Zelda', 'Pokemon']",2026-08-28,21-21-36,Friday
318388993637,98827681,tankelit,27546,World of Tanks,334,2026-08-28T13:15:06Z,hu,"['Magyar', 'DropokEngedélyezve']",2026-08-28,21-21-36,Friday
315936652113,31680543,mblaoc,13389,Age of Empires II,334,2026-08-28T10:15:20Z,en,['English'],2026-08-28,21-21-36,Friday
320132492640,880388494,simi,509659,ASMR,333,2026-08-28T11:42:10Z,en,"['ASMR', 'SultryVoice', 'SouthernBelle', 'English', 'Comfy', 'Mindfulness', 'WholesomeVibes', 'Vtuber', '18PlusMature']",2026-08-28,21-21-36,Friday
316369231345,1256309138,mrwarts,509658,Just Chatting,333,2026-08-28T11:16:54Z,en,"['English', 'Japan', 'konnichiwarts', 'IRL']",2026-08-28,21-21-36,Friday
316735144149,47999111,hei3,32982,Grand Theft Auto V,333,2026-08-28T12:53:31Z,ru,"['RolePlay', 'GTA5RP', 'RP', 'пенсионныйфондтвича', 'Русский', 'harmony', 'дед']",2026-08-28,21-21-36,Friday
317601727076,519764863,shadowza,516575,VALORANT,332,2026-08-28T13:26:59Z,ar,"['العربية', 'shadowza', 'arab', 'arabic', 'Arabia', 'gaming', 'radiant', 'valorant', 'cheating']",2026-08-28,21-21-36,Friday
318759848694,57413515,ralisco,401587136,Arena Breakout: Infinite,331,2026-08-28T12:38:30Z,pt,['Português'],2026-08-28,21-21-36,Friday
316379420530,1145175258,nagisekaied,257983487,Village in the Shade,331,2026-08-28T11:42:59Z,ja,"['日本語', 'Vtuber', 'Anime', '最強JK勇者', 'fps', '指示コメNG', 'なぎたいむ']",2026-08-28,21-21-36,Friday
317577516642,61435362,hermanel,509658,Just Chatting,331,2026-08-28T12:08:11Z,fr,"['Français', 'gaming', 'chill', 'humour']",2026-08-28,21-21-36,Friday
318253499751,35946548,ekgcs,32399,Counter-Strike,331,2026-08-28T13:22:06Z,tr,"['ekg', 'Türkçe', 'cs2', 'Comptetitive', 'IGL']",2026-08-28,21-21-36,Friday
317577770978,512025628,zyrpesland,512710,Call of Duty: Warzone,330,2026-08-28T12:47:59Z,es,"['Español', 'warzon', 'warzone', 'callofdutywarzone', 'zyrpes', 'codwarzone', 'callofduty', 'battlefield', 'Battlefield6', 'Shooter']",2026-08-28,21-21-36,Friday
317993183576,490639381,itskonax,464339927,ARC Raiders,330,2026-08-28T11:16:59Z,en,"['English', 'PvP', 'BeginnerFriendly', 'Goopa', 'dogs', 'DropsEnabled']",2026-08-28,21-21-36,Friday
