id,user_id,user_login,game_id,game_name,viewer_count,started_at,language,tags,snapshot_date,snapshot_time,snapshot_day
316033736530,57781936,rocketleague,30921,Rocket League,90825,2026-09-20T14:54:31Z,en,"['English', 'DropsEnabled', 'Esports', 'RLCS']",2026-09-21,02-51-06,Monday
320449515616,411377640,jynxzi,33214,Fortnite,58810,2026-09-20T15:47:07Z,en,"['English', 'DropsEnabled']",2026-09-21,02-51-06,Monday
317775868386,238813810,eliasn97,123184772,EA Sports FC 27,47739,2026-09-20T09:33:24Z,de,['Deutsch'],2026-09-21,02-51-06,Monday
317810324707,92038375,caedrel,21779,League of Legends,45078,2026-09-20T12:54:23Z,en,"['English', 'LPL', 'LCK', 'LEC', 'Worlds', 'Esports', 'DropsEnabled']",2026-09-21,02-51-06,Monday
320450807776,552120296,zackrawrr,509658,Just Chatting,43257,2026-09-20T17:32:57Z,en,"['English', 'politics', 'bald', 'DropsEnabled']",2026-09-21,02-51-06,Monday
317491514615,887001013,nico_la,509672,IRL,37443,2026-09-20T10:31:50Z,fr,"['Français', 'drole', 'humour', 'nico', 'nicotine', 'nicola', 'IRL', 'react']",2026-09-21,02-51-06,Monday
317804733156,39276140,rubius,1458901309,Find The Needle,34414,2026-09-20T17:40:33Z,es,"['Español', 'femboy', 'DropsActivados']",2026-09-21,02-51-06,Monday
321457792217,26301881,sodapoppin,18122,World of Warcraft,28413,2026-09-20T16:18:46Z,en,"['English', 'DropsEnabled', 'Furry', 'Gay', 'fat', 'MentallyChallenged', 'worldofwarcraft']",2026-09-21,02-51-06,Monday
316909253718,233741947,strogo,32399,Counter-Strike,27991,2026-09-20T11:54:01Z,ru,"['English', 'Русский', 'Major', 'ESL', 'IEM', 'Major2026', 'Лудоман']",2026-09-21,02-51-06,Monday
319294914775,246450563,stableronaldo,33214,Fortnite,27398,2026-09-20T19:06:40Z,en,"['English', 'DropsEnabled']",2026-09-21,02-51-06,Monday
320451363552,207813352,hasanabi,509658,Just Chatting,25718,2026-09-20T18:14:57Z,en,"['news', 'politics', 'adhd', 'English', 'GamerRage', 'DropsEnabled']",2026-09-21,02-51-06,Monday
317811455331,43683025,ohnepixel,30921,Rocket League,24300,2026-09-20T14:53:49Z,en,"['English', 'Drops', 'DropsEnabled']",2026-09-21,02-51-06,Monday
317802223844,50985620,papaplatte,509663,Special Events,21571,2026-09-20T13:53:45Z,de,"['Deutsch', 'PositivVibes', 'Washed', 'matcha', 'DropsAktiviert']",2026-09-21,02-51-06,Monday
316910687830,89132304,sasavot,32399,Counter-Strike,19880,2026-09-20T15:39:37Z,ru,['Русский'],2026-09-21,02-51-06,Monday
319294056919,136765278,buddha,32982,Grand Theft Auto V,18980,2026-09-20T17:39:17Z,en,"['English', 'DropsEnabled']",2026-09-21,02-51-06,Monday
320451176800,563908141,joe_bartolozzi,33214,Fortnite,18381,2026-09-20T18:01:22Z,en,"['English', 'DropsEnabled']",2026-09-21,02-51-06,Monday
317813929187,155601320,jltomy,509658,Just Chatting,17794,2026-09-20T18:55:07Z,fr,"['Français', 'DropsActivés']",2026-09-21,02-51-06,Monday
320448869216,139027213,rocketbaguette,30921,Rocket League,17700,2026-09-20T14:49:58Z,fr,"['Esports', 'Français', 'DropsActivés']",2026-09-21,02-51-06,Monday
317803444580,1417877565,washingmachinemmm,509658,Just Chatting,16663,2026-09-20T15:45:45Z,en,"['English', 'comp', 'slasher', 'Medieval', 'chattingwithviewers', 'Chattingstream', 'banterwelcome', 'Rust', 'DropsEnabled']",2026-09-21,02-51-06,Monday
318519118567,48865821,staiy,509658,Just Chatting,16420,2026-09-20T14:00:01Z,de,"['Deutsch', 'DropsAktiviert']",2026-09-21,02-51-06,Monday
320449928032,23161357,lirik,737616997,BLACKWOOD,15555,2026-09-20T16:20:31Z,en,"['English', 'LUL', 'DropsEnabled']",2026-09-21,02-51-06,Monday
318716073574,64342766,trymacs,509658,Just Chatting,14205,2026-09-20T14:54:51Z,de,"['Deutsch', 'DropsAktiviert']",2026-09-21,02-51-06,Monday
316280119917,769786838,bigsam211,509658,Just Chatting,12880,2026-09-20T19:27:37Z,en,"['bigsam211', 'english', 'AMP', 'core', 'English', 'DropsEnabled']",2026-09-21,02-51-06,Monday
317799512164,25722719,dakillzor,27546,World of Tanks,12685,2026-09-20T07:37:24Z,en,"['English', 'DropsEnabled']",2026-09-21,02-51-06,Monday
317493406711,494543675,lacy,33214,Fortnite,12274,2026-09-20T19:13:53Z,en,"['English', 'DropsEnabled']",2026-09-21,02-51-06,Monday
319275553623,175831187,ironmouse,508455,Valheim,12176,2026-09-19T03:19:24Z,en,"['English', 'Anime', 'Singing', 'puertorico', 'Vtuber', 'Latino', 'vtuber', 'DropsEnabled']",2026-09-21,02-51-06,Monday
318171982808,422243447,vanillamace,33214,Fortnite,12048,2026-09-20T17:54:34Z,en,"['English', 'girl', 'pretty', 'awesome', 'cool', 'chill', 'vanilla', 'vanillamace', 'DropsEnabled']",2026-09-21,02-51-06,Monday
317778947810,80216715,rosdri_twitch,30921,Rocket League,12007,2026-09-20T15:33:14Z,es,"['rlcs', 'rocketleague', 'español', 'drops', 'watchparty', 'esports', 'spanish', 'ViewerParty', 'Español', 'DropsActivados']",2026-09-21,02-51-06,Monday
318657769701,73437396,bonjwa,509663,Special Events,11561,2026-09-20T14:45:03Z,de,"['Deutsch', 'DropsAktiviert']",2026-09-21,02-51-06,Monday
319294905687,107117952,jasontheween,509658,Just Chatting,11552,2026-09-20T19:05:50Z,en,"['English', 'DropsEnabled']",2026-09-21,02-51-06,Monday
318523002599,31289086,wankilstudio,509658,Just Chatting,11533,2026-09-20T18:56:01Z,fr,"['Français', 'DropsActivés']",2026-09-21,02-51-06,Monday
320437702880,124835948,ddg,509658,Just Chatting,11515,2026-09-19T21:32:45Z,en,"['English', 'DropsEnabled']",2026-09-21,02-51-06,Monday
320448931424,598713647,angryginge13,123184772,EA Sports FC 27,11242,2026-09-20T14:55:36Z,en,"['English', 'DropsEnabled']",2026-09-21,02-51-06,Monday
321438723929,115994925,alphakep,30921,Rocket League,10768,2026-09-19T11:18:05Z,en,"['English', 'drops', 'NoAds', 'NoAdsAfterPreroll', 'DropsActive', 'pro', 'DropsEnable', 'rocketleague', 'Golf', 'DropsEnabled']",2026-09-21,02-51-06,Monday
318521794919,85397463,noway4u_sir,21779,League of Legends,10625,2026-09-20T17:26:12Z,de,"['Deutsch', 'English']",2026-09-21,02-51-06,Monday
318959987958,65171890,rainbow6,460630,Rainbow Six Siege,10140,2026-09-20T15:28:59Z,en,"['English', 'ubisoft', 'rainbowsixsiege', 'R6', 'DropsEnabled']",2026-09-21,02-51-06,Monday
317780258018,135468063,antoinedaniel,2059463486,Waterpark Simulator,9862,2026-09-20T17:38:12Z,fr,['Français'],2026-09-21,02-51-06,Monday
318172620888,91067577,emiru,509658,Just Chatting,9780,2026-09-20T19:23:43Z,en,"['English', 'Cosplay', 'DropsEnabled']",2026-09-21,02-51-06,Monday
317813246051,590548738,sylvainlyve,1378292380,Police Chief Simulator,9320,2026-09-20T17:57:07Z,fr,"['Français', 'chômage', 'singe', 'KeepPushing', 'sylvainlyve']",2026-09-21,02-51-06,Monday
321456764377,180118013,hutchmf,743893402,WARDOGS,8989,2026-09-20T14:54:35Z,en,"['English', 'DropsEnabled']",2026-09-21,02-51-06,Monday
318717926630,82197170,ewroon,32982,Grand Theft Auto V,8641,2026-09-20T17:23:00Z,pl,"['Polski', 'DropyWłączone']",2026-09-21,02-51-06,Monday
321507509594,203300412,nemurf,30921,Rocket League,8604,2026-09-20T03:04:22Z,es,"['Español', 'México', 'drops', 'DropsActivados']",2026-09-21,02-51-06,Monday
318172119640,124420521,lcs,21779,League of Legends,8572,2026-09-20T18:13:30Z,en,"['English', 'DropsEnabled']",2026-09-21,02-51-06,Monday
316877201109,26921830,elajjaz,511844,The Lord of the Rings: Gollum,8405,2026-09-20T13:40:57Z,en,"['English', 'megagamer']",2026-09-21,02-51-06,Monday
316877195221,181718577,guacamolemolly,509658,Just Chatting,8252,2026-09-20T13:40:01Z,ru,"['BOSS', 'Русский', 'богатырь', 'безтреша', 'прайм', 'стабильность', 'gayvibes', 'непутевый', 'femboytalking', 'DropsВключены']",2026-09-21,02-51-06,Monday
318716886630,622545020,rezo,509658,Just Chatting,8210,2026-09-20T16:02:33Z,de,"['Deutsch', 'Rezo', 'reaction', 'DropsAktiviert']",2026-09-21,02-51-06,Monday
317804455652,549653218,baitybait,509658,Just Chatting,8205,2026-09-20T17:15:02Z,es,"['Español', 'DropsActivados']",2026-09-21,02-51-06,Monday
316049380072,56649026,quin69,508455,Valheim,7797,2026-09-20T15:17:46Z,en,['English'],2026-09-21,02-51-06,Monday
319293750231,40934651,ludwig,27471,Minecraft,7725,2026-09-20T17:05:34Z,en,"['English', 'lolcow', 'AIOptedOut', 'DropsEnabled']",2026-09-21,02-51-06,Monday
317802490596,1895664,djmariio,123184772,EA Sports FC 27,7720,2026-09-20T14:18:00Z,es,"['DJMARIO', 'DJMARIIO', 'FIFA', 'FC', 'Español', 'ULTIMATEMOSTOLES', 'FC26', 'MUNDIAL', 'WORLDCUP', 'FC27']",2026-09-21,02-51-06,Monday
321628310107,59624901,payo,18122,World of Warcraft,7650,2026-09-20T13:23:53Z,en,"['English', 'Québec', 'Quebec', 'Français', 'Canadian', 'Canada', 'PVP', 'WoW', 'Hardcore', 'qc']",2026-09-21,02-51-06,Monday
318523365863,31919607,elxokas,18122,World of Warcraft,7315,2026-09-20T19:24:12Z,es,"['Español', 'DropsActivados']",2026-09-21,02-51-06,Monday
320450517216,26610234,cohhcarnage,417752,Talk Shows & Podcasts,7312,2026-09-20T17:08:14Z,en,"['SFW', 'Parent', 'ADHD', 'moderated', 'NoPolitics', 'NoReligion', 'Interactive', 'Overencumbered', 'LootGoblin', 'English']",2026-09-21,02-51-06,Monday
319293307223,26194208,mitchjones,498566,Slots,7309,2026-09-20T16:04:54Z,en,['English'],2026-09-21,02-51-06,Monday
315523514607,65653595,roger9527,516575,VALORANT,7192,2026-09-20T13:22:20Z,zh,['中文'],2026-09-21,02-51-06,Monday
321459653081,165301937,realkatieb,33214,Fortnite,7054,2026-09-20T18:32:10Z,en,['English'],2026-09-21,02-51-06,Monday
316878479701,87186401,lenagol0vach,29595,Dota 2,6920,2026-09-20T16:51:56Z,ru,['Русский'],2026-09-21,02-51-06,Monday
316953303764,39154778,recrent,29595,Dota 2,6873,2026-09-20T12:55:13Z,ru,"['Русский', 'DropsВключены']",2026-09-21,02-51-06,Monday
316911373270,139345001,aunkere,32399,Counter-Strike,6742,2026-09-20T17:03:26Z,ru,"['Русский', 'aunkere', 'аункер', 'cs2major', 'English', 'позитив', 'безмашны']",2026-09-21,02-51-06,Monday
318660996581,152633332,knekro,1458901309,Find The Needle,6628,2026-09-20T18:37:02Z,es,"['Español', 'Elmejor', 'Challenger', 'hardcoregamer', 'peepoClown', 'vuelaalto', 'cracabut', 'DropsActivados']",2026-09-21,02-51-06,Monday
321512365914,97245742,vei,508455,Valheim,6619,2026-09-20T15:00:20Z,en,"['Vtuber', 'VisualASMR', 'real', 'female', 'agirlandagamerwhoamama', 'humminahumminabazoooooing', 'English', 'awooga', 'veibae', 'dog']",2026-09-21,02-51-06,Monday
320311842142,37402112,shroud,33214,Fortnite,6561,2026-09-20T16:58:39Z,en,"['English', 'DropsEnabled']",2026-09-21,02-51-06,Monday
320406786140,233300375,clix,33214,Fortnite,6537,2026-09-20T14:19:21Z,en,['English'],2026-09-21,02-51-06,Monday
317780508130,85498365,vedal987,511391,Hollow Knight: Silksong,6501,2026-09-20T18:01:10Z,en,['English'],2026-09-21,02-51-06,Monday
320407808732,90018770,squishymuffinz,30921,Rocket League,6481,2026-09-20T15:54:09Z,en,"['English', 'DropsEnabled']",2026-09-21,02-51-06,Monday
318172060120,196858,omie,32982,Grand Theft Auto V,6452,2026-09-20T18:04:08Z,en,"['English', 'DropsEnabled']",2026-09-21,02-51-06,Monday
316112311146,224539819,aussieantics,33214,Fortnite,6408,2026-09-20T15:08:32Z,en,['English'],2026-09-21,02-51-06,Monday
321512056666,817971043,w1llyv,30921,Rocket League,6402,2026-09-20T14:30:22Z,ar,"['arabic', 'arab', 'DropsEnabeled', 'العربية', 'تم・تمكين・Drops']",2026-09-21,02-51-06,Monday
317804539108,177146919,florence,509658,Just Chatting,6231,2026-09-20T17:23:48Z,fr,"['Français', 'DropsActivés']",2026-09-21,02-51-06,Monday
318719358566,53065331,dariomocciatwitch,509658,Just Chatting,6009,2026-09-20T19:00:14Z,it,"['Italiano', 'DropAbilitati']",2026-09-21,02-51-06,Monday
321456893273,67261729,savix,18122,World of Warcraft,5888,2026-09-20T15:05:07Z,en,"['Worldofwarcraft', 'English', 'MMORPG', 'NA', 'DropsEnabled']",2026-09-21,02-51-06,Monday
320450924896,56990029,chatterbox,32982,Grand Theft Auto V,5865,2026-09-20T17:42:31Z,en,"['English', 'NoPixel', 'NoPixelV', 'Clown', 'chatterbox', 'DropsEnabled']",2026-09-21,02-51-06,Monday
316876486613,205654898,keliencs,32399,Counter-Strike,5729,2026-09-20T11:47:53Z,ru,"['Русский', 'English', 'CS2', 'FPL']",2026-09-21,02-51-06,Monday
317800433892,625931244,mawkzy_,30921,Rocket League,5714,2026-09-20T10:29:43Z,fr,"['Dropsactivés', 'Français']",2026-09-21,02-51-06,Monday
318717624166,52345220,tisischubech,123184772,EA Sports FC 27,5710,2026-09-20T17:01:27Z,de,"['Deutsch', 'fussball', 'tisischubech', 'EAFC27']",2026-09-21,02-51-06,Monday
316878165717,32155044,5opka,27471,Minecraft,5709,2026-09-20T16:09:54Z,ru,"['Русский', 'DropsВключены', '42iqстример', '42iqмодеры']",2026-09-21,02-51-06,Monday
318661444325,89600394,therealmarzaa,509658,Just Chatting,5689,2026-09-20T19:10:21Z,it,"['Italiano', 'English', 'Barese', 'DropAbilitati']",2026-09-21,02-51-06,Monday
321456923225,38871579,feinberg,27471,Minecraft,5661,2026-09-20T15:07:01Z,en,"['English', 'Speedrun', 'DropsEnabled']",2026-09-21,02-51-06,Monday
317801860836,63675549,kaydop,30921,Rocket League,5563,2026-09-20T13:16:29Z,fr,"['Français', 'DropsActivés']",2026-09-21,02-51-06,Monday
318522982631,156705811,lollolacustre,509658,Just Chatting,5394,2026-09-20T18:54:15Z,it,"['Italiano', 'DropAbilitati']",2026-09-21,02-51-06,Monday
318660630501,51653974,coachlim,509658,Just Chatting,5339,2026-09-20T18:10:04Z,de,"['Deutsch', 'DropsAktiviert']",2026-09-21,02-51-06,Monday
319292908887,922497189,mcsrranked,27471,Minecraft,5282,2026-09-20T15:00:31Z,en,"['mcsrranked', 'MCSR', 'speedrun', 'playoff', 'rankedquals', 'English', 'DropsEnabled']",2026-09-21,02-51-06,Monday
316878826709,409418317,gpkdota21,29595,Dota 2,5213,2026-09-20T17:35:07Z,ru,"['Русский', 'дота']",2026-09-21,02-51-06,Monday
318519010279,38121996,bastighg,509663,Special Events,5203,2026-09-20T13:51:53Z,de,"['Deutsch', 'DropsAktiviert']",2026-09-21,02-51-06,Monday
318519090919,637227911,danielslump,509658,Just Chatting,5148,2026-09-20T13:58:07Z,de,"['Deutsch', 'DropsAktiviert']",2026-09-21,02-51-06,Monday
316471906801,147242239,xhalli4x,2005329090,Jinro Metropolis,5013,2026-09-20T13:41:50Z,ja,['日本語'],2026-09-21,02-51-06,Monday
319295065175,79615025,valkyrae,33214,Fortnite,4991,2026-09-20T19:20:24Z,en,"['English', 'DropsEnabled']",2026-09-21,02-51-06,Monday
318658605157,43911520,ixkillerx,30921,Rocket League,4985,2026-09-20T15:51:47Z,ar,"['Arabic', 'العربية', 'تم・تمكين・Drops']",2026-09-21,02-51-06,Monday
320407239388,38746172,esfandtv,18122,World of Warcraft,4911,2026-09-20T15:02:19Z,en,"['English', 'NoPixel', 'GTARP', 'Cornwood', 'DropsEnabled']",2026-09-21,02-51-06,Monday
316907888214,30383713,kungentv,18122,World of Warcraft,4796,2026-09-20T07:26:46Z,en,"['English', 'DropsEnabled']",2026-09-21,02-51-06,Monday
318653748197,48082917,jokerdtv,18122,World of Warcraft,4742,2026-09-20T08:12:10Z,en,"['MMORPG', 'English', 'drops', 'DropsEnabled']",2026-09-21,02-51-06,Monday
318655527653,145836524,fonbet_media_eleague,32399,Counter-Strike,4731,2026-09-20T11:30:32Z,ru,"['fme', 'Соревнования', 'Русский']",2026-09-21,02-51-06,Monday
321456285657,680805919,asche,509663,Special Events,4676,2026-09-20T14:01:19Z,de,"['Vtuber', 'dumm', 'warumRedetDieSoviel', 'AAAAAAAAAAAAA', 'fich', 'Deutsch', 'WettkampfSchimmeln', 'PädagogischWet', '18plusstream']",2026-09-21,02-51-06,Monday
316061024339,522478761,hackingnoisess,27471,Minecraft,4669,2026-09-20T13:53:58Z,en,"['Speedrun', 'English', 'DropsEnabled']",2026-09-21,02-51-06,Monday
317811783267,56040562,xthesolutiontv,123184772,EA Sports FC 27,4594,2026-09-20T15:27:48Z,de,"['Deutsch', 'OG', 'Erpel', 'Ente', 'Khal', 'Schere', 'Prozente']",2026-09-21,02-51-06,Monday
316879199957,40488774,stray228,29595,Dota 2,4557,2026-09-20T18:29:34Z,ru,"['ПАХАН', 'проигрок228', 'солевойстример', 'тащер', 'адекватнаяатмосфера', 'Бодибилдер', 'Русский', 'танцор', 'Клубничка']",2026-09-21,02-51-06,Monday
321629283931,195864702,crespor,30921,Rocket League,4470,2026-09-20T15:15:02Z,ar,"['العربية', 'تم・تمكين・Drops']",2026-09-21,02-51-06,Monday
316909024086,43899589,c_a_k_e,29595,Dota 2,4466,2026-09-20T11:19:37Z,ru,['Русский'],2026-09-21,02-51-06,Monday
316538429939,77415295,jasper7se,511224,Apex Legends,4458,2026-09-20T08:53:43Z,ja,['日本語'],2026-09-21,02-51-06,Monday
318659566821,75738685,insym,1186220182,Meat Grinder: First Cut,4438,2026-09-20T16:58:21Z,en,['English'],2026-09-21,02-51-06,Monday
318715276902,121835095,mellstroy,493057,PUBG: BATTLEGROUNDS,4326,2026-09-20T13:48:22Z,ru,['Русский'],2026-09-21,02-51-06,Monday
317781349346,137347549,locklear,509658,Just Chatting,4207,2026-09-20T19:11:26Z,fr,"['Français', 'DropsActivés']",2026-09-21,02-51-06,Monday
316484140658,207356702,kannachan524,516575,VALORANT,4151,2026-09-20T14:09:56Z,zh,['中文'],2026-09-21,02-51-06,Monday
320449376608,133220545,jay3,1264310518,Marvel Rivals,4130,2026-09-20T15:35:41Z,en,"['English', 'DropsEnabled']",2026-09-21,02-51-06,Monday
317492589943,457138035,marco_scm,509658,Just Chatting,4061,2026-09-20T16:53:52Z,de,"['Stimmen', 'werden', 'Lauter', 'clipfarm', 'deusch', 'Deutsch', 'DropsAktiviert']",2026-09-21,02-51-06,Monday
316954655956,63614185,snailkick,509658,Just Chatting,4039,2026-09-20T16:05:10Z,ru,"['реакция', 'юмор', 'бв16', 'вайб', 'атмосфера', 'snailkick', 'CS2', 'horrorgames', 'Русский', 'DropsВключены']",2026-09-21,02-51-06,Monday
320314216542,90222258,agent00,509658,Just Chatting,4022,2026-09-20T19:22:45Z,en,"['English', 'AGENT00', 'AMP', 'DropsEnabled']",2026-09-21,02-51-06,Monday
317812266851,20992865,grubby,12924,Warcraft III,4009,2026-09-20T16:17:14Z,en,"['English', 'Warcraft3', 'RTS', '4X', 'Grubby', 'Cardgames', 'Strategy', 'RPG']",2026-09-21,02-51-06,Monday
317813673187,25058448,orslok,509658,Just Chatting,3999,2026-09-20T18:34:35Z,es,"['Español', 'DropsActivados']",2026-09-21,02-51-06,Monday
318520225511,67931625,amar,33214,Fortnite,3850,2026-09-20T15:29:36Z,de,"['Deutsch', 'drops', 'Fortnite']",2026-09-21,02-51-06,Monday
321459844697,12943173,pokelawls,32982,Grand Theft Auto V,3811,2026-09-20T18:45:43Z,en,"['English', 'depression', 'ubereats', 'lo', 'gigi', 'DropsEnabled']",2026-09-21,02-51-06,Monday
317812127203,140846786,fugu_fps,516575,VALORANT,3768,2026-09-20T16:02:49Z,fr,['Français'],2026-09-21,02-51-06,Monday
317802862436,85800130,etoiles,27471,Minecraft,3713,2026-09-20T14:53:23Z,fr,"['Français', 'DropsActivés']",2026-09-21,02-51-06,Monday
316954419540,523836820,mafanyaking,509658,Just Chatting,3677,2026-09-20T15:35:13Z,ru,"['Русский', 'DropsВключены']",2026-09-21,02-51-06,Monday
317803453796,97189013,rasmelthor,30921,Rocket League,3669,2026-09-20T15:46:36Z,fr,"['Français', 'Esports', 'rocketleague', 'RLEsports', 'TopAchat', 'Holy', 'DropsEnable', 'DropsActivés']",2026-09-21,02-51-06,Monday
319092151668,240277531,gorilon,33214,Fortnite,3660,2026-09-20T19:17:08Z,es,['Español'],2026-09-21,02-51-06,Monday
317780506210,201852806,limmigreparisien,518203,Sports,3622,2026-09-20T18:01:05Z,fr,"['Français', 'DropsActivés']",2026-09-21,02-51-06,Monday
318717956454,92848919,renatko,509672,IRL,3609,2026-09-20T17:25:20Z,ru,"['Русский', 'машины', 'СТАЯ', 'ирл', 'ИРЛСТРИМ', 'ирлстример']",2026-09-21,02-51-06,Monday
318170969432,119407348,shxtou,66082,Games + Demos,3589,2026-09-20T14:40:31Z,en,"['English', 'Vtuber', 'LGBTQ', 'MaleVtuber', 'Twunk', 'Asian', 'Femboy', 'Anime', 'ENVtuber', 'twinkmaxxing']",2026-09-21,02-51-06,Monday
317805898980,707288845,mehditdonc,1763263,nanos world,3568,2026-09-20T19:15:04Z,fr,['Français'],2026-09-21,02-51-06,Monday
321512968922,128440061,zentreya,743893402,WARDOGS,3537,2026-09-20T15:52:11Z,en,"['English', 'ForkliftCertified', 'GoodMusicTaste', 'ENVtuber', 'PositiveVibes', 'Anime', 'funny', 'gaming', 'Vtuber', 'SVA']",2026-09-21,02-51-06,Monday
316060989523,101175894,auziomf,123184772,EA Sports FC 27,3465,2026-09-20T13:39:58Z,en,"['English', 'Football', 'fc27']",2026-09-21,02-51-06,Monday
320408370908,143759910,runthefutmarket,123184772,EA Sports FC 27,3428,2026-09-20T16:39:35Z,en,"['English', 'sports', 'soccer', 'Football']",2026-09-21,02-51-06,Monday
316877169877,48201326,missmikkaa,15512,Star Wars: Jedi Knight - Jedi Academy,3384,2026-09-20T13:35:36Z,en,"['English', 'swedish', 'Interactive', 'Chatty', 'ADHD', 'girl', 'TwitchAmbassador', 'FirstPlaythrough', 'Woman']",2026-09-21,02-51-06,Monday
316871508693,83646817,komplettno,493057,PUBG: BATTLEGROUNDS,3360,2026-09-19T15:38:23Z,no,"['Norsk', 'Norge', 'gaming']",2026-09-21,02-51-06,Monday
316911919446,137283875,megarush51,32399,Counter-Strike,3357,2026-09-20T18:10:04Z,ru,"['Русский', 'MEGARUSH', 'МЕГАПРОКАЧКА', 'ПРОКАЧКИ', 'ПРОКАЧКА', 'ПРОКАЧКАИНВЕНТАРЯ', 'МЕГАРАШ']",2026-09-21,02-51-06,Monday
320449006048,56865374,barbarousking,11557,The Legend of Zelda: Ocarina of Time,3356,2026-09-20T15:02:29Z,en,"['English', 'BaldWelcome', 'Kaizo', 'GorillaWins', 'memberofparliament', 'bauserhaus']",2026-09-21,02-51-06,Monday
318520312039,40855047,qlnek,33214,Fortnite,3310,2026-09-20T15:36:29Z,pl,['Polski'],2026-09-21,02-51-06,Monday
317801479140,38446500,revenant,508455,Valheim,3287,2026-09-20T12:36:39Z,es,['Español'],2026-09-21,02-51-06,Monday
318658325733,430023505,xrohat,509658,Just Chatting,3283,2026-09-20T15:29:40Z,de,"['Deutsch', 'DropsAktiviert']",2026-09-21,02-51-06,Monday
317493013239,51270104,flight23white,509658,Just Chatting,3277,2026-09-20T18:14:15Z,en,"['English', 'flightreacts', 'flight23white', 'FlightTeam', 'music', 'gaming', 'reaction', 'reacts', 'reacting', 'DropsEnabled']",2026-09-21,02-51-06,Monday
318661651557,78874179,krokoboss,509663,Special Events,3206,2026-09-20T19:27:07Z,de,"['Deutsch', 'DropsAktiviert']",2026-09-21,02-51-06,Monday
320449032928,459898171,tenacitytv,30921,Rocket League,3187,2026-09-20T15:05:06Z,en,"['English', 'TTS', 'BaldStreamer', 'DropsEnabled']",2026-09-21,02-51-06,Monday
316954270804,887449462,aslanshukasha,509658,Just Chatting,3144,2026-09-20T15:14:26Z,ru,"['Русский', 'DropsВключены']",2026-09-21,02-51-06,Monday
317805372260,62989856,shisheyu,1414860634,The Binding of Isaac: Repentance,3141,2026-09-20T18:34:27Z,fr,"['Français', 'chill']",2026-09-21,02-51-06,Monday
318658538725,100901794,shylily,1267582829,Aniimo,3140,2026-09-20T15:46:16Z,en,"['English', 'Vtuber', 'Anime', 'AAAAAAAAAAAAAAAAAAAAAAAAA', 'ASMR', 'ASMRvisual', 'screwdriver', 'DropsEnabled']",2026-09-21,02-51-06,Monday
318660948837,766742985,sabriparisienourien,232697171,Football,3127,2026-09-20T18:33:16Z,fr,"['paris', 'parissaintgermain', 'ParisSG', 'parissportifs', 'Parisien', 'Parisienne', 'PSG', 'fifa', 'FIFAFUT', 'Ligue1']",2026-09-21,02-51-06,Monday
317484454007,512190147,meesterkeem,9618,Pokémon Trading Card Game,3079,2026-09-19T15:00:13Z,en,"['IRL', 'Asian', 'Anime', 'VTuber', 'English', 'pokemon', 'kaicenat', 'cinna', 'valkyrae', 'agent00']",2026-09-21,02-51-06,Monday
315543898480,456798977,kspksp,516575,VALORANT,3068,2026-09-20T14:29:24Z,zh,['中文'],2026-09-21,02-51-06,Monday
320314550750,36653045,pokemon,1931693784,Pokémon Champions,3007,2026-09-20T19:42:36Z,en,"['Pokemon', 'NintendoSwitch', 'Esports', 'pokemonunite', 'pokemongo', 'pokemontcg', 'pokemonchampions', 'Anipoke', 'Pikachu', 'English']",2026-09-21,02-51-06,Monday
320409987804,40965449,subroza,516575,VALORANT,2999,2026-09-20T18:40:50Z,en,"['English', 'radiant', 'Ranked', 'french', 'funny', 'pro', 'professional', 'RANK1', 'Arabic', 'Moroccan']",2026-09-21,02-51-06,Monday
319090653812,68727743,razah,460630,Rainbow Six Siege,2966,2026-09-20T15:57:01Z,pt,['Português'],2026-09-21,02-51-06,Monday
317781549282,42549067,aenot,32982,Grand Theft Auto V,2963,2026-09-20T19:29:07Z,fr,"['Français', 'flashback', 'RP', 'Aenot', 'DropsActivés']",2026-09-21,02-51-06,Monday
320309408350,1177241151,minecraft_extremo,27471,Minecraft,2939,2026-09-20T13:10:23Z,es,"['minecraftstream', 'auronplay', 'LATAMyEspaña', 'Español', 'Repetir', 'DropsActivados']",2026-09-21,02-51-06,Monday
321512401882,40972890,admiralbahroo,779192097,Fire Emblem: Fortune's Weave,2926,2026-09-20T15:03:33Z,en,"['English', 'Vtuber', 'Panda', 'ProfessionalThrowing', 'DropsEnabled']",2026-09-21,02-51-06,Monday
319294292823,76252345,bazerk4,33214,Fortnite,2889,2026-09-20T18:02:55Z,en,['English'],2026-09-21,02-51-06,Monday
321628185051,1541191759,royal_wolf_05,498566,Slots,2883,2026-09-20T13:01:45Z,en,['English'],2026-09-21,02-51-06,Monday
321627768283,106711622,mismagpie,743893402,WARDOGS,2877,2026-09-20T11:26:49Z,en,"['Girl', 'Woman', 'PVP', 'anime', 'English', 'Cosplay', 'chill', 'Chattingstream', 'LegendaryWomen', 'DropsEnabled']",2026-09-21,02-51-06,Monday
318715464166,249877505,rxiirl,30921,Rocket League,2858,2026-09-20T14:02:39Z,es,"['Español', 'English', 'ViewerParty', 'rlcs', 'major', 'rocketleague', 'pro', 'RLCS2026', 'DropsActivados']",2026-09-21,02-51-06,Monday
318660586597,36620767,agraelus,277040344,Crown Siege,2858,2026-09-20T18:07:02Z,cs,['Čeština'],2026-09-21,02-51-06,Monday
317811053155,143424503,dannyaarons,123184772,EA Sports FC 27,2850,2026-09-20T14:11:00Z,en,['English'],2026-09-21,02-51-06,Monday
318520708327,80384015,donkaaklijn,27471,Minecraft,2845,2026-09-20T16:05:53Z,nl,"['Nederlands', 'DropsIngeschakeld']",2026-09-21,02-51-06,Monday
319292748887,13576693,frodan,513143,Teamfight Tactics,2835,2026-09-20T14:28:42Z,en,"['English', 'lilia', 'Unlucky', 'unemployed', 'DadGamer']",2026-09-21,02-51-06,Monday
318519754471,182899347,smurf_tv,21779,League of Legends,2815,2026-09-20T14:52:58Z,ru,"['KOREAN', 'RANK1', 'EVERYROLE', 'GIGACHAD', 'CHALLENGER', 'Русский', 'турнир', 'DropsВключены']",2026-09-21,02-51-06,Monday
318642319205,36998510,rob2628,515024,Diablo IV,2814,2026-09-19T11:37:07Z,en,"['English', 'Deutsch', 'ARPG', 'DropsEnabled']",2026-09-21,02-51-06,Monday
316876282965,61294188,anniefuchsia,18122,World of Warcraft,2810,2026-09-20T11:16:49Z,en,"['Swedish', 'Svenska', 'ADHD', 'Girl', 'EarlyAccess', 'Variety', 'Female', 'English', 'CC', 'DropsEnabled']",2026-09-21,02-51-06,Monday
316061384275,96555828,narek_cr,491168,Clash Royale,2803,2026-09-20T16:05:41Z,ru,['Русский'],2026-09-21,02-51-06,Monday
316034094290,34405377,w33haa,29595,Dota 2,2781,2026-09-20T17:02:33Z,en,"['Romanian', 'Arabic', 'English', 'Competitive']",2026-09-21,02-51-06,Monday
321458865625,427632467,lvndmark,401587136,Arena Breakout: Infinite,2774,2026-09-20T17:36:42Z,en,"['English', 'DropsEnabled']",2026-09-21,02-51-06,Monday
317813950179,89873316,terracid,509658,Just Chatting,2723,2026-09-20T18:56:39Z,fr,"['Français', 'DropsActivés']",2026-09-21,02-51-06,Monday
317811982051,117168642,chowh1,1282866981,Delta Force,2710,2026-09-20T15:48:48Z,fr,"['Français', 'warzone', 'calldofduty', 'DropsActivés']",2026-09-21,02-51-06,Monday
317780173794,121652526,littlebigwhale,26936,Music,2705,2026-09-20T17:30:18Z,fr,"['Français', 'DropsActivés']",2026-09-21,02-51-06,Monday
321515091290,78738197,stormfall33,506462,Control,2676,2026-09-20T18:35:28Z,en,"['English', 'Woman', 'cringe', 'GIGA', 'Female', 'girl', 'Cosplay', 'NoBackseatingUnlessAsked', 'DropsEnabled']",2026-09-21,02-51-06,Monday
316955355220,125658197,nexe_,510218,Among Us,2609,2026-09-20T17:24:58Z,pl,"['pl', 'nexe', 'EngIish', 'ENsubtitles', 'subtitles', '333', 'Polski']",2026-09-21,02-51-06,Monday
319293672279,19070311,a_seagull,515025,Overwatch,2604,2026-09-20T16:56:53Z,en,"['old', 'boomer', 'washed', 'English']",2026-09-21,02-51-06,Monday
320451916896,151283108,gothamchess,33214,Fortnite,2590,2026-09-20T18:55:47Z,en,['English'],2026-09-21,02-51-06,Monday
320313655774,510161461,lostlands,26936,Music,2581,2026-09-20T18:50:26Z,en,"['lostlands', 'dinosaurs', 'English', 'DJ', 'ElectronicMusic', 'DanceMusic', 'Festival', 'Dubstep', 'DropsEnabled']",2026-09-21,02-51-06,Monday
317777896546,157723307,pokealexvgc,1931693784,Pokémon Champions,2572,2026-09-20T13:49:13Z,es,"['Español', 'KOI', 'Pokémon', 'VGC', 'MovistarKOI', 'Competitivo', 'PokémonChampions', 'DropsActivados']",2026-09-21,02-51-06,Monday
317812981731,1047201773,emilien,509663,Special Events,2568,2026-09-20T17:30:05Z,fr,"['Français', 'quiz', 'squiz', 'kculture', 'questionspourunchampion', 'questions', 'jeu', 'gaming', 'emilien', 'geoguessr']",2026-09-21,02-51-06,Monday
320408496860,10817445,itmejp,417752,Talk Shows & Podcasts,2567,2026-09-20T16:50:32Z,en,"['English', 'HearingImpaired', 'DLSS5OnJackBlack', 'OptOutOfGenAI', 'DropsEnabled', 'Birthday', 'Vtuber', 'HavingABlast']",2026-09-21,02-51-06,Monday
316908988374,1054415749,myvotok64,29452,Virtual Casino,2562,2026-09-20T11:14:37Z,pt,['Português'],2026-09-21,02-51-06,Monday
320309963870,25009441,lexveldhuis,488190,Poker,2516,2026-09-20T14:15:48Z,en,['English'],2026-09-21,02-51-06,Monday
317779132514,96116107,mixwell,30921,Rocket League,2474,2026-09-20T15:52:17Z,es,"['Español', 'pro', 'otakar', 'watchparty', 'lyonesport', 'valorant', 'DropsActivados']",2026-09-21,02-51-06,Monday
316876270677,1054416307,meneqyv85,498566,Slots,2472,2026-09-20T11:14:37Z,en,['English'],2026-09-21,02-51-06,Monday
316876270421,1054415727,sapypo15,29452,Virtual Casino,2460,2026-09-20T11:14:36Z,pt,['Português'],2026-09-21,02-51-06,Monday
317780589922,617021724,paache_,2692,Super Mario 64,2455,2026-09-20T18:07:59Z,es,['Español'],2026-09-21,02-51-06,Monday
320451275104,1093257262,itskatchii,18122,World of Warcraft,2453,2026-09-20T18:08:06Z,en,"['English', 'girl', 'wasian', 'lol', 'idk', 'DropsEnabled']",2026-09-21,02-51-06,Monday
315509266542,170869845,kr1stw,743893402,WARDOGS,2450,2026-09-20T10:58:18Z,zh,"['中文', '启用掉宝']",2026-09-21,02-51-06,Monday
318716849638,72726363,edopeh,31339,Project Zomboid,2448,2026-09-20T16:00:05Z,de,['Deutsch'],2026-09-21,02-51-06,Monday
316908988246,1054415488,hojuxohip,498566,Slots,2443,2026-09-20T11:14:36Z,pt,['Português'],2026-09-21,02-51-06,Monday
320313847006,113494583,awake,498566,Slots,2385,2026-09-20T19:00:38Z,en,['English'],2026-09-21,02-51-06,Monday
320451251552,86224100,pge4,515025,Overwatch,2377,2026-09-20T18:06:26Z,en,"['English', 'DidIMentionChill', 'RealBuddha', 'ｃｈｉｌｌ', 'SeriousRolePlay']",2026-09-21,02-51-06,Monday
316061555667,529626809,juniorhealy,509658,Just Chatting,2369,2026-09-20T17:05:12Z,es,"['Español', 'DropsActivados']",2026-09-21,02-51-06,Monday
320405704412,31688366,symfuhny,743893402,WARDOGS,2341,2026-09-20T11:45:19Z,en,"['English', 'DropsEnabled']",2026-09-21,02-51-06,Monday
318657743845,21431060,phunkroyal,24241,FINAL FANTASY XIV ONLINE,2338,2026-09-20T14:42:51Z,de,"['Deutsch', 'gaming', 'Cozy', 'RichtigSchönerStream', 'echtTollerStream', 'SchöneZuschauer', 'GeileSpielauswahl', 'KrasseSkillsHatDerPhunk', 'WahnsinnigTolleZuschauer', 'ChatIstAuchGanzOk']",2026-09-21,02-51-06,Monday
318523002855,89872865,laink,509658,Just Chatting,2331,2026-09-20T18:56:01Z,fr,"['Français', 'DropsActivés']",2026-09-21,02-51-06,Monday
318660346725,25821344,shenpai,509658,Just Chatting,2329,2026-09-20T17:53:32Z,en,"['English', 'OhGodHelpMe', 'NoBackseating', 'Bisexual', 'WomenKisser', 'yaoiconnoisseur', 'ADHD', 'TransRights', 'NoGenAI', 'antiGenAI']",2026-09-21,02-51-06,Monday
317808240867,216735494,furkyplayzz,123184772,EA Sports FC 27,2308,2026-09-20T07:17:17Z,de,['Deutsch'],2026-09-21,02-51-06,Monday
321628176347,154425624,kyle,32982,Grand Theft Auto V,2293,2026-09-20T13:00:46Z,en,"['English', 'DropsEnabled', 'NoPixel', 'NoPixelV']",2026-09-21,02-51-06,Monday
316279757677,165501463,yznsa,1264310518,Marvel Rivals,2292,2026-09-20T18:00:41Z,ar,"['Arabic', 'KSA', 'English', 'العربية', 'marvelrivals', 'تم・تمكين・Drops']",2026-09-21,02-51-06,Monday
318520376551,151120600,en3rix_,509658,Just Chatting,2286,2026-09-20T15:42:09Z,it,['Italiano'],2026-09-21,02-51-06,Monday
318715378278,51931241,jeens,18122,World of Warcraft,2277,2026-09-20T13:56:53Z,ru,"['Ukraine', 'Русский', 'DropsВключены']",2026-09-21,02-51-06,Monday
318657458661,31699896,jodarum,326849848,MOLDRISE,2265,2026-09-20T14:18:53Z,de,"['Deutsch', 'DuRiechstNachMaggie']",2026-09-21,02-51-06,Monday
320449722080,466139555,dantes,33214,Fortnite,2262,2026-09-20T16:03:42Z,en,['English'],2026-09-21,02-51-06,Monday
320450629856,48533154,bawkbasoup,250649084,SILENT HILL 2,2258,2026-09-20T17:17:20Z,en,"['GodGamer', 'GamerGod', 'English', 'Canada', 'ADHD', 'Horror', 'Canadian']",2026-09-21,02-51-06,Monday
317803880292,504467034,alexandrachess,509660,Art,2243,2026-09-20T16:24:45Z,en,"['English', 'DropsEnabled']",2026-09-21,02-51-06,Monday
316955265492,14397255,mirwana,509658,Just Chatting,2241,2026-09-20T17:14:27Z,ru,"['Русский', 'Киберспорт', 'Украина', 'чернобыль', 'туретта', 'безмата', 'прохождение', 'хоррор', 'девочка', 'Россия']",2026-09-21,02-51-06,Monday
318661183589,71691082,putrefy,509658,Just Chatting,2240,2026-09-20T18:51:44Z,pl,"['Polski', 'DropyWłączone']",2026-09-21,02-51-06,Monday
316909962454,65261719,wukosha,12839,Heroes of Might and Magic III: The Restoration of Erathia,2227,2026-09-20T13:47:08Z,ru,['Русский'],2026-09-21,02-51-06,Monday
317777872354,149393615,spear_shot,21779,League of Legends,2209,2026-09-20T13:46:53Z,en,['English'],2026-09-21,02-51-06,Monday
316909312854,87791915,ilame,743893402,WARDOGS,2207,2026-09-20T12:03:08Z,ru,"['Русский', 'отвалжопы', 'Геморрой', 'гейминг', 'donttouchgrasschallenge', 'Skuffed', 'penusripper', 'аим400кг', 'янебудуигратьвдоту', 'DropsВключены']",2026-09-21,02-51-06,Monday
318700119398,61438909,wudijo,515024,Diablo IV,2204,2026-09-19T09:25:49Z,en,"['English', 'DropsEnabled']",2026-09-21,02-51-06,Monday
321513328090,106594300,nenecreative,30921,Rocket League,2181,2026-09-20T16:22:19Z,es,"['Español', 'rocketleague', 'supersonic', 'dropson', 'RLCS2026', 'DropsActivados']",2026-09-21,02-51-06,Monday
318716790886,462495003,kasiababis,509658,Just Chatting,2161,2026-09-20T15:56:18Z,pl,"['Polski', 'DropyWłączone']",2026-09-21,02-51-06,Monday
319291835735,27446144,fubgun,18122,World of Warcraft,2155,2026-09-20T09:50:11Z,en,"['English', 'drops', 'DropsEnabled']",2026-09-21,02-51-06,Monday
319090491764,165490261,gabsntz,250649084,SILENT HILL 2,2143,2026-09-20T15:25:56Z,pt,"['Português', 'tibiaglobal', 'Tibia', 'ResidentEvill', 'silksong', 'Reposição']",2026-09-21,02-51-06,Monday
320451128288,36973271,geega,32982,Grand Theft Auto V,2141,2026-09-20T17:58:16Z,en,"['English', 'Vtuber', 'Evil', 'CancerSurvivor', 'NoPixel', 'DropsEnabled', 'NoPixelV']",2026-09-21,02-51-06,Monday
316539219187,427263526,yukiofps14,513143,Teamfight Tactics,2136,2026-09-20T12:10:04Z,ja,['日本語'],2026-09-21,02-51-06,Monday
317492605815,175787099,irissiri129,32399,Counter-Strike,2099,2026-09-20T16:56:53Z,zh-hk,"['粵語', 'HongKong', 'Dance', 'asiangirl', 'urgot', 'League', 'English', 'korean', 'Chinese']",2026-09-21,02-51-06,Monday
316879038805,266301326,xqn_thesad,138585,Hearthstone,2097,2026-09-20T18:04:46Z,en,['English'],2026-09-21,02-51-06,Monday
321510946906,119981767,shobek,18122,World of Warcraft,2082,2026-09-20T11:11:31Z,en,"['MMORPG', 'English', 'MMO', 'ADHDStreamer', 'adhd', 'ADHDfriendly', 'worldofwarcraft', 'wow', 'DropsEnabled']",2026-09-21,02-51-06,Monday
320310367070,116082737,pokemongo,490655,Pokémon GO,2081,2026-09-20T14:56:15Z,en,"['English', 'pokemonGO', 'pokemon', 'GO', 'Niantic', 'NA', 'mobilegames', 'PGO', 'Scopely', 'Esports']",2026-09-21,02-51-06,Monday
318716767974,114115443,pokamolodoy,493057,PUBG: BATTLEGROUNDS,2074,2026-09-20T15:54:26Z,ru,"['Dropsвключены', 'Русский', 'DropsВключены']",2026-09-21,02-51-06,Monday
317805244644,622498423,otplol_,21779,League of Legends,2071,2026-09-20T18:24:11Z,fr,"['Français', 'DropsActivés']",2026-09-21,02-51-06,Monday
316955658836,45190616,fcsm_kefir,123184772,EA Sports FC 27,2052,2026-09-20T18:00:35Z,ru,['Русский'],2026-09-21,02-51-06,Monday
317813494371,94124693,cass_andre,509658,Just Chatting,2042,2026-09-20T18:18:33Z,fr,"['LGBTQI', 'React', 'Français', 'DropsActivés']",2026-09-21,02-51-06,Monday
319294348375,156571999,yuzu,509658,Just Chatting,2041,2026-09-20T18:08:25Z,en,"['Vtuber', 'Anime', 'ENVtuber', 'vtuber', 'English', 'gamer', 'Geriatric', 'DropsEnabled']",2026-09-21,02-51-06,Monday
319294753111,105584645,zoomaa,509658,Just Chatting,2030,2026-09-20T18:51:19Z,en,"['English', 'DropsEnabled']",2026-09-21,02-51-06,Monday
318719376742,77792279,onuri,509659,ASMR,2028,2026-09-20T19:01:22Z,en,"['ASMR', 'Cozy', 'relaxing', 'English', 'Singing', 'Chatting', 'ASMRvisual']",2026-09-21,02-51-06,Monday
318718716262,197163785,adm1tr1pow,32399,Counter-Strike,2026,2026-09-20T18:13:25Z,ru,['Русский'],2026-09-21,02-51-06,Monday
316878180565,161987808,stoun_m,509658,Just Chatting,2024,2026-09-20T16:12:16Z,ru,"['Русский', 'DropsВключены']",2026-09-21,02-51-06,Monday
321457443929,36324138,distortion2,508455,Valheim,2021,2026-09-20T15:53:48Z,en,"['Speedrun', 'Chad', 'Loves', 'Anime', 'And', 'Stalling', 'English']",2026-09-21,02-51-06,Monday
320407466972,115044647,retalsrl,30921,Rocket League,2020,2026-09-20T15:24:04Z,en,"['English', 'DropsEnabled']",2026-09-21,02-51-06,Monday
318658523237,172376071,maxim,509663,Special Events,2016,2026-09-20T15:45:04Z,de,"['BesterSpieler', 'Maxim', 'Deutsch', 'german', 'DropsAktiviert']",2026-09-21,02-51-06,Monday
321513434714,141429177,flats,515025,Overwatch,2014,2026-09-20T16:30:42Z,en,['English'],2026-09-21,02-51-06,Monday
317809930339,65411398,juice,508455,Valheim,2013,2026-09-20T12:07:49Z,ru,"['Русский', 'DropsВключены']",2026-09-21,02-51-06,Monday
321515220698,75346877,brawlhalla,460316,Brawlhalla,2008,2026-09-20T18:44:16Z,en,"['Esports', 'fgc', 'English', 'fightinggames', 'Competitive', 'freetoplay', 'DropsEnabled']",2026-09-21,02-51-06,Monday
321458442841,102762045,flashforce,518184,Phasmophobia,1995,2026-09-20T17:06:16Z,en,"['English', 'MidnightSociety', 'Horror', 'WholesomeHorror', 'cozy', 'subtember', 'halloween', 'DropsEnabled']",2026-09-21,02-51-06,Monday
320407708892,244048775,hails,509660,Art,1994,2026-09-20T15:45:44Z,en,"['English', 'Cosplay', 'art', 'Chatty', 'LGBTQIAPlus', 'artist', 'BodyPainting', 'bodyart', 'art', 'Painting']",2026-09-21,02-51-06,Monday
319294090711,200397160,dvces,499634,Crypto,1986,2026-09-20T17:42:54Z,en,['English'],2026-09-21,02-51-06,Monday
318172128600,996756981,aquwa,509658,Just Chatting,1984,2026-09-20T18:14:43Z,en,"['Vtuber', 'English', 'Seiso', 'cringe', 'LOUD', 'BALLS', 'DropsEnabled']",2026-09-21,02-51-06,Monday
317801053668,44806759,lapi,18122,World of Warcraft,1981,2026-09-20T11:46:41Z,fr,"['Français', 'DropsActivés']",2026-09-21,02-51-06,Monday
318657827685,111974014,knebeltv,71375,Star Citizen,1974,2026-09-20T14:49:52Z,de,"['Deutsch', 'German', 'Weltraum', 'Rollenspiel', 'StarCitizen', 'PvE', 'PvP', '4K', 'SpaceSim', 'Shooter']",2026-09-21,02-51-06,Monday
317804788452,101234264,crocodyletv,509658,Just Chatting,1952,2026-09-20T17:45:38Z,fr,"['Français', 'DropsActivés']",2026-09-21,02-51-06,Monday
319294648535,1263412413,christinaandamber,509658,Just Chatting,1948,2026-09-20T18:39:22Z,en,"['girls', 'English', 'christinaandamber', 'IRL', 'IRLStreaming', 'LGBTQ', 'girlstreamer', 'Austrailan', 'America', 'DropsEnabled']",2026-09-21,02-51-06,Monday
316954507732,102803402,gilticus,6167,Grand Theft Auto: Liberty City Stories,1941,2026-09-20T15:47:24Z,ru,['Русский'],2026-09-21,02-51-06,Monday
319090360564,140772558,baiano,21779,League of Legends,1937,2026-09-20T14:59:53Z,pt,"['Português', 'CBLOL', 'LOUD', 'paiN', 'VKS', 'FURIA', 'IlhadasLendas', 'idl', 'ILHA', 'DropsAtivados']",2026-09-21,02-51-06,Monday
316471432305,226535110,ukyochi_jp,767864507,Dragon Quest Heroes: Torneko's Mystery Dungeon Classic HD,1922,2026-09-20T12:06:01Z,ja,"['日本語', 'Vtuber']",2026-09-21,02-51-06,Monday
317812155363,789080214,huntpremier,380978759,Escape from Tarkov: Arena,1911,2026-09-20T16:05:03Z,en,"['English', 'DropsEnabled']",2026-09-21,02-51-06,Monday
318713614182,41567638,rumathra,743893402,WARDOGS,1902,2026-09-20T11:27:42Z,de,"['Deutsch', 'rivals', 'DropsAktiviert']",2026-09-21,02-51-06,Monday
320407036892,109828129,pokemontcg,9618,Pokémon Trading Card Game,1894,2026-09-20T14:45:06Z,en,"['Esports', 'pokemon', 'English', 'playpokemon', 'PTCG', 'TCG', 'pokemontcg', 'tabletop', 'tradingcardgame', 'Rerun']",2026-09-21,02-51-06,Monday
318661301093,263044217,moji,509658,Just Chatting,1881,2026-09-20T19:00:02Z,de,"['Deutsch', 'Moji', 'Germany', 'gaming', 'DropsAktiviert']",2026-09-21,02-51-06,Monday
317778700898,110405254,carola,508455,Valheim,1870,2026-09-20T15:09:02Z,es,['Español'],2026-09-21,02-51-06,Monday
321459124953,142726152,grizzy,509658,Just Chatting,1868,2026-09-20T17:55:14Z,en,"['English', 'DropsEnabled']",2026-09-21,02-51-06,Monday
316087486057,204113138,yunabb,21779,League of Legends,1843,2026-09-20T14:05:17Z,zh,"['中文', 'fps', '遊戲']",2026-09-21,02-51-06,Monday
319090851572,30458295,frttt,516575,VALORANT,1839,2026-09-20T16:31:09Z,pt,['Português'],2026-09-21,02-51-06,Monday
318523533031,411712420,manuuxo,509658,Just Chatting,1837,2026-09-20T19:38:10Z,it,"['Italiano', 'DropAbilitati']",2026-09-21,02-51-06,Monday
319017189749,860305880,patoalbion,417528,Albion Online,1833,2026-09-20T10:03:37Z,pt,"['Português', 'MMORPG', 'conversa', 'drops', 'English', 'Español', 'DropsAtivados']",2026-09-21,02-51-06,Monday
316539892979,207004819,takadakenshi19851216,2005329090,Jinro Metropolis,1824,2026-09-20T14:34:22Z,ja,"['高田健志', '日本', '日本語']",2026-09-21,02-51-06,Monday
321511907290,45453222,ziggy,32982,Grand Theft Auto V,1818,2026-09-20T14:12:15Z,en,"['Roleplay', 'English', 'NoPixel', 'DropsEnabled', 'NoPixelV']",2026-09-21,02-51-06,Monday
318717033830,89886468,kopsteep,600069925,The Plant Shop,1814,2026-09-20T16:14:36Z,ru,['Русский'],2026-09-21,02-51-06,Monday
317780233186,34371079,horcus,516575,VALORANT,1814,2026-09-20T17:35:41Z,es,"['Español', 'España', 'Valorant', 'Radiant', 'Spanish', 'English', 'Competitive', 'Drops', 'dropsenabled', 'dropsactivados']",2026-09-21,02-51-06,Monday
318660867173,1539465997,anlarabduliaev_257742,509672,IRL,1810,2026-09-20T18:27:38Z,ru,['Русский'],2026-09-21,02-51-06,Monday
318718291430,93400114,lars_tm,687129551,Trackmania,1802,2026-09-20T17:47:52Z,en,['English'],2026-09-21,02-51-06,Monday
316954963412,25604128,guit88man,509658,Just Chatting,1796,2026-09-20T16:41:20Z,ru,"['Русский', 'DropsВключены']",2026-09-21,02-51-06,Monday
316279702765,176314965,swimy,123184772,EA Sports FC 27,1792,2026-09-20T17:49:55Z,ar,['العربية'],2026-09-21,02-51-06,Monday
317780955874,667796333,feibei,509658,Just Chatting,1787,2026-09-20T18:40:14Z,en,"['English', 'UK', 'British', 'egirl', 'feet', 'Chinese', 'breastmilkenjoyer', 'DropsEnabled']",2026-09-21,02-51-06,Monday
318171972952,180349824,briceintheveins,461221,MARVEL Contest of Champions,1782,2026-09-20T17:52:46Z,en,"['English', 'marvel', 'mcoc', 'gaming', 'Tournament']",2026-09-21,02-51-06,Monday
321630778715,158577991,carmen,32982,Grand Theft Auto V,1774,2026-09-20T17:13:31Z,en,"['English', 'rp', 'cringe', 'woman', 'toxic', 'feet', 'DropsEnabled']",2026-09-21,02-51-06,Monday
317813244643,141078391,jaimemellado_,21779,League of Legends,1773,2026-09-20T17:57:02Z,es,"['Español', 'LeagueaofLegends', 'DropsActivados']",2026-09-21,02-51-06,Monday
318660452581,144274705,pesh,509658,Just Chatting,1771,2026-09-20T18:00:05Z,it,"['Italiano', 'pelato', 'DropAbilitati']",2026-09-21,02-51-06,Monday
318711565670,29214396,mastertay,32982,Grand Theft Auto V,1763,2026-09-20T07:32:49Z,de,"['Deutsch', 'Roleplay', 'Buxtehude', 'UnityLifeDE', 'Mastertay', 'DropsAktiviert']",2026-09-21,02-51-06,Monday
320409182940,402998527,nstvgames,509658,Just Chatting,1753,2026-09-20T17:41:10Z,ru,"['Русский', 'DropsВключены']",2026-09-21,02-51-06,Monday
316952966996,729639945,perra,509658,Just Chatting,1752,2026-09-20T12:03:48Z,sv,"['Svenska', 'Norsk', 'IRL', 'ADHD', 'English', 'Fat', 'DropsAktiverat']",2026-09-21,02-51-06,Monday
317492777207,60978448,dogdog,138585,Hearthstone,1744,2026-09-20T17:32:38Z,en,['English'],2026-09-21,02-51-06,Monday
316955203284,64173519,deadp47_,743893402,WARDOGS,1740,2026-09-20T17:06:44Z,ru,"['Русский', 'DropsВключены']",2026-09-21,02-51-06,Monday
320408760412,456577681,xthefarmerx,1702520304,Path of Exile 2,1738,2026-09-20T17:09:24Z,en,"['English', 'Bat', 'degeneracy', 'PoE']",2026-09-21,02-51-06,Monday
316955208276,230768385,follentass,509658,Just Chatting,1737,2026-09-20T17:07:17Z,ru,"['Русский', 'English', 'DropsВключены', 'IRL']",2026-09-21,02-51-06,Monday
319092002932,410320296,snopey,509658,Just Chatting,1736,2026-09-20T19:00:05Z,pt,"['Português', 'DropsAtivados']",2026-09-21,02-51-06,Monday
317777904226,540797549,marinaifx,278888515,Gartic Phone,1735,2026-09-20T13:49:50Z,es,['Español'],2026-09-21,02-51-06,Monday
319293376855,95304188,zoil,509658,Just Chatting,1726,2026-09-20T16:15:26Z,en,"['English', 'DropsEnabled']",2026-09-21,02-51-06,Monday
317805794276,719950200,patrizio_official,509672,IRL,1720,2026-09-20T19:07:01Z,it,['Italiano'],2026-09-21,02-51-06,Monday
317481343991,1305342529,theburntpeanut_247,499973,Always On,1720,2026-09-19T03:52:39Z,en,"['English', 'VOD', 'Rerun', 'arcraiders', 'tobacco']",2026-09-21,02-51-06,Monday
318660323557,837046873,upminaa,1919434941,Garten of Banban VI,1710,2026-09-20T17:51:34Z,en,"['English', 'Cosplay', 'genshinimpact']",2026-09-21,02-51-06,Monday
315523502191,16677765,qttsix,743893402,WARDOGS,1708,2026-09-20T13:16:27Z,zh,"['中文', '启用掉宝']",2026-09-21,02-51-06,Monday
318661516133,198939622,onlyjson,32982,Grand Theft Auto V,1706,2026-09-20T19:15:59Z,de,"['gtavrproleplay', 'Deutsch', 'NARCOCITY', 'fivem', 'Unterhaltung', 'gta', 'DropsAktiviert']",2026-09-21,02-51-06,Monday
318656871013,636587384,alveussanctuary,272263131,"Animals, Aquariums, and Zoos",1705,2026-09-20T13:31:41Z,en,"['English', 'TogetherForGood', 'purplemartins', 'Charity', 'DropsEnabled']",2026-09-21,02-51-06,Monday
317804833252,706578404,josenogales1,509672,IRL,1692,2026-09-20T17:49:41Z,es,"['Español', 'IRL', 'josenogales', 'gym', 'Ligar', 'ibiza', 'Malta']",2026-09-21,02-51-06,Monday
318717872230,182714823,gmbenjaminbok,509725,Minecraft Dungeons,1680,2026-09-20T17:19:44Z,en,"['English', 'FamilyFriendly', 'Educational']",2026-09-21,02-51-06,Monday
317778553186,804923620,leothecrack,33214,Fortnite,1675,2026-09-20T14:56:04Z,fr,"['fortnite', 'cup', 'finale', 'chill', 'token', 'Scrims', 'FNCS', 'Tournament', 'Français', 'English']",2026-09-21,02-51-06,Monday
318714113638,103179576,fr3ddy,27546,World of Tanks,1669,2026-09-20T12:11:04Z,de,"['Panzer', 'WoT', 'WorldofTanks', 'Drops', 'Dropsaktiviert', 'Deutsch', 'DropsAktiviert']",2026-09-21,02-51-06,Monday
317779386082,578207968,elyihi,518203,Sports,1658,2026-09-20T16:16:57Z,es,"['English', 'Español', 'DropsActivados']",2026-09-21,02-51-06,Monday
318654924773,42971110,heideltraut,32982,Grand Theft Auto V,1650,2026-09-20T10:27:01Z,de,"['LuckyV', 'Deutsch', 'GTARP', 'rainbowsixsiege', 'DropsAktiviert']",2026-09-21,02-51-06,Monday
317799860196,639535678,faroooyt,123184772,EA Sports FC 27,1649,2026-09-20T08:58:03Z,de,['Deutsch'],2026-09-21,02-51-06,Monday
319090607860,71934478,neskwga,460630,Rainbow Six Siege,1648,2026-09-20T15:48:21Z,pt,['Português'],2026-09-21,02-51-06,Monday
316906851542,27954235,nuke73,509658,Just Chatting,1632,2026-09-19T22:56:30Z,ru,"['Русский', 'DropsВключены']",2026-09-21,02-51-06,Monday
316034356050,693307687,tenshi,21779,League of Legends,1629,2026-09-20T18:01:06Z,en,"['English', 'british', 'RaspyEboyVoice', 'cosplay', 'competitive', 'Educational', 'lostcause', 'uncoachable', 'FemboyEnjoyer']",2026-09-21,02-51-06,Monday
317781419618,94830708,sura,32982,Grand Theft Auto V,1622,2026-09-20T19:17:21Z,fr,"['Français', 'flashback', 'FlashbackWL', 'DropsActivés', 'Rediffusion']",2026-09-21,02-51-06,Monday
318516302183,216221783,anaaja,509663,Special Events,1621,2026-09-20T09:57:38Z,de,"['Deutsch', 'SafeSpace', 'toller', 'stream', 'deine', 'Mutter']",2026-09-21,02-51-06,Monday
317813265251,537217836,trebor,497497,Brawl Stars,1615,2026-09-20T17:58:50Z,es,['Español'],2026-09-21,02-51-06,Monday
321513053018,222719079,lvthalo,506416,Halo Infinite,1597,2026-09-20T15:59:17Z,en,"['English', 'DropsEnabled']",2026-09-21,02-51-06,Monday
318716383334,179144678,nezak_,33214,Fortnite,1594,2026-09-20T15:20:22Z,it,['Italiano'],2026-09-21,02-51-06,Monday
317780367714,76846779,yoona,66082,Games + Demos,1587,2026-09-20T17:49:10Z,fr,"['Français', 'gaming', 'humour', 'funny', 'goodvibes', 'retro', 'horror', 'horreur', 'residentevil']",2026-09-21,02-51-06,Monday
318658720613,408301033,at0m,33214,Fortnite,1586,2026-09-20T15:59:34Z,ru,['Русский'],2026-09-21,02-51-06,Monday
318657212261,111768177,chessgenie,27546,World of Tanks,1581,2026-09-20T13:59:38Z,de,"['Deutsch', 'DropsAktiviert']",2026-09-21,02-51-06,Monday
318658524645,430551896,kdrkitten,509663,Special Events,1580,2026-09-20T15:45:09Z,de,"['Deutsch', 'DropsAktiviert']",2026-09-21,02-51-06,Monday
321459841625,1017108797,flowtives,27471,Minecraft,1574,2026-09-20T18:45:24Z,en,"['English', 'Ally', 'PvP', 'StrengthSMP', 'altarsmp', 'LifestealSMP', 'unstablesmp', 'UHC', 'pvphq', 'moneysmp']",2026-09-21,02-51-06,Monday
316956093268,68950614,ybicanoooobov,29595,Dota 2,1570,2026-09-20T18:55:15Z,ru,['Русский'],2026-09-21,02-51-06,Monday
318521041767,239867683,awizotv,313197,Assetto Corsa,1560,2026-09-20T16:32:11Z,pl,"['Polski', 'Awizo', 'DominikBos', 'awizotv']",2026-09-21,02-51-06,Monday
318716667494,39159998,naguura,509658,Just Chatting,1559,2026-09-20T15:45:26Z,de,"['Educational', 'English', 'German', 'Deutsch', 'DropsAktiviert']",2026-09-21,02-51-06,Monday
320409042140,69906737,chocotaco,493057,PUBG: BATTLEGROUNDS,1558,2026-09-20T17:30:33Z,en,['English'],2026-09-21,02-51-06,Monday
318657277029,514473492,gwizdakk,32399,Counter-Strike,1556,2026-09-20T14:04:18Z,pl,['Polski'],2026-09-21,02-51-06,Monday
316481181170,796563995,longspeedrunsummit,309014387,Touken Ranbu Warriors,1553,2026-09-19T23:59:25Z,ja,"['日本語', 'RTAイベント', 'RTA', 'Speedrun', 'イベント', '長時間']",2026-09-21,02-51-06,Monday
317779425762,61812950,otzdarva,1535286692,White Knuckle,1547,2026-09-20T16:20:49Z,en,['English'],2026-09-21,02-51-06,Monday
317813829091,51073889,ooclanoo,518203,Sports,1536,2026-09-20T18:47:29Z,en,"['English', 'DropsEnabled']",2026-09-21,02-51-06,Monday
319292665047,59016177,cooksux,509658,Just Chatting,1534,2026-09-20T14:06:46Z,en,"['comedy', 'travel', 'irl', 'aapi', 'outdoors', 'English', 'KoreanAmerican', 'gundam', 'DropsEnabled']",2026-09-21,02-51-06,Monday
317813202915,96324761,berlu,32982,Grand Theft Auto V,1531,2026-09-20T17:53:21Z,fr,"['Français', 'RP', 'gta5rp', 'pétanque', 'banane', 'troll', 'DropsActivés']",2026-09-21,02-51-06,Monday
319293043287,138094916,sinatraa,516575,VALORANT,1526,2026-09-20T15:25:13Z,en,['English'],2026-09-21,02-51-06,Monday
319294607575,45302947,iitztimmy,33214,Fortnite,1519,2026-09-20T18:35:29Z,en,"['English', 'iiTzHimothy', 'RedBullGuy', 'PlayApexStreamer', 'mightbestupid', 'DropsEnabled']",2026-09-21,02-51-06,Monday
318716669542,99351845,jennyan,509658,Just Chatting,1519,2026-09-20T15:45:38Z,de,"['Travel', 'Japan', 'Tokyo', 'IRL', 'Cozy', 'GTARP', 'RP', 'german', 'Deutsch', 'DropsAktiviert']",2026-09-21,02-51-06,Monday
320450344928,622453208,wehoopinx,509658,Just Chatting,1516,2026-09-20T16:55:46Z,en,"['English', 'DropsEnabled']",2026-09-21,02-51-06,Monday
318657919333,95830589,naitan,509658,Just Chatting,1515,2026-09-20T14:57:46Z,de,"['links', 'vegan', 'reaction', 'politik', 'debatte', 'antifa', 'Ally', 'justchatting', 'Deutsch', 'satire']",2026-09-21,02-51-06,Monday
318717812838,79792848,squchan,509658,Just Chatting,1510,2026-09-20T17:14:19Z,en,"['Vtuber', 'English', 'DropsEnabled']",2026-09-21,02-51-06,Monday
318172404952,567928581,mooda,33214,Fortnite,1503,2026-09-20T18:56:55Z,en,"['English', 'DropsEnabled']",2026-09-21,02-51-06,Monday
318521423591,536621382,maximzocktslots,498566,Slots,1501,2026-09-20T16:59:43Z,de,['Deutsch'],2026-09-21,02-51-06,Monday
318658526437,531019578,ronnyberger,509663,Special Events,1498,2026-09-20T15:45:14Z,de,"['Deutsch', 'vlog', 'Christ', 'outdoor', 'Hamburg', 'sport', 'DropsAktiviert']",2026-09-21,02-51-06,Monday
316484311538,928482127,reirei_neon,516575,VALORANT,1494,2026-09-20T14:57:52Z,zh,"['中文', 'English', 'Vtuber', '小丑', '馬鈴薯園', 'frennless']",2026-09-21,02-51-06,Monday
317800237668,137716270,phuzzybond,490377,Sea of Thieves,1494,2026-09-20T10:00:16Z,en,"['SFW', 'LongSilkyHair', 'FamilyFriendly', 'Cozy', 'ASMR', '2k', 'Interactive', 'VerticalStream', 'Chatty', 'DropsEnabled']",2026-09-21,02-51-06,Monday
316540310131,165572706,dmf_kyochan,1267582829,Aniimo,1489,2026-09-20T16:48:22Z,ja,"['日本語', 'Drops有効']",2026-09-21,02-51-06,Monday
318521993575,55104849,jeremyfrieser,27471,Minecraft,1488,2026-09-20T17:40:45Z,nl,"['Nederlands', 'DropsIngeschakeld']",2026-09-21,02-51-06,Monday
321513784538,814026647,ereklo_game,18122,World of Warcraft,1473,2026-09-20T16:58:09Z,en,"['english', 'MMO', 'maplestory', 'twins', 'English', 'DropsEnabled']",2026-09-21,02-51-06,Monday
318717196390,151883075,mahluna,490147,Hollow Knight,1465,2026-09-20T16:28:39Z,de,['Deutsch'],2026-09-21,02-51-06,Monday
321603649243,51115394,midnightsumo,509658,Just Chatting,1458,2026-09-18T23:53:20Z,en,"['English', 'Japan', 'Sumo', 'Wrestling', 'ADHD', 'Pokemon', 'Japanese', 'Food', 'NotACat', 'AIOptedOut']",2026-09-21,02-51-06,Monday
320405812316,37550199,pilavpowa,18122,World of Warcraft,1454,2026-09-20T12:02:05Z,en,"['English', 'WorldfofWarcraft', 'comedian', 'DropsEnabled']",2026-09-21,02-51-06,Monday
319294894807,856618797,smugalana,509658,Just Chatting,1439,2026-09-20T19:04:37Z,en,"['vtuber', 'English', 'cringe', 'ADHD', 'girl', 'Woman', 'Female', 'Regarded', 'Anime', 'Fox']",2026-09-21,02-51-06,Monday
318516435303,1542650876,stoneridle,498566,Slots,1436,2026-09-20T10:10:37Z,de,['Deutsch'],2026-09-21,02-51-06,Monday
317814033123,463266022,pierre2lahousse,509658,Just Chatting,1434,2026-09-20T19:02:05Z,fr,"['Français', 'musique', 'Festival', 'DropsActivés']",2026-09-21,02-51-06,Monday
319018956405,227470294,sofiaespanha,516575,VALORANT,1434,2026-09-20T17:01:47Z,pt,"['Aitum', 'Português']",2026-09-21,02-51-06,Monday
318656374373,62603776,cyganzor,27546,World of Tanks,1434,2026-09-20T12:51:17Z,pl,"['Polski', 'Polish', 'wot', 'WorldofTanks', 'Dropy', 'DropyWłączone']",2026-09-21,02-51-06,Monday
320314554718,870124801,taysmcrr,509672,IRL,1426,2026-09-20T19:42:54Z,en,['English'],2026-09-21,02-51-06,Monday
316912090198,74199036,soonvooshko,509658,Just Chatting,1426,2026-09-20T18:33:55Z,ru,"['Русский', 'English', 'DropsВключены']",2026-09-21,02-51-06,Monday
317781405026,484563826,louu,32982,Grand Theft Auto V,1425,2026-09-20T19:15:53Z,en,"['English', 'Variety', 'music', 'bald', 'louu', 'louuis', 'gta', 'SK', 'nopixel', 'NopixelV']",2026-09-21,02-51-06,Monday
316955041620,1228051796,reznikbtw,509658,Just Chatting,1418,2026-09-20T16:50:19Z,ru,"['Русский', 'DropsВключены']",2026-09-21,02-51-06,Monday
317779853538,578762718,fallenshadow,1742163310,Worming from Home,1418,2026-09-20T17:01:19Z,en,"['VTuber', 'Anime', 'Silly', 'English', 'Awesome', 'Girl', 'Cute', 'Fute', 'NotADictator', 'Hello']",2026-09-21,02-51-06,Monday
319294194135,936171791,yugi,509658,Just Chatting,1417,2026-09-20T17:54:17Z,en,"['English', 'yugi2x', 'DropsEnabled']",2026-09-21,02-51-06,Monday
317803902564,243579697,hakaiwrld,509658,Just Chatting,1414,2026-09-20T16:26:29Z,fr,"['Français', 'DropsActivés']",2026-09-21,02-51-06,Monday
317805646180,52615982,pieface23,123184772,EA Sports FC 27,1410,2026-09-20T18:56:54Z,en,"['English', 'eafc', 'footballmanager', 'Simulator', 'British', 'supermarketsimulator', 'darts', 'IRL', 'ırl', 'fc27']",2026-09-21,02-51-06,Monday
316876592469,280197012,alle,491931,Escape from Tarkov,1410,2026-09-20T12:04:02Z,en,"['THEBEST', 'LABS', 'SCHIZOMODE', 'NOONEISBETTER', 'aimbotting', 'betterthanyou', 'English', 'NEVERGOON', 'Top1MostHumble']",2026-09-21,02-51-06,Monday
316061220563,23179441,strippin,509577,Dungeons & Dragons,1409,2026-09-20T15:06:18Z,en,"['English', 'Vtuber', 'RP', 'PingArthur']",2026-09-21,02-51-06,Monday
316013743825,171506994,benjamool,509672,IRL,1399,2026-09-20T14:53:48Z,de,"['Deutsch', 'IRL', 'Lost', 'Reisen', 'Outdoors', 'DropsAktiviert']",2026-09-21,02-51-06,Monday
317813394531,173713008,waolol1,509658,Just Chatting,1398,2026-09-20T18:09:09Z,fr,"['Français', 'DropsActivés']",2026-09-21,02-51-06,Monday
318519958631,897844835,shxrkfnbr,33214,Fortnite,1396,2026-09-20T15:08:11Z,en,"['English', 'Fortnite', 'FNCS', 'FN', 'Romania', 'EWC2026', 'globals']",2026-09-21,02-51-06,Monday
318959145974,124656692,seucreysonreborn,29595,Dota 2,1388,2026-09-20T11:46:53Z,pt,"['Português', 'dota2', 'Coach', 'campeonato', 'campeão', 'CampeãoBrasileiro', 'MOBA']",2026-09-21,02-51-06,Monday
318519858791,52972297,dangar,1413930024,Active Matter,1386,2026-09-20T15:00:56Z,ru,"['Русский', 'DropsВключены']",2026-09-21,02-51-06,Monday
320309902302,617455187,sinder,509658,Just Chatting,1383,2026-09-20T14:08:56Z,en,"['English', 'Vtuber', 'Anime', 'DropsEnabled']",2026-09-21,02-51-06,Monday
317781556706,457974989,titoune,516575,VALORANT,1383,2026-09-20T19:29:54Z,fr,"['français', 'Cool', 'sympa', 'beau', 'INTELLIGENT', 'VALORANT', 'Français', 'radiant']",2026-09-21,02-51-06,Monday
317806247524,440140011,twincytv,32982,Grand Theft Auto V,1380,2026-09-20T19:47:02Z,fr,"['Français', 'DropsActivés']",2026-09-21,02-51-06,Monday
318520277735,269636706,gripey,33214,Fortnite,1370,2026-09-20T15:33:56Z,de,"['Deutsch', 'Fortnite', 'WAVEBOYS', 'Wave', 'drops']",2026-09-21,02-51-06,Monday
320409482076,139745227,luality,2106755390,Graveyard Keeper II,1360,2026-09-20T18:03:17Z,en,"['English', 'RPG', 'drops', 'ChallengeRun', 'girl', 'bnuy']",2026-09-21,02-51-06,Monday
315510365166,1520342995,miri_aetris,516575,VALORANT,1360,2026-09-20T19:31:32Z,zh,['中文'],2026-09-21,02-51-06,Monday
316539766771,117348035,et_1231,1181639856,Survival Log,1353,2026-09-20T14:02:36Z,zh,['中文'],2026-09-21,02-51-06,Monday
317781238370,142564043,tayoh_,1763263,nanos world,1348,2026-09-20T19:03:01Z,fr,['Français'],2026-09-21,02-51-06,Monday
316877811157,189795522,limitlessqt,29595,Dota 2,1346,2026-09-20T15:17:25Z,ru,['Русский'],2026-09-21,02-51-06,Monday
316912025430,698924516,witchblvde,29595,Dota 2,1344,2026-09-20T18:24:45Z,ru,"['English', 'Русский', 'Бизнес', 'Демонтаж', 'Українська', 'Приключение', 'Приколы']",2026-09-21,02-51-06,Monday
318717855590,220739785,aneyaris_,509658,Just Chatting,1337,2026-09-20T17:18:11Z,fr,"['Français', 'DropsActivés']",2026-09-21,02-51-06,Monday
321630962523,133896185,sheefgg,491931,Escape from Tarkov,1327,2026-09-20T17:27:20Z,en,"['English', 'NewPlayerFriendly', 'Chıll', 'BigBenisEnergy']",2026-09-21,02-51-06,Monday
317778397410,26008371,toniki,515025,Overwatch,1325,2026-09-20T14:40:20Z,es,"['Español', 'overwatch']",2026-09-21,02-51-06,Monday
317809385827,546719087,gh0starcade,491487,Dead by Daylight,1325,2026-09-20T11:00:33Z,en,"['NorthernIreland', 'Ally', 'Chatty', 'Hyped', 'Memes', 'DeadbyDaylightPartner', 'English', 'Irish', 'dbdcreator', 'DropsEnabled']",2026-09-21,02-51-06,Monday
318172159320,1483911273,jaxvtuber,509658,Just Chatting,1322,2026-09-20T18:19:22Z,en,"['English', 'Vtuber', 'Autism', 'Gargoyle', 'Tomboy', 'Chaotic', 'Boston', 'DropsEnabled']",2026-09-21,02-51-06,Monday
316049631720,82695830,arven93,401587136,Arena Breakout: Infinite,1308,2026-09-20T17:00:57Z,ru,"['Русский', 'arven93', 'motovlog', 'moto', 'arenabreakout', 'Arena', 'arenabreakoutinfinite', 'Арена', 'аренабрекаут', 'arven']",2026-09-21,02-51-06,Monday
316911491670,1333807261,ksufee,509658,Just Chatting,1306,2026-09-20T17:17:22Z,ru,"['Русский', 'anime', 'girl', 'English', 'девушка', 'girlstreamer', 'Аниме', 'Косплей', 'Cosplay', 'общение']",2026-09-21,02-51-06,Monday
319090358900,183249570,firewall154,30921,Rocket League,1304,2026-09-20T14:59:28Z,pt,"['Português', 'drops', 'DropsAtivados']",2026-09-21,02-51-06,Monday
317781188066,121231583,lennynjag,23020,ROBLOX,1300,2026-09-20T18:59:56Z,fr,['Français'],2026-09-21,02-51-06,Monday
315523162863,31673401,gunguno,516575,VALORANT,1295,2026-09-20T10:52:53Z,zh,"['顏值', '射擊', '幽默', '錢來就幹', '掉宝開启', 'English', '中文', '飆哥開示了', '启用掉宝']",2026-09-21,02-51-06,Monday
317803092452,43304416,hawnktv,18122,World of Warcraft,1295,2026-09-20T15:13:46Z,es,"['Classic', 'Español', 'tbcanniversary', 'TBC', 'TBCHARDCORE', 'wowclassic', 'DropsActivados']",2026-09-21,02-51-06,Monday
316279707245,619098998,ashswag,27471,Minecraft,1291,2026-09-20T17:50:59Z,en,"['English', 'brownboyswag', 'DropsEnabled']",2026-09-21,02-51-06,Monday
318520623719,66019478,korbendetka,27546,World of Tanks,1291,2026-09-20T16:00:29Z,ru,"['Русский', 'korben', 'WorldofTanks', 'корбен', 'DropsВключены']",2026-09-21,02-51-06,Monday
320407871452,22552479,giantwaffle,743893402,WARDOGS,1283,2026-09-20T15:59:03Z,en,"['English', 'smoothbrain', 'greg', 'DropsEnabled']",2026-09-21,02-51-06,Monday
320310060126,129801067,joshseki,516575,VALORANT,1279,2026-09-20T14:26:09Z,en,"['English', 'Valorant', 'Kpop', 'Anime', 'Cozy', 'Competitive', 'Giveaways']",2026-09-21,02-51-06,Monday
321628664667,460930758,decu,499634,Crypto,1278,2026-09-20T14:13:28Z,en,['English'],2026-09-21,02-51-06,Monday
317781198690,169558955,mehdoche,32982,Grand Theft Auto V,1275,2026-09-20T19:00:27Z,fr,"['Français', 'DropsActivés']",2026-09-21,02-51-06,Monday
317492081911,82707084,bakedjake,401587136,Arena Breakout: Infinite,1275,2026-09-20T14:48:53Z,en,"['English', 'DropsEnabled']",2026-09-21,02-51-06,Monday
317780481506,36318615,theguill84,27471,Minecraft,1271,2026-09-20T17:59:40Z,fr,"['Français', 'aigri', 'minecraft', 'Guill', 'TheGuill84', 'acariâtre', 'DropsActivés']",2026-09-21,02-51-06,Monday
318716891110,106318725,demonzz1,570615518,Resonance: A Plague Tale Legacy,1270,2026-09-20T16:02:59Z,pl,"['Polski', 'DropyWłączone']",2026-09-21,02-51-06,Monday
318717461094,432212991,tj_sk1per,1282866981,Delta Force,1270,2026-09-20T16:51:00Z,ru,['Русский'],2026-09-21,02-51-06,Monday
318519723239,76079358,vitablo,515024,Diablo IV,1265,2026-09-20T14:50:10Z,de,"['AlterMannzockt', 'ANFÄNGER', 'Deutsch', 'DropsAktiviert']",2026-09-21,02-51-06,Monday
321456635353,147299717,blue_squadron,771448419,AION 2,1262,2026-09-20T14:41:52Z,en,"['comedy', 'english', 'English', 'Chinese中文', 'DropsEnabled']",2026-09-21,02-51-06,Monday
321515141722,245226810,jelty,33214,Fortnite,1261,2026-09-20T18:38:59Z,es,['Español'],2026-09-21,02-51-06,Monday
316878234453,114010306,mulder,491487,Dead by Daylight,1258,2026-09-20T16:19:21Z,ru,['Русский'],2026-09-21,02-51-06,Monday
319295001687,479919599,yuy_ix,509658,Just Chatting,1250,2026-09-20T19:15:07Z,en,"['English', 'Vtuber', 'Woman', 'ADHD', 'Victim', 'Heartwarming', 'Educational', 'Manipulator', 'Antiintellectual', 'Crashout']",2026-09-21,02-51-06,Monday
319295075671,215968422,jadethejaguar,509659,ASMR,1248,2026-09-20T19:21:07Z,en,"['English', 'Chatty', 'ASMR', 'Singing', 'Anime', 'Jadethejaguar', 'Cosplay', 'beautiful']",2026-09-21,02-51-06,Monday
320407466844,236857715,apparentlyjack_rl,30921,Rocket League,1245,2026-09-20T15:24:04Z,en,"['English', 'DropsEnabled']",2026-09-21,02-51-06,Monday
320451291104,149414581,barleytheburr,509667,Food & Drink,1244,2026-09-20T18:09:17Z,en,"['Furry', 'Bear', 'LGBTQIA', 'BarleyTheBurr', 'Chatty', 'English', 'German']",2026-09-21,02-51-06,Monday
317778488290,555391272,guiyobr,30921,Rocket League,1238,2026-09-20T14:49:55Z,es,"['Español', 'Repetir', 'DropsActivados']",2026-09-21,02-51-06,Monday
317804976868,44759993,ranzratte,32982,Grand Theft Auto V,1233,2026-09-20T18:01:11Z,de,"['Deutsch', 'multiplayer', 'extraction', 'battleroyale', 'roleplay', 'Musikproduktion', 'DropsAktiviert']",2026-09-21,02-51-06,Monday
318659520869,803142740,alibumayetv,509658,Just Chatting,1231,2026-09-20T16:55:31Z,de,"['Deutsch', 'DropsAktiviert']",2026-09-21,02-51-06,Monday
317493049591,133394398,zeplahq,18122,World of Warcraft,1229,2026-09-20T18:21:12Z,en,"['English', 'ADHD', 'NewPlayerFriendly', 'FinalFantasyXIV', 'BackseatGamingAllowed', 'girlgamers', 'MMORPG', 'NintendoSwitch', 'Whimsical', 'DropsEnabled']",2026-09-21,02-51-06,Monday
318715524710,75564309,psychohypnotic,518184,Phasmophobia,1228,2026-09-20T14:07:11Z,en,"['English', 'giveaway', 'Switzerland', 'Horror', 'DropsEnabled']",2026-09-21,02-51-06,Monday
317492170615,52959392,blau,32982,Grand Theft Auto V,1227,2026-09-20T15:10:53Z,en,"['English', 'hockey', 'DeadWeight', 'DropsEnabled', 'NoPixelWL', 'NoPixel']",2026-09-21,02-51-06,Monday
318172703064,145015519,foolish,509658,Just Chatting,1221,2026-09-20T19:33:55Z,en,"['English', 'DropsEnabled']",2026-09-21,02-51-06,Monday
318718167142,181677239,l4hmadju,493057,PUBG: BATTLEGROUNDS,1219,2026-09-20T17:39:45Z,ru,"['Lahma', 'Lahmadju', 'Lajma', 'Русский']",2026-09-21,02-51-06,Monday
318958570230,72736442,ns_art,29595,Dota 2,1212,2026-09-20T06:51:50Z,pt,['Português'],2026-09-21,02-51-06,Monday
318520888551,135556026,yaheljr,29056,Knight Online,1210,2026-09-20T16:20:42Z,tr,['Türkçe'],2026-09-21,02-51-06,Monday
318521419879,251074264,bruz777,30921,Rocket League,1210,2026-09-20T16:59:30Z,pl,"['Polski', 'DropyWłączone']",2026-09-21,02-51-06,Monday
318522505575,470335253,hamedloco,123184772,EA Sports FC 27,1209,2026-09-20T18:16:17Z,de,['Deutsch'],2026-09-21,02-51-06,Monday
317806011876,1305299482,noahlunsi,509658,Just Chatting,1209,2026-09-20T19:25:15Z,fr,"['Français', 'Football', 'messi', 'DropsActivés']",2026-09-21,02-51-06,Monday
317805349476,125323544,xo_trixy,1267582829,Aniimo,1209,2026-09-20T18:32:30Z,fr,"['Français', 'humour', 'gaming']",2026-09-21,02-51-06,Monday
318522505831,1466322250,bramal_,509658,Just Chatting,1208,2026-09-20T18:16:17Z,de,"['Deutsch', 'DropsAktiviert']",2026-09-21,02-51-06,Monday
315523611119,11561802,godjj,11530,Steam,1204,2026-09-20T14:05:55Z,zh,"['中文', '訂閱免廣告', '登入就送']",2026-09-21,02-51-06,Monday
317813160419,190695830,schpood,509658,Just Chatting,1203,2026-09-20T17:49:14Z,en,"['English', 'minecraft', 'DropsEnabled']",2026-09-21,02-51-06,Monday
316951699796,121228500,casinodaddy,498566,Slots,1196,2026-09-20T08:26:04Z,en,"['English', 'justchatting', 'gaming', 'IRL', 'Fortnite', 'minecraft', 'GrandTheftAutoV', 'leagueoflegends', 'valorant', 'counterstrike2']",2026-09-21,02-51-06,Monday
316911462998,36805559,mirlol,18122,World of Warcraft,1195,2026-09-20T17:14:10Z,en,"['English', 'TBC', 'PvP', 'ADHD', 'DropsEnabled']",2026-09-21,02-51-06,Monday
317492008951,21302211,venruki,18122,World of Warcraft,1192,2026-09-20T14:21:48Z,en,"['English', 'DropsEnabled']",2026-09-21,02-51-06,Monday
319090458100,132106826,rainbow6br,460630,Rainbow Six Siege,1191,2026-09-20T15:19:05Z,pt,"['Esports', 'Português', 'DropsAtivados']",2026-09-21,02-51-06,Monday
321514814298,32093909,ahlaundoh,18122,World of Warcraft,1185,2026-09-20T18:14:05Z,en,"['English', 'DropsEnabled']",2026-09-21,02-51-06,Monday
317812122595,61582473,botkz,123184772,EA Sports FC 27,1184,2026-09-20T16:02:16Z,fr,"['Français', 'HPI', '1m80', 'TrendSetter']",2026-09-21,02-51-06,Monday
319091823220,1478694617,ninjaslot_,29452,Virtual Casino,1182,2026-09-20T18:39:08Z,pt,"['Português', 'English', 'aposta']",2026-09-21,02-51-06,Monday
318520803687,140714397,schwabbeltown,967107115,BrokenLore: DON’T LIE,1181,2026-09-20T16:13:21Z,de,"['Deutsch', 'Horror', 'HorrorGames', 'Crınge', 'DBDCreator']",2026-09-21,02-51-06,Monday
316878551765,211172494,gopster_,491931,Escape from Tarkov,1175,2026-09-20T17:00:33Z,ru,"['Шутеры', 'gopster', 'Русский']",2026-09-21,02-51-06,Monday
318719372518,625831970,basssultanhengzt45,498566,Slots,1175,2026-09-20T19:01:03Z,de,"['slots', 'Englisch', 'Deutsch']",2026-09-21,02-51-06,Monday
318659346533,1373178940,andr_surov,509672,IRL,1174,2026-09-20T16:44:12Z,ru,"['Русский', 'Україна']",2026-09-21,02-51-06,Monday
318520666599,39067173,psychoghost,500188,Hunt: Showdown 1896,1173,2026-09-20T16:02:59Z,en,"['survival', 'hardcore', 'guide', 'English']",2026-09-21,02-51-06,Monday
317492381687,23735582,sacriel,743893402,WARDOGS,1172,2026-09-20T16:07:22Z,en,"['English', 'Educational', 'British', 'Banter', 'Canadian', 'TwitchOG', 'NoGenAI', 'DropsEnabled']",2026-09-21,02-51-06,Monday
316879223509,174141858,elina,509658,Just Chatting,1171,2026-09-20T18:33:28Z,en,"['English', 'swedish', 'woman', 'stinky', 'ADHD', 'female', 'Interactive', 'Chatty', 'DropsEnabled']",2026-09-21,02-51-06,Monday
318661377893,277122360,domedy47,498566,Slots,1171,2026-09-20T19:05:26Z,de,['Deutsch'],2026-09-21,02-51-06,Monday
321611778267,84316241,penta,32982,Grand Theft Auto V,1170,2026-09-19T10:13:32Z,en,"['English', 'Educational', 'Socialeating', 'DropsEnabled']",2026-09-21,02-51-06,Monday
318522031975,547378744,lephoceenofficiel,509658,Just Chatting,1168,2026-09-20T17:43:07Z,fr,"['Français', 'DropsActivés']",2026-09-21,02-51-06,Monday
318656350053,65759224,nieuczesana,32982,Grand Theft Auto V,1165,2026-09-20T12:49:10Z,pl,"['Polski', 'English', 'DropyWłączone']",2026-09-21,02-51-06,Monday
321512736858,147953635,space,1264310518,Marvel Rivals,1165,2026-09-20T15:32:29Z,en,"['English', 'brainrot', 'VarietyStreamer', 'onetrick', 'unemployed', 'yelling', 'chameless', 'WaitingRoom', 'parttimer', 'DropsEnabled']",2026-09-21,02-51-06,Monday
318658877029,1102542905,deltaforcegameofficial,1282866981,Delta Force,1163,2026-09-20T16:10:00Z,en,"['English', 'DeltaForceGame', 'DropsEnabled']",2026-09-21,02-51-06,Monday
318719790054,66272442,nikolarn,2132205352,Deadlock,1160,2026-09-20T19:37:46Z,en,['English'],2026-09-21,02-51-06,Monday
318659671781,894649045,tenkedzu,1282866981,Delta Force,1159,2026-09-20T17:03:51Z,ru,"['Русский', 'проигрок', 'крутоймужик', 'жесктошпилит', 'крутизна', 'свага', 'киберспорстмен', 'DropsВключены']",2026-09-21,02-51-06,Monday
319293273559,694413391,kanekolumi,1913410799,Total War: WARHAMMER III,1157,2026-09-20T16:00:31Z,en,"['English', 'GlueSniffer', 'FemaleRedditor', 'Vtuber', 'GnomeAppreciator', 'LemonStealer', 'ParticipationPrincess', 'DrySandyToothy', 'FatNasty', 'WhyAreYourFingersBlue']",2026-09-21,02-51-06,Monday
318716670438,38974476,baso,509663,Special Events,1156,2026-09-20T15:45:43Z,de,"['mausig', 'Deutsch', 'ADHS', 'DropsAktiviert']",2026-09-21,02-51-06,Monday
319294121175,82350088,nyanners,508455,Valheim,1152,2026-09-20T17:46:13Z,en,"['English', 'Vtuber', 'Anime', 'ENVtuber']",2026-09-21,02-51-06,Monday
318718661094,35933008,moondye7,18122,World of Warcraft,1151,2026-09-20T18:09:57Z,de,"['german', 'deutsch', 'survival', 'Deutsch', 'DropsAktiviert']",2026-09-21,02-51-06,Monday
321631974875,32140000,sypherpk,33214,Fortnite,1150,2026-09-20T18:36:57Z,en,"['PvP', 'Multiplayer', 'English', 'battleroyale', 'Fortnite']",2026-09-21,02-51-06,Monday
321514601306,761114816,ion2x,516575,VALORANT,1150,2026-09-20T17:58:43Z,en,['English'],2026-09-21,02-51-06,Monday
318654523109,102440358,arcadebulls,18122,World of Warcraft,1148,2026-09-20T09:44:09Z,cs,"['Čeština', 'English', 'Community', 'PovolenéDrops']",2026-09-21,02-51-06,Monday
318511861991,106159308,gronkhtv,33180,The Last of Us,1146,2026-09-19T21:13:16Z,de,['Deutsch'],2026-09-21,02-51-06,Monday
317813164515,228173368,enkeo_,512710,Call of Duty: Warzone,1140,2026-09-20T17:49:26Z,fr,"['Français', 'Compétitif', 'M8', 'GentleMates', 'Tournoi', 'WSOW', 'EWC']",2026-09-21,02-51-06,Monday
321629882843,834741282,bocabola,27471,Minecraft,1140,2026-09-20T16:04:59Z,en,"['English', 'egirl', 'Canada', 'schizophrenic', 'Schizophrenia', 'ADHD', 'cats', 'NoBalls', 'NoGenerativeAI', 'DropsEnabled']",2026-09-21,02-51-06,Monday
318659631205,41295894,nostoro,458224,SOMA,1140,2026-09-20T17:01:12Z,ru,['Русский'],2026-09-21,02-51-06,Monday
319295205719,40017619,doublelift,21779,League of Legends,1135,2026-09-20T19:32:35Z,en,"['English', 'FurryFriendly', 'Vtuber', 'MoggingExpert', 'looksmaxxing', 'chadmaxxing', 'pngtuber']",2026-09-21,02-51-06,Monday
318653906789,44281267,lost,743893402,WARDOGS,1128,2026-09-20T08:31:31Z,de,"['multiplayer', 'battleroyale', 'lustig', 'reacts', 'Deutsch', 'reaction', 'extraction', 'SurvivaI', 'Lehrreich', 'DropsAktiviert']",2026-09-21,02-51-06,Monday
319292552663,1076369409,jakeydavies,33214,Fortnite,1126,2026-09-20T13:36:32Z,en,['English'],2026-09-21,02-51-06,Monday
316033503442,27107346,b0aty,459931,Old School RuneScape,1124,2026-09-20T13:22:49Z,en,"['English', 'frog', 'Toad', 'Whale', 'felloff', 'WashedUp']",2026-09-21,02-51-06,Monday
316013892561,87223461,walker,380978759,Escape from Tarkov: Arena,1123,2026-09-20T15:51:46Z,en,"['English', 'depressing', 'melancholic', 'passion', 'DropsEnabled']",2026-09-21,02-51-06,Monday
320313585246,448985513,ghostiefruit,27471,Minecraft,1122,2026-09-20T18:46:07Z,en,"['LGBTQ', 'ADHD', 'English', 'blockwars', 'MCC', 'meowmeowmeowmeowmeowmeow', 'moneysmp', 'DropsEnabled']",2026-09-21,02-51-06,Monday
319293796567,24991333,imaqtpie,513143,Teamfight Tactics,1122,2026-09-20T17:10:24Z,en,['English'],2026-09-21,02-51-06,Monday
318517103079,49408183,sick_nerd,459931,Old School RuneScape,1116,2026-09-20T11:17:14Z,en,"['English', 'RecedingHairline', 'NeanderthalAncestry', 'AskMeAnything', 'Deposit', 'Your', 'Primes', 'Here', 'Denmark']",2026-09-21,02-51-06,Monday
321514141530,250655167,rezears,30921,Rocket League,1115,2026-09-20T17:24:54Z,de,"['Deutsch', 'English', 'RLCS', 'proplayer', 'pro', 'DropsAktiviert']",2026-09-21,02-51-06,Monday
318172480984,26154978,sykkuno,32982,Grand Theft Auto V,1108,2026-09-20T19:06:03Z,en,"['English', 'DropsEnabled']",2026-09-21,02-51-06,Monday
318661300837,1379243880,mahoro69,498566,Slots,1106,2026-09-20T19:00:00Z,de,"['Deutsch', 'slots', 'casino', 'gambling', 'Wiederholen']",2026-09-21,02-51-06,Monday
320409364316,80585512,yusuf7n,509658,Just Chatting,1103,2026-09-20T17:55:16Z,en,"['English', 'KODE', 'STICKTOTHEKODE', 'DropsEnabled']",2026-09-21,02-51-06,Monday
317811557475,521583209,jujalag,12924,Warcraft III,1103,2026-09-20T15:03:31Z,es,['Español'],2026-09-21,02-51-06,Monday
321513832410,23946146,dolphinchemist,637947646,Emberward,1097,2026-09-20T17:01:41Z,en,"['English', 'genius', 'Esperanto', 'NoSpoilers']",2026-09-21,02-51-06,Monday
316472681585,24150891,kokujintv,21779,League of Legends,1096,2026-09-20T17:52:19Z,ja,['日本語'],2026-09-21,02-51-06,Monday
317781258978,185460415,poly,13332,Pokémon FireRed/LeafGreen,1096,2026-09-20T19:04:33Z,it,"['Italiano', 'testaquadra', 'rubik', 'DropAbilitati']",2026-09-21,02-51-06,Monday
319090655348,41783889,axtlol,460630,Rainbow Six Siege,1095,2026-09-20T15:57:16Z,pt,"['Português', 'CBLOL', 'lol', 'leagueoflegeneds', 'LTA']",2026-09-21,02-51-06,Monday
317780985826,1135402907,imow,401587136,Arena Breakout: Infinite,1094,2026-09-20T18:43:10Z,en,"['ABI', 'English', 'imow', 'DropsEnabled']",2026-09-21,02-51-06,Monday
318172691800,41809323,misterarther,509658,Just Chatting,1091,2026-09-20T19:32:26Z,en,"['English', 'DropsEnabled', 'drops']",2026-09-21,02-51-06,Monday
318960244598,267176388,malefilmica,21779,League of Legends,1086,2026-09-20T16:17:32Z,es,['Español'],2026-09-21,02-51-06,Monday
321460630233,85875635,ray,509658,Just Chatting,1086,2026-09-20T19:34:42Z,en,"['English', 'TinasHusband', 'FrameRateMerch', 'Number51', 'AwardWinningStreamer', 'MarioPartyMan', 'AggressiveOmega', 'DropsEnabled']",2026-09-21,02-51-06,Monday
317778492642,194431028,mathox,27471,Minecraft,1086,2026-09-20T14:50:16Z,fr,"['Speedrun', 'Jump', 'Français', 'DropsActivés']",2026-09-21,02-51-06,Monday
321459796185,114942381,coopertv,32399,Counter-Strike,1083,2026-09-20T18:42:22Z,en,['English'],2026-09-21,02-51-06,Monday
319295101271,8683614,zfg1,11557,The Legend of Zelda: Ocarina of Time,1083,2026-09-20T19:23:09Z,en,"['English', 'Speedrun', 'Randomizer']",2026-09-21,02-51-06,Monday
318519185127,101250259,nyny_x,1669431183,DJs,1076,2026-09-20T14:04:40Z,de,"['dj', 'dance', 'deutsch', 'techno', 'english', 'music', 'Deutsch', 'Hardstyle', 'DropsAktiviert']",2026-09-21,02-51-06,Monday
318656490085,30118763,newmultishow,27546,World of Tanks,1075,2026-09-20T13:00:26Z,pl,"['Polski', 'wot', 'DropyWłączone']",2026-09-21,02-51-06,Monday
318718257766,173044445,servos_,32982,Grand Theft Auto V,1065,2026-09-20T17:45:45Z,el,"['greek', 'Ελληνικά', 'English', 'Greece', 'ΤαDropΕνεργοποιήθηκαν']",2026-09-21,02-51-06,Monday
317805497188,69592711,areliann,32982,Grand Theft Auto V,1064,2026-09-20T18:45:20Z,fr,"['Français', 'DropsActivés']",2026-09-21,02-51-06,Monday
320312256478,119015407,dashy,30921,Rocket League,1062,2026-09-20T17:26:34Z,en,"['English', 'DropsEnabled']",2026-09-21,02-51-06,Monday
318171040984,49303276,nick28t,123184772,EA Sports FC 27,1056,2026-09-20T14:57:06Z,en,"['UltimateTeam', 'Tarkov', 'F1', 'MensHealth', 'iracing', 'simracing', 'IRL', 'escapefromtarkov', 'fc27', 'fc27ultimate']",2026-09-21,02-51-06,Monday
318521776999,106119024,kugelbuch,743,Chess,1056,2026-09-20T17:24:49Z,de,"['deutsch', 'schach', 'chess', 'strategie', 'MUSKULÖS', '106iq', '1900elo', 'english', 'Deutsch', 'Englisch']",2026-09-21,02-51-06,Monday
318718024806,183467919,niisa,510389,Shakes and Fidget,1056,2026-09-20T17:30:02Z,de,"['Deutsch', 'English', 'SFPartner', 'Sponsored', 'DropsAktiviert']",2026-09-21,02-51-06,Monday
317803147108,751562865,mohamedlightcr,491168,Clash Royale,1055,2026-09-20T15:18:25Z,en,"['العربية', 'English', 'MohamedLight', 'Cr', 'ClashRoyale', 'Top1']",2026-09-21,02-51-06,Monday
316907881174,118031210,meetenshow,116747788,"Pools, Hot Tubs, and Beaches",1050,2026-09-20T07:23:46Z,ru,"['Русский', 'митин', 'легенда', 'bmw', 'meeten', 'f30', 'марафон', '24часа', 'артурмитин']",2026-09-21,02-51-06,Monday
320294043486,457942039,saps,27471,Minecraft,1049,2026-09-19T15:03:51Z,en,"['minecraft', 'saparata', 'saps', 'English', 'DropsEnabled']",2026-09-21,02-51-06,Monday
318960686966,956784486,surskity11,509658,Just Chatting,1048,2026-09-20T17:26:10Z,pt,"['Português', 'DropsAtivados']",2026-09-21,02-51-06,Monday
318518974439,1542708830,dwainrandolf,499634,Crypto,1045,2026-09-20T13:49:15Z,en,"['English', 'crypto', 'forex', 'BTCUSDT']",2026-09-21,02-51-06,Monday
317803567716,85834498,soursweet,743893402,WARDOGS,1045,2026-09-20T15:56:50Z,en,"['English', 'Survival', 'HeyEveryoneSourHere', 'RP', 'Chilled', 'DropsEnabled']",2026-09-21,02-51-06,Monday
318961374198,228371036,suetam1v4,1820839024,MECCHA CHAMELEON,1043,2026-09-20T19:01:42Z,pt,"['Português', 'suetam', 'suetam1v4', 'brazil', 'Brasil', 'humor']",2026-09-21,02-51-06,Monday
315523591407,139348774,hannn0501_,21779,League of Legends,1041,2026-09-20T13:55:56Z,zh,"['ＦＰＳ', '中文']",2026-09-21,02-51-06,Monday
320405129052,204659019,lockintj,602040818,NBA 2K27,1035,2026-09-20T09:00:43Z,en,"['2k', 'comp', 'English', '2k26', '2K27', 'DropsEnabled']",2026-09-21,02-51-06,Monday
321513558874,81463115,kotton,18122,World of Warcraft,1034,2026-09-20T16:40:46Z,en,"['English', 'fps', 'survival', 'Strategy', '1440p', '2k', 'DropsEnabled']",2026-09-21,02-51-06,Monday
317811082595,40135340,ernesto,123184772,EA Sports FC 27,1030,2026-09-20T14:13:42Z,de,['Deutsch'],2026-09-21,02-51-06,Monday
318961335414,1152049764,ryugalde,29452,Virtual Casino,1030,2026-09-20T18:56:40Z,pt,"['Português', 'English', 'espanhol', 'cassino', 'bet']",2026-09-21,02-51-06,Monday
320452036704,40797938,kirsche,509658,Just Chatting,1024,2026-09-20T19:03:02Z,en,"['vtuber', 'CripplingAutismGang', 'TriggerWarning', 'MentallyDisabled', 'finsub', 'Educational', 'EthicalJournalism', 'WhiteDemon', 'ForeskinDenial', 'DryBeating']",2026-09-21,02-51-06,Monday
317813379427,60408047,voltariux,513143,Teamfight Tactics,1024,2026-09-20T18:07:27Z,fr,['Français'],2026-09-21,02-51-06,Monday
317802399204,35632770,luuxia,18122,World of Warcraft,1023,2026-09-20T14:09:45Z,fr,"['Français', 'DropsActivés']",2026-09-21,02-51-06,Monday
318702303974,810054395,maimaittv,509658,Just Chatting,1022,2026-09-19T13:11:36Z,ja,"['日本語', '台灣', 'deadbydaylight', 'dbdcreator', '旅行', 'IRL', '雑談', '中文', 'English', 'Drops有効']",2026-09-21,02-51-06,Monday
316879364821,704296947,slizeen,32982,Grand Theft Auto V,1018,2026-09-20T18:58:26Z,ru,"['Русский', 'DropsВключены']",2026-09-21,02-51-06,Monday
318523104103,43281991,dear_hellgirl,509658,Just Chatting,1016,2026-09-20T19:03:01Z,ru,"['Vtuber', 'Втубер', 'Витубер', 'Русский', 'Аниме', 'ruvtuber', 'девушка', 'DropsВключены']",2026-09-21,02-51-06,Monday
321457408345,29829912,drlupo,491931,Escape from Tarkov,1012,2026-09-20T15:50:23Z,en,"['English', 'Depression', 'Blasting', 'Guys', 'Educational']",2026-09-21,02-51-06,Monday
318516919399,476077919,myko,263490,Rust,1011,2026-09-20T11:00:10Z,de,"['Deutsch', 'german', 'Rust', 'IRL']",2026-09-21,02-51-06,Monday
317493469559,1019882922,joesizl,33214,Fortnite,1011,2026-09-20T19:22:11Z,en,"['Jynxzi', 'Fortnite', 'Joesizl', 'English']",2026-09-21,02-51-06,Monday
321459153881,630660785,buckboystv,509672,IRL,1006,2026-09-20T17:57:14Z,fr,['Français'],2026-09-21,02-51-06,Monday
318172049240,902183508,kriss_drummer,509658,Just Chatting,1005,2026-09-20T18:03:19Z,en,"['English', 'Rock', 'Metal', 'DropsEnabled']",2026-09-21,02-51-06,Monday
316878950485,450197949,abramovich,493959,Red Dead Redemption II,1004,2026-09-20T17:53:05Z,ru,['Русский'],2026-09-21,02-51-06,Monday
317802744164,884056266,warthunder_esports,66366,War Thunder,999,2026-09-20T14:41:12Z,en,"['warthunder', 'English', 'Esports']",2026-09-21,02-51-06,Monday
318657060965,103495737,shoxx__,32982,Grand Theft Auto V,997,2026-09-20T13:47:53Z,de,"['Deutsch', 'gta', 'GTARP', 'justcchatting', 'HomeState', 'HomestateRP', 'DropsAktiviert']",2026-09-21,02-51-06,Monday
318715456230,40059032,craft12354,18122,World of Warcraft,995,2026-09-20T14:02:05Z,de,"['Deutsch', 'MMORPG', 'gaming', 'stimme', 'WorldofWarcaft', 'midnight', 'DropsAktiviert']",2026-09-21,02-51-06,Monday
318520422375,144798294,bigspincr,491168,Clash Royale,993,2026-09-20T15:45:47Z,de,['Deutsch'],2026-09-21,02-51-06,Monday
316877803221,207492440,anjouu,27471,Minecraft,993,2026-09-20T15:16:06Z,en,"['English', 'FORSEN', 'MCSR', 'MCSRRANKED', 'SPEEDRUN', 'SPEEDRUNNING', 'HOROBRINE666', 'TOP500', 'TRACERGOAT', 'XQC']",2026-09-21,02-51-06,Monday
317808116835,171571075,cellofrag,19357,Guild Wars 2,987,2026-09-20T06:31:19Z,en,"['Musician', 'AMA', 'PlayingWithViewers', 'GuildWars2', 'MMORPG', 'Friendly', 'English', 'Drops', 'DropsEnabled']",2026-09-21,02-51-06,Monday
316954394708,139625919,keatzen,32399,Counter-Strike,987,2026-09-20T15:32:21Z,ru,"['Русский', '5000elo', 'faceit', 'мистерруинер', 'prime']",2026-09-21,02-51-06,Monday
317812024675,819767825,legoml,494184,Mobile Legends: Bang Bang,982,2026-09-20T15:53:07Z,ru,"['Русский', 'mlbb']",2026-09-21,02-51-06,Monday
318718749798,168492696,phantasm__,21779,League of Legends,981,2026-09-20T18:15:52Z,en,['English'],2026-09-21,02-51-06,Monday
316954253524,763092538,shiishak,29595,Dota 2,980,2026-09-20T15:12:11Z,ru,['Русский'],2026-09-21,02-51-06,Monday
318520940135,134593986,quattroace,401587136,Arena Breakout: Infinite,977,2026-09-20T16:24:39Z,ru,"['Русский', 'English', 'DropsВключены']",2026-09-21,02-51-06,Monday
316876985301,148844345,roadhouse,512923,Baldur's Gate 3,977,2026-09-20T13:04:50Z,ru,['Русский'],2026-09-21,02-51-06,Monday
320447741280,752742297,seoi1016,509658,Just Chatting,964,2026-09-20T12:39:56Z,ko,"['한국어', 'English', '中文', 'Asian', '日本語', 'Русский', 'Dance', 'kpop', 'korean', '드롭활성화됨']",2026-09-21,02-51-06,Monday
318522882663,793157866,sarahtoninx9,509658,Just Chatting,961,2026-09-20T18:45:46Z,de,"['Deutsch', 'german', 'justchattıng', 'BRAINROT', 'yapping', 'ragebait', 'Politik', 'reaction', 'react', 'DropsAktiviert']",2026-09-21,02-51-06,Monday
318717115878,35866558,azzapp,21779,League of Legends,958,2026-09-20T16:21:48Z,en,"['English', 'zapzap', 'neverff', 'velkoz', 'Challenger', 'ChallengeRuns', 'CANWIN', '0deaths', 'NoBackseating', 'slaythespire2']",2026-09-21,02-51-06,Monday
316878559317,107540500,r1outv,32982,Grand Theft Auto V,956,2026-09-20T17:01:12Z,el,"['Ελληνικά', 'ΤαDropΕνεργοποιήθηκαν']",2026-09-21,02-51-06,Monday
319015404149,84212120,yulla,11557,The Legend of Zelda: Ocarina of Time,954,2026-09-20T03:05:20Z,pt,['Português'],2026-09-21,02-51-06,Monday
318502248039,145498295,exsl95,18122,World of Warcraft,953,2026-09-19T07:21:20Z,de,"['Deutsch', 'DropsAktiviert']",2026-09-21,02-51-06,Monday
318656578661,551696128,dekii,512710,Call of Duty: Warzone,948,2026-09-20T13:06:38Z,de,"['Deutsch', 'warzone']",2026-09-21,02-51-06,Monday
318719328102,118977300,viggomagiccc,32399,Counter-Strike,945,2026-09-20T18:58:07Z,da,['Dansk'],2026-09-21,02-51-06,Monday
321456429145,27235948,adamvseverything,394568,RimWorld,943,2026-09-20T14:19:24Z,en,"['Chill', 'English', 'Challenge', 'Hardcore', 'GoodVibes', 'RimWorld', 'Satisfactory', 'NoBackseating', 'NoSpoilers', 'Guides']",2026-09-21,02-51-06,Monday
317799195364,416031592,solaryhs,138585,Hearthstone,934,2026-09-20T05:23:36Z,fr,['Français'],2026-09-21,02-51-06,Monday
316955321428,137718813,namvseyasno,509658,Just Chatting,931,2026-09-20T17:20:53Z,ru,"['Русский', 'DropsВключены']",2026-09-21,02-51-06,Monday
316470567793,11692694,uzra,509658,Just Chatting,931,2026-09-20T08:19:33Z,zh,['中文'],2026-09-21,02-51-06,Monday
316911850710,592575770,stintlive,509658,Just Chatting,930,2026-09-20T18:01:51Z,ru,"['Русский', 'DropsВключены']",2026-09-21,02-51-06,Monday
317493130359,867967600,marasshakursamp,32982,Grand Theft Auto V,929,2026-09-20T18:36:31Z,ru,"['Русский', 'marasshakur', 'самп', 'samp', 'gta5', 'dota2', 'марасшакур', 'live', 'Army', 'BATTLEFIELD6']",2026-09-21,02-51-06,Monday
318660241125,101204178,jamside,65876,Cyberpunk 2077,929,2026-09-20T17:45:10Z,ru,"['Русский', 'English', 'MONKEY', 'ape', 'Gorilla']",2026-09-21,02-51-06,Monday
318523386727,734778954,kodi__98,498566,Slots,928,2026-09-20T19:26:08Z,de,['Deutsch'],2026-09-21,02-51-06,Monday
319019386101,908203379,ggthhay,29452,Virtual Casino,927,2026-09-20T17:51:19Z,pt,['Português'],2026-09-21,02-51-06,Monday
316471952625,1540299592,r2onlinerise,502829,R2 Online: Reign of Revolution,924,2026-09-20T13:53:15Z,ru,['Русский'],2026-09-21,02-51-06,Monday
317779146978,83036580,neikoohh_,123184772,EA Sports FC 27,924,2026-09-20T15:53:44Z,fr,['Français'],2026-09-21,02-51-06,Monday
318171956696,476516139,healful1,518203,Sports,923,2026-09-20T17:50:15Z,en,"['grinding', 'shooter', 'apex', 'legends', 'fps', 'English']",2026-09-21,02-51-06,Monday
316112979050,106013742,pestily,491931,Escape from Tarkov,923,2026-09-20T18:45:57Z,en,['English'],2026-09-21,02-51-06,Monday
319091839092,47071880,yoda,508455,Valheim,923,2026-09-20T18:41:05Z,pt,"['Português', 'wYzards', 'Y', 'FON', 'SLGames', 'RBH']",2026-09-21,02-51-06,Monday
321456615001,631774252,mpx_player,512710,Call of Duty: Warzone,921,2026-09-20T14:39:37Z,en,"['English', 'mpxplayer', 'ADHD', 'rebirthisland', 'Veteran', 'NavyVeteran']",2026-09-21,02-51-06,Monday
320314297182,183390095,sweeettails,509658,Just Chatting,918,2026-09-20T19:27:40Z,en,"['English', 'DropsEnabled']",2026-09-21,02-51-06,Monday
318519020007,173164131,noraexplorer,743893402,WARDOGS,916,2026-09-20T13:52:39Z,en,"['English', 'Denmark', 'IRL', 'justchattıng', 'gaming', 'LGBTQ', 'OCD', 'DropsEnabled']",2026-09-21,02-51-06,Monday
318660331621,237448208,echteralphakevin,509658,Just Chatting,915,2026-09-20T17:52:15Z,de,"['Deutsch', 'DropsAktiviert']",2026-09-21,02-51-06,Monday
318523462375,181713478,cydonia_chiara,10609,Pokémon Emerald Version,914,2026-09-20T19:32:24Z,it,"['Italiano', 'pokemon', 'VGC', 'vgcpokemon', 'gameplay', 'indie']",2026-09-21,02-51-06,Monday
318659980261,836843004,rouszztrash,29595,Dota 2,912,2026-09-20T17:26:26Z,ru,['Русский'],2026-09-21,02-51-06,Monday
320408562524,14410317,ezekiel_iii,417752,Talk Shows & Podcasts,912,2026-09-20T16:55:44Z,en,"['English', 'ADHD', 'humor', 'ClosedCaptions', 'DropsEnabled']",2026-09-21,02-51-06,Monday
320311218142,31500812,smitegame,2094865572,SMITE 2,910,2026-09-20T16:11:32Z,en,"['English', 'DropsEnabled']",2026-09-21,02-51-06,Monday
318719440486,1209791823,dianvegas1,498566,Slots,908,2026-09-20T19:05:54Z,de,['Deutsch'],2026-09-21,02-51-06,Monday
319294282071,1349515600,aimkey,464339927,ARC Raiders,901,2026-09-20T18:01:54Z,en,['English'],2026-09-21,02-51-06,Monday
316034421074,36974451,barny,18122,World of Warcraft,900,2026-09-20T18:21:39Z,en,"['English', 'frog', 'NoGenerativeAI', 'DropsEnabled']",2026-09-21,02-51-06,Monday
319294679767,700526126,blukitsune9,509658,Just Chatting,899,2026-09-20T18:42:51Z,en,"['English', 'Woman', 'Travel', 'IRL', 'VarietyGamer', 'girl', 'reaction', 'Friendly', 'tism', 'Crafting']",2026-09-21,02-51-06,Monday
318716666854,54247848,milschbaum,509663,Special Events,898,2026-09-20T15:45:24Z,de,"['Deutsch', 'Corgi', 'DropsAktiviert']",2026-09-21,02-51-06,Monday
318718872550,50473266,sawardega,509658,Just Chatting,897,2026-09-20T18:24:00Z,pl,"['Polski', 'DropyWłączone']",2026-09-21,02-51-06,Monday
318717436006,27187962,herdyn,32982,Grand Theft Auto V,894,2026-09-20T16:48:54Z,cs,"['Čeština', 'PovolenéDrops']",2026-09-21,02-51-06,Monday
316484420722,662556407,whitelily_3,55453844,Street Fighter 6,890,2026-09-20T15:31:09Z,ja,"['日本語', 'Japanese', '女性', 'Vtuber', 'ストリートファイター6', 'キャミィ', 'Drops有効']",2026-09-21,02-51-06,Monday
319294473815,526832402,wakewilder,32982,Grand Theft Auto V,889,2026-09-20T18:20:26Z,en,"['English', 'DropsEnabled', 'NoPixel']",2026-09-21,02-51-06,Monday
316540377203,1542762283,brontebtc,499634,Crypto,889,2026-09-20T17:14:52Z,en,"['English', 'crypto', 'trading', 'forex']",2026-09-21,02-51-06,Monday
316878061781,1321270540,locomotyvas,32982,Grand Theft Auto V,888,2026-09-20T15:56:26Z,other,"['Lithuanian', 'Lietuva', 'Gta5RolePlay', 'fivem', 'MainCharacter', 'mesyte', 'neclaperis', 'onex', 'gandrudirektorius', 'OZYS']",2026-09-21,02-51-06,Monday
320451281504,1106657346,sugarfree,515025,Overwatch,886,2026-09-20T18:08:34Z,en,['English'],2026-09-21,02-51-06,Monday
316955337044,178091065,dedbaldesh,493959,Red Dead Redemption II,885,2026-09-20T17:22:54Z,ru,['Русский'],2026-09-21,02-51-06,Monday
316013824337,58541114,anthonydaytv,123184772,EA Sports FC 27,885,2026-09-20T15:24:29Z,en,"['English', 'UK', 'PlayingWithViewers', 'EASportsFC', 'FC27', 'TOTW', 'TeamOfTheWeek', 'FUTChampions', 'UltimateTeam']",2026-09-21,02-51-06,Monday
318522651111,43030068,kurolily,509658,Just Chatting,885,2026-09-20T18:27:28Z,it,"['Italiano', 'DropAbilitati']",2026-09-21,02-51-06,Monday
316956138068,908191425,warekoot,29452,Virtual Casino,880,2026-09-20T19:00:44Z,ru,['Русский'],2026-09-21,02-51-06,Monday
320452478944,133118594,mingo,33214,Fortnite,878,2026-09-20T19:31:58Z,en,"['English', 'jynxzi']",2026-09-21,02-51-06,Monday
318171550552,39724467,swagg,512710,Call of Duty: Warzone,878,2026-09-20T16:43:16Z,en,"['fazeswagg', 'FaZe', 'English', 'cod', 'callofduty', 'warzone', 'warzonecallofduty', 'swagg']",2026-09-21,02-51-06,Monday
318519360231,157636141,tommykaylive,459327,Hearts of Iron IV,877,2026-09-20T14:19:32Z,en,"['English', 'History', 'Comedy', 'Variety', 'gaming', 'Chatty', 'ADHD', 'Roleplay']",2026-09-21,02-51-06,Monday
316537943667,157825412,matsuri_hs,138585,Hearthstone,875,2026-09-20T06:20:34Z,ja,['日本語'],2026-09-21,02-51-06,Monday
320310021598,105458682,bobross,509660,Art,872,2026-09-20T14:21:51Z,en,"['English', 'DropsEnabled']",2026-09-21,02-51-06,Monday
317805174372,695897019,la4awale,123184772,EA Sports FC 27,871,2026-09-20T18:17:47Z,en,"['English', 'fc26', 'fifa', 'ad']",2026-09-21,02-51-06,Monday
320450707296,1200831758,caseoh247,509658,Just Chatting,871,2026-09-20T17:24:08Z,en,"['caseoh', 'Caseohgames', 'VOD', 'reruns', 'Rerun', 'English', 'DropsEnabled']",2026-09-21,02-51-06,Monday
318659508069,228314492,zwierzaaak,32982,Grand Theft Auto V,870,2026-09-20T16:54:42Z,pl,"['Polski', 'DropyWłączone']",2026-09-21,02-51-06,Monday
320407079004,39886669,oatsngoats,7595,Super Metroid,870,2026-09-20T14:48:34Z,en,"['English', 'Retro', 'Speedrun']",2026-09-21,02-51-06,Monday
318659145957,608604089,avr0ra112,488190,Poker,867,2026-09-20T16:29:18Z,en,"['Русский', 'English', 'poker']",2026-09-21,02-51-06,Monday
320312108382,112295341,andersonjph,344035090,Kingdom Come: Deliverance II,865,2026-09-20T17:15:52Z,en,"['English', 'sword', 'bouldering']",2026-09-21,02-51-06,Monday
317799708388,211727439,rtparenacsplus,32399,Counter-Strike,865,2026-09-20T08:26:12Z,pt,"['Português', 'cs', 'CounterStrike', 'CS2', 'RETAKE']",2026-09-21,02-51-06,Monday
316482504434,129440913,jongie,743893402,WARDOGS,863,2026-09-20T07:19:57Z,zh,"['Taiwan', 'HolidayHoopla', '中文', '启用掉宝']",2026-09-21,02-51-06,Monday
317802349284,81206052,souinsane,515024,Diablo IV,863,2026-09-20T14:05:19Z,fr,"['Diablo3', 'Diablo4', 'ARPG', 'Français', 'DropsActivés']",2026-09-21,02-51-06,Monday
316878068053,99344570,dianadunaeva,491487,Dead by Daylight,859,2026-09-20T15:57:34Z,ru,"['Русский', 'ЛДПР', 'Ace']",2026-09-21,02-51-06,Monday
318659787365,131496154,d3ncold,1264310518,Marvel Rivals,853,2026-09-20T17:11:59Z,ru,"['общение', 'Смешной', 'Киберспорт', 'Русский', 'РейтинговыеИгры', 'ИграСоЗрителями', 'Аниме', 'Созрителями', 'Марвел', 'DropsВключены']",2026-09-21,02-51-06,Monday
320310938718,485205691,celthewitch,1264310518,Marvel Rivals,853,2026-09-20T15:47:44Z,en,"['English', 'gothgirl', 'GothMommy', 'marvelrivals', 'justchatting', 'Cosplay', 'drops', 'yapper', 'findom', 'DropsEnabled']",2026-09-21,02-51-06,Monday
316060334291,55974086,thedementedsalad,511844,The Lord of the Rings: Gollum,852,2026-09-20T09:00:58Z,en,"['English', 'Dude', 'Getting', 'His', 'Salad', 'Tossed', 'DropsEnabled']",2026-09-21,02-51-06,Monday
317778496738,62658190,cruelladk,18122,World of Warcraft,852,2026-09-20T14:50:38Z,fr,"['Français', 'Competitive', 'DropsActivés']",2026-09-21,02-51-06,Monday
318660427237,30396958,camak,743893402,WARDOGS,851,2026-09-20T17:58:38Z,fr,"['Français', 'DropsActivés']",2026-09-21,02-51-06,Monday
316484004722,466250451,urs_toko,21779,League of Legends,850,2026-09-20T13:38:25Z,ja,"['Vtuber', '日本語', 'いくらなんでもよわすぎる', 'ふめこあ', 'DominationCrown', 'CamelliaCrown']",2026-09-21,02-51-06,Monday
320310685406,104526031,jamaicancoconut,30921,Rocket League,850,2026-09-20T15:24:00Z,en,"['SSL', 'funny', 'English', 'rocketleague', 'pro', 'dominus', 'old', 'DropsEnabled']",2026-09-21,02-51-06,Monday
316879330773,1129044165,smetanduck,27471,Minecraft,849,2026-09-20T18:52:18Z,ru,"['Русский', 'млбб', 'МобаилЛегендс', 'сметанамлбб', 'SmetanaML', 'мл', '100звезд', 'DropsВключены']",2026-09-21,02-51-06,Monday
317813709283,697498408,p4perback,27471,Minecraft,846,2026-09-20T18:38:08Z,en,"['english', 'british', 'lgbt', 'french', 'p4persmp', 'horror', 'loud', 'DropsEnabled']",2026-09-21,02-51-06,Monday
320407175900,137786375,luxthos,18122,World of Warcraft,842,2026-09-20T14:57:28Z,en,"['English', 'AMA', 'Québec', 'MMORPG', 'ARPG', 'LurkerFriendly', 'Interactive', 'giveaway', 'DropsEnabled']",2026-09-21,02-51-06,Monday
317803530468,53236934,chez_lex,509658,Just Chatting,841,2026-09-20T15:53:06Z,fr,"['Français', 'Gauche', 'Médias', 'Actualités']",2026-09-21,02-51-06,Monday
317767220834,407902778,levraidoffy,490377,Sea of Thieves,839,2026-09-19T12:01:18Z,fr,"['Français', 'DropsActivés']",2026-09-21,02-51-06,Monday
316242451051,477111082,owbrain,30921,Rocket League,825,2026-09-20T15:34:14Z,ar,"['Arabic', 'العربية', 'تم・تمكين・Drops']",2026-09-21,02-51-06,Monday
320410551388,84751370,dnegspoker,488190,Poker,818,2026-09-20T19:21:14Z,en,['English'],2026-09-21,02-51-06,Monday
318960844662,100244979,bstrdd,516575,VALORANT,818,2026-09-20T17:49:14Z,es,['Español'],2026-09-21,02-51-06,Monday
316879392597,1231382812,natik_500,509658,Just Chatting,816,2026-09-20T19:02:18Z,ru,"['Русский', 'DropsВключены']",2026-09-21,02-51-06,Monday
317493480439,126632539,katevolved,21779,League of Legends,815,2026-09-20T19:24:04Z,en,"['English', 'WomensRights', 'Vtuber', 'Manipulator', 'Gaslighting', 'ManicDepression', 'Masculine', 'Schizophrenia', 'Katarina', 'GODCOMPLEX']",2026-09-21,02-51-06,Monday
318707158374,1542397952,caysonharl,498566,Slots,815,2026-09-19T19:34:46Z,de,['Deutsch'],2026-09-21,02-51-06,Monday
318656940005,489860001,ninuschk,417528,Albion Online,810,2026-09-20T13:37:32Z,en,"['TechnoDJ', 'English', 'DropsEnabled']",2026-09-21,02-51-06,Monday
318719493350,143753595,rosemondy,509658,Just Chatting,805,2026-09-20T19:11:03Z,de,['Deutsch'],2026-09-21,02-51-06,Monday
316479239282,25202416,shuteye_orange,509658,Just Chatting,804,2026-09-19T12:31:55Z,zh,"['中文', '恐怖遊戲', 'Horror', '恐怖', '燕雲十六聲', 'wherewindsmeet', '启用掉宝']",2026-09-21,02-51-06,Monday
318172440152,1132877357,franbeuve,509658,Just Chatting,804,2026-09-20T19:00:24Z,es,"['Español', 'DropsActivados']",2026-09-21,02-51-06,Monday
319294810455,25093116,fl0m,32399,Counter-Strike,802,2026-09-20T18:57:02Z,en,"['BEARD', 'Washed', 'Pro', 'CONTENT', 'FAT', 'NotFat', 'NOTlate', 'SwoleDaddy', 'English']",2026-09-21,02-51-06,Monday
318660474853,179279586,kertus,32982,Grand Theft Auto V,798,2026-09-20T18:00:47Z,it,"['Italiano', 'gta5', 'kertus', 'fivem', 'imperorp', 'impero', 'anc', 'gtaonline', 'Roleplay', 'DropAbilitati']",2026-09-21,02-51-06,Monday
321439216217,55899594,corgicam,509660,Art,796,2026-09-19T13:06:41Z,en,"['English', 'Vtuber', 'Furry', 'LGBTQIAPlusAlly', 'short', 'LOUD', 'Interactive', 'ClosedCaptions', 'subathon', 'Yapper']",2026-09-21,02-51-06,Monday
317805510244,274440537,poneeeyclub,518203,Sports,796,2026-09-20T18:46:16Z,fr,"['Français', 'rugby', 'gaming', 'masterclass', 'quiz', 'sports', 'PtitBuro', 'DropsActivés']",2026-09-21,02-51-06,Monday
319090778996,417246422,ferbr,509658,Just Chatting,795,2026-09-20T16:19:05Z,pt,"['Português', 'FerBR', 'Fer', 'DropsAtivados']",2026-09-21,02-51-06,Monday
318654391269,1542639925,reidjocelyn,498566,Slots,793,2026-09-20T09:27:46Z,de,['Deutsch'],2026-09-21,02-51-06,Monday
321628605915,28640725,lobosjr,508455,Valheim,793,2026-09-20T14:05:22Z,en,"['voiceactor', 'chill', 'rpg', 'English', 'vgm', 'soulslike', 'Retro', 'nostalgía']",2026-09-21,02-51-06,Monday
317803619428,54892839,melyoh,1050003477,The Elder Scrolls V: Skyrim - Special Edition,792,2026-09-20T16:01:02Z,fr,"['VoiceActing', 'RPG', 'humour', 'Roleplay', 'Français', 'fantasy', 'InclusiveSpace', 'RP', 'communauté', 'Adventure']",2026-09-21,02-51-06,Monday
321516069722,51496027,loltyler1,33214,Fortnite,790,2026-09-20T19:43:45Z,en,"['English', 'loltyler1', 'tyler1']",2026-09-21,02-51-06,Monday
317491868535,184147110,olesyaliberman,509658,Just Chatting,785,2026-09-20T13:22:59Z,en,"['English', 'DropsEnabled']",2026-09-21,02-51-06,Monday
317780810210,128368067,ryosenseitv,509658,Just Chatting,783,2026-09-20T18:27:19Z,fr,"['Français', 'DropsActivés']",2026-09-21,02-51-06,Monday
321456835673,142055874,lolesportsla,21779,League of Legends,778,2026-09-20T15:00:21Z,es,"['LATAM', 'LOLLATAM', 'leagueoflegends', 'Esports', 'CBLOL', 'LCS', 'Español', 'DropsActivados']",2026-09-21,02-51-06,Monday
320407994204,144926827,ds_lily,1702520304,Path of Exile 2,778,2026-09-20T16:08:45Z,en,"['Beef', 'NoSleep', 'Blasting', 'Stalling', 'English', 'Hardcore', 'goth']",2026-09-21,02-51-06,Monday
319020119029,1078197656,nokan777,29452,Virtual Casino,777,2026-09-20T19:19:48Z,pt,"['Português', 'EngIish']",2026-09-21,02-51-06,Monday
321630717659,86308586,fragas,491931,Escape from Tarkov,775,2026-09-20T17:08:55Z,en,"['English', 'glorp', 'BIGDOG']",2026-09-21,02-51-06,Monday
315543818352,1001266615,moondogs_celestial,21779,League of Legends,773,2026-09-20T13:54:25Z,zh,"['Vtuber', 'fps', '中文']",2026-09-21,02-51-06,Monday
318171337176,700115497,babydollobscurity,499003,VRChat,773,2026-09-20T16:01:35Z,en,['English'],2026-09-21,02-51-06,Monday
316033807058,24981496,hydramist,18122,World of Warcraft,772,2026-09-20T15:19:07Z,en,"['English', 'PvP', 'wow', 'wowclassic', 'worldofwarcraft', 'Arena', 'mopclassic', 'MistsofPandaria', 'Priest', 'MMO']",2026-09-21,02-51-06,Monday
319089735028,188210046,saegusinha,19619,Tibia,770,2026-09-20T12:21:45Z,pt,"['Português', 'inglês', 'PKA', 'PokemonAlliance']",2026-09-21,02-51-06,Monday
317493356151,238498798,kingsman265_twitch,33214,Fortnite,770,2026-09-20T19:07:32Z,en,"['English', 'MarvelRivalsGorr', 'DropsEnabled']",2026-09-21,02-51-06,Monday
317779960930,651300906,dvniel_play,32982,Grand Theft Auto V,770,2026-09-20T17:10:30Z,fr,['Français'],2026-09-21,02-51-06,Monday
319295181015,480299813,reemknocks,33214,Fortnite,768,2026-09-20T19:30:19Z,en,"['English', 'DropsEnabled']",2026-09-21,02-51-06,Monday
318657355109,41529958,rekalofficial,123184772,EA Sports FC 27,768,2026-09-20T14:10:32Z,hu,['Magyar'],2026-09-21,02-51-06,Monday
316952374740,121826140,bairoghaan,386821,Black Desert,767,2026-09-20T10:29:27Z,en,"['English', 'DropsEnabled']",2026-09-21,02-51-06,Monday
316242026091,536489766,ya_keka,509658,Just Chatting,767,2026-09-20T14:33:56Z,ru,"['Русский', 'кек', 'рыжая', 'Женщина', 'хоррор', 'альтушка', 'пикми', 'кринжуля', 'DropsВключены']",2026-09-21,02-51-06,Monday
318519465575,76728281,rvnxmango,743893402,WARDOGS,766,2026-09-20T14:28:47Z,hi,['Deutsch'],2026-09-21,02-51-06,Monday
318717610726,52366519,bastelnerd,509670,Science & Technology,764,2026-09-20T17:00:38Z,de,"['Denglisch', 'BastelNerd', 'Deutsch', 'PCBuilding', 'gamingpcbuilding', 'PCHardware', 'nerdy']",2026-09-21,02-51-06,Monday
316875650517,123364886,timofey,493959,Red Dead Redemption II,762,2026-09-20T09:28:53Z,ru,['Русский'],2026-09-21,02-51-06,Monday
315523094511,555231486,ryan8503031,488190,Poker,761,2026-09-20T10:21:59Z,zh,['中文'],2026-09-21,02-51-06,Monday
317812698339,73699894,kendrobtg,1959325619,Spiritus Sancti,759,2026-09-20T17:01:13Z,fr,"['Français', 'horreur', 'goodvibes', 'humour', 'lgbtqia', 'Indés', 'HorreurPsychologique', 'halloween', 'DropsActivés', 'halloweenthegame']",2026-09-21,02-51-06,Monday
318716600934,71336,robbaz,512073,Ostranauts,757,2026-09-20T15:39:44Z,en,['English'],2026-09-21,02-51-06,Monday
316877862357,69323922,renmen1,138585,Hearthstone,756,2026-09-20T15:25:51Z,ru,['Русский'],2026-09-21,02-51-06,Monday
318171667928,496523436,gbln420,15943,The Elder Scrolls III: Morrowind,756,2026-09-20T17:02:07Z,en,['English'],2026-09-21,02-51-06,Monday
321458779609,1131102483,cloudey,516575,VALORANT,755,2026-09-20T17:30:42Z,en,"['radiant', 'english', 'clove', 'English']",2026-09-21,02-51-06,Monday
317814030051,41627022,joefudge,509577,Dungeons & Dragons,755,2026-09-20T19:01:53Z,en,"['FiveM', 'roleplay', 'vin', 'dnd', 'English']",2026-09-21,02-51-06,Monday
317493197943,106125347,couragejd,33214,Fortnite,754,2026-09-20T18:47:06Z,en,['English'],2026-09-21,02-51-06,Monday
321513757018,59302497,diaphone_,818770426,Granblue Fantasy Versus: Rising,752,2026-09-20T16:56:20Z,en,"['English', 'FGC']",2026-09-21,02-51-06,Monday
317492105463,24935580,azulgg,9618,Pokémon Trading Card Game,751,2026-09-20T14:54:53Z,en,"['English', 'DropsEnabled']",2026-09-21,02-51-06,Monday
317808431459,51958193,niniste,509658,Just Chatting,749,2026-09-20T08:11:53Z,fr,"['Français', 'speedrunneuse', 'niniste', 'challenge', 'defi', 'défi', 'zelda', 'subathon', 'DropsActivés']",2026-09-21,02-51-06,Monday
317805116004,49474235,misterjday,510218,Among Us,745,2026-09-20T18:12:40Z,fr,['Français'],2026-09-21,02-51-06,Monday
316110917866,66548548,dingding248,516575,VALORANT,744,2026-09-20T10:07:37Z,zh,['中文'],2026-09-21,02-51-06,Monday
316876883541,180080030,kiratank_tv,18122,World of Warcraft,741,2026-09-20T12:51:09Z,en,"['WoW', 'WorldofWarcraft', 'English', 'highkeys', 'tanks', 'TheWarWithin', 'Midnight', 'midnightbeta', 'DropsEnabled']",2026-09-21,02-51-06,Monday
321458799705,229413877,navegreed,1435206302,Slay the Spire II,740,2026-09-20T17:31:59Z,en,['English'],2026-09-21,02-51-06,Monday
317800792548,126360993,proteam,505045,DOFUS Touch,740,2026-09-20T11:15:30Z,fr,"['Français', 'DropsActivés']",2026-09-21,02-51-06,Monday
318517603943,80093668,bogur,509658,Just Chatting,739,2026-09-20T12:02:12Z,en,"['English', 'tank', 'silly', 'bulgarian', 'DropsEnabled']",2026-09-21,02-51-06,Monday
319294953047,36439445,darthmicrotransaction,1702520304,Path of Exile 2,739,2026-09-20T19:10:29Z,en,['English'],2026-09-21,02-51-06,Monday
317804311012,46526453,triplaxion,32982,Grand Theft Auto V,738,2026-09-20T17:02:09Z,fr,"['Français', '2k', 'multigaming', 'StarCitizen', 'horreur', 'Roleplay', 'DropsActivés']",2026-09-21,02-51-06,Monday
318718250854,161546346,petrovich_cast,32399,Counter-Strike,737,2026-09-20T17:45:16Z,uk,"['Українська', 'українською', 'Maincast', 'SetantaSports', 'UA', 'proplayer', 'cs', 'cs2faceit', 'cs2premier', 'cs2player']",2026-09-21,02-51-06,Monday
320407467356,670055777,chiefbeef_rl,30921,Rocket League,736,2026-09-20T15:24:06Z,en,"['English', 'SSL', 'top100', 'jolly', 'DropsEnabled']",2026-09-21,02-51-06,Monday
317812889571,645911728,khadim,32982,Grand Theft Auto V,734,2026-09-20T17:20:52Z,fr,"['Français', 'DropsActivés']",2026-09-21,02-51-06,Monday
318660820453,61974931,leynainu,509659,ASMR,733,2026-09-20T18:24:17Z,en,"['egirl', 'mommy', 'asmr', 'earlicking', 'chatty', 'AMA', 'English']",2026-09-21,02-51-06,Monday
321513446234,117083340,tpain,509672,IRL,733,2026-09-20T16:31:46Z,en,"['English', 'music', 'gaming', 'simracing', 'SimDrifting', 'Editing', '3DModeling', '3DPrinting']",2026-09-21,02-51-06,Monday
318658353253,102098555,kasix,2059463486,Waterpark Simulator,733,2026-09-20T15:31:26Z,pl,['Polski'],2026-09-21,02-51-06,Monday
318658239461,472526384,kelre0n,32982,Grand Theft Auto V,733,2026-09-20T15:22:39Z,de,"['Deutsch', 'gta', 'peak', 'RP', 'reaction', 'fivem', 'chaos', 'kel', 'kelre0n', 'DropsAktiviert']",2026-09-21,02-51-06,Monday
318658526949,540662549,junicats,509663,Special Events,732,2026-09-20T15:45:16Z,de,"['Deutsch', 'IRL', 'DropsAktiviert', 'clipqueue']",2026-09-21,02-51-06,Monday
316113000554,1255298985,phylaeinrose,509659,ASMR,731,2026-09-20T18:58:19Z,en,['English'],2026-09-21,02-51-06,Monday
318523458663,1018879667,brigante_831,509658,Just Chatting,731,2026-09-20T19:32:07Z,de,"['Deutsch', 'DropsAktiviert']",2026-09-21,02-51-06,Monday
318655992549,24657677,back2warcraft,12924,Warcraft III,730,2026-09-20T12:14:07Z,en,"['Esports', 'strategy', 'rts', 'English', 'Deutsch']",2026-09-21,02-51-06,Monday
318658496101,187468813,bullseye,743893402,WARDOGS,730,2026-09-20T15:42:55Z,ru,"['Русский', '1440p', 'PVP', 'BattleRoyale', 'Extraction', 'FPS', 'DropsВключены']",2026-09-21,02-51-06,Monday
318656635877,127361301,antilipsi,21779,League of Legends,728,2026-09-20T13:11:28Z,el,"['greek', 'English', 'Lissandra', 'Deutsch', 'Challenger', 'Tier3', 'Κύπρος', 'Cyprus', 'Greece', 'Ελληνικά']",2026-09-21,02-51-06,Monday
316951582164,533016875,jaguarn1,451386856,Titan Quest II,726,2026-09-20T07:59:32Z,ru,['Русский'],2026-09-21,02-51-06,Monday
317804807908,30582356,monkeynews,18122,World of Warcraft,726,2026-09-20T17:47:32Z,en,"['English', 'DropsEnabled']",2026-09-21,02-51-06,Monday
316910834390,73625408,kate,32982,Grand Theft Auto V,725,2026-09-20T16:00:43Z,en,"['RP', 'English', 'NoPixel', 'NoPixelWL', 'NoPixelRP', 'Cozy', 'ADHD', 'NPV', 'nopixelv', 'DropsEnabled']",2026-09-21,02-51-06,Monday
316275579757,877739555,tupebohed,498566,Slots,725,2026-09-19T21:33:53Z,en,"['English', 'scam2003']",2026-09-21,02-51-06,Monday
316875388629,37133754,prefoxfox,18122,World of Warcraft,724,2026-09-20T08:26:40Z,en,"['English', 'DropsEnabled', 'Speedrunning']",2026-09-21,02-51-06,Monday
317802323556,1004060561,minikomew,509658,Just Chatting,719,2026-09-20T14:02:53Z,en,"['Vtuber', 'English', 'Gremlin', 'DropsEnabled']",2026-09-21,02-51-06,Monday
318523161575,55134379,qucee,27471,Minecraft,719,2026-09-20T19:07:05Z,nl,"['Nederlands', 'DropsIngeschakeld']",2026-09-21,02-51-06,Monday
319293369047,23460970,lethalfrag,1414860634,The Binding of Isaac: Repentance,719,2026-09-20T16:13:58Z,en,"['Relaxation', 'Enjoyment', 'Cats', 'Calming', 'Indie', 'Gaming', 'ClosedCaptions', 'CC', 'CleanScreen', 'English']",2026-09-21,02-51-06,Monday
317812170083,18641850,lightbringer,2132205352,Deadlock,715,2026-09-20T16:06:26Z,en,['English'],2026-09-21,02-51-06,Monday
321630083803,248600377,infume,27471,Minecraft,714,2026-09-20T16:20:47Z,en,"['English', 'Speedrun', 'DropsEnabled']",2026-09-21,02-51-06,Monday
318520626535,655782528,kasperkast,509658,Just Chatting,713,2026-09-20T16:00:38Z,de,"['Deutsch', 'DropsAktiviert']",2026-09-21,02-51-06,Monday
317781214050,49261047,hugegorilla,123184772,EA Sports FC 27,712,2026-09-20T19:01:18Z,en,"['English', 'PRO', 'Gameplay', 'fc27', 'FUT']",2026-09-21,02-51-06,Monday
318522687975,94651182,moauba,123184772,EA Sports FC 27,711,2026-09-20T18:30:28Z,de,"['Deutsch', 'English', 'arabıc', 'eafc27', 'ea', 'eaesports', 'pro']",2026-09-21,02-51-06,Monday
318172294744,3102991,axialmatt,11557,The Legend of Zelda: Ocarina of Time,708,2026-09-20T18:40:53Z,en,"['English', 'Hair', 'VarietyGaming', 'EEEEEEEE', 'SoftAlpha', 'gong', 'OcarinaofTimeRandomizer', 'CrowdControl', 'CrowdControlActivated']",2026-09-21,02-51-06,Monday
318514066151,156862667,shnumi,509658,Just Chatting,708,2026-09-20T02:49:48Z,ru,"['Русский', 'Shnumi', 'Нора', 'общение', 'игры', 'юмор', 'новинки', 'DropsВключены']",2026-09-21,02-51-06,Monday
317492345719,44106621,hazelnuttygames,18122,World of Warcraft,708,2026-09-20T15:59:17Z,en,"['English', 'DropsEnabled']",2026-09-21,02-51-06,Monday
316910549078,802692808,chubzarik_dota,29595,Dota 2,706,2026-09-20T15:19:07Z,ru,['Русский'],2026-09-21,02-51-06,Monday
318519533927,168514917,rachtaz,1413930024,Active Matter,706,2026-09-20T14:34:24Z,en,"['English', 'Chill', 'AMA', 'Gaming', 'FPS', 'DropsEnabled']",2026-09-21,02-51-06,Monday
317781004514,112034182,kodomo,509658,Just Chatting,705,2026-09-20T18:44:41Z,it,"['Italiano', 'DropAbilitati']",2026-09-21,02-51-06,Monday
318957921142,44114966,furq,516575,VALORANT,705,2026-09-20T04:11:51Z,pt,"['Português', 'Radiante', 'Romantico', 'Tapas', 'iEsse', 'Reposição']",2026-09-21,02-51-06,Monday
316912186454,193107534,fpssssssssssssssssssss,32399,Counter-Strike,703,2026-09-20T18:47:46Z,ru,"['Русский', 'English', 'csproplayer', 'faceit', 'CS2']",2026-09-21,02-51-06,Monday
318719818214,504240742,giuseppemdr,509658,Just Chatting,702,2026-09-20T19:40:29Z,fr,"['humour', 'divertissement', 'français', 'Français', 'DropsActivés']",2026-09-21,02-51-06,Monday
318521730919,74395033,jkfifa,123184772,EA Sports FC 27,698,2026-09-20T17:20:42Z,da,['Dansk'],2026-09-21,02-51-06,Monday
318657932645,147649918,dimeax,27471,Minecraft,696,2026-09-20T14:59:07Z,de,"['Deutsch', 'DropsAktiviert']",2026-09-21,02-51-06,Monday
320451854176,145790518,cashout,602040818,NBA 2K27,696,2026-09-20T18:51:51Z,en,"['English', 'DropsEnabled']",2026-09-21,02-51-06,Monday
317813773923,427035204,mowraa,1763263,nanos world,694,2026-09-20T18:43:12Z,fr,"['JL', 'lol', 'leagueoflegends', 'jeu', 'Nanos', 'naruto', 'Zenkai', 'Français']",2026-09-21,02-51-06,Monday
317780797666,655890726,tatiana_tv,32982,Grand Theft Auto V,691,2026-09-20T18:26:17Z,fr,['Français'],2026-09-21,02-51-06,Monday
321441887321,100408103,zchum,743893402,WARDOGS,691,2026-09-19T17:06:42Z,en,"['English', 'DropsEnabled']",2026-09-21,02-51-06,Monday
318519866471,1068454087,kiara,17424,Star Fox Adventures,691,2026-09-20T15:01:22Z,en,"['English', 'vtuber', 'hololive', 'holoday', 'takanashikiara', '小鳥遊', 'キアラ']",2026-09-21,02-51-06,Monday
320408724956,173950952,dubudota,29595,Dota 2,689,2026-09-20T17:06:55Z,en,['English'],2026-09-21,02-51-06,Monday
318519222503,1065555093,adercs2,32399,Counter-Strike,689,2026-09-20T14:08:02Z,pl,"['Polski', 'English', 'CS2']",2026-09-21,02-51-06,Monday
318519121127,179597489,valle,32982,Grand Theft Auto V,688,2026-09-20T14:00:11Z,de,"['GrandTheftAuto5', 'RollenSpiel', 'Deutsch', 'Roleplay', 'german', 'DropsAktiviert']",2026-09-21,02-51-06,Monday
321513566810,234435442,adriann,512710,Call of Duty: Warzone,686,2026-09-20T16:41:26Z,en,"['English', 'fps', 'spanish', 'warzone', 'mw4']",2026-09-21,02-51-06,Monday
316472488689,833682125,rosecpin9,1267582829,Aniimo,686,2026-09-20T16:31:31Z,ja,"['日本語', 'Drops有効']",2026-09-21,02-51-06,Monday
317805693156,73522739,phyzikk,512710,Call of Duty: Warzone,684,2026-09-20T19:00:07Z,fr,['Français'],2026-09-21,02-51-06,Monday
316033558098,2142933,spraggy,488190,Poker,684,2026-09-20T13:45:13Z,en,"['english', 'fun', 'poker', 'pokerstars', 'Strategy', 'gambling', 'English']",2026-09-21,02-51-06,Monday
321459885913,116888929,ssaab,32982,Grand Theft Auto V,683,2026-09-20T18:48:43Z,en,"['Roleplay', 'Cringe', 'Suffering', 'Dankgamer', 'NegativeSpeech', 'ESL', 'UnitedStates', 'English', 'NoPixel', 'NoPixelV']",2026-09-21,02-51-06,Monday
320406242652,18474030,pokeaim,1931693784,Pokémon Champions,682,2026-09-20T13:12:39Z,en,"['English', 'pokemon', 'Pokémon', 'DropsEnabled']",2026-09-21,02-51-06,Monday
319293218775,62186098,flip_switch,31339,Project Zomboid,682,2026-09-20T15:55:16Z,en,"['Solo', 'Zombies', 'english', 'hardcore', 'Gaming', 'English']",2026-09-21,02-51-06,Monday
318171806936,81413527,vegas,2132205352,Deadlock,681,2026-09-20T17:26:21Z,en,"['English', 'silly', 'peak', 'femboy', 'Eternus', 'spanish']",2026-09-21,02-51-06,Monday
321459797337,138447079,captainlance9,29307,Path of Exile,680,2026-09-20T18:42:29Z,en,['English'],2026-09-21,02-51-06,Monday
316087636585,996322312,linalachesis,509659,ASMR,679,2026-09-20T15:00:34Z,en,"['VTuber', 'chill', 'English', 'Woman', 'ASMR', '3dio']",2026-09-21,02-51-06,Monday
318716668774,450941057,kadditv,509672,IRL,679,2026-09-20T15:45:35Z,de,['Deutsch'],2026-09-21,02-51-06,Monday
320314101470,104410477,humzh,33214,Fortnite,678,2026-09-20T19:15:37Z,en,['English'],2026-09-21,02-51-06,Monday
316955461716,823606835,toad_anna,509658,Just Chatting,678,2026-09-20T17:36:53Z,ru,"['Русский', 'DropsВключены', 'vtuber', 'хорни', 'гачимучи', 'фемдом', 'аниме', 'фильмы', 'втубер', 'ruvtuber']",2026-09-21,02-51-06,Monday
317491947639,543631090,gnomonkey,459931,Old School RuneScape,678,2026-09-20T13:57:32Z,en,"['English', 'OSRS', 'Guidemaker', 'Speedrunner', 'WorldsFirstChaser', 'HCIM', 'DropsEnabled']",2026-09-21,02-51-06,Monday
318659019365,1520431050,staiy24,32982,Grand Theft Auto V,676,2026-09-20T16:19:59Z,de,"['Deutsch', 'DropsAktiviert']",2026-09-21,02-51-06,Monday
319294267095,65348035,thejonathon,513181,Genshin Impact,676,2026-09-20T18:00:34Z,en,"['Chongyun', 'anime', 'English']",2026-09-21,02-51-06,Monday
317810385251,89203053,fildrong,1931693784,Pokémon Champions,675,2026-09-20T12:59:52Z,fr,"['Français', 'DropsActivés']",2026-09-21,02-51-06,Monday
318659231333,52616898,imsofresh,21779,League of Legends,675,2026-09-20T16:35:24Z,fr,['Français'],2026-09-21,02-51-06,Monday
318516234343,52744330,eugengen,417528,Albion Online,674,2026-09-20T09:50:54Z,en,"['English', 'DropsEnabled']",2026-09-21,02-51-06,Monday
320313938654,825937345,ellie_minibot,509658,Just Chatting,674,2026-09-20T19:05:42Z,en,"['vtuber', 'english', 'goofy', 'chill', 'cozy', 'educational', 'banjo', 'ASMR', 'English', 'subathon']",2026-09-21,02-51-06,Monday
317780090210,410975773,bale_gg,491168,Clash Royale,673,2026-09-20T17:22:45Z,es,"['Español', 'gaming', 'clashroyale']",2026-09-21,02-51-06,Monday
317813338083,46141647,sorabi_,509658,Just Chatting,666,2026-09-20T18:03:43Z,ru,"['бодиАрт', 'половоеВоспитание', 'общение', 'психология', 'кринж', 'Русский', 'bmw', 'DropsВключены']",2026-09-21,02-51-06,Monday
317781188834,8594321,skaifox,1608785203,Trivia Murder Party 3,666,2026-09-20T19:00:00Z,en,"['British', 'LGBTQIAplus', 'Furry', 'Gay', 'BodyPositive', 'VTuber', 'vore', 'Artist', 'AIOptedOut', 'NoBackseatingOrSpoilers']",2026-09-21,02-51-06,Monday
317492728439,138498363,apply,515025,Overwatch,664,2026-09-20T17:22:06Z,en,"['English', 'handsome']",2026-09-21,02-51-06,Monday
318521540967,94606599,teamkrado,32502,World of Warships,664,2026-09-20T17:06:29Z,de,"['PVP', 'Hardcore', 'FUN', 'Deutsch', 'DropsAktiviert']",2026-09-21,02-51-06,Monday
318658136293,688343878,lykamie,509659,ASMR,664,2026-09-20T15:14:43Z,de,"['vtuber', 'gervtuber', 'dbd', 'ENVtuber', 'Deutsch', 'mommyvoice', 'ASMR', 'ASMRvtuber', 'deadbydaylight']",2026-09-21,02-51-06,Monday
316049158632,22596190,takesipon,21779,League of Legends,663,2026-09-20T14:08:53Z,zh,['中文'],2026-09-21,02-51-06,Monday
317805985380,654049265,stompgoat,33214,Fortnite,661,2026-09-20T19:22:48Z,en,['English'],2026-09-21,02-51-06,Monday
316471735921,777241187,kiruma_ch,491931,Escape from Tarkov,660,2026-09-20T13:05:32Z,ja,"['日本語', 'ネタバレ禁止']",2026-09-21,02-51-06,Monday
320451852000,104676064,gaby59,138585,Hearthstone,659,2026-09-20T18:51:40Z,en,['English'],2026-09-21,02-51-06,Monday
317812093283,108809839,muchamiel,18122,World of Warcraft,659,2026-09-20T15:59:40Z,es,"['Español', 'wow', 'wowstreamer', 'wowhardcore', 'Classic', 'retos', 'DropsActivados']",2026-09-21,02-51-06,Monday
317812052835,18887776,moman,490744,Stardew Valley,658,2026-09-20T15:55:58Z,fr,"['Français', 'escapefromtarkov', 'EFT', 'tarkov', 'fps', 'CS', 'RP', 'gta', 'valorant', 'DropsActivés']",2026-09-21,02-51-06,Monday
318522271079,728957080,imwasdyy,32399,Counter-Strike,657,2026-09-20T17:59:53Z,ru,"['Русский', 'English', 'faceit', 'pro', '4000elo']",2026-09-21,02-51-06,Monday
317802793187,406061868,ogk_decoy,21779,League of Legends,657,2026-09-19T15:39:11Z,fr,['Français'],2026-09-21,02-51-06,Monday
317813879651,596371111,lepotomat,509658,Just Chatting,656,2026-09-20T18:51:28Z,fr,"['Français', 'react', 'discussion', 'DropsActivés']",2026-09-21,02-51-06,Monday
317813434595,1099263667,dessydragon,509659,ASMR,656,2026-09-20T18:12:50Z,en,"['English', 'ASMR', 'vrchat']",2026-09-21,02-51-06,Monday
316061587795,43490326,misslollypopsims,369252,The Sims 4,655,2026-09-20T17:17:00Z,en,"['British', 'Female', 'English', 'Cozy', 'moderated', 'Chıll', 'Modded']",2026-09-21,02-51-06,Monday
320312733406,470975603,anabanana,461221,MARVEL Contest of Champions,655,2026-09-20T17:58:25Z,es,"['Español', 'English', 'Woman', 'womangamer', 'ccp', 'drops', 'DropsActivados']",2026-09-21,02-51-06,Monday
318715353446,37810366,360chrism,491208,Refunct,654,2026-09-20T13:54:57Z,en,"['English', 'European']",2026-09-21,02-51-06,Monday
317788917604,250662770,jotta,509658,Just Chatting,654,2026-09-19T02:06:18Z,pt,"['Português', 'DropsAtivados']",2026-09-21,02-51-06,Monday
320310693086,116012096,garrettg,30921,Rocket League,654,2026-09-20T15:24:45Z,en,"['English', 'DropsEnabled']",2026-09-21,02-51-06,Monday
318172539224,272168411,renrize,263490,Rust,654,2026-09-20T19:13:19Z,es,"['Español', 'locura', 'México', 'TiaRen']",2026-09-21,02-51-06,Monday
319091003380,544241532,mahmoojen,32982,Grand Theft Auto V,653,2026-09-20T16:56:57Z,pt,"['Português', 'game', 'ruim', 'hype', 'react', 'DropsAtivados']",2026-09-21,02-51-06,Monday
318658582629,169610170,majski227,516575,VALORANT,652,2026-09-20T15:50:10Z,en,['English'],2026-09-21,02-51-06,Monday
320407822684,431798709,ilia_quadg0d_malinin,27471,Minecraft,651,2026-09-20T15:55:24Z,en,"['English', 'quadgod', 'iliamalinin', 'gaming', 'figureskating', 'DropsEnabled']",2026-09-21,02-51-06,Monday
316014014417,37348520,duncan,27471,Minecraft,647,2026-09-20T16:36:47Z,nl,"['vibe', 'LurkerFriendly', 'dutch', 'Nederlands', 'DropsIngeschakeld']",2026-09-21,02-51-06,Monday
317779127906,858035534,p0ohwr,514858,League of Legends: Wild Rift,645,2026-09-20T15:51:46Z,ru,"['p0oh', 'Русский', 'tournament', 'wildrift', 'wr', 'leagueoflegends']",2026-09-21,02-51-06,Monday
318660115557,21635116,heromarine,490422,StarCraft II,644,2026-09-20T17:35:20Z,en,"['Deutsch', 'English']",2026-09-21,02-51-06,Monday
318520821223,36578624,nichivr,499003,VRChat,642,2026-09-20T16:15:02Z,en,"['English', 'Anime', 'lewdtuber', 'GOONER', 'mommy', 'Dance']",2026-09-21,02-51-06,Monday
316952559700,42618650,pup_ok_,12839,Heroes of Might and Magic III: The Restoration of Erathia,641,2026-09-20T10:59:28Z,ru,"['Стратегия', '800ptsgaming', 'Русский']",2026-09-21,02-51-06,Monday
319012902645,62471807,safiro01,509658,Just Chatting,638,2026-09-19T23:04:35Z,es,"['Español', 'drops', 'valorant', 'DropsActivados']",2026-09-21,02-51-06,Monday
318519838951,63179445,kuruhs,18955,Need for Speed: Undercover,638,2026-09-20T14:59:56Z,en,"['English', 'Speedrun', 'Racing', 'openworld', 'online', 'Multiplayer']",2026-09-21,02-51-06,Monday
317804144100,134371170,day0stv,32399,Counter-Strike,637,2026-09-20T16:48:02Z,fr,"['Français', 'Anglais', 'English', 'faceitpremium', 'faceit10lvl']",2026-09-21,02-51-06,Monday
318717131494,64340525,suun,31339,Project Zomboid,636,2026-09-20T16:23:10Z,de,"['Musiker', 'Guitar', 'Bass', 'Drums', 'Music', 'Requests', 'Metal', 'Rock', 'Deutsch', 'sauercrowd']",2026-09-21,02-51-06,Monday
317781452002,526168468,mrsal_59,32982,Grand Theft Auto V,635,2026-09-20T19:19:52Z,fr,"['FlashbackWL', 'Français', '1440p', 'DropsActivés']",2026-09-21,02-51-06,Monday
316912210902,1424211811,niakihynk99,27471,Minecraft,633,2026-09-20T18:51:22Z,en,['English'],2026-09-21,02-51-06,Monday
317805767012,123557281,yuno,509659,ASMR,633,2026-09-20T19:05:12Z,en,"['anime', 'lewdsome', 'English', 'ASMR', 'Español', 'lewdtuber', 'mommy', 'feet', 'vtuber']",2026-09-21,02-51-06,Monday
318514739303,56924673,obsess3,21779,League of Legends,631,2026-09-20T06:03:31Z,de,"['Deutsch', 'VerticalStream', 'vertical', 'manchmalchallenger', 'meistensnicht', 'DropsAktiviert']",2026-09-21,02-51-06,Monday
320392261468,206069041,loganpaulwastaken,7528,Pokémon Gold Version,628,2026-09-19T16:10:34Z,en,['English'],2026-09-21,02-51-06,Monday
320380158428,400999129,clout,516575,VALORANT,628,2026-09-18T21:42:11Z,en,"['English', 'GamerCasual', 'melly']",2026-09-21,02-51-06,Monday
318661454437,60513811,spartiatix,509658,Just Chatting,627,2026-09-20T19:11:13Z,pl,"['Polski', 'DropyWłączone']",2026-09-21,02-51-06,Monday
316877982037,56907042,adamcrook,65632,DayZ,625,2026-09-20T15:44:52Z,en,"['English', 'DayZ', 'survival']",2026-09-21,02-51-06,Monday
317813179491,112553336,zaardoz,32982,Grand Theft Auto V,621,2026-09-20T17:51:06Z,fr,"['Français', 'Grandline', 'DropsActivés']",2026-09-21,02-51-06,Monday
320311695710,108586685,tenzinniznet,743893402,WARDOGS,621,2026-09-20T16:49:05Z,en,"['English', 'Indian', 'tibetan', 'nepali', 'American', 'DropsEnabled']",2026-09-21,02-51-06,Monday
317804005604,516424812,noarmwhatley,21779,League of Legends,619,2026-09-20T16:35:20Z,en,"['British', 'TahmKench', 'Submissive', 'Femboy', 'English', 'frogs', 'Vtuber', 'frog', 'peppapig']",2026-09-21,02-51-06,Monday
320442683744,124494583,peterpark,32982,Grand Theft Auto V,618,2026-09-20T01:59:14Z,en,"['English', 'DropsEnabled']",2026-09-21,02-51-06,Monday
320402512604,126750144,crystalmolly,263490,Rust,617,2026-09-20T03:18:33Z,es,"['Mujer', 'She', 'Español', 'comedia', 'Repetir']",2026-09-21,02-51-06,Monday
317779778914,42465441,drunge_,18122,World of Warcraft,616,2026-09-20T16:54:41Z,fr,"['Français', 'HardcoreGamer', 'MMO', 'RPG', 'DropsActivés']",2026-09-21,02-51-06,Monday
317813281251,21080562,mrbboy45,509658,Just Chatting,616,2026-09-20T18:00:01Z,fr,"['Français', 'DropsActivés']",2026-09-21,02-51-06,Monday
320451926624,122979652,aikobliss,32982,Grand Theft Auto V,615,2026-09-20T18:56:22Z,en,"['English', 'Variety', 'react', 'gaming', 'ADHD', 'CutiesOnly', 'NoPixel', 'NoPixelWL', 'DropsEnabled']",2026-09-21,02-51-06,Monday
318521723623,101879951,leh_tv,743893402,WARDOGS,613,2026-09-20T17:20:10Z,pl,"['Polski', 'DropyWłączone']",2026-09-21,02-51-06,Monday
317813526499,480790679,lystic,2132205352,Deadlock,613,2026-09-20T18:21:45Z,en,"['English', 'feet']",2026-09-21,02-51-06,Monday
318521725543,68261767,knister,32982,Grand Theft Auto V,613,2026-09-20T17:20:21Z,de,"['Deutsch', 'DropsAktiviert']",2026-09-21,02-51-06,Monday
316953334868,44057119,makatao,493057,PUBG: BATTLEGROUNDS,610,2026-09-20T12:59:30Z,ru,"['Русский', 'СпасибоЗаКачествоТвич', 'PvP', 'BattleRoyale', 'королевскаябитва']",2026-09-21,02-51-06,Monday
317780616546,183215477,redemption,1931693784,Pokémon Champions,608,2026-09-20T18:10:11Z,fr,"['Français', 'PokémonChampions', 'PokemonVGC', 'DropsActivés']",2026-09-21,02-51-06,Monday
318718672742,957867373,beraatal,509658,Just Chatting,607,2026-09-20T18:10:46Z,de,"['Deutsch', 'beraatal', 'beraat', 'berat', 'berataal', 'DropsAktiviert']",2026-09-21,02-51-06,Monday
318660309861,168839920,kingkontent,27471,Minecraft,607,2026-09-20T17:50:20Z,nl,"['Nederlands', 'DropsIngeschakeld']",2026-09-21,02-51-06,Monday
321631365979,1389671297,shinchan_oficial,1398657661,Anime Squad,606,2026-09-20T17:55:49Z,es,['Español'],2026-09-21,02-51-06,Monday
319019243893,142974849,4fungamingg,31339,Project Zomboid,606,2026-09-20T17:34:35Z,es,['Español'],2026-09-21,02-51-06,Monday
316538633971,785038920,aoharudayo,32982,Grand Theft Auto V,605,2026-09-20T09:59:00Z,ja,"['日本語', 'Drops有効']",2026-09-21,02-51-06,Monday
319294924375,47972131,choice,386821,Black Desert,605,2026-09-20T19:07:20Z,en,"['English', 'Choice', 'BlackDesert', 'DropsEnabled']",2026-09-21,02-51-06,Monday
318661038053,1542789048,leonardkims,498566,Slots,604,2026-09-20T18:40:10Z,es,['Español'],2026-09-21,02-51-06,Monday
318172306392,36594525,emilyywang,1751366933,Riftbound,603,2026-09-20T18:42:39Z,en,"['FUTUREWORLDSWINNER', 'FUTURERANK1', 'COMPETITIVE', 'English']",2026-09-21,02-51-06,Monday
317807726947,118722736,zerator_247,499973,Always On,602,2026-09-20T03:00:03Z,fr,"['AlwaysOn', '247Stream', '247Live', 'nonstop', 'replay', 'Français', 'Rediffusion']",2026-09-21,02-51-06,Monday
318640262373,696297156,fitnesspaul,743893402,WARDOGS,601,2026-09-19T07:31:43Z,de,"['Deutsch', 'DropsAktiviert']",2026-09-21,02-51-06,Monday
319292626647,36024998,gordox,509658,Just Chatting,601,2026-09-20T13:57:46Z,pt,"['Português', 'cs2', 'cs2twitch', 'madhouse', 'counterstrike2', 'DropsAtivados']",2026-09-21,02-51-06,Monday
318521746791,30209220,liquidhasuobs,32959,Heroes of the Storm,600,2026-09-20T17:22:05Z,en,"['English', 'hasuobs', 'MOBA', 'Ranked']",2026-09-21,02-51-06,Monday
318519513703,28304438,earliboy,32982,Grand Theft Auto V,600,2026-09-20T14:32:39Z,de,"['Deutsch', 'craftattack', 'CraftAttack13', 'UnityLife', 'Roleplay', 'Sauercrowd', 'UnityLifeDE', 'DropsAktiviert']",2026-09-21,02-51-06,Monday
316034113362,1105644736,jactha__,123184772,EA Sports FC 27,598,2026-09-20T17:07:39Z,nl,['Nederlands'],2026-09-21,02-51-06,Monday
321627758043,600627573,tiempodejuegocope,518203,Sports,598,2026-09-20T11:22:50Z,es,"['ENDIRECTO', 'TIEMPODEJUEGO', 'laliga', 'futbolespañol', 'Español', 'PRIMERADIVISION', 'DEPORTES', 'realmadrid', 'realsociedad', 'rm']",2026-09-21,02-51-06,Monday
316033951698,58370569,riopaser,1931693784,Pokémon Champions,596,2026-09-20T16:16:29Z,es,"['Riopaser', 'Pokemon', 'PokémonEscarlata', 'VGC', 'Español', 'KOI', 'PokemonChampions', 'PokemonCompetitivo', 'shinyhunting', 'DropsActivados']",2026-09-21,02-51-06,Monday
317804887908,502281282,dhalen,508455,Valheim,595,2026-09-20T17:54:52Z,fr,['Français'],2026-09-21,02-51-06,Monday
320452553696,1363024125,spongs_,27471,Minecraft,595,2026-09-20T19:37:20Z,en,"['English', 'LifestealSMP', 'minecraft', 'DropsEnabled']",2026-09-21,02-51-06,Monday
321458121817,96185405,henry_773,670138298,Madden NFL 27,593,2026-09-20T16:44:15Z,en,['English'],2026-09-21,02-51-06,Monday
317778344674,61798664,souzacarlostv,18122,World of Warcraft,592,2026-09-20T14:34:59Z,es,"['MMORPG', 'rogue', 'Español', 'Competitivo', 'Subtítulos', 'feet', 'DropsActivados']",2026-09-21,02-51-06,Monday
317805944548,1121975155,pkm_3,32982,Grand Theft Auto V,592,2026-09-20T19:19:11Z,fr,"['RP', 'Français', 'gta', 'FlashbackWL', 'flashback', 'GTARP']",2026-09-21,02-51-06,Monday
316912278102,582417093,scmnil,32399,Counter-Strike,592,2026-09-20T19:00:14Z,ru,['Русский'],2026-09-21,02-51-06,Monday
318518977767,38499199,pow3r,743893402,WARDOGS,591,2026-09-20T13:49:27Z,it,"['Italiano', 'pelato', 'gaming', 'pro', 'GIGACHAD', 'cheat', 'banned', 'Pizza', 'DropAbilitati']",2026-09-21,02-51-06,Monday
316061188307,117559435,rlesports,30921,Rocket League,590,2026-09-20T14:55:35Z,en,"['Esports', 'English', 'DropsEnabled']",2026-09-21,02-51-06,Monday
321457616345,88957496,metaphor,512710,Call of Duty: Warzone,590,2026-09-20T16:05:24Z,en,"['marmot', 'English']",2026-09-21,02-51-06,Monday
318171803224,969806398,cringechin,32982,Grand Theft Auto V,589,2026-09-20T17:25:24Z,en,"['English', 'ADHD', 'LGBTQ', 'DropsEnabled']",2026-09-21,02-51-06,Monday
318717268966,1542752275,jaycobbob,498566,Slots,587,2026-09-20T16:34:37Z,es,['Español'],2026-09-21,02-51-06,Monday
320450392160,1114783978,snowcone,33214,Fortnite,587,2026-09-20T16:59:17Z,en,"['English', 'ADHD', 'streameruniversity']",2026-09-21,02-51-06,Monday
318657948005,442054399,j0k3r7x,123184772,EA Sports FC 27,586,2026-09-20T15:00:07Z,pl,"['Polski', 'JOK3R7x', 'J0KER7x', 'JOKER7x']",2026-09-21,02-51-06,Monday
317799810276,1463456100,ssjocker,2124871354,RuneScape: Dragonwilds,585,2026-09-20T08:48:27Z,en,"['English', 'drops', 'twıtch', 'BadgeHunters', 'Badges', 'brazil', 'USA', 'Persona4Golden', 'runescapedragonwilds', 'DropsEnabled']",2026-09-21,02-51-06,Monday
316879355605,1126960946,maga_trener,32399,Counter-Strike,585,2026-09-20T18:56:46Z,ru,"['Русский', 'кс', 'english', 'кс2', 'навитренер', 'прокачка']",2026-09-21,02-51-06,Monday
318716666470,529112648,knirpz,509663,Special Events,585,2026-09-20T15:45:23Z,de,"['Deutsch', 'IRL', 'german', 'amorfati', 'Pause', 'Fahrrad', 'therace', 'Tour', 'DropsAktiviert']",2026-09-21,02-51-06,Monday
316955787860,162222774,letw1k3,32399,Counter-Strike,583,2026-09-20T18:15:44Z,ru,"['Русский', 'Повтор']",2026-09-21,02-51-06,Monday
318508453607,221114625,xyzoom,27471,Minecraft,581,2026-09-19T17:09:54Z,de,"['Deutsch', 'DropsAktiviert']",2026-09-21,02-51-06,Monday
318656637157,575410736,youney,32982,Grand Theft Auto V,580,2026-09-20T13:11:36Z,en,"['English', 'NoPixelWL', 'clown', 'English', 'ChillandChaotic', 'NoPixel', 'DropsEnabled']",2026-09-21,02-51-06,Monday
318516391015,147118536,zeusspezial,18122,World of Warcraft,580,2026-09-20T10:05:55Z,de,"['Deutsch', '7tv', 'Emily', 'Outdoors', 'IRL', 'McDonalds', 'DropsAktiviert', 'wow']",2026-09-21,02-51-06,Monday
319089781492,513443866,lanje_live,18122,World of Warcraft,580,2026-09-20T12:37:12Z,pt,"['Português', 'English', 'RPG', 'MMORPG', 'MMO', 'DropsAtivados']",2026-09-21,02-51-06,Monday
318522994279,218301998,bulochka,32399,Counter-Strike,579,2026-09-20T18:55:18Z,ru,"['Русский', 'Українська', 'English', 'Communication', 'Cosplay', 'IRL', 'Sport', 'faceit', 'Traveling']",2026-09-21,02-51-06,Monday
316879328469,1009429534,hikomlbb,494184,Mobile Legends: Bang Bang,578,2026-09-20T18:51:55Z,ru,"['Русский', 'Повтор']",2026-09-21,02-51-06,Monday
316049878760,25575995,mathil1,515024,Diablo IV,578,2026-09-20T19:26:15Z,en,"['English', 'DropsEnabled']",2026-09-21,02-51-06,Monday
319089898740,245956058,antedeguemonn,19619,Tibia,577,2026-09-20T13:12:12Z,pt,"['Português', 'Tibia', 'majorupdate', 'poketibia', 'ShinyCharm', 'projeto', 'pxg']",2026-09-21,02-51-06,Monday
320408174556,22186976,hcjustin,55453844,Street Fighter 6,575,2026-09-20T16:23:31Z,en,['English'],2026-09-21,02-51-06,Monday
316049525992,142744912,rainbykello,27471,Minecraft,573,2026-09-20T16:11:45Z,th,"['ภาษาไทย', 'Vtuber', 'Thai', 'TH', 'ใช้Dropsได้']",2026-09-21,02-51-06,Monday
318718585958,53686757,denzelzockt,491931,Escape from Tarkov,571,2026-09-20T18:04:47Z,en,"['Entspannt', 'Hand', 'Evil', 'PädagogischWertvoll', 'NoPants', 'Busch', 'Wissenschaftlichempfohlen', 'Deutsch', 'English']",2026-09-21,02-51-06,Monday
318522560871,95745027,shappo0,509658,Just Chatting,570,2026-09-20T18:20:33Z,nl,"['Nederlands', 'DropsIngeschakeld']",2026-09-21,02-51-06,Monday
316954881236,1296761400,c1ymba_mt,1393304883,Mir Tankov,570,2026-09-20T16:31:23Z,ru,"['C1yMba', 'клумба', 'миртанков', 'русский', 'Русский']",2026-09-21,02-51-06,Monday
317778538466,30709418,mickalow,1282866981,Delta Force,568,2026-09-20T14:54:36Z,fr,"['Français', 'fps', 'IRL', 'DropsActivés']",2026-09-21,02-51-06,Monday
321631041499,244693730,sardaco,18122,World of Warcraft,568,2026-09-20T17:32:56Z,en,"['English', 'ironman', 'DropsEnabled']",2026-09-21,02-51-06,Monday
317805895524,91993388,sb737,27471,Minecraft,567,2026-09-20T19:14:39Z,en,"['English', 'minecraft', 'smp', 'pvp', 'lifesteal', 'DropsEnabled']",2026-09-21,02-51-06,Monday
317803182180,195079684,guimauseterrier,509658,Just Chatting,566,2026-09-20T15:21:52Z,fr,"['Français', 'Cozy', 'Discussions', 'Terrier', 'Littérature', 'Chill', 'Gaming', 'Chant', 'zevent', 'PumpkinAutumnChallenge']",2026-09-21,02-51-06,Monday
320406285276,214974828,average,2132205352,Deadlock,565,2026-09-20T13:19:35Z,en,"['English', 'deadlock', 'educational', 'rank1']",2026-09-21,02-51-06,Monday
316911134422,38218857,kinamania,27284,Retro,564,2026-09-20T16:35:40Z,ru,['Русский'],2026-09-21,02-51-06,Monday
320406611420,632582385,maxggs,27471,Minecraft,563,2026-09-20T14:00:29Z,en,"['ENGLISH', 'HEHIM', 'IRL', 'MIDOFFS', 'AVERAGEHARRYSFRIEND', 'JONNAAY', 'yo', 'English', 'EXQSMPMEMBER', 'DropsEnabled']",2026-09-21,02-51-06,Monday
318171247448,105216984,sarahbridgewater,509658,Just Chatting,561,2026-09-20T15:45:54Z,en,"['English', 'irl', 'justchatting', 'girl', 'inreallife', 'Travel', 'cycle', 'bike', 'UK', 'ASMR']",2026-09-21,02-51-06,Monday
317803879268,43190052,cacho01,123184772,EA Sports FC 27,561,2026-09-20T16:24:43Z,es,['Español'],2026-09-21,02-51-06,Monday
318648444645,118291244,conducteir77,743893402,WARDOGS,559,2026-09-19T19:12:14Z,cs,"['Čeština', 'justcchatting', 'GAMING', 'Simulators', 'FunStreamer', 'MarblesonStream', 'best', 'PovolenéDrops']",2026-09-21,02-51-06,Monday
319294869975,67450965,patstaresat,18122,World of Warcraft,559,2026-09-20T19:01:55Z,en,"['English', 'gaming', 'ObsessiveCompulsive', 'SleepDeprived', 'Dad', 'DropsEnabled']",2026-09-21,02-51-06,Monday
318522973671,487318498,vadeal,33214,Fortnite,559,2026-09-20T18:53:24Z,de,"['Deutsch', 'Fokus']",2026-09-21,02-51-06,Monday
316955668052,855596812,slotboys_,498566,Slots,559,2026-09-20T18:01:15Z,en,['English'],2026-09-21,02-51-06,Monday
318659675877,56863404,joshmaen1,32982,Grand Theft Auto V,558,2026-09-20T17:04:07Z,de,"['roleplay', 'unscripted', 'reddeadredemption2', 'Deutsch', 'RP', 'GTARP', 'reaction', 'StarCitizen', 'DropsAktiviert']",2026-09-21,02-51-06,Monday
316954149460,42332234,diamondprox_lol,21779,League of Legends,558,2026-09-20T14:59:17Z,ru,"['Русский', 'English', '16xChallenger', 'Pro', 'DropsВключены']",2026-09-21,02-51-06,Monday
319294913495,232951933,linkzzey,27471,Minecraft,557,2026-09-20T19:06:31Z,en,"['LetsPlay', 'English', 'Hardcore', 'SurvivaI', 'FamilyFriendly', 'Java', 'Singleplayer', 'ViewerRedemption', 'Chill', 'DropsEnabled']",2026-09-21,02-51-06,Monday
320309316190,25812266,buttsoap,18122,World of Warcraft,557,2026-09-20T12:59:16Z,en,"['English', 'DropsEnabled']",2026-09-21,02-51-06,Monday
318659646053,695946471,serboz,29056,Knight Online,556,2026-09-20T17:02:06Z,tr,['Türkçe'],2026-09-21,02-51-06,Monday
316911863126,120269326,davay_po_novoy,32982,Grand Theft Auto V,556,2026-09-20T18:03:23Z,ru,"['Русский', 'dota2', 'dota', 'Wallachia', 'DropsВключены']",2026-09-21,02-51-06,Monday
316911660886,246221386,connieheinz,32982,Grand Theft Auto V,555,2026-09-20T17:38:01Z,da,"['Dansk', 'DanskFiveM', 'SocialRP', 'ConnieHeinz', 'DropsAktiveret']",2026-09-21,02-51-06,Monday
316878981333,140326942,mrgrifonio,491487,Dead by Daylight,555,2026-09-20T17:57:22Z,ru,"['Русский', 'dbd', 'deadbbydaylight', 'хоррор', 'дбд', 'MrGrifonio']",2026-09-21,02-51-06,Monday
320406500828,507845042,airiesummer,1300135219,Stuntboost,553,2026-09-20T13:49:27Z,en,"['ally', 'charity', 'chronicillness', 'indie', 'mentalhealth', 'mindfulness', 'relaxing', 'togetherforgood', 'variety', 'wholesome']",2026-09-21,02-51-06,Monday
318717648230,761699184,avacrown_,1669431183,DJs,553,2026-09-20T17:02:42Z,de,"['Deutsch', 'English', 'DJ', 'EDM', 'Techno', 'DropsAktiviert']",2026-09-21,02-51-06,Monday
316540101107,101550452,imp3,21779,League of Legends,552,2026-09-20T15:33:20Z,ja,"['日本語', '対よろ禁止', 'ランク']",2026-09-21,02-51-06,Monday
320452331104,681384353,feirlygab,27471,Minecraft,550,2026-09-20T19:21:40Z,es,"['Español', 'DropsActivados']",2026-09-21,02-51-06,Monday
319090774900,205732812,guzzeiira,29452,Virtual Casino,549,2026-09-20T16:18:05Z,pt,['Português'],2026-09-21,02-51-06,Monday
317804636644,407204019,kinkymation,509658,Just Chatting,549,2026-09-20T17:32:11Z,en,"['English', 'review', 'CharaterDesign', 'Variety', 'artist', 'DropsEnabled']",2026-09-21,02-51-06,Monday
320406551004,58773158,ctcg_koko_and_minh,1751366933,Riftbound,548,2026-09-20T13:54:34Z,en,['English'],2026-09-21,02-51-06,Monday
318714405862,48481281,blindermine,509658,Just Chatting,544,2026-09-20T12:37:16Z,ru,"['Русский', 'ХК', 'хкссф', 'владос', 'горностай', 'DropsВключены']",2026-09-21,02-51-06,Monday
316879282389,505730173,excsise,32982,Grand Theft Auto V,544,2026-09-20T18:43:11Z,ru,"['Русский', 'DropsВключены']",2026-09-21,02-51-06,Monday
321459791065,465079079,mariabagatti,509658,Just Chatting,540,2026-09-20T18:41:58Z,en,"['English', 'gymgirl', 'fitness', 'workout']",2026-09-21,02-51-06,Monday
321455180889,1155569167,satouanime,32982,Grand Theft Auto V,540,2026-09-20T09:49:03Z,ja,"['VTuber', '日本語', 'Japanese', '雑談', 'English', 'Drops有効']",2026-09-21,02-51-06,Monday
316952580436,18362365,amieloo,12839,Heroes of Might and Magic III: The Restoration of Erathia,540,2026-09-20T11:02:25Z,ru,['Русский'],2026-09-21,02-51-06,Monday
317805175524,707621774,whataboutandy,27471,Minecraft,539,2026-09-20T18:17:53Z,en,"['English', 'DropsEnabled']",2026-09-21,02-51-06,Monday
318717568870,1047544452,bananajuju,509658,Just Chatting,538,2026-09-20T16:58:32Z,en,"['English', 'DropsEnabled']",2026-09-21,02-51-06,Monday
318522576999,493844061,di_rubens,509658,Just Chatting,537,2026-09-20T18:21:47Z,ru,"['Русский', 'DropsВключены']",2026-09-21,02-51-06,Monday
318522834663,22634701,dealjb,32982,Grand Theft Auto V,537,2026-09-20T18:42:11Z,fr,['Français'],2026-09-21,02-51-06,Monday
316912002774,92992854,depressed__kid,29595,Dota 2,535,2026-09-20T18:21:35Z,ru,['Русский'],2026-09-21,02-51-06,Monday
318658763749,106718381,dieserkingphil,450531591,Unmourned VR,535,2026-09-20T16:02:11Z,de,"['Deutsch', 'streamer', 'Variety', 'Horror', 'Simulator', 'fun', 'horrorgames', 'indiegame']",2026-09-21,02-51-06,Monday
318714887782,155869388,jointhesystemm,743893402,WARDOGS,534,2026-09-20T13:14:32Z,ru,"['Русский', 'DropsВключены', 'Нетмнения', 'устал', 'добрый']",2026-09-21,02-51-06,Monday
318523334503,1077238630,fearfortmaly,30921,Rocket League,534,2026-09-20T19:21:26Z,en,['English'],2026-09-21,02-51-06,Monday
320406242140,689975521,heinzbaines_,123184772,EA Sports FC 27,534,2026-09-20T13:12:33Z,en,['English'],2026-09-21,02-51-06,Monday
321512414938,126436297,klean,508455,Valheim,534,2026-09-20T15:04:46Z,en,"['English', 'UnitedStates', 'Hardcore', 'Immersion', '1440p']",2026-09-21,02-51-06,Monday
318660128485,88242864,aerrimoirai,509658,Just Chatting,532,2026-09-20T17:36:13Z,de,"['EmoteArtist', 'gaming', 'gothgirl', 'Biology', 'climatechange', 'sciencecommunication', 'femalestreamer', 'bildungsstream', 'Drawing', 'chattingwithviewers']",2026-09-21,02-51-06,Monday
318522584039,84713888,havachi,417892,Z1: Battle Royale,532,2026-09-20T18:22:20Z,fr,"['fr', 'top100', 'eng', 'Français']",2026-09-21,02-51-06,Monday
318715304678,98827681,tankelit,27546,World of Tanks,532,2026-09-20T13:50:29Z,hu,"['Magyar', 'DropokEngedélyezve']",2026-09-21,02-51-06,Monday
318157453144,782947440,policechasenetwork,509672,IRL,532,2026-09-18T23:27:19Z,en,"['English', 'feet']",2026-09-21,02-51-06,Monday
318718462182,214982352,eastahh,32399,Counter-Strike,532,2026-09-20T17:58:49Z,en,['English'],2026-09-21,02-51-06,Monday
317813968355,411206830,roroowtv,509658,Just Chatting,532,2026-09-20T18:58:09Z,fr,"['chill', 'asmr', 'tchat', 'just', 'stream', 'ensemble', 'relax', 'dormir', 'sleep', 'trigger']",2026-09-21,02-51-06,Monday
318716338022,183714759,doctorio,18122,World of Warcraft,530,2026-09-20T15:16:12Z,de,"['PvE', 'Tutorial', 'Guides', 'Endgame', 'Beginner', 'Education', 'German', 'English', 'Youtube', 'Deutsch']",2026-09-21,02-51-06,Monday
318659215461,49901658,serpent,1581126534,DREDGE,529,2026-09-20T16:33:53Z,nl,"['Nederlands', 'serpentgameplay', 'rickbroers', 'ruziemaken']",2026-09-21,02-51-06,Monday
317797841892,1110808352,cineillojuan,499973,Always On,529,2026-09-19T22:45:55Z,es,"['Español', 'Repetir']",2026-09-21,02-51-06,Monday
316878831061,452051715,shoxxie__,32982,Grand Theft Auto V,528,2026-09-20T17:35:58Z,ru,['Русский'],2026-09-21,02-51-06,Monday
317781237986,121019986,kaokor,30921,Rocket League,527,2026-09-20T19:02:59Z,fr,"['Français', 'GW', 'gameward', 'kaokor', 'mozzarella', 'DropsEnabeled', 'DropsActivés']",2026-09-21,02-51-06,Monday
316049757416,93893204,harmless,32982,Grand Theft Auto V,527,2026-09-20T18:08:20Z,en,"['English', 'NoPixel', 'NoPixelV', 'NoPixel5', 'DropsEnabled']",2026-09-21,02-51-06,Monday
318661179493,1405064623,mensory777,498566,Slots,527,2026-09-20T18:51:23Z,en,"['English', 'gambling', 'faceit', 'grind']",2026-09-21,02-51-06,Monday
318521952103,506611431,mira004,509658,Just Chatting,527,2026-09-20T17:37:13Z,en,"['girls', 'woman', 'chatting', 'princess', 'english', 'magyar', 'English', 'DropsEnabled']",2026-09-21,02-51-06,Monday
320451326560,482795228,danyfishy,33214,Fortnite,526,2026-09-20T18:11:47Z,es,"['Español', 'Fortnite']",2026-09-21,02-51-06,Monday
318717434598,53190635,sebo,743893402,WARDOGS,526,2026-09-20T16:48:43Z,de,"['Deutsch', 'Roleplay', 'VarietyGaming', 'DropsAktiviert']",2026-09-21,02-51-06,Monday
318714765286,17598753,shjami,18122,World of Warcraft,525,2026-09-20T13:03:40Z,de,"['Deutsch', 'nofrontpage', 'DropsAktiviert']",2026-09-21,02-51-06,Monday
318716851558,821381933,natanzgorzyk,1966055328,Fears to Fathom - Scratch Creek,523,2026-09-20T16:00:09Z,pl,"['natan', 'natanzgorzyk', 'pl', 'Polski']",2026-09-21,02-51-06,Monday
320309315422,75975979,amazonian,2748,Magic: The Gathering,523,2026-09-20T12:59:14Z,en,"['LGBTQIAPlus', 'English', 'Casual', 'TCG', 'TradingCardGames', 'Chill', 'Transformers', 'PositiveVibes', 'cat', 'Boston']",2026-09-21,02-51-06,Monday
318714622566,133606416,angelkacs,123184772,EA Sports FC 27,522,2026-09-20T12:54:31Z,pl,['Polski'],2026-09-21,02-51-06,Monday
317804255588,91122178,cyqop,1282866981,Delta Force,522,2026-09-20T16:58:11Z,fr,"['Français', 'Anglais', 'DropsActivés']",2026-09-21,02-51-06,Monday
316879358165,188069901,vanfantv,32399,Counter-Strike,522,2026-09-20T18:57:06Z,en,"['English', 'CircuitX', 'BESTIA', 'BountyHunters']",2026-09-21,02-51-06,Monday
320312537950,195166073,hachubby,509672,IRL,522,2026-09-20T17:46:37Z,en,"['English', 'Variety', 'IRL', 'USA', 'gaming', 'korean', 'Cooking', 'music']",2026-09-21,02-51-06,Monday
317780484834,92055456,londoncontroller,669337588,Microsoft Flight Simulator 2024,522,2026-09-20T17:59:55Z,en,['English'],2026-09-21,02-51-06,Monday
319090398324,726825791,rocketleaguesam,30921,Rocket League,521,2026-09-20T15:06:40Z,pt,"['Português', 'RLCS', 'RocketLeague', 'WorldChampionship', 'DropsAtivados']",2026-09-21,02-51-06,Monday
321514788826,42075443,olui,33214,Fortnite,520,2026-09-20T18:12:07Z,pt,"['Brazil', 'PC', 'Português']",2026-09-21,02-51-06,Monday
321459216857,563855821,princezam,27471,Minecraft,518,2026-09-20T18:01:30Z,en,"['English', 'DropsEnabled']",2026-09-21,02-51-06,Monday
318660813541,4102418,benzaie,779192097,Fire Emblem: Fortune's Weave,517,2026-09-20T18:23:52Z,fr,['Français'],2026-09-21,02-51-06,Monday
317493373175,22253819,scarra,513143,Teamfight Tactics,516,2026-09-20T19:09:29Z,en,"['English', 'mortdogssecondson', 'water', 'OTV', 'OfflineTV', 'fakefanspodcast', 'asmr', 'fpsprodigy']",2026-09-21,02-51-06,Monday
317779247202,126695000,nozadah,21136,WAKFU,516,2026-09-20T16:03:03Z,fr,"['Français', 'waven', 'wakfu', 'dofus']",2026-09-21,02-51-06,Monday
318655357413,44034733,mightyteapot,18122,World of Warcraft,515,2026-09-20T11:12:18Z,en,"['GuildWars2', 'MMO', 'English', 'MMORPG', 'DropsEnabled']",2026-09-21,02-51-06,Monday
316879378517,936081124,daddylouiss,29452,Virtual Casino,515,2026-09-20T19:00:28Z,ru,['Русский'],2026-09-21,02-51-06,Monday
318659884773,71795356,molnargabor,123184772,EA Sports FC 27,515,2026-09-20T17:19:35Z,hu,['Magyar'],2026-09-21,02-51-06,Monday
317812657251,1541621460,francerocketleague,30921,Rocket League,514,2026-09-20T16:58:06Z,fr,"['Grınd', 'gameplay', 'Français', 'RocketLeague', '3v3']",2026-09-21,02-51-06,Monday
320452302816,1405063711,9xquan,27471,Minecraft,514,2026-09-20T19:20:08Z,en,"['English', '9xquan', 'Fortnite', 'Lacy', 'minecraft', 'stableronaldo', 'kaicenat', 'AMP', 'Adapt']",2026-09-21,02-51-06,Monday
316879005269,193720060,mr_jijik,1131336879,Black Russia,513,2026-09-20T18:00:24Z,ru,['Русский'],2026-09-21,02-51-06,Monday
321628131163,264084087,onepumpwillie,491487,Dead by Daylight,513,2026-09-20T12:55:11Z,en,['English'],2026-09-21,02-51-06,Monday
317811835363,174042680,radossb,33214,Fortnite,511,2026-09-20T15:32:54Z,es,"['Español', 'Fortnite', 'battleroyale', 'DropsActivados']",2026-09-21,02-51-06,Monday
318653528549,248225992,michaderbeste,1931693784,Pokémon Champions,511,2026-09-20T07:44:48Z,en,"['English', 'Pokemon', 'VGC', 'DropsEnabled']",2026-09-21,02-51-06,Monday
320311085918,91137296,tobiasfate,21779,League of Legends,511,2026-09-20T16:00:19Z,en,"['English', 'Gangplank', 'TwistedFate', 'Graves', 'Bilgewater', 'Variety']",2026-09-21,02-51-06,Monday
317813913059,126287193,blaize,509658,Just Chatting,511,2026-09-20T18:53:50Z,fr,"['Français', 'BLAIZE', 'DropsActivés']",2026-09-21,02-51-06,Monday
321458646745,53741885,crayon_fps,2132205352,Deadlock,508,2026-09-20T17:20:57Z,en,"['gamer', 'English', 'Vietnamese', 'extremelypassionate', 'richRP', 'eternus', 'deadlock', 'NA']",2026-09-21,02-51-06,Monday
321514856922,182867055,hollywoodbob,493057,PUBG: BATTLEGROUNDS,508,2026-09-20T18:17:17Z,en,"['English', 'UnPro', 'RockHard', 'FPS', 'BestStreamSniperAccuser', 'BotPounder', 'VoiceActing', 'Funny']",2026-09-21,02-51-06,Monday
318518809703,44447631,tabsy,263490,Rust,507,2026-09-20T13:35:43Z,de,['Deutsch'],2026-09-21,02-51-06,Monday
321511554394,269140208,tttcheekyttt,743893402,WARDOGS,507,2026-09-20T13:27:32Z,ja,"['日本語', 'English', 'Drops有効']",2026-09-21,02-51-06,Monday
318959962486,412088077,rodrigobugado,19619,Tibia,506,2026-09-20T15:23:56Z,pt,['Português'],2026-09-21,02-51-06,Monday
321458311257,86898959,jthundertv,670138298,Madden NFL 27,506,2026-09-20T16:57:51Z,en,"['nascar', 'nascar26', 'career', 'wheel', 'racing', 'fun', 'iracing', 'English']",2026-09-21,02-51-06,Monday
318960935286,1538818305,magr1ncs,32399,Counter-Strike,505,2026-09-20T18:00:56Z,pt,['Português'],2026-09-21,02-51-06,Monday
318519476071,30805171,srserpiente,508455,Valheim,505,2026-09-20T14:29:47Z,es,"['Español', 'srserpiente', 'survival', 'survivalgame', 'dayz', 'arma3', 'wardogs', 'activematter', 'blackwood']",2026-09-21,02-51-06,Monday
316014001617,14399960,ybubaka,515024,Diablo IV,504,2026-09-20T16:32:45Z,ru,"['Русский', 'DropsВключены']",2026-09-21,02-51-06,Monday
317804243684,58172663,scoot1994,32982,Grand Theft Auto V,504,2026-09-20T16:57:15Z,fr,"['Français', 'DropsActivés']",2026-09-21,02-51-06,Monday
317813674851,27802484,skillspecs,459931,Old School RuneScape,503,2026-09-20T18:34:42Z,en,['English'],2026-09-21,02-51-06,Monday
318520356199,793865610,k2nnn8,30921,Rocket League,502,2026-09-20T15:40:31Z,ar,"['العربية', 'إعادة・البث', 'Drop', 'فالكون', 'Esports', 'calldofduty', 'English', 'EWC', 'drops', 'تم・تمكين・Drops']",2026-09-21,02-51-06,Monday
321460602329,153092092,crackly,33214,Fortnite,502,2026-09-20T19:33:02Z,en,"['English', 'Fortnite', 'ZeroBuild', 'crackly']",2026-09-21,02-51-06,Monday
316910327126,23050280,ghazzytv,18122,World of Warcraft,501,2026-09-20T14:46:55Z,en,"['English', 'DropsEnabled']",2026-09-21,02-51-06,Monday
316878362453,448628231,murobenzoo,509672,IRL,500,2026-09-20T16:35:56Z,ru,['Русский'],2026-09-21,02-51-06,Monday
316014118737,27045041,toadamarillo,21779,League of Legends,500,2026-09-20T17:13:04Z,es,"['Español', 'LeagueaofLegends', 'LOL', 'Toad', 'TOADAMARILLO', 'DropsActivados']",2026-09-21,02-51-06,Monday
316014238545,62651386,general_hs_,1913410799,Total War: WARHAMMER III,498,2026-09-20T17:53:34Z,ru,"['Русский', 'АХАХАХАХАХА', 'активныйстример', 'Амазинг', 'Антискам', 'Азиаточки', 'ахуитизм', 'папик']",2026-09-21,02-51-06,Monday
317781031778,522351847,xurreriaivette,509658,Just Chatting,495,2026-09-20T18:47:20Z,es,"['español', 'Español', 'churros', 'Porras', 'Crepes', 'Gofres', 'nutella', 'foodtruck', 'verano', 'DropsActivados']",2026-09-21,02-51-06,Monday
318655918821,108236875,ikoneec,65632,DayZ,493,2026-09-20T12:07:50Z,fr,"['DayZ', 'SURVIE', 'Français']",2026-09-21,02-51-06,Monday
317805700964,451958260,idater,32982,Grand Theft Auto V,493,2026-09-20T19:00:26Z,fr,"['Français', 'flashback', 'DBZ', 'RP', 'drole', 'DropsActivés']",2026-09-21,02-51-06,Monday
317804963044,189560195,ankamalive,20596,Dofus,492,2026-09-20T18:00:27Z,fr,"['mmorpg', 'ankama', 'dofus', 'Français']",2026-09-21,02-51-06,Monday
319293042647,635679643,silverrruns,27471,Minecraft,492,2026-09-20T15:25:04Z,en,"['Speedrun', 'English', 'DropsEnabled']",2026-09-21,02-51-06,Monday
318655608805,66094104,coachboop,33214,Fortnite,489,2026-09-20T11:38:57Z,en,"['Analyst', 'Broadcast', 'ViewingParty', 'CoachBoop', 'Boop', 'FNCS', 'Scrims', 'English']",2026-09-21,02-51-06,Monday
318661367397,46543778,cardiffru,1702520304,Path of Exile 2,488,2026-09-20T19:04:42Z,ru,"['Русский', 'Безмата']",2026-09-21,02-51-06,Monday
318172397912,555161171,leanbeefpatty,509672,IRL,488,2026-09-20T18:56:10Z,en,['English'],2026-09-21,02-51-06,Monday
318641070693,661059687,lota,509658,Just Chatting,487,2026-09-19T09:22:09Z,ru,"['Русский', 'девушка', 'узбек', 'р', 'картавость', 'DropsВключены', 'Донатофон']",2026-09-21,02-51-06,Monday
318658963173,664177022,tenma,1036710512,Palworld,487,2026-09-20T16:16:22Z,en,"['vtuber', 'anime', 'idk', 'tenma', 'English']",2026-09-21,02-51-06,Monday
317805998948,38978803,marco,27284,Retro,486,2026-09-20T19:24:09Z,fr,['Français'],2026-09-21,02-51-06,Monday
318656159205,36977583,hoppii,32982,Grand Theft Auto V,486,2026-09-20T12:30:57Z,de,"['Deutsch', 'Roleplay', 'bingo', 'depression', 'fivem', 'gta', 'reactions', 'peak', 'PeakRP', 'GTARP']",2026-09-21,02-51-06,Monday
317805059044,433263388,hunter404x,509658,Just Chatting,486,2026-09-20T18:07:33Z,fr,"['Français', 'reaction', 'DropsActivés']",2026-09-21,02-51-06,Monday
321460074457,232730373,odudutips,509672,IRL,486,2026-09-20T19:00:09Z,pt,"['Português', 'odudutips', 'dudutips', 'RJ', 'dudutips']",2026-09-21,02-51-06,Monday
321632166107,147764719,oonraimo,508455,Valheim,484,2026-09-20T18:50:06Z,fi,['Suomi'],2026-09-21,02-51-06,Monday
318715580646,489111423,brudivoeller_tv,18122,World of Warcraft,484,2026-09-20T14:11:57Z,de,"['Deutsch', 'sauercrowd', 'Hardcore', 'Brudi', 'brudivoeller', 'Variety', 'VarietyStreamer', 'Abenteuer', 'Kochen', 'DropsAktiviert']",2026-09-21,02-51-06,Monday
320451763168,226811129,diamondgmd,460951,Geometry Dash,482,2026-09-20T18:44:47Z,en,['English'],2026-09-21,02-51-06,Monday
318718406118,557021359,r3dxvelvet,492810,Five Nights at Freddy's: Sister Location,482,2026-09-20T17:55:33Z,en,['English'],2026-09-21,02-51-06,Monday
317777718370,55434616,krayn_live,509663,Special Events,482,2026-09-20T13:30:38Z,fr,"['Français', 'gaming', 'DropsActivés']",2026-09-21,02-51-06,Monday
318719609958,514761065,jussef,509658,Just Chatting,482,2026-09-20T19:21:03Z,de,"['Deutsch', 'Wiederholen', 'DropsAktiviert']",2026-09-21,02-51-06,Monday
317813482211,448607714,lexitvz,509658,Just Chatting,481,2026-09-20T18:17:35Z,fr,"['Français', 'chill', 'multigaming', 'discussion', 'LexiTVz', 'FR', 'zevent', 'DropsActivés']",2026-09-21,02-51-06,Monday
316952461524,220930843,mainfinitytv,921298138,BOMBANANA!,481,2026-09-20T10:43:32Z,ru,['Русский'],2026-09-21,02-51-06,Monday
318660239973,39054816,sinmivak,21779,League of Legends,481,2026-09-20T17:45:03Z,pl,"['Polski', 'pinglarz']",2026-09-21,02-51-06,Monday
318523079399,60336811,gioee,509658,Just Chatting,480,2026-09-20T19:01:18Z,it,"['ospiti', 'Italiano', 'gioee', 'storielle', 'justchatting', 'salotto', 'gioeebanda', 'LGBTQ', 'appuntamento', 'INTRATTENIMENTO']",2026-09-21,02-51-06,Monday
321514725466,87958498,vortrox,460951,Geometry Dash,479,2026-09-20T18:07:10Z,en,['English'],2026-09-21,02-51-06,Monday
318660057701,567603687,dirkneuenfelszwo,509658,Just Chatting,478,2026-09-20T17:31:30Z,de,"['IRL', 'Comedy', 'LGBTQ', 'Events', 'Giveaways', 'party', 'Deutsch', 'gaming', 'English', 'gamescom']",2026-09-21,02-51-06,Monday
316242648043,211413076,r0o08,505884,PUBG MOBILE,478,2026-09-20T15:59:25Z,ar,['العربية'],2026-09-21,02-51-06,Monday
318661583589,983363590,influsytzy,32982,Grand Theft Auto V,478,2026-09-20T19:21:10Z,ru,"['Русский', 'gta', 'DropsВключены']",2026-09-21,02-51-06,Monday
317812013283,35936672,chigre,123184772,EA Sports FC 27,476,2026-09-20T15:51:53Z,es,['Español'],2026-09-21,02-51-06,Monday
317802842724,151874024,rhobalas_lol,21779,League of Legends,475,2026-09-20T14:51:08Z,fr,"['Français', 'Fin', 'Frérot', 'C', 'Sad', 'VelKoz', 'Geometre', 'TCG']",2026-09-21,02-51-06,Monday
317811052771,30773592,djboucherie,1180890490,At Dead of Night,475,2026-09-20T14:10:59Z,fr,"['humour', 'metal', 'animation', 'gaming', 'énergique', 'Français', 'multigaming', 'animateur', 'HorrorStreamer', 'survivalhorrorgames']",2026-09-21,02-51-06,Monday
318719013350,68819821,siormax,23311496,Clive Barker's Hellraiser: Revival,474,2026-09-20T18:33:37Z,it,"['Italiano', 'StreamerCristiano', 'VivaLeForzeDellOrdine', 'NonUnBottegaio']",2026-09-21,02-51-06,Monday
318719294182,52323512,playerinsidetv,489335,Outer Wilds,473,2026-09-20T18:55:33Z,it,['Italiano'],2026-09-21,02-51-06,Monday
321515207386,12338326,formal,511224,Apex Legends,472,2026-09-20T18:43:16Z,en,['English'],2026-09-21,02-51-06,Monday
317813822307,427906847,sergicabrer3,509672,IRL,472,2026-09-20T18:46:58Z,es,"['Español', 'IRL', 'musica']",2026-09-21,02-51-06,Monday
318660194533,159870726,jirotf16,123184772,EA Sports FC 27,472,2026-09-20T17:41:40Z,en,"['fc26', 'eafc26', 'careermode', 'fifa', 'Football', 'gaming', 'English', 'artist', 'Painting']",2026-09-21,02-51-06,Monday
317813337059,51525345,grekko_,18122,World of Warcraft,472,2026-09-20T18:03:38Z,es,"['Español', 'LeagueaofLegends', 'DropsActivados']",2026-09-21,02-51-06,Monday
317803686244,12585713,threedogg,13050,Castlevania: Symphony of the Night,472,2026-09-20T16:06:04Z,en,"['English', 'NoBackseating']",2026-09-21,02-51-06,Monday
317802562660,124403155,juliettearz,21779,League of Legends,472,2026-09-20T14:24:46Z,fr,['Français'],2026-09-21,02-51-06,Monday
317488517623,217629686,dgthe99,18775,Mafia II,471,2026-09-20T01:20:47Z,en,"['English', 'dgthe99', 'duketucker', 'GTARP', 'Rerun', 'DropsEnabled']",2026-09-21,02-51-06,Monday
316061652179,37408339,xguiry,263490,Rust,470,2026-09-20T17:38:51Z,es,"['Español', 'mono', 'Rust', 'xguiry']",2026-09-21,02-51-06,Monday
321457664729,157440062,redshell,509658,Just Chatting,470,2026-09-20T16:08:57Z,en,"['English', 'DropsEnabled']",2026-09-21,02-51-06,Monday
316954993492,133471912,roastedtoast,32982,Grand Theft Auto V,470,2026-09-20T16:44:34Z,da,"['Dansk', 'DropsAktiveret']",2026-09-21,02-51-06,Monday
316471347697,471685664,tamatthi,491931,Escape from Tarkov,469,2026-09-20T11:53:56Z,ja,['日本語'],2026-09-21,02-51-06,Monday
318522073959,165204409,comp_lol,21779,League of Legends,469,2026-09-20T17:46:15Z,el,['Ελληνικά'],2026-09-21,02-51-06,Monday
317814403043,1471026318,r7_fnr,509658,Just Chatting,466,2026-09-20T19:31:10Z,fr,"['Français', 'Rediffusion']",2026-09-21,02-51-06,Monday
319092018548,193639721,danoc0,32399,Counter-Strike,466,2026-09-20T19:01:59Z,pt,"['dicas', 'CS2', 'aulas', 'FPL', 'faceit', 'GC', 'Português']",2026-09-21,02-51-06,Monday
321458419801,158842438,rickypeacock,509658,Just Chatting,466,2026-09-20T17:04:48Z,en,"['English', 'DropsEnabled']",2026-09-21,02-51-06,Monday
320313331806,1157248905,tryhardekir,32399,Counter-Strike,464,2026-09-20T18:31:05Z,pl,"['Poland', 'Polska', 'Polski', 'English']",2026-09-21,02-51-06,Monday
317780421730,798312463,mathieusommetlive,570615518,Resonance: A Plague Tale Legacy,464,2026-09-20T17:54:35Z,fr,"['chillstream', 'Français', 'twitchfr', 'multigaming', 'gaming', 'discussion', 'DropsActivés']",2026-09-21,02-51-06,Monday
318719268582,185783477,malibuca,33214,Fortnite,464,2026-09-20T18:53:46Z,en,"['English', 'Русский', 'Fortnite', 'фортнайт']",2026-09-21,02-51-06,Monday
317780255458,68432020,tugatv,123184772,EA Sports FC 27,463,2026-09-20T17:38:01Z,pt,"['Radiant', 'Português', 'VTaguT', 'TugaTV', 'elite', 'faceit10lvl', 'arcraiders', 'Raiders', 'PvP']",2026-09-21,02-51-06,Monday
318960147446,126341038,demuxa,902998079,Halloween: The Game,463,2026-09-20T16:00:13Z,pt,"['Português', 'passiva', 'gay', 'LGBT', 'peruca', 'proplayer', 'Bear', '2k']",2026-09-21,02-51-06,Monday
317803926244,185866554,s3kox,263490,Rust,463,2026-09-20T16:28:34Z,es,"['Español', 'Rust', 'PvP', 'España', 'vanilla', 'estrategia', 'Raid', 'vanila']",2026-09-21,02-51-06,Monday
319018772213,1120085764,avellargg,32399,Counter-Strike,463,2026-09-20T16:36:42Z,pt,"['Português', 'slots', 'Español', 'counterstrike2']",2026-09-21,02-51-06,Monday
316484314738,496970086,shibuya_kaho,509658,Just Chatting,462,2026-09-20T14:59:28Z,ja,"['English', 'Japan', 'Japanese', '日本語', 'Drops有効']",2026-09-21,02-51-06,Monday
316956202580,118740256,b_komhate,743893402,WARDOGS,461,2026-09-20T19:09:37Z,ru,"['ТАРКОВ', 'ВКОМНАТЕ', 'Русский', 'DropsВключены']",2026-09-21,02-51-06,Monday
317803327332,1076360390,syaazfnn,33214,Fortnite,461,2026-09-20T15:35:14Z,es,['Español'],2026-09-21,02-51-06,Monday
319018541173,1117012382,daronco01,32399,Counter-Strike,461,2026-09-20T16:01:51Z,pt,['Português'],2026-09-21,02-51-06,Monday
317803671396,2400710,membtv,13389,Age of Empires II,460,2026-09-20T16:04:52Z,en,"['English', '2k', 'Caster', 'FamilyMan', 'agefofempires2DE', 'TEB', 'aoe2', '1440p']",2026-09-21,02-51-06,Monday
318518747111,547064977,archiedos,509658,Just Chatting,460,2026-09-20T13:30:33Z,ru,"['Русский', 'DropsВключены']",2026-09-21,02-51-06,Monday
316061278547,20502899,metro,2132205352,Deadlock,460,2026-09-20T15:26:07Z,en,"['English', 'Deutsch', 'deadlock', 'Eternus']",2026-09-21,02-51-06,Monday
317813681123,528897216,ilgabbrone,509672,IRL,459,2026-09-20T18:35:31Z,it,['Italiano'],2026-09-21,02-51-06,Monday
318661206885,470844224,xpyct514,515214,Politics,459,2026-09-20T18:53:15Z,ru,"['Русский', 'общение', 'Политика', 'politics']",2026-09-21,02-51-06,Monday
318716992358,1033052690,fnrax,33214,Fortnite,458,2026-09-20T16:10:50Z,it,"['Italiano', 'Inglese', 'Fortnite']",2026-09-21,02-51-06,Monday
318517377511,101281666,higanbanban,509658,Just Chatting,458,2026-09-20T11:43:13Z,ru,"['витьюберы', 'vtuber', 'ruvtuber', 'витубер', 'аниме', 'БезСпойлеров', 'Русский', 'DropsВключены']",2026-09-21,02-51-06,Monday
318661310821,198633705,andreadel1988,509658,Just Chatting,457,2026-09-20T19:00:34Z,it,"['Italiano', 'reactions', 'DropAbilitati']",2026-09-21,02-51-06,Monday
317778938466,496112634,kurama_203,33214,Fortnite,457,2026-09-20T15:32:21Z,fr,['Français'],2026-09-21,02-51-06,Monday
316878428629,484068452,garge,32399,Counter-Strike,456,2026-09-20T16:45:14Z,fi,['Suomi'],2026-09-21,02-51-06,Monday
318660085477,136784171,mehdi,123184772,EA Sports FC 27,456,2026-09-20T17:33:21Z,de,"['Deutsch', 'WWE', 'Valo', 'minecraft', 'reaction', 'PvEPvP']",2026-09-21,02-51-06,Monday
318523436775,641195684,sinan_knast,509658,Just Chatting,455,2026-09-20T19:30:15Z,de,"['Deutsch', 'DropsAktiviert']",2026-09-21,02-51-06,Monday
320407230556,263932034,tjnv,32982,Grand Theft Auto V,453,2026-09-20T15:01:40Z,en,"['English', 'GTAⅤ', 'fivem', 'NoPixelWL', 'DropsEnabled']",2026-09-21,02-51-06,Monday
318719615078,677387574,33tadeooo,509672,IRL,453,2026-09-20T19:21:36Z,pl,"['gombao', '33', 'muzyka', 'gombao33', 'English', 'Polski']",2026-09-21,02-51-06,Monday
316955505236,1452895933,orangemorangeslots,498566,Slots,453,2026-09-20T17:41:40Z,de,['Deutsch'],2026-09-21,02-51-06,Monday
317802074980,46025493,plexooh,32982,Grand Theft Auto V,452,2026-09-20T13:37:57Z,fr,"['Français', 'VIBE', 'RP', 'GTARP', 'DropsActivés']",2026-09-21,02-51-06,Monday
318719047142,49547507,creepypastapunch,509658,Just Chatting,452,2026-09-20T18:36:23Z,de,"['Deutsch', 'Horror', 'gruselig', 'AttractiveGuy', 'GeilsterTypJemals', 'DeineMutterMagMich', 'DropsAktiviert']",2026-09-21,02-51-06,Monday
321455538265,67321240,jeuserieux,509663,Special Events,451,2026-09-20T11:48:33Z,fr,"['Québec', 'Français', 'DropsActivés', 'Subathon']",2026-09-21,02-51-06,Monday
317812919267,43993381,sapeuh,20596,Dofus,451,2026-09-20T17:24:01Z,fr,"['Français', 'dofus', 'gaming']",2026-09-21,02-51-06,Monday
320407593436,101787976,anayan,461221,MARVEL Contest of Champions,450,2026-09-20T15:35:49Z,en,"['hehim', 'english', 'drops', 'partneredstreamer', 'ccp', 'English', 'dropsenabled', 'mcoc', 'marvelcontestofchampions', 'DropsEnabled']",2026-09-21,02-51-06,Monday
318657404133,638471990,easyemi,509658,Just Chatting,450,2026-09-20T14:14:18Z,de,"['Deutsch', 'DropsAktiviert']",2026-09-21,02-51-06,Monday
318658590693,591390436,markrei93,415958771,Bus Simulator 27,449,2026-09-20T15:50:40Z,de,"['german', 'Simulator', 'Österreich', 'games', 'Deutsch', 'Austria', 'österreichisch', 'Horror']",2026-09-21,02-51-06,Monday
316956011732,603050806,m1xerboy,488579,Everlasting Summer,449,2026-09-20T18:45:03Z,ru,['Русский'],2026-09-21,02-51-06,Monday
316471952497,1106344955,r2onlineru,502829,R2 Online: Reign of Revolution,448,2026-09-20T13:53:15Z,ru,"['r2', 'R2Online', 'R2стрим', 'R2OnlineReignofRevolution', 'Русский']",2026-09-21,02-51-06,Monday
318644859493,56148610,aethelthryth,21779,League of Legends,447,2026-09-19T15:15:57Z,bg,['Български'],2026-09-21,02-51-06,Monday
320312959454,320878,protonjon,27284,Retro,445,2026-09-20T18:10:19Z,en,"['English', 'Canada', 'Retro', 'Modern', 'Variety', 'AcquiredTaste', 'FlyFree', 'Glitched', 'PsychologicalHorror', 'TechnicalDifficulties']",2026-09-21,02-51-06,Monday
319090368116,128775333,coreano,508455,Valheim,444,2026-09-20T15:01:29Z,en,"['Português', 'English']",2026-09-21,02-51-06,Monday
317491662455,48827570,saintone,31339,Project Zomboid,444,2026-09-20T11:43:15Z,en,"['English', 'Community', 'of', 'Boomers', 'And', 'Lizard', 'People', 'MAMBO']",2026-09-21,02-51-06,Monday
316033892050,55782451,sideshow,516575,VALORANT,444,2026-09-20T15:53:58Z,en,['English'],2026-09-21,02-51-06,Monday
316950931284,800718186,ruslandvip,506415, SEKIRO: SHADOWS DIE TWICE,443,2026-09-20T04:05:10Z,ru,['Русский'],2026-09-21,02-51-06,Monday
318658262501,37526022,radlerauge,489767,XCOM 2,442,2026-09-20T15:24:48Z,de,"['deutsch', 'lettisch', 'Deutsch']",2026-09-21,02-51-06,Monday
320450406624,25220420,weak3n,2094865572,SMITE 2,442,2026-09-20T17:00:16Z,en,"['English', 'DropsEnabled']",2026-09-21,02-51-06,Monday
317780787682,115060112,recalbox,509658,Just Chatting,440,2026-09-20T18:25:14Z,fr,"['DIY', 'Retrogaming', 'news', 'actu', 'actualités', 'Revuedepresse', 'lectureàhautevoix', 'lecture', 'Français', 'Retro']",2026-09-21,02-51-06,Monday
316911722070,1121134219,shifuwoe,505884,PUBG MOBILE,440,2026-09-20T17:46:01Z,ru,"['Русский', 'Повтор']",2026-09-21,02-51-06,Monday
318711796454,102293670,lmgd1,18122,World of Warcraft,439,2026-09-20T08:09:29Z,en,"['English', 'MMORPG', 'drops', 'DropsEnabled']",2026-09-21,02-51-06,Monday
316954866772,732327877,tolikthx,509658,Just Chatting,439,2026-09-20T16:29:57Z,ru,"['кино', 'кинострим', 'фильмы', 'Боевики', 'Марвел', 'ужасы', 'комедии', 'экшен', 'Мужчина', 'Русский']",2026-09-21,02-51-06,Monday
