id,user_id,user_login,game_id,game_name,viewer_count,started_at,language,tags,snapshot_date,snapshot_time,snapshot_day
319490936279,411377640,jynxzi,27471,Minecraft,64253,2026-10-07T14:44:02Z,en,"['English', 'DropsEnabled']",2026-10-09,05-30-46,Friday
320712387552,472066926,theburntpeanut,464339927,ARC Raiders,54097,2026-10-08T09:17:10Z,en,"['English', 'funny', 'gaming', 'Ptuber', 'fpsgames', 'Variety', 'tobacco', 'Peanut', 'DropsEnabled']",2026-10-09,05-30-46,Friday
319490935767,246450563,stableronaldo,27471,Minecraft,47243,2026-10-07T14:43:48Z,en,"['English', 'DropsEnabled']",2026-10-09,05-30-46,Friday
318316079192,552120296,zackrawrr,18122,World of Warcraft,40009,2026-10-08T17:33:45Z,en,"['English', 'politics', 'bald']",2026-10-09,05-30-46,Friday
320665499868,207813352,hasanabi,509658,Just Chatting,28458,2026-10-08T17:58:31Z,en,"['news', 'politics', 'adhd', 'English', 'GamerRage', 'DropsEnabled']",2026-10-09,05-30-46,Friday
318736348135,77827128,tumblurr,1987792797,Invokyr,28432,2026-10-08T19:12:12Z,it,['Italiano'],2026-10-09,05-30-46,Friday
317942300770,39276140,rubius,27471,Minecraft,25001,2026-10-08T16:55:45Z,es,"['Español', 'femboy']",2026-10-09,05-30-46,Friday
320667956956,31557216,warframe,66170,Warframe,23932,2026-10-08T21:55:58Z,en,"['warframe', 'English', 'DropsEnabled']",2026-10-09,05-30-46,Friday
317972002275,238813810,eliasn97,123184772,EA Sports FC 27,22423,2026-10-08T17:01:51Z,de,['Deutsch'],2026-10-09,05-30-46,Friday
321718365017,26301881,sodapoppin,18122,World of Warcraft,20496,2026-10-08T18:05:28Z,en,['English'],2026-10-09,05-30-46,Friday
317618781431,422243447,vanillamace,32982,Grand Theft Auto V,20113,2026-10-08T19:00:11Z,en,"['English', 'girl', 'pretty', 'awesome', 'cool', 'chill', 'vanilla', 'vanillamace', 'NoPixelV', 'DropsEnabled']",2026-10-09,05-30-46,Friday
317959752292,90075649,illojuan,65632,DayZ,18958,2026-10-08T15:52:40Z,es,"['Español', 'DropsActivados']",2026-10-09,05-30-46,Friday
319502483415,136765278,buddha,32982,Grand Theft Auto V,15906,2026-10-08T18:03:11Z,en,['English'],2026-10-09,05-30-46,Friday
320719341280,71092938,xqc,509658,Just Chatting,14485,2026-10-08T22:07:32Z,en,"['English', 'femboy', 'DropsEnabled']",2026-10-09,05-30-46,Friday
317943926370,155601320,jltomy,32982,Grand Theft Auto V,13324,2026-10-08T19:13:29Z,fr,['Français'],2026-10-09,05-30-46,Friday
321882669659,32085830,xaryu,18122,World of Warcraft,13322,2026-10-08T15:53:43Z,en,['English'],2026-10-09,05-30-46,Friday
319502163031,37402112,shroud,771448419,AION 2,12047,2026-10-08T17:08:36Z,en,"['English', 'DropsEnabled']",2026-10-09,05-30-46,Friday
321748703066,887001013,nico_la,509672,IRL,11478,2026-10-07T17:10:43Z,fr,"['Français', 'drole', 'humour', 'nico', 'nicotine', 'nicola', 'IRL', 'react']",2026-10-09,05-30-46,Friday
319119469814,65171890,rainbow6,460630,Rainbow Six Siege,11368,2026-10-08T20:29:03Z,en,"['English', 'ubisoft', 'rainbowsixsiege', 'R6', 'DropsEnabled']",2026-10-09,05-30-46,Friday
320719134816,494543675,lacy,509658,Just Chatting,10701,2026-10-08T21:56:53Z,en,"['English', 'DropsEnabled']",2026-10-09,05-30-46,Friday
320571214302,121510236,juansguarnizo,27471,Minecraft,10239,2026-10-08T18:03:24Z,es,['Español'],2026-10-09,05-30-46,Friday
317961544676,27115917,kamet0,512953,ELDEN RING,10028,2026-10-08T18:31:24Z,fr,"['Français', 'LEC', 'leagueoflegends', 'esport', 'RLCS', 'VCT', 'Valorant', 'KCORP', 'Kameto', '30ans']",2026-10-09,05-30-46,Friday
320713710816,69214305,kanonxo,771448419,AION 2,9428,2026-10-08T13:19:45Z,en,"['English', '한국어', 'MMO', 'MMORPG', 'AION2', 'DropsEnabled']",2026-10-09,05-30-46,Friday
318731532263,430023505,xrohat,32982,Grand Theft Auto V,9342,2026-10-08T14:01:48Z,de,['Deutsch'],2026-10-09,05-30-46,Friday
320666133852,563908141,joe_bartolozzi,2042681592,Minecraft Dungeons II,8373,2026-10-08T19:01:12Z,en,['English'],2026-10-09,05-30-46,Friday
318732341991,78874179,krokoboss,516575,VALORANT,8331,2026-10-08T15:14:32Z,de,['Deutsch'],2026-10-09,05-30-46,Friday
317618342903,138600347,stoopzz,771448419,AION 2,8209,2026-10-08T17:30:49Z,en,"['MMORPG', 'English', 'MMO', 'RPG', 'DropsEnabled']",2026-10-09,05-30-46,Friday
318867496293,25722719,dakillzor,27546,World of Tanks,7579,2026-10-08T07:37:17Z,en,"['English', 'DropsEnabled']",2026-10-09,05-30-46,Friday
317619409655,139251406,fanum,509672,IRL,7515,2026-10-08T20:58:38Z,en,['English'],2026-10-09,05-30-46,Friday
316987518549,26921830,elajjaz,23311496,Clive Barker's Hellraiser: Revival,7426,2026-10-08T13:42:58Z,en,"['English', 'megagamer']",2026-10-09,05-30-46,Friday
320570160478,23161357,lirik,23311496,Clive Barker's Hellraiser: Revival,7382,2026-10-08T16:05:48Z,en,"['English', 'LUL']",2026-10-09,05-30-46,Friday
321760841818,147927227,aspen,515025,Overwatch,7144,2026-10-08T14:59:13Z,en,"['English', 'DropsEnabled']",2026-10-09,05-30-46,Friday
317618795127,90222258,agent00,509672,IRL,7075,2026-10-08T19:02:06Z,en,"['English', 'AGENT00', 'AMP']",2026-10-09,05-30-46,Friday
319504062039,233300375,clix,33214,Fortnite,6937,2026-10-08T21:34:49Z,en,['English'],2026-10-09,05-30-46,Friday
320715607392,56990029,chatterbox,32982,Grand Theft Auto V,6728,2026-10-08T17:01:56Z,en,"['English', 'NoPixel', 'NoPixelV', 'Clown', 'chatterbox']",2026-10-09,05-30-46,Friday
316988833877,99899949,bratishkinoff,23311496,Clive Barker's Hellraiser: Revival,6652,2026-10-08T16:49:31Z,ru,"['Русский', 'братишкин', 'сексист', 'тегидлялохов', 'ютуб', 'большенелысый', 'безтрусиков', 'микропенис']",2026-10-09,05-30-46,Friday
319120204022,38244180,alanzoka,2142646770,Silver Pines,6587,2026-10-08T22:00:38Z,pt,"['Idoso', 'Gostoso', 'Papai', 'Português']",2026-10-09,05-30-46,Friday
318734292199,82197170,ewroon,32982,Grand Theft Auto V,6414,2026-10-08T17:21:18Z,pl,['Polski'],2026-10-09,05-30-46,Friday
319503221975,26490481,summit1g,464339927,ARC Raiders,6384,2026-10-08T19:55:51Z,en,"['English', 'DropsEnabled']",2026-10-09,05-30-46,Friday
318316731480,124420521,lcs,21779,League of Legends,6263,2026-10-08T20:02:20Z,en,"['English', 'DropsEnabled']",2026-10-09,05-30-46,Friday
320570185566,598713647,angryginge13,509658,Just Chatting,6164,2026-10-08T16:08:35Z,en,"['English', 'DropsEnabled']",2026-10-09,05-30-46,Friday
320716838368,40934651,ludwig,509658,Just Chatting,6161,2026-10-08T19:00:14Z,en,"['English', 'lolcow', 'AIOptedOut', 'DropsEnabled']",2026-10-09,05-30-46,Friday
321718588761,660840731,happyhappygal,33214,Fortnite,6065,2026-10-08T18:30:34Z,en,"['Christian', 'Women', 'Woman', 'Girl', 'Female', 'PlayingWithViewers', 'FamilyFriendly', 'Fortnite', 'ZeroBuild', 'English']",2026-10-09,05-30-46,Friday
318734785511,51653974,coachlim,509658,Just Chatting,5949,2026-10-08T17:49:28Z,de,"['Deutsch', 'DropsAktiviert']",2026-10-09,05-30-46,Friday
317943502818,137347549,locklear,1863468099,CYCLE01,5730,2026-10-08T18:43:53Z,fr,['Français'],2026-10-09,05-30-46,Friday
321762493402,141429177,flats,515025,Overwatch,5652,2026-10-08T18:44:37Z,en,"['English', 'DropsEnabled']",2026-10-09,05-30-46,Friday
319504070487,119795835,aldo_geo,27471,Minecraft,5544,2026-10-08T21:35:35Z,es,"['Español', 'Guapo', 'Nahual', 'Piedrita', 'Hidrocalido', 'Aguascalientes', 'México', 'SingleMotherHunter', 'NiñoNintendo', 'DropsActivados']",2026-10-09,05-30-46,Friday
317618493687,196858,omie,32982,Grand Theft Auto V,5319,2026-10-08T18:03:04Z,en,['English'],2026-10-09,05-30-46,Friday
316618237171,55734416,mother3rd,21779,League of Legends,5303,2026-10-08T12:59:23Z,ja,['日本語'],2026-10-09,05-30-46,Friday
316183621610,224539819,aussieantics,33214,Fortnite,5285,2026-10-08T15:51:06Z,en,['English'],2026-10-09,05-30-46,Friday
320567904222,15564828,nickmercs,464339927,ARC Raiders,5270,2026-10-08T08:56:42Z,en,"['BEST', 'HUGE', 'TALL', 'WIDE', 'BIG', 'STRONG', 'English', 'CONTROLLER', 'escapefromtarkov', 'DropsEnabled']",2026-10-09,05-30-46,Friday
318729484007,579540392,noanoella,2023301131,CreatorSMP,5194,2026-10-08T10:03:00Z,nl,"['Nederlands', 'gezellig', 'Vrouwelijk', 'IRL', 'minecraft', 'gta', 'creatorsmphardcore', 'Hardcore', 'Creatorsmp', 'DropsIngeschakeld']",2026-10-09,05-30-46,Friday
320572462430,165301937,realkatieb,32982,Grand Theft Auto V,5168,2026-10-08T20:15:19Z,en,['English'],2026-10-09,05-30-46,Friday
317963503460,638914089,beckyjoo,464339927,ARC Raiders,5111,2026-10-08T21:01:38Z,en,"['British', 'FemaleGamers', 'feet', 'MovementQueen', 'toes', 'PvP', 'toxic', 'egirl', 'English', 'DropsEnabled']",2026-10-09,05-30-46,Friday
318875459941,835322699,lizok_ssk,29595,Dota 2,5068,2026-10-08T20:43:20Z,ru,"['бассейн', 'Женщина', 'дота2', '5кммр', 'микроволновка', 'Украина', 'Русский', 'Українська']",2026-10-09,05-30-46,Friday
321883669211,51496027,loltyler1,21779,League of Legends,5061,2026-10-08T18:12:51Z,en,"['English', 'loltyler1', 'tyler1']",2026-10-09,05-30-46,Friday
316617578739,534168696,tororo_vtuber,771448419,AION 2,4935,2026-10-08T10:57:05Z,ja,"['日本語', 'Drops有効']",2026-10-09,05-30-46,Friday
319502974039,719949561,crelly,116747788,"Pools, Hot Tubs, and Beaches",4851,2026-10-08T19:18:26Z,en,"['Chaos', 'VTuber', 'English', 'ADHD', 'Yapper', 'Hyper', 'Ambitious', 'Ragebait', 'Gullible', 'DropsEnabled']",2026-10-09,05-30-46,Friday
317962418660,468932694,youladecadd,509658,Just Chatting,4851,2026-10-08T19:30:11Z,fr,"['Français', 'DropsActivés']",2026-10-09,05-30-46,Friday
318871018981,152633332,knekro,509658,Just Chatting,4633,2026-10-08T15:16:21Z,es,"['Español', 'Elmejor', 'Challenger', 'hardcoregamer', 'peepoClown', 'vuelaalto', 'cracabut', 'DropsActivados']",2026-10-09,05-30-46,Friday
317973797859,63675549,kaydop,30921,Rocket League,4449,2026-10-08T19:14:28Z,fr,"['Français', 'rocketleague', 'SSL', 'kaydop']",2026-10-09,05-30-46,Friday
320553820894,61433001,lospollostv,27471,Minecraft,4408,2026-10-07T14:43:05Z,en,"['English', 'DropsEnabled']",2026-10-09,05-30-46,Friday
318874554597,89600394,therealmarzaa,1987792797,Invokyr,4358,2026-10-08T19:20:29Z,it,"['Italiano', 'English', 'Barese', 'DropAbilitati']",2026-10-09,05-30-46,Friday
319119397366,269503217,aspaszin,516575,VALORANT,4325,2026-10-08T20:17:58Z,pt,['Português'],2026-10-09,05-30-46,Friday
317025636566,111454676,deko,32399,Counter-Strike,4272,2026-10-08T18:07:23Z,ru,['Русский'],2026-10-09,05-30-46,Friday
319117578998,1022882485,pacifistatibiano,19619,Tibia,4263,2026-10-08T15:01:25Z,pt,"['rubinot', 'Português', 'Reposição', 'rubini', 'Tibia', 'tibiaglobal']",2026-10-09,05-30-46,Friday
316183746538,131986952,froggerow,515025,Overwatch,4253,2026-10-08T16:32:03Z,en,"['English', 'DropsEnabled']",2026-10-09,05-30-46,Friday
317025722454,40488774,stray228,29595,Dota 2,4181,2026-10-08T18:20:49Z,ru,"['ПАХАН', 'проигрок228', 'солевойстример', 'тащер', 'адекватнаяатмосфера', 'Бодибилдер', 'Русский', 'танцор', 'Клубничка']",2026-10-09,05-30-46,Friday
320717072864,40017619,doublelift,21779,League of Legends,4044,2026-10-08T19:20:50Z,en,"['English', 'FurryFriendly', 'Vtuber', 'MoggingExpert', 'looksmaxxing', 'chadmaxxing', 'pngtuber']",2026-10-09,05-30-46,Friday
318871621605,36954803,h2p_gucio,516575,VALORANT,3974,2026-10-08T16:04:48Z,pl,"['Polski', 'DropyWłączone']",2026-10-09,05-30-46,Friday
318874206949,38121996,bastighg,27471,Minecraft,3943,2026-10-08T18:57:03Z,de,['Deutsch'],2026-10-09,05-30-46,Friday
317071034580,1514441590,asuka488,29595,Dota 2,3881,2026-10-08T21:17:34Z,ru,"['общение', 'девушка', 'Русский', '5posняшка', 'dota2', 'саппорт', 'Повтор']",2026-10-09,05-30-46,Friday
317943978722,115695918,rocky_,123184772,EA Sports FC 27,3879,2026-10-08T19:18:03Z,fr,['Français'],2026-10-09,05-30-46,Friday
317070567124,87481167,voodoosh,12839,Heroes of Might and Magic III: The Restoration of Erathia,3816,2026-10-08T19:52:15Z,ru,['Русский'],2026-10-09,05-30-46,Friday
321760874586,36324138,distortion2,23311496,Clive Barker's Hellraiser: Revival,3766,2026-10-08T15:04:31Z,en,"['Speedrun', 'Chad', 'Loves', 'Anime', 'And', 'Stalling', 'English']",2026-10-09,05-30-46,Friday
321760028634,27446144,fubgun,771448419,AION 2,3759,2026-10-08T12:01:43Z,en,"['English', 'drops', 'DropsEnabled']",2026-10-09,05-30-46,Friday
320567759838,180118013,hutchmf,464339927,ARC Raiders,3718,2026-10-08T08:21:33Z,en,"['English', 'DropsEnabled']",2026-10-09,05-30-46,Friday
318870132837,73437396,bonjwa,515881069,Mechabellum,3716,2026-10-08T13:51:37Z,de,['Deutsch'],2026-10-09,05-30-46,Friday
317070900820,139345001,aunkere,32399,Counter-Strike,3635,2026-10-08T20:50:27Z,ru,"['Русский', 'aunkere', 'аункер', 'cs2major', 'English', 'позитив', 'безмашны']",2026-10-09,05-30-46,Friday
321885325531,852057852,ularkin,2012789438,Call of Duty: Black Ops 7,3609,2026-10-08T21:06:09Z,en,['English'],2026-10-09,05-30-46,Friday
320709396576,7236692,dansgaming,519192,Tormented Souls,3508,2026-10-08T03:26:47Z,en,"['TwitchOG', 'DansGame', 'Emotes', 'Variety', 'English', 'Solo', 'Gaming', 'Cozy', 'Community', 'Singleplayer']",2026-10-09,05-30-46,Friday
321760766042,128440061,zentreya,1987792797,Invokyr,3498,2026-10-08T14:45:08Z,en,"['English', 'ForkliftCertified', 'GoodMusicTaste', 'ENVtuber', 'PositiveVibes', 'Anime', 'funny', 'gaming', 'Vtuber', 'SVA']",2026-10-09,05-30-46,Friday
318732306279,133621591,wakayashi,771448419,AION 2,3487,2026-10-08T15:11:19Z,de,"['MMORPG', 'MMO', 'Deutsch', 'English', 'sauercrowd', 'DropsAktiviert']",2026-10-09,05-30-46,Friday
315564117230,48093884,sweetcampercs,516575,VALORANT,3456,2026-10-08T14:42:42Z,zh,"['中文', '靈魂歌手', '帥臉', '最有禮貌', '勤奮主播', '一句不離三個國罵']",2026-10-09,05-30-46,Friday
317071159508,1242180809,formixyouknow,32399,Counter-Strike,3300,2026-10-08T21:49:34Z,ru,['Русский'],2026-10-09,05-30-46,Friday
321716273753,146922206,imperialhal__,511224,Apex Legends,3263,2026-10-08T13:14:36Z,en,['English'],2026-10-09,05-30-46,Friday
316123312083,42351942,nissaxter,21779,League of Legends,3244,2026-10-08T21:23:57Z,es,['Español'],2026-10-09,05-30-46,Friday
317943015394,104320683,move_mind,32982,Grand Theft Auto V,3166,2026-10-08T18:02:59Z,pt,"['Português', 'gta']",2026-10-09,05-30-46,Friday
320668063964,136192832,tminnzy,23311496,Clive Barker's Hellraiser: Revival,3094,2026-10-08T22:02:19Z,en,"['English', 'Hellraiser', 'FirstPlaythrough', 'Horror', 'SurvivalHorror', 'HorrorGaming', 'StoryGame', 'ActionHorror', 'Gaming', 'Tminnzy']",2026-10-09,05-30-46,Friday
319107215478,551106124,dupla_on,771448419,AION 2,3081,2026-10-07T13:13:53Z,pt,"['Português', 'casal', 'MMORPG', 'batepapo', 'reacts', 'DropsAtivados']",2026-10-09,05-30-46,Friday
321719366489,133220545,jay3,1264310518,Marvel Rivals,3080,2026-10-08T19:56:38Z,en,"['English', 'DropsEnabled']",2026-10-09,05-30-46,Friday
318875609189,541899730,controcalcio__,123184772,EA Sports FC 27,3026,2026-10-08T21:00:48Z,it,"['Italiano', 'gaming', 'calcio']",2026-10-09,05-30-46,Friday
317961651940,42549067,aenot,32982,Grand Theft Auto V,3010,2026-10-08T18:38:11Z,fr,"['Français', 'flashback', 'RP', 'Aenot', 'NoPixel', 'DropsActivés']",2026-10-09,05-30-46,Friday
317067254868,30814134,welovegames,23311496,Clive Barker's Hellraiser: Revival,2947,2026-10-08T12:37:07Z,ru,"['юмор', 'игры', 'новинки', 'общение', 'IRL', 'русский', 'Русский']",2026-10-09,05-30-46,Friday
318930238566,834113869,judah_xx,29595,Dota 2,2946,2026-10-08T20:06:37Z,ru,"['Русский', 'English', 'мамбет', 'тромб', 'отрываемся', 'freemellstroy']",2026-10-09,05-30-46,Friday
318731245031,41567638,rumathra,666506999,Alchemy Factory,2922,2026-10-08T13:35:52Z,de,"['Deutsch', 'rivals']",2026-10-09,05-30-46,Friday
321763388634,432689780,ravusssss,123184772,EA Sports FC 27,2910,2026-10-08T20:26:24Z,fr,"['ravusssss', 'Divertissement', 'Discussions', 'eafc25', 'Football', 'Français', 'EASportsFC26', 'débat', 'ANECTODE', 'gaming']",2026-10-09,05-30-46,Friday
318931024102,88106653,rodjer,451386856,Titan Quest II,2896,2026-10-08T21:13:44Z,ru,"['Русский', 'bobrkurwa', 'dota2', 'warcraft3', 'CS2']",2026-10-09,05-30-46,Friday
315599085808,38881685,boxbox,513143,Teamfight Tactics,2878,2026-10-08T19:36:22Z,en,['English'],2026-10-09,05-30-46,Friday
317970799075,38446500,revenant,771448419,AION 2,2876,2026-10-08T14:50:01Z,es,"['Español', 'DropsActivados']",2026-10-09,05-30-46,Friday
318872597989,36620767,agraelus,23311496,Clive Barker's Hellraiser: Revival,2854,2026-10-08T17:12:33Z,cs,['Čeština'],2026-10-09,05-30-46,Friday
317942526050,101234264,crocodyletv,1168459646,SPAM,2852,2026-10-08T17:17:35Z,fr,"['Français', 'DropsActivés']",2026-10-09,05-30-46,Friday
320666692316,109809539,lilsimsie,1288749557,Dressmaker (2026),2844,2026-10-08T20:00:28Z,en,"['SheHer', 'English', 'AIOptedOut', 'FamilyFriendly', 'cozygaming']",2026-10-09,05-30-46,Friday
318316400344,1349515600,aimkey,464339927,ARC Raiders,2831,2026-10-08T18:50:56Z,en,"['English', 'DropsEnabled']",2026-10-09,05-30-46,Friday
316075678161,28337972,limealicious,435870350,Dragon's Dogma II,2829,2026-10-08T17:33:07Z,en,"['Cozy', 'Vtuber', 'English', 'Gremlin', 'DropsEnabled']",2026-10-09,05-30-46,Friday
321717196249,38746172,esfandtv,18122,World of Warcraft,2768,2026-10-08T15:43:21Z,en,"['English', 'NoPixel', 'GTARP', 'Cornwood']",2026-10-09,05-30-46,Friday
321885348571,1326563079,yawn,509659,ASMR,2760,2026-10-08T21:08:18Z,en,"['girlfailure', 'yapper', 'vtuber', 'asmr', 'vsinger', 'korean', 'english', 'yuri', 'tsundere', 'veryniceverynormalveryhot']",2026-10-09,05-30-46,Friday
316989910869,68950614,ybicanoooobov,29595,Dota 2,2747,2026-10-08T19:00:56Z,ru,['Русский'],2026-10-09,05-30-46,Friday
321762324570,38871579,feinberg,27471,Minecraft,2737,2026-10-08T18:22:01Z,en,"['English', 'Speedrun']",2026-10-09,05-30-46,Friday
318929332326,53065331,dariomocciatwitch,1182799864,Windswept,2714,2026-10-08T19:00:31Z,it,['Italiano'],2026-10-09,05-30-46,Friday
321719914585,86016923,camy,512710,Call of Duty: Warzone,2679,2026-10-08T20:50:57Z,en,"['ADHD', 'LOUD', 'funny', 'English', 'DropsEnabled']",2026-10-09,05-30-46,Friday
318317197400,23528098,avoidingthepuddle,23311496,Clive Barker's Hellraiser: Revival,2651,2026-10-08T21:38:52Z,en,['English'],2026-10-09,05-30-46,Friday
321716990169,40972890,admiralbahroo,2106755390,Graveyard Keeper II,2647,2026-10-08T15:13:56Z,en,"['English', 'Vtuber', 'Panda', 'ProfessionalThrowing']",2026-10-09,05-30-46,Friday
316561824882,584184005,akarindao,21779,League of Legends,2530,2026-10-08T12:09:45Z,ja,"['女性', 'ハスキーボイス', '日本語']",2026-10-09,05-30-46,Friday
317068271188,92271663,wirtual,687129551,Trackmania,2524,2026-10-08T15:21:10Z,en,"['English', 'Norway', 'Sweden', 'Pyramid', 'Racing', 'Speedrun']",2026-10-09,05-30-46,Friday
321718161881,78738197,stormfall33,474709880,STAR WARS: Galactic Racer,2469,2026-10-08T17:43:37Z,en,"['English', 'Woman', 'cringe', 'GIGA', 'Female', 'girl', 'Cosplay', 'NoBackseatingUnlessAsked']",2026-10-09,05-30-46,Friday
318875813349,1390894728,betboom_dota_ru,29595,Dota 2,2454,2026-10-08T21:27:22Z,ru,"['Киберспорт', 'Русский']",2026-10-09,05-30-46,Friday
321760707290,31545223,agurin,21779,League of Legends,2420,2026-10-08T14:32:43Z,de,"['Deutsch', 'English']",2026-10-09,05-30-46,Friday
321883061467,814026647,ereklo_game,19976,MapleStory,2414,2026-10-08T16:50:25Z,en,"['english', 'MMO', 'maplestory', 'twins', 'English', 'wow']",2026-10-09,05-30-46,Friday
318316933080,766123151,ogaamos,509658,Just Chatting,2406,2026-10-08T20:45:27Z,en,"['English', 'playground', 'DropsEnabled']",2026-10-09,05-30-46,Friday
316075825361,34405377,w33haa,29595,Dota 2,2382,2026-10-08T18:08:27Z,en,"['Romanian', 'Arabic', 'English', 'Competitive']",2026-10-09,05-30-46,Friday
317070719188,79536897,floopi,29595,Dota 2,2369,2026-10-08T20:16:13Z,ru,"['Русский', 'dota2', 'dota', 'gamer', 'floopi']",2026-10-09,05-30-46,Friday
318735821159,156705811,lollolacustre,509658,Just Chatting,2336,2026-10-08T18:43:50Z,it,"['Italiano', 'DropAbilitati']",2026-10-09,05-30-46,Friday
321761836506,466139555,dantes,21779,League of Legends,2321,2026-10-08T17:23:12Z,en,['English'],2026-10-09,05-30-46,Friday
320571045598,40965449,subroza,516575,VALORANT,2314,2026-10-08T17:46:27Z,en,"['English', 'radiant', 'Ranked', 'french', 'funny', 'pro', 'professional', 'RANK1', 'Arabic', 'Moroccan']",2026-10-09,05-30-46,Friday
318316644440,8683614,zfg1,11557,The Legend of Zelda: Ocarina of Time,2292,2026-10-08T19:43:26Z,en,"['English', 'Speedrun', 'Randomizer']",2026-10-09,05-30-46,Friday
317973942243,707288845,mehditdonc,1763263,nanos world,2261,2026-10-08T19:24:54Z,fr,"['Français', 'DropsActivés']",2026-10-09,05-30-46,Friday
318316536792,783244601,lillienue,509658,Just Chatting,2260,2026-10-08T19:19:23Z,en,"['ASMR', 'hot', 'girl', 'Woman', 'egirl', 'Japanese', 'English', 'Anime', 'food', 'DropsEnabled']",2026-10-09,05-30-46,Friday
318311906648,163168110,eido,2132205352,Deadlock,2259,2026-10-08T02:52:25Z,en,"['meow', 'mexican', 'English', 'Asian']",2026-10-09,05-30-46,Friday
318872580197,168839920,kingkontent,2023301131,CreatorSMP,2239,2026-10-08T17:11:22Z,nl,['Nederlands'],2026-10-09,05-30-46,Friday
320719269344,12943173,pokelawls,32982,Grand Theft Auto V,2234,2026-10-08T22:03:34Z,en,"['English', 'depression', 'ubereats', 'lo', 'gigi']",2026-10-09,05-30-46,Friday
319502729815,173758090,quarterjade,27471,Minecraft,2234,2026-10-08T18:42:08Z,en,['English'],2026-10-09,05-30-46,Friday
321882958043,51065352,faide,511224,Apex Legends,2231,2026-10-08T16:34:49Z,en,"['movement', 'solo', 'trios', 'Apex', 'wraith', 'English', 'ADHD']",2026-10-09,05-30-46,Friday
320568869854,25677980,deansocool,32982,Grand Theft Auto V,2230,2026-10-08T12:49:52Z,en,"['English', 'reacts', 'miami', 'NoPixel', 'roleplay', 'gta', 'NoPixelV']",2026-10-09,05-30-46,Friday
320714677728,183567837,dankrng,771448419,AION 2,2229,2026-10-08T15:20:21Z,en,"['English', 'PvP', 'SpinalCordInjury', '420', '710', '910', 'DropsEnabled']",2026-10-09,05-30-46,Friday
317026583766,249218588,hypetried,32399,Counter-Strike,2184,2026-10-08T21:05:20Z,ru,['Русский'],2026-10-09,05-30-46,Friday
318929646438,198939622,onlyjson,32982,Grand Theft Auto V,2181,2026-10-08T19:22:22Z,de,"['gtavrproleplay', 'Deutsch', 'NARCOCITY', 'fivem', 'Unterhaltung', 'gta']",2026-10-09,05-30-46,Friday
319245472884,68727743,razah,460630,Rainbow Six Siege,2181,2026-10-08T15:05:46Z,pt,"['Português', 'DropsAtivados']",2026-10-09,05-30-46,Friday
318737597543,512901888,s_chilla,32399,Counter-Strike,2169,2026-10-08T20:46:00Z,ru,['Русский'],2026-10-09,05-30-46,Friday
318874736485,66272442,nikolarn,2132205352,Deadlock,2145,2026-10-08T19:34:46Z,en,['English'],2026-10-09,05-30-46,Friday
316990670677,582435847,shawdfxc,32399,Counter-Strike,2131,2026-10-08T21:25:41Z,ru,['Русский'],2026-10-09,05-30-46,Friday
318871205605,404813066,flokox,123184772,EA Sports FC 27,2080,2026-10-08T15:33:48Z,it,"['Italiano', 'FC26', 'FC27']",2026-10-09,05-30-46,Friday
321764696922,902382612,cinnalt,32982,Grand Theft Auto V,2051,2026-10-08T22:18:24Z,en,['English'],2026-10-09,05-30-46,Friday
317617111415,425543889,ghostiexuwu,509659,ASMR,2046,2026-10-08T10:52:02Z,en,"['Vtuber', 'ASMR', 'mommy', 'FemboyEnjoyer', 'findom', '420', 'Princess', 'subathon', 'English']",2026-10-09,05-30-46,Friday
319175537525,73456543,cahos_gaming,771448419,AION 2,2028,2026-10-08T20:16:17Z,es,"['Español', 'ARPG', 'drops', 'MMORPG', 'MMO', 'aion2partner', 'AION2', 'Aion', 'DropsActivados']",2026-10-09,05-30-46,Friday
318734734055,156338481,cutierover,509658,Just Chatting,2018,2026-10-08T17:46:37Z,ru,"['Русский', 'English', 'тикток', 'слейкинг', 'ирлгода2027', 'афк', 'афкстример', '3000elo', 'DropsВключены']",2026-10-09,05-30-46,Friday
318930405734,582765062,peter,509658,Just Chatting,2018,2026-10-08T20:20:08Z,en,"['Forehead', 'AMA', 'VoiceActing', 'Japan', 'English', 'NoSpoilers', 'Nerdity', 'IRL', 'fortyplusgamers', 'DropsEnabled']",2026-10-09,05-30-46,Friday
321882700763,195104909,mzdunk,491931,Escape from Tarkov,2018,2026-10-08T15:57:38Z,en,"['English', 'CatCamSometimes', 'CoolCalmCollected', 'LimitedBackseating', 'solo', 'seasonal', 'pvp']",2026-10-09,05-30-46,Friday
320666555868,161737008,kyootbot,1264310518,Marvel Rivals,2003,2026-10-08T19:46:41Z,en,"['English', 'Asian', 'MANIC', 'esoteric', 'AntiEvil', 'marvelrivals', 'gnosis', 'love', 'DropsEnabled', 'TwitchCon2026']",2026-10-09,05-30-46,Friday
319502950615,856618797,smugalana,626298054,Machine Party,1988,2026-10-08T19:14:53Z,en,"['vtuber', 'English', 'cringe', 'ADHD', 'girl', 'Woman', 'Female', 'Regarded', 'Anime', 'Fox']",2026-10-09,05-30-46,Friday
321717565273,31645736,goodoq,29595,Dota 2,1972,2026-10-08T16:30:35Z,ru,"['ASMR', 'Русский', 'Озеро', 'Усы']",2026-10-09,05-30-46,Friday
317961045476,61812950,otzdarva,23311496,Clive Barker's Hellraiser: Revival,1952,2026-10-08T17:58:03Z,en,['English'],2026-10-09,05-30-46,Friday
319175479541,181743137,xarola_,516575,VALORANT,1949,2026-10-08T20:07:17Z,pt,"['valorant', 'lindo', 'Nordeste', 'fortlev', 'Português']",2026-10-09,05-30-46,Friday
317961834340,154132449,melhssn_,516575,VALORANT,1946,2026-10-08T18:50:24Z,fr,['Français'],2026-10-09,05-30-46,Friday
318930631270,87791915,ilame,464339927,ARC Raiders,1937,2026-10-08T20:38:42Z,ru,"['Русский', 'отвалжопы', 'Геморрой', 'гейминг', 'donttouchgrasschallenge', 'Skuffed', 'penusripper', 'аим400кг', 'янебудуигратьвдоту', 'DropsВключены']",2026-10-09,05-30-46,Friday
316095399634,96555828,narek_cr,29595,Dota 2,1935,2026-10-08T16:02:09Z,ru,['Русский'],2026-10-09,05-30-46,Friday
321718974297,427632467,lvndmark,401587136,Arena Breakout: Infinite,1924,2026-10-08T19:12:54Z,en,"['English', 'DropsEnabled']",2026-10-09,05-30-46,Friday
321761480410,32093909,ahlaundoh,18122,World of Warcraft,1921,2026-10-08T16:37:36Z,en,['English'],2026-10-09,05-30-46,Friday
319502700759,145015519,foolish,27471,Minecraft,1894,2026-10-08T18:37:33Z,en,['English'],2026-10-09,05-30-46,Friday
318736852711,122808988,edizderbreite,32982,Grand Theft Auto V,1890,2026-10-08T19:43:40Z,de,['Deutsch'],2026-10-09,05-30-46,Friday
321717221465,18583518,waterdance,464339927,ARC Raiders,1872,2026-10-08T15:47:26Z,en,"['English', 'NoCam', 'Demisexual', 'LGBTQIAPIus', 'SheHer', 'Variety', 'FullTimeStreamer', 'NoBackseating', 'DropsEnabled']",2026-10-09,05-30-46,Friday
320715023840,50881182,aztecross,464339927,ARC Raiders,1855,2026-10-08T16:00:01Z,en,"['English', 'DropsEnabled']",2026-10-09,05-30-46,Friday
318732115431,72726363,edopeh,31339,Project Zomboid,1826,2026-10-08T14:56:32Z,de,['Deutsch'],2026-10-09,05-30-46,Friday
319502600663,61770627,jenny,771448419,AION 2,1813,2026-10-08T18:21:35Z,en,"['English', 'Chatty', 'mmo', 'Canadian', 'chill', 'wholesome', 'kpop', 'NewPlayersWelcome', 'cozy', '中文']",2026-10-09,05-30-46,Friday
320664513884,25458544,sequisha,743893402,WARDOGS,1811,2026-10-08T16:10:13Z,en,"['English', 'Solo', 'comedy']",2026-10-09,05-30-46,Friday
320716722272,238008719,deusamir,512710,Call of Duty: Warzone,1802,2026-10-08T18:49:50Z,es,"['Español', 'DeusAmir', 'Amir']",2026-10-09,05-30-46,Friday
317619227255,43223443,hunterowner,498566,Slots,1798,2026-10-08T20:23:44Z,en,['English'],2026-10-09,05-30-46,Friday
317971885155,625931244,mawkzy_,30921,Rocket League,1791,2026-10-08T16:50:48Z,fr,"['Dropsactivés', 'Français']",2026-10-09,05-30-46,Friday
317618693879,567928581,mooda,516575,VALORANT,1791,2026-10-08T18:43:18Z,en,['English'],2026-10-09,05-30-46,Friday
317024217430,448628231,murobenzoo,509658,Just Chatting,1780,2026-10-08T15:06:03Z,ru,"['Русский', 'DropsВключены']",2026-10-09,05-30-46,Friday
318316434648,46673989,masayoshi,27471,Minecraft,1778,2026-10-08T18:58:23Z,en,['English'],2026-10-09,05-30-46,Friday
317024385622,85039743,mrdzinold,32399,Counter-Strike,1772,2026-10-08T15:30:51Z,pl,"['Polski', 'DropyWłączone']",2026-10-09,05-30-46,Friday
319502408279,649885352,kattpaccino,509658,Just Chatting,1751,2026-10-08T17:52:09Z,en,"['kattpaccino', 'English', 'Funny', 'irl', 'blonde', 'tryonhaul', 'DropsEnabled']",2026-10-09,05-30-46,Friday
319502826199,71323662,ronn,499003,VRChat,1741,2026-10-08T18:56:53Z,en,"['Vtuber', 'Dance', 'SNIFFA', 'English', 'Jumpscare', 'femboy', 'girl', 'filipino', 'feet', 'Pizza']",2026-10-09,05-30-46,Friday
317066510548,54742538,karmikkoala,23311496,Clive Barker's Hellraiser: Revival,1738,2026-10-08T09:55:14Z,ru,['Русский'],2026-10-09,05-30-46,Friday
320665791964,36973271,geega,32982,Grand Theft Auto V,1735,2026-10-08T18:27:47Z,en,"['English', 'Vtuber', 'Evil', 'CancerSurvivor', 'NoPixel', 'NoPixelV']",2026-10-09,05-30-46,Friday
318873286373,959177803,ruffy_kudo,21779,League of Legends,1733,2026-10-08T17:58:15Z,de,"['Deutsch', 'Master', 'Midlane', 'AnimeTalks', '1v1', 'Turnier', 'lol', 'leagueoflegeneds', 'leagueoflegendsdeutsch', 'leagueoflegendsgerman']",2026-10-09,05-30-46,Friday
317974008675,169558955,mehdoche,32982,Grand Theft Auto V,1718,2026-10-08T19:30:17Z,fr,['Français'],2026-10-09,05-30-46,Friday
317618988791,1292881913,majorleaguebalatro,745589378,Balatro,1708,2026-10-08T19:40:10Z,en,['English'],2026-10-09,05-30-46,Friday
318926656870,183830454,godmota,498566,Slots,1701,2026-10-08T16:00:16Z,pt,['Português'],2026-10-09,05-30-46,Friday
317943466338,149220653,gom4rt,722824008,An Eggstremely Hard Game,1697,2026-10-08T18:40:33Z,fr,['Français'],2026-10-09,05-30-46,Friday
317941959138,42465441,drunge_,771448419,AION 2,1685,2026-10-08T16:19:17Z,fr,"['Français', 'HardcoreGamer', 'MMO', 'RPG', 'DropsActivés']",2026-10-09,05-30-46,Friday
318923045094,1554620441,vollbildsniper,498566,Slots,1678,2026-10-08T09:21:06Z,de,['Deutsch'],2026-10-09,05-30-46,Friday
319248321140,63602976,skipnho,509658,Just Chatting,1660,2026-10-08T21:45:51Z,pt,"['Português', 'DropsAtivados']",2026-10-09,05-30-46,Friday
318316875480,27586515,hexy,23311496,Clive Barker's Hellraiser: Revival,1645,2026-10-08T20:32:53Z,en,"['English', 'GodGamer', 'fat', 'bald', 'funny', 'spooky', 'Horror', 'Vampire']",2026-10-09,05-30-46,Friday
319503738583,36653045,pokemon,509658,Just Chatting,1630,2026-10-08T21:00:03Z,en,"['Pokemon', 'NintendoSwitch', 'Esports', 'pokemonunite', 'pokemongo', 'pokemontcg', 'pokemonchampions', 'Anipoke', 'Pikachu', 'English']",2026-10-09,05-30-46,Friday
317070949588,1463368878,fedotog,509658,Just Chatting,1619,2026-10-08T21:00:04Z,ru,"['Русский', 'DropsВключены']",2026-10-09,05-30-46,Friday
317975139811,52615982,pieface23,123184772,EA Sports FC 27,1616,2026-10-08T21:21:35Z,en,"['English', 'eafc', 'footballmanager', 'Simulator', 'British', 'supermarketsimulator', 'darts', 'IRL', 'ırl', 'fc27']",2026-10-09,05-30-46,Friday
316552041201,72480716,tonton,23311496,Clive Barker's Hellraiser: Revival,1598,2026-10-08T20:53:20Z,fr,"['Éducatif', 'Français', 'English', 'German', 'Spanish']",2026-10-09,05-30-46,Friday
319175787125,228371036,suetam1v4,33214,Fortnite,1597,2026-10-08T20:53:35Z,pt,"['Português', 'suetam', 'suetam1v4', 'brazil', 'Brasil', 'humor']",2026-10-09,05-30-46,Friday
317609564663,245488727,vulture_ow,515025,Overwatch,1595,2026-10-07T09:59:36Z,en,"['English', 'Competitive', 'fps', 'junkrat', 'SewerRat', 'overwatch', 'hashtagawesome', 'DropsEnabled']",2026-10-09,05-30-46,Friday
316561434994,169539617,clutch_fii,771448419,AION 2,1580,2026-10-08T10:55:49Z,ja,"['日本語', 'drops', 'Drops有効']",2026-10-09,05-30-46,Friday
318858451685,25821344,shenpai,19745,Pokémon Platinum Version,1580,2026-10-07T14:29:51Z,en,"['English', 'OhGodHelpMe', 'NoBackseating', 'Bisexual', 'WomenKisser', 'yaoiconnoisseur', 'ADHD', 'TransRights', 'NoGenAI', 'antiGenAI']",2026-10-09,05-30-46,Friday
321719078745,41382559,jojosaysbreee,518184,Phasmophobia,1565,2026-10-08T19:24:28Z,en,"['poop', 'BOOBAS', 'mommy', 'milkers', 'clikkie', 'twentyonepilots', 'StargateNipNops', 'DeadWeight', 'AIOptedOut', 'LGBTQIA']",2026-10-09,05-30-46,Friday
318737566567,825918871,slotshub_skillz,498566,Slots,1547,2026-10-08T20:43:24Z,el,['Ελληνικά'],2026-10-09,05-30-46,Friday
319502635735,104410477,humzh,21779,League of Legends,1539,2026-10-08T18:26:53Z,en,['English'],2026-10-09,05-30-46,Friday
317938784994,153176290,saiiren,27471,Minecraft,1539,2026-10-08T08:04:13Z,en,"['Vtuber', 'Chatty', 'Anime', 'English', 'ENVtuber', 'DropsEnabled']",2026-10-09,05-30-46,Friday
318923209318,1554666150,freispielfuchs,498566,Slots,1538,2026-10-08T09:46:09Z,de,['Deutsch'],2026-10-09,05-30-46,Friday
317963101028,426336938,sesuko,515025,Overwatch,1523,2026-10-08T20:27:42Z,es,"['Español', 'DropsActivados']",2026-10-09,05-30-46,Friday
319502309463,226142411,kaise,19976,MapleStory,1499,2026-10-08T17:36:08Z,en,['English'],2026-10-09,05-30-46,Friday
315577500015,16677765,qttsix,493551,Conan Exiles,1493,2026-10-08T18:09:30Z,zh,['中文'],2026-10-09,05-30-46,Friday
317021949782,1054416007,bygyxogy,498566,Slots,1488,2026-10-08T07:48:54Z,pt,['Português'],2026-10-09,05-30-46,Friday
317619218551,445768007,zekken,516575,VALORANT,1487,2026-10-08T20:21:34Z,en,['English'],2026-10-09,05-30-46,Friday
317025448278,174141858,elina,23311496,Clive Barker's Hellraiser: Revival,1484,2026-10-08T17:44:12Z,en,"['English', 'swedish', 'woman', 'stinky', 'ADHD', 'female', 'Interactive', 'Chatty', 'DropsEnabled']",2026-10-09,05-30-46,Friday
318873752037,501438035,niklaswilson,509658,Just Chatting,1482,2026-10-08T18:25:34Z,de,"['Deutsch', 'DropsAktiviert']",2026-10-09,05-30-46,Friday
321718599001,23257020,ster,2132205352,Deadlock,1476,2026-10-08T18:31:28Z,en,['English'],2026-10-09,05-30-46,Friday
318926913638,655333260,renekreher,509672,IRL,1460,2026-10-08T16:18:57Z,de,"['Reisen', 'LiveVlogging', 'ReneKreher', 'IRL', 'Deutsch', 'subathon', 'Satire']",2026-10-09,05-30-46,Friday
317066067540,1054415821,wofyvupov4,29452,Virtual Casino,1437,2026-10-08T07:50:52Z,pt,['Português'],2026-10-09,05-30-46,Friday
321762701914,114942381,coopertv,32399,Counter-Strike,1436,2026-10-08T19:11:21Z,en,['English'],2026-10-09,05-30-46,Friday
318316244184,16689163,criken,474709880,STAR WARS: Galactic Racer,1427,2026-10-08T18:13:11Z,en,"['Comfy', 'Roleplay', 'Interactive', 'English', 'Homegrown', 'DropsEnabled']",2026-10-09,05-30-46,Friday
318316613976,474375619,lewislefou,509658,Just Chatting,1426,2026-10-08T19:36:35Z,fr,"['Français', 'DropsActivés']",2026-10-09,05-30-46,Friday
321881422043,187193172,zlaner,464339927,ARC Raiders,1413,2026-10-08T11:51:38Z,en,"['warzone', 'calldofduty', 'blackkops6', 'gaming', 'English', 'optic', 'arcraiders', 'eldenring', 'DropsEnabled']",2026-10-09,05-30-46,Friday
318735198823,173044445,servos_,32982,Grand Theft Auto V,1405,2026-10-08T18:09:54Z,el,"['greek', 'Ελληνικά', 'English', 'Greece']",2026-10-09,05-30-46,Friday
317959106788,161006524,marex,508455,Valheim,1395,2026-10-08T14:30:33Z,fr,"['Français', 'Evolve']",2026-10-09,05-30-46,Friday
318875570533,462386663,ocwsport,518203,Sports,1387,2026-10-08T20:56:44Z,it,"['Italiano', 'DropAbilitati']",2026-10-09,05-30-46,Friday
317618791287,558694386,powdur,509658,Just Chatting,1373,2026-10-08T19:01:26Z,en,"['English', 'vtuber', 'Comfy', 'Female', 'react', 'Elf', 'whìte', 'DropsEnabled']",2026-10-09,05-30-46,Friday
320714595680,133118594,mingo,460630,Rainbow Six Siege,1367,2026-10-08T15:10:36Z,en,"['English', 'jynxzi', 'DropsEnabled']",2026-10-09,05-30-46,Friday
317068972884,157644799,bandospapa,509658,Just Chatting,1367,2026-10-08T16:42:05Z,ru,"['Русский', 'DropsВключены']",2026-10-09,05-30-46,Friday
317958883300,43304416,hawnktv,18122,World of Warcraft,1367,2026-10-08T13:57:23Z,es,"['Classic', 'Español', 'tbcanniversary', 'TBC', 'TBCHARDCORE', 'wowclassic']",2026-10-09,05-30-46,Friday
318316223448,117349875,smallant,11557,The Legend of Zelda: Ocarina of Time,1363,2026-10-08T18:08:40Z,en,['English'],2026-10-09,05-30-46,Friday
318316035800,526832402,wakewilder,32982,Grand Theft Auto V,1360,2026-10-08T17:24:11Z,en,"['English', 'NoPixel', 'DropsEnabled']",2026-10-09,05-30-46,Friday
317026489430,806175043,lizabaktt,509658,Just Chatting,1351,2026-10-08T20:41:58Z,ru,"['Русский', 'DropsВключены']",2026-10-09,05-30-46,Friday
317025125462,230768385,follentass,115977,The Witcher 3: Wild Hunt,1351,2026-10-08T17:01:29Z,ru,"['Русский', 'IRL', 'DropsВключены']",2026-10-09,05-30-46,Friday
318316148952,148414764,astralspiff,499537,Untitled Goose Game,1341,2026-10-08T17:51:09Z,en,['English'],2026-10-09,05-30-46,Friday
320666437212,29795919,nl_kripp,494436328,The Bazaar,1338,2026-10-08T19:34:14Z,en,['English'],2026-10-09,05-30-46,Friday
318923064038,1554628724,druckerboss,498566,Slots,1332,2026-10-08T09:24:06Z,de,['Deutsch'],2026-10-09,05-30-46,Friday
320573962078,43650535,zwebackhd,123184772,EA Sports FC 27,1329,2026-10-08T22:15:43Z,en,"['FIFA', 'SPORTS', 'SOCCER', 'English', 'FC']",2026-10-09,05-30-46,Friday
317070729940,705548140,etherealblxde,29595,Dota 2,1328,2026-10-08T20:18:10Z,ru,"['10kmmr', 'ethereal', 'Русский']",2026-10-09,05-30-46,Friday
317959752035,757102582,streamdatabase,547208385,Vaultbreakers,1325,2026-10-07T10:46:11Z,en,"['English', 'Stream', 'Database', 'Badge', 'DropsEnabled', 'TheCouch', 'Dragons', 'Dogma', 'II', 'Vaultbreakers']",2026-10-09,05-30-46,Friday
317070916308,61185995,znat51,32399,Counter-Strike,1319,2026-10-08T20:53:41Z,ru,"['Русский', 'znat51']",2026-10-09,05-30-46,Friday
317619277559,514775924,arrowcs,32399,Counter-Strike,1316,2026-10-08T20:32:51Z,en,"['English', 'Competitive']",2026-10-09,05-30-46,Friday
317962550372,147300700,baptistao,123184772,EA Sports FC 27,1316,2026-10-08T19:41:34Z,es,"['fútbol', 'fifa', 'Español', 'charlando', 'fc27']",2026-10-09,05-30-46,Friday
317619873271,168843586,primevideo,518203,Sports,1306,2026-10-08T22:20:21Z,en,"['English', 'PrimeVideo', 'NFL', 'sports', 'Football', 'DropsEnabled', 'bucs', 'cowboys']",2026-10-09,05-30-46,Friday
316119196904,500116931,zherarrr,12839,Heroes of Might and Magic III: The Restoration of Erathia,1303,2026-10-08T19:44:01Z,ru,"['Русский', 'HeroesofMightandMagicIII', 'Стратегии', 'общение', 'юмор', 'ролеваяигра', 'Киберспорт']",2026-10-09,05-30-46,Friday
318868310501,1554684632,breakoutbull,499634,Crypto,1295,2026-10-08T10:00:19Z,en,"['English', 'Crypto', 'Trade', 'Forex', 'Finance', 'Live']",2026-10-09,05-30-46,Friday
319502464087,419629719,lavelleofficial,1669431183,DJs,1292,2026-10-08T18:00:25Z,en,"['English', 'progressivehouse', 'MelodicHouseAndTechno', 'OrganicHouse', 'healingvibes', 'Prog', 'Trance', '420friendy', 'LurkerFriendly', 'DropsEnabled']",2026-10-09,05-30-46,Friday
316095203922,195942193,tyrone,32982,Grand Theft Auto V,1281,2026-10-08T14:43:40Z,en,"['English', 'British', 'capitalrp', 'plus44', 'gtarp', 'gta6']",2026-10-09,05-30-46,Friday
320718068320,24124090,datmodz,771448419,AION 2,1269,2026-10-08T20:46:39Z,en,"['AMA', 'English', 'DropsEnabled']",2026-10-09,05-30-46,Friday
321718934361,605677008,wasianiverson,513143,Teamfight Tactics,1269,2026-10-08T19:07:58Z,en,['English'],2026-10-09,05-30-46,Friday
318737894631,1188677689,furo99,509658,Just Chatting,1262,2026-10-08T21:16:58Z,de,"['Deutsch', 'DropsAktiviert']",2026-10-09,05-30-46,Friday
318874289893,636587384,alveussanctuary,272263131,"Animals, Aquariums, and Zoos",1258,2026-10-08T19:02:02Z,en,"['English', 'TogetherForGood', 'purplemartins', 'Charity', 'DropsEnabled']",2026-10-09,05-30-46,Friday
321882582491,27914226,indoorscream,32982,Grand Theft Auto V,1255,2026-10-08T15:39:45Z,en,"['English', 'Roleplay', 'GTARP', 'UK', 'fivem', 'Scottish', 'LGBTQIAPlus', 'RedM', 'MedievalRP', 'NoPixelV']",2026-10-09,05-30-46,Friday
318737158375,126902046,lobanjicaa,498566,Slots,1255,2026-10-08T20:06:31Z,en,"['English', 'funny', 'counterstrike', 'cs2', 'reactions', 'csgo']",2026-10-09,05-30-46,Friday
316619533299,41670870,mrtiboute,2142646770,Silver Pines,1246,2026-10-08T20:19:16Z,fr,"['Français', 'Phasmophobia', 'horrrorgames', 'horreur', 'Horror']",2026-10-09,05-30-46,Friday
317960500708,276821855,nuclol,21779,League of Legends,1242,2026-10-08T17:11:44Z,fr,"['problematique', 'arabe', 'zebi', 'fr', 'eng', 'soin', 'moche', 'étrange', 'lutin', 'Français']",2026-10-09,05-30-46,Friday
320666660700,1124490553,moomooclover,1966055328,Fears to Fathom - Scratch Creek,1241,2026-10-08T19:57:36Z,en,"['Vtuber', 'Cozy', 'yapping', 'English', 'Live2D', 'silly']",2026-10-09,05-30-46,Friday
319246655988,58115154,mount,509658,Just Chatting,1233,2026-10-08T18:32:29Z,pt,"['Português', 'DropsAtivados']",2026-10-09,05-30-46,Friday
318928509030,49632767,blitzstream,743,Chess,1231,2026-10-08T18:05:50Z,fr,"['Échecs', 'Chess', 'Français']",2026-10-09,05-30-46,Friday
319116623734,64390837,zeusghostz,386821,Black Desert,1229,2026-10-08T10:44:58Z,pt,"['Português', 'DropsAtivados']",2026-10-09,05-30-46,Friday
317617864439,47972131,choice,386821,Black Desert,1226,2026-10-08T15:44:32Z,en,"['English', 'Choice', 'BlackDesert', 'DropsEnabled']",2026-10-09,05-30-46,Friday
318928334694,1543074470,bzetbros_emre,509658,Just Chatting,1216,2026-10-08T17:56:56Z,en,"['bzetbros', 'emre', 'rawseason', 'justchatting', 'DropsEnabled', 'Deutsch', 'English']",2026-10-09,05-30-46,Friday
319246985844,1088633937,brederodess,19619,Tibia,1214,2026-10-08T19:14:56Z,pt,"['Tibia', 'rubinot', 'Português']",2026-10-09,05-30-46,Friday
316988991573,1333807261,ksufee,509658,Just Chatting,1213,2026-10-08T17:05:51Z,ru,"['Русский', 'anime', 'girl', 'English', 'девушка', 'girlstreamer', 'Аниме', 'Косплей', 'Cosplay', 'общение']",2026-10-09,05-30-46,Friday
319118748022,26857029,hastad,21779,League of Legends,1205,2026-10-08T18:37:10Z,pt,"['Português', 'lol', 'Vayne', 'ADC', 'raze', 'CS2', 'leagueoflegends']",2026-10-09,05-30-46,Friday
319502981207,60672785,robinsongz,513143,Teamfight Tactics,1200,2026-10-08T19:19:54Z,en,"['young', 'actuallyold', 'English']",2026-10-09,05-30-46,Friday
320569970270,61602430,iampopularstranger,670138298,Madden NFL 27,1200,2026-10-08T15:43:36Z,en,"['AmericanFootball', 'Madden', 'MaddenStreamer', 'English', 'DropsEnabled']",2026-10-09,05-30-46,Friday
317021950038,1054415883,nypeguhud1,29452,Virtual Casino,1193,2026-10-08T07:49:01Z,pt,['Português'],2026-10-09,05-30-46,Friday
319503220567,21302211,venruki,18122,World of Warcraft,1177,2026-10-08T19:55:43Z,en,['English'],2026-10-09,05-30-46,Friday
319117698422,71934478,neskwga,460630,Rainbow Six Siege,1176,2026-10-08T15:28:51Z,pt,"['Português', 'DropsAtivados']",2026-10-09,05-30-46,Friday
318315520984,81413527,vegas,2132205352,Deadlock,1173,2026-10-08T15:28:26Z,en,"['English', 'silly', 'peak', 'femboy', 'Eternus']",2026-10-09,05-30-46,Friday
319501618775,13576693,frodan,513143,Teamfight Tactics,1168,2026-10-08T15:27:25Z,en,"['English', 'lilia', 'Unlucky', 'unemployed', 'DadGamer']",2026-10-09,05-30-46,Friday
319502294231,60978448,dogdog,513143,Teamfight Tactics,1167,2026-10-08T17:33:13Z,en,['English'],2026-10-09,05-30-46,Friday
318924620518,1540299592,r2onlinerise,502829,R2 Online: Reign of Revolution,1166,2026-10-08T12:54:15Z,ru,['Русский'],2026-10-09,05-30-46,Friday
316157941353,106013742,pestily,491931,Escape from Tarkov,1164,2026-10-08T18:15:17Z,en,['English'],2026-10-09,05-30-46,Friday
320667790172,681384353,feirlygab,27471,Minecraft,1157,2026-10-08T21:42:52Z,es,"['Español', 'dedsafio']",2026-10-09,05-30-46,Friday
318733395687,38378829,kapuzenwurm,23311496,Clive Barker's Hellraiser: Revival,1156,2026-10-08T16:28:50Z,de,['Deutsch'],2026-10-09,05-30-46,Friday
317026755158,64023526,del1ght,32399,Counter-Strike,1152,2026-10-08T21:48:27Z,ru,['Русский'],2026-10-09,05-30-46,Friday
321714365145,61765204,xenosysvex,771448419,AION 2,1151,2026-10-08T05:11:33Z,en,"['English', 'bald', 'FFXIV', 'tank', 'DropsEnabled']",2026-10-09,05-30-46,Friday
320570867678,138883340,curvyelephant,32982,Grand Theft Auto V,1143,2026-10-08T17:27:31Z,en,['English'],2026-10-09,05-30-46,Friday
318864523109,106159308,gronkhtv,497057,Destiny 2,1140,2026-10-07T21:14:49Z,de,['Deutsch'],2026-10-09,05-30-46,Friday
318315430744,40980097,faux,2083,RuneScape,1137,2026-10-08T15:04:51Z,en,['English'],2026-10-09,05-30-46,Friday
319500757975,25700411,vert,771448419,AION 2,1136,2026-10-08T11:24:34Z,en,"['English', 'DropsEnabled']",2026-10-09,05-30-46,Friday
316990567893,1349723141,yung777mockba,32399,Counter-Strike,1136,2026-10-08T21:00:42Z,ru,"['Русский', 'gta', 'gta5rp', 'янг', 'yung']",2026-10-09,05-30-46,Friday
317618487415,42296879,datto,2132205352,Deadlock,1131,2026-10-08T18:01:38Z,en,"['English', 'aioptedout', 'deadlock', 'Variety']",2026-10-09,05-30-46,Friday
317974104547,142564043,tayoh_,1763263,nanos world,1129,2026-10-08T19:37:45Z,fr,['Français'],2026-10-09,05-30-46,Friday
318732964199,116882497,mirza_jahic,123184772,EA Sports FC 27,1112,2026-10-08T16:00:24Z,de,"['Deutsch', 'EA', 'EASPORTSFC', 'fc27', 'EAFC27', 'ultimateteam', 'Fussball']",2026-10-09,05-30-46,Friday
318725905895,1227964961,zarbex_tv,93798731,F1 25,1111,2026-10-07T21:15:15Z,de,['Deutsch'],2026-10-09,05-30-46,Friday
317023519958,140401920,ellvi,771448419,AION 2,1108,2026-10-08T13:13:37Z,ru,"['Русский', 'DropsВключены']",2026-10-09,05-30-46,Friday
318736767207,29750090,paoloidolo,509658,Just Chatting,1104,2026-10-08T19:37:34Z,it,"['JUST', 'CHATTING', 'QUATTRO', 'CHIACCHIERE', 'PAOLOCANNONE', 'PAOLOIDOLO', 'ITALIANO', 'DRAMA', 'Italiano', 'DropAbilitati']",2026-10-09,05-30-46,Friday
321762558298,551903390,elpina_gg,1441208453,Once Human,1102,2026-10-08T18:53:06Z,es,"['México', 'Latino', 'streamer', 'zombie', 'gameplay', 'charlando', 'NarakaPartner', 'inglish', 'English', 'Español']",2026-10-09,05-30-46,Friday
321719719897,87532535,sincerelyaurora,1960720223,SILENT HILL: townfall,1098,2026-10-08T20:31:17Z,en,"['Vtuber', 'feet', 'Anime', 'furry', 'girl', 'ENVtuber', 'brat', 'Autism', 'female', 'real']",2026-10-09,05-30-46,Friday
318927617766,55134379,qucee,512980,Fall Guys,1096,2026-10-08T17:08:16Z,nl,['Nederlands'],2026-10-09,05-30-46,Friday
319175560309,132106826,rainbow6br,460630,Rainbow Six Siege,1094,2026-10-08T20:19:37Z,pt,"['Esports', 'Português', 'DropsAtivados']",2026-10-09,05-30-46,Friday
321764152154,1017108797,flowtives,27471,Minecraft,1094,2026-10-08T21:33:38Z,en,"['English', 'Ally', 'PvP', 'StrengthSMP', 'altarsmp', 'LifestealSMP', 'unstablesmp', 'UHC', 'pvphq', 'moneysmp']",2026-10-09,05-30-46,Friday
317972255715,655890726,tatiana_tv,32982,Grand Theft Auto V,1093,2026-10-08T17:26:35Z,fr,['Français'],2026-10-09,05-30-46,Friday
318737417575,40135340,ernesto,123184772,EA Sports FC 27,1090,2026-10-08T20:28:23Z,de,['Deutsch'],2026-10-09,05-30-46,Friday
318733654759,448483289,ponyaaaa,29595,Dota 2,1090,2026-10-08T16:46:26Z,ru,['Русский'],2026-10-09,05-30-46,Friday
317942390754,59036533,biggysweats,1264310518,Marvel Rivals,1089,2026-10-08T17:03:50Z,en,"['English', 'DropsEnabled', 'marvelrivals', 'competitive', 'ranked', 'pvp', 'highenergy', 'varietystreamer']",2026-10-09,05-30-46,Friday
318927895782,793157866,sarahtoninx9,509658,Just Chatting,1086,2026-10-08T17:28:02Z,de,"['Deutsch', 'german', 'justchattıng', 'BRAINROT', 'yapping', 'ragebait', 'Politik', 'reaction', 'react', 'DropsAktiviert']",2026-10-09,05-30-46,Friday
317963900260,132279966,tvander,474709880,STAR WARS: Galactic Racer,1086,2026-10-08T21:39:18Z,es,['Español'],2026-10-09,05-30-46,Friday
318874490085,121555768,teknoyd,509658,Just Chatting,1082,2026-10-08T19:15:45Z,it,"['italiano', 'openeworld', 'Avventure', 'giocodiruolo', 'Italiano', 'RP', 'DropAbilitati']",2026-10-09,05-30-46,Friday
319502930391,91855934,angelknivez,32982,Grand Theft Auto V,1077,2026-10-08T19:11:52Z,en,"['roleplay', 'black', 'English', 'women', 'egirl', 'girlgamer', 'Roleplay']",2026-10-09,05-30-46,Friday
318927418086,29468517,pago3,32399,Counter-Strike,1069,2026-10-08T16:57:11Z,pl,"['Polski', 'English']",2026-10-09,05-30-46,Friday
321716370521,30214074,jeffhoogland,1743359147,MARVEL SNAP,1061,2026-10-08T13:34:26Z,en,"['English', 'DropsEnabled']",2026-10-09,05-30-46,Friday
317960869348,96324761,berlu,32982,Grand Theft Auto V,1058,2026-10-08T17:44:42Z,fr,"['Français', 'RP', 'gta5rp', 'pétanque', 'banane', 'troll']",2026-10-09,05-30-46,Friday
318925041638,1299481072,ml_247,515025,Overwatch,1055,2026-10-08T13:36:26Z,en,"['English', 'Rerun', 'ml7', 'mL7support', 'overwatch']",2026-10-09,05-30-46,Friday
318730604007,190988616,asleyia,771448419,AION 2,1051,2026-10-08T12:37:34Z,de,"['Deutsch', 'gamergirl', 'DropsAktiviert']",2026-10-09,05-30-46,Friday
317972706531,94124693,cass_andre,509658,Just Chatting,1051,2026-10-08T18:04:03Z,fr,"['LGBTQI', 'React', 'Français', 'DropsActivés']",2026-10-09,05-30-46,Friday
318873258853,836843004,rouszztrash,29595,Dota 2,1050,2026-10-08T17:56:50Z,ru,['Русский'],2026-10-09,05-30-46,Friday
319174132853,956784486,surskity11,509658,Just Chatting,1049,2026-10-08T16:29:43Z,pt,"['Português', 'justcchatting', 'Brasil', 'DropsAtivados']",2026-10-09,05-30-46,Friday
318923715046,603050806,m1xerboy,509672,IRL,1048,2026-10-08T11:01:59Z,ru,['Русский'],2026-10-09,05-30-46,Friday
318730166375,161580815,zg__,435870350,Dragon's Dogma II,1048,2026-10-08T11:44:30Z,en,"['DropsEnable', 'English', 'SUBtemeber', 'drops', 'Badge', 'FrekiFriend', 'TheDragonsDogma', 'DropsEnabled']",2026-10-09,05-30-46,Friday
320572388446,26696343,coney,843201057,Police Simulator: Patrol Officers,1042,2026-10-08T20:07:43Z,en,"['English', 'handsome', 'youthful', 'engaging', 'consciencious', 'goodwithpets', 'gaming', 'NOTPREGNANT', 'DropsEnabled']",2026-10-09,05-30-46,Friday
320716116832,42583390,xchocobars,27471,Minecraft,1040,2026-10-08T17:53:48Z,en,"['English', 'xRizzBars', 'StingerQueen', 'DropsEnabled', 'TARJAN']",2026-10-09,05-30-46,Friday
318929770598,1209791823,dianvegas1,269774996,Slots Casino Game,1033,2026-10-08T19:31:05Z,de,['Deutsch'],2026-10-09,05-30-46,Friday
318930888038,43182988,cyberfocus,32399,Counter-Strike,1032,2026-10-08T21:01:09Z,ru,"['Русский', 'Киберспорт']",2026-10-09,05-30-46,Friday
319503032151,42022015,nakkida,32982,Grand Theft Auto V,1032,2026-10-08T19:27:49Z,en,['English'],2026-10-09,05-30-46,Friday
318873511909,144107533,bassistentje,2023301131,CreatorSMP,1030,2026-10-08T18:10:50Z,nl,['Nederlands'],2026-10-09,05-30-46,Friday
317943032546,88257023,skylordzoey,489170,DARK SOULS II: Scholar of the First Sin,1028,2026-10-08T18:03:59Z,en,"['Trans', 'Transgender', 'LGBTQIAPlus', 'English', 'Vtuber', 'Quirky', 'Loud', 'Vtuber', 'NoGenAI']",2026-10-09,05-30-46,Friday
317962427876,95263266,mohleking,123184772,EA Sports FC 27,1021,2026-10-08T19:30:56Z,fr,['Français'],2026-10-09,05-30-46,Friday
316074534097,59685493,cohh,499973,Always On,1020,2026-10-08T11:59:53Z,en,"['ReRun', 'Cozy', 'GoodVibes', 'SFW', 'Parent', 'Chill', 'English']",2026-10-09,05-30-46,Friday
316987703765,444489548,darknikoff,401587136,Arena Breakout: Infinite,1018,2026-10-08T14:14:21Z,ru,"['dark', 'darknikoff', 'darknik', 'Русский', 'DropsВключены']",2026-10-09,05-30-46,Friday
320666151516,948230892,matarakan,509658,Just Chatting,1015,2026-10-08T19:02:46Z,en,"['Vtuber', 'English', 'Drops', 'DropsEnabled']",2026-10-09,05-30-46,Friday
318930847718,138490205,looney,32982,Grand Theft Auto V,1011,2026-10-08T20:57:56Z,de,"['Deutsch', 'gta', 'RP', 'Rollenspiel', 'GTAVFiveM', 'gambling', 'slots', 'English']",2026-10-09,05-30-46,Friday
318734861287,121676028,ashlizzlle,2748,Magic: The Gathering,1011,2026-10-08T17:53:25Z,en,"['English', 'LGBTQ']",2026-10-09,05-30-46,Friday
320572834398,514376823,dj_smooth1234,1669431183,DJs,1007,2026-10-08T20:51:01Z,en,"['dancehall', 'jamaican', 'SOULS', 'RNB', 'REGGAE', 'SOCA', 'English', 'DropsEnabled']",2026-10-09,05-30-46,Friday
320665280860,1200831758,caseoh247,509658,Just Chatting,1007,2026-10-08T17:33:10Z,en,"['caseoh', 'Caseohgames', 'VOD', 'reruns', 'Rerun', 'English', 'DropsEnabled']",2026-10-09,05-30-46,Friday
317943158370,452454652,nikos,32982,Grand Theft Auto V,999,2026-10-08T18:15:41Z,fr,['Français'],2026-10-09,05-30-46,Friday
318731614311,449455341,elquaria,21779,League of Legends,994,2026-10-08T14:09:47Z,de,"['gamergirl', 'Schweiz', 'Deutsch', 'justchatting', 'valorant', 'Horror', 'Shooter']",2026-10-09,05-30-46,Friday
318732761575,114010306,mulder,491487,Dead by Daylight,987,2026-10-08T15:47:16Z,ru,"['Русский', 'DropsВключены']",2026-10-09,05-30-46,Friday
320715341664,1076369409,jakeydavies,509658,Just Chatting,986,2026-10-08T16:34:07Z,en,"['English', '67enthusiast', 'DropsEnabled']",2026-10-09,05-30-46,Friday
318730407143,524953193,d1pro4,509658,Just Chatting,978,2026-10-08T12:15:28Z,ru,"['Русский', 'DropsВключены']",2026-10-09,05-30-46,Friday
320572157406,562723403,strawberrytabby,509658,Just Chatting,973,2026-10-08T19:45:35Z,en,"['English', 'ASMR', 'Woman', 'girl', 'DropsEnabled']",2026-10-09,05-30-46,Friday
318865763685,162151864,klupatwins,509658,Just Chatting,973,2026-10-08T00:20:58Z,de,"['Deutsch', 'just', 'chatting', 'zwillinge', 'reactions', 'rp', 'news', 'gaming', 'Diskussion', 'Gruselspiele']",2026-10-09,05-30-46,Friday
319118255734,214147478,norgannonhh,464339927,ARC Raiders,969,2026-10-08T17:12:20Z,es,"['Español', 'MMORPG', 'Argentina', 'Drops', 'PvP', 'Gameplay', 'Noticias', 'Multijugador', 'ArcRaiders', 'Videojuegos']",2026-10-09,05-30-46,Friday
321761175130,14410317,ezekiel_iii,23311496,Clive Barker's Hellraiser: Revival,969,2026-10-08T15:53:41Z,en,"['English', 'ADHD', 'humor', 'ClosedCaptions']",2026-10-09,05-30-46,Friday
317070811092,809107579,syslov171,509658,Just Chatting,965,2026-10-08T20:32:44Z,ru,"['Русский', 'DropsВключены']",2026-10-09,05-30-46,Friday
320664878044,126632539,katevolved,21779,League of Legends,964,2026-10-08T16:48:59Z,en,"['English', 'WomensRights', 'Vtuber', 'Manipulator', 'Gaslighting', 'ManicDepression', 'Masculine', 'Schizophrenia', 'Katarina', 'GODCOMPLEX']",2026-10-09,05-30-46,Friday
320665965148,81628627,gladd,508455,Valheim,962,2026-10-08T18:45:38Z,en,"['English', 'Relatable', 'Chill', 'ChallengeRun', 'Unfiltered', 'DropsEnabled']",2026-10-09,05-30-46,Friday
319503414487,1527327,sajam,774680424,2XKO,961,2026-10-08T20:22:48Z,en,['English'],2026-10-09,05-30-46,Friday
318928924390,574355970,danergy,509658,Just Chatting,957,2026-10-08T18:32:30Z,de,"['Deutsch', 'DropsAktiviert']",2026-10-09,05-30-46,Friday
321718388825,808631627,deedge_live,421472783,Normal Golf Game,946,2026-10-08T18:08:01Z,en,['English'],2026-10-09,05-30-46,Friday
318874699237,133208673,redpandash,401587136,Arena Breakout: Infinite,945,2026-10-08T19:31:53Z,ru,"['Русский', 'PvP', 'вайбик', 'разговор', 'DropsВключены']",2026-10-09,05-30-46,Friday
319503012183,157993775,kiva,32982,Grand Theft Auto V,942,2026-10-08T19:24:09Z,en,['English'],2026-10-09,05-30-46,Friday
318729549415,51529432,cepreu_inq,771448419,AION 2,940,2026-10-08T10:13:31Z,ru,"['Русский', 'Аниме', 'MMORPG', 'Shotergame', 'poe2', 'PoE', 'Build', 'PathOfExile', 'drops', 'Rust']",2026-10-09,05-30-46,Friday
319502352727,138498363,apply,515025,Overwatch,939,2026-10-08T17:43:48Z,en,"['English', 'handsome', 'DropsEnabled']",2026-10-09,05-30-46,Friday
319502169687,24991333,imaqtpie,513143,Teamfight Tactics,935,2026-10-08T17:09:16Z,en,['English'],2026-10-09,05-30-46,Friday
317974944739,74258289,joliveira10,123184772,EA Sports FC 27,934,2026-10-08T20:58:46Z,pt,"['Português', 'benfica', 'Porto', 'Futebol']",2026-10-09,05-30-46,Friday
319501750231,451856419,hpduketv,32982,Grand Theft Auto V,926,2026-10-08T15:56:15Z,en,['English'],2026-10-09,05-30-46,Friday
318736341479,135558945,mortenroyale,491168,Clash Royale,925,2026-10-08T19:11:52Z,de,['Deutsch'],2026-10-09,05-30-46,Friday
316990075989,174053656,fandercs,464339927,ARC Raiders,924,2026-10-08T19:26:39Z,ru,"['Русский', 'DropsВключены']",2026-10-09,05-30-46,Friday
319119594742,164925448,gaubera,29452,Virtual Casino,923,2026-10-08T20:46:44Z,pt,"['Português', 'Inglês']",2026-10-09,05-30-46,Friday
317941871970,53404144,senimj,65632,DayZ,921,2026-10-08T16:09:14Z,en,"['PvP', 'Survival', 'Zombies', 'Portuguese', 'Portugal', 'Chatty', 'Kpop', 'English', 'FriendlyCommunity', 'DropsEnabled']",2026-10-09,05-30-46,Friday
321884562651,123721524,juicy,491168,Clash Royale,921,2026-10-08T19:53:56Z,en,"['ADHD', 'English', 'Ranked', 'Strategy', 'chill', 'goodevibes', 'Educational', 'topladder', 'funny']",2026-10-09,05-30-46,Friday
321762446170,35780889,simply,2692,Super Mario 64,916,2026-10-08T18:38:12Z,en,['English'],2026-10-09,05-30-46,Friday
319248792948,966992675,frankitoslots,498566,Slots,914,2026-10-08T22:23:49Z,es,['Español'],2026-10-09,05-30-46,Friday
319503708503,272168411,renrize,27471,Minecraft,913,2026-10-08T20:57:21Z,es,"['Español', 'locura', 'México', 'TiaRen']",2026-10-09,05-30-46,Friday
316123335635,852880224,cerbervt,509658,Just Chatting,907,2026-10-08T21:35:01Z,en,"['VTuber', 'English', 'Wholesome', 'Positivity', 'DropsEnabled']",2026-10-09,05-30-46,Friday
317025148886,41295894,nostoro,23311496,Clive Barker's Hellraiser: Revival,905,2026-10-08T17:03:43Z,ru,['Русский'],2026-10-09,05-30-46,Friday
317974501475,1103357721,fousseyd,21779,League of Legends,902,2026-10-08T20:11:18Z,fr,"['Français', 'Foussey', 'solide', 'Pengfei']",2026-10-09,05-30-46,Friday
318925267302,88107116,muhanjan,27471,Minecraft,891,2026-10-08T13:59:14Z,ru,"['Русский', 'Казахстан', 'DropsВключены']",2026-10-09,05-30-46,Friday
317973878627,1135402907,imow,401587136,Arena Breakout: Infinite,891,2026-10-08T19:20:28Z,en,"['ABI', 'English', 'imow', 'DropsEnabled']",2026-10-09,05-30-46,Friday
320716997216,116897130,kaitiac,65632,DayZ,890,2026-10-08T19:14:09Z,en,"['English', 'DropsEnabled']",2026-10-09,05-30-46,Friday
317614242167,39464264,aplatypuss,23311496,Clive Barker's Hellraiser: Revival,885,2026-10-08T02:06:19Z,en,['English'],2026-10-09,05-30-46,Friday
318929338726,185460415,poly,903469103,Batomon Showdown,882,2026-10-08T19:00:55Z,it,"['Italiano', 'testaquadra', 'rubik']",2026-10-09,05-30-46,Friday
321717428953,81463115,kotton,743893402,WARDOGS,880,2026-10-08T16:13:05Z,en,"['English', 'fps', 'survival', 'Strategy', '1440p', '2k']",2026-10-09,05-30-46,Friday
317070424148,897997770,ananasasmr,509659,ASMR,878,2026-10-08T19:30:11Z,ru,"['Русский', 'English', 'ASMR', 'АСМР']",2026-10-09,05-30-46,Friday
316989635157,613344450,togetherdl,2132205352,Deadlock,877,2026-10-08T18:22:21Z,ru,"['Русский', 'English', 'deadlock']",2026-10-09,05-30-46,Friday
317945314530,149393615,spear_shot,13332,Pokémon FireRed/LeafGreen,876,2026-10-08T21:12:45Z,en,"['English', 'DropsEnabled']",2026-10-09,05-30-46,Friday
318737752167,625831970,basssultanhengzt45,498566,Slots,875,2026-10-08T21:01:43Z,de,['Deutsch'],2026-10-09,05-30-46,Friday
316094937682,440985624,wolfeei,2023301131,CreatorSMP,875,2026-10-08T12:52:11Z,en,"['blockwars', 'minecraft', 'dutch', 'Creatorsmp', 'mcc', 'English', 'lifestealworld']",2026-10-09,05-30-46,Friday
321764483546,734475821,tonystatovci,509658,Just Chatting,869,2026-10-08T22:01:31Z,en,"['English', 'DropsEnabled']",2026-10-09,05-30-46,Friday
317974715491,198363811,polispol1,506456,Satisfactory,868,2026-10-08T20:32:34Z,es,"['Español', 'Ambassadors', 'English', 'TwitchAmbassador', 'geoguessr']",2026-10-09,05-30-46,Friday
319115764726,84212120,yulla,488634,Don't Starve Together,867,2026-10-08T05:36:55Z,pt,['Português'],2026-10-09,05-30-46,Friday
316119131624,25575995,mathil1,503932,Last Epoch,867,2026-10-08T19:09:25Z,en,['English'],2026-10-09,05-30-46,Friday
318737645671,686205120,heymayumi,624536948,EA Sports FC 26,864,2026-10-08T20:51:15Z,pt,"['English', 'Português', 'roblox']",2026-10-09,05-30-46,Friday
318930066662,449051286,bondarenk01,509658,Just Chatting,862,2026-10-08T19:54:06Z,ru,"['Русский', 'DropsВключены']",2026-10-09,05-30-46,Friday
320572695902,255727514,th3beardedbaron,518184,Phasmophobia,862,2026-10-08T20:37:44Z,en,"['English', 'Veteran', 'CultDaddy', 'Giveaways', 'streamoween', 'DropsEnabled']",2026-10-09,05-30-46,Friday
317070727764,805119832,chud_vr,499003,VRChat,860,2026-10-08T20:17:37Z,en,['English'],2026-10-09,05-30-46,Friday
320663479900,78989410,zajef77,513181,Genshin Impact,855,2026-10-08T13:51:23Z,en,"['English', 'DropsEnabled']",2026-10-09,05-30-46,Friday
321886213083,116706369,mictia00,27471,Minecraft,855,2026-10-08T22:12:11Z,es,"['Ama', 'comer', 'charlar', 'multijugador', 'espectadores', 'Español', 'DropsActivados']",2026-10-09,05-30-46,Friday
316156145129,175865119,benfruit,65632,DayZ,854,2026-10-08T08:58:57Z,en,"['English', 'DropsEnabled']",2026-10-09,05-30-46,Friday
318924438630,103179576,fr3ddy,27546,World of Tanks,854,2026-10-08T12:33:43Z,de,"['Panzer', 'WoT', 'WorldofTanks', 'Drops', 'Dropsaktiviert', 'Deutsch', 'DropsAktiviert']",2026-10-09,05-30-46,Friday
318875590501,211413076,r0o08,505884,PUBG MOBILE,852,2026-10-08T20:58:59Z,ar,['العربية'],2026-10-09,05-30-46,Friday
317067565780,280197012,alle,491931,Escape from Tarkov,851,2026-10-08T13:35:50Z,en,"['THEBEST', 'LABS', 'SCHIZOMODE', 'NOONEISBETTER', 'aimbotting', 'betterthanyou', 'English', 'NEVERGOON', 'Top1MostHumble']",2026-10-09,05-30-46,Friday
321886147163,40797938,kirsche,626298054,Machine Party,846,2026-10-08T22:07:32Z,en,"['vtuber', 'CripplingAutismGang', 'TriggerWarning', 'MentallyDisabled', 'finsub', 'Educational', 'EthicalJournalism', 'WhiteDemon', 'ForeskinDenial', 'DryBeating']",2026-10-09,05-30-46,Friday
320716161376,120023112,hydron,515025,Overwatch,845,2026-10-08T17:57:59Z,en,"['Autism', 'Brazilian', 'Dominican', 'DropsEnabled', 'English']",2026-10-09,05-30-46,Friday
319504019287,277057209,murdercrumpet,499003,VRChat,844,2026-10-08T21:30:07Z,en,"['English', 'Vtuber', 'LGBT', 'vrchat', 'funny', 'Furry', 'ASMR', 'Wiggler', 'Anime', 'NoPixelV']",2026-10-09,05-30-46,Friday
317958874724,35632770,luuxia,18122,World of Warcraft,843,2026-10-08T13:55:54Z,fr,['Français'],2026-10-09,05-30-46,Friday
317961983460,73522739,phyzikk,512710,Call of Duty: Warzone,843,2026-10-08T18:59:45Z,fr,['Français'],2026-10-09,05-30-46,Friday
318735895655,887905545,kharkivets,509658,Just Chatting,841,2026-10-08T18:47:40Z,uk,"['Українська', 'DropsУвімкнено']",2026-10-09,05-30-46,Friday
319119086070,671232760,jennyprioli,509658,Just Chatting,840,2026-10-08T19:31:01Z,pt,"['Português', 'DropsAtivados']",2026-10-09,05-30-46,Friday
317943695586,94830708,sura,32982,Grand Theft Auto V,835,2026-10-08T18:58:06Z,fr,"['Français', 'flashback', 'FlashbackWL', 'Rediffusion']",2026-10-09,05-30-46,Friday
321719070041,24482705,raxxanterax,503932,Last Epoch,834,2026-10-08T19:23:23Z,en,['English'],2026-10-09,05-30-46,Friday
318733791463,36998510,rob2628,515024,Diablo IV,831,2026-10-08T16:54:10Z,en,"['English', 'Deutsch', 'ARPG', 'DropsEnable']",2026-10-09,05-30-46,Friday
318928791782,742062238,ruethtv,32982,Grand Theft Auto V,831,2026-10-08T18:24:33Z,de,"['Deutsch', 'Roleplay', 'Rueth', 'Rüd', 'GTARP', 'RP', 'NarcoCity', 'NC']",2026-10-09,05-30-46,Friday
318734339047,94651182,moauba,123184772,EA Sports FC 27,830,2026-10-08T17:24:07Z,de,"['Deutsch', 'English', 'arabıc', 'eafc27', 'ea', 'eaesports', 'pro']",2026-10-09,05-30-46,Friday
319502473175,694413391,kanekolumi,1357871551,The Blood of Dawnwalker,829,2026-10-08T18:01:26Z,en,"['English', 'GlueSniffer', 'FemaleRedditor', 'Vtuber', 'GnomeAppreciator', 'LemonStealer', 'ParticipationPrincess', 'DrySandyToothy', 'FatNasty', 'WhyAreYourFingersBlue']",2026-10-09,05-30-46,Friday
317974851939,484249913,ikiimartin,123184772,EA Sports FC 27,824,2026-10-08T20:48:31Z,es,"['Iki', 'IkiMartin', 'Ikifurbo', 'Ikitwitch', 'Ikiimartin', 'Andalucia', 'Andaluz', 'España', 'Español']",2026-10-09,05-30-46,Friday
319176168309,1078201828,tubaraozn,29452,Virtual Casino,824,2026-10-08T21:43:00Z,pt,"['Português', 'cassino', 'slots', 'bet', 'aposta']",2026-10-09,05-30-46,Friday
320572314334,672366427,beribug,509658,Just Chatting,823,2026-10-08T20:01:03Z,en,"['English', 'Vtuber', 'mischievous', 'tummyachesurvivor', 'estrogen', 'bug', 'menhera', 'creepbyradiohead', 'cortisolspike', 'evilseason2026']",2026-10-09,05-30-46,Friday
316988221653,71336,robbaz,31339,Project Zomboid,822,2026-10-08T15:35:43Z,en,['English'],2026-10-09,05-30-46,Friday
317619711607,160538649,faith,509658,Just Chatting,820,2026-10-08T21:52:58Z,en,"['findom', 'feet', 'Goddess', 'Woman', 'English', 'ginger', 'ASMR', 'IRL', 'Princess', 'DeadWeight']",2026-10-09,05-30-46,Friday
317619473399,159292184,venofn,33214,Fortnite,819,2026-10-08T21:08:45Z,en,['English'],2026-10-09,05-30-46,Friday
317960425188,440140011,twincytv,32982,Grand Theft Auto V,819,2026-10-08T17:04:39Z,fr,"['Français', 'FlashbackWL', 'GTARP', 'DropsActivés']",2026-10-09,05-30-46,Friday
321886315355,1352024332,b1gk3v718,602040818,NBA 2K27,817,2026-10-08T22:19:21Z,en,['English'],2026-10-09,05-30-46,Friday
321718457433,23946146,dolphinchemist,2142646770,Silver Pines,815,2026-10-08T18:15:32Z,en,"['English', 'genius', 'Esperanto', 'NoSpoilers']",2026-10-09,05-30-46,Friday
319119601782,143594052,tozeo,33214,Fortnite,815,2026-10-08T20:47:41Z,es,"['FPS', 'fortnite', 'tozeo', 'sebakira', 'Español', 'FNCS', 'ENCE']",2026-10-09,05-30-46,Friday
321763224154,59250665,brucegreene,23311496,Clive Barker's Hellraiser: Revival,811,2026-10-08T20:09:00Z,en,['English'],2026-10-09,05-30-46,Friday
317071079892,189795522,limitlessqt,29595,Dota 2,804,2026-10-08T21:27:39Z,ru,['Русский'],2026-10-09,05-30-46,Friday
316158346089,617224090,zorgo_hs,138585,Hearthstone,804,2026-10-08T21:45:46Z,en,"['Battlegrounds', 'Autobattler', 'English']",2026-10-09,05-30-46,Friday
320569851102,941159655,itsmoshimadden,670138298,Madden NFL 27,801,2026-10-08T15:27:52Z,en,"['EngIish', 'English', 'madden27', 'DropsEnabled']",2026-10-09,05-30-46,Friday
318733890919,664177022,tenma,499677,FAITH,801,2026-10-08T16:59:32Z,en,"['vtuber', 'anime', 'idk', 'tenma', 'English']",2026-10-09,05-30-46,Friday
317974773987,578207968,elyihi,518203,Sports,799,2026-10-08T20:39:38Z,es,"['English', 'Español', 'DropsActivados']",2026-10-09,05-30-46,Friday
319501139159,38958459,ceremor,65632,DayZ,798,2026-10-08T13:24:27Z,en,"['English', 'DropsEnabled']",2026-10-09,05-30-46,Friday
321763156058,27050161,nutreo,32982,Grand Theft Auto V,797,2026-10-08T20:02:12Z,en,"['NoPixel', 'NoPixelWL', 'GTARP', 'Roleplay', 'AMA', 'nopixelV', 'English']",2026-10-09,05-30-46,Friday
318731692135,216221783,anaaja,513143,Teamfight Tactics,794,2026-10-08T14:17:18Z,de,"['Deutsch', 'SafeSpace', 'toller', 'stream', 'deine', 'Mutter']",2026-10-09,05-30-46,Friday
317969573731,42852931,youmadsin,771448419,AION 2,793,2026-10-08T11:53:03Z,en,"['aion', 'aion2', 'mmo', 'kmmo', 'gaming', 'English', 'Dragon', 'DropsEnabled']",2026-10-09,05-30-46,Friday
316074249169,1105644736,jactha,2023301131,CreatorSMP,792,2026-10-08T10:30:03Z,nl,['Nederlands'],2026-10-09,05-30-46,Friday
317618512375,600888725,lordaethelstan,27471,Minecraft,790,2026-10-08T18:06:19Z,en,"['English', 'Vtuber', 'Anime', 'ENVtuber']",2026-10-09,05-30-46,Friday
318731670759,1033052690,fnrax,33214,Fortnite,789,2026-10-08T14:15:19Z,it,"['Italiano', 'Inglese', 'Fortnite']",2026-10-09,05-30-46,Friday
316158146793,64195856,paparatto18,1435206302,Slay the Spire II,787,2026-10-08T20:02:48Z,en,"['English', 'defectowns', 'nobbers', 'gaming', 'amid']",2026-10-09,05-30-46,Friday
317070100820,178091065,dedbaldesh,493959,Red Dead Redemption II,786,2026-10-08T18:46:28Z,ru,['Русский'],2026-10-09,05-30-46,Friday
321885867867,99723741,wayneradiotv,19976,MapleStory,785,2026-10-08T21:49:22Z,en,['English'],2026-10-09,05-30-46,Friday
317963340388,989961963,monsieurfoxx,509658,Just Chatting,783,2026-10-08T20:47:40Z,fr,"['fr', 'france', 'francais', 'french', 'irl', 'reel', 'prevention', 'Français']",2026-10-09,05-30-46,Friday
317972826467,526168468,mrsal_59,32982,Grand Theft Auto V,782,2026-10-08T18:12:48Z,fr,"['FlashbackWL', 'Français', '1440p']",2026-10-09,05-30-46,Friday
319119674742,194393386,edsonmalado,33214,Fortnite,780,2026-10-08T20:56:46Z,pt,['Português'],2026-10-09,05-30-46,Friday
318927748070,36811285,tobinatorlp,743893402,WARDOGS,778,2026-10-08T17:17:21Z,de,"['Deutsch', 'Tobinator', 'drops', 'bloodofdawnwalker', 'FirstPlaythrough', 'chill']",2026-10-09,05-30-46,Friday
321760861146,166633913,loldonatello,1264310518,Marvel Rivals,777,2026-10-08T15:01:58Z,en,"['top500', 'English', 'DropsEnabled']",2026-10-09,05-30-46,Friday
319119630326,1306466155,ryzelia,123184772,EA Sports FC 27,777,2026-10-08T20:51:04Z,en,['English'],2026-10-09,05-30-46,Friday
320665068892,39886669,oatsngoats,27284,Retro,775,2026-10-08T17:08:52Z,en,"['English', 'Retro', 'Speedrun']",2026-10-09,05-30-46,Friday
318730472679,101020771,repaz,21779,League of Legends,775,2026-10-08T12:23:49Z,de,['Deutsch'],2026-10-09,05-30-46,Friday
315595142000,139417491,woojungx4,509658,Just Chatting,772,2026-10-07T13:32:29Z,en,"['한국어', 'asia', 'dance', 'kpop', 'us', 'uk', 'kr', 'korea', 'eng', 'english']",2026-10-09,05-30-46,Friday
321763011290,44858482,mr_mammal,459931,Old School RuneScape,769,2026-10-08T19:47:44Z,en,"['English', 'lanscape']",2026-10-09,05-30-46,Friday
317944298082,819767825,legoml,494184,Mobile Legends: Bang Bang,769,2026-10-08T19:42:23Z,ru,"['Русский', 'mlbb']",2026-10-09,05-30-46,Friday
318737368807,159220850,baz1221,32399,Counter-Strike,769,2026-10-08T20:24:08Z,ru,['Русский'],2026-10-09,05-30-46,Friday
319503536343,500128827,codemiko,509658,Just Chatting,764,2026-10-08T20:38:58Z,en,"['English', 'VTuber', 'Korean', 'Asian', 'Woman', 'ADHD', 'Chatting', 'Chatty', '3D', 'AI']",2026-10-09,05-30-46,Friday
320572170718,259385697,marvincalifornia,509658,Just Chatting,763,2026-10-08T19:47:09Z,de,"['Deutsch', 'DropsAktiviert']",2026-10-09,05-30-46,Friday
319502210519,39249330,mogsy,23311496,Clive Barker's Hellraiser: Revival,761,2026-10-08T17:17:06Z,en,"['adhd', 'talkstochat', 'ally', 'giveaways', 'interactive', 'English', 'DropsEnabled']",2026-10-09,05-30-46,Friday
317961746020,43043577,heyar,722422729,Scam With Your Friends,760,2026-10-08T18:44:24Z,fr,['Français'],2026-10-09,05-30-46,Friday
320573311070,151487295,lomein,2132205352,Deadlock,760,2026-10-08T21:28:13Z,en,"['English', 'deadlock']",2026-10-09,05-30-46,Friday
318928125926,43281991,dear_hellgirl,23311496,Clive Barker's Hellraiser: Revival,760,2026-10-08T17:43:36Z,ru,"['Vtuber', 'Втубер', 'Витубер', 'Русский', 'Аниме', 'ruvtuber', 'девушка']",2026-10-09,05-30-46,Friday
318873548517,518149918,sophia_xs,32982,Grand Theft Auto V,756,2026-10-08T18:12:47Z,de,['Deutsch'],2026-10-09,05-30-46,Friday
316985772373,43578182,f1ashko,23311496,Clive Barker's Hellraiser: Revival,756,2026-10-08T06:32:39Z,ru,['Русский'],2026-10-09,05-30-46,Friday
318734892647,70833988,dariomartiz,32982,Grand Theft Auto V,753,2026-10-08T17:55:14Z,it,"['Italiano', 'fivem', 'peakville', 'dariomartiz', 'SantaMonica']",2026-10-09,05-30-46,Friday
316119387624,102777268,bazza,32982,Grand Theft Auto V,752,2026-10-08T21:08:35Z,en,"['English', 'NoPixel']",2026-10-09,05-30-46,Friday
321883888475,170760368,6cyx,515025,Overwatch,751,2026-10-08T18:40:55Z,en,"['English', 'NOBACKSEATGAMING', 'BackSeatGamersGETBANNED', 'BANNINGALLBACKSEATGAMERS', 'BackSeatGameGetsUBanned', 'DropsEnabled']",2026-10-09,05-30-46,Friday
317957397476,150642043,omendigotv,498566,Slots,751,2026-10-08T09:00:23Z,pt,"['EngIish', 'Português']",2026-10-09,05-30-46,Friday
321884199003,722647409,miasova,509659,ASMR,750,2026-10-08T19:14:31Z,en,"['English', 'vtuber', 'anime', 'tsundere', 'VillainArc', 'Roleplay', 'nonaffectionate']",2026-10-09,05-30-46,Friday
318738275943,1215280464,nessadhs,509658,Just Chatting,749,2026-10-08T22:02:11Z,de,"['English', 'ADHS', 'ADHStreamer', 'Deutsch', 'Reactions', 'LGBTQIAPlus', 'LGBTQ', 'Neurodivergent', 'queer', 'DropsAktiviert']",2026-10-09,05-30-46,Friday
318872598885,719950200,patrizio_official,509658,Just Chatting,748,2026-10-08T17:12:37Z,it,['Italiano'],2026-10-09,05-30-46,Friday
321884912219,43094890,thersguy,2083,RuneScape,746,2026-10-08T20:27:27Z,en,"['English', 'runescape', 'MMORPG', 'RS3']",2026-10-09,05-30-46,Friday
317944915938,89204267,slipix,21779,League of Legends,745,2026-10-08T20:34:20Z,fr,['Français'],2026-10-09,05-30-46,Friday
318924798566,127361301,antilipsi,21779,League of Legends,743,2026-10-08T13:11:04Z,el,"['greek', 'English', 'Lissandra', 'Deutsch', 'Challenger', 'Tier3', 'Κύπρος', 'Cyprus', 'Greece', 'Ελληνικά']",2026-10-09,05-30-46,Friday
317940980450,38350595,dfg,718286993,Order of the Sinking Star,739,2026-10-08T14:32:26Z,fr,"['Français', 'cheveux']",2026-10-09,05-30-46,Friday
320572043102,181156561,heavenlyfather,509110,Risk of Rain 2,737,2026-10-08T19:34:03Z,en,"['English', 'Sigma', 'Swag', 'Green']",2026-10-09,05-30-46,Friday
317944507106,62154099,anas_off,32982,Grand Theft Auto V,737,2026-10-08T19:57:45Z,fr,['Français'],2026-10-09,05-30-46,Friday
320713734624,194434289,megga,499634,Crypto,737,2026-10-08T13:23:44Z,en,['English'],2026-10-09,05-30-46,Friday
318931235942,151079000,skillz0r1337,29595,Dota 2,727,2026-10-08T21:35:42Z,ru,['Русский'],2026-10-09,05-30-46,Friday
317928407906,250662770,jotta,509672,IRL,725,2026-10-07T03:17:38Z,pt,['Português'],2026-10-09,05-30-46,Friday
319175626357,544241532,mahmoojen,509658,Just Chatting,724,2026-10-08T20:29:35Z,pt,"['Português', 'game', 'ruim', 'hype', 'react', 'DropsAtivados']",2026-10-09,05-30-46,Friday
316988565333,207492440,anjouu,27471,Minecraft,720,2026-10-08T16:16:14Z,en,"['English', 'FORSEN', 'MCSR', 'MCSRRANKED', 'SPEEDRUN', 'SPEEDRUNNING', 'HOROBRINE666', 'TOP500', 'TRACERGOAT', 'XQC']",2026-10-09,05-30-46,Friday
318314082392,136822306,taxi2g,464339927,ARC Raiders,718,2026-10-08T08:38:28Z,en,"['TRASH', 'SchizoMode', 'LoudisFunny', 'ToxicStream', 'GAMINGGOLEMJUICERMEGAMAN', 'aimbotting', 'AimAssistOff', 'Vtuber', 'cutegirl', 'English']",2026-10-09,05-30-46,Friday
318731511399,476077919,myko,263490,Rust,716,2026-10-08T14:00:12Z,de,"['Deutsch', 'german', 'Rust', 'IRL']",2026-10-09,05-30-46,Friday
319502864471,232951933,linkzzey,27471,Minecraft,715,2026-10-08T19:01:31Z,en,"['LetsPlay', 'English', 'Hardcore', 'SurvivaI', 'FamilyFriendly', 'Java', 'Singleplayer', 'ViewerRedemption', 'Chill', 'DropsEnabled']",2026-10-09,05-30-46,Friday
318316648408,54379409,zuck,32982,Grand Theft Auto V,715,2026-10-08T19:44:27Z,en,"['ADHD', 'English', 'RP', 'Hispanic', 'Mexican', 'NoPixel', 'nopixelv']",2026-10-09,05-30-46,Friday
321883490907,182867055,hollywoodbob,493057,PUBG: BATTLEGROUNDS,712,2026-10-08T17:49:39Z,en,"['English', 'UnPro', 'RockHard', 'FPS', 'BestStreamSniperAccuser', 'BotPounder', 'VoiceActing', 'Funny']",2026-10-09,05-30-46,Friday
321763230042,87183799,tikyjr,21779,League of Legends,711,2026-10-08T20:09:43Z,fr,['Français'],2026-10-09,05-30-46,Friday
321718854233,244693730,sardaco,459931,Old School RuneScape,710,2026-10-08T19:00:04Z,en,"['English', 'ironman']",2026-10-09,05-30-46,Friday
317962835172,251348817,e0j2,123184772,EA Sports FC 27,710,2026-10-08T20:05:52Z,en,['English'],2026-10-09,05-30-46,Friday
317963289828,651300906,dvniel_play,32982,Grand Theft Auto V,710,2026-10-08T20:43:15Z,fr,['Français'],2026-10-09,05-30-46,Friday
320716053856,80934441,overlordbou,32502,World of Warships,710,2026-10-08T17:47:29Z,en,"['PlayingwithViewers', 'BackseatGamingAllowed', 'commentary', 'AskMeAnything', 'Chatty', 'Strategy', 'English', 'ChallengeRun', 'aioptedout', 'DropsEnabled']",2026-10-09,05-30-46,Friday
317026446422,1358509201,ignario0n,1496435078,Casino Simulator 2024,708,2026-10-08T20:32:23Z,en,['English'],2026-10-09,05-30-46,Friday
318871245797,68261767,knister,32982,Grand Theft Auto V,706,2026-10-08T15:37:19Z,de,['Deutsch'],2026-10-09,05-30-46,Friday
321885042395,73463218,brawlpro,538054672,TEKKEN 8,706,2026-10-08T20:40:46Z,en,"['depressed', 'haha', 'bipolar', 'Unhygienic', 'English', 'happy']",2026-10-09,05-30-46,Friday
318736977895,784302005,banniuwu,509658,Just Chatting,705,2026-10-08T19:53:07Z,de,"['Deutsch', 'Vegan', 'Politik', 'egirl', 'Cosplay', 'Frau', 'Wiederholen', 'DropsAktiviert']",2026-10-09,05-30-46,Friday
321883651547,53831996,grandpoobear,369088,The Legend of Zelda: A Link Between Worlds,703,2026-10-08T18:10:11Z,en,"['English', 'hotmen', '1', 'Crack', 'zaddy', 'zaddylicious', 'HelpCenter', 'SexyMan']",2026-10-09,05-30-46,Friday
319502919511,45184940,yvonnie,509658,Just Chatting,703,2026-10-08T19:09:57Z,en,"['English', 'DropsEnabled']",2026-10-09,05-30-46,Friday
318315662552,23735582,sacriel,743893402,WARDOGS,702,2026-10-08T16:00:49Z,en,"['English', 'Educational', 'British', 'Banter', 'Canadian', 'TwitchOG', 'NoGenAI']",2026-10-09,05-30-46,Friday
316563223794,165572706,dmf_kyochan,1267582829,Aniimo,694,2026-10-08T19:12:19Z,ja,"['日本語', 'Drops有効']",2026-10-09,05-30-46,Friday
317972777315,144395004,linca,722824008,An Eggstremely Hard Game,693,2026-10-08T18:09:11Z,fr,['Français'],2026-10-09,05-30-46,Friday
318738335079,135177864,sidneyeweka,123184772,EA Sports FC 27,690,2026-10-08T22:10:11Z,de,['Deutsch'],2026-10-09,05-30-46,Friday
320573012446,93857215,npesta,460951,Geometry Dash,689,2026-10-08T21:04:22Z,en,['English'],2026-10-09,05-30-46,Friday
320665926748,108586685,tenzinniznet,509658,Just Chatting,688,2026-10-08T18:41:19Z,en,"['English', 'Indian', 'tibetan', 'nepali', 'American', 'DropsEnabled']",2026-10-09,05-30-46,Friday
317973696995,122048844,snayzy,417892,Z1: Battle Royale,688,2026-10-08T19:07:32Z,fr,['Français'],2026-10-09,05-30-46,Friday
319501914071,270155653,jennybeartv,32982,Grand Theft Auto V,684,2026-10-08T16:23:56Z,en,"['Asian', 'Roleplay', 'Vtuber', 'Educational', 'NoPixelV', 'English', 'DadsWelcome']",2026-10-09,05-30-46,Friday
317974448739,268528571,invicpedro,491487,Dead by Daylight,684,2026-10-08T20:07:01Z,en,"['English', 'DeadbyDaylight', 'DropsEnabled']",2026-10-09,05-30-46,Friday
319120199414,62328653,tftoddy,513143,Teamfight Tactics,683,2026-10-08T22:00:14Z,pt,"['Português', 'TFT', 'TeamfightsTactics']",2026-10-09,05-30-46,Friday
317025205206,698924516,witchblvde,29595,Dota 2,682,2026-10-08T17:10:14Z,ru,"['English', 'Русский', 'Бизнес', 'Демонтаж', 'Українська', 'Приключение', 'Приколы']",2026-10-09,05-30-46,Friday
319503214679,917774995,thesketchreal,509672,IRL,682,2026-10-08T19:54:31Z,en,['English'],2026-10-09,05-30-46,Friday
321884887131,188965645,nohandsgamer,138585,Hearthstone,682,2026-10-08T20:24:45Z,en,"['English', 'Standard', 'hearthstone', 'OlderStreamer']",2026-10-09,05-30-46,Friday
318926352102,102098555,kasix,509658,Just Chatting,680,2026-10-08T15:36:54Z,pl,"['Polski', 'DropyWłączone']",2026-10-09,05-30-46,Friday
316989444053,180953489,a1iberry,509658,Just Chatting,680,2026-10-08T17:59:19Z,ru,"['Русский', 'DropsВключены']",2026-10-09,05-30-46,Friday
319501408727,1418939132,missmikkaa247,499973,Always On,678,2026-10-08T14:37:36Z,en,"['Rerun', 'AlwaysOn', 'English']",2026-10-09,05-30-46,Friday
317958882788,560480843,aselon_eu,771448419,AION 2,677,2026-10-08T13:57:21Z,en,"['Bulgarian', 'PvP', 'PvE', 'MMORPG', 'Competitive', 'aion2', 'English', 'WarForAtreia', 'DropsEnabled']",2026-10-09,05-30-46,Friday
317928662882,416031592,solaryhs,415998825,Guildrun,676,2026-10-07T05:02:11Z,fr,['Français'],2026-10-09,05-30-46,Friday
317069045972,64173519,deadp47_,1705604455,Trails in the Sky 2nd Chapter,673,2026-10-08T16:51:06Z,ru,['Русский'],2026-10-09,05-30-46,Friday
319503251415,91200728,roffle,745589378,Balatro,673,2026-10-08T19:59:45Z,en,"['English', 'Charity']",2026-10-09,05-30-46,Friday
317944913634,540797549,marinaifx,516575,VALORANT,673,2026-10-08T20:34:08Z,es,['Español'],2026-10-09,05-30-46,Friday
321884655067,56395702,coconutb,743893402,WARDOGS,671,2026-10-08T20:02:49Z,en,['English'],2026-10-09,05-30-46,Friday
320572987230,645498689,paypay,32982,Grand Theft Auto V,670,2026-10-08T21:02:28Z,en,"['English', 'LGBTQ', 'Gay', 'Roleplay']",2026-10-09,05-30-46,Friday
319503949399,849505301,mightaswellbemac,512710,Call of Duty: Warzone,670,2026-10-08T21:22:01Z,en,"['warzone', 'callofduty', 'rankedplay', 'HighEnergy', 'highkills', 'highkillgameplay', 'rebirthisland', 'BO7', 'bestintheworld', 'TopRanked']",2026-10-09,05-30-46,Friday
319118236022,140823531,choke7,509672,IRL,669,2026-10-08T17:09:15Z,pt,['Português'],2026-10-09,05-30-46,Friday
317618030583,173950952,dubudota,29595,Dota 2,666,2026-10-08T16:24:03Z,en,['English'],2026-10-09,05-30-46,Friday
319176569077,59336873,fnxlntc,32399,Counter-Strike,665,2026-10-08T22:21:54Z,pt,['Português'],2026-10-09,05-30-46,Friday
318729137639,810054395,maimaittv,509658,Just Chatting,665,2026-10-08T09:06:45Z,ja,"['日本語', '台灣', 'deadbydaylight', 'dbdcreator', '旅行', 'IRL', '雑談', '中文', 'English', 'Drops有効']",2026-10-09,05-30-46,Friday
317961737060,1492707870,bombeldothewizard,13263,EVE Online,662,2026-10-08T18:43:44Z,en,"['English', 'DropsEnabled']",2026-10-09,05-30-46,Friday
317958708964,18887776,moman,32982,Grand Theft Auto V,661,2026-10-08T13:27:32Z,fr,"['Français', 'escapefromtarkov', 'EFT', 'tarkov', 'fps', 'CS', 'RP', 'gta', 'valorant', 'DropsActivés']",2026-10-09,05-30-46,Friday
318927615206,142198882,maroosha,102007682,God of War Ragnarök,659,2026-10-08T17:08:07Z,ru,"['аниме', 'казуал', 'женщина', 'Русский']",2026-10-09,05-30-46,Friday
317023528662,148844345,roadhouse,512953,ELDEN RING,658,2026-10-08T13:15:52Z,ru,"['Русский', 'DropsВключены']",2026-10-09,05-30-46,Friday
317068874196,177705039,futdaddyh,123184772,EA Sports FC 27,657,2026-10-08T16:30:55Z,en,['English'],2026-10-09,05-30-46,Friday
321885346651,111297034,porcelainmaid,24241,FINAL FANTASY XIV ONLINE,656,2026-10-08T21:08:11Z,en,"['VTuber', 'FirstPlaythrough', 'VoiceActing', 'Anime', 'English', 'Horror', 'artist', 'Cozy', 'Doll', 'Dad']",2026-10-09,05-30-46,Friday
320718225888,52839414,itsjstn,30921,Rocket League,656,2026-10-08T20:58:19Z,en,"['English', 'Pro']",2026-10-09,05-30-46,Friday
316158395497,57519051,darkviperau,32982,Grand Theft Auto V,656,2026-10-08T22:09:20Z,en,"['English', 'Chatty', 'OCE', 'Speedrun', 'PC', 'Australian']",2026-10-09,05-30-46,Friday
321886307035,2982838,surefour,2132205352,Deadlock,655,2026-10-08T22:18:42Z,en,['English'],2026-10-09,05-30-46,Friday
319173850485,39152815,clovaobengala,460630,Rainbow Six Siege,653,2026-10-08T15:27:50Z,pt,"['Português', 'DropsAtivados']",2026-10-09,05-30-46,Friday
318868796389,72692222,antielitz,130942,Factorio,653,2026-10-08T11:12:43Z,en,"['English', 'speedrunnning']",2026-10-09,05-30-46,Friday
320712716256,173103803,firsttourguardsman,223869970,"Warhammer 40,000: Space Marine II",652,2026-10-08T10:22:29Z,en,"['YoutubePartner', 'English', 'DropsEnabeled', 'DropsEnabled']",2026-10-09,05-30-46,Friday
321762702042,33182508,sput,32982,Grand Theft Auto V,652,2026-10-08T19:11:21Z,en,['English'],2026-10-09,05-30-46,Friday
321885789659,90222378,kruzadar,474709880,STAR WARS: Galactic Racer,651,2026-10-08T21:43:16Z,en,"['English', 'chill', 'funny', 'FleshTuber', 'Woman', 'gaming', 'comedy', 'DadsOfTwitch']",2026-10-09,05-30-46,Friday
318873825765,487318498,vadeal,33214,Fortnite,651,2026-10-08T18:30:27Z,de,"['Deutsch', 'Fokus']",2026-10-09,05-30-46,Friday
318316506200,38442474,dreads,138585,Hearthstone,650,2026-10-08T19:12:51Z,en,"['Arena', 'TheBest', 'FantasyFootballChat', 'Educational', 'DadJokes', 'English', 'goat', 'handsomeyoungman']",2026-10-09,05-30-46,Friday
321763699034,125387632,amouranth,509658,Just Chatting,650,2026-10-08T20:56:10Z,en,"['English', 'IRL', 'DropsEnabled']",2026-10-09,05-30-46,Friday
318926274918,182324263,lampachmen,344035090,Kingdom Come: Deliverance II,648,2026-10-08T15:30:35Z,ru,['Русский'],2026-10-09,05-30-46,Friday
319120147318,36024998,gordox,19619,Tibia,648,2026-10-08T21:55:47Z,pt,"['Português', 'cs2', 'cs2twitch', 'madhouse', 'counterstrike2']",2026-10-09,05-30-46,Friday
316338447468,143313156,alxcooks,499634,Crypto,645,2026-10-08T17:17:55Z,en,['English'],2026-10-09,05-30-46,Friday
321719153241,111518512,thump,417892,Z1: Battle Royale,645,2026-10-08T19:32:30Z,en,"['ADHD', 'English', 'funny', 'rank1', 'rage', 'Variety', 'h1z1pro', 'H1Z1', 'Autism']",2026-10-09,05-30-46,Friday
318729507815,38499199,pow3r,464339927,ARC Raiders,645,2026-10-08T10:06:37Z,it,"['Italiano', 'pelato', 'gaming', 'pro', 'GIGACHAD', 'cheat', 'banned', 'Pizza', 'DropAbilitati', 'adv']",2026-10-09,05-30-46,Friday
321761929178,117083340,tpain,509672,IRL,644,2026-10-08T17:35:28Z,en,"['English', 'music', 'gaming', 'simracing', 'SimDrifting', 'Editing', '3DModeling', '3DPrinting', 'FLASHINGLIGHTWARNING']",2026-10-09,05-30-46,Friday
316076439249,882894346,theadammcintyre,509658,Just Chatting,643,2026-10-08T20:46:20Z,en,"['English', 'DropsEnabled']",2026-10-09,05-30-46,Friday
320704369376,59401913,kairicaitlyn,771448419,AION 2,643,2026-10-07T23:01:08Z,en,"['LGBTQIAPlus', 'Anime', 'English', 'VTuber', 'manga', 'gaming', 'Comics', 'shooters', 'commentary', 'DropsEnabled']",2026-10-09,05-30-46,Friday
319502453719,27152377,boon,27471,Minecraft,642,2026-10-08T17:59:11Z,en,['English'],2026-10-09,05-30-46,Friday
318926382438,71691082,putrefy,493217,Gwent: The Witcher Card Game,638,2026-10-08T15:39:41Z,pl,['Polski'],2026-10-09,05-30-46,Friday
320667629148,647624587,vrey,499003,VRChat,638,2026-10-08T21:29:09Z,en,['English'],2026-10-09,05-30-46,Friday
321764491098,80649665,nickdominates,509658,Just Chatting,638,2026-10-08T22:02:00Z,en,"['English', 'Italian', 'spanish', 'latin', 'newyorker', 'GayAsHell', 'bignose', 'Yapper', 'ADHDfriendly', 'dominican']",2026-10-09,05-30-46,Friday
319246852980,188210046,saegusinha,19619,Tibia,637,2026-10-08T18:58:52Z,pt,"['Português', 'inglês', 'PKA', 'PokemonAlliance']",2026-10-09,05-30-46,Friday
318316441816,23155607,fitzyhere,515025,Overwatch,636,2026-10-08T18:59:54Z,en,"['Chill', 'Positivity', 'Sombra', 'English', 'Overwatch', 'Loki', 'doorman', 'DropsEnabled']",2026-10-09,05-30-46,Friday
318873015269,168348436,xrick75,32982,Grand Theft Auto V,632,2026-10-08T17:40:04Z,de,"['Deutsch', 'NARCOCITY', 'RP', 'fivem', 'gta']",2026-10-09,05-30-46,Friday
319244308596,156115088,jhoolna,771448419,AION 2,630,2026-10-08T09:01:41Z,pt,"['Português', 'AION2', 'WarofGenesisIdleLoot', 'mmorpg', 'DeskrawlIdleARPG', 'Deskrawl', 'DropsAtivados']",2026-10-09,05-30-46,Friday
317943837282,38978803,marco,17828,The Legend of Zelda: Twilight Princess,629,2026-10-08T19:06:43Z,fr,['Français'],2026-10-09,05-30-46,Friday
317973195363,91899244,tbanj,417528,Albion Online,629,2026-10-08T18:38:35Z,en,"['English', 'PvP', 'french', 'fr', 'gaming', 'MOBA', 'Xbox', 'DropsEnabled']",2026-10-09,05-30-46,Friday
321884865371,1516696757,zero_lagtv,1441208453,Once Human,626,2026-10-08T20:22:36Z,en,['English'],2026-10-09,05-30-46,Friday
318867273189,1055397270,jack_fromsoft,512953,ELDEN RING,625,2026-10-08T06:55:27Z,de,"['Deutsch', 'eldenring', 'Soulsborne', 'soulslike', 'darksouls', 'DropsAktiviert']",2026-10-09,05-30-46,Friday
318869916517,207536821,idris,2023301131,CreatorSMP,625,2026-10-08T13:29:19Z,nl,"['Nederlands', 'dab', 'valorant']",2026-10-09,05-30-46,Friday
318734253415,60513811,spartiatix,15631,Grand Theft Auto: Vice City,625,2026-10-08T17:19:02Z,pl,['Polski'],2026-10-09,05-30-46,Friday
321764484058,675283835,uwoslab,509670,Science & Technology,625,2026-10-08T22:01:33Z,en,"['Vtuber', 'insane', 'English', 'NoBackseating']",2026-10-09,05-30-46,Friday
321885539547,277945156,sommerset,33214,Fortnite,624,2026-10-08T21:23:30Z,en,['English'],2026-10-09,05-30-46,Friday
320715893472,452016586,sadicaz,417528,Albion Online,624,2026-10-08T17:30:47Z,es,"['Español', 'argentina', 'España', 'AlbionOnline', 'drops', 'Português', 'English', 'giveaway', 'PVE', 'DropsActivados']",2026-10-09,05-30-46,Friday
320656524892,100408103,zchum,509511,Marbles on Stream,620,2026-10-08T00:00:00Z,en,['English'],2026-10-09,05-30-46,Friday
320572981086,175383693,sylvee,27471,Minecraft,619,2026-10-08T21:02:04Z,en,"['English', 'DropsEnabled']",2026-10-09,05-30-46,Friday
319489620951,82707084,bakedjake,401587136,Arena Breakout: Infinite,619,2026-10-07T09:02:32Z,en,"['English', 'DropsEnabled']",2026-10-09,05-30-46,Friday
317969599971,39115143,th3antonio,491931,Escape from Tarkov,616,2026-10-08T11:57:14Z,es,"['peluquillas', 'Español', 'CHALLENGER', 'TH3LEC', 'th3antonio', 'poker']",2026-10-09,05-30-46,Friday
317026462422,415655804,moji0tok,509658,Just Chatting,616,2026-10-08T20:35:10Z,ru,"['Русский', 'игры', 'gaming', 'games', 'читаючат', 'DropsВключены']",2026-10-09,05-30-46,Friday
319173744629,99765615,k13tv,29595,Dota 2,615,2026-10-08T15:02:53Z,pt,"['Português', 'Competitivo', 'English', 'Competitive', 'Ranked', 'music', 'gamer', 'Esports', 'react']",2026-10-09,05-30-46,Friday
320718728800,407427691,huncho,21779,League of Legends,615,2026-10-08T21:31:17Z,en,['English'],2026-10-09,05-30-46,Friday
321881724763,55899594,corgicam,66082,Games + Demos,612,2026-10-08T13:07:06Z,en,"['English', 'Vtuber', 'Furry', 'LGBTQIAPlusAlly', 'short', 'LOUD', 'Interactive', 'ClosedCaptions', 'subathon', 'Yapper']",2026-10-09,05-30-46,Friday
319503307095,101746427,captainflowers22,21779,League of Legends,611,2026-10-08T20:07:08Z,en,['English'],2026-10-09,05-30-46,Friday
321764108762,1166399875,ninadaddyisback,509672,IRL,611,2026-10-08T21:30:29Z,en,['English'],2026-10-09,05-30-46,Friday
321883664859,209428921,joewo,512710,Call of Duty: Warzone,609,2026-10-08T18:12:17Z,en,"['English', 'joewo', 'callofduty']",2026-10-09,05-30-46,Friday
317024418134,98099061,teosgame,23311496,Clive Barker's Hellraiser: Revival,608,2026-10-08T15:34:54Z,en,"['English', 'LGBTQFriendly', 'swedish']",2026-10-09,05-30-46,Friday
317619540727,85434198,powaslap,13332,Pokémon FireRed/LeafGreen,608,2026-10-08T21:21:23Z,en,"['IronMON', 'KaizoIronMON', 'Pokemon', 'Kaizo', 'Nuzlocke', 'SuperKaizo', 'vtuber', 'SmallAnt', 'pointcrow', 'Ludwig']",2026-10-09,05-30-46,Friday
317025679958,48538184,mob5tertv,511780,Workers & Resources: Soviet Republic,608,2026-10-08T18:13:46Z,ru,"['Русский', 'игры']",2026-10-09,05-30-46,Friday
317974021731,263392353,nefastone,491168,Clash Royale,607,2026-10-08T19:31:28Z,it,"['italiano', 'Competitivo', 'Italiano']",2026-10-09,05-30-46,Friday
318925430630,111768177,chessgenie,27546,World of Tanks,607,2026-10-08T14:14:06Z,de,"['Deutsch', 'DropsAktiviert']",2026-10-09,05-30-46,Friday
320571643870,69906737,chocotaco,263490,Rust,603,2026-10-08T18:51:22Z,en,['English'],2026-10-09,05-30-46,Friday
321883334107,563855821,princezam,27471,Minecraft,601,2026-10-08T17:27:12Z,en,['English'],2026-10-09,05-30-46,Friday
321762678746,189583809,bbreadman,1848745913,Battlefield REDSEC,601,2026-10-08T19:07:52Z,en,"['English', 'Norwegian']",2026-10-09,05-30-46,Friday
316095768146,27045041,toadamarillo,21779,League of Legends,600,2026-10-08T18:05:51Z,es,"['Español', 'LeagueaofLegends', 'LOL', 'Toad', 'TOADAMARILLO']",2026-10-09,05-30-46,Friday
319502811863,452313289,astabush,23311496,Clive Barker's Hellraiser: Revival,599,2026-10-08T18:54:31Z,en,"['English', 'IRL', 'AstaBush']",2026-10-09,05-30-46,Friday
317960824548,144866210,mrs_sweetness,1960720223,SILENT HILL: townfall,599,2026-10-08T17:40:51Z,fr,"['Découverte', 'Gameplay', 'SilentHillTownfall', 'Discussions', 'Français', 'France', 'FR', 'Belgique', 'Suisse', 'Québec']",2026-10-09,05-30-46,Friday
321718703065,124546038,sweatgod,27471,Minecraft,599,2026-10-08T18:43:37Z,en,"['uhc', 'hypixel', 'pvp', 'minecraft', 'mc', 'mcpvp', 'minecraftpvp', 'br', 'battleroyale', 'moneysmp']",2026-10-09,05-30-46,Friday
317960102372,108809839,muchamiel,18122,World of Warcraft,598,2026-10-08T16:31:45Z,es,"['Español', 'wow', 'wowstreamer', 'wowhardcore', 'Classic', 'retos', 'Forever']",2026-10-09,05-30-46,Friday
320666118364,488916600,abolishegirls,491487,Dead by Daylight,597,2026-10-08T19:00:16Z,en,"['English', 'woman', 'feet', 'EGirl', 'head', 'shoulders', 'knees', 'toes', 'DropsEnabled']",2026-10-09,05-30-46,Friday
317961704804,126287193,blaize,509658,Just Chatting,594,2026-10-08T18:41:31Z,fr,"['Français', 'BLAIZE']",2026-10-09,05-30-46,Friday
318874793189,584426312,harkov2012,509672,IRL,593,2026-10-08T19:39:09Z,ru,"['Русский', 'Украинский']",2026-10-09,05-30-46,Friday
321885013595,149456095,mekabear,32982,Grand Theft Auto V,593,2026-10-08T20:37:54Z,en,"['English', 'ADHD', 'feet', 'LOUD', 'chill', 'Vtuber', 'chatstinky', 'DeadWeight', 'nopixelv']",2026-10-09,05-30-46,Friday
316983071701,29128211,browjey,458224,SOMA,592,2026-10-07T16:54:58Z,ru,['Русский'],2026-10-09,05-30-46,Friday
316158308073,412027243,granny,23311496,Clive Barker's Hellraiser: Revival,592,2026-10-08T21:26:49Z,en,"['HalloweenTheGame', 'DeadByDaylight', 'Variety', 'Horror', 'English', 'aniimocreator', 'silenthilltownfall', 'hellraiserrevival']",2026-10-09,05-30-46,Friday
319502476759,25525699,curiousjoi,779192097,Fire Emblem: Fortune's Weave,591,2026-10-08T18:02:04Z,en,"['English', 'Retro', 'FGC', 'anime', 'Cozy', 'JRPG']",2026-10-09,05-30-46,Friday
317961243620,131415728,prcs,32399,Counter-Strike,590,2026-10-08T18:10:30Z,pt,"['Português', 'CS2', 'faceit', 'FPL', 'English']",2026-10-09,05-30-46,Friday
321763303514,276168724,sunshinebread,515025,Overwatch,589,2026-10-08T20:17:41Z,en,"['English', 'Sisyphus', 'Sojourn', 'tracer', 'unemployed', 'NEET', 'LOUD', 'obnoxious', 'DropsEnabled']",2026-10-09,05-30-46,Friday
317960129636,173913378,dart0is,509658,Just Chatting,589,2026-10-08T16:34:24Z,fr,"['Français', 'English', 'Quebec', 'Leftist', 'NoPolitics', 'DropsActivés']",2026-10-09,05-30-46,Friday
317024396374,225999279,ixbt_games,23311496,Clive Barker's Hellraiser: Revival,588,2026-10-08T15:32:02Z,ru,"['Русский', 'hellraiserrevival', 'TheTripleiInitiative']",2026-10-09,05-30-46,Friday
317972754531,657338831,nasse721,516575,VALORANT,586,2026-10-08T18:07:30Z,fr,"['Français', 'valorant', '1m98', 'jsuis1grosgratteur2buzz']",2026-10-09,05-30-46,Friday
321763195738,123889650,hopefulx,18122,World of Warcraft,585,2026-10-08T20:06:25Z,en,"['Mage', 'English']",2026-10-09,05-30-46,Friday
316989359957,44057119,makatao,23311496,Clive Barker's Hellraiser: Revival,585,2026-10-08T17:49:06Z,ru,"['Русский', 'СпасибоЗаКачествоТвич', 'PvP', 'BattleRoyale', 'королевскаябитва']",2026-10-09,05-30-46,Friday
319502600279,852883323,primatepaige,509672,IRL,585,2026-10-08T18:21:26Z,en,"['handsome', 'English']",2026-10-09,05-30-46,Friday
317945128674,62789124,oruipinto,123184772,EA Sports FC 27,581,2026-10-08T20:54:26Z,pt,['Português'],2026-10-09,05-30-46,Friday
319503190871,38433240,shahzam,516575,VALORANT,580,2026-10-08T19:50:49Z,en,['English'],2026-10-09,05-30-46,Friday
319172980085,41783889,axtlol,460630,Rainbow Six Siege,578,2026-10-08T11:23:07Z,pt,"['Português', 'CBLOL', 'lol', 'leagueoflegeneds', 'LTA', 'DropsAtivados']",2026-10-09,05-30-46,Friday
317070593620,970254513,babkalapka,509658,Just Chatting,577,2026-10-08T19:55:13Z,ru,"['Русский', 'DropsВключены']",2026-10-09,05-30-46,Friday
319176409461,446411250,kikituliano,498566,Slots,577,2026-10-08T22:07:54Z,es,['Español'],2026-10-09,05-30-46,Friday
321761810778,86308586,fragas,491931,Escape from Tarkov,574,2026-10-08T17:20:01Z,en,"['English', 'glorp', 'BIGDOG']",2026-10-09,05-30-46,Friday
318856495845,1545141318,tracysalem,498566,Slots,574,2026-10-07T10:48:25Z,es,['Español'],2026-10-09,05-30-46,Friday
321886146011,126910924,papamutt,509658,Just Chatting,573,2026-10-08T22:07:31Z,en,"['English', 'Furry', 'Vtuber', 'Veteran', 'ADHD', 'cringe', 'LOUD', 'LGBTQ', 'tylenolenjoyer', 'DropsEnabled']",2026-10-09,05-30-46,Friday
321763473242,206001500,ryanhallyall,509658,Just Chatting,570,2026-10-08T20:34:36Z,en,"['English', 'Weather', 'SevereWeather', 'StormChasing', 'Tornado', 'DropsEnabled']",2026-10-09,05-30-46,Friday
320718038368,119015407,dashy,417892,Z1: Battle Royale,568,2026-10-08T20:44:09Z,en,['English'],2026-10-09,05-30-46,Friday
317969176675,108236875,ikoneec,65632,DayZ,568,2026-10-08T10:41:18Z,fr,"['DayZ', 'SURVIE', 'Français', 'DropsActivés']",2026-10-09,05-30-46,Friday
317974028131,834616496,ranellebrown,509658,Just Chatting,568,2026-10-08T19:31:57Z,fr,"['Français', 'DropsActivés']",2026-10-09,05-30-46,Friday
318874827109,3818382,savyultras90,512710,Call of Duty: Warzone,567,2026-10-08T19:41:54Z,it,"['savyultras', 'warzone', 'wsow', 'challenge', 'Italiano', 'English']",2026-10-09,05-30-46,Friday
317961406436,44759993,ranzratte,32982,Grand Theft Auto V,564,2026-10-08T18:22:10Z,de,"['Deutsch', 'multiplayer', 'extraction', 'battleroyale', 'roleplay', 'Musikproduktion']",2026-10-09,05-30-46,Friday
317070158804,1121596361,geass81,494184,Mobile Legends: Bang Bang,563,2026-10-08T18:54:21Z,ru,['Русский'],2026-10-09,05-30-46,Friday
317940573282,622498423,otplol_,21779,League of Legends,562,2026-10-08T13:38:27Z,fr,['Français'],2026-10-09,05-30-46,Friday
319176245749,142321038,xandfps,21779,League of Legends,561,2026-10-08T21:51:41Z,pt,['Português'],2026-10-09,05-30-46,Friday
320569320542,501937059,pizzaprincessg,509658,Just Chatting,561,2026-10-08T14:07:14Z,en,"['English', 'VarietyStreamer', 'FamilyFriendly', 'Interactive', 'IRL', 'Pizza', 'Community', 'DropsEnabled']",2026-10-09,05-30-46,Friday
319118957814,525704392,gustriike,29452,Virtual Casino,560,2026-10-08T19:10:48Z,pt,['Português'],2026-10-09,05-30-46,Friday
317943896162,577594813,miriam_petricor,509658,Just Chatting,560,2026-10-08T19:11:18Z,es,"['Español', 'RPG', 'Singleplayer', 'fantasy', 'FantasyRPG', 'storymode', 'DropsActivados']",2026-10-09,05-30-46,Friday
318316900056,406379460,oddrey,491487,Dead by Daylight,560,2026-10-08T20:38:37Z,en,"['English', 'DropsEnabled']",2026-10-09,05-30-46,Friday
321719722457,241187262,madixxtv,518184,Phasmophobia,560,2026-10-08T20:31:34Z,en,"['English', 'Horror', 'ADHD', 'Speedrunner', 'DropsEnabled']",2026-10-09,05-30-46,Friday
320665582940,211093501,vlouue,1669431183,DJs,559,2026-10-08T18:06:34Z,fr,"['English', 'femaledj', 'Techno', 'DJ', 'Français', 'Canada', 'Québec', 'Deutsch', 'IRL', 'Quebec']",2026-10-09,05-30-46,Friday
319248597364,187352927,meikodrj,509658,Just Chatting,558,2026-10-08T22:08:24Z,pt,['Português'],2026-10-09,05-30-46,Friday
319502663255,36976465,divios,386821,Black Desert,558,2026-10-08T18:31:44Z,en,"['English', 'Vtuber', 'Furry', 'DropsEnabled']",2026-10-09,05-30-46,Friday
317014429782,1494360677,caedrel247,499973,Always On,557,2026-10-07T00:21:09Z,en,"['247', 'LCK', 'LPL', 'LEC', 'LOLESPORTS', 'CAEDREL', 'LEAGUEOFLEGENDS', 'English', 'Variety']",2026-10-09,05-30-46,Friday
318316429144,107305687,ray__c,32982,Grand Theft Auto V,556,2026-10-08T18:56:53Z,en,"['English', 'NoPixel', 'GTAVFiveM', 'RP', 'Raybron', 'Variety', 'NoPixelWL', 'NoPixel', 'NoPixelV']",2026-10-09,05-30-46,Friday
321763749082,41792596,gunnermaniac,13332,Pokémon FireRed/LeafGreen,556,2026-10-08T20:59:59Z,en,"['English', 'anime', 'speedrunning', 'WRAttempts', 'DropsEnabled']",2026-10-09,05-30-46,Friday
319247442548,27475229,zpedra,771448419,AION 2,554,2026-10-08T20:16:19Z,pt,"['Português', 'DropsAtivados']",2026-10-09,05-30-46,Friday
317973746659,27920057,forsa,512953,ELDEN RING,554,2026-10-08T19:10:48Z,fr,"['Français', 'English', 'Subtitles', 'Speedrun', 'DropsActivés']",2026-10-09,05-30-46,Friday
320653982044,44741426,streamerhouse,771448419,AION 2,553,2026-10-07T21:09:19Z,en,"['Marathon', 'AlwaysOn', 'Subathon', 'StreamerHouse', 'English', '24hr', '247Stream', 'DropsEnabled', 'LGBTQ']",2026-10-09,05-30-46,Friday
317970237667,185866554,s3kox,263490,Rust,553,2026-10-08T13:32:17Z,es,"['Español', 'Rust', 'PvP', 'España', 'vanilla', 'estrategia', 'Raid', 'vanila', 'drops']",2026-10-09,05-30-46,Friday
321884932059,588976913,moka,509659,ASMR,552,2026-10-08T20:29:32Z,en,"['Vtuber', '18plus', 'ASMR', 'Chatty', 'ADHD', 'mommy', 'ENVtuber', 'EasilyDistracted', 'English', 'Tomboy']",2026-10-09,05-30-46,Friday
317070904276,188069901,vanfantv,32399,Counter-Strike,551,2026-10-08T20:51:05Z,en,"['English', 'ECL', 'LP', 'TurmaDoPagode']",2026-10-09,05-30-46,Friday
317975091299,405570067,arthurtv,1452305763,Hospital 666,548,2026-10-08T21:16:01Z,en,"['ama', 'English']",2026-10-09,05-30-46,Friday
317026149078,65360359,passatigy,18122,World of Warcraft,547,2026-10-08T19:29:37Z,ru,"['Русский', 'розыгрыш', 'общение', 'drops', 'Аниме', 'Пасатиж', 'dinghaitheoceanpillar', 'keymailer']",2026-10-09,05-30-46,Friday
321718308185,194327060,niubyy,518184,Phasmophobia,544,2026-10-08T18:00:14Z,es,"['lgbt', 'Español', 'Phasmophobia', 'gameplay', 'niuby', 'KineticGamesPartner', 'drops', 'English', 'DropsActivados']",2026-10-09,05-30-46,Friday
320573651294,1345927370,hailyxalyse,509672,IRL,543,2026-10-08T21:56:12Z,en,['English'],2026-10-09,05-30-46,Friday
321718148825,177695120,bharp,464339927,ARC Raiders,542,2026-10-08T17:42:03Z,en,"['Gaming', 'English', 'battleroyale', 'BHarp', 'Competitive', 'Community', 'Outdoors', 'arcraiders', 'DropsEnabled']",2026-10-09,05-30-46,Friday
317944228962,1013841802,shannonmais,509658,Just Chatting,542,2026-10-08T19:37:03Z,en,"['findom', 'asmr', 'mommy', 'english', 'English', 'paypig', 'wallet', 'FINDOMME', 'Goddess', '中文']",2026-10-09,05-30-46,Friday
317070222932,46141647,sorabi_,509658,Just Chatting,541,2026-10-08T19:02:28Z,ru,"['бодиАрт', 'половоеВоспитание', 'общение', 'психология', 'кринж', 'Русский', 'bmw', 'DropsВключены']",2026-10-09,05-30-46,Friday
316551004785,134295245,varvalian,21779,League of Legends,540,2026-10-08T14:05:05Z,ja,"['焼きパン', '日本語', 'ペンギン', 'マフラー', '限界', 'Varvalian']",2026-10-09,05-30-46,Friday
320572773214,53741885,crayon_fps,2132205352,Deadlock,539,2026-10-08T20:45:37Z,en,"['gamer', 'English', 'Vietnamese', 'extremelypassionate', 'richRP', 'eternus', 'deadlock', 'NA']",2026-10-09,05-30-46,Friday
316990374613,661059687,lota,498592,I'm Only Sleeping,539,2026-10-08T20:19:17Z,ru,"['Русский', 'донатофон', 'Изоляция', 'Выживание']",2026-10-09,05-30-46,Friday
317973171555,81821673,ekkosuna,21779,League of Legends,539,2026-10-08T18:36:44Z,fr,['Français'],2026-10-09,05-30-46,Friday
316989190229,561546963,ablkz,2132205352,Deadlock,538,2026-10-08T17:28:14Z,ru,"['Русский', 'Kazakhstan', 'English']",2026-10-09,05-30-46,Friday
318868420581,157820196,selfmadetv,1458901309,Find The Needle,538,2026-10-08T10:16:35Z,de,"['Deutsch', 'DropsAktiviert']",2026-10-09,05-30-46,Friday
317024824278,520003551,rininotheart,29595,Dota 2,538,2026-10-08T16:22:11Z,ar,['العربية'],2026-10-09,05-30-46,Friday
318875071205,939860797,dooomcr,491168,Clash Royale,536,2026-10-08T20:03:37Z,de,"['Deutsch', 'Wiederholen', 'clashroyale', 'DOoOMcr']",2026-10-09,05-30-46,Friday
320666487260,693518594,chawndo,513181,Genshin Impact,534,2026-10-08T19:39:26Z,en,"['English', 'genshin', 'gaming', 'DropsEnabled']",2026-10-09,05-30-46,Friday
317022368342,445055580,itzegorka,464339927,ARC Raiders,534,2026-10-08T09:27:38Z,ru,"['Русский', 'drops', 'DropsВключены']",2026-10-09,05-30-46,Friday
321883129563,26642416,arcus,27284,Retro,533,2026-10-08T16:59:47Z,en,"['Retro', 'FamilyFriendly', 'NES', 'speedrun', 'English']",2026-10-09,05-30-46,Friday
321883161307,97672683,captain_domo,1435206302,Slay the Spire II,533,2026-10-08T17:03:38Z,en,['English'],2026-10-09,05-30-46,Friday
318865418597,1447297241,gtastyslots,498566,Slots,533,2026-10-07T23:10:12Z,de,['Deutsch'],2026-10-09,05-30-46,Friday
321716703321,28640725,lobosjr,771448419,AION 2,533,2026-10-08T14:31:51Z,en,"['voiceactor', 'chill', 'rpg', 'English', 'vgm', 'soulslike', 'Retro', 'nostalgía', 'DropsEnabled']",2026-10-09,05-30-46,Friday
320573718110,206865739,zanfas_cenegal,509658,Just Chatting,533,2026-10-08T22:00:10Z,pt,"['Português', 'RPG', 'SurvivaI', 'Futebol', 'dota', 'TDAH', 'DropsAtivados']",2026-10-09,05-30-46,Friday
319174751733,465218900,olkabone,1458901309,Find The Needle,533,2026-10-08T18:17:35Z,pt,['Português'],2026-10-09,05-30-46,Friday
319248211956,202987684,muriloso,509658,Just Chatting,532,2026-10-08T21:36:58Z,pt,"['Português', 'DropsAtivados']",2026-10-09,05-30-46,Friday
320716419808,950245198,duende_games777,1441208453,Once Human,529,2026-10-08T18:21:10Z,en,['English'],2026-10-09,05-30-46,Friday
320664636764,214974828,average,2132205352,Deadlock,528,2026-10-08T16:23:42Z,en,"['English', 'deadlock', 'educational', 'rank1']",2026-10-09,05-30-46,Friday
318316568152,476845395,bashbunni,1469308723,Software and Game Development,528,2026-10-08T19:26:30Z,en,"['OpenSourceSoftware', 'Cozy', 'English', 'Programming']",2026-10-09,05-30-46,Friday
317945666402,91993388,sb737,27471,Minecraft,527,2026-10-08T21:51:13Z,en,"['English', 'minecraft', 'smp', 'pvp', 'lifesteal']",2026-10-09,05-30-46,Friday
321883387739,195166073,hachubby,509672,IRL,527,2026-10-08T17:34:39Z,en,"['English', 'Variety', 'IRL', 'USA', 'gaming', 'korean', 'Cooking', 'music']",2026-10-09,05-30-46,Friday
321760742362,104632789,zemie,33214,Fortnite,527,2026-10-08T14:40:20Z,en,"['English', 'Fortnite', 'Tournament', 'Zemie']",2026-10-09,05-30-46,Friday
318925897958,514761065,jussef,32982,Grand Theft Auto V,526,2026-10-08T14:59:06Z,de,"['Deutsch', 'Wiederholen']",2026-10-09,05-30-46,Friday
320713927776,507845042,airiesummer,1531138507,Mourning Tide,525,2026-10-08T13:51:33Z,en,"['ally', 'charity', 'chronicillness', 'indie', 'mentalhealth', 'mindfulness', 'relaxing', 'togetherforgood', 'variety', 'wholesome']",2026-10-09,05-30-46,Friday
319489087575,1242487781,rdcwaitingroom_,499973,Always On,523,2026-10-07T07:34:03Z,en,['English'],2026-10-09,05-30-46,Friday
319248009332,120973466,gidjahtv,19619,Tibia,523,2026-10-08T21:18:54Z,pt,"['RUBINIOT', 'Tibia', 'PortuguêsBR', 'Português', 'Mulher', 'mulhergamer', 'girlgamer', 'rubinot', 'RubinotOT', 'Reposição']",2026-10-09,05-30-46,Friday
318869298277,514473492,gwizdakk,492934,RESIDENT EVIL 7 biohazard,521,2026-10-08T12:17:30Z,pl,['Polski'],2026-10-09,05-30-46,Friday
319175436661,748361965,ziriguidum777,29452,Virtual Casino,520,2026-10-08T20:00:54Z,pt,['Português'],2026-10-09,05-30-46,Friday
319119913846,1152049764,ryugalde,29452,Virtual Casino,519,2026-10-08T21:27:35Z,pt,"['Português', 'English', 'espanhol', 'cassino', 'bet']",2026-10-09,05-30-46,Friday
316618593011,140819284,erycyoo,511224,Apex Legends,518,2026-10-08T14:13:12Z,zh,"['English', '中文']",2026-10-09,05-30-46,Friday
317943089122,104919208,sooshi,515025,Overwatch,518,2026-10-08T18:08:47Z,en,"['English', 'DropsEnabled']",2026-10-09,05-30-46,Friday
317024741590,604779669,weeeny_,493057,PUBG: BATTLEGROUNDS,518,2026-10-08T16:12:09Z,ru,['Русский'],2026-10-09,05-30-46,Friday
318928375014,53686757,denzelzockt,491931,Escape from Tarkov,517,2026-10-08T17:59:11Z,en,"['Entspannt', 'Hand', 'Evil', 'PädagogischWertvoll', 'NoPants', 'Busch', 'Wissenschaftlichempfohlen', 'Deutsch', 'English']",2026-10-09,05-30-46,Friday
320665595740,715941186,sansin,2115231542,"No, I'm Not A Human",516,2026-10-08T18:08:06Z,en,"['vtuber', 'English', 'onebrainwrinkle', 'chill', 'LurkerFriendly', 'Comfy', 'mom', 'brainoff']",2026-10-09,05-30-46,Friday
319118234230,185294744,ghoul33_,516575,VALORANT,516,2026-10-08T17:08:57Z,pt,"['Português', 'English', 'Español', 'Reposição']",2026-10-09,05-30-46,Friday
321762845530,64577558,aliciaxlife,509658,Just Chatting,516,2026-10-08T19:28:24Z,en,"['English', 'VarietyStreamer', 'VarietyGamer', 'aliciaxdeath', 'DropsEnabled']",2026-10-09,05-30-46,Friday
317960889828,112553336,zaardoz,32982,Grand Theft Auto V,512,2026-10-08T17:46:35Z,fr,"['Français', 'Grandline']",2026-10-09,05-30-46,Friday
316990669141,1126960946,maga_trener,1318948058,SOS OPS!,511,2026-10-08T21:25:03Z,ru,"['Русский', 'кс', 'english', 'кс2', 'навитренер', 'прокачка']",2026-10-09,05-30-46,Friday
318737892199,218255467,canerkrd,509658,Just Chatting,510,2026-10-08T21:16:39Z,de,"['Deutsch', 'DropsAktiviert']",2026-10-09,05-30-46,Friday
321883166043,10817445,itmejp,327598602,Onimusha: Way of the Sword,510,2026-10-08T17:04:18Z,en,"['English', 'HearingImpaired', 'DLSS5OnJackBlack', 'OptOutOfGenAI', 'Vtuber', 'HavingABlast']",2026-10-09,05-30-46,Friday
320666680796,10397006,jericho,23311496,Clive Barker's Hellraiser: Revival,510,2026-10-08T19:59:41Z,en,"['English', 'music', 'content', 'Variety', 'DropsEnabled']",2026-10-09,05-30-46,Friday
318872228837,63179445,kuruhs,474709880,STAR WARS: Galactic Racer,509,2026-10-08T16:51:03Z,en,"['English', 'Speedrun', 'Racing', 'openworld', 'online', 'Multiplayer']",2026-10-09,05-30-46,Friday
317945758946,53567674,miikelmst,123184772,EA Sports FC 27,508,2026-10-08T22:02:47Z,es,"['españa', 'español', 'miikelmst', 'futchampions', 'Español', 'TOTY', 'fc26', 'fc26packopening', 'fc26futchampions', 'fc26ultimateteam']",2026-10-09,05-30-46,Friday
319501682775,22998189,stonemountain64,464339927,ARC Raiders,507,2026-10-08T15:41:32Z,en,"['frigate', 'newgameplay', 'frozenupdate', 'update', 'frozentrail', 'newcontent', 'tips', 'grapplinghook', 'tetherlauncher', 'yankgrenade']",2026-10-09,05-30-46,Friday
319248453236,1347751061,emaaslots,498566,Slots,507,2026-10-08T21:57:42Z,es,"['slots', 'casino', 'gambling', 'gaming', 'timba', 'apuestas', 'apuestasdeportivas', 'Español']",2026-10-09,05-30-46,Friday
318869213925,761418137,slushievrc,2023301131,CreatorSMP,506,2026-10-08T12:07:05Z,en,"['Trans', 'Vtuber', 'Dragon', 'LGBTQIAPlus', 'ADHD', 'Dutch', 'Nederlands', 'English', 'Furry', 'Creatorsmp']",2026-10-09,05-30-46,Friday
317939813986,65201243,manta,1047740656,The Old Flesh of Nuraga,505,2026-10-08T11:54:12Z,en,"['English', 'Degen', 'Mindbreak', 'NTR', '3DVtuber', 'VTuber', 'Marathon']",2026-10-09,05-30-46,Friday
320719552992,478290210,sheiden,21779,League of Legends,505,2026-10-08T22:19:45Z,en,"['English', 'LCS', 'Challenger', 'Tagalog', 'pro', 'LEC', 'jungle', 'Rank1', 'Philippines', 'NA']",2026-10-09,05-30-46,Friday
321884506971,1229801597,naviannah,504463,Tom Clancy's The Division 2,504,2026-10-08T19:48:10Z,en,"['UbisoftPartner', 'DropsEnabled', 'NewDropsEnabled', 'PartnerPush', 'English']",2026-10-09,05-30-46,Friday
317943647970,69592711,areliann,32982,Grand Theft Auto V,504,2026-10-08T18:54:44Z,fr,['Français'],2026-10-09,05-30-46,Friday
317943629922,39194732,narkuss_lol,1168459646,SPAM,504,2026-10-08T18:53:36Z,fr,"['Français', 'DropsActivés']",2026-10-09,05-30-46,Friday
318867545445,178600210,elmurorosa,1735804268,"Below, Rusted Gods",503,2026-10-08T07:46:22Z,ro,"['Română', 'DropsSuntActivate']",2026-10-09,05-30-46,Friday
320716199904,1389671297,shinchan_oficial,1398657661,Anime Squad,503,2026-10-08T18:01:12Z,es,['Español'],2026-10-09,05-30-46,Friday
320570108766,124994203,rakattack,515025,Overwatch,503,2026-10-08T16:00:09Z,en,"['English', 'DropsEnabled']",2026-10-09,05-30-46,Friday
317071212372,414553144,sanya_sniper2011,2132205352,Deadlock,503,2026-10-08T22:06:11Z,ru,['Русский'],2026-10-09,05-30-46,Friday
318871140581,1539745461,badging247,65632,DayZ,503,2026-10-08T15:27:52Z,en,"['Badge', 'Badges', 'drops', 'Español', 'English', 'Polski', '日本語', 'Chıll', 'DropsEnabled']",2026-10-09,05-30-46,Friday
318736858087,42820071,rigoncs,32399,Counter-Strike,502,2026-10-08T19:44:07Z,en,"['English', 'Albanian', 'pro', 'faceit']",2026-10-09,05-30-46,Friday
318736688871,275074673,capitanocima,32982,Grand Theft Auto V,502,2026-10-08T19:32:21Z,it,"['Italiano', 'GTARP', 'rap', 'doppiaggio', 'gta', 'drake', 'families']",2026-10-09,05-30-46,Friday
321760701530,417264303,glizz,602040818,NBA 2K27,501,2026-10-08T14:32:06Z,en,['English'],2026-10-09,05-30-46,Friday
318732947175,102886337,spinustv,509658,Just Chatting,500,2026-10-08T15:59:43Z,el,"['Ελληνικά', 'English', 'ΤαDropΕνεργοποιήθηκαν']",2026-10-09,05-30-46,Friday
321719050969,32140000,sypherpk,33214,Fortnite,499,2026-10-08T19:21:02Z,en,"['PvP', 'Multiplayer', 'English', 'battleroyale', 'Fortnite']",2026-10-09,05-30-46,Friday
321884339419,132662878,moshi,771448419,AION 2,498,2026-10-08T19:30:08Z,en,"['English', 'Vtuber', 'Cozy', 'Comfy', 'Moshi', 'DropsEnabled']",2026-10-09,05-30-46,Friday
317941825250,27621732,akytio,417892,Z1: Battle Royale,498,2026-10-08T16:03:42Z,fr,"['English', 'Français']",2026-10-09,05-30-46,Friday
320573019102,554057125,higgs,33214,Fortnite,497,2026-10-08T21:04:51Z,en,['English'],2026-10-09,05-30-46,Friday
318737823463,194445560,besa,509659,ASMR,496,2026-10-08T21:08:58Z,en,"['Vtuber', 'English', 'ASMR', 'Italian', 'chill', 'silly']",2026-10-09,05-30-46,Friday
320664043740,137786375,luxthos,18122,World of Warcraft,496,2026-10-08T15:15:01Z,en,"['English', 'AMA', 'Québec', 'MMORPG', 'ARPG', 'LurkerFriendly', 'Interactive', 'giveaway', 'DropsEnabled']",2026-10-09,05-30-46,Friday
318875279333,798404086,sodja13,771448419,AION 2,495,2026-10-08T20:24:07Z,ru,"['Русский', 'English', 'КорольШаманов', 'DropsВключены']",2026-10-09,05-30-46,Friday
319503527511,71987056,neenoh,500188,Hunt: Showdown 1896,495,2026-10-08T20:38:04Z,en,"['English', 'Dad', 'chill']",2026-10-09,05-30-46,Friday
318737847143,256510263,dharyfahad,123184772,EA Sports FC 27,494,2026-10-08T21:11:57Z,ar,"['العربية', 'Hearhstone', 'thelastofus', 'arc', 'horrrorgames', 'EA']",2026-10-09,05-30-46,Friday
320717461728,81174833,nadexe,493112,NBA 2K17,494,2026-10-08T19:56:57Z,en,['English'],2026-10-09,05-30-46,Friday
317974538339,519293757,ihatetomaustin,18707,Grand Theft Auto IV,494,2026-10-08T20:14:40Z,en,['English'],2026-10-09,05-30-46,Friday
319248410612,216809120,fiireh,498566,Slots,494,2026-10-08T21:53:41Z,es,['Español'],2026-10-09,05-30-46,Friday
317974055651,484356001,antoniomasmas,509658,Just Chatting,494,2026-10-08T19:34:02Z,es,['Español'],2026-10-09,05-30-46,Friday
318873430117,109163696,berlino,32982,Grand Theft Auto V,493,2026-10-08T18:05:27Z,it,"['Italiano', 'PEAKVILLE', 'peakville', 'GTARP', 'English', 'sand', 'santamonicarp', 'santamonica']",2026-10-09,05-30-46,Friday
318735666407,43030068,kurolily,771448419,AION 2,493,2026-10-08T18:35:25Z,it,"['Italiano', 'DropAbilitati']",2026-10-09,05-30-46,Friday
321764187610,51123995,proze,512710,Call of Duty: Warzone,492,2026-10-08T21:36:57Z,fr,"['Français', 'DropsActivés']",2026-10-09,05-30-46,Friday
320719529824,1539289035,ggbanks,509658,Just Chatting,492,2026-10-08T22:18:20Z,en,"['English', 'DropsEnabled']",2026-10-09,05-30-46,Friday
318929079782,217653999,layme,29595,Dota 2,492,2026-10-08T18:43:59Z,ru,['Русский'],2026-10-09,05-30-46,Friday
317619315447,466073963,girl_dm_,1274531553,The Dark Pictures Anthology: House of Ashes,492,2026-10-08T20:40:08Z,en,"['greencat', 'manx', 'English', 'PG13ChatandCommentary', 'NoBackseatingUnlessAsked', 'grosslyincandescent', 'spoilingthegamecostsmoney', 'VtuberEN']",2026-10-09,05-30-46,Friday
317963371364,39692658,elojoninja,21779,League of Legends,491,2026-10-08T20:50:26Z,es,"['Español', 'LeagueofLegends', 'LoL', 'Didactico', 'MOBA', 'Ivern', 'LeeSin', 'Nidalee', 'Challenger']",2026-10-09,05-30-46,Friday
317023526102,1452895933,orangemorangeslots,498566,Slots,491,2026-10-08T13:15:17Z,de,['Deutsch'],2026-10-09,05-30-46,Friday
317026210390,132420183,mrxsmurf,29595,Dota 2,490,2026-10-08T19:42:31Z,ru,"['Русский', 'дота', 'animal', 'топ1тинкер', 'cybersport']",2026-10-09,05-30-46,Friday
321886040411,230583557,itskxtlyn,509658,Just Chatting,488,2026-10-08T22:00:44Z,en,"['English', 'Vtuber', 'ASMR', 'meowmeowmeowmeowmeowmeow', 'ENVtuber', 'brat', 'ADHD', 'DropsEnabled']",2026-10-09,05-30-46,Friday
318929899750,194226508,ensendegezerim,29056,Knight Online,487,2026-10-08T19:40:58Z,tr,"['NttGameOffical', 'knightonlinewolrd', 'TekrarYürüt', 'justcchatting', 'RolYapmaOyunu', 'MaceraOyunu', 'MMO', 'AksiyonOyunu', 'MMORPG', 'knight']",2026-10-09,05-30-46,Friday
318930048614,252393390,imviolet_,509659,ASMR,486,2026-10-08T19:52:27Z,it,"['Italiano', 'imviolet', 'English', 'Woman', 'ASMR', 'justchatting', 'DropAbilitati']",2026-10-09,05-30-46,Friday
319246246388,157756109,nikomfps,32399,Counter-Strike,486,2026-10-08T17:36:07Z,es,['Español'],2026-10-09,05-30-46,Friday
319501440855,26560695,shiphtur,19976,MapleStory,485,2026-10-08T14:47:02Z,en,['English'],2026-10-09,05-30-46,Friday
319174030965,117411572,strakatv,32399,Counter-Strike,485,2026-10-08T16:09:34Z,es,['Español'],2026-10-09,05-30-46,Friday
319119500918,1478694617,ninjaslot_,29452,Virtual Casino,485,2026-10-08T20:33:44Z,pt,['Português'],2026-10-09,05-30-46,Friday
318921380326,708461549,badgebase_de,547208385,Vaultbreakers,483,2026-10-08T03:33:57Z,en,"['English', 'BadgeBase', 'StreamDataBase', 'Badges', 'TwitchBadges', 'DropsEnabled']",2026-10-09,05-30-46,Friday
318929524070,1531206558,nattynatt247,499973,Always On,483,2026-10-08T19:13:33Z,en,"['rerun', 'vod', 'English']",2026-10-09,05-30-46,Friday
320719127264,6896654,artosis,11989,StarCraft,482,2026-10-08T21:56:23Z,en,"['English', 'starcraft', 'StarCraft2', 'RTS']",2026-10-09,05-30-46,Friday
318315337816,44173074,shenryyr,1979693660,Transport Fever 3,482,2026-10-08T14:38:31Z,en,"['furry', 'oregon', 'serval', 'meow', 'derp', 'lgbtqiaplus', 'English', 'NoBackseatingUnlessAsked', 'NoSpoilers', 'FirstPlaythrough']",2026-10-09,05-30-46,Friday
321719345369,214337266,honeyxxo,491931,Escape from Tarkov,482,2026-10-08T19:54:54Z,en,"['English', 'fps', 'gamergirl', 'egirlbathwater']",2026-10-09,05-30-46,Friday
321884901083,118202507,repullze,512710,Call of Duty: Warzone,481,2026-10-08T20:26:07Z,en,"['warzone', 'wsow', 'ewc', 'callofduty', 'verdansk', 'cod', 'rebirthisland', 'English', 'ADHD']",2026-10-09,05-30-46,Friday
321715600089,48827570,saintone,2105032420,Fear & Hunger 2: Termina,478,2026-10-08T09:53:30Z,en,"['English', 'Community', 'of', 'Boomers', 'And', 'Lizard', 'People', 'MAMBO']",2026-10-09,05-30-46,Friday
316122648787,32155062,lolipopgi,31339,Project Zomboid,477,2026-10-08T18:03:10Z,en,"['English', 'British', 'TransRights', 'Asian', 'asiangirl', 'girl', 'mixedbtw']",2026-10-09,05-30-46,Friday
318734377063,511077598,blackhammerplay,32982,Grand Theft Auto V,476,2026-10-08T17:26:27Z,de,"['Deutsch', 'GTARP', 'FiveM', 'Joker', 'BIRP', 'BMRP', 'stepbystep', 'FantasyRp', 'Fantasy', 'gamescom']",2026-10-09,05-30-46,Friday
321720693081,744183841,chachayourvmom,626298054,Machine Party,475,2026-10-08T21:56:12Z,en,"['English', 'mother']",2026-10-09,05-30-46,Friday
317941337570,46526453,triplaxion,32982,Grand Theft Auto V,474,2026-10-08T15:10:48Z,fr,"['Français', '2k', 'multigaming', 'StarCitizen', 'horreur', 'Roleplay', 'DropsActivés']",2026-10-09,05-30-46,Friday
317619709431,418032275,whoajaco,23311496,Clive Barker's Hellraiser: Revival,473,2026-10-08T21:52:27Z,en,['English'],2026-10-09,05-30-46,Friday
320573393374,795060794,swight,27471,Minecraft,473,2026-10-08T21:35:34Z,en,"['minecraft', 'swight', 'mcpvp', 'English']",2026-10-09,05-30-46,Friday
318927372262,37193065,serhatakin,771448419,AION 2,472,2026-10-08T16:54:10Z,tr,"['Türkçe', 'DroplarEtkin']",2026-10-09,05-30-46,Friday
320715888480,459898171,tenacitytv,30921,Rocket League,471,2026-10-08T17:30:22Z,en,"['English', 'TTS', 'BaldStreamer']",2026-10-09,05-30-46,Friday
318731313127,71185958,nomanzzz,21779,League of Legends,471,2026-10-08T13:42:22Z,ru,['Русский'],2026-10-09,05-30-46,Friday
316184397162,203670402,buni,509658,Just Chatting,471,2026-10-08T21:17:00Z,en,"['English', 'vtuber', 'australia', 'subathon', 'ADHD', 'Dance', 'vrchat', 'DropsEnabled']",2026-10-09,05-30-46,Friday
317945114082,246771012,d3ad_plays,491487,Dead by Daylight,470,2026-10-08T20:52:55Z,en,"['chill', 'English', 'Cozy', 'dbdcreator', 'DropsEnabled']",2026-10-09,05-30-46,Friday
320667293532,4666862,demolition_d,313146,Darkwood,468,2026-10-08T20:59:08Z,en,"['vmax', 'SCHUM', 'alphamalegaming', 'brattamer', 'fat', 'pre', 'garglon', 'mindbreak', 'holedestroyer', 'English']",2026-10-09,05-30-46,Friday
317067018196,27555381,infernion,18122,World of Warcraft,466,2026-10-08T11:46:48Z,en,"['English', 'WoW', 'PvP', 'Warlock']",2026-10-09,05-30-46,Friday
320666698716,480046482,yesseniavo,512033,GODDESS OF VICTORY: NIKKE,465,2026-10-08T20:01:01Z,en,"['English', 'Vtuber', 'Latina', 'NIKKEPartner', 'Women', 'WuWaCreator', 'HoyoCreator', 'EndfieldCreators', 'Hispanic']",2026-10-09,05-30-46,Friday
319245034100,36413513,mrfalll,743893402,WARDOGS,465,2026-10-08T13:12:15Z,pt,['Português'],2026-10-09,05-30-46,Friday
318926657254,106318725,demonzz1,509658,Just Chatting,464,2026-10-08T16:00:17Z,pl,"['Polski', 'DropyWłączone']",2026-10-09,05-30-46,Friday
321884509019,643642250,jalensworld_,509658,Just Chatting,464,2026-10-08T19:48:19Z,en,"['English', 'BabyDollaz', 'gamer', 'DropsEnabled']",2026-10-09,05-30-46,Friday
318871210725,97599849,theohs_,138585,Hearthstone,463,2026-10-08T15:34:24Z,en,"['English', 'Dutch']",2026-10-09,05-30-46,Friday
318734713319,175400318,xairen,32502,World of Warships,462,2026-10-08T17:45:32Z,de,"['CommunityContributor', 'WarshipsCC', 'warships', 'Deutsch', 'DE', 'drops', 'English', 'DropsAktiviert']",2026-10-09,05-30-46,Friday
319175886325,1078201859,zzrgnn,29452,Virtual Casino,461,2026-10-08T21:05:54Z,pt,"['Português', 'bet', 'cassino', 'Apostas']",2026-10-09,05-30-46,Friday
318316914136,38553197,beaulo,460630,Rainbow Six Siege,460,2026-10-08T20:40:56Z,en,"['English', 'beaulo', 'pro', 'STATE', 'smallpp', 'hugenuts', 'DropsEnabled']",2026-10-09,05-30-46,Friday
319120193398,671922574,lacaluni,509658,Just Chatting,460,2026-10-08T21:59:47Z,es,"['Español', 'Repetir', 'DropsActivados']",2026-10-09,05-30-46,Friday
321763966682,136353235,zaitohro,32982,Grand Theft Auto V,459,2026-10-08T21:17:57Z,en,"['English', 'music', 'ProgidyRP']",2026-10-09,05-30-46,Friday
317066559188,71590283,1uke337,464339927,ARC Raiders,458,2026-10-08T10:05:30Z,ru,"['Русский', 'DropsВключены']",2026-10-09,05-30-46,Friday
316176897386,2261919,crream,498592,I'm Only Sleeping,458,2026-10-06T23:54:12Z,en,"['English', 'LurkerFriendly', 'Jank', 'TwitchAmbassador', 'DadsOfTwitch']",2026-10-09,05-30-46,Friday
318872940261,817027477,otto_bulletproof,1848745913,Battlefield REDSEC,455,2026-10-08T17:35:25Z,de,"['reactions', 'Deutsch', 'Bundeswehr', 'outdoor', 'survival', 'Abenteuer']",2026-10-09,05-30-46,Friday
316990206549,52215959,followkudes,29595,Dota 2,455,2026-10-08T19:49:20Z,ru,"['Русский', 'English', 'cybersport', 'CS2', 'dota2', 'тильт', 'clown']",2026-10-09,05-30-46,Friday
317943734626,727053877,arkanightlive,509658,Just Chatting,455,2026-10-08T19:00:15Z,it,"['Italiano', 'DropAbilitati']",2026-10-09,05-30-46,Friday
321872964955,575443101,graecie,27471,Minecraft,455,2026-10-07T22:08:18Z,en,"['cozy', 'wholesome', 'English', 'SafeSpace', 'Comfy', 'DropsEnabled']",2026-10-09,05-30-46,Friday
317972876643,118786208,smooyacs,32399,Counter-Strike,454,2026-10-08T18:16:46Z,en,"['English', 'CS2', 'Giveaways', 's1mpleo', 'donk', '4000elo', 'RAGE', 'Esports', 'pro', 'CASESOPENING']",2026-10-09,05-30-46,Friday
317069243604,818242175,maddogsleague,29595,Dota 2,454,2026-10-08T17:10:15Z,en,['English'],2026-10-09,05-30-46,Friday
321761249370,146790215,replays,33214,Fortnite,453,2026-10-08T16:03:13Z,en,"['English', 'FamilyFriendly', 'Fortnite', 'Energetic']",2026-10-09,05-30-46,Friday
320572461406,146094553,ellesmere_gaming,18122,World of Warcraft,452,2026-10-08T20:15:10Z,en,['English'],2026-10-09,05-30-46,Friday
320665859804,445080375,carabeanz,464339927,ARC Raiders,452,2026-10-08T18:34:28Z,en,"['egirl', 'Latina', 'Goddess', 'abs', 'feet', 'Princess', 'English', 'CommunityGames']",2026-10-09,05-30-46,Friday
317940080098,443169839,chef_zhab,771448419,AION 2,452,2026-10-08T12:32:50Z,fr,"['gaming', 'francais', 'france', 'carry', 'aide', 'decouverte', 'farm', 'francophone', 'Français', 'DropsActivés']",2026-10-09,05-30-46,Friday
319502995799,30079255,huskerrs,512710,Call of Duty: Warzone,451,2026-10-08T19:21:58Z,en,"['English', 'fps', 'KBM', 'Shooter', 'battleroyale', 'cod', 'EnhancedBroadcast']",2026-10-09,05-30-46,Friday
317618204535,62186098,flip_switch,1621714121,Dandelion Void,451,2026-10-08T17:01:47Z,en,"['Solo', 'Zombies', 'english', 'hardcore', 'Gaming', 'English']",2026-10-09,05-30-46,Friday
321719248985,165794626,itszedar,2042681592,Minecraft Dungeons II,450,2026-10-08T19:43:45Z,en,"['minecraft', 'English', 'drops', 'dropson', 'minecraftdrops', 'cape', 'free', 'Aurora', 'Dungeons']",2026-10-09,05-30-46,Friday
317974333411,164798747,juakynen,518203,Sports,450,2026-10-08T19:57:23Z,es,"['Show', 'entreteniemiento', 'futbol', 'Periodistas', 'FCBarcelona', 'Barça', 'TertuliaDeportiva', 'Español', 'DropHabilitado', 'femenino']",2026-10-09,05-30-46,Friday
318869939941,36977583,hoppii,32982,Grand Theft Auto V,450,2026-10-08T13:31:12Z,de,"['Deutsch', 'Roleplay', 'bingo', 'depression', 'fivem', 'gta', 'reactions', 'peak', 'PeakRP', 'GTARP']",2026-10-09,05-30-46,Friday
317026375254,253962971,aydiee_,32399,Counter-Strike,449,2026-10-08T20:15:15Z,ru,"['english', 'Русский', 'CS2', 'csgo']",2026-10-09,05-30-46,Friday
321763388506,12338326,formal,511224,Apex Legends,449,2026-10-08T20:26:23Z,en,['English'],2026-10-09,05-30-46,Friday
317960369508,170606644,audlonlx,547208385,Vaultbreakers,449,2026-10-08T17:00:19Z,en,"['roblox', 'minecraft', 'English', 'DropsEnabled']",2026-10-09,05-30-46,Friday
317066293844,15407527,widdz,499973,Always On,449,2026-10-08T08:58:38Z,en,"['English', 'UbisoftPartner', 'swedish', 'gym', 'fitness', 'DropsEnabled']",2026-10-09,05-30-46,Friday
320664025948,614718025,mathpellerin,509672,IRL,449,2026-10-08T15:12:18Z,fr,['Français'],2026-10-09,05-30-46,Friday
318737566951,508527736,extrim_7777,32399,Counter-Strike,449,2026-10-08T20:43:25Z,ru,['Русский'],2026-10-09,05-30-46,Friday
317967892323,118722736,zerator_247,499973,Always On,448,2026-10-08T03:00:04Z,fr,"['AlwaysOn', '247Stream', '247Live', 'nonstop', 'replay', 'Français', 'Rediffusion']",2026-10-09,05-30-46,Friday
318870832613,534807143,frydasolebh,460316,Brawlhalla,448,2026-10-08T15:00:05Z,en,"['English', 'Yapper', 'gaming', 'drops', 'DropsEnabled']",2026-10-09,05-30-46,Friday
318926461798,102440358,arcadebulls,18122,World of Warcraft,448,2026-10-08T15:46:12Z,cs,"['Čeština', 'English', 'Community']",2026-10-09,05-30-46,Friday
317973711331,402890635,pelerine,26936,Music,448,2026-10-08T19:08:24Z,fr,"['Français', 'DropsActivés']",2026-10-09,05-30-46,Friday
317939097058,1522662223,badgestation,435870350,Dragon's Dogma II,446,2026-10-08T09:27:56Z,en,"['English', 'brazil', 'Chattingstream', 'drops', 'BadgeHunters', 'Badges', 'twıtch', 'AlienIsolation', 'dragonsdogma2', 'DropsEnabled']",2026-10-09,05-30-46,Friday
317963329892,140043801,epicvoyages,1960720223,SILENT HILL: townfall,445,2026-10-08T20:46:35Z,en,"['English', 'Community', 'Fishing', 'work', 'IRL', 'Outdoors', 'Boats', 'Cozy', 'SFW', 'Keymailer']",2026-10-09,05-30-46,Friday
319500934615,10217631,patty,2142646770,Silver Pines,444,2026-10-08T12:20:25Z,en,"['Bald', 'Masculine', 'GigaChad', 'Nobackseating', 'English', 'NoHints', 'NoHelp', 'NoHelpUnlessAsked', 'MONKEY', 'DropsEnabled']",2026-10-09,05-30-46,Friday
318719043047,56148610,aethelthryth,509658,Just Chatting,444,2026-10-07T11:59:32Z,bg,"['Български', 'СРазрешениDrops']",2026-10-09,05-30-46,Friday
318730839911,551696128,dekii,464339927,ARC Raiders,444,2026-10-08T13:00:46Z,de,"['Deutsch', 'warzone', 'DropsAktiviert']",2026-10-09,05-30-46,Friday
319247726068,102786914,cooruja,515025,Overwatch,444,2026-10-08T20:49:51Z,pt,"['SafeSpace', 'Sorteios', 'OWBrasilSorteio', 'Português', 'overwatch', 'AniimoCreator', 'Aniimo', 'MyAniimo', 'OWBRTemporada5', 'DropsAtivados']",2026-10-09,05-30-46,Friday
317023896022,919352997,firiondhistory,509658,Just Chatting,443,2026-10-08T14:18:45Z,ru,"['Русский', 'общение', 'IRL', 'популярное', 'DropsВключены']",2026-10-09,05-30-46,Friday
317619779319,28724045,adef,10609,Pokémon Emerald Version,443,2026-10-08T22:03:44Z,en,"['NoBackseating', 'English']",2026-10-09,05-30-46,Friday
321763877594,581721883,lolworldchampionship,21779,League of Legends,443,2026-10-08T21:10:03Z,en,"['rebroadcast', 'LeagueofLegends', 'MSI', 'LoLWorlds', 'English', 'Charity']",2026-10-09,05-30-46,Friday
318925805030,857694034,kogoiv,464339927,ARC Raiders,443,2026-10-08T14:51:07Z,en,"['English', 'arcraiders', 'DropsEnabled']",2026-10-09,05-30-46,Friday
316119442024,188273795,laxhawthorn007,65632,DayZ,442,2026-10-08T21:33:37Z,en,"['English', 'DropsEnabled']",2026-10-09,05-30-46,Friday
320667411036,26374918,ej_sa,509670,Science & Technology,441,2026-10-08T21:09:07Z,en,['English'],2026-10-09,05-30-46,Friday
318874845541,35828637,low4n,65632,DayZ,441,2026-10-08T19:43:32Z,fr,"['Français', 'DropsActivés']",2026-10-09,05-30-46,Friday
321720410329,64981158,lost_in_house,1669431183,DJs,440,2026-10-08T21:32:25Z,en,"['English', 'Melodic', 'nomic', 'DJ', 'House', 'Techno', 'Progressive', 'DropsEnabled']",2026-10-09,05-30-46,Friday
317974491619,175229703,ryux,498566,Slots,439,2026-10-08T20:10:42Z,es,['Español'],2026-10-09,05-30-46,Friday
320570278622,32046349,valliate,464339927,ARC Raiders,439,2026-10-08T16:19:53Z,en,"['English', 'DropsEnabled']",2026-10-09,05-30-46,Friday
318316752856,38927816,woops,2132205352,Deadlock,439,2026-10-08T20:06:04Z,en,"['English', 'NoBackseating', 'NoSpoilers', 'swag', 'epic']",2026-10-09,05-30-46,Friday
319247237620,806435226,fgrav_,209738946,Wuthering Waves,438,2026-10-08T19:50:16Z,es,"['Español', 'RPG', 'España', 'LATAM', 'México', 'argentína', 'Gacha', 'WutheringWaves', 'Variedad', 'Uruguay']",2026-10-09,05-30-46,Friday
318930877926,186125705,abdu9974,509658,Just Chatting,438,2026-10-08T21:00:14Z,de,"['Deutsch', 'DropsAktiviert']",2026-10-09,05-30-46,Friday
317071148372,68266211,whaazz,18122,World of Warcraft,438,2026-10-08T21:46:19Z,en,"['PvP', 'Arena', 'Rogue', 'Warrior', 'Monk', 'Druid', 'English', 'DemonHunter', 'Evoker']",2026-10-09,05-30-46,Friday
319119347958,102610592,vitokng,32399,Counter-Strike,436,2026-10-08T20:10:04Z,pt,['Português'],2026-10-09,05-30-46,Friday
320718264416,79521613,prestivent,513143,Teamfight Tactics,436,2026-10-08T21:00:34Z,en,['English'],2026-10-09,05-30-46,Friday
321764543066,125136380,vixella,1288749557,Dressmaker (2026),436,2026-10-08T22:05:45Z,en,"['Weenie', 'Quirky', 'Mysterious', 'Fairy', 'Poop', 'English']",2026-10-09,05-30-46,Friday
316990643413,763092538,shiishak,29595,Dota 2,436,2026-10-08T21:17:37Z,ru,['Русский'],2026-10-09,05-30-46,Friday
320664658908,144926827,ds_lily,19976,MapleStory,436,2026-10-08T16:26:06Z,en,"['Beef', 'NoSleep', 'Blasting', 'Stalling', 'English', 'Hardcore', 'goth']",2026-10-09,05-30-46,Friday
317026337110,214777260,kecajek,27546,World of Tanks,435,2026-10-08T20:07:29Z,pl,"['Polski', 'WorldofTanks', 'Dropy']",2026-10-09,05-30-46,Friday
317974294115,928045540,owlfr_,32982,Grand Theft Auto V,434,2026-10-08T19:53:41Z,fr,"['Français', 'FlashbackWL']",2026-10-09,05-30-46,Friday
317025696982,111181356,chr1swave,1597660489,RESIDENT EVIL: requiem,433,2026-10-08T18:16:43Z,ru,['Русский'],2026-10-09,05-30-46,Friday
321763589594,480945035,rynenzo,123184772,EA Sports FC 27,432,2026-10-08T20:45:32Z,en,['English'],2026-10-09,05-30-46,Friday
321761141850,180093382,nothingbutskillz,464339927,ARC Raiders,431,2026-10-08T15:47:57Z,en,"['English', 'DropsEnabled', 'streamoween']",2026-10-09,05-30-46,Friday
318926176102,28572093,kubon_,21779,League of Legends,431,2026-10-08T15:22:22Z,pl,['Polski'],2026-10-09,05-30-46,Friday
317026331478,849574187,plovv4,29595,Dota 2,429,2026-10-08T20:05:56Z,ru,['Русский'],2026-10-09,05-30-46,Friday
316563401714,31239503,eslcs,32399,Counter-Strike,428,2026-10-08T20:43:32Z,en,['English'],2026-10-09,05-30-46,Friday
320715585632,51754683,cahlaflour,23311496,Clive Barker's Hellraiser: Revival,428,2026-10-08T17:00:26Z,en,"['English', 'Interactive', 'Variety', 'Woman', 'Cosplay', 'VoiceActor', 'Tattoos', 'alternative', 'goth']",2026-10-09,05-30-46,Friday
317944252770,51488044,chicocartera,474709880,STAR WARS: Galactic Racer,428,2026-10-08T19:39:01Z,es,['Español'],2026-10-09,05-30-46,Friday
317973328867,138004464,ap_r0se,32982,Grand Theft Auto V,427,2026-10-08T18:46:48Z,fr,"['Français', 'flashback', 'gtarp', 'Roleplay', 'GTAⅤ', 'FlashbackWL']",2026-10-09,05-30-46,Friday
321719504857,22559049,yodatv,18122,World of Warcraft,427,2026-10-08T20:09:53Z,en,"['English', 'MythicPlus', 'Keys', 'tank', 'Paladin', 'Rogue']",2026-10-09,05-30-46,Friday
319165924853,438686523,trollzinha,771448419,AION 2,426,2026-10-07T17:01:04Z,pt,"['Português', 'DropsAtivados', 'ExclusiveDrops']",2026-10-09,05-30-46,Friday
320572397150,428000880,willowleef,1960720223,SILENT HILL: townfall,425,2026-10-08T20:08:38Z,en,"['English', 'Canadian', 'gamergirl', '18plus', 'LGBTQ', 'ADHD', 'Horror', 'chattingwithviewers', 'VoiceActor', 'egirl']",2026-10-09,05-30-46,Friday
318931434982,70274718,sypeh,1264310518,Marvel Rivals,425,2026-10-08T22:00:30Z,en,"['Dansk', 'English', 'support', 'strategist', 'DropsEnabled']",2026-10-09,05-30-46,Friday
320718363232,545510563,juventibus,518203,Sports,424,2026-10-08T21:07:13Z,it,"['Italiano', 'DropAbilitati']",2026-10-09,05-30-46,Friday
317071049172,193720060,mr_jijik,1131336879,Black Russia,424,2026-10-08T21:20:40Z,ru,['Русский'],2026-10-09,05-30-46,Friday
318315071576,709629345,sacred,511224,Apex Legends,424,2026-10-08T13:24:31Z,en,['English'],2026-10-09,05-30-46,Friday
317618431607,214917711,neonpuddles,508455,Valheim,423,2026-10-08T17:50:42Z,en,"['chill', 'canada', 'woman', 'girl', 'English']",2026-10-09,05-30-46,Friday
318861744229,1520431050,staiy24,32982,Grand Theft Auto V,422,2026-10-07T18:06:38Z,de,['Deutsch'],2026-10-09,05-30-46,Friday
321885099995,805233868,bullracksin,509658,Just Chatting,422,2026-10-08T20:46:38Z,en,"['Scams', 'scambaiting', 'scammers', 'Improv', 'roleplaying', 'crypto', 'giftcard', 'rage', 'English', 'bitcoin']",2026-10-09,05-30-46,Friday
319503082327,823801716,frankiekevich,1338428218,CONTROL Resonant,422,2026-10-08T19:35:00Z,en,"['English', 'VoiceActor', 'VoiceActress', 'VoiceActing', 'Control', 'ControlResonant', 'RemedyGames', 'remedyconnecteduniverse', 'Remedyverse', 'DropsEnabled']",2026-10-09,05-30-46,Friday
320572159582,58338851,skatebeard,32982,Grand Theft Auto V,421,2026-10-08T19:45:51Z,en,"['fortunetelling', 'skatebeard', 'ventriloquism', 'sitdowncomedy', 'English', 'ToSpoilsGoTheStitches', 'NoPixelWL', 'NoPixel']",2026-10-09,05-30-46,Friday
319246128884,245956058,antedeguemonn,19619,Tibia,421,2026-10-08T17:19:11Z,pt,"['Português', 'Tibia', 'majorupdate', 'poketibia', 'ShinyCharm', 'projeto', 'pxg']",2026-10-09,05-30-46,Friday
320571619422,25856143,scottjund,491487,Dead by Daylight,420,2026-10-08T18:48:36Z,en,"['English', 'Chıll', 'LowEnergy', 'Sarcastic', 'DropsEnabled']",2026-10-09,05-30-46,Friday
318874781541,265382644,fler,498566,Slots,420,2026-10-08T19:38:15Z,de,"['Deutsch', 'Englisch', 'Glücksspiel', 'Fler', 'Flerbonus']",2026-10-09,05-30-46,Friday
318733669735,187468813,bullseye,23311496,Clive Barker's Hellraiser: Revival,420,2026-10-08T16:47:10Z,ru,"['Русский', '1440p', 'PVP', 'BattleRoyale', 'Extraction', 'FPS']",2026-10-09,05-30-46,Friday
320570135646,50589127,hogshund,32982,Grand Theft Auto V,420,2026-10-08T16:02:56Z,en,"['federales', 'Cuban', 'CTH', 'gtarp', 'tomhanks', 'cubantomhanks', 'CubanFederales', 'English', 'clown', 'clowncil']",2026-10-09,05-30-46,Friday
316122992979,488719882,mishhopettv,33214,Fortnite,417,2026-10-08T19:46:45Z,en,"['english', 'uk', 'dbdstreamer', 'fortnite', 'dbd', 'chillvibes', 'English']",2026-10-09,05-30-46,Friday
320573440222,131774975,kjware1,509658,Just Chatting,417,2026-10-08T21:39:50Z,en,"['chattingwithviewers', 'Chattingstream', 'chattingwViewers', 'chattin', 'English', 'Chatting', 'DropsEnabled']",2026-10-09,05-30-46,Friday
319503556055,90853203,abarone68,488190,Poker,416,2026-10-08T20:41:08Z,en,['English'],2026-10-09,05-30-46,Friday
317943143650,448607714,lexitvz,1960720223,SILENT HILL: townfall,414,2026-10-08T18:13:53Z,fr,"['Français', 'chill', 'multigaming', 'discussion', 'LexiTVz', 'FR', 'Lexi']",2026-10-09,05-30-46,Friday
319174198517,132642617,r3crutatv,263490,Rust,414,2026-10-08T16:41:26Z,pt,"['wipeday', 'pvp', 'Português', 'Raid', 'start', 'PRO', 'Rust']",2026-10-09,05-30-46,Friday
320571274462,101787976,anayan,461221,MARVEL Contest of Champions,414,2026-10-08T18:09:24Z,en,"['hehim', 'english', 'drops', 'partneredstreamer', 'ccp', 'English', 'dropsenabled', 'mcoc', 'marvelcontestofchampions', 'dcko']",2026-10-09,05-30-46,Friday
320667176668,35833485,brozime,66170,Warframe,413,2026-10-08T20:48:03Z,en,"['English', 'IRL']",2026-10-09,05-30-46,Friday
318732089063,37810366,360chrism,19973,Peggle,413,2026-10-08T14:54:25Z,en,"['English', 'European']",2026-10-09,05-30-46,Friday
321720708185,57191679,aramori,1264310518,Marvel Rivals,413,2026-10-08T21:57:13Z,en,"['Competitive', 'ProfessionalPlayers', 'girlgamer', 'catlover', 'WomanEnjoyer', 'HappyJoyousWhimsical', 'Sentinels', 'English', 'DropsEnabled']",2026-10-09,05-30-46,Friday
319244311924,113909438,theschneiderr,19619,Tibia,413,2026-10-08T09:02:47Z,pt,"['Português', 'rubinot', 'Tibia']",2026-10-09,05-30-46,Friday
320717599584,23518699,thdlock,18122,World of Warcraft,413,2026-10-08T20:08:11Z,en,['English'],2026-10-09,05-30-46,Friday
320572148958,109600209,ecto,23311496,Clive Barker's Hellraiser: Revival,412,2026-10-08T19:44:31Z,en,"['vtuber', 'horror', 'adhd', 'monstergirl', 'brat', 'neet', 'VoiceActing', 'English']",2026-10-09,05-30-46,Friday
316551491313,73569767,kanegon1,21779,League of Legends,412,2026-10-08T16:33:17Z,ja,['日本語'],2026-10-09,05-30-46,Friday
318316717528,168845664,vallmier85,32502,World of Warships,412,2026-10-08T19:59:05Z,en,"['SWTOR', 'English', 'DropsEnabled']",2026-10-09,05-30-46,Friday
317963446116,142271083,mozgoejka,401587136,Arena Breakout: Infinite,411,2026-10-08T20:57:08Z,ru,"['Русский', 'Vtuber', 'втубер', 'Витубер', 'ruvtuber', 'DropsВключены']",2026-10-09,05-30-46,Friday
316988403157,124432017,detoo,32399,Counter-Strike,411,2026-10-08T15:59:01Z,no,"['Norsk', 'IRL']",2026-10-09,05-30-46,Friday
318316593752,46029485,disnof,508455,Valheim,410,2026-10-08T19:32:27Z,en,['English'],2026-10-09,05-30-46,Friday
320718687584,149107396,caresapo,21779,League of Legends,410,2026-10-08T21:28:58Z,es,"['Español', 'LoL', 'Vtuber', 'Calvo', 'Furry', 'Therian', 'LGBTQPlus', 'Femboy']",2026-10-09,05-30-46,Friday
319504309591,1059470859,moonbuvr,499003,VRChat,409,2026-10-08T22:01:13Z,en,"['English', 'ASMR', 'sillylittleguy', 'bitesyou', 'meow', 'ENVtuber', 'Vtuber', 'feet', 'Latina', 'Español']",2026-10-09,05-30-46,Friday
321760528858,41598188,mewnfare,1152239118,March of Giants,408,2026-10-08T13:59:28Z,en,"['English', 'DropsEnabled']",2026-10-09,05-30-46,Friday
319247613684,36772976,tecnosh,493057,PUBG: BATTLEGROUNDS,408,2026-10-08T20:36:45Z,pt,"['Português', 'English', 'DropsEnable', 'Pubg', 'ＰＵＢＧ', 'PUBGPartner', 'pubgmobile', 'PUBGSTREAM']",2026-10-09,05-30-46,Friday
316563227122,673440976,im_mittiii,21779,League of Legends,408,2026-10-08T19:14:30Z,ja,['日本語'],2026-10-09,05-30-46,Friday
319504234967,972702837,only1hof,509658,Just Chatting,407,2026-10-08T21:54:17Z,en,"['Dialed', 'English', 'Variety', 'energy', 'ADHD', 'reactions', 'DropsEnabled']",2026-10-09,05-30-46,Friday
317942274786,12585713,threedogg,11557,The Legend of Zelda: Ocarina of Time,407,2026-10-08T16:53:01Z,en,"['English', 'NoBackseating']",2026-10-09,05-30-46,Friday
318317425240,98087706,whatifjulia,369585,Kingdom Hearts III,405,2026-10-08T22:18:06Z,en,"['English', 'pspsps', 'ClosedCaptions', 'LGBTQIAPlus', 'ComfyChaotic', 'FirstPlaythrough', 'sponsored']",2026-10-09,05-30-46,Friday
318929027942,68819821,siormax,23311496,Clive Barker's Hellraiser: Revival,405,2026-10-08T18:40:01Z,it,"['Italiano', 'StreamerCristiano', 'VivaLeForzeDellOrdine', 'NonUnBottegaio']",2026-10-09,05-30-46,Friday
321883180891,136167902,mactics,497057,Destiny 2,404,2026-10-08T17:05:56Z,en,['English'],2026-10-09,05-30-46,Friday
319176004597,35647075,patopapao,2106755390,Graveyard Keeper II,403,2026-10-08T21:21:25Z,pt,"['Pontual', 'Bonito', 'Fitness', 'Lenhador', 'Português']",2026-10-09,05-30-46,Friday
319502702295,159143377,stankrat,464339927,ARC Raiders,403,2026-10-08T18:38:01Z,en,"['English', 'DropsEnabled']",2026-10-09,05-30-46,Friday
317975243235,203429435,originalvicz,123184772,EA Sports FC 27,401,2026-10-08T21:35:24Z,en,['English'],2026-10-09,05-30-46,Friday
316370305133,144694171,senzo,30921,Rocket League,400,2026-10-08T20:24:25Z,ar,['العربية'],2026-10-09,05-30-46,Friday
320666448732,34932688,monkeys_forever,29595,Dota 2,399,2026-10-08T19:35:18Z,en,"['English', 'Educational', 'PMA']",2026-10-09,05-30-46,Friday
317619495287,710432375,twigbot_,518184,Phasmophobia,399,2026-10-08T21:13:11Z,en,"['loud', 'English', 'girl', 'sassy', 'food', 'Phasmophobia', 'LGBTQFriendly', 'SafeSpace', 'Ally', 'DropsEnabled']",2026-10-09,05-30-46,Friday
316990775125,886479303,sormyswag,1506110656,Casino Simulator,398,2026-10-08T22:00:17Z,ru,['Русский'],2026-10-09,05-30-46,Friday
317069421140,142243867,dano,417892,Z1: Battle Royale,397,2026-10-08T17:30:28Z,en,"['English', 'H1Z1']",2026-10-09,05-30-46,Friday
317068369364,525753861,yama_darma,12839,Heroes of Might and Magic III: The Restoration of Erathia,397,2026-10-08T15:34:10Z,ru,['Русский'],2026-10-09,05-30-46,Friday
318927462118,41942332,brix,516575,VALORANT,397,2026-10-08T17:00:00Z,de,"['Deutsch', 'English', 'Wiederholen', 'ValorantPartner', 'valorant', 'ValorantStreaming', 'valorantstream', 'valorantstreamer']",2026-10-09,05-30-46,Friday
317617385335,89462701,jaredrbair,11021459,Kitman,397,2026-10-08T12:51:37Z,en,"['English', 'NoBackseating']",2026-10-09,05-30-46,Friday
317944234082,41426585,elbunkersa,23311496,Clive Barker's Hellraiser: Revival,397,2026-10-08T19:37:36Z,es,"['Español', 'juegos', 'wildproject', 'videojuegos', 'jordiwild', 'PS5', 'Switch', 'Xbox', 'pcgaming', 'SpecialEvents']",2026-10-09,05-30-46,Friday
317975049955,150772439,dannomercy__,491487,Dead by Daylight,396,2026-10-08T21:11:01Z,en,"['English', 'DropsEnabled']",2026-10-09,05-30-46,Friday
318736272487,575410736,youney,32982,Grand Theft Auto V,395,2026-10-08T19:07:32Z,en,"['English', 'NoPixelWL', 'clown', 'English', 'ChillandChaotic', 'NoPixel']",2026-10-09,05-30-46,Friday
318875861861,240992719,snkarma,21779,League of Legends,395,2026-10-08T21:34:16Z,de,"['Gragas', 'Mentality', 'Midlane', 'Deutsch', 'Challenger', 'lol', 'leagueoflegends', 'Educational', 'NoWay']",2026-10-09,05-30-46,Friday
320571638366,121514979,mrsblob,518184,Phasmophobia,394,2026-10-08T18:50:55Z,en,"['English', 'Vtuber', 'CostaRica', 'SoothingVoice', 'Comfy', 'ENVtuber', 'Cozy', 'relaxing', 'DropsEnabled']",2026-10-09,05-30-46,Friday
319502518103,87063933,fir_,492535,Celeste,393,2026-10-08T18:08:26Z,en,"['English', 'Furry', 'Vtuber', 'sometimes', 'LGBTQIAPIus', 'Gay', 'LGBT']",2026-10-09,05-30-46,Friday
321718739673,142145687,pengwin,32982,Grand Theft Auto V,393,2026-10-08T18:47:40Z,en,"['English', 'Chill', 'Anime', 'NotBald', 'PleaseSubscribe', 'Cozy', 'Roleplay', 'DropsEnabled', 'nopixelV', 'nopixel']",2026-10-09,05-30-46,Friday
320719517536,823377662,im_talented__,509658,Just Chatting,393,2026-10-08T22:17:30Z,en,"['spanish', 'family', 'sports', 'SportsTalk', 'sportsentertainment', 'NYCstreamers', 'DominicanRepublic', 'chattingwithviewers', 'MLB', 'English']",2026-10-09,05-30-46,Friday
316561725554,1077670438,sakuro_moonlit,493551,Conan Exiles,392,2026-10-08T11:56:46Z,zh,"['搞笑', 'ｖtuber', 'Vtuber', '新人Vtuber', 'Drop', '中文', '雙格式直播']",2026-10-09,05-30-46,Friday
317619059319,158144404,semispri,509663,Special Events,392,2026-10-08T19:52:17Z,en,"['ADHD', 'captions', 'closedcaptions', 'opencaptions', 'StreamerBot', 'art', 'English', 'Vtuber', 'Animation', 'NoAI']",2026-10-09,05-30-46,Friday
317962552036,42360116,cheese,2692,Super Mario 64,391,2026-10-08T19:41:43Z,en,"['English', 'LGBT', 'speedrunning', 'spanish', 'mario']",2026-10-09,05-30-46,Friday
318737551463,122639650,j0j0c69,21779,League of Legends,390,2026-10-08T20:41:36Z,en,['English'],2026-10-09,05-30-46,Friday
319117128054,78205397,sangras,464339927,ARC Raiders,389,2026-10-08T13:15:49Z,pt,"['sangras', 'Português', 'DropsAtivados']",2026-10-09,05-30-46,Friday
317024592726,739969775,weronest,12839,Heroes of Might and Magic III: The Restoration of Erathia,389,2026-10-08T15:56:49Z,ru,['Русский'],2026-10-09,05-30-46,Friday
318920943334,599459353,knebel_de,71375,Star Citizen,388,2026-10-08T01:19:25Z,de,['Deutsch'],2026-10-09,05-30-46,Friday
318873128677,39054816,sinmivak,21779,League of Legends,387,2026-10-08T17:47:51Z,pl,"['Polski', 'pinglarz']",2026-10-09,05-30-46,Friday
319500738007,190399133,czanee,386821,Black Desert,387,2026-10-08T11:18:05Z,en,"['English', 'DropEnabled', 'IYELLALOT', 'silly', 'wacky', 'goofy', 'LyingEncouraged', 'DropsEnabled']",2026-10-09,05-30-46,Friday
317971506659,215191707,azuurr__,18846,Garry's Mod,386,2026-10-08T16:10:23Z,fr,"['Azuurr', 'NRP', 'Naruto', 'Gmod', 'RP', 'wow', 'lol', 'Français']",2026-10-09,05-30-46,Friday
317066051284,800718186,ruslandvip,509658,Just Chatting,386,2026-10-08T07:45:02Z,ru,"['Русский', 'DropsВключены']",2026-10-09,05-30-46,Friday
320573929054,53648099,warn,515025,Overwatch,386,2026-10-08T22:13:32Z,en,"['overwatch', 'Ranked', 'Competitive', 'ADHD', 'Ashe', 'drops', 'English', 'overwatch2', 'DropsEnabled']",2026-10-09,05-30-46,Friday
317024013526,770762177,mariospzoo,509658,Just Chatting,386,2026-10-08T14:36:48Z,pl,"['Polski', 'DropyWłączone']",2026-10-09,05-30-46,Friday
317959971044,645911728,khadim,1763263,nanos world,385,2026-10-08T16:15:35Z,fr,['Français'],2026-10-09,05-30-46,Friday
319503644247,197406569,thenicolet,116747788,"Pools, Hot Tubs, and Beaches",385,2026-10-08T20:51:06Z,en,"['English', 'asmr', 'woman', 'egirl', 'findom', 'feet', 'uwu', 'licking']",2026-10-09,05-30-46,Friday
317070315732,900633547,favorite,32982,Grand Theft Auto V,383,2026-10-08T19:14:05Z,en,"['vrchat', 'Vtuber', 'feet', 'ASMR', 'VR', 'English', 'Gremlin', 'brat', 'NoPixelV']",2026-10-09,05-30-46,Friday
316076087121,41343682,helenalive,29595,Dota 2,383,2026-10-08T19:11:00Z,en,"['English', 'IRL', 'girl', 'Friendly', 'cosy', 'Princess', 'DropsEnabled']",2026-10-09,05-30-46,Friday
321883349595,234775606,vulpixie,24241,FINAL FANTASY XIV ONLINE,382,2026-10-08T17:29:17Z,en,"['English', 'vtuber', 'ENVtuber', 'anime', 'vulpixie', 'ALOO', 'NoSpoilersNoBackseating', 'squonkqueen']",2026-10-09,05-30-46,Friday
317070691796,71521770,tomatos,138585,Hearthstone,382,2026-10-08T20:11:08Z,ru,['Русский'],2026-10-09,05-30-46,Friday
317945816674,28276981,frenchstallion,26936,Music,382,2026-10-08T22:10:43Z,en,"['English', 'Montréal', 'guitar', 'Metal', 'GIGACHAD', 'Québécois', 'music', 'Français', 'Metalhead', 'Rocksmith']",2026-10-09,05-30-46,Friday
320716946400,43059157,senevades,771448419,AION 2,381,2026-10-08T19:09:10Z,en,"['English', 'Chıll', 'music', 'ARPG', 'RPG', 'MMO', 'MMORPG', 'LooterShooter', 'DropsEnabled']",2026-10-09,05-30-46,Friday
319501714391,17252665,race,509110,Risk of Rain 2,381,2026-10-08T15:49:20Z,en,"['Hardmode', 'Educational', 'Rainglish', 'English', 'Eclipse']",2026-10-09,05-30-46,Friday
318316731608,142055874,lolesportsla,21779,League of Legends,380,2026-10-08T20:02:21Z,es,"['LATAM', 'LOLLATAM', 'leagueoflegends', 'Esports', 'CBLOL', 'LCS', 'Español', 'DropsActivados']",2026-10-09,05-30-46,Friday
317024888278,482219642,dannykoopa,464339927,ARC Raiders,380,2026-10-08T16:31:05Z,ru,"['Русский', 'DropsВключены']",2026-10-09,05-30-46,Friday
320718856544,823477341,thenigelb,509658,Just Chatting,380,2026-10-08T21:39:44Z,en,"['English', 'DropsEnabled']",2026-10-09,05-30-46,Friday
318316667736,650109763,iodiopt,509658,Just Chatting,379,2026-10-08T19:49:13Z,en,"['English', 'DropsEnabled']",2026-10-09,05-30-46,Friday
320715107808,122320848,maciejay,460630,Rainbow Six Siege,379,2026-10-08T16:09:00Z,en,"['English', 'DropsEnabled']",2026-10-09,05-30-46,Friday
320666224732,57747669,macho,504463,Tom Clancy's The Division 2,378,2026-10-08T19:10:09Z,en,"['English', 'DropsEnabled']",2026-10-09,05-30-46,Friday
319234403188,529162179,dropsbadge,115977,The Witcher 3: Wild Hunt,378,2026-10-07T03:20:13Z,en,"['English', 'badges', 'Drop', 'TheWitcher3WildHunt', 'DropsEnabled', 'thewitcher3remastered', 'DropsActive']",2026-10-09,05-30-46,Friday
318871045349,1252947491,badgetracker,547208385,Vaultbreakers,377,2026-10-08T15:18:36Z,en,"['Русский', 'English', 'Badge', 'DropsВключены', 'VAULTBREAKERS']",2026-10-09,05-30-46,Friday
320572014558,106008951,saltydolphin,510204,Thief Simulator,377,2026-10-08T19:31:02Z,en,"['English', 'Pokemon', 'ironMON', 'Horseexpert', 'VGC', 'kaizoironmon', 'Pokemonchampions', 'Superkaizo', 'largesack']",2026-10-09,05-30-46,Friday
319248699764,58393005,calango,509658,Just Chatting,377,2026-10-08T22:16:34Z,pt,"['Português', 'DropsAtivados']",2026-10-09,05-30-46,Friday
319504266327,501717654,potasticp,493174,Jackbox Party Packs,376,2026-10-08T21:57:07Z,en,"['English', 'Snacks', 'expertgigagamer']",2026-10-09,05-30-46,Friday
319246308596,160925541,kekedepatinete,19619,Tibia,375,2026-10-08T17:45:23Z,pt,"['Português', 'Tibia', 'rubinot', 'tibiaglobal', 'MMORPG', 'Rubinot', 'RUBINIOT']",2026-10-09,05-30-46,Friday
316096129234,608852885,priscillaliaud,509658,Just Chatting,375,2026-10-08T19:35:42Z,fr,"['LGBTAQIAplus', 'LGBT', 'SexualThemes', 'Asexual', 'Demisexual', 'Bisexual', 'Pansexual', 'EducationalStream', 'AMA', 'francais']",2026-10-09,05-30-46,Friday
321884379099,24057744,sneegsnag,2042681592,Minecraft Dungeons II,375,2026-10-08T19:34:31Z,en,"['English', 'ADHD', 'farts', 'react', 'hardcore', 'horror', 'minecraft', 'mcc', 'truecrime']",2026-10-09,05-30-46,Friday
321884357467,38368079,garek,32982,Grand Theft Auto V,374,2026-10-08T19:32:04Z,en,"['Anime', 'IBS', 'Vtuber', 'Cringe', 'English', 'bald', 'corn', 'NoPixelV']",2026-10-09,05-30-46,Friday
318317165528,1102230979,adilswrld,516575,VALORANT,374,2026-10-08T21:31:45Z,en,"['English', 'ADHD', 'silly', 'LOUD', 'valorant']",2026-10-09,05-30-46,Friday
318876025189,1001370563,nardix69,32399,Counter-Strike,374,2026-10-08T21:58:11Z,en,"['English', 'ADHD', 'giveaway', 'giveaway', 'gambling']",2026-10-09,05-30-46,Friday
319173750645,412088077,rodrigobugado,19619,Tibia,373,2026-10-08T15:04:33Z,pt,['Português'],2026-10-09,05-30-46,Friday
317972720995,21080562,mrbboy45,32982,Grand Theft Auto V,373,2026-10-08T18:04:54Z,fr,"['Français', 'MrBboy45', 'Horreur', 'Drôle', 'GTA', 'RP', 'Roleplay', 'pokemon', 'DropsActivés']",2026-10-09,05-30-46,Friday
321721061465,43204993,lilaggy,1122982998,Dark Souls: Remastered,372,2026-10-08T22:23:02Z,en,['English'],2026-10-09,05-30-46,Friday
318310280536,1305342529,theburntpeanut_247,499973,Always On,372,2026-10-07T23:30:04Z,en,"['English', 'VOD', 'Rerun', 'arcraiders', 'tobacco']",2026-10-09,05-30-46,Friday
318926974182,165204409,comp_lol,21779,League of Legends,372,2026-10-08T16:24:11Z,el,['Ελληνικά'],2026-10-09,05-30-46,Friday
318736127719,60336811,gioee,509658,Just Chatting,371,2026-10-08T19:00:12Z,it,"['ospiti', 'Italiano', 'gioee', 'storielle', 'justchatting', 'salotto', 'gioeebanda', 'LGBTQ', 'appuntamento', 'INTRATTENIMENTO']",2026-10-09,05-30-46,Friday
317618947319,660555943,jayunmatched,509658,Just Chatting,371,2026-10-08T19:31:15Z,en,"['justchatting', 'd10', 'English']",2026-10-09,05-30-46,Friday
320665264988,159239770,spoopykitt,509658,Just Chatting,371,2026-10-08T17:31:26Z,en,['English'],2026-10-09,05-30-46,Friday
319119946358,875578543,gentlemantn,498566,Slots,371,2026-10-08T21:31:17Z,en,['English'],2026-10-09,05-30-46,Friday
317618842487,143173994,snamwiches,1663723394,Gears of War: E-Day,371,2026-10-08T19:10:55Z,en,"['Whimsy', 'Joy', 'Happiness', 'Smiles', 'Rainbows', 'Masochism', 'achievementhunting', 'challengerun', 'English']",2026-10-09,05-30-46,Friday
317963960548,175348316,ouaiseddy,509658,Just Chatting,369,2026-10-08T21:45:12Z,fr,"['Français', 'DropsActivés']",2026-10-09,05-30-46,Friday
317071133140,63737082,anastaze,32399,Counter-Strike,368,2026-10-08T21:42:05Z,ru,['Русский'],2026-10-09,05-30-46,Friday
317021392598,262949237,dimataboo,1923236616,Magic Chess: Go Go,367,2026-10-08T04:02:12Z,ru,"['Русский', 'MagicChessGoGo', 'MCGG', 'ПАХАН', 'DimaTaboo', 'МагическиеШахматы', 'ДимаТабу', 'MCGGRUCreators', 'Повтор']",2026-10-09,05-30-46,Friday
317972474979,216906109,mezzogiorno,32982,Grand Theft Auto V,367,2026-10-08T17:47:04Z,it,"['Italiano', 'Drop', 'GTAV', 'rockstargames', 'drops', 'gtavi', 'gta6']",2026-10-09,05-30-46,Friday
317025638358,1310141648,k0gass28,32399,Counter-Strike,366,2026-10-08T18:07:42Z,ru,"['English', 'k0gaSs', 'faceit', '4kelo', 'pro', 'Русский', 'Spirit', 'SpiritAcademy']",2026-10-09,05-30-46,Friday
319246063732,513443866,lanje_live,18122,World of Warcraft,366,2026-10-08T17:09:47Z,pt,"['Português', 'English', 'RPG', 'MMORPG', 'MMO']",2026-10-09,05-30-46,Friday
320715382240,734132328,timthetatmanvods,499973,Always On,365,2026-10-08T16:39:03Z,en,['English'],2026-10-09,05-30-46,Friday
319502522199,117481096,cjya,2692,Super Mario 64,365,2026-10-08T18:09:20Z,en,"['English', 'ilovevolleyball', 'inamedsurfcanceling', 'onepiecefan', 'dellapookie', 'Cooking', 'haikyuufan']",2026-10-09,05-30-46,Friday
319172683253,105007799,artilh3iro,19619,Tibia,364,2026-10-08T09:13:19Z,pt,"['Português', 'PXGTibia', 'EXQUECE', 'monohunt', 'pxg']",2026-10-09,05-30-46,Friday
318926251750,269636706,gripey,508948,Raid: Shadow Legends,364,2026-10-08T15:29:03Z,de,"['Deutsch', 'Fortnite', 'WAVEBOYS', 'Wave', 'drops']",2026-10-09,05-30-46,Friday
320572209118,121135020,moxsy,771448419,AION 2,364,2026-10-08T19:51:17Z,en,"['English', 'DropsEnabled']",2026-10-09,05-30-46,Friday
321885219931,443042349,ohkatiemarie,23311496,Clive Barker's Hellraiser: Revival,364,2026-10-08T20:57:43Z,en,['English'],2026-10-09,05-30-46,Friday
320668128092,97202067,coolkidfrmbx,491878,BeamNG.drive,364,2026-10-08T22:06:30Z,en,['English'],2026-10-09,05-30-46,Friday
321884597083,172390266,hiimsky,515025,Overwatch,363,2026-10-08T19:57:32Z,en,"['SPEEDSPORT', 'English', 'zarya', 'zarya', 'zarya', 'zarya', 'zarya', 'zarya', 'zarya', 'DropsEnabled']",2026-10-09,05-30-46,Friday
317963176164,212356813,genuine993,23311496,Clive Barker's Hellraiser: Revival,363,2026-10-08T20:33:37Z,es,"['Español', 'hellraiser', 'hellraiserrevival']",2026-10-09,05-30-46,Friday
320655884380,765082469,nybergdm,509658,Just Chatting,363,2026-10-07T23:22:25Z,ru,"['Русский', 'English', 'Українська', 'Cleveland', 'Ohio', 'Music', 'Gaming', 'Politics', 'DropsВключены']",2026-10-09,05-30-46,Friday
316990802133,467361415,bulashhbh,32982,Grand Theft Auto V,361,2026-10-08T22:10:55Z,ru,['Русский'],2026-10-09,05-30-46,Friday
318873086309,704011193,vikspielt,1979693660,Transport Fever 3,361,2026-10-08T17:44:58Z,de,"['Entspannt', 'OhneTeeisnichtOkay', 'SafeSpace', 'Deutsch', 'Chill', 'challenge', 'Tipps', 'Aufbau', 'DropsAktiviert']",2026-10-09,05-30-46,Friday
320573609182,31723226,cobaltstreak,1414860634,The Binding of Isaac: Repentance,361,2026-10-08T21:53:35Z,en,"['English', 'isaac', 'Roguelike', 'Roguelite', 'Furry', 'Friendly', 'DungeonsandDragons', 'Chıll', 'mewgenics', 'CatBreeding']",2026-10-09,05-30-46,Friday
317974715363,442679049,etreinfame,513143,Teamfight Tactics,361,2026-10-08T20:32:33Z,fr,['Français'],2026-10-09,05-30-46,Friday
317962183140,8793847,ortopilot,26936,Music,360,2026-10-08T19:11:06Z,en,"['music', 'loops', 'Singing', 'guitar', 'piano', 'ableton', 'livelooping', 'vibes', 'English', 'Acoustic']",2026-10-09,05-30-46,Friday
319117841014,1329395372,thayywin,29452,Virtual Casino,360,2026-10-08T15:57:05Z,pt,"['Português', 'slots']",2026-10-09,05-30-46,Friday
318737576039,241402613,flubytv,32399,Counter-Strike,359,2026-10-08T20:44:18Z,en,"['CS2', 'Esports', 'English', 'ESL', 'Procyon', 'BestiaAcademy']",2026-10-09,05-30-46,Friday
317974413667,58712106,marcuszeboulet,474709880,STAR WARS: Galactic Racer,359,2026-10-08T20:03:47Z,fr,['Français'],2026-10-09,05-30-46,Friday
319176319477,116824266,ricardoquik,32399,Counter-Strike,359,2026-10-08T21:59:15Z,pt,"['sorteios', 'CS2', 'Português', 'PIX', 'counterstrike2', 'sorteiodeskins', 'farm', 'skin', 'fps', 'dinheiroaovivo']",2026-10-09,05-30-46,Friday
318871231333,65757403,kutcherlol,21779,League of Legends,358,2026-10-08T15:36:11Z,de,"['superintelligent', 'gutaussehend', 'bescheiden', 'Deutsch']",2026-10-09,05-30-46,Friday
320719324640,1149685538,krankzorn,32399,Counter-Strike,357,2026-10-08T22:06:42Z,it,"['italian', 'italy', 'counterstrike', 'cs', 'Italiano']",2026-10-09,05-30-46,Friday
321881286107,77573531,liminhag0d,464339927,ARC Raiders,357,2026-10-08T11:03:56Z,pt,"['Português', 'DropsAtivados']",2026-10-09,05-30-46,Friday
321764314842,134249978,simonizeshow,18122,World of Warcraft,356,2026-10-08T21:48:32Z,en,['English'],2026-10-09,05-30-46,Friday
320667301212,477885912,bullet,602040818,NBA 2K27,356,2026-10-08T20:59:48Z,en,"['English', 'DropsEnable', 'dropson']",2026-10-09,05-30-46,Friday
319119639670,603038814,gbfaria06,32399,Counter-Strike,356,2026-10-08T20:52:29Z,pt,"['English', 'Portuguêse', 'Espàñol', 'Português']",2026-10-09,05-30-46,Friday
317943893986,52341091,caliebre,509663,Special Events,356,2026-10-08T19:11:09Z,es,"['Español', 'DropsActivados']",2026-10-09,05-30-46,Friday
318310988504,884338173,ferretsoftware,272263131,"Animals, Aquariums, and Zoos",356,2026-10-08T01:04:17Z,en,"['Ferret', 'Tube', 'Long', 'Wiggler', 'CatSnake', 'Noodle', 'Stinky', 'English', 'DropsEnabled']",2026-10-09,05-30-46,Friday
316151095017,822807591,nyxie,498592,I'm Only Sleeping,354,2026-10-07T02:25:20Z,en,"['English', 'Anime', 'ADHD', 'indie', 'Vtuber', 'LGBTQ', 'Australian', 'AutismBatman', 'subathon', 'DropsEnabled']",2026-10-09,05-30-46,Friday
318736848231,705364715,mthd4s,138585,Hearthstone,354,2026-10-08T19:43:23Z,en,"['English', 'goat', 'educational', 'ProfessionalGamer']",2026-10-09,05-30-46,Friday
319120240374,269502009,catbrii,1441208453,Once Human,353,2026-10-08T22:04:02Z,es,"['Español', 'aniimocreator', 'oncehumancreator', 'MyAniimo']",2026-10-09,05-30-46,Friday
319173513461,39762161,carolzinhasg,771448419,AION 2,353,2026-10-08T14:01:10Z,pt,"['DropsAtivados', 'Português', 'aion2', 'carolzinhsg', 'mmorpg', 'cs', 'pb']",2026-10-09,05-30-46,Friday
318930354790,94635296,lubo_87_,19554,iRacing,351,2026-10-08T20:15:59Z,en,['English'],2026-10-09,05-30-46,Friday
317069015764,9528182,chilledchaos,499973,Always On,350,2026-10-08T16:47:11Z,en,"['English', 'ItalianSafeSpace', 'ChilledChaos', 'LyingEncouraged', 'seventeencarat', 'AmongUs', 'Multiplayer', 'aioptedout']",2026-10-09,05-30-46,Friday
317068645332,73625408,kate,32982,Grand Theft Auto V,349,2026-10-08T16:05:04Z,en,"['RP', 'English', 'NoPixel', 'NoPixelWL', 'NoPixelRP', 'Cozy', 'ADHD', 'NPV', 'nopixelv', 'DropsEnabled']",2026-10-09,05-30-46,Friday
321720035545,30475945,arar,509658,Just Chatting,349,2026-10-08T21:00:53Z,en,"['English', 'HowFastCanYouDrawADolphin', 'Cooking', 'dude', 'PantsGrab', 'MeatGolem', 'DreamRot', 'ScoobyDooLike', 'DropsEnabled']",2026-10-09,05-30-46,Friday
319113485302,566263788,tomziinhoc,19619,Tibia,349,2026-10-08T01:39:30Z,pt,['Português'],2026-10-09,05-30-46,Friday
317944322658,222021043,lowlessxd,516575,VALORANT,349,2026-10-08T19:44:15Z,fr,"['Français', 'English']",2026-10-09,05-30-46,Friday
317945417826,118962389,dub_ok_tv,29595,Dota 2,349,2026-10-08T21:23:37Z,ru,"['Русский', 'Терпила', 'Пискля', 'Омега', 'ExitLagAffiliate', 'Гайдовсос', 'Бухлядь', 'Воздухан', 'Филателист', 'ДитяТаверны']",2026-10-09,05-30-46,Friday
321760555354,65995830,isiinggunz,19976,MapleStory,349,2026-10-08T14:03:51Z,en,"['rn', 'LaTale', 'English']",2026-10-09,05-30-46,Friday
319175013877,134826318,nattank,19619,Tibia,348,2026-10-08T18:59:41Z,pt,"['Português', 'Tibia']",2026-10-09,05-30-46,Friday
318737430887,1128067071,evilkingmlbb,494184,Mobile Legends: Bang Bang,347,2026-10-08T20:29:49Z,ru,"['Русский', 'mlbb', 'evilking', 'mobilelegends', 'evilkingmlbb', 'общение', 'mobilelegendsLive', 'моба', 'TeamYandex', 'IRL']",2026-10-09,05-30-46,Friday
320717874016,112410413,knight,512710,Call of Duty: Warzone,347,2026-10-08T20:31:31Z,en,"['warzone', 'English']",2026-10-09,05-30-46,Friday
321885610587,139660583,ttporky,32959,Heroes of the Storm,347,2026-10-08T21:29:05Z,en,['English'],2026-10-09,05-30-46,Friday
321883578459,24761645,cirno_tv,676802825,Big Walk,347,2026-10-08T18:01:15Z,en,"['English', 'CatGirlsareruiningmylife', 'fumo', 'ChadGameplay', 'VtuberEN', 'Vtuber']",2026-10-09,05-30-46,Friday
321720124889,563769653,meagonn,27471,Minecraft,347,2026-10-08T21:08:10Z,en,"['minecraft', 'English', 'SMP', 'decayedanddecrepit', 'NQH', 'notquitehuman', 'SurfaceTension']",2026-10-09,05-30-46,Friday
317069484116,146495671,krasnalcs,32399,Counter-Strike,346,2026-10-08T17:37:30Z,pl,"['Polski', 'counterstrike', 'faceit', 'English', 'CS2', 'csgo', 'Polska', 'dzinold', 'donk', 's1mpleo']",2026-10-09,05-30-46,Friday
318931336422,1309996034,fred1uk,32399,Counter-Strike,345,2026-10-08T21:47:55Z,en,['English'],2026-10-09,05-30-46,Friday
320718051552,47606906,mews,516575,VALORANT,345,2026-10-08T20:45:21Z,en,"['English', 'COZY', 'anime', 'dallas', 'viet', 'dance', 'viewergames', 'DeadWeight', 'Furry', 'feet']",2026-10-09,05-30-46,Friday
319238524020,181077473,gaules,29106,S.T.A.L.K.E.R. 2: Heart of Chornobyl,344,2026-10-07T19:21:32Z,pt,['Português'],2026-10-09,05-30-46,Friday
318873719525,89569580,rallencs2,32399,Counter-Strike,343,2026-10-08T18:23:42Z,pl,"['Polski', 'faceit', 'English', 'cs', 'CS2', 'angielski', 'counterstrike', 'counterstrike2']",2026-10-09,05-30-46,Friday
317619430391,562314750,marisoki,509658,Just Chatting,343,2026-10-08T21:01:20Z,en,"['English', 'cult', 'Awkward', 'Autistic', 'DropsEnabled']",2026-10-09,05-30-46,Friday
320571035742,31470495,carian,771448419,AION 2,343,2026-10-08T17:45:22Z,en,"['English', 'funny', 'Chıll', 'Vtuber', 'gamergirl', 'ExtractionLooter', 'Chatty', 'DropsEnabled']",2026-10-09,05-30-46,Friday
319502526423,7832442,rifftrax,499973,Always On,342,2026-10-08T18:10:08Z,en,['English'],2026-10-09,05-30-46,Friday
319503836631,137909053,ms_tricky,509658,Just Chatting,342,2026-10-08T21:09:20Z,en,"['English', 'findom', 'FINDOMME', 'Goddess', 'paypig', 'mommy', 'feet', 'ASMR', 'Princess', 'DropsEnabled']",2026-10-09,05-30-46,Friday
317015542102,1357360792,badgebase,435870350,Dragon's Dogma II,342,2026-10-07T07:53:13Z,en,"['English', 'DropsEnabled']",2026-10-09,05-30-46,Friday
320570807390,112822444,shotz,417892,Z1: Battle Royale,342,2026-10-08T17:21:32Z,en,"['English', 'Shooter', 'Boomer', 'shotz', 'Malding', 'Roleplay', 'STARFORGE']",2026-10-09,05-30-46,Friday
321885584219,265701457,klaire,509658,Just Chatting,341,2026-10-08T21:26:52Z,en,"['cats', 'ADHD', 'putmeoninthebackground', 'English', 'chicago', 'DropsEnabled', 'subathon']",2026-10-09,05-30-46,Friday
320666650716,1012005919,xdeeracks,511224,Apex Legends,340,2026-10-08T19:56:49Z,en,"['English', 'activestreamer', 'Black', 'Comptetitive', 'chill', 'funny', 'PS5', '2K27']",2026-10-09,05-30-46,Friday
320719236448,670654028,tarakaminarito,509659,ASMR,340,2026-10-08T22:02:06Z,en,"['vtuber', 'fast', 'puppy', 'English']",2026-10-09,05-30-46,Friday
318315736408,492780599,aaronactionrpg,503932,Last Epoch,340,2026-10-08T16:18:20Z,en,"['gamer', 'gaming', 'actionrpg', 'arpg', 'mmorpg', 'le', 'lastepoch', 'English']",2026-10-09,05-30-46,Friday
320651181788,182506427,yeatle,515025,Overwatch,339,2026-10-07T16:33:43Z,en,"['English', 'DropsEnabled']",2026-10-09,05-30-46,Friday
318316559192,114578033,novasobored,32982,Grand Theft Auto V,339,2026-10-08T19:24:00Z,en,"['English', 'gaming', 'NoPixel', 'NoPixelV']",2026-10-09,05-30-46,Friday
321763651162,99169317,xeppaa,516575,VALORANT,339,2026-10-08T20:51:30Z,en,['English'],2026-10-09,05-30-46,Friday
316989123541,726985396,titanthef,771448419,AION 2,339,2026-10-08T17:20:32Z,ru,"['Русский', 'доброта', 'DropsВключены']",2026-10-09,05-30-46,Friday
320666209372,122979652,aikobliss,32982,Grand Theft Auto V,338,2026-10-08T19:08:05Z,en,"['English', 'Variety', 'react', 'gaming', 'ADHD', 'CutiesOnly', 'NoPixel', 'NoPixelWL']",2026-10-09,05-30-46,Friday
321719994713,26551727,mang0,330654616,Rivals of Aether II,338,2026-10-08T20:58:01Z,en,['English'],2026-10-09,05-30-46,Friday
318734881639,137718813,namvseyasno,18958,Dragon Age™: Origins,337,2026-10-08T17:54:33Z,ru,['Русский'],2026-10-09,05-30-46,Friday
317023675478,1526455995,r2turbo,502829,R2 Online: Reign of Revolution,337,2026-10-08T13:43:35Z,ru,"['Повтор', 'Русский', 'r2TURBO']",2026-10-09,05-30-46,Friday
318876059365,4102418,benzaie,1663723394,Gears of War: E-Day,337,2026-10-08T22:03:14Z,fr,['Français'],2026-10-09,05-30-46,Friday
317974377187,168605141,raimakgames,491487,Dead by Daylight,337,2026-10-08T20:00:52Z,es,"['Español', 'dbd', 'terror', 'EspacioSeguro', 'contentcreator', 'Phasmophobia', 'deadbydaylight', 'DropsActivados']",2026-10-09,05-30-46,Friday
319504026327,135897760,bootyswagga,509658,Just Chatting,336,2026-10-08T21:30:59Z,en,"['English', 'girl', 'feet', 'caseoh', 'ishowspeed', 'chicago', 'funny', 'faze', 'movie', 'AIOptedOut']",2026-10-09,05-30-46,Friday
317969558371,63072834,delux,464339927,ARC Raiders,336,2026-10-08T11:49:41Z,it,"['Italiano', 'delux', 'addobbo', 'Inglese', 'DropAbilitati']",2026-10-09,05-30-46,Friday
317944464866,528897216,ilgabbrone,509672,IRL,335,2026-10-08T19:54:38Z,it,['Italiano'],2026-10-09,05-30-46,Friday
319176262389,39670993,dante_will,509658,Just Chatting,335,2026-10-08T21:53:36Z,pt,"['Português', 'VtuberBR', 'Vtuber', 'DropsAtivados']",2026-10-09,05-30-46,Friday
318929598950,246064572,andiloco_cs,32399,Counter-Strike,335,2026-10-08T19:19:03Z,en,"['kosova', 'shqip', 'albanian', 'cs2', 'faceit', '3kelo', 'English', 'casino', 'casinostream', 'prishtina']",2026-10-09,05-30-46,Friday
319120299510,174914285,pninefps,29452,Virtual Casino,335,2026-10-08T22:09:33Z,pt,['Português'],2026-10-09,05-30-46,Friday
319175184885,52614128,thedarkness,743893402,WARDOGS,335,2026-10-08T19:25:07Z,pt,"['cs', 'battlefield', 'GTARP', 'GTARP', 'warzone', 'calldofduty', 'Português', 'WARDOGS', 'sniper']",2026-10-09,05-30-46,Friday
319503068247,511579230,maisy,1728683467,Core Keeper,334,2026-10-08T19:32:50Z,en,"['English', 'peepeepoopoo', 'LGBTQIAPlus', 'women', 'jenniferaniston', 'AIOptedOut', 'NoGenerativeAI', 'DualFormatStream', 'streamoween', 'DropsEnabled']",2026-10-09,05-30-46,Friday
