id,user_id,user_login,game_id,game_name,viewer_count,started_at,language,tags,snapshot_date,snapshot_time,snapshot_day
319349511127,552120296,zackrawrr,1338428218,CONTROL Resonant,37854,2026-09-25T17:28:33Z,en,"['English', 'politics', 'bald', 'DropsEnabled']",2026-09-26,07-37-11,Saturday
319350237911,71092938,xqc,32982,Grand Theft Auto V,33955,2026-09-25T19:19:18Z,en,"['English', 'femboy', 'DropsEnabled']",2026-09-26,07-37-11,Saturday
320479870556,472066926,theburntpeanut,508455,Valheim,27708,2026-09-25T23:08:55Z,en,"['English', 'funny', 'gaming', 'Ptuber', 'fpsgames', 'Variety', 'tobacco', 'Peanut']",2026-09-26,07-37-11,Saturday
318209295192,107117952,jasontheween,509658,Just Chatting,22126,2026-09-25T20:16:56Z,en,"['English', 'DropsEnabled']",2026-09-26,07-37-11,Saturday
321531684185,1062474432,kingdaviddoit,26936,Music,20390,2026-09-25T23:58:39Z,en,"['English', 'DropsEnabled']",2026-09-26,07-37-11,Saturday
318208994264,40934651,ludwig,509658,Just Chatting,15519,2026-09-25T19:29:49Z,en,"['English', 'lolcow', 'AIOptedOut', 'DropsEnabled']",2026-09-26,07-37-11,Saturday
318576570599,12875057,gronkh,2106755390,Graveyard Keeper II,15511,2026-09-25T16:05:22Z,de,"['TollerStream', 'SoEinTollerStream', 'EinfachNurToll', 'Wirklich', 'toll', 'Deutsch']",2026-09-26,07-37-11,Saturday
319350954199,23936415,jerma985,32982,Grand Theft Auto V,14715,2026-09-25T20:56:38Z,en,"['English', 'Retired', 'ExtrovertedIntrovert', 'BroadcastArc', 'VirgoLibra', 'BigJ', 'XpressRediSetGoFanclub', 'UncEra', 'DropsEnabled']",2026-09-26,07-37-11,Saturday
317526154231,422243447,vanillamace,210472759,Shift at Midnight,13574,2026-09-25T22:56:38Z,en,"['English', 'girl', 'pretty', 'awesome', 'cool', 'chill', 'vanilla', 'vanillamace', 'DropsEnabled']",2026-09-26,07-37-11,Saturday
317526351351,797196666,carterefe,509658,Just Chatting,12818,2026-09-25T23:26:16Z,en,"['English', 'DropsEnabled']",2026-09-26,07-37-11,Saturday
317524734711,136765278,buddha,32982,Grand Theft Auto V,12700,2026-09-25T18:00:11Z,en,"['English', 'DropsEnabled']",2026-09-26,07-37-11,Saturday
321580767322,121510236,juansguarnizo,27471,Minecraft,11677,2026-09-25T20:07:48Z,es,['Español'],2026-09-26,07-37-11,Saturday
318209451992,42022015,nakkida,32982,Grand Theft Auto V,11319,2026-09-25T20:41:30Z,en,"['English', 'DropsEnabled']",2026-09-26,07-37-11,Saturday
321530434649,121059319,moonmoon,508455,Valheim,11096,2026-09-25T22:47:30Z,en,"['English', 'godgamer', 'doglover', 'BodyPositive', 'HealthGuru', 'Gymrat', 'Balding', 'Abusive']",2026-09-26,07-37-11,Saturday
319350603991,91067577,emiru,18122,World of Warcraft,11038,2026-09-25T20:11:00Z,en,"['English', 'Cosplay', 'DropsEnabled']",2026-09-26,07-37-11,Saturday
320476468572,37402112,shroud,743893402,WARDOGS,10581,2026-09-25T18:35:07Z,en,"['English', 'DropsEnabled']",2026-09-26,07-37-11,Saturday
317855997027,155601320,jltomy,32982,Grand Theft Auto V,10287,2026-09-25T19:21:29Z,fr,"['Français', 'DropsActivés']",2026-09-26,07-37-11,Saturday
319350846167,79615025,valkyrae,32982,Grand Theft Auto V,9491,2026-09-25T20:43:22Z,en,"['English', 'DropsEnabled']",2026-09-26,07-37-11,Saturday
317517837047,175831187,ironmouse,509658,Just Chatting,9230,2026-09-24T15:38:20Z,en,"['English', 'Anime', 'Singing', 'puertorico', 'Vtuber', 'Latino', 'vtuber', 'DropsEnabled']",2026-09-26,07-37-11,Saturday
320518181856,128293484,k3soju,513143,Teamfight Tactics,9163,2026-09-25T16:27:33Z,en,['English'],2026-09-26,07-37-11,Saturday
319350925911,42032495,tinakitten,263490,Rust,8874,2026-09-25T20:53:16Z,en,"['English', 'dum', 'DropsEnabled']",2026-09-26,07-37-11,Saturday
321694401883,59624901,payo,18122,World of Warcraft,8558,2026-09-25T12:22:32Z,en,"['English', 'Québec', 'Quebec', 'Français', 'Canadian', 'Canada', 'PVP', 'WoW', 'Hardcore', 'qc']",2026-09-26,07-37-11,Saturday
318773827814,31919607,elxokas,1469308723,Software and Game Development,8408,2026-09-25T19:46:10Z,es,['Español'],2026-09-26,07-37-11,Saturday
318774915046,993419763,marvelrivals,1264310518,Marvel Rivals,8102,2026-09-25T21:16:01Z,en,"['TPS', 'shooting', 'English', 'shootinggames', 'DropsEnabled']",2026-09-26,07-37-11,Saturday
318209698776,119795835,aldo_geo,27471,Minecraft,8047,2026-09-25T21:19:06Z,es,"['Español', 'Guapo', 'Nahual', 'Piedrita', 'Hidrocalido', 'Aguascalientes', 'México', 'SingleMotherHunter', 'NiñoNintendo', 'DropsActivados']",2026-09-26,07-37-11,Saturday
318209509848,25093116,fl0m,32399,Counter-Strike,8019,2026-09-25T20:50:17Z,en,"['BEARD', 'Washed', 'Pro', 'CONTENT', 'FAT', 'NotFat', 'NOTlate', 'SwoleDaddy', 'English', 'DropsEnabled']",2026-09-26,07-37-11,Saturday
320476009052,26490481,summit1g,18122,World of Warcraft,7782,2026-09-25T17:39:02Z,en,"['English', 'DropsEnabled']",2026-09-26,07-37-11,Saturday
319004306934,38244180,alanzoka,1338428218,CONTROL Resonant,7134,2026-09-25T18:25:01Z,pt,"['Idoso', 'Gostoso', 'Papai', 'Português', 'DropsAtivados']",2026-09-26,07-37-11,Saturday
318714505829,52345220,tisischubech,123184772,EA Sports FC 27,7116,2026-09-25T15:44:55Z,de,"['Deutsch', 'fussball', 'tisischubech', 'EAFC27']",2026-09-26,07-37-11,Saturday
319351445079,211234859,adapt,509658,Just Chatting,6696,2026-09-25T21:53:40Z,en,"['English', 'Adapt', 'DropsEnabled']",2026-09-26,07-37-11,Saturday
320381433950,56990029,chatterbox,32982,Grand Theft Auto V,6178,2026-09-25T17:18:36Z,en,"['English', 'NoPixel', 'NoPixelV', 'Clown', 'chatterbox', 'DropsEnabled']",2026-09-26,07-37-11,Saturday
319349154647,62595539,realzbluewater,33214,Fortnite,6148,2026-09-25T16:24:53Z,en,"['PositiveVibes', 'Variety', 'gaming', 'FamilyFriendly', 'Community', 'English']",2026-09-26,07-37-11,Saturday
317525954167,27992608,pikabooirl,18122,World of Warcraft,5810,2026-09-25T22:24:30Z,en,"['English', 'DropsEnabled']",2026-09-26,07-37-11,Saturday
321579297370,887001013,nico_la,509672,IRL,5648,2026-09-25T17:10:31Z,fr,"['Français', 'drole', 'humour', 'nico', 'nicotine', 'nicola', 'IRL', 'react']",2026-09-26,07-37-11,Saturday
317526506359,98014947,thefutaccountant,518203,Sports,5577,2026-09-25T23:49:55Z,en,"['English', 'DropsEnabled']",2026-09-26,07-37-11,Saturday
321527937113,51496027,loltyler1,21779,League of Legends,5444,2026-09-25T19:27:14Z,en,"['English', 'loltyler1', 'tyler1']",2026-09-26,07-37-11,Saturday
319351903703,687186861,deshaefrost,509672,IRL,5381,2026-09-25T22:41:11Z,en,"['English', 'DESHAEFROST', 'Capaholics', 'deshae', 'streamerprom']",2026-09-26,07-37-11,Saturday
317841585123,25722719,dakillzor,27546,World of Tanks,5242,2026-09-24T07:40:13Z,en,"['English', 'DropsEnabled']",2026-09-26,07-37-11,Saturday
320471621852,123275679,amazonmusic,26936,Music,5214,2026-09-25T04:00:25Z,en,"['English', 'amazonmusic', 'MusicEvents', 'IRL', 'noahkahan', 'AmazonMusicLive', 'AML']",2026-09-26,07-37-11,Saturday
321529914073,660840731,happyhappygal,33214,Fortnite,5065,2026-09-25T22:13:18Z,en,"['Christian', 'Women', 'Woman', 'Girl', 'Female', 'PlayingWithViewers', 'FamilyFriendly', 'Fortnite', 'ZeroBuild', 'English']",2026-09-26,07-37-11,Saturday
320474275420,42583390,xchocobars,263490,Rust,5002,2026-09-25T13:44:51Z,en,"['English', 'xRizzBars', 'StingerQueen', 'DropsEnabled', 'TARJAN']",2026-09-26,07-37-11,Saturday
318770601446,430023505,xrohat,32982,Grand Theft Auto V,4941,2026-09-25T16:14:03Z,de,"['Deutsch', 'DropsAktiviert']",2026-09-26,07-37-11,Saturday
320381939806,119415848,anthonyz,32982,Grand Theft Auto V,4856,2026-09-25T18:20:26Z,en,"['English', 'nopixel', 'Rp', 'gta', 'NightZoom', 'FiveM', 'GTARP', 'Nopixelv', 'nopixelv', 'DropsEnabled']",2026-09-26,07-37-11,Saturday
321578877658,38746172,esfandtv,18122,World of Warcraft,4855,2026-09-25T16:08:48Z,en,"['English', 'NoPixel', 'GTARP', 'Cornwood', 'DropsEnabled']",2026-09-26,07-37-11,Saturday
316305625453,41487980,pauleta_twitch,509658,Just Chatting,4851,2026-09-25T20:36:10Z,fr,"['Français', 'DropsActivés']",2026-09-26,07-37-11,Saturday
318775083238,121835095,mellstroy,29595,Dota 2,4547,2026-09-25T21:32:25Z,ru,['Русский'],2026-09-26,07-37-11,Saturday
318716686309,91026471,giggand,32982,Grand Theft Auto V,4518,2026-09-25T18:05:50Z,de,"['Deusch', 'Deutsch', 'DropsAktiviert']",2026-09-26,07-37-11,Saturday
321578640602,133220545,jay3,1264310518,Marvel Rivals,4381,2026-09-25T15:30:40Z,en,"['English', 'DropsEnabled']",2026-09-26,07-37-11,Saturday
321699407451,43650535,zwebackhd,123184772,EA Sports FC 27,4302,2026-09-25T22:21:48Z,en,"['FIFA', 'SPORTS', 'SOCCER', 'English', 'FC']",2026-09-26,07-37-11,Saturday
320479764828,26610234,cohhcarnage,508455,Valheim,4259,2026-09-25T23:03:07Z,en,"['SFW', 'Parent', 'ADHD', 'moderated', 'NoPolitics', 'NoReligion', 'Interactive', 'Overencumbered', 'LootGoblin', 'English']",2026-09-26,07-37-11,Saturday
320480305628,451786566,silky,509658,Just Chatting,4177,2026-09-25T23:34:07Z,en,"['English', 'VTuber', 'StreamerUniversity', 'DropsEnabled', 'core']",2026-09-26,07-37-11,Saturday
318582634343,80584722,lucashr,32982,Grand Theft Auto V,4156,2026-09-25T23:37:59Z,it,"['italiano', 'fps', 'giochi', 'Italiano', 'sparatutto', 'DropAbilitati']",2026-09-26,07-37-11,Saturday
317825310178,63675549,kaydop,30921,Rocket League,4103,2026-09-25T21:18:42Z,fr,"['Français', 'rocketleague', 'SSL', 'kaydop', 'DropsActivés']",2026-09-26,07-37-11,Saturday
319064604789,471175257,facada,509658,Just Chatting,4042,2026-09-25T22:31:46Z,pt,"['Português', 'DropsAtivados']",2026-09-26,07-37-11,Saturday
317825494498,203429435,originalvicz,123184772,EA Sports FC 27,4005,2026-09-25T21:37:06Z,en,['English'],2026-09-26,07-37-11,Saturday
318577496935,798314399,tumbluwaitingroom,509658,Just Chatting,3970,2026-09-25T17:08:37Z,it,"['Italiano', 'DropAbilitati']",2026-09-26,07-37-11,Saturday
317524882167,570335223,rayasianboy,509658,Just Chatting,3951,2026-09-25T18:38:59Z,en,"['English', 'Taiwan', '中文', '台語', 'AMP', 'Ray', 'DropsEnabled']",2026-09-26,07-37-11,Saturday
320478591452,7010591,uhn,32982,Grand Theft Auto V,3923,2026-09-25T21:45:51Z,en,"['retired', 'unretired', 'English', 'DropsEnabled', 'NopixelV']",2026-09-26,07-37-11,Saturday
316495039089,896388738,henyathegenius,4667,Bully: Scholarship Edition,3815,2026-09-25T22:49:23Z,en,"['English', 'Vtuber', '日本語', 'Bilingual', 'Henya', 'HenyaTheGenius', 'へにゃ', 'Anime', 'Japanese']",2026-09-26,07-37-11,Saturday
321580196570,96858382,erobb221,32982,Grand Theft Auto V,3809,2026-09-25T19:03:39Z,en,"['English', 'DropsEnabled']",2026-09-26,07-37-11,Saturday
318209063128,40017619,doublelift,21779,League of Legends,3713,2026-09-25T19:41:06Z,en,"['English', 'FurryFriendly', 'Vtuber', 'MoggingExpert', 'looksmaxxing', 'chadmaxxing', 'pngtuber']",2026-09-26,07-37-11,Saturday
321696433243,100408103,zchum,263490,Rust,3629,2026-09-25T17:33:05Z,en,"['English', 'DropsEnabled']",2026-09-26,07-37-11,Saturday
321695495131,488996078,pepe,461221,MARVEL Contest of Champions,3588,2026-09-25T15:35:33Z,es,"['Español', 'English', 'Português', 'DropsActivados']",2026-09-26,07-37-11,Saturday
321698304859,632564662,chibidoki,27471,Minecraft,3572,2026-09-25T20:47:52Z,en,"['vtuber', 'furry', 'bowsertoes', 'anime', 'adhd', 'gremlin', 'English']",2026-09-26,07-37-11,Saturday
319338784599,121111915,hjune,263490,Rust,3531,2026-09-24T18:21:20Z,en,"['English', 'DropsEnabled']",2026-09-26,07-37-11,Saturday
319349264599,149439626,blooprint,263490,Rust,3470,2026-09-25T16:46:36Z,en,"['English', 'DropsEnabled']",2026-09-26,07-37-11,Saturday
316031624017,42351942,nissaxter,21779,League of Legends,3455,2026-09-25T21:12:05Z,es,['Español'],2026-09-26,07-37-11,Saturday
321528768985,84316241,penta,32982,Grand Theft Auto V,3398,2026-09-25T20:47:31Z,en,"['English', 'Educational', 'Socialeating', 'DropsEnabled']",2026-09-26,07-37-11,Saturday
319064579445,127506955,pubg_battlegrounds,493057,PUBG: BATTLEGROUNDS,3201,2026-09-25T22:29:09Z,en,"['English', 'PUBG', 'BATTLEGROUNDS', 'Esports', 'DropsEnabled']",2026-09-26,07-37-11,Saturday
316987894868,1318974958,lentbb,32399,Counter-Strike,3178,2026-09-25T22:35:56Z,ru,"['Русский', 'Liquid', 'NRG', 'iBUYPOWER', 'iBUYPOWERMastersFML', 'Masters']",2026-09-26,07-37-11,Saturday
318773619558,821717189,ilrossopiubelloditwitch,509658,Just Chatting,3178,2026-09-25T19:30:58Z,it,"['Italiano', 'ilrosso', 'Cabaret', 'salottino', 'DropAbilitati']",2026-09-26,07-37-11,Saturday
317523417719,124494583,peterpark,263490,Rust,3066,2026-09-25T10:26:05Z,en,"['English', 'DropsEnabled']",2026-09-26,07-37-11,Saturday
318702213093,490666905,whylollycry,509658,Just Chatting,3023,2026-09-24T14:39:15Z,ru,"['Русский', 'whylollycry', 'пикми', 'DropsВключены']",2026-09-26,07-37-11,Saturday
318578528743,51653974,coachlim,509658,Just Chatting,2970,2026-09-25T18:10:14Z,de,"['Deutsch', 'DropsAktiviert']",2026-09-26,07-37-11,Saturday
320386683102,842475656,cam2r,509658,Just Chatting,2957,2026-09-26T00:01:06Z,en,"['English', 'cam2r', 'funny', 'scary', 'LOUD', 'funny', 'DropsEnabled']",2026-09-26,07-37-11,Saturday
321699364699,95055754,diazbiffle,512710,Call of Duty: Warzone,2932,2026-09-25T22:18:07Z,en,"['Warzone', 'English']",2026-09-26,07-37-11,Saturday
320480058844,136192832,tminnzy,1960720223,SILENT HILL: townfall,2922,2026-09-25T23:20:21Z,en,"['English', 'Gaming', 'FirstPlaythrough', 'Horror', 'SurvivalHorror', 'StoryGame', 'ScaryGames', 'NoSpoilers', 'Reactions', 'Playthrough']",2026-09-26,07-37-11,Saturday
318772294502,36954803,h2p_gucio,516575,VALORANT,2898,2026-09-25T18:05:30Z,pl,"['Polski', 'DropyWłączone']",2026-09-26,07-37-11,Saturday
321695232859,146922206,imperialhal__,417892,Z1: Battle Royale,2845,2026-09-25T15:01:08Z,en,"['English', 'DropsEnabled']",2026-09-26,07-37-11,Saturday
317810857314,789080214,huntpremier,380978759,Escape from Tarkov: Arena,2831,2026-09-24T12:50:52Z,en,"['English', 'DropsEnabled']",2026-09-26,07-37-11,Saturday
318762024678,42616914,sven,263490,Rust,2830,2026-09-24T18:56:03Z,en,"['English', 'Rust', 'DropsEnabled']",2026-09-26,07-37-11,Saturday
319352716759,591995115,morgpie,509658,Just Chatting,2815,2026-09-25T23:55:42Z,en,"['English', 'DropsEnabled']",2026-09-26,07-37-11,Saturday
319350970711,23528098,avoidingthepuddle,1050003477,The Elder Scrolls V: Skyrim - Special Edition,2805,2026-09-25T20:59:01Z,en,['English'],2026-09-26,07-37-11,Saturday
318719690981,512901888,s_chilla,32399,Counter-Strike,2798,2026-09-25T21:29:40Z,ru,['Русский'],2026-09-26,07-37-11,Saturday
320380665694,427632467,lvndmark,401587136,Arena Breakout: Infinite,2714,2026-09-25T15:35:12Z,en,"['English', 'DropsEnabled']",2026-09-26,07-37-11,Saturday
319350596951,24538518,sneakylol,21779,League of Legends,2673,2026-09-25T20:09:54Z,en,['English'],2026-09-26,07-37-11,Saturday
320384262366,1530090126,hustleiq,670138298,Madden NFL 27,2663,2026-09-25T21:47:24Z,en,['English'],2026-09-26,07-37-11,Saturday
319349912535,738493418,madi2hottyy,509672,IRL,2662,2026-09-25T18:32:03Z,en,"['English', 'madi2hottyy', 'IRL', 'streamer', 'justcchatting']",2026-09-26,07-37-11,Saturday
318774917606,104320683,move_mind,32982,Grand Theft Auto V,2510,2026-09-25T21:16:13Z,pt,"['Português', 'DropsAtivados']",2026-09-26,07-37-11,Saturday
318201093464,52028814,abe,263490,Rust,2500,2026-09-24T18:41:07Z,en,"['English', 'DropsEnabled']",2026-09-26,07-37-11,Saturday
317525580663,38881685,boxbox,513143,Teamfight Tactics,2495,2026-09-25T21:11:33Z,en,['English'],2026-09-26,07-37-11,Saturday
320476489692,36973271,geega,32982,Grand Theft Auto V,2456,2026-09-25T18:37:59Z,en,"['English', 'Vtuber', 'Evil', 'CancerSurvivor', 'NoPixel', 'DropsEnabled', 'NoPixelV', 'DorpsEnobbled']",2026-09-26,07-37-11,Saturday
320474863580,25458544,sequisha,743893402,WARDOGS,2442,2026-09-25T15:13:00Z,en,"['English', 'Solo', 'comedy', 'DropsEnabled']",2026-09-26,07-37-11,Saturday
321700417243,41616317,bigpuffer,509658,Just Chatting,2413,2026-09-25T23:31:18Z,en,"['jeff', 'English', 'DropsEnabled']",2026-09-26,07-37-11,Saturday
320479199580,161737008,kyootbot,509658,Just Chatting,2410,2026-09-25T22:28:55Z,en,"['English', 'Asian', 'MANIC', 'esoteric', 'AntiEvil', 'marvelrivals', 'gnosis', 'love', 'DropsEnabled', 'TwitchCon2026']",2026-09-26,07-37-11,Saturday
321526988505,31545223,agurin,21779,League of Legends,2387,2026-09-25T17:41:16Z,de,"['Deutsch', 'English']",2026-09-26,07-37-11,Saturday
318208623192,105584645,zoomaa,417892,Z1: Battle Royale,2377,2026-09-25T18:27:53Z,en,['English'],2026-09-26,07-37-11,Saturday
318716697573,36620767,agraelus,610706148,Woman Simulator,2362,2026-09-25T18:06:21Z,cs,['Čeština'],2026-09-26,07-37-11,Saturday
320481201500,173444606,aceakers,509658,Just Chatting,2352,2026-09-26T00:21:01Z,en,"['English', 'DropsEnabled']",2026-09-26,07-37-11,Saturday
318770408678,834113869,judah_xx,29595,Dota 2,2343,2026-09-25T16:00:46Z,ru,"['Русский', 'English']",2026-09-26,07-37-11,Saturday
321578889434,36324138,distortion2,1338428218,CONTROL Resonant,2341,2026-09-25T16:10:41Z,en,"['Speedrun', 'Chad', 'Loves', 'Anime', 'And', 'Stalling', 'English', 'DropsEnabled']",2026-09-26,07-37-11,Saturday
320385122398,84751370,dnegspoker,488190,Poker,2290,2026-09-25T22:41:16Z,en,['English'],2026-09-26,07-37-11,Saturday
319350737623,8683614,zfg1,11557,The Legend of Zelda: Ocarina of Time,2241,2026-09-25T20:28:30Z,en,"['English', 'Speedrun', 'Randomizer']",2026-09-26,07-37-11,Saturday
320523063904,38251312,paymoneywubby,263490,Rust,2173,2026-09-25T23:32:17Z,en,"['English', 'DropsEnabled']",2026-09-26,07-37-11,Saturday
319352983127,437396969,jennmcallister,509658,Just Chatting,2131,2026-09-26T00:14:57Z,en,"['BeautifulWoman', 'StunninglyBeautiful', 'Mawmaw', 'chill', 'English', 'DropsEnabled']",2026-09-26,07-37-11,Saturday
319349806423,196858,omie,32982,Grand Theft Auto V,2121,2026-09-25T18:15:51Z,en,"['English', 'DropsEnabled']",2026-09-26,07-37-11,Saturday
317855390819,707288845,mehditdonc,1763263,nanos world,2118,2026-09-25T18:41:11Z,fr,['Français'],2026-09-26,07-37-11,Saturday
321695363291,40972890,admiralbahroo,779192097,Fire Emblem: Fortune's Weave,2117,2026-09-25T15:16:52Z,en,"['English', 'Vtuber', 'Panda', 'ProfessionalThrowing', 'DropsEnabled']",2026-09-26,07-37-11,Saturday
316505370354,124430873,vanilla_shironeko,1181639856,Survival Log,2095,2026-09-25T12:48:24Z,zh,['中文'],2026-09-26,07-37-11,Saturday
318208256216,200397160,dvces,499634,Crypto,2048,2026-09-25T17:15:00Z,en,['English'],2026-09-26,07-37-11,Saturday
316501537778,796563995,longspeedrunsummit,958788473,Tengai Makyou Zero,2038,2026-09-24T14:29:03Z,ja,"['日本語', 'RTAイベント', 'RTA', 'Speedrun', 'イベント', '長時間']",2026-09-26,07-37-11,Saturday
321700894939,1541192487,mid_allin,498566,Slots,2033,2026-09-25T23:59:34Z,en,['English'],2026-09-26,07-37-11,Saturday
318703800805,25821344,shenpai,23857,Pokémon HeartGold/SoulSilver,1977,2026-09-24T16:51:20Z,en,"['English', 'OhGodHelpMe', 'NoBackseating', 'Bisexual', 'WomenKisser', 'yaoiconnoisseur', 'ADHD', 'TransRights', 'NoGenAI', 'antiGenAI']",2026-09-26,07-37-11,Saturday
317526434167,16689163,criken,457551837,the cabin game,1963,2026-09-25T23:38:32Z,en,"['Comfy', 'Roleplay', 'Interactive', 'English']",2026-09-26,07-37-11,Saturday
320517123040,128892121,welyn,263490,Rust,1956,2026-09-25T14:16:35Z,en,"['English', 'DropsEnabled']",2026-09-26,07-37-11,Saturday
319351806423,31062476,fobm4ster,513181,Genshin Impact,1948,2026-09-25T22:30:47Z,en,"['English', 'DropsEnabled']",2026-09-26,07-37-11,Saturday
319352997975,76252345,bazerk4,509658,Just Chatting,1921,2026-09-26T00:16:09Z,en,"['English', 'DropsEnabled']",2026-09-26,07-37-11,Saturday
321579500890,94130217,gingy,1282866981,Delta Force,1907,2026-09-25T17:37:58Z,en,"['English', 'NoSpoilersNoBackseating', 'DropsEnabled']",2026-09-26,07-37-11,Saturday
316985664468,1054416358,kadobes2,498566,Slots,1905,2026-09-25T17:06:33Z,en,['English'],2026-09-26,07-37-11,Saturday
321581432282,111297034,porcelainmaid,11557,The Legend of Zelda: Ocarina of Time,1897,2026-09-25T21:09:08Z,en,"['VTuber', 'FirstPlaythrough', 'VoiceActing', 'Anime', 'English', 'Horror', 'artist', 'Cozy', 'Doll', 'Dad']",2026-09-26,07-37-11,Saturday
320385559902,56865374,barbarousking,13389,Age of Empires II,1896,2026-09-25T23:03:59Z,en,"['English', 'BaldWelcome', 'Kaizo', 'GorillaWins', 'memberofparliament', 'bauserhaus']",2026-09-26,07-37-11,Saturday
318209190232,104410477,humzh,1534124527,Five Hearts Under One Roof,1883,2026-09-25T20:00:43Z,en,['English'],2026-09-26,07-37-11,Saturday
321564715738,87803283,the_happy_hob,27471,Minecraft,1859,2026-09-24T13:06:36Z,en,"['NECK', 'DONK', 'ADHD', 'British', 'SpanishAswell', 'English']",2026-09-26,07-37-11,Saturday
316985664724,1054415727,sapypo15,29452,Virtual Casino,1822,2026-09-25T17:06:33Z,pt,['Português'],2026-09-26,07-37-11,Saturday
319135056116,187352927,meikodrj,509658,Just Chatting,1813,2026-09-25T22:16:35Z,pt,['Português'],2026-09-26,07-37-11,Saturday
320385644894,238498798,kingsman265_twitch,1264310518,Marvel Rivals,1811,2026-09-25T23:08:15Z,en,"['English', 'MarvelRivalsGorr', 'DropsEnabled']",2026-09-26,07-37-11,Saturday
318716926949,31507411,dougdoug,521885043,Infinite Craft,1807,2026-09-25T18:19:32Z,en,"['MainCharacter', 'Divorced', 'English', 'NotBald', 'Ctierstreamer', 'baby', 'littletinybaby', 'RepealTheThird', 'HotAndRich', 'GoodAtMetroidvanias']",2026-09-26,07-37-11,Saturday
316985672148,1054415749,myvotok64,29452,Virtual Casino,1805,2026-09-25T17:06:34Z,pt,['Português'],2026-09-26,07-37-11,Saturday
319352073943,171474199,blueryai,509658,Just Chatting,1805,2026-09-25T22:58:52Z,en,"['English', 'Black', 'funny', 'W', 'L', 'Blueryai', 'BBG', 'memes', 'DropsEnabled']",2026-09-26,07-37-11,Saturday
320478631004,24124090,datmodz,515024,Diablo IV,1777,2026-09-25T21:49:00Z,en,"['AMA', 'English', 'DropsEnabled']",2026-09-26,07-37-11,Saturday
316908656341,125658197,nexe_,509658,Just Chatting,1773,2026-09-25T17:25:59Z,pl,"['pl', 'nexe', 'EngIish', 'ENsubtitles', 'subtitles', '333', 'Polski', 'DropyWłączone']",2026-09-26,07-37-11,Saturday
318207544280,421560387,itsryanhiga,263490,Rust,1764,2026-09-25T14:09:23Z,en,"['english', 'English', 'DropsEnabled']",2026-09-26,07-37-11,Saturday
316985645396,1543654927,anarabdullaev_57347,29595,Dota 2,1760,2026-09-25T17:06:13Z,en,['English'],2026-09-26,07-37-11,Saturday
317856279267,210485458,agentemaxo,1851360928,POOL LOOP,1759,2026-09-25T19:41:00Z,es,"['Español', 'DropsActivados']",2026-09-26,07-37-11,Saturday
319134488308,109622850,vornixfunk,509672,IRL,1757,2026-09-25T21:12:30Z,es,['Español'],2026-09-26,07-37-11,Saturday
320385713886,1106657346,sugarfree,515025,Overwatch,1731,2026-09-25T23:12:02Z,en,['English'],2026-09-26,07-37-11,Saturday
320382577886,117911231,bradygoo,509658,Just Chatting,1720,2026-09-25T19:29:38Z,en,"['English', 'bradygoo', 'goo', 'DropsEnabled']",2026-09-26,07-37-11,Saturday
321578614874,147953635,space,1264310518,Marvel Rivals,1703,2026-09-25T15:27:00Z,en,"['English', 'brainrot', 'VarietyStreamer', 'onetrick', 'unemployed', 'yelling', 'chameless', 'WaitingRoom', 'parttimer', 'DropsEnabled']",2026-09-26,07-37-11,Saturday
316985663956,1054416007,bygyxogy,498566,Slots,1699,2026-09-25T17:06:33Z,pt,['Português'],2026-09-26,07-37-11,Saturday
321581319386,230583557,itskxtlyn,499003,VRChat,1690,2026-09-25T20:59:56Z,en,"['English', 'Vtuber', 'ASMR', 'meowmeowmeowmeowmeowmeow', 'ENVtuber', 'brat', 'ADHD']",2026-09-26,07-37-11,Saturday
317846831076,154132449,melhssn_,516575,VALORANT,1685,2026-09-25T19:36:46Z,fr,['Français'],2026-09-26,07-37-11,Saturday
318713527397,1227964961,zarbex_tv,509658,Just Chatting,1675,2026-09-25T14:17:49Z,de,['Deutsch'],2026-09-26,07-37-11,Saturday
320381760222,1200831758,caseoh247,509658,Just Chatting,1672,2026-09-25T18:00:18Z,en,"['caseoh', 'Caseohgames', 'VOD', 'reruns', 'Rerun', 'English', 'DropsEnabled']",2026-09-26,07-37-11,Saturday
319349803223,45302947,iitztimmy,516575,VALORANT,1668,2026-09-25T18:15:25Z,en,"['English', 'iiTzHimothy', 'RedBullGuy', 'PlayApexStreamer', 'mightbestupid']",2026-09-26,07-37-11,Saturday
316942326742,157644799,bandospapa,509658,Just Chatting,1667,2026-09-25T19:43:35Z,ru,"['Русский', 'DropsВключены']",2026-09-26,07-37-11,Saturday
318210751192,401436670,florescent,516575,VALORANT,1664,2026-09-25T23:59:17Z,en,"['English', 'chopped', '5ft2irl', 'CantAim', 'REALDEMON']",2026-09-26,07-37-11,Saturday
319353213271,83402203,fuslie,263490,Rust,1654,2026-09-26T00:32:44Z,en,"['English', 'DropsEnabled']",2026-09-26,07-37-11,Saturday
318210083032,105750155,thimagroo,509658,Just Chatting,1647,2026-09-25T22:19:12Z,pt,"['Português', 'DropsAtivados']",2026-09-26,07-37-11,Saturday
317852290403,38446500,revenant,1338428218,CONTROL Resonant,1645,2026-09-25T13:50:27Z,es,"['Español', 'DropsActivados']",2026-09-26,07-37-11,Saturday
321528583897,116706369,mictia00,27471,Minecraft,1638,2026-09-25T20:30:26Z,es,"['Ama', 'comer', 'charlar', 'multijugador', 'espectadores', 'DropsActivados', 'Español']",2026-09-26,07-37-11,Saturday
318581141991,1349723141,yung777mockba,509658,Just Chatting,1636,2026-09-25T21:00:23Z,ru,"['Русский', 'gta', 'gta5rp', 'янг', 'yung', 'DropsВключены']",2026-09-26,07-37-11,Saturday
316906009685,87791915,ilame,743893402,WARDOGS,1635,2026-09-25T10:56:30Z,ru,"['Русский', 'отвалжопы', 'Геморрой', 'гейминг', 'donttouchgrasschallenge', 'Skuffed', 'penusripper', 'аим400кг', 'янебудуигратьвдоту', 'DropsВключены']",2026-09-26,07-37-11,Saturday
318770543974,29468517,pago3,32399,Counter-Strike,1634,2026-09-25T16:09:36Z,pl,"['Polski', 'English']",2026-09-26,07-37-11,Saturday
319003808886,582336589,cesgod,461221,MARVEL Contest of Champions,1630,2026-09-25T17:01:22Z,es,"['cesgod', 'cesgame', 'peru', 'mcoc', 'marvelcontestofchampions', 'mexico', 'Español', 'English', 'EnabledDrops', 'DropsActivados']",2026-09-26,07-37-11,Saturday
319351939415,43223443,hunterowner,498566,Slots,1613,2026-09-25T22:45:22Z,en,['English'],2026-09-26,07-37-11,Saturday
317826045026,173713008,waolol1,21779,League of Legends,1612,2026-09-25T22:43:57Z,fr,['Français'],2026-09-26,07-37-11,Saturday
316942466006,806175043,lizabaktt,509658,Just Chatting,1599,2026-09-25T20:03:06Z,ru,"['Русский', 'DropsВключены']",2026-09-26,07-37-11,Saturday
317855025123,177146919,florence,570615518,Resonance: A Plague Tale Legacy,1596,2026-09-25T18:14:56Z,fr,['Français'],2026-09-26,07-37-11,Saturday
321527744985,32093909,ahlaundoh,18122,World of Warcraft,1562,2026-09-25T19:06:49Z,en,"['English', 'DropsEnabled']",2026-09-26,07-37-11,Saturday
316275102188,176314965,swimy,123184772,EA Sports FC 27,1558,2026-09-25T22:13:21Z,ar,['العربية'],2026-09-26,07-37-11,Saturday
319135809908,62336028,burgaofps,509658,Just Chatting,1557,2026-09-25T23:29:23Z,pt,"['Português', 'DropsAtivados']",2026-09-26,07-37-11,Saturday
321580402522,158577991,carmen,32982,Grand Theft Auto V,1541,2026-09-25T19:28:11Z,en,"['English', 'rp', 'cringe', 'woman', 'toxic', 'feet', 'DropsEnabled']",2026-09-26,07-37-11,Saturday
316067998312,44574567,lysium,32982,Grand Theft Auto V,1539,2026-09-25T18:56:10Z,en,"['Filipino', 'React', 'NoPixel', 'English', 'RP', 'Roleplay', 'DropsEnabled']",2026-09-26,07-37-11,Saturday
318716566245,144274705,pesh,32982,Grand Theft Auto V,1532,2026-09-25T17:59:56Z,it,"['Italiano', 'pelato', 'DropAbilitati']",2026-09-26,07-37-11,Saturday
321696889563,114942381,coopertv,32399,Counter-Strike,1529,2026-09-25T18:21:07Z,en,['English'],2026-09-26,07-37-11,Saturday
317847611108,95263266,mohleking,123184772,EA Sports FC 27,1474,2026-09-25T20:40:53Z,fr,['Français'],2026-09-26,07-37-11,Saturday
319349093207,27446144,fubgun,18122,World of Warcraft,1470,2026-09-25T16:13:23Z,en,"['English', 'drops', 'DropsEnabled']",2026-09-26,07-37-11,Saturday
320480152540,80585512,yusuf7n,509658,Just Chatting,1468,2026-09-25T23:25:50Z,en,"['English', 'KODE', 'STICKTOTHEKODE', 'DropsEnabled']",2026-09-26,07-37-11,Saturday
318581611879,141453518,simkinpro,518203,Sports,1458,2026-09-25T21:42:57Z,ru,"['тренировки', 'герои', 'dota', 'варкрафт', 'тренировка', 'Русский', 'DropsВключены']",2026-09-26,07-37-11,Saturday
321582647002,11824781,themrsark,743893402,WARDOGS,1457,2026-09-25T22:40:04Z,en,"['English', 'NoBackseating', 'woof', 'DropsEnabled']",2026-09-26,07-37-11,Saturday
318757519846,36998510,rob2628,515024,Diablo IV,1445,2026-09-24T13:23:20Z,en,"['English', 'Deutsch', 'ARPG', 'DropsEnabled']",2026-09-26,07-37-11,Saturday
320520808672,116142296,zerbs,1960720223,SILENT HILL: townfall,1435,2026-09-25T21:00:50Z,en,['English'],2026-09-26,07-37-11,Saturday
318712774629,84539108,nisqyy,516575,VALORANT,1434,2026-09-25T13:02:19Z,fr,"['Français', 'Chıll', 'English', 'Europe', 'leagueoflegends', 'MOBA', 'Anime', 'movie', 'gaming', 'food']",2026-09-26,07-37-11,Saturday
321697472987,27050161,nutreo,32982,Grand Theft Auto V,1430,2026-09-25T19:26:12Z,en,"['NoPixel', 'NoPixelWL', 'GTARP', 'Roleplay', 'AMA', 'nopixelV', 'DropsEnabled', 'English']",2026-09-26,07-37-11,Saturday
318210647512,29899360,mattmorselive,18122,World of Warcraft,1426,2026-09-25T23:45:20Z,en,['English'],2026-09-26,07-37-11,Saturday
320384393182,56582404,chrismelberger,1288749557,Dressmaker,1416,2026-09-25T21:56:44Z,en,"['Loud', 'AlwaysHasBeen', 'English', 'GrownMan', 'BetterThanSamiAtFortnite', 'OldButStillChillLowkey', 'neatdude', 'NoBackseating', 'Unc', 'DropsEnabled']",2026-09-26,07-37-11,Saturday
316986994388,182324263,lampachmen,509658,Just Chatting,1412,2026-09-25T19:32:36Z,ru,"['Русский', 'DropsВключены']",2026-09-26,07-37-11,Saturday
321528968665,109431309,german_intelligence,27546,World of Tanks,1395,2026-09-25T21:02:53Z,en,"['English', 'DropsEnabled']",2026-09-26,07-37-11,Saturday
319003539958,124656692,seucreysonreborn,509658,Just Chatting,1392,2026-09-25T16:06:40Z,pt,"['Português', 'dota2', 'Coach', 'campeonato', 'campeão', 'CampeãoBrasileiro', 'MOBA', 'DropsAtivados']",2026-09-26,07-37-11,Saturday
318716927333,53831996,grandpoobear,521885043,Infinite Craft,1392,2026-09-25T18:19:32Z,en,"['English', 'hotmen', '1', 'Crack', 'zaddy', 'zaddylicious', 'HelpCenter', 'SexyMan']",2026-09-26,07-37-11,Saturday
321531833049,143293869,mrwobblestwitch,263490,Rust,1374,2026-09-26T00:04:18Z,en,"['English', 'DropsEnabled']",2026-09-26,07-37-11,Saturday
321696218587,133896185,sheefgg,491931,Escape from Tarkov,1372,2026-09-25T17:09:16Z,en,"['English', 'NewPlayerFriendly', 'Chıll', 'BigBenisEnergy']",2026-09-26,07-37-11,Saturday
319061981045,956784486,surskity11,509658,Just Chatting,1369,2026-09-25T15:36:14Z,pt,"['Português', 'DropsAtivados']",2026-09-26,07-37-11,Saturday
316987918036,1540299592,r2onlinerise,502829,R2 Online: Reign of Revolution,1354,2026-09-25T22:44:07Z,ru,['Русский'],2026-09-26,07-37-11,Saturday
318770345318,126902046,lobanjicaa,498566,Slots,1330,2026-09-25T15:57:25Z,en,"['English', 'funny', 'counterstrike', 'cs2', 'reactions', 'csgo']",2026-09-26,07-37-11,Saturday
316932541270,202684068,axel_tv,380978759,Escape from Tarkov: Arena,1326,2026-09-24T12:08:21Z,en,"['English', 'german', 'food', 'chill', 'Русский', 'DropsEnabled']",2026-09-26,07-37-11,Saturday
320380971358,81628627,gladd,508455,Valheim,1324,2026-09-25T16:17:58Z,en,"['English', 'Relatable', 'Chill', 'ChallengeRun', 'Unfiltered']",2026-09-26,07-37-11,Saturday
318209575256,598403800,juniperactias,2121806469,S.T.A.L.K.E.R. G.A.M.M.A.,1322,2026-09-25T21:00:41Z,en,"['vtuber', 'monstergirl', 'mothgirl', 'English', 'ChillVibes', 'discomfortstreamer', 'ComfyChaotic', 'honkoid', 'PanicPixieDreamGirl']",2026-09-26,07-37-11,Saturday
320520587360,119522206,trey24k,380978759,Escape from Tarkov: Arena,1322,2026-09-25T20:42:37Z,en,"['English', 'pain', 'suffering', 'DropsEnabled']",2026-09-26,07-37-11,Saturday
320384256606,74799314,fancyorb,263490,Rust,1285,2026-09-25T21:46:57Z,en,"['fancyorb', 'rust', 'gaming', 'event', 'English', 'DropsEnabled']",2026-09-26,07-37-11,Saturday
321581914586,1352024332,b1gk3v718,602040818,NBA 2K27,1284,2026-09-25T21:49:58Z,en,['English'],2026-09-26,07-37-11,Saturday
317857057123,147300700,baptistao,123184772,EA Sports FC 27,1269,2026-09-25T20:37:23Z,es,"['fútbol', 'fifa', 'Español', 'charlando', 'fc27']",2026-09-26,07-37-11,Saturday
316909977685,698924516,witchblvde,29595,Dota 2,1267,2026-09-25T20:46:30Z,ru,"['English', 'Русский', 'Бизнес', 'Демонтаж', 'Українська', 'Приключение', 'Приколы']",2026-09-26,07-37-11,Saturday
319348995543,451856419,hpduketv,32982,Grand Theft Auto V,1265,2026-09-25T15:55:19Z,en,"['English', 'DropsEnabled']",2026-09-26,07-37-11,Saturday
318711832165,132289488,hollywood285,123184772,EA Sports FC 27,1265,2026-09-25T11:12:47Z,it,"['Italiano', 'fc26', 'fc27', 'hollywood285', 'fifa', 'nellonigro', 'packopening', 'English', 'calcio', 'DropAbilitati']",2026-09-26,07-37-11,Saturday
321579648218,238008719,deusamir,27471,Minecraft,1261,2026-09-25T17:57:32Z,es,"['Español', 'DeusAmir', 'Amir']",2026-09-26,07-37-11,Saturday
318770709094,810054395,maimaittv,509658,Just Chatting,1256,2026-09-25T16:22:36Z,ja,"['日本語', '台灣', 'deadbydaylight', 'dbdcreator', '旅行', 'IRL', '雑談', '中文', 'English', 'Drops有効']",2026-09-26,07-37-11,Saturday
318563059303,636587384,alveussanctuary,272263131,"Animals, Aquariums, and Zoos",1251,2026-09-24T13:31:45Z,en,"['English', 'TogetherForGood', 'purplemartins', 'Charity', 'DropsEnabled']",2026-09-26,07-37-11,Saturday
320387247838,59635827,supertf,515025,Overwatch,1247,2026-09-26T00:29:30Z,en,"['English', 'FleshTuber', 'DropsEnabled']",2026-09-26,07-37-11,Saturday
317823637730,1135402907,imow,401587136,Arena Breakout: Infinite,1238,2026-09-25T18:43:40Z,en,"['ABI', 'English', 'imow', 'DropsEnabled']",2026-09-26,07-37-11,Saturday
321700699099,35987962,linustech,417752,Talk Shows & Podcasts,1236,2026-09-25T23:48:29Z,en,"['tech', 'talkshow', 'news', 'English', 'DropsEnabled']",2026-09-26,07-37-11,Saturday
319134058740,30672329,felps,509658,Just Chatting,1233,2026-09-25T20:17:43Z,pt,"['Felps', 'Variedade', 'Português', 'FelpsFelps', 'FelpsFelpsFelps', 'FelpsFelpsFelpsFelps', 'FelpsFelpsFelpsFelpsFelps', 'DropsAtivados']",2026-09-26,07-37-11,Saturday
319351066327,11001241,kyr_sp33dy,509658,Just Chatting,1232,2026-09-25T21:09:26Z,en,"['English', 'DropsEnabled']",2026-09-26,07-37-11,Saturday
318209381848,138600347,stoopzz,771448419,AION 2,1230,2026-09-25T20:30:35Z,en,"['MMORPG', 'English', 'MMO', 'RPG']",2026-09-26,07-37-11,Saturday
320520843488,839473171,mapletakes,509658,Just Chatting,1218,2026-09-25T21:02:58Z,en,"['hasanabi', 'canada', 'marxism', 'israel', 'palestine', 'socialism', 'politics', 'English', 'DropsEnabled']",2026-09-26,07-37-11,Saturday
319062447221,97333488,africaalbion,417528,Albion Online,1216,2026-09-25T17:11:44Z,pt,"['Português', 'English', 'DropsAtivados']",2026-09-26,07-37-11,Saturday
319133887604,62328653,tftoddy,513143,Teamfight Tactics,1215,2026-09-25T19:54:43Z,pt,"['Português', 'TFT', 'TeamfightsTactics']",2026-09-26,07-37-11,Saturday
321578365530,180093382,nothingbutskillz,504463,Tom Clancy's The Division 2,1211,2026-09-25T14:47:55Z,en,"['English', 'DropsEnabled']",2026-09-26,07-37-11,Saturday
319351002071,272168411,renrize,27471,Minecraft,1209,2026-09-25T21:01:52Z,es,"['Español', 'locura', 'México', 'TiaRen']",2026-09-26,07-37-11,Saturday
317524372343,526832402,wakewilder,32982,Grand Theft Auto V,1202,2026-09-25T16:26:16Z,en,"['English', 'DropsEnabled', 'NoPixel']",2026-09-26,07-37-11,Saturday
321580303962,23946146,dolphinchemist,637947646,Emberward,1186,2026-09-25T19:15:53Z,en,"['English', 'genius', 'Esperanto', 'NoSpoilers']",2026-09-26,07-37-11,Saturday
320519271648,151487295,lomein,2132205352,Deadlock,1166,2026-09-25T18:33:00Z,en,"['English', 'deadlock']",2026-09-26,07-37-11,Saturday
316980128724,78987283,ledoo,263490,Rust,1152,2026-09-24T18:11:08Z,en,"['English', 'DropsEnabled']",2026-09-26,07-37-11,Saturday
319064005493,142321038,xandfps,509658,Just Chatting,1142,2026-09-25T21:23:51Z,pt,"['Português', 'DropsAtivados']",2026-09-26,07-37-11,Saturday
317855258979,94830708,sura,32982,Grand Theft Auto V,1141,2026-09-25T18:31:48Z,fr,"['Français', 'flashback', 'FlashbackWL', 'DropsActivés', 'Rediffusion']",2026-09-26,07-37-11,Saturday
319134917364,735694020,thamakoi,515025,Overwatch,1139,2026-09-25T22:02:20Z,en,"['AsheOverwatch', 'kirikooverwatch', 'Widowmaker', 'English']",2026-09-26,07-37-11,Saturday
318208925400,107305687,ray__c,32982,Grand Theft Auto V,1133,2026-09-25T19:18:32Z,en,"['English', 'NoPixel', 'GTAVFiveM', 'RP', 'Raybron', 'Variety', 'NoPixelWL', 'DropsEnabled', 'NoPixel', 'NoPixelV']",2026-09-26,07-37-11,Saturday
318717481189,40135340,ernesto,123184772,EA Sports FC 27,1129,2026-09-25T18:51:21Z,de,['Deutsch'],2026-09-26,07-37-11,Saturday
320477284444,597286185,sbmadeit,509658,Just Chatting,1128,2026-09-25T19:59:12Z,en,"['SB', 'funandjustchill', 'roblox', 'dbd', 'Black', 'florida', 'IRL', 'halloween', 'English', 'horrorgames']",2026-09-26,07-37-11,Saturday
320383687262,765713710,celebi_cos,509658,Just Chatting,1126,2026-09-25T21:05:35Z,en,"['English', 'cosplayer', 'chill', 'DropsEnabled']",2026-09-26,07-37-11,Saturday
320385134430,96406881,choc,602040818,NBA 2K27,1123,2026-09-25T22:42:00Z,en,['English'],2026-09-26,07-37-11,Saturday
320381079774,173950952,dubudota,29595,Dota 2,1120,2026-09-25T16:33:16Z,en,['English'],2026-09-26,07-37-11,Saturday
321580653274,208462442,arckon,32982,Grand Theft Auto V,1118,2026-09-25T19:57:45Z,en,"['English', 'chill', 'nopixelv', 'NoPixelV', 'DropsEnabled']",2026-09-26,07-37-11,Saturday
320475790300,459898171,tenacitytv,30921,Rocket League,1109,2026-09-25T17:12:23Z,en,"['English', 'TTS', 'BaldStreamer', 'DropsEnabled']",2026-09-26,07-37-11,Saturday
318773844454,152689574,derkc,123184772,EA Sports FC 27,1104,2026-09-25T19:47:34Z,de,"['Deutsch', 'eafc27']",2026-09-26,07-37-11,Saturday
316941053398,729639945,perra,32399,Counter-Strike,1102,2026-09-25T17:24:58Z,sv,"['Svenska', 'Norsk', 'IRL', 'ADHD', 'English', 'Fat']",2026-09-26,07-37-11,Saturday
320382261982,504092968,djmissshelton,1669431183,DJs,1096,2026-09-25T18:58:11Z,en,"['English', 'Music', 'DJ', 'Party', 'Deutschlernen', 'DropsEnabled']",2026-09-26,07-37-11,Saturday
321697554779,142145687,pengwin,32982,Grand Theft Auto V,1096,2026-09-25T19:34:02Z,en,"['English', 'Chill', 'Anime', 'NotBald', 'PleaseSubscribe', 'Cozy', 'Roleplay', 'DropsEnabled', 'nopixelV', 'nopixel']",2026-09-26,07-37-11,Saturday
319005953782,58393005,calango,29635,Far Cry 3,1093,2026-09-25T22:10:34Z,pt,"['Português', 'DropsAtivados']",2026-09-26,07-37-11,Saturday
319350976855,277057209,murdercrumpet,499003,VRChat,1085,2026-09-25T20:59:38Z,en,"['English', 'Vtuber', 'LGBT', 'vrchat', 'funny', 'Furry', 'ASMR', 'Wiggler', 'Anime', 'buns']",2026-09-26,07-37-11,Saturday
318772829030,30357893,werlyb,21779,League of Legends,1084,2026-09-25T18:40:20Z,es,"['Español', 'DropsActivados']",2026-09-26,07-37-11,Saturday
318209197656,180671441,akanemsko,509672,IRL,1080,2026-09-25T20:01:46Z,en,"['English', 'IRL', 'finnish', 'justchatting', '中文']",2026-09-26,07-37-11,Saturday
317825898338,149393615,spear_shot,21779,League of Legends,1079,2026-09-25T22:23:04Z,en,['English'],2026-09-26,07-37-11,Saturday
316986695892,174141858,elina,509658,Just Chatting,1078,2026-09-25T18:53:24Z,en,"['English', 'swedish', 'woman', 'stinky', 'ADHD', 'female', 'Interactive', 'Chatty', 'DropsEnabled']",2026-09-26,07-37-11,Saturday
318578693991,43204993,lilaggy,521885043,Infinite Craft,1077,2026-09-25T18:19:31Z,en,['English'],2026-09-26,07-37-11,Saturday
319063975029,41783889,axtlol,1264310518,Marvel Rivals,1077,2026-09-25T21:19:39Z,pt,"['Português', 'CBLOL', 'lol', 'leagueoflegeneds', 'LTA', 'DropsAtivados']",2026-09-26,07-37-11,Saturday
317825016418,114149244,guezmerr,417892,Z1: Battle Royale,1065,2026-09-25T20:48:07Z,fr,['Français'],2026-09-26,07-37-11,Saturday
320476922588,648199129,froggyloch,1028198402,Dead Space,1064,2026-09-25T19:24:27Z,en,"['Chatty', 'Artist', 'WeaponizedADHD', 'Autism', 'FUBAR', 'English', 'Vtuber', 'MikmaqFirstNation', 'wumbologist']",2026-09-26,07-37-11,Saturday
316987507796,62351535,dinicetea,1960720223,SILENT HILL: townfall,1061,2026-09-25T20:56:41Z,ru,"['спорт', 'качалка', 'разговорныйстрим', 'Русский', 'юмор', 'новинки']",2026-09-26,07-37-11,Saturday
318205258712,1305342529,theburntpeanut_247,499973,Always On,1057,2026-09-25T03:52:46Z,en,"['English', 'VOD', 'Rerun', 'arcraiders', 'tobacco']",2026-09-26,07-37-11,Saturday
321583054682,47474524,dizzykitten,1960720223,SILENT HILL: townfall,1051,2026-09-25T23:03:37Z,en,['English'],2026-09-26,07-37-11,Saturday
316078493267,760762515,playermakertv,498566,Slots,1046,2026-09-25T21:03:23Z,es,"['Español', 'casino', 'dinero', 'regalo', 'España', 'Argentina', 'ruleta', 'LiveCasino', 'timba', 'megafireblaze']",2026-09-26,07-37-11,Saturday
318776138726,21802540,versuta,29595,Dota 2,1041,2026-09-26T00:10:23Z,ru,['Русский'],2026-09-26,07-37-11,Saturday
318209935704,272748387,asianjeff,33214,Fortnite,1037,2026-09-25T21:56:45Z,en,"['English', 'asianjeff']",2026-09-26,07-37-11,Saturday
318704956645,139634148,hutnik,263490,Rust,1036,2026-09-24T18:00:26Z,en,"['English', 'DropsEnabled']",2026-09-26,07-37-11,Saturday
318774152550,165394505,just_japahef,1337531976,Don't Pick Up,1034,2026-09-25T20:10:50Z,it,['Italiano'],2026-09-26,07-37-11,Saturday
320386369246,139094686,punkdagod,488615,Street Fighter V,1029,2026-09-25T23:46:50Z,en,"['Tournament', 'English']",2026-09-26,07-37-11,Saturday
320478761820,79698024,jabroni_mike,66082,Games + Demos,1019,2026-09-25T21:58:08Z,en,['English'],2026-09-26,07-37-11,Saturday
320383664734,250290747,drdonutttttt,27471,Minecraft,1007,2026-09-25T21:03:49Z,en,"['English', 'server', 'survival', 'smp', 'speedrun', 'mcsr', 'DonutSMP', 'mcsrranked']",2026-09-26,07-37-11,Saturday
320385739998,35860942,socpens,509658,Just Chatting,1007,2026-09-25T23:13:37Z,en,"['English', 'PotLimit', 'baaulp', 'Retro', 'Canada', 'Québec', 'VHS', 'watchalong', 'Interactive', 'DropsEnabled']",2026-09-26,07-37-11,Saturday
316506457074,715990491,dttodot,1267582829,Aniimo,1006,2026-09-25T17:25:15Z,ja,"['日本語', 'VTuber', 'Thai', 'Japanese', 'English', 'Drops有効']",2026-09-26,07-37-11,Saturday
318767950310,51420061,missj4cky,27546,World of Tanks,1004,2026-09-25T11:56:12Z,en,"['English', 'WorldofTanks', 'fun', 'drops', 'DropsEnabled']",2026-09-26,07-37-11,Saturday
317844147428,128160851,shaunagames,123184772,EA Sports FC 27,994,2026-09-25T15:27:40Z,en,['English'],2026-09-26,07-37-11,Saturday
318210679512,73516344,bustin,509577,Dungeons & Dragons,993,2026-09-25T23:49:45Z,en,"['League', 'Competitive', 'Ally', 'Anime', 'LGBT', 'English', 'healthandfitness', 'ADHD', 'chill', 'losangeles']",2026-09-26,07-37-11,Saturday
320522875104,32645411,tampaneversleeps,1336067913,Ultimate Marvel vs. Capcom 3,992,2026-09-25T23:21:45Z,en,"['English', 'fgc', 'fighting', 'games', 'fightinggames', 'tournament']",2026-09-26,07-37-11,Saturday
316068250344,102777268,bazza,32982,Grand Theft Auto V,991,2026-09-25T21:14:53Z,en,"['English', 'DropsEnabled', 'NoPixel']",2026-09-26,07-37-11,Saturday
320521166432,561447908,trickgmd,460951,Geometry Dash,988,2026-09-25T21:29:50Z,en,"['English', 'geometrydash', 'trick']",2026-09-26,07-37-11,Saturday
316133411690,57519051,darkviperau,32982,Grand Theft Auto V,983,2026-09-25T23:03:41Z,en,"['English', 'Chatty', 'OCE', 'Speedrun', 'PC', 'Australian']",2026-09-26,07-37-11,Saturday
320386467678,70880222,smoke,491931,Escape from Tarkov,977,2026-09-25T23:51:56Z,en,"['English', 'DayZ', 'Adventure', 'Immersion', 'Action', 'Shooter']",2026-09-26,07-37-11,Saturday
317810606306,158388504,honeypuu,498592,I'm Only Sleeping,968,2026-09-24T12:04:58Z,de,"['Deutsch', 'English']",2026-09-26,07-37-11,Saturday
321529723353,675283835,uwoslab,509658,Just Chatting,967,2026-09-25T22:00:44Z,en,"['Vtuber', 'insane', 'English', 'NoBackseating', 'DropsEnabled']",2026-09-26,07-37-11,Saturday
318580228199,131917576,vivalafazza,66082,Games + Demos,964,2026-09-25T19:53:40Z,it,['Italiano'],2026-09-26,07-37-11,Saturday
319064579573,214705048,pubg_br,493057,PUBG: BATTLEGROUNDS,963,2026-09-25T22:29:09Z,pt,"['Português', 'DropsAtivados']",2026-09-26,07-37-11,Saturday
321529997529,90947085,eunamiku,509659,ASMR,956,2026-09-25T22:18:51Z,en,"['Vtuber', 'ASMR', 'cute', 'korean', 'English', 'feet', 'girl', 'gamer']",2026-09-26,07-37-11,Saturday
316562855411,162271954,riri_lol,513143,Teamfight Tactics,946,2026-09-25T21:44:43Z,ja,['日本語'],2026-09-26,07-37-11,Saturday
320382305502,672366427,beribug,20941,Wizard101,944,2026-09-25T19:01:56Z,en,"['English', 'Vtuber', 'mischievous', 'tummyachesurvivor', 'estrogen', 'bug', 'menhera', 'creepbyradiohead', 'cortisolspike', 'Blessingsofbugbeuponyou']",2026-09-26,07-37-11,Saturday
317524907127,582843385,mintzeymoon,483253897,Don't Drop The Cake,937,2026-09-25T18:45:35Z,en,"['English', 'Vtuber', 'Debut', 'FrontPage', 'GiggleGremlin', 'Texas', 'GamerSupps', 'React', 'DropsEnabled']",2026-09-26,07-37-11,Saturday
320466095324,197406569,thenicolet,116747788,"Pools, Hot Tubs, and Beaches",930,2026-09-24T22:09:39Z,en,"['English', 'asmr', 'woman', 'egirl', 'findom', 'feet', 'uwu', 'licking']",2026-09-26,07-37-11,Saturday
319350553047,110066407,hanner,295042126,Woodo,926,2026-09-25T20:03:51Z,en,"['English', 'furry', 'LGBTQIAPlus', 'FormerTraderJoesEmployee', 'poopcore', 'goonette', 'leaking', 'evil', 'KristenStewartPlugHole']",2026-09-26,07-37-11,Saturday
319134187252,544241532,mahmoojen,509658,Just Chatting,926,2026-09-25T20:36:52Z,pt,"['Português', 'game', 'ruim', 'hype', 'react', 'DropsAtivados']",2026-09-26,07-37-11,Saturday
319351561431,1059470859,moonbuvr,499003,VRChat,924,2026-09-25T22:04:53Z,en,"['English', 'ASMR', 'sillylittleguy', 'bitesyou', 'meow', 'ENVtuber', 'Vtuber', 'feet', 'Latina', 'Español']",2026-09-26,07-37-11,Saturday
321528279129,115659124,sanchovies,21779,League of Legends,924,2026-09-25T20:02:40Z,en,['English'],2026-09-26,07-37-11,Saturday
316050294098,23179441,strippin,1338428218,CONTROL Resonant,923,2026-09-25T17:04:50Z,en,"['English', 'Vtuber', 'RP', 'PingArthur', 'DropsEnabled']",2026-09-26,07-37-11,Saturday
320519632224,948230892,matarakan,509658,Just Chatting,920,2026-09-25T19:11:15Z,en,"['Vtuber', 'English', 'Drops', 'DropsEnabled']",2026-09-26,07-37-11,Saturday
321531031769,248600377,infume,27471,Minecraft,916,2026-09-25T23:22:36Z,en,"['English', 'Speedrun']",2026-09-26,07-37-11,Saturday
316068116328,48075193,hozitojones,18122,World of Warcraft,913,2026-09-25T19:58:54Z,en,"['English', 'WorldfofWarcraft', 'wow', 'Arena', 'Australia', 'RPG', 'AdventureGame', 'MMO', 'Action', 'Guatemala']",2026-09-26,07-37-11,Saturday
321527253721,12338326,formal,511224,Apex Legends,910,2026-09-25T18:11:18Z,en,"['English', 'DropsEnabled']",2026-09-26,07-37-11,Saturday
319135495540,202987684,muriloso,509658,Just Chatting,905,2026-09-25T23:00:12Z,pt,"['Português', 'DropsAtivados']",2026-09-26,07-37-11,Saturday
318720846949,886649344,crowe1l,498566,Slots,903,2026-09-26T00:00:18Z,en,['English'],2026-09-26,07-37-11,Saturday
319349813719,138498363,apply,515025,Overwatch,898,2026-09-25T18:16:52Z,en,"['English', 'handsome']",2026-09-26,07-37-11,Saturday
319136538740,164925448,gaubera,32399,Counter-Strike,897,2026-09-26T00:32:50Z,pt,"['Português', 'Inglês']",2026-09-26,07-37-11,Saturday
319005497206,834237081,facuuparejas,491487,Dead by Daylight,884,2026-09-25T21:22:13Z,es,['Español'],2026-09-26,07-37-11,Saturday
317525604599,39249330,mogsy,2113043143,PAYDAY 3,882,2026-09-25T21:16:45Z,en,"['adhd', 'talkstochat', 'ally', 'giveaways', 'interactive', 'English', 'DropsEnabled']",2026-09-26,07-37-11,Saturday
321531441625,453880006,eggsterr,516575,VALORANT,880,2026-09-25T23:47:14Z,en,['English'],2026-09-26,07-37-11,Saturday
318769248486,639535678,faroooyt,123184772,EA Sports FC 27,879,2026-09-25T14:20:12Z,de,['Deutsch'],2026-09-26,07-37-11,Saturday
321699447771,118202507,repullze,512710,Call of Duty: Warzone,879,2026-09-25T22:24:59Z,en,"['warzone', 'wsow', 'ewc', 'callofduty', 'verdansk', 'cod', 'rebirthisland', 'English', 'ADHD']",2026-09-26,07-37-11,Saturday
316943122518,77574065,cmarty,32399,Counter-Strike,876,2026-09-25T22:02:34Z,ru,"['Русский', 'Yawara', 'NRG', 'Wildcard', 'BESTIA', 'M80', 'Liquid', 'Dendele', 'IBUYPOWERmastersFML']",2026-09-26,07-37-11,Saturday
320384978910,566375865,ryumivt,6521,Grand Theft Auto: San Andreas,874,2026-09-25T22:32:45Z,es,"['Español', 'Vtuber', 'queso', 'Colombia', 'AAAAAAAAAA']",2026-09-26,07-37-11,Saturday
317849822435,118722736,zerator_247,499973,Always On,871,2026-09-25T03:00:04Z,fr,"['AlwaysOn', '247Stream', '247Live', 'nonstop', 'replay', 'Français', 'Rediffusion']",2026-09-26,07-37-11,Saturday
317855698275,212167812,giankoextreme,13332,Pokémon FireRed/LeafGreen,871,2026-09-25T19:01:06Z,it,"['Italiano', 'paleolitico', 'educativo', 'minecraft', 'SaluteMentale', 'bimboago', 'animali', 'Mhanz', 'marvelsnap', 'zugu']",2026-09-26,07-37-11,Saturday
318720847077,886648062,halerr88,498566,Slots,870,2026-09-26T00:00:18Z,en,['English'],2026-09-26,07-37-11,Saturday
316505164146,264909001,kagura0mea,21779,League of Legends,866,2026-09-25T12:09:14Z,ja,"['Vtuber', '日本語', '新人Vtuber']",2026-09-26,07-37-11,Saturday
319063718005,108544855,loud_caiox,33214,Fortnite,866,2026-09-25T20:46:20Z,pt,['Português'],2026-09-26,07-37-11,Saturday
318718249189,742062238,ruethtv,32982,Grand Theft Auto V,860,2026-09-25T19:38:22Z,de,"['Deutsch', 'Roleplay', 'Rueth', 'Rüd', 'GTARP', 'RP', 'NarcoCity', 'NC', 'DropsAktiviert']",2026-09-26,07-37-11,Saturday
320480248028,994180846,rklion01,1441208453,Once Human,853,2026-09-25T23:30:55Z,en,"['inglish', 'Español', 'English']",2026-09-26,07-37-11,Saturday
320380235742,538976150,shymeto_,602040818,NBA 2K27,849,2026-09-25T14:33:21Z,en,"['2k', 'English']",2026-09-26,07-37-11,Saturday
321579897946,96185405,henry_773,670138298,Madden NFL 27,848,2026-09-25T18:28:50Z,en,['English'],2026-09-26,07-37-11,Saturday
320384367070,474849254,georgenotfound,509658,Just Chatting,844,2026-09-25T21:54:58Z,en,"['English', 'DropsEnabled']",2026-09-26,07-37-11,Saturday
320384453086,414699449,rebeldustypinky,66170,Warframe,843,2026-09-25T22:00:03Z,en,"['English', 'VarietyStreamer', 'Helldivers', 'Vtuber', 'Arc', 'wow', 'Horror', 'warframe', 'Finals', 'DropsEnabled']",2026-09-26,07-37-11,Saturday
317851097443,104391402,psp1g,509658,Just Chatting,842,2026-09-25T10:31:47Z,en,"['English', 'forsen', 'xqcL', 'ADHD', 'vtuber', 'femboy', 'pngtuber', 'fps', 'gaming', 'DropsEnabled']",2026-09-26,07-37-11,Saturday
316506005234,89969094,zerost_s,779192097,Fire Emblem: Fortune's Weave,841,2026-09-25T15:01:13Z,ja,['日本語'],2026-09-26,07-37-11,Saturday
319065750773,908203379,ggthhay,29452,Virtual Casino,838,2026-09-26T00:19:48Z,pt,['Português'],2026-09-26,07-37-11,Saturday
316988067540,809107579,syslov171,509658,Just Chatting,838,2026-09-25T23:44:01Z,ru,"['Русский', 'суслов171', 'Суслократия', 'syslov171', 'Schwartz', 'ПапочкаШварц', 'Audi', 'DropsВключены']",2026-09-26,07-37-11,Saturday
318209571928,1349515600,aimkey,464339927,ARC Raiders,835,2026-09-25T21:00:25Z,en,['English'],2026-09-26,07-37-11,Saturday
316507340274,494020714,be_kooo,380978759,Escape from Tarkov: Arena,833,2026-09-26T00:13:38Z,ja,"['日本語', 'Drops有効']",2026-09-26,07-37-11,Saturday
319133922036,84212120,yulla,11557,The Legend of Zelda: Ocarina of Time,829,2026-09-25T19:59:16Z,pt,['Português'],2026-09-26,07-37-11,Saturday
319132768116,157756109,nikomfps,32399,Counter-Strike,828,2026-09-25T17:19:19Z,es,['Español'],2026-09-26,07-37-11,Saturday
320479020892,114675021,blandship,1960720223,SILENT HILL: townfall,827,2026-09-25T22:16:35Z,es,"['Español', 'femboy', 'cosplayer', 'Vtuber', 'México']",2026-09-26,07-37-11,Saturday
318774259942,836843004,rouszztrash,29595,Dota 2,826,2026-09-25T20:19:23Z,ru,['Русский'],2026-09-26,07-37-11,Saturday
321527215833,744183841,chachayourvmom,509658,Just Chatting,824,2026-09-25T18:06:32Z,en,"['English', 'mother', 'DropsEnabled']",2026-09-26,07-37-11,Saturday
317825096802,1277665288,joshyt47,1282866981,Delta Force,823,2026-09-25T20:56:42Z,en,"['English', 'Deltaforcemobile', 'joshyt', 'deltaforce', 'DeltaForceGame', 'deltaforcecreatorhub', 'DropsEnabled']",2026-09-26,07-37-11,Saturday
316987461332,442652832,sbolttt,32399,Counter-Strike,823,2026-09-25T20:47:50Z,ru,"['Русский', 'English']",2026-09-26,07-37-11,Saturday
318773761126,70274718,sypeh,1264310518,Marvel Rivals,822,2026-09-25T19:41:17Z,en,"['Dansk', 'English', 'support', 'strategist', 'DropsEnabled']",2026-09-26,07-37-11,Saturday
318581791719,494082904,cricoccia3,123184772,EA Sports FC 27,821,2026-09-25T22:00:54Z,it,['Italiano'],2026-09-26,07-37-11,Saturday
318578406631,173044445,servos_,32982,Grand Theft Auto V,819,2026-09-25T18:03:18Z,el,"['greek', 'Ελληνικά', 'English', 'Greece', 'ΤαDropΕνεργοποιήθηκαν']",2026-09-26,07-37-11,Saturday
320479574876,22510310,gamesdonequick,212029556,Metroid Dread,817,2026-09-25T22:53:39Z,en,"['English', 'Speedrun']",2026-09-26,07-37-11,Saturday
316910505173,426251614,vodkaskndr,29595,Dota 2,817,2026-09-25T23:27:21Z,ru,['Русский'],2026-09-26,07-37-11,Saturday
320479291484,512190147,meesterkeem,9618,Pokémon Trading Card Game,808,2026-09-25T22:35:31Z,en,"['IRL', 'Asian', 'Anime', 'VTuber', 'English', 'pokemon', 'kaicenat', 'cinna', 'valkyrae', 'agent00']",2026-09-26,07-37-11,Saturday
321584025178,187955216,santizap,518203,Sports,808,2026-09-26T00:01:16Z,en,"['English', 'DropsEnabled']",2026-09-26,07-37-11,Saturday
321682449883,834741282,bocabola,16176,Codename: Kids Next Door - Operation: V.I.D.E.O.G.A.M.E.,804,2026-09-24T13:59:42Z,en,"['English', 'egirl', 'Canada', 'schizophrenic', 'Schizophrenia', 'ADHD', 'cats', 'NoBalls', 'NoGenerativeAI', 'DropsEnabled']",2026-09-26,07-37-11,Saturday
319335408471,39464264,aplatypuss,1338428218,CONTROL Resonant,802,2026-09-24T06:32:41Z,en,"['English', 'DropsEnabled']",2026-09-26,07-37-11,Saturday
320477856860,61770627,jenny,771448419,AION 2,800,2026-09-25T20:47:58Z,en,"['English', 'Chatty', 'mmo', 'Canadian', 'chill', 'wholesome', 'kpop', 'NewPlayersWelcome', 'cozy', '中文']",2026-09-26,07-37-11,Saturday
318775949542,49711509,jani,1669431183,DJs,793,2026-09-25T23:28:30Z,de,"['DJ', 'English', 'ohyeah', 'Deutsch', 'WorldMusic', 'Festival', 'Techno', 'Mainstage', 'Rock', 'throwback']",2026-09-26,07-37-11,Saturday
319002619766,44114966,furq,516575,VALORANT,792,2026-09-25T12:20:11Z,pt,"['Português', 'Radiante', 'Romantico', 'Tapas', 'iEsse', 'Reposição']",2026-09-26,07-37-11,Saturday
319134653428,37705807,smzinho,29595,Dota 2,789,2026-09-25T21:30:29Z,pt,['Português'],2026-09-26,07-37-11,Saturday
316505387378,25202416,shuteye_orange,509658,Just Chatting,778,2026-09-25T12:52:23Z,zh,"['中文', '恐怖遊戲', 'Horror', '恐怖', '燕雲十六聲', 'wherewindsmeet', '启用掉宝']",2026-09-26,07-37-11,Saturday
321580943066,44858482,mr_mammal,459931,Old School RuneScape,778,2026-09-25T20:24:28Z,en,"['English', 'lanscape']",2026-09-26,07-37-11,Saturday
317524632055,30079255,huskerrs,417892,Z1: Battle Royale,776,2026-09-25T17:34:09Z,en,"['English', 'fps', 'KBM', 'Shooter', 'battleroyale', 'cod', 'EnhancedBroadcast']",2026-09-26,07-37-11,Saturday
321530244441,712806478,milagro_gramz,509658,Just Chatting,772,2026-09-25T22:34:55Z,en,"['Chill', 'SafeSpace', 'AMA', 'English', 'Music', 'EntertainmentNews', 'Trending', 'DropsEnabled']",2026-09-26,07-37-11,Saturday
321579549146,63776070,senatordongo,66170,Warframe,770,2026-09-25T17:44:13Z,en,"['English', 'warframe', 'newplayer', 'FirstPlaythrough', 'Interactive', 'Community', 'SteelPath', 'DropsEnabled']",2026-09-26,07-37-11,Saturday
320383547614,175383693,sylvee,27471,Minecraft,766,2026-09-25T20:55:30Z,en,"['English', 'DropsEnabled']",2026-09-26,07-37-11,Saturday
317855462883,38978803,marco,17828,The Legend of Zelda: Twilight Princess,766,2026-09-25T18:46:21Z,fr,['Français'],2026-09-26,07-37-11,Saturday
321580349402,51123995,proze,512710,Call of Duty: Warzone,763,2026-09-25T19:21:22Z,fr,['Français'],2026-09-26,07-37-11,Saturday
319135753716,71934478,neskwga,460630,Rainbow Six Siege,762,2026-09-25T23:24:18Z,pt,"['Português', 'DropsAtivados']",2026-09-26,07-37-11,Saturday
316493064561,90131691,surugamonkey0113,734642153,Derby Stallion 2,762,2026-09-25T12:00:50Z,ja,"['日本語', '競馬']",2026-09-26,07-37-11,Saturday
321530845785,722647409,miasova,509659,ASMR,761,2026-09-25T23:10:37Z,en,"['English', 'vtuber', 'anime', 'tsundere', 'VillainArc', 'Roleplay', 'nonaffectionate']",2026-09-26,07-37-11,Saturday
319130625524,30458295,frttt,743893402,WARDOGS,760,2026-09-25T09:03:30Z,pt,"['Português', 'DropsAtivados']",2026-09-26,07-37-11,Saturday
318579847143,70833988,dariomartiz,32982,Grand Theft Auto V,757,2026-09-25T19:28:45Z,it,"['Italiano', 'fivem', 'peakville', 'dariomartiz', 'DropAbilitati']",2026-09-26,07-37-11,Saturday
317526806519,43246220,itswill,1281,Toontown Online,757,2026-09-26T00:25:47Z,en,"['English', 'Tomfoolery', 'hijinks', 'wisecracks', 'evil', 'PossibleGasLeak', 'ConfirmedGasLeak', 'VillageIdiot', 'DropsEnabeled']",2026-09-26,07-37-11,Saturday
317822722658,440140011,twincytv,32982,Grand Theft Auto V,755,2026-09-25T17:16:54Z,fr,"['Français', 'DropsActivés']",2026-09-26,07-37-11,Saturday
316068339560,64195856,paparatto18,1435206302,Slay the Spire II,752,2026-09-25T22:01:09Z,en,"['English', 'defectowns', 'nobbers', 'gaming', 'amid']",2026-09-26,07-37-11,Saturday
319006529782,235955357,kendallzone,593358872,Scary Shadow Spot: Bitter Glass,752,2026-09-25T23:01:37Z,es,"['Español', 'latino', 'terror', 'TerrorGamer', 'backrooms', 'Horror', 'anomalias', 'jumpscare', 'España', 'chilenos']",2026-09-26,07-37-11,Saturday
320383136606,53741885,crayon_fps,2132205352,Deadlock,750,2026-09-25T20:20:15Z,en,"['gamer', 'English', 'Vietnamese', 'extremelypassionate', 'richRP', 'eternus', 'deadlock', 'NA']",2026-09-26,07-37-11,Saturday
319134922868,194393386,edsonmalado,33214,Fortnite,750,2026-09-25T22:02:48Z,pt,['Português'],2026-09-26,07-37-11,Saturday
317842671972,726408531,hollyrex,65632,DayZ,746,2026-09-25T11:56:50Z,en,"['fun', 'survíval', 'Chatty', 'British', 'English', 'chill', 'DayZ']",2026-09-26,07-37-11,Saturday
318759225830,93914461,cooldee__,380978759,Escape from Tarkov: Arena,746,2026-09-24T16:03:46Z,en,"['English', 'Chad', 'sweaty', 'DropsEnabled']",2026-09-26,07-37-11,Saturday
321584489178,547235609,jennsanli,509658,Just Chatting,745,2026-09-26T00:27:04Z,es,"['Español', 'Gritona', 'Variedad', 'loca', 'esquizofrenica', 'AINSJAIMER', 'DropsActivados']",2026-09-26,07-37-11,Saturday
320462778588,48463701,tettles,18122,World of Warcraft,743,2026-09-24T16:49:05Z,en,"['English', 'WorldofWarcaft', 'DropsEnabled']",2026-09-26,07-37-11,Saturday
318578589415,251502475,cowfee,515025,Overwatch,739,2026-09-25T18:13:33Z,en,"['English', 'vtuber', 'support', 'kiriko']",2026-09-26,07-37-11,Saturday
321527601113,111518512,thump,417892,Z1: Battle Royale,736,2026-09-25T18:52:10Z,en,"['ADHD', 'English', 'funny', 'rank1', 'rage', 'Variety']",2026-09-26,07-37-11,Saturday
320517068512,105458682,bobross,509660,Art,736,2026-09-25T14:08:54Z,en,"['English', 'DropsEnabled']",2026-09-26,07-37-11,Saturday
318576090727,572320726,ninaninin,509658,Just Chatting,734,2026-09-25T15:29:27Z,en,"['English', 'Vtuber', 'Singing', 'Retro', 'Chatty', 'Woman', 'Anime', 'softspoken', 'DropsEnabled']",2026-09-26,07-37-11,Saturday
321526821337,81777779,emiok,263490,Rust,728,2026-09-25T17:18:28Z,en,"['Crazy', 'English', 'DropsEnabled']",2026-09-26,07-37-11,Saturday
318575103207,127361301,antilipsi,21779,League of Legends,727,2026-09-25T13:58:16Z,el,"['greek', 'English', 'Lissandra', 'Deutsch', 'Challenger', 'Tier3', 'Κύπρος', 'Cyprus', 'Greece', 'Ελληνικά']",2026-09-26,07-37-11,Saturday
318579081959,103867423,xamar21,123184772,EA Sports FC 27,726,2026-09-25T18:41:50Z,de,"['xAmar21', 'Amar', 'Deutsch', 'Sport', 'Simulation', 'Leckerboy21']",2026-09-26,07-37-11,Saturday
317858183779,651300906,dvniel_play,32982,Grand Theft Auto V,725,2026-09-25T22:09:18Z,fr,['Français'],2026-09-26,07-37-11,Saturday
320479187804,163562674,jankyrondo,23020,ROBLOX,724,2026-09-25T22:28:03Z,en,"['sports', 'Commanders', 'NFL', 'funny', 'funnystream', 'entertaining', 'entertainment', 'English', 'jankyrondo', 'DMV']",2026-09-26,07-37-11,Saturday
317824688610,142564043,tayoh_,1763263,nanos world,723,2026-09-25T20:11:59Z,fr,['Français'],2026-09-26,07-37-11,Saturday
318776214886,934460941,jetmax420,498566,Slots,716,2026-09-26T00:28:54Z,en,"['gamble', 'slots', 'social', 'toplum', 'casino', 'fortnitedirecto', 'Europe', 'English', 'CS2']",2026-09-26,07-37-11,Saturday
318209602136,113839944,xodreadox,461221,MARVEL Contest of Champions,714,2026-09-25T21:04:18Z,en,"['English', 'DropsEnabled']",2026-09-26,07-37-11,Saturday
317525036919,406379460,oddrey,491487,Dead by Daylight,714,2026-09-25T19:15:15Z,en,['English'],2026-09-26,07-37-11,Saturday
317849301219,1110808352,cineillojuan,499973,Always On,714,2026-09-25T00:19:41Z,es,"['Español', 'Repetir']",2026-09-26,07-37-11,Saturday
321526668889,136167902,mactics,497057,Destiny 2,714,2026-09-25T16:59:32Z,en,"['English', 'DropsEnabled']",2026-09-26,07-37-11,Saturday
320501363808,681908610,fregepaul,509672,IRL,713,2026-09-24T08:21:04Z,de,['Deutsch'],2026-09-26,07-37-11,Saturday
320380350942,246244003,rainbow6bravo,460630,Rainbow Six Siege,711,2026-09-25T14:52:17Z,en,"['Esports', 'R6S', 'RainbowSixSiege', 'Ubisoft', 'English', 'DropsEnabled']",2026-09-26,07-37-11,Saturday
316274182764,211413076,r0o08,505884,PUBG MOBILE,708,2026-09-25T17:50:12Z,ar,['العربية'],2026-09-26,07-37-11,Saturday
321695720795,203300412,nemurf,30921,Rocket League,706,2026-09-25T16:05:11Z,es,"['Español', 'México', 'drops', 'DropsActivados']",2026-09-26,07-37-11,Saturday
317526709623,852883323,primatepaige,509658,Just Chatting,706,2026-09-26T00:14:33Z,en,"['handsome', 'English', 'DropsEnabled']",2026-09-26,07-37-11,Saturday
316910014293,132420183,mrxsmurf,29595,Dota 2,705,2026-09-25T20:55:19Z,ru,"['Русский', 'дота', 'animal', 'топ1тинкер', 'cybersport']",2026-09-26,07-37-11,Saturday
317824741346,784302005,banniuwu,509658,Just Chatting,704,2026-09-25T20:17:51Z,de,"['Deutsch', 'Vegan', 'Politik', 'egirl', 'Cosplay', 'Frau', 'Wiederholen', 'DropsAktiviert']",2026-09-26,07-37-11,Saturday
321579369946,86308586,fragas,491931,Escape from Tarkov,695,2026-09-25T17:20:54Z,en,"['English', 'glorp', 'BIGDOG']",2026-09-26,07-37-11,Saturday
319350494167,73855044,kmartpoker,488190,Poker,694,2026-09-25T19:56:28Z,en,['English'],2026-09-26,07-37-11,Saturday
319135782388,159239195,sabrinoca,21779,League of Legends,693,2026-09-25T23:26:46Z,pt,['Português'],2026-09-26,07-37-11,Saturday
319350038359,1131600178,lirik_247,499973,Always On,692,2026-09-25T18:53:17Z,en,"['English', 'lirik', 'Variety', 'Rerun']",2026-09-26,07-37-11,Saturday
318720188773,1014250560,nekofi,509659,ASMR,691,2026-09-25T22:23:17Z,en,"['findom', 'princess', 'cute', 'kawaii', 'ASMR', 'earlicking', 'goddess', 'feet', 'paypig', 'lewdtuber']",2026-09-26,07-37-11,Saturday
318718380261,240992719,snkarma,21779,League of Legends,691,2026-09-25T19:47:32Z,de,"['Gragas', 'Mentality', 'Midlane', 'Deutsch', 'Challenger', 'lol', 'leagueoflegends', 'Educational', 'NoWay']",2026-09-26,07-37-11,Saturday
319352687703,85581832,julien,509658,Just Chatting,688,2026-09-25T23:53:20Z,en,"['aries', 'English', 'camboy', 'ally', 'NoAI', 'DropsEnabled']",2026-09-26,07-37-11,Saturday
320520754784,449714318,conix,460951,Geometry Dash,688,2026-09-25T20:56:54Z,en,"['English', 'funny', 'hard', 'geometrydash', 'conix']",2026-09-26,07-37-11,Saturday
318720218725,591673917,isko,498566,Slots,686,2026-09-25T22:26:41Z,de,"['Deutsch', 'English', 'slots', 'casino', 'SLOTSSTREAM', 'onlinecasino', 'Glücksspiel']",2026-09-26,07-37-11,Saturday
316907390677,44057119,makatao,743893402,WARDOGS,685,2026-09-25T15:00:20Z,ru,"['Русский', 'СпасибоЗаКачествоТвич', 'PvP', 'BattleRoyale', 'королевскаябитва', 'DropsВключены']",2026-09-26,07-37-11,Saturday
320519590624,834907358,markusking,509658,Just Chatting,684,2026-09-25T19:06:30Z,en,"['English', 'AMP', 'AGENT00', 'kaicenat', 'dukedennis', 'fanum', 'rdcworld1', 'DropsEnabled']",2026-09-26,07-37-11,Saturday
318209430616,654791928,overezeggs,263490,Rust,683,2026-09-25T20:38:25Z,en,"['vtuber', 'based', 'English', 'parody', 'cringeandgay', 'darkwoke', 'micowave', 'DropsEnabled']",2026-09-26,07-37-11,Saturday
319350686807,500128827,codemiko,509658,Just Chatting,683,2026-09-25T20:22:08Z,en,"['English', 'VTuber', 'Korean', 'Asian', 'Woman', 'ADHD', 'Chatting', 'Chatty', '3D', 'AI']",2026-09-26,07-37-11,Saturday
318775191142,4102418,benzaie,508455,Valheim,682,2026-09-25T21:44:21Z,fr,['Français'],2026-09-26,07-37-11,Saturday
318720846821,1068454087,kiara,921298138,BOMBANANA!,680,2026-09-26T00:00:18Z,en,"['English', 'vtuber', 'hololive', 'holoday', 'takanashikiara', '小鳥遊', 'キアラ']",2026-09-26,07-37-11,Saturday
318714723941,116882497,mirza_jahic,123184772,EA Sports FC 27,678,2026-09-25T16:00:16Z,de,"['talk', 'realtalk', 'WWE', 'motivation', 'inspiration', 'Deutsch', 'EA', 'eafc26', 'fc26', 'EASPORTSFC']",2026-09-26,07-37-11,Saturday
321698800987,245226810,jelty,27471,Minecraft,675,2026-09-25T21:31:56Z,es,['Español'],2026-09-26,07-37-11,Saturday
318716926821,117349875,smallant,521885043,Infinite Craft,675,2026-09-25T18:19:31Z,en,['English'],2026-09-26,07-37-11,Saturday
319350606551,480945035,rynenzo,33214,Fortnite,671,2026-09-25T20:11:32Z,en,['English'],2026-09-26,07-37-11,Saturday
321699936219,611245304,fraeya,509659,ASMR,666,2026-09-25T23:00:07Z,en,"['English', 'vtuber', 'breedable', 'asmr', 'comfy']",2026-09-26,07-37-11,Saturday
319063936501,214147478,norgannonhh,18122,World of Warcraft,662,2026-09-25T21:14:50Z,es,"['Español', 'MMORPG', 'Argentina', 'Drops', 'PvP', 'Gameplay', 'Noticias', 'Multijugador', 'ArcRaiders', 'Videojuegos']",2026-09-26,07-37-11,Saturday
320385025758,1477464712,luhliv1,509658,Just Chatting,662,2026-09-25T22:35:21Z,en,"['English', 'DropsEnabled']",2026-09-26,07-37-11,Saturday
321698067291,188965645,nohandsgamer,138585,Hearthstone,660,2026-09-25T20:24:57Z,en,"['English', 'Standard', 'hearthstone', 'OlderStreamer']",2026-09-26,07-37-11,Saturday
317854238179,452454652,nikos,32982,Grand Theft Auto V,655,2026-09-25T17:07:55Z,fr,"['Français', 'DropsActivés']",2026-09-26,07-37-11,Saturday
316133516522,460557680,bubbell,1960720223,SILENT HILL: townfall,653,2026-09-25T23:45:09Z,en,"['Australia', 'English', 'Woman', 'FirstPlaythrough', 'ADHD', 'LiveLaughLore']",2026-09-26,07-37-11,Saturday
317524347383,36439445,darthmicrotransaction,508455,Valheim,652,2026-09-25T16:19:34Z,en,['English'],2026-09-26,07-37-11,Saturday
321528644953,24482705,raxxanterax,18122,World of Warcraft,650,2026-09-25T20:36:11Z,en,"['English', 'DropsEnabled']",2026-09-26,07-37-11,Saturday
319136087412,100244979,bstrdd,516575,VALORANT,650,2026-09-25T23:54:13Z,es,['Español'],2026-09-26,07-37-11,Saturday
318766517094,58221890,doktorfroid,509663,Special Events,659,2026-09-25T08:30:21Z,de,"['Deutsch', 'reaction', 'reacts', 'Comedy', 'react', 'Variety', 'IRL', 'gaming', 'DropsAktiviert']",2026-09-26,07-37-11,Saturday
320480381276,149107396,caresapo,21779,League of Legends,649,2026-09-25T23:38:33Z,es,"['Español', 'LoL', 'Vtuber', 'Calvo', 'Furry', 'Therian', 'LGBTQPlus', 'Femboy']",2026-09-26,07-37-11,Saturday
318775168230,890679898,ishatory,2132205352,Deadlock,649,2026-09-25T21:41:58Z,ru,['Русский'],2026-09-26,07-37-11,Saturday
319353107287,563807568,heyyouvideogame,263490,Rust,648,2026-09-26T00:24:58Z,en,"['English', 'RP', 'duostream', 'duo', 'Roleplay', 'philosophical', 'Gimmick', 'Juiceman', 'Lemon', 'Lemonsmith']",2026-09-26,07-37-11,Saturday
320479749596,1158405733,cyclegroover,509658,Just Chatting,648,2026-09-25T23:02:21Z,en,"['English', 'biker', 'DropsEnabled']",2026-09-26,07-37-11,Saturday
319334468183,217629686,dgthe99,493959,Red Dead Redemption II,647,2026-09-24T04:44:13Z,en,"['English', 'dgthe99', 'duketucker', 'GTARP', 'Rerun', 'DropsEnabled']",2026-09-26,07-37-11,Saturday
316106970089,500116931,zherarrr,12839,Heroes of Might and Magic III: The Restoration of Erathia,645,2026-09-25T20:05:43Z,ru,"['Русский', 'HeroesofMightandMagicIII', 'Стратегии', 'общение', 'юмор', 'ролеваяигра', 'Киберспорт']",2026-09-26,07-37-11,Saturday
316051317330,45257130,broomeyjc,123184772,EA Sports FC 27,645,2026-09-25T23:03:27Z,en,"['English', 'pro', 'fc26']",2026-09-26,07-37-11,Saturday
317856177635,989961963,monsieurfoxx,509658,Just Chatting,644,2026-09-25T19:33:33Z,fr,"['fr', 'france', 'francais', 'french', 'irl', 'reel', 'prevention', 'Français']",2026-09-26,07-37-11,Saturday
320522475360,582351498,yxlsalah,509658,Just Chatting,642,2026-09-25T23:00:23Z,en,"['English', 'YXL', 'DropsEnabled']",2026-09-26,07-37-11,Saturday
316507239154,161835870,nemo_good,55453844,Street Fighter 6,642,2026-09-25T23:35:50Z,ja,['日本語'],2026-09-26,07-37-11,Saturday
319352819799,163168110,eido,2132205352,Deadlock,641,2026-09-26T00:02:20Z,en,"['meow', 'mexican', 'English', 'Asian']",2026-09-26,07-37-11,Saturday
321696695899,1389671297,shinchan_oficial,1398657661,Anime Squad,638,2026-09-25T18:00:05Z,es,['Español'],2026-09-26,07-37-11,Saturday
320477293788,49752846,barricade,1702520304,Path of Exile 2,635,2026-09-25T19:59:59Z,en,"['community', 'team', 'playingwithViewers', 'Multiplayer', 'pbp', 'diablo', 'English', 'PathOfExile', 'pathofexile2', 'poe2']",2026-09-26,07-37-11,Saturday
319134944628,512775123,afroxira,509672,IRL,634,2026-09-25T22:05:21Z,es,"['Español', 'Argentina', 'Vegan', 'LGBT', 'Horror', 'Terror', 'English', 'DropsActivados']",2026-09-26,07-37-11,Saturday
321581275482,139660583,ttporky,32959,Heroes of the Storm,633,2026-09-25T20:56:07Z,en,['English'],2026-09-26,07-37-11,Saturday
320381605726,69906737,chocotaco,65632,DayZ,632,2026-09-25T17:40:15Z,en,['English'],2026-09-26,07-37-11,Saturday
318209306328,85434198,powaslap,13332,Pokémon FireRed/LeafGreen,631,2026-09-25T20:18:38Z,en,"['IronMON', 'KaizoIronMON', 'Pokemon', 'Kaizo', 'Nuzlocke', 'SuperKaizo', 'vtuber', 'SmallAnt', 'pointcrow', 'Ludwig']",2026-09-26,07-37-11,Saturday
316068437992,50191268,crayator,32982,Grand Theft Auto V,626,2026-09-25T22:51:45Z,en,"['overthetop', 'English', 'DropsEnabled']",2026-09-26,07-37-11,Saturday
320522993376,1027750470,staydownkayy,509658,Just Chatting,624,2026-09-25T23:28:32Z,en,"['English', 'DropsEnabled', 'USA']",2026-09-26,07-37-11,Saturday
320518196192,603439887,lefty_knocks,461221,MARVEL Contest of Champions,621,2026-09-25T16:28:50Z,en,"['English', 'Action', 'Strategy', 'PvP', 'Competitive', 'FirstPlaythrough', 'Chill', 'Grinding', 'DropsEnabeled', 'DropsEnabled']",2026-09-26,07-37-11,Saturday
320516376800,188526166,shinyatheninja,464339927,ARC Raiders,621,2026-09-25T12:01:03Z,en,"['fighting', 'comp', 'cool', 'adhd', 'English', 'extraction', 'PvP', 'PvE', 'PvEPvP']",2026-09-26,07-37-11,Saturday
319134364532,1088633937,brederodess,19619,Tibia,621,2026-09-25T20:59:43Z,pt,"['Tibia', 'rubinot', 'Português', 'PKA']",2026-09-26,07-37-11,Saturday
321579261274,141429177,flats,509658,Just Chatting,620,2026-09-25T17:05:20Z,en,"['English', 'DropsEnabled']",2026-09-26,07-37-11,Saturday
317525359735,700526126,blukitsune9,1264310518,Marvel Rivals,618,2026-09-25T20:25:58Z,en,"['English', 'Woman', 'Travel', 'IRL', 'girl', 'reaction', 'Friendly', 'tism', 'tech', 'Cosplay']",2026-09-26,07-37-11,Saturday
316068471656,26903378,heyimbee,509658,Just Chatting,617,2026-09-25T23:10:20Z,en,"['English', 'DropsEnabled']",2026-09-26,07-37-11,Saturday
317822320354,69592711,areliann,32982,Grand Theft Auto V,617,2026-09-25T16:35:53Z,fr,"['Français', 'DropsActivés']",2026-09-26,07-37-11,Saturday
321579513946,145790518,cashout,602040818,NBA 2K27,615,2026-09-25T17:39:42Z,en,['English'],2026-09-26,07-37-11,Saturday
317853816163,484356001,antoniomasmas,509658,Just Chatting,614,2026-09-25T16:34:22Z,es,['Español'],2026-09-26,07-37-11,Saturday
320522347872,189093703,thesnootyfox,509659,ASMR,612,2026-09-25T22:53:46Z,en,"['English', 'ASMR', 'Vtuber', 'mommy', 'findom', 'hypnosis', 'lewdtuber', 'cringe', 'paypig', 'goonmaxxing']",2026-09-26,07-37-11,Saturday
320524226784,740545937,tomoeumari,499463,Getting Over It with Bennett Foddy,610,2026-09-26T00:28:10Z,en,['English'],2026-09-26,07-37-11,Saturday
316938799318,73625408,kate,32982,Grand Theft Auto V,609,2026-09-25T12:33:59Z,en,"['RP', 'English', 'NoPixel', 'NoPixelWL', 'NoPixelRP', 'Cozy', 'ADHD', 'NPV', 'nopixelv', 'DropsEnabled']",2026-09-26,07-37-11,Saturday
318574068327,145498295,exsl95,18122,World of Warcraft,606,2026-09-25T12:10:53Z,de,"['Deutsch', 'DropsAktiviert']",2026-09-26,07-37-11,Saturday
318573111783,213342013,emmo,509658,Just Chatting,596,2026-09-25T10:02:14Z,de,"['Deutsch', 'anime', 'manga', 'lgbtqia', 'cozy', 'fiebertraum', 'gaming', 'souls', 'IRL', 'see']",2026-09-26,07-37-11,Saturday
317858042339,251348817,e0j2,123184772,EA Sports FC 27,595,2026-09-25T21:56:43Z,en,['English'],2026-09-26,07-37-11,Saturday
321698877659,1028563011,kawanochannn,55453844,Street Fighter 6,594,2026-09-25T21:39:02Z,ja,"['格ゲー', 'ストリートファイター6', '雑談', '日本語', 'Drops有効']",2026-09-26,07-37-11,Saturday
316909830613,146495671,krasnalcs,32399,Counter-Strike,594,2026-09-25T20:15:21Z,pl,"['Polski', 'counterstrike', 'faceit', 'English', 'CS2', 'csgo', 'Polska', 'dzinold', 'donk', 's1mpleo']",2026-09-26,07-37-11,Saturday
319007338870,68727743,razah,460630,Rainbow Six Siege,594,2026-09-26T00:07:37Z,pt,"['Português', 'DropsAtivados']",2026-09-26,07-37-11,Saturday
318775236838,65293646,inoiizy,32982,Grand Theft Auto V,593,2026-09-25T21:49:53Z,de,"['german', 'deutsch', 'gym', 'Fitness', 'Groß', 'Deutsch', 'DropsAktiviert']",2026-09-26,07-37-11,Saturday
320517518944,137786375,luxthos,18122,World of Warcraft,591,2026-09-25T15:09:10Z,en,"['English', 'AMA', 'Québec', 'MMORPG', 'ARPG', 'LurkerFriendly', 'Interactive', 'giveaway', 'DropsEnabled']",2026-09-26,07-37-11,Saturday
316910088661,89024719,akuma_dgm,459755,Firewatch,589,2026-09-25T21:10:24Z,ru,"['Русский', 'БезПодсказок', 'wow']",2026-09-26,07-37-11,Saturday
317525209975,223173077,tleyds,513143,Teamfight Tactics,588,2026-09-25T19:54:10Z,en,['English'],2026-09-26,07-37-11,Saturday
317525342839,24935580,azulgg,155409827,Pokémon Trading Card Game Live,588,2026-09-25T20:21:42Z,en,"['English', 'DropsEnabled']",2026-09-26,07-37-11,Saturday
320480437596,496942388,jill,1357871551,The Blood of Dawnwalker,587,2026-09-25T23:42:08Z,en,"['English', 'jillcrofts', 'TombRaider', 'Speedrun', 'ChallengeRunner', 'cosplay', 'anime', 'NoBackseating', 'kpop', 'VoiceActing']",2026-09-26,07-37-11,Saturday
317844027236,655890726,tatiana_tv,32982,Grand Theft Auto V,587,2026-09-25T15:12:24Z,fr,"['Français', 'DropsActivés']",2026-09-26,07-37-11,Saturday
321528953177,670055777,chiefbeef_rl,30921,Rocket League,586,2026-09-25T21:01:36Z,en,"['English', 'SSL', 'top100', 'jolly', 'TigerWoodsofRanked2v2', 'JimmyCricket', 'JeepersCreepers', 'DropsEnabled']",2026-09-26,07-37-11,Saturday
318579928935,1157841394,king_auga,32399,Counter-Strike,582,2026-09-25T19:33:43Z,el,"['English', 'faceitlvl10', 'greekcs2', 'greek', 'Ελληνικά', 'CS2', 'counterstrike2']",2026-09-26,07-37-11,Saturday
316133410538,36888859,invain,458443,Alien: Isolation,576,2026-09-25T23:03:03Z,en,"['English', 'ASMR', 'Vtuber', 'Aussie', 'MaleVtuber', 'DropsEnabled']",2026-09-26,07-37-11,Saturday
321580586842,478290210,sheiden,21779,League of Legends,576,2026-09-25T19:50:09Z,en,"['English', 'LCS', 'Challenger', 'Tagalog', 'pro', 'LEC', 'jungle', 'Rank1', 'Philippines', 'NA']",2026-09-26,07-37-11,Saturday
319349347287,583757911,r0b07ic,1413930024,Active Matter,574,2026-09-25T17:01:22Z,en,"['PlayingwithViewers', 'Robot', 'English', 'PvPvE', 'Coffee', 'EngagesWithChat', 'LurkerFriendly', 'Chatty', 'Chıll', 'ActiveMatter']",2026-09-26,07-37-11,Saturday
321700711003,582059483,vadriss,32982,Grand Theft Auto V,573,2026-09-25T23:49:13Z,en,"['English', 'Gay', 'femboy', 'LGBTQPlus', 'twitchprideguild', 'NoPixel', 'DropsEnabled']",2026-09-26,07-37-11,Saturday
321699454043,102762045,flashforce,6675,Bigfoot,572,2026-09-25T22:25:31Z,en,"['English', 'MidnightSociety', 'Horror', 'WholesomeHorror', 'cozy', 'subtember', 'halloween', 'DropsEnabled']",2026-09-26,07-37-11,Saturday
320517923040,263932034,tjnv,32982,Grand Theft Auto V,571,2026-09-25T16:00:15Z,en,"['English', 'GTAⅤ', 'fivem', 'NoPixelWL', 'DropsEnabled']",2026-09-26,07-37-11,Saturday
316909161813,71521770,tomatos,138585,Hearthstone,568,2026-09-25T18:27:05Z,ru,['Русский'],2026-09-26,07-37-11,Saturday
320478293468,44741426,streamerhouse,504463,Tom Clancy's The Division 2,565,2026-09-25T21:22:22Z,en,"['Marathon', 'AlwaysOn', 'Subathon', 'StreamerHouse', 'English', '24hr', '247Stream', 'gaming', 'LGBTQ', 'DropsEnabled']",2026-09-26,07-37-11,Saturday
317826612450,908203601,duodosjogos,29452,Virtual Casino,562,2026-09-26T00:12:58Z,pt,['Português'],2026-09-26,07-37-11,Saturday
317526289527,28054687,etalyx,1979693660,Transport Fever 3,562,2026-09-25T23:15:54Z,en,"['English', 'NoSpoilers', 'VibesBasedTimeouts', 'UnpaidPlaytester', 'NoBackseating']",2026-09-26,07-37-11,Saturday
319134406260,140589463,nerissalove,21779,League of Legends,562,2026-09-25T21:03:43Z,pt,"['Português', 'Syndra', 'teamlysandre', 'English', 'witch', 'newbie', 'arcane']",2026-09-26,07-37-11,Saturday
318717227365,22950258,zeroji,18122,World of Warcraft,561,2026-09-25T18:36:28Z,en,"['pve', 'learning', 'english', 'bird', 'birdismaster', 'English', 'solo', 'DropsEnabled']",2026-09-26,07-37-11,Saturday
320383673310,445080375,carabeanz,509658,Just Chatting,559,2026-09-25T21:04:24Z,en,"['egirl', 'Latina', 'Goddess', 'abs', 'feet', 'Princess', 'English', 'CommunityGames', 'DropsEnabled']",2026-09-26,07-37-11,Saturday
321528945753,66302775,robertocein,27471,Minecraft,558,2026-09-25T21:01:02Z,es,"['México', 'Español', 'Vtuber', 'girl']",2026-09-26,07-37-11,Saturday
316943023830,770312578,yollixxx,32399,Counter-Strike,558,2026-09-25T21:41:37Z,ru,"['Русский', 'English']",2026-09-26,07-37-11,Saturday
321677842523,188210046,saegusinha,19619,Tibia,557,2026-09-24T02:29:11Z,pt,"['Português', 'inglês', 'PKA', 'PokemonAlliance']",2026-09-26,07-37-11,Saturday
320361805534,1187370053,lacyoffline_,499973,Always On,557,2026-09-24T01:31:29Z,en,"['English', 'Lacy', 'faze', 'stableronaldo', 'clix', 'fortnite', 'coreboys', 'jynxzi', 'kaicenat']",2026-09-26,07-37-11,Saturday
317526396535,558401452,teige2k,509658,Just Chatting,554,2026-09-25T23:32:44Z,en,"['English', 'DropsEnabled']",2026-09-26,07-37-11,Saturday
321584281178,96235256,ohtofu,491487,Dead by Daylight,553,2026-09-26T00:14:59Z,en,['English'],2026-09-26,07-37-11,Saturday
321696899291,195166073,hachubby,509658,Just Chatting,552,2026-09-25T18:22:06Z,en,"['English', 'Variety', 'IRL', 'USA', 'gaming', 'korean', 'Cooking', 'music']",2026-09-26,07-37-11,Saturday
320522695136,1294051023,zayrofps_,498566,Slots,552,2026-09-25T23:11:43Z,es,"['English', 'Español']",2026-09-26,07-37-11,Saturday
316106873833,433161425,heyimzed,32982,Grand Theft Auto V,551,2026-09-25T19:08:51Z,en,"['Roleplay', 'Australian', '6PackAbs', 'English', '6foot2', 'LGBTQIAAlly', 'NoPixel', 'Roleplay', 'DropsEnabled', 'NoPixelV']",2026-09-26,07-37-11,Saturday
321697868251,146790215,replays,33214,Fortnite,549,2026-09-25T20:04:31Z,en,"['English', 'FamilyFriendly', 'Fortnite', 'Energetic']",2026-09-26,07-37-11,Saturday
316909595861,23834039,xibbe,29595,Dota 2,548,2026-09-25T19:32:53Z,en,"['English', 'donkey', 'touchgrass']",2026-09-26,07-37-11,Saturday
318575877351,63179445,kuruhs,495711,Need for Speed: Most Wanted,548,2026-09-25T15:10:48Z,en,"['English', 'Speedrun', 'Racing', 'openworld', 'online', 'Multiplayer']",2026-09-26,07-37-11,Saturday
319007130742,485285973,mirys,509659,ASMR,547,2026-09-25T23:51:24Z,pt,"['Português', 'Sleep', 'Wellness', 'Mindfulness', 'Relax', 'English', 'Concentration', 'Calm', 'ASMR', 'Español']",2026-09-26,07-37-11,Saturday
319136058484,113206860,rubini,19619,Tibia,545,2026-09-25T23:51:39Z,pt,"['Português', 'Medivia', 'MMORPG', 'Tibia', 'Rubinot']",2026-09-26,07-37-11,Saturday
316987769556,524953193,d1pro4,509658,Just Chatting,545,2026-09-25T21:59:15Z,ru,"['Русский', 'DropsВключены']",2026-09-26,07-37-11,Saturday
317525766391,1292881913,majorleaguebalatro,745589378,Balatro,543,2026-09-25T21:50:18Z,en,['English'],2026-09-26,07-37-11,Saturday
319352234967,473320438,kiingjulien,30921,Rocket League,543,2026-09-25T23:12:54Z,en,"['English', 'USA', 'Caseohgames', 'spanish', 'kaicenat', 'jynxzi', 'xqc', 'DropsEnabled']",2026-09-26,07-37-11,Saturday
316068009704,93893204,harmless,32982,Grand Theft Auto V,541,2026-09-25T19:02:04Z,en,"['English', 'NoPixel', 'NoPixelV', 'NoPixel5', 'DropsEnabled']",2026-09-26,07-37-11,Saturday
318775993190,1068523248,rouletterage,498566,Slots,540,2026-09-25T23:37:23Z,en,['English'],2026-09-26,07-37-11,Saturday
321582767578,90222378,kruzadar,1960720223,SILENT HILL: townfall,540,2026-09-25T22:47:39Z,en,"['English', 'chill', 'funny', 'FleshTuber', 'Woman', 'gaming', 'comedy', 'DadsOfTwitch']",2026-09-26,07-37-11,Saturday
319352506071,1134296624,sukiimellow,509672,IRL,539,2026-09-25T23:36:15Z,en,['English'],2026-09-26,07-37-11,Saturday
319135641332,62079764,tommypervan,509658,Just Chatting,538,2026-09-25T23:13:02Z,es,"['Español', 'Chile', 'Gaming', 'Actualidad', 'PuntaArenas', 'Tecnología', 'Ciencia', 'LeagueofLegends', 'lol', 'DropsActivados']",2026-09-26,07-37-11,Saturday
321583457370,232730373,odudutips,509672,IRL,538,2026-09-25T23:28:30Z,pt,"['Português', 'odudutips', 'dudutips', 'RJ', 'dudutips']",2026-09-26,07-37-11,Saturday
316910241365,441760245,lagoda,75467,Euro Truck Simulator 2,537,2026-09-25T21:50:52Z,ru,['Русский'],2026-09-26,07-37-11,Saturday
319006818934,109679786,alle1,509658,Just Chatting,537,2026-09-25T23:24:15Z,en,"['Português', 'EngIish', 'CS2', 'bloonsTD6', 'combatarms', 'counterstrike', 'react', '247Stream', 'English', 'DropsEnabled']",2026-09-26,07-37-11,Saturday
317826178914,45329736,hitboxking,516575,VALORANT,535,2026-09-25T23:02:03Z,es,"['Español', 'valorant', 'shooters']",2026-09-26,07-37-11,Saturday
318718168805,751853403,mia_ivus,509658,Just Chatting,535,2026-09-25T19:33:14Z,ru,"['Русский', 'стрим', 'девушка', 'girl', 'game', 'USA', 'общение', 'new', 'music', 'музыка']",2026-09-26,07-37-11,Saturday
318720720485,1539745461,badging247,676802825,Big Walk,535,2026-09-25T23:37:51Z,en,"['Badge', 'Badges', 'drops', 'Español', 'English', 'Polski', '日本語', 'Chıll', 'DropsEnabled']",2026-09-26,07-37-11,Saturday
319352193367,124651013,thegeekentry,516575,VALORANT,534,2026-09-25T23:08:43Z,en,"['English', 'ADHD', 'Canada', 'PositiveVibes', 'rizz', 'Alienware', 'Cozy', 'DropsEnabled']",2026-09-26,07-37-11,Saturday
316504021618,29923971,rainbrain,1189960863,DRAPLINE,530,2026-09-25T06:53:25Z,ja,['日本語'],2026-09-26,07-37-11,Saturday
316938816086,1452895933,orangemorangeslots,498566,Slots,530,2026-09-25T12:37:26Z,de,['Deutsch'],2026-09-26,07-37-11,Saturday
318578336359,1238488778,monkeyjet,464339927,ARC Raiders,529,2026-09-25T18:00:22Z,en,"['English', 'ADHD', 'vtuber']",2026-09-26,07-37-11,Saturday
318775856230,1447297241,gtastyslots,498566,Slots,527,2026-09-25T23:09:55Z,de,['Deutsch'],2026-09-26,07-37-11,Saturday
317514273399,666507335,mintcastella,509663,Special Events,527,2026-09-24T01:36:54Z,en,"['English', 'Vtuber', 'dog', 'broad', 'wan', 'wan']",2026-09-26,07-37-11,Saturday
316910264661,107948257,sensibility322,29595,Dota 2,525,2026-09-25T21:58:57Z,ru,"['Русский', 'English']",2026-09-26,07-37-11,Saturday
317526172279,27132299,loadingreadyrun,2748,Magic: The Gathering,524,2026-09-25T22:59:48Z,en,"['English', 'Canada', 'LRR', 'LoadingReadyRun']",2026-09-26,07-37-11,Saturday
317858077923,150642043,omendigotv,509672,IRL,524,2026-09-25T21:59:43Z,pt,"['EngIish', 'Português']",2026-09-26,07-37-11,Saturday
318711332837,162151864,klupatwins,1338428218,CONTROL Resonant,523,2026-09-25T09:59:37Z,de,"['Deutsch', 'just', 'chatting', 'zwillinge', 'reactions', 'rp', 'news', 'gaming', 'Diskussion', 'Gruselspiele']",2026-09-26,07-37-11,Saturday
320522454496,23057278,gassymexican,743893402,WARDOGS,522,2026-09-25T22:59:42Z,en,"['English', 'max', 'gonzalez', 'gassymexican', 'ogtwitch', 'NoBackseatingUnlessAsked', 'NoSpoilersNoBackseating', 'DropsEnabled']",2026-09-26,07-37-11,Saturday
319006639990,1073508423,faello1,209738946,Wuthering Waves,522,2026-09-25T23:09:51Z,es,"['Español', 'WutheringWaves', 'Gacha']",2026-09-26,07-37-11,Saturday
318581506151,939860797,dooomcr,491168,Clash Royale,519,2026-09-25T21:32:40Z,de,"['Deutsch', 'Wiederholen', 'clashroyale', 'DOoOMcr']",2026-09-26,07-37-11,Saturday
321578064730,115994925,alphakep,30921,Rocket League,518,2026-09-25T13:50:12Z,en,"['English', 'drops', 'NoAds', 'NoAdsAfterPreroll', 'DropsActive', 'pro', 'DropsEnable', 'rocketleague', 'Golf', 'DropsEnabled']",2026-09-26,07-37-11,Saturday
320478073308,211093501,vlouue,1669431183,DJs,516,2026-09-25T21:04:57Z,fr,"['English', 'femaledj', 'Techno', 'DJ', 'Français', 'Canada', 'Québec', 'Deutsch', 'IRL', 'Quebec']",2026-09-26,07-37-11,Saturday
318576365415,68261767,knister,32982,Grand Theft Auto V,516,2026-09-25T15:52:08Z,de,"['Deutsch', 'DropsAktiviert']",2026-09-26,07-37-11,Saturday
321700925531,616176693,itz_reported,32982,Grand Theft Auto V,515,2026-09-26T00:00:38Z,en,"['gta6', 'GTA5Online', 'English', 'gta', 'gtavRP', 'gta5funny', 'GTARPLIVE', 'GTA5', 'gtaonline', 'DropsEnabled']",2026-09-26,07-37-11,Saturday
321581968986,24534372,jimrsng,27471,Minecraft,513,2026-09-25T21:53:56Z,es,"['Español', 'divertido', 'comedia', 'irreverente', 'cringe', 'drops']",2026-09-26,07-37-11,Saturday
321697803995,56399221,viper,21779,League of Legends,512,2026-09-25T19:59:21Z,en,"['English', 'leagueoflegends', 'RivenOTP', 'Toplaner']",2026-09-26,07-37-11,Saturday
321532069593,20508512,calebhart42,27284,Retro,510,2026-09-26T00:14:54Z,en,"['SPEEDRUN', 'SWAG', 'FF7', 'ALLCAPS', 'GENERICTAG', 'WORLDRECORD', 'English', 'MEGAMAN', 'SHINYHUNT', 'ironMON']",2026-09-26,07-37-11,Saturday
317525608439,71987056,neenoh,500188,Hunt: Showdown 1896,510,2026-09-25T21:17:26Z,en,"['English', 'Dad', 'chill']",2026-09-26,07-37-11,Saturday
321698580827,645498689,paypay,32982,Grand Theft Auto V,508,2026-09-25T21:12:02Z,en,"['English', 'LGBTQ', 'Gay', 'DropsEnabled']",2026-09-26,07-37-11,Saturday
320479384028,703180386,abgxlina,509658,Just Chatting,507,2026-09-25T22:41:35Z,en,['English'],2026-09-26,07-37-11,Saturday
318210675800,98087706,whatifjulia,509658,Just Chatting,506,2026-09-25T23:49:32Z,en,"['English', 'pspsps', 'ClosedCaptions', 'LGBTQIAPlus', 'ComfyChaotic', 'FirstPlaythrough', 'DropsEnabled']",2026-09-26,07-37-11,Saturday
319065165045,748361965,ziriguidum777,29452,Virtual Casino,505,2026-09-25T23:25:05Z,pt,['Português'],2026-09-26,07-37-11,Saturday
321529049177,476830379,angelz,491487,Dead by Daylight,505,2026-09-25T21:09:16Z,en,"['English', 'Competitive', 'cynic', 'dbd', 'X9', 'CompDBD']",2026-09-26,07-37-11,Saturday
320520528608,134904664,warshack,138585,Hearthstone,503,2026-09-25T20:37:19Z,en,"['NA', 'Strategy', 'Hearthstone', 'Ranked', 'CardGame', 'English']",2026-09-26,07-37-11,Saturday
319338741207,7832442,rifftrax,499973,Always On,503,2026-09-24T18:14:16Z,en,['English'],2026-09-26,07-37-11,Saturday
316495075441,201393658,nyunkoro,513143,Teamfight Tactics,503,2026-09-25T23:04:04Z,ja,"['vtuber', '日本語', '大御所', '〇〇すればいいのに禁止']",2026-09-26,07-37-11,Saturday
316987321428,626741062,derskii0_ttv,1413930024,Active Matter,502,2026-09-25T20:22:28Z,ru,"['Русский', 'DropsВключены']",2026-09-26,07-37-11,Saturday
320386164190,27150884,stephengeorg,1901564987,A Little to the Left,502,2026-09-25T23:35:57Z,en,['English'],2026-09-26,07-37-11,Saturday
320479218268,407427691,huncho,21779,League of Legends,501,2026-09-25T22:30:12Z,en,['English'],2026-09-26,07-37-11,Saturday
321696565467,30281925,kaceytron,509658,Just Chatting,500,2026-09-25T17:46:31Z,en,"['English', 'ClosedCaptions', 'LGBTQIA', 'LGBTQIAPlus', 'PopCulture', 'ADHD', 'FurryFriendly', 'Woman', 'Spirituality', 'Gay']",2026-09-26,07-37-11,Saturday
318769020390,514473492,gwizdakk,27471,Minecraft,500,2026-09-25T13:57:05Z,pl,['Polski'],2026-09-26,07-37-11,Saturday
321696477531,172390266,hiimsky,515025,Overwatch,499,2026-09-25T17:37:27Z,en,"['SPEEDSPORT', 'English', 'zarya', 'zarya', 'zarya', 'zarya', 'zarya', 'zarya', 'zarya']",2026-09-26,07-37-11,Saturday
320384047454,266115529,seecatplay,951949934,The Sinking City 2,499,2026-09-25T21:32:00Z,en,"['English', 'VoiceActress', 'SeizureDisorder', 'CatStrats', 'ISwearALot', 'ADHDHaver', 'AIOptedOut', 'FirstPlaythrough', 'ShiftAtMidnight', 'CoOp']",2026-09-26,07-37-11,Saturday
316107100905,412027243,granny,1267582829,Aniimo,499,2026-09-25T21:26:32Z,en,"['HalloweenTheGame', 'DeadByDaylight', 'Variety', 'Horror', 'English', 'DropsEnabled']",2026-09-26,07-37-11,Saturday
318581257831,62789124,oruipinto,123184772,EA Sports FC 27,498,2026-09-25T21:10:05Z,pt,['Português'],2026-09-26,07-37-11,Saturday
316940938070,56907042,adamcrook,65632,DayZ,497,2026-09-25T17:12:34Z,en,"['English', 'DayZ', 'survival']",2026-09-26,07-37-11,Saturday
316984572500,124432017,detoo,509672,IRL,497,2026-09-25T14:55:00Z,no,"['Norsk', 'IRL']",2026-09-26,07-37-11,Saturday
318715647333,980674396,kowboj2115,32982,Grand Theft Auto V,496,2026-09-25T17:02:25Z,pl,"['Polski', '2115', 'Roleplay', 'DropyWłączone']",2026-09-26,07-37-11,Saturday
320479627996,482795228,danyfishy,33214,Fortnite,496,2026-09-25T22:56:42Z,es,"['Español', 'Fortnite']",2026-09-26,07-37-11,Saturday
320459262044,400999129,clout,509658,Just Chatting,496,2026-09-24T05:22:40Z,en,"['English', 'GamerCasual', 'melly', 'DropsEnabled']",2026-09-26,07-37-11,Saturday
321530952025,553831447,eros,1960720223,SILENT HILL: townfall,495,2026-09-25T23:17:21Z,en,"['English', 'ADHD', 'Furry', 'mpreg', 'Horror', 'Vtuber', 'scary', 'LGBTQ']",2026-09-26,07-37-11,Saturday
320523459680,526758447,datji_,509658,Just Chatting,494,2026-09-25T23:53:49Z,en,"['English', '한국어', 'korean', 'Cozy', 'USA', 'Variety', 'artist', 'Asian', 'IRL', 'leagueoflegends']",2026-09-26,07-37-11,Saturday
317525892855,660555943,jayunmatched,509658,Just Chatting,493,2026-09-25T22:14:15Z,en,"['justchatting', 'd10', 'English', 'DropsEnabled']",2026-09-26,07-37-11,Saturday
316563153267,727265661,yoshimyan,509658,Just Chatting,492,2026-09-26T00:00:25Z,en,"['Japan', 'Japanese', '日本語', 'Travel', 'IRL', 'Asian', '日本', 'girl', 'Anime', 'vlog']",2026-09-26,07-37-11,Saturday
321580242778,65975539,walnutcast,32982,Grand Theft Auto V,490,2026-09-25T19:08:12Z,en,"['English', 'AuDHD', 'Skateboarding', 'Simulators', 'emo', 'poppunk', 'DropsEnabled']",2026-09-26,07-37-11,Saturday
320520319712,693518594,chawndo,513181,Genshin Impact,489,2026-09-25T20:17:47Z,en,"['English', 'genshin', 'gaming', 'DropsEnabled']",2026-09-26,07-37-11,Saturday
319352195159,31293153,boltar,509658,Just Chatting,489,2026-09-25T23:08:52Z,en,"['English', 'vegas', 'food', 'DropsEnabled']",2026-09-26,07-37-11,Saturday
319062878197,83957804,samiraclose,1267582829,Aniimo,489,2026-09-25T18:27:54Z,pt,"['Português', 'DropsAtivados']",2026-09-26,07-37-11,Saturday
319005698550,140772558,baiano,21779,League of Legends,486,2026-09-25T21:45:41Z,pt,"['Português', 'CBLOL', 'LOUD', 'paiN', 'VKS', 'FURIA', 'IlhadasLendas', 'idl', 'ILHA', 'DropsAtivados']",2026-09-26,07-37-11,Saturday
316986965588,1121596361,geass81,494184,Mobile Legends: Bang Bang,486,2026-09-25T19:28:11Z,ru,['Русский'],2026-09-26,07-37-11,Saturday
319065427701,938145273,zzmadre,29452,Virtual Casino,485,2026-09-25T23:51:59Z,pt,"['English', 'espanhol', 'Portugal', 'Português', 'cassino']",2026-09-26,07-37-11,Saturday
321514697817,86815897,nosleeves12,518584827,NHL 27,484,2026-09-24T19:05:23Z,en,"['English', 'DropsEnabled']",2026-09-26,07-37-11,Saturday
317525214839,58098825,fooya,21779,League of Legends,484,2026-09-25T19:55:23Z,en,"['troll', 'league', 'fiddlestick', 'Nami', 'support', 'English', 'Gremlin', 'Bard', 'LCS']",2026-09-26,07-37-11,Saturday
318766550886,567603687,dirkneuenfelszwo,509658,Just Chatting,483,2026-09-25T08:35:27Z,de,"['IRL', 'Comedy', 'LGBTQ', 'Events', 'Giveaways', 'party', 'Deutsch', 'gaming', 'English', 'gamescom']",2026-09-26,07-37-11,Saturday
320521590752,606662293,oozie,460630,Rainbow Six Siege,483,2026-09-25T22:03:03Z,en,"['English', 'oozieisasigmagooner', 'ooziie', 'oozie', 'DropsEnabled']",2026-09-26,07-37-11,Saturday
321526944985,17206877,yumytv,18122,World of Warcraft,483,2026-09-25T17:35:08Z,en,"['English', 'DropsEnabled']",2026-09-26,07-37-11,Saturday
319005319030,248374782,jinwoooprime,29452,Virtual Casino,482,2026-09-25T21:00:44Z,pt,"['Português', 'League', 'casino']",2026-09-26,07-37-11,Saturday
317825427682,1103357721,fousseyd,513143,Teamfight Tactics,480,2026-09-25T21:30:41Z,fr,"['Français', 'Foussey', 'solide', 'Pengfei']",2026-09-26,07-37-11,Saturday
321525326809,55899594,corgicam,498592,I'm Only Sleeping,480,2026-09-25T13:07:54Z,en,"['English', 'Vtuber', 'Furry', 'LGBTQIAPlusAlly', 'short', 'LOUD', 'Interactive', 'ClosedCaptions', 'subathon', 'Yapper']",2026-09-26,07-37-11,Saturday
320385749854,94699467,rabo9d,509659,ASMR,480,2026-09-25T23:14:07Z,en,"['ASMR', 'Vtuber', 'English', 'Chatting', 'Sleep', 'Relaxing', '3Dio', 'Fun', 'Chat', 'Anime']",2026-09-26,07-37-11,Saturday
317525546999,52236161,skizzleman,1853781077,The Headliners,480,2026-09-25T21:04:53Z,en,"['English', 'minecraft']",2026-09-26,07-37-11,Saturday
316506815602,144740532,japanese_restream,12536,Blues Brothers 2000,477,2026-09-25T20:08:44Z,ja,"['日本語', 'RTA', 'Speedrun']",2026-09-26,07-37-11,Saturday
318209212632,1275626187,igobygraven,494099,Kingdom Hearts HD 1.5 + 2.5 ReMIX,477,2026-09-25T20:04:11Z,en,"['English', 'LGBTQFriendly', 'ChillVibes', 'KingdomHearts', 'Riku', 'VoiceActor']",2026-09-26,07-37-11,Saturday
318209476568,55356966,defects,23894,Call of Duty: Black Ops,476,2026-09-25T20:45:19Z,en,['English'],2026-09-26,07-37-11,Saturday
320523530080,1316074059,therealkekeeee,509658,Just Chatting,475,2026-09-25T23:56:57Z,en,"['English', 'DropsEnabled']",2026-09-26,07-37-11,Saturday
319064634229,209462470,kurolaos,515474,NARAKA: BLADEPOINT,474,2026-09-25T22:34:57Z,en,"['oncehuman', 'english', 'games', 'naraka', 'LGTB', 'English', 'DropsEnabled']",2026-09-26,07-37-11,Saturday
318207967064,67650991,realkraftyy,18122,World of Warcraft,474,2026-09-25T16:01:14Z,en,"['English', 'ExtractionShooter', 'MEN', 'DropsEnabled']",2026-09-26,07-37-11,Saturday
316941877974,793085872,filfeel,138585,Hearthstone,474,2026-09-25T18:51:16Z,ru,['Русский'],2026-09-26,07-37-11,Saturday
321580581210,145686333,eskay,1435206302,Slay the Spire II,473,2026-09-25T19:49:34Z,en,"['English', 'pretty', 'smart', 'funny', 'perfect', 'humble', 'Vtuber', 'wholesome', 'DropsEnabled']",2026-09-26,07-37-11,Saturday
317824396130,526168468,mrsal_59,32982,Grand Theft Auto V,473,2026-09-25T19:45:30Z,fr,"['FlashbackWL', 'Français', '1440p', 'DropsActivés']",2026-09-26,07-37-11,Saturday
320513300960,62502182,neoness007,66170,Warframe,473,2026-09-25T03:09:42Z,en,"['English', 'drops', 'rewards', 'RewardsEnabled', 'warframe', 'warframegameplay', 'warframestream', 'DropsEnabled']",2026-09-26,07-37-11,Saturday
318720817253,36453924,raz404,509663,Special Events,472,2026-09-25T23:53:40Z,fr,"['IRL', 'Français', 'DropsActivés']",2026-09-26,07-37-11,Saturday
319350972375,138394663,tonytheduff,902998079,Halloween: The Game,471,2026-09-25T20:59:13Z,en,"['pepegi', 'top1percentNAsurvivor', 'LiterallyJustBetter', 'English']",2026-09-26,07-37-11,Saturday
320383500894,23524577,swifty,18122,World of Warcraft,471,2026-09-25T20:52:13Z,en,"['English', 'swifty', 'warcraft', 'worldofwarcraft', 'worldofwarcraft', 'pvp', 'oneshot', 'IRL', 'delivery', 'gta']",2026-09-26,07-37-11,Saturday
316987918804,1106344955,r2onlineru,502829,R2 Online: Reign of Revolution,470,2026-09-25T22:44:22Z,ru,"['r2', 'R2Online', 'R2стрим', 'R2OnlineReignofRevolution', 'Русский']",2026-09-26,07-37-11,Saturday
320458052444,126750144,crystalmolly,263490,Rust,470,2026-09-24T03:22:32Z,es,"['Mujer', 'She', 'Español', 'comedia', 'Repetir', 'DropsActivados']",2026-09-26,07-37-11,Saturday
321531428569,22916751,bajheera,18122,World of Warcraft,469,2026-09-25T23:46:30Z,en,"['English', 'Warrior', 'DropsEnabled']",2026-09-26,07-37-11,Saturday
321528544985,132229045,catplant,509659,ASMR,469,2026-09-25T20:26:41Z,en,"['English', 'stanima', 'nosabo', 'fakelatina']",2026-09-26,07-37-11,Saturday
321530661593,415600627,kitame157,515474,NARAKA: BLADEPOINT,469,2026-09-25T23:00:29Z,en,"['English', 'Espàñol', 'ONCEHUMANContentCreator', 'NarakaBladePoint', 'NTEcreator', 'wherewindsmeet', 'DropsEnabled', 'WhereWindsMeetWWMCIES1']",2026-09-26,07-37-11,Saturday
318208196440,128574157,reirawr,771448419,AION 2,468,2026-09-25T17:01:23Z,en,"['English', 'NA', 'PNGTuber']",2026-09-26,07-37-11,Saturday
316068370792,23526154,x5_pig,490422,StarCraft II,467,2026-09-25T22:19:39Z,en,"['English', 'Esports', 'RTS']",2026-09-26,07-37-11,Saturday
317823616994,42360116,cheese,2692,Super Mario 64,467,2026-09-25T18:41:46Z,en,"['English', 'LGBT', 'speedrunning', 'spanish', 'mario', 'DropsEnabled']",2026-09-26,07-37-11,Saturday
316987171924,763092538,shiishak,27471,Minecraft,467,2026-09-25T19:59:44Z,ru,['Русский'],2026-09-26,07-37-11,Saturday
318766540518,144670369,yvraldis,509663,Special Events,467,2026-09-25T08:33:23Z,de,"['Deutsch', 'show', 'IRL', 'DropsAktiviert']",2026-09-26,07-37-11,Saturday
320523148640,141661193,lyesval,464339927,ARC Raiders,465,2026-09-25T23:37:09Z,en,"['english', 'radiant', 'esexaddict', 'egirl', 'arcraiders', 'dropsenabled', 'English', 'pawsocks']",2026-09-26,07-37-11,Saturday
318578693863,107536229,aurateur,521885043,Infinite Craft,464,2026-09-25T18:19:31Z,en,"['Bald', 'English']",2026-09-26,07-37-11,Saturday
317847040484,834616496,ranellebrown,509658,Just Chatting,464,2026-09-25T19:53:54Z,fr,"['Français', 'DropsActivés']",2026-09-26,07-37-11,Saturday
318209699032,1102230979,adilswrld,516575,VALORANT,464,2026-09-25T21:19:07Z,en,"['English', 'ADHD', 'silly', 'LOUD', 'valorant']",2026-09-26,07-37-11,Saturday
321699561051,125791392,gamescage,1135492840,Sonic Racing: CrossWorlds,463,2026-09-25T22:34:12Z,en,"['English', 'sonic', 'goku', 'dragonball', 'hype', 'reacts', 'gaming', 'GamingNews']",2026-09-26,07-37-11,Saturday
320478601948,29183589,ashmonsterftw,250649084,SILENT HILL 2,462,2026-09-25T21:46:42Z,en,"['Chatty', 'English', 'DropsEnabled']",2026-09-26,07-37-11,Saturday
318715945957,28304438,earliboy,32982,Grand Theft Auto V,462,2026-09-25T17:20:32Z,de,"['Deutsch', 'craftattack', 'CraftAttack13', 'UnityLife', 'Roleplay', 'Sauercrowd', 'UnityLifeDE', 'DropsAktiviert']",2026-09-26,07-37-11,Saturday
320477627228,10397006,jericho,404069058,ACE COMBAT 8: WINGS OF THEVE,462,2026-09-25T20:28:09Z,en,"['English', 'music', 'content', 'Variety']",2026-09-26,07-37-11,Saturday
318209928152,142237562,bmsomega,10609,Pokémon Emerald Version,461,2026-09-25T21:55:38Z,other,"['pokemon', 'nuzlocke', 'kaizoironmon', 'emerald']",2026-09-26,07-37-11,Saturday
320379996126,214974828,average,2132205352,Deadlock,460,2026-09-25T13:55:08Z,en,"['English', 'deadlock', 'educational', 'rank1']",2026-09-26,07-37-11,Saturday
321530779481,83118580,neko,509659,ASMR,459,2026-09-25T23:06:39Z,en,"['English', 'Korean', 'ASMR', 'Vtuber', 'ENVtuber', 'Woman', 'Anime', 'DeadWeight', 'Yapper']",2026-09-26,07-37-11,Saturday
320478779740,40035836,rechot,138585,Hearthstone,459,2026-09-25T21:59:10Z,en,"['Black', 'English', 'Autobattler']",2026-09-26,07-37-11,Saturday
319351691479,624501601,hisokat42,512710,Call of Duty: Warzone,459,2026-09-25T22:18:58Z,en,['English'],2026-09-26,07-37-11,Saturday
316131941482,175865119,benfruit,65632,DayZ,458,2026-09-25T13:15:16Z,en,['English'],2026-09-26,07-37-11,Saturday
320521268192,29213580,thehamtv,2748,Magic: The Gathering,458,2026-09-25T21:38:03Z,en,['English'],2026-09-26,07-37-11,Saturday
321697129435,117083340,tpain,509672,IRL,458,2026-09-25T18:48:33Z,en,"['English', 'music', 'gaming', 'simracing', 'SimDrifting', 'Editing', '3DModeling', '3DPrinting', 'FLASHINGLIGHTWARNING']",2026-09-26,07-37-11,Saturday
321699552603,27787567,iateyourpie,18122,World of Warcraft,458,2026-09-25T22:33:31Z,en,"['English', 'PieCommunity', 'DropsEnabled']",2026-09-26,07-37-11,Saturday
318719920741,252625636,rayka2k,32399,Counter-Strike,458,2026-09-25T21:52:30Z,ru,['Русский'],2026-09-26,07-37-11,Saturday
319136157300,1045438766,yagostooso,509658,Just Chatting,457,2026-09-26T00:00:05Z,pt,"['Português', 'yagostoso', 'DropsAtivados']",2026-09-26,07-37-11,Saturday
317858971235,55713896,fahhkies,18122,World of Warcraft,456,2026-09-25T23:34:25Z,es,"['Español', 'Vakis', 'Tak', 'Keky', 'DropsActivados']",2026-09-26,07-37-11,Saturday
320518611808,88957496,metaphor,512710,Call of Duty: Warzone,456,2026-09-25T17:17:01Z,en,"['marmot', 'English']",2026-09-26,07-37-11,Saturday
316107320169,672957517,jeanfaymas,509658,Just Chatting,455,2026-09-25T23:27:33Z,en,"['Vtuber', 'Tomboy', 'Australia', 'bakadere', 'English', 'Vershion', 'AUS', 'scifi', 'DropsEnabled']",2026-09-26,07-37-11,Saturday
321528498521,87183799,tikyjr,21779,League of Legends,455,2026-09-25T20:22:30Z,fr,['Français'],2026-09-26,07-37-11,Saturday
318581298663,106159308,gronkhtv,498484,Close to the Sun,454,2026-09-25T21:13:46Z,de,['Deutsch'],2026-09-26,07-37-11,Saturday
321532269145,236681655,cherry_missa,498566,Slots,453,2026-09-26T00:23:58Z,es,"['slots', 'casino', 'English', 'Español']",2026-09-26,07-37-11,Saturday
316987448788,558101938,yatimff,509658,Just Chatting,453,2026-09-25T20:45:33Z,ru,['Русский'],2026-09-26,07-37-11,Saturday
319351536727,870681445,braeden,509658,Just Chatting,452,2026-09-25T22:02:30Z,en,"['English', 'DropsEnabled']",2026-09-26,07-37-11,Saturday
317525035127,709629345,sacred,511224,Apex Legends,452,2026-09-25T19:14:51Z,en,"['English', 'DropsEnabled']",2026-09-26,07-37-11,Saturday
317525345527,763706766,redify,263490,Rust,451,2026-09-25T20:22:17Z,en,"['English', 'catgirl', 'meow', 'oscs', 'catboy', 'femboy', 'NoPixel', 'DropsEnabled']",2026-09-26,07-37-11,Saturday
321579472346,170760368,6cyx,515025,Overwatch,451,2026-09-25T17:34:44Z,en,"['English', 'NOBACKSEATGAMING', 'BackSeatGamersGETBANNED', 'BANNINGALLBACKSEATGAMERS', 'BackSeatGameGetsUBanned']",2026-09-26,07-37-11,Saturday
319005219830,39152815,clovaobengala,1264310518,Marvel Rivals,450,2026-09-25T20:48:55Z,pt,"['Português', 'DropsAtivados']",2026-09-26,07-37-11,Saturday
318718269157,197024901,ils3nnin,13332,Pokémon FireRed/LeafGreen,448,2026-09-25T19:39:54Z,it,"['manga', 'Kaizo', 'Italiano', 'anime', 'chill', 'pokemon', 'ironMON', 'DropAbilitati']",2026-09-26,07-37-11,Saturday
316495112561,791319445,xxbetty96,55453844,Street Fighter 6,446,2026-09-25T23:20:48Z,ja,"['日本語', 'Drops有効']",2026-09-26,07-37-11,Saturday
320385288542,1224958651,sebriusvt,1267582829,Aniimo,446,2026-09-25T22:51:21Z,es,"['Español', 'English', 'DropsActivados']",2026-09-26,07-37-11,Saturday
321700934107,63164470,angrypug,902998079,Halloween: The Game,446,2026-09-26T00:00:54Z,en,"['English', 'Casual', 'soloqueue', 'NFL', 'DropsEnabled']",2026-09-26,07-37-11,Saturday
320520720736,465079079,mariabagatti,509658,Just Chatting,445,2026-09-25T20:54:16Z,en,"['English', 'gymgirl', 'fitness', 'workout', 'rerun']",2026-09-26,07-37-11,Saturday
317826608610,908203810,hudsonssino7,29452,Virtual Casino,445,2026-09-26T00:12:04Z,pt,"['Português', 'Hudson']",2026-09-26,07-37-11,Saturday
318210103640,128669820,tastylife,459931,Old School RuneScape,444,2026-09-25T22:22:12Z,en,"['English', 'LANscape']",2026-09-26,07-37-11,Saturday
318717383141,634655593,touristt12,491168,Clash Royale,444,2026-09-25T18:45:24Z,ru,['Русский'],2026-09-26,07-37-11,Saturday
320382912350,43783218,kylebosman,998666707,Garfield: Escape from Monday,444,2026-09-25T20:00:25Z,en,"['English', 'anxious']",2026-09-26,07-37-11,Saturday
319352110167,782947440,policechasenetwork,509658,Just Chatting,444,2026-09-25T23:01:11Z,en,"['English', 'feet', 'DropsEnabled']",2026-09-26,07-37-11,Saturday
321696088795,64581694,rogue,417892,Z1: Battle Royale,444,2026-09-25T16:55:39Z,en,"['MonsterEnergy', 'TeamLiquid', 'Racing', 'Cars', 'English']",2026-09-26,07-37-11,Saturday
319006818422,582210277,peptidess_,509658,Just Chatting,443,2026-09-25T23:24:11Z,pt,"['Português', 'warzone', 'DropsAtivados']",2026-09-26,07-37-11,Saturday
321579864154,580231508,fiathegemini,509658,Just Chatting,442,2026-09-25T18:24:39Z,en,"['English', 'Cooking', 'Travel', 'chef', 'Cultural', 'IRL', 'food', 'Football', 'Chinese', 'Japanese']",2026-09-26,07-37-11,Saturday
316562824691,640727373,sumono33,1122982998,Dark Souls: Remastered,442,2026-09-25T21:30:18Z,ja,"['日本語', 'ナメクジなので塩はかけないでね', 'ドット絵っていいよね', '山はいいね', 'translation', '初見プレイ', 'ネタバレ注意', 'ヒントなし', 'ナビ禁止']",2026-09-26,07-37-11,Saturday
319337938775,52900869,chrisudalla,509658,Just Chatting,439,2026-09-24T15:54:47Z,en,['English'],2026-09-26,07-37-11,Saturday
317846872292,120951864,furax22,32982,Grand Theft Auto V,439,2026-09-25T19:39:54Z,fr,"['Français', 'DropsActivés']",2026-09-26,07-37-11,Saturday
320520305632,23518699,thdlock,18122,World of Warcraft,439,2026-09-25T20:16:36Z,en,"['English', 'DropsEnabled']",2026-09-26,07-37-11,Saturday
320480619484,427836335,dreamcatcher,509659,ASMR,437,2026-09-25T23:52:34Z,en,"['English', 'Vtuber', 'ADHD', 'Goddess', 'Woman', 'Wolf', 'findom', 'OSRS']",2026-09-26,07-37-11,Saturday
321528621529,1242487781,rdcwaitingroom_,499973,Always On,437,2026-09-25T20:33:55Z,en,['English'],2026-09-26,07-37-11,Saturday
317525089527,1031849891,camdenva,1064893715,Resident Evil 3,436,2026-09-25T19:27:06Z,en,"['English', 'cozy', 'chill', 'Positivity', 'VoiceActing', 'VoiceActor']",2026-09-26,07-37-11,Saturday
316503878002,199842204,noe_147,509658,Just Chatting,435,2026-09-25T06:03:32Z,zh,"['中文', '启用掉宝']",2026-09-26,07-37-11,Saturday
319065528821,981358873,1collibri,29452,Virtual Casino,435,2026-09-26T00:00:44Z,pt,"['English', 'virtualcasino', 'counterstrike2', 'Português', 'espanhol']",2026-09-26,07-37-11,Saturday
320386204638,25220420,weak3n,2094865572,SMITE 2,434,2026-09-25T23:38:02Z,en,"['English', 'DropsEnabled']",2026-09-26,07-37-11,Saturday
320479054044,259426703,shiftytv,512710,Call of Duty: Warzone,432,2026-09-25T22:18:34Z,en,"['solo', 'sniping', 'english', 'hispanic', 'LFT', 'controller', 'adhd', 'English']",2026-09-26,07-37-11,Saturday
318719315429,216735494,furkyplayzz,123184772,EA Sports FC 27,432,2026-09-25T20:57:29Z,de,['Deutsch'],2026-09-26,07-37-11,Saturday
317526423031,82707084,bakedjake,401587136,Arena Breakout: Infinite,432,2026-09-25T23:36:41Z,en,"['English', 'DropsEnabled']",2026-09-26,07-37-11,Saturday
317856858339,602508851,suppernational,29595,Dota 2,432,2026-09-25T20:22:02Z,en,"['ENG', 'English']",2026-09-26,07-37-11,Saturday
319134174196,52614128,thedarkness,743893402,WARDOGS,431,2026-09-25T20:35:07Z,pt,"['cs', 'battlefield', 'gta', 'GTARP', 'GTARP', 'warzone', 'calldofduty', 'modernwarfare4', 'modernwarfare4beta', 'Português']",2026-09-26,07-37-11,Saturday
319135012980,1538818305,magr1ncs,32399,Counter-Strike,430,2026-09-25T22:12:14Z,pt,['Português'],2026-09-26,07-37-11,Saturday
318209995608,411601481,fauwkz,1264310518,Marvel Rivals,430,2026-09-25T22:05:01Z,en,"['Sports', 'Debate', 'opinion', 'English', 'politics', 'marvelrivals', 'deadlock', 'Coach', 'DropsEnabled']",2026-09-26,07-37-11,Saturday
319349373783,42296879,datto,1295872446,Arkheron,430,2026-09-25T17:05:21Z,en,"['English', 'aioptedout', 'deadlock', 'Variety', 'DropsEnabled']",2026-09-26,07-37-11,Saturday
319135678324,280350131,laniisu,509658,Just Chatting,429,2026-09-25T23:17:03Z,pt,"['Português', 'English', 'cola', 'Anime', 'DropsAtivados']",2026-09-26,07-37-11,Saturday
317856370019,142271083,mozgoejka,401587136,Arena Breakout: Infinite,429,2026-09-25T19:48:04Z,ru,"['Русский', 'Vtuber', 'втубер', 'Витубер', 'ruvtuber', 'DropsВключены']",2026-09-26,07-37-11,Saturday
316910088533,63737082,anastaze,32399,Counter-Strike,429,2026-09-25T21:10:24Z,ru,['Русский'],2026-09-26,07-37-11,Saturday
319134350964,161340615,murloka,417528,Albion Online,428,2026-09-25T20:58:18Z,en,"['MMO', 'SOLO', 'english', 'girl', 'egirl', 'Español', 'English', 'Español', 'DropsEnabled']",2026-09-26,07-37-11,Saturday
318576465383,106318725,demonzz1,93798731,F1 25,428,2026-09-25T15:58:58Z,pl,"['Polski', 'DropyWłączone']",2026-09-26,07-37-11,Saturday
321579233114,998673220,avochato,509511,Marbles on Stream,428,2026-09-25T17:01:16Z,en,"['English', 'vtuber', 'LurkerFriendly', 'discord', 'Canadian', 'YappyStreamer', 'DropsEnabled']",2026-09-26,07-37-11,Saturday
321511331161,581721883,lolworldchampionship,21779,League of Legends,428,2026-09-24T07:51:36Z,en,"['rebroadcast', 'LeagueofLegends', 'MSI', 'LoLWorlds', 'English', 'Charity']",2026-09-26,07-37-11,Saturday
318719053157,35828637,low4n,743893402,WARDOGS,427,2026-09-25T20:37:01Z,fr,"['Français', 'DropsActivés']",2026-09-26,07-37-11,Saturday
317825751394,74785783,fafa,489405,Dragon Ball Z: Dokkan Battle,426,2026-09-25T22:05:29Z,fr,['Français'],2026-09-26,07-37-11,Saturday
321528323417,38368079,garek,32982,Grand Theft Auto V,424,2026-09-25T20:06:25Z,en,"['Anime', 'IBS', 'Vtuber', 'Cringe', 'English', 'bald', 'corn', 'DropsEnabled', 'NoPixelV']",2026-09-26,07-37-11,Saturday
317824492002,1332551875,figo4i0,263490,Rust,424,2026-09-25T19:55:09Z,ar,"['English', 'Arabic', 'العربية', 'تم・تمكين・Drops']",2026-09-26,07-37-11,Saturday
321576977754,204659019,lockintj,602040818,NBA 2K27,424,2026-09-25T08:19:29Z,en,"['2k', 'comp', 'English', '2k26', '2K27']",2026-09-26,07-37-11,Saturday
317822628322,12585713,threedogg,32156,Dishonored,424,2026-09-25T17:07:19Z,en,"['English', 'NoBackseating']",2026-09-26,07-37-11,Saturday
316984334676,770762177,mariospzoo,123184772,EA Sports FC 27,422,2026-09-25T14:21:57Z,pl,['Polski'],2026-09-26,07-37-11,Saturday
319351460183,501717654,potasticp,18884,Gears of War 2,420,2026-09-25T21:55:17Z,en,['English'],2026-09-26,07-37-11,Saturday
317523232503,78046243,queenbee,509658,Just Chatting,419,2026-09-25T09:14:22Z,en,['English'],2026-09-26,07-37-11,Saturday
321528941657,30080840,tsm_theoddone,779192097,Fire Emblem: Fortune's Weave,419,2026-09-25T21:00:46Z,en,['English'],2026-09-26,07-37-11,Saturday
317525324663,246319839,mari,965771331,Deltarune,419,2026-09-25T20:18:30Z,en,"['English', 'MARI', 'MSG', 'stinky', 'ADHD', 'Furry']",2026-09-26,07-37-11,Saturday
319004160374,245956058,antedeguemonn,19619,Tibia,417,2026-09-25T18:00:33Z,pt,"['Português', 'Tibia', 'majorupdate', 'poketibia', 'ShinyCharm', 'projeto', 'pxg']",2026-09-26,07-37-11,Saturday
317848971364,28276981,frenchstallion,26936,Music,417,2026-09-25T23:17:53Z,en,"['English', 'Montréal', 'guitar', 'Metal', 'GIGACHAD', 'Québécois', 'music', 'Français', 'Metalhead', 'Rocksmith']",2026-09-26,07-37-11,Saturday
320386057054,142924654,bigbadbeaver,31339,Project Zomboid,416,2026-09-25T23:30:23Z,en,"['bigbadbeaver', 'story', 'hard', 'eng', 'zombie', 'Lore', 'English', 'technobeaver', 'DropsEnabled']",2026-09-26,07-37-11,Saturday
321582531290,683970274,angelaoreo,509658,Just Chatting,416,2026-09-25T22:32:19Z,en,"['american', 'girl', 'asian', 'canadian', 'English', 'rivals', 'DropsEnabled']",2026-09-26,07-37-11,Saturday
318771411302,43410417,drjayfisto,18122,World of Warcraft,416,2026-09-25T17:08:54Z,de,"['English', 'Deutsch', 'DropsAktiviert']",2026-09-26,07-37-11,Saturday
320384661214,77973535,reallifespartan,417969,Halo: The Master Chief Collection,416,2026-09-25T22:12:41Z,en,"['halo', 'cosplay', 'English', 'drops', 'DropsEnabled']",2026-09-26,07-37-11,Saturday
321526668377,26642416,arcus,27284,Retro,415,2026-09-25T16:59:28Z,en,"['Retro', 'FamilyFriendly', 'NES', 'speedrun', 'English']",2026-09-26,07-37-11,Saturday
321528267353,428000880,willowleef,1960720223,SILENT HILL: townfall,414,2026-09-25T20:01:32Z,en,"['English', 'Canadian', 'gamergirl', '18plus', 'LGBTQ', 'ADHD', 'Horror', 'chattingwithviewers', 'VoiceActor', 'egirl']",2026-09-26,07-37-11,Saturday
319062401653,438686523,trollzinha,386821,Black Desert,413,2026-09-25T17:03:33Z,pt,"['Português', 'Vtuber', 'Shai', 'English', 'Русский', 'Español', 'Ｖｔｕｂｅｒ', 'Lahn', 'PIX', 'VtuberBR']",2026-09-26,07-37-11,Saturday
317525587063,270155653,jennybeartv,32982,Grand Theft Auto V,412,2026-09-25T21:13:38Z,en,"['Asian', 'Roleplay', 'Vtuber', 'Educational', 'DropsEnabled', 'NoPixelV', 'English', 'DadsWelcome']",2026-09-26,07-37-11,Saturday
319350395863,502969769,almost_poe,515025,Overwatch,412,2026-09-25T19:42:06Z,en,"['English', 'LGBTQ', 'Cozy', 'ChaosGremlin', 'feet', 'GoblnMilkers', 'Brigitte']",2026-09-26,07-37-11,Saturday
319064046581,766198172,lulyfpps,32399,Counter-Strike,411,2026-09-25T21:29:51Z,pt,['Português'],2026-09-26,07-37-11,Saturday
320365398238,1301492595,nicistemmler,509672,IRL,411,2026-09-24T08:21:04Z,de,"['Deutsch', 'IRL']",2026-09-26,07-37-11,Saturday
318772505318,198758158,parkenharbor,521885043,Infinite Craft,410,2026-09-25T18:19:32Z,en,"['Chatty', 'Educational', 'Canada', 'Cozy', 'English', 'hard', 'challenge', 'FirstPlaythrough']",2026-09-26,07-37-11,Saturday
316049925842,27045041,toadamarillo,21779,League of Legends,410,2026-09-25T14:50:48Z,es,"['Español', 'LeagueaofLegends', 'LOL', 'Toad', 'TOADAMARILLO', 'DropsActivados']",2026-09-26,07-37-11,Saturday
316507154034,28193825,survivalistaoe2de,13389,Age of Empires II,409,2026-09-25T22:55:14Z,en,"['English', 'Competitive', 'Educational']",2026-09-26,07-37-11,Saturday
319351861591,38614029,johnpal,490100,Lost Ark,407,2026-09-25T22:36:37Z,en,"['English', 'MMO', 'ARPG', 'NewPlayerFriendly', 'DadGamer']",2026-09-26,07-37-11,Saturday
316985819860,49218669,totless,499003,VRChat,406,2026-09-25T17:16:35Z,en,"['Vtuber', 'swedish', 'English', 'Anime', 'Yapper', 'ADHD', 'vcardtcg', 'Scuff', 'FriendShaped', 'yuri']",2026-09-26,07-37-11,Saturday
319063528181,73456543,cahos_gaming,771448419,AION 2,406,2026-09-25T20:13:47Z,es,"['Español', 'ARPG', 'drops', 'DiabloPartner', 'poe2', 'MMORPG', 'MMO', 'DiablolV', 'DIVTemporada15']",2026-09-26,07-37-11,Saturday
316943396054,83458162,sanekingg,29595,Dota 2,405,2026-09-25T23:09:37Z,ru,['Русский'],2026-09-26,07-37-11,Saturday
317833529956,416031592,solaryhs,138585,Hearthstone,405,2026-09-24T05:03:49Z,fr,['Français'],2026-09-26,07-37-11,Saturday
319348966231,146593616,zbra,515025,Overwatch,405,2026-09-25T15:49:13Z,en,"['English', 'Doomfist']",2026-09-26,07-37-11,Saturday
319352278871,7154733,typicalgamer,32982,Grand Theft Auto V,404,2026-09-25T23:16:48Z,en,"['English', 'PC', 'Multiplayer', 'PvP', 'Fortnite', 'DropsEnabled']",2026-09-26,07-37-11,Saturday
316985639892,48538184,mob5tertv,478407715,Arma Reforger,404,2026-09-25T17:05:32Z,ru,"['Русский', 'игры']",2026-09-26,07-37-11,Saturday
319351587415,557498973,787prada,1702520304,Path of Exile 2,403,2026-09-25T22:07:36Z,en,"['normal', 'English']",2026-09-26,07-37-11,Saturday
321580405210,531575096,itsbanhammer,1217522406,Dawson Oaks Trailer Park,403,2026-09-25T19:28:19Z,en,"['ADHD', 'English', 'FAMILY', 'MENTALHEALTH', 'VIBES', 'NoPixel']",2026-09-26,07-37-11,Saturday
319348062167,16995144,leopard,511844,The Lord of the Rings: Gollum,403,2026-09-25T12:29:19Z,en,"['English', 'BackgroundNoise', 'BelowAverage', 'DropsEnabled']",2026-09-26,07-37-11,Saturday
320387036894,751879389,gracewitham,116747788,"Pools, Hot Tubs, and Beaches",402,2026-09-26T00:18:08Z,en,"['British', 'American', 'IRL', 'English', 'Australia', 'girl', 'findom', 'Woman', 'Goddess', 'feet']",2026-09-26,07-37-11,Saturday
321701037403,218045682,puddi,509659,ASMR,402,2026-09-26T00:05:42Z,en,"['ParasocialStreamer', 'Unmedicated', 'MisunderstoodGenius', 'Vtuber', 'English', 'ASMR', 'uncomfortablestreamer']",2026-09-26,07-37-11,Saturday
317859137251,1152050684,rglqq,168648543,Battlefield 6,401,2026-09-25T23:57:14Z,en,"['English', 'Charity', 'vr', 'girl', 'pool', 'anime', 'peanut', 'girlsstreaming', 'girlstreamer', 'girlgamer']",2026-09-26,07-37-11,Saturday
321529348441,38852102,momo,743893402,WARDOGS,401,2026-09-25T21:33:24Z,en,"['VTuber', 'Depression', 'LGBTQ', 'English', 'ONX', 'nobackseatgaming', 'DropsEnabled']",2026-09-26,07-37-11,Saturday
321697593307,109609449,lake,459931,Old School RuneScape,401,2026-09-25T19:37:40Z,en,['English'],2026-09-26,07-37-11,Saturday
316941723862,604779669,weeeny_,29595,Dota 2,400,2026-09-25T18:34:49Z,ru,['Русский'],2026-09-26,07-37-11,Saturday
318209069784,46029485,disnof,31339,Project Zomboid,400,2026-09-25T19:42:29Z,en,['English'],2026-09-26,07-37-11,Saturday
321532178393,177695120,bharp,464339927,ARC Raiders,399,2026-09-26T00:19:49Z,en,"['Gaming', 'English', 'battleroyale', 'BHarp', 'Competitive', 'Community', 'Outdoors', 'arcraiders']",2026-09-26,07-37-11,Saturday
320479000796,479871159,quante,21779,League of Legends,397,2026-09-25T22:14:59Z,en,"['urgot', 'challenger', 'English']",2026-09-26,07-37-11,Saturday
321584448602,195902242,jude_low,263490,Rust,397,2026-09-26T00:24:36Z,en,['English'],2026-09-26,07-37-11,Saturday
317843439588,106859893,joka,538054672,TEKKEN 8,396,2026-09-25T13:59:15Z,en,"['English', 'Tekken', 'FGC', 'Competitive', 'eSports', 'Pro', 'ContentCreator', 'DropsEnabled']",2026-09-26,07-37-11,Saturday
321581000154,265701457,klaire,509658,Just Chatting,396,2026-09-25T20:30:37Z,en,"['cats', 'ADHD', 'putmeoninthebackground', 'English', 'chicago', 'DropsEnabled']",2026-09-26,07-37-11,Saturday
318580066919,64145841,chrix1848,515024,Diablo IV,396,2026-09-25T19:43:00Z,de,"['Deutsch', 'Anfängerfreundlich', 'Entspannt', 'Community', 'DropsAktiviert']",2026-09-26,07-37-11,Saturday
318205254488,1169147491,hutchmf_247,499973,Always On,395,2026-09-25T03:52:24Z,en,"['English', 'Rerun']",2026-09-26,07-37-11,Saturday
321684883035,1234126540,subrozavod,516575,VALORANT,395,2026-09-24T19:45:57Z,en,"['English', 'Pro', 'Professional', 'French', 'EN', 'FR', 'ROZA', 'Subroza', 'FUNNY']",2026-09-26,07-37-11,Saturday
319352570583,822787869,niyeko,509658,Just Chatting,394,2026-09-25T23:42:37Z,en,"['Vtuber', 'MaleVtuber', 'Chatty', 'ENVtuber', 'Chaotic', 'Filipino', 'Ally', 'English', 'DropsEnabled']",2026-09-26,07-37-11,Saturday
317847616484,31554605,gouvy10,123184772,EA Sports FC 27,394,2026-09-25T20:41:30Z,pt,"['fifa', 'gouvy', 'eafc', 'futchampions', 'wl', 'rewards', 'boost', 'gouvi', 'pro', 'fc27']",2026-09-26,07-37-11,Saturday
321582147802,112286787,nohitjerome,18122,World of Warcraft,393,2026-09-25T22:05:07Z,en,"['pvp', 'pve', 'English', 'seasonofdiscovery', 'hardcore', 'MistsofPandaria', 'MMORPG', 'roleplaying', 'DropsEnabled']",2026-09-26,07-37-11,Saturday
321581351898,35758713,calebdmtg,961311546,Shroom and Gloom,392,2026-09-25T21:02:20Z,en,"['English', 'BeKindToEachOther']",2026-09-26,07-37-11,Saturday
321526870873,137009607,bewitching,33214,Fortnite,392,2026-09-25T17:24:58Z,en,"['English', 'Builds', 'FallDamage', 'giveaway', 'satire', 'DropsEnabled']",2026-09-26,07-37-11,Saturday
319351161687,10180554,victoria,509658,Just Chatting,392,2026-09-25T21:21:31Z,en,"['findom', 'goddess', 'paypig', 'feet', 'woman', 'ASMR', 'walletdrain', 'hottub', 'English', 'egirl']",2026-09-26,07-37-11,Saturday
318209173720,51467544,iayfonda,386821,Black Desert,392,2026-09-25T19:58:40Z,en,"['English', 'DropsEnabled']",2026-09-26,07-37-11,Saturday
318210931160,126632539,katevolved,21779,League of Legends,391,2026-09-26T00:21:48Z,en,"['English', 'WomensRights', 'Vtuber', 'Manipulator', 'Gaslighting', 'ManicDepression', 'Masculine', 'Schizophrenia', 'Katarina', 'GODCOMPLEX']",2026-09-26,07-37-11,Saturday
320521253728,219296666,rhyzohm,509658,Just Chatting,390,2026-09-25T21:36:51Z,en,"['English', 'DropsEnabled']",2026-09-26,07-37-11,Saturday
320479370716,146972429,akaelectro,670138298,Madden NFL 27,390,2026-09-25T22:40:44Z,en,['English'],2026-09-26,07-37-11,Saturday
317848256356,427828010,shinii,509658,Just Chatting,389,2026-09-25T21:42:42Z,fr,"['Français', 'DropsActivés']",2026-09-26,07-37-11,Saturday
318764990822,599459353,knebel_de,71375,Star Citizen,388,2026-09-25T01:34:41Z,de,['Deutsch'],2026-09-26,07-37-11,Saturday
319060856309,513443866,lanje_live,18122,World of Warcraft,388,2026-09-25T10:52:06Z,pt,"['Português', 'English', 'RPG', 'MMORPG', 'MMO', 'DropsAtivados']",2026-09-26,07-37-11,Saturday
318714859749,1520431050,staiy24,32982,Grand Theft Auto V,387,2026-09-25T16:09:14Z,de,"['Deutsch', 'DropsAktiviert']",2026-09-26,07-37-11,Saturday
318210519512,979922865,taylorjasminee,509672,IRL,387,2026-09-25T23:28:33Z,en,"['streameruniversity2026', 'streameruniversity', 'taylorjasmine', 'justcchatting', 'IRL', 'English', 'girlsontwitch', 'jasmine', 'kaicenat', 'ddg']",2026-09-26,07-37-11,Saturday
316937586518,808203756,r2cronus,502829,R2 Online: Reign of Revolution,387,2026-09-25T08:25:51Z,ru,"['Русский', 'R2Online']",2026-09-26,07-37-11,Saturday
318582093543,608659353,mariosturniolo,509658,Just Chatting,386,2026-09-25T22:33:25Z,it,"['Italiano', 'DropAbilitati']",2026-09-26,07-37-11,Saturday
320518397152,11452779,hydrasia,498417,Vintage Story,386,2026-09-25T16:53:43Z,en,"['vtuber', 'English']",2026-09-26,07-37-11,Saturday
317823074914,806610556,mgclutch,511224,Apex Legends,385,2026-09-25T17:54:31Z,en,"['apexlegends', 'English', 'NorthernIrish', 'Controller', 'BRAINROT', 'yapping', 'Yapper', 'ADHD', 'leagueoflegends', 'DropsEnabled']",2026-09-26,07-37-11,Saturday
317525432567,82830319,yunalescka,10322,FINAL FANTASY X,384,2026-09-25T20:41:34Z,en,"['English', 'NoSpoilers', 'NoBackseating', 'JRPG', 'ＦＩＮＡＬＦＡＮＴＡＳＹ', 'crybabystreamer', 'empath', 'Retro']",2026-09-26,07-37-11,Saturday
318210832984,106594300,nenecreative,30921,Rocket League,382,2026-09-26T00:08:56Z,es,"['Español', 'rocketleague', 'supersonic', 'dropson', 'RLCS2026', 'DropsActivados']",2026-09-26,07-37-11,Saturday
318769374566,575410736,youney,32982,Grand Theft Auto V,382,2026-09-25T14:32:57Z,en,"['English', 'NoPixelWL', 'clown', 'English', 'ChillandChaotic', 'NoPixel', 'DropsEnabled']",2026-09-26,07-37-11,Saturday
321696739035,31837162,habibi,263490,Rust,382,2026-09-25T18:04:02Z,en,"['lebanese', 'toronto', 'Variety', 'English', 'Improv', 'Comedy', 'funny', 'chill', 'habibi', 'Chaotic']",2026-09-26,07-37-11,Saturday
321580131290,244693730,sardaco,18122,World of Warcraft,382,2026-09-25T18:57:05Z,en,"['English', 'ironman', 'DropsEnabled']",2026-09-26,07-37-11,Saturday
318718800229,881207312,alfoocs,32399,Counter-Strike,382,2026-09-25T20:16:53Z,en,['English'],2026-09-26,07-37-11,Saturday
321583916506,234775606,vulpixie,23857,Pokémon HeartGold/SoulSilver,381,2026-09-25T23:56:09Z,en,"['English', 'vtuber', 'ENVtuber', 'anime', 'vulpixie', 'ALOO', 'NoSpoilersNoBackseating', 'squonkqueen']",2026-09-26,07-37-11,Saturday
317848130532,838776397,en_442,509658,Just Chatting,381,2026-09-25T21:29:40Z,fr,"['liguedeschampions', 'Français', 'mbappe', 'realmadrid', 'Football', 'PSG', 'BARCA', 'DropsActivés']",2026-09-26,07-37-11,Saturday
318207262808,41133374,pupsker,66170,Warframe,380,2026-09-25T12:37:36Z,en,"['English', 'warframe', 'gameplay', 'chill', 'Canada', 'Memes', 'Sleepy', 'Rerun']",2026-09-26,07-37-11,Saturday
321528191961,1845004,zeroyalviking,515486,First Class Trouble,379,2026-09-25T19:55:16Z,en,['English'],2026-09-26,07-37-11,Saturday
319132925684,31712160,daniel_gallante,515024,Diablo IV,379,2026-09-25T17:43:28Z,pt,"['aMa', 'jogadoresíniciantes', 'Casual', 'EndGame', 'Português', 'drops', 'hyperquest', 'RPG', 'DropsAtivados']",2026-09-26,07-37-11,Saturday
320522207200,11558942,witwix,421472783,Normal Golf Game,378,2026-09-25T22:44:58Z,en,"['EsotericGamingForGeniuses', 'MeLikeVideoGames', 'DrippingGrease', 'AlabamaHammaSlamma', 'English']",2026-09-26,07-37-11,Saturday
319352336599,594387440,koragi_ch,509658,Just Chatting,378,2026-09-25T23:22:23Z,en,"['English', 'Vtuber', 'CuteGirlsDoingCuteThings', 'EvilCharacters', 'FirstPlaythrough', 'PajamaSociety', 'NoSpoilers', 'Pay2Backseat', 'DropsEnabled']",2026-09-26,07-37-11,Saturday
320477537628,137540301,saintriot,512953,ELDEN RING,378,2026-09-25T20:20:27Z,en,"['English', 'fromsoft', 'JRPGs', 'tactics', 'PvPvE']",2026-09-26,07-37-11,Saturday
319349667799,37175851,noko,511224,Apex Legends,377,2026-09-25T17:55:25Z,en,"['English', 'noko', 'pro', 'Latino', 'apex', 'apexlegends', 'marvelrivals', 'PuertoRican', 'funny', 'fps']",2026-09-26,07-37-11,Saturday
319006469878,1394920083,pupidechocolate,18707,Grand Theft Auto IV,377,2026-09-25T22:57:20Z,es,"['Español', 'PS2', 'ps2Games', 'nostalgiaps2', 'English', 'DropsActivados']",2026-09-26,07-37-11,Saturday
319006667894,603038814,gbfaria06,32399,Counter-Strike,377,2026-09-25T23:11:39Z,en,['English'],2026-09-26,07-37-11,Saturday
319351682519,174754672,prod,32982,Grand Theft Auto V,376,2026-09-25T22:18:13Z,en,"['PROD', 'English', 'ＶＡＬＯＲＡＮＴ', 'NoPixel', 'DropsEnabled']",2026-09-26,07-37-11,Saturday
316909874133,709933926,yaneher,29595,Dota 2,375,2026-09-25T20:24:10Z,ru,"['Русский', 'керри', 'титан', 'сильный', '0ошибок', 'впотоке', 'кирпичи', 'спокойныйстрим', 'психология', 'альтушка']",2026-09-26,07-37-11,Saturday
320479059804,880562387,rawdogmoon,509658,Just Chatting,375,2026-09-25T22:18:54Z,en,"['English', 'assyrian', 'streameruniversity', 'DropsEnabled']",2026-09-26,07-37-11,Saturday
319350838487,159143377,stankrat,491931,Escape from Tarkov,375,2026-09-25T20:42:22Z,en,"['English', 'DropsEnabled']",2026-09-26,07-37-11,Saturday
318199886552,1418939132,missmikkaa247,499973,Always On,374,2026-09-24T14:37:18Z,en,"['Rerun', 'AlwaysOn', 'English']",2026-09-26,07-37-11,Saturday
319350509271,52763608,gp_tv,1338428218,CONTROL Resonant,373,2026-09-25T19:58:36Z,en,"['English', 'groupchannel', 'VarietyStreamer', 'LGBTＱ', 'womensguild', 'TwitchAmbassador', 'prideguild', 'FirstLookGameplay', 'Superfan', 'RemedyFangirl']",2026-09-26,07-37-11,Saturday
320383696990,911853502,frosty_rl,30921,Rocket League,373,2026-09-25T21:06:21Z,en,"['English', 'DropsEnabled']",2026-09-26,07-37-11,Saturday
321531731033,637428683,nesrasgado,509658,Just Chatting,373,2026-09-26T00:00:18Z,es,"['influencer', 'tecnologia', 'nesrasgado', 'redessociales', 'PlayStation', 'PS5', 'wolverine', 'Unboxing', 'Español']",2026-09-26,07-37-11,Saturday
316942801494,89334144,hekimae,1338428218,CONTROL Resonant,372,2026-09-25T20:58:09Z,en,"['English', 'DropsEnabled']",2026-09-26,07-37-11,Saturday
316986278868,180953489,a1iberry,509658,Just Chatting,372,2026-09-25T18:07:01Z,ru,"['Русский', 'DropsВключены']",2026-09-26,07-37-11,Saturday
321528628313,462587493,goober,2132205352,Deadlock,371,2026-09-25T20:34:37Z,en,"['English', 'Competitive', 'pro', 'goofygoober', 'deadlock']",2026-09-26,07-37-11,Saturday
317820100834,622498423,otplol_,21779,League of Legends,371,2026-09-25T11:45:24Z,fr,"['Français', 'DropsActivés']",2026-09-26,07-37-11,Saturday
321530110425,443042349,ohkatiemarie,509658,Just Chatting,371,2026-09-25T22:26:39Z,en,"['English', 'DropsEnabled']",2026-09-26,07-37-11,Saturday
317855670243,521646527,djcristianadematos,1669431183,DJs,370,2026-09-25T18:59:47Z,en,"['Techno', 'DJ', 'Acid', 'Trance', 'English', 'DJANE', 'Female', 'Party', 'DanceMusic', 'Woman']",2026-09-26,07-37-11,Saturday
321582469210,188543658,ilumpe,512710,Call of Duty: Warzone,369,2026-09-25T22:28:31Z,en,"['English', 'callofduty', 'warzone', 'rebirth', 'ProximityChat', 'cod', 'callofduty']",2026-09-26,07-37-11,Saturday
319134614900,106690387,ness,903469103,Batomon Showdown,369,2026-09-25T21:26:30Z,pt,['Português'],2026-09-26,07-37-11,Saturday
320520844000,255727514,th3beardedbaron,6675,Bigfoot,368,2026-09-25T21:02:59Z,en,"['English', 'Veteran', 'CultDaddy', 'Giveaways', 'DropsEnabled']",2026-09-26,07-37-11,Saturday
319348123863,140808923,laserbelch,509658,Just Chatting,367,2026-09-25T12:44:52Z,en,"['English', 'Educational', 'TeraChad', 'Modded']",2026-09-26,07-37-11,Saturday
320382032478,40102288,sarahkey,500039,The Legend of Heroes: Trails of Cold Steel IV,365,2026-09-25T18:32:03Z,en,"['keybladesarah', 'cringe', 'neurodivergent', 'criesalot', 'English', 'kingdomhearts', 'royai', 'lechterarundel']",2026-09-26,07-37-11,Saturday
317823405154,42465441,drunge_,18122,World of Warcraft,365,2026-09-25T18:23:35Z,fr,"['Français', 'HardcoreGamer', 'MMO', 'RPG', 'DropsActivés']",2026-09-26,07-37-11,Saturday
316943093206,603050806,m1xerboy,499463,Getting Over It with Bennett Foddy,365,2026-09-25T21:55:53Z,ru,['Русский'],2026-09-26,07-37-11,Saturday
319003595510,132642617,r3crutatv,263490,Rust,365,2026-09-25T16:17:51Z,pt,"['wipeday', 'pvp', 'Português', 'Raid', 'start', 'PRO', 'Rust', 'CharityStream', 'publi', 'DropsAtivados']",2026-09-26,07-37-11,Saturday
315525768558,48578601,jazlatte,513143,Teamfight Tactics,364,2026-09-26T00:07:06Z,zh,['中文'],2026-09-26,07-37-11,Saturday
320521593184,206865739,zanfas_cenegal,509664,Tabletop RPGs,363,2026-09-25T22:03:14Z,pt,"['Português', 'RPG', 'SurvivaI', 'Futebol', 'dota', 'TDAH']",2026-09-26,07-37-11,Saturday
318714184421,56148610,aethelthryth,509658,Just Chatting,362,2026-09-25T15:16:06Z,bg,"['Български', 'СРазрешениDrops']",2026-09-26,07-37-11,Saturday
317823252322,60413469,femimarss,1267582829,Aniimo,362,2026-09-25T18:09:11Z,fr,"['Français', 'DropsActivés']",2026-09-26,07-37-11,Saturday
316986940884,30070692,beastqt,123184772,EA Sports FC 27,361,2026-09-25T19:25:13Z,ru,"['Русский', 'GIGACHAD', 'English']",2026-09-26,07-37-11,Saturday
318715074405,56863404,joshmaen1,32982,Grand Theft Auto V,360,2026-09-25T16:25:26Z,de,"['roleplay', 'unscripted', 'reddeadredemption2', 'Deutsch', 'RP', 'GTARP', 'reaction', 'StarCitizen', 'DropsAktiviert']",2026-09-26,07-37-11,Saturday
317858719971,101395464,vicens,498566,Slots,360,2026-09-25T23:01:07Z,es,['Español'],2026-09-26,07-37-11,Saturday
319136316532,937603392,oclenis,509658,Just Chatting,360,2026-09-26T00:13:52Z,pt,"['Português', 'DropsAtivados']",2026-09-26,07-37-11,Saturday
318773806054,501133499,mrsroni,32982,Grand Theft Auto V,359,2026-09-25T19:44:32Z,de,"['roleplay', 'bella', 'german', 'fsk18', 'rp', 'Deutsch', 'NARCOCITY', 'fivem', 'DropsAktiviert']",2026-09-26,07-37-11,Saturday
317823553250,104919208,sooshi,515025,Overwatch,359,2026-09-25T18:36:19Z,en,['English'],2026-09-26,07-37-11,Saturday
319002944758,181077473,gaules,1849266533,Full Throttle Remastered,359,2026-09-25T13:41:28Z,pt,['Português'],2026-09-26,07-37-11,Saturday
319350382039,452313289,astabush,1338428218,CONTROL Resonant,358,2026-09-25T19:39:51Z,en,"['English', 'IRL', 'AstaBush', 'DropsEnabled']",2026-09-26,07-37-11,Saturday
317525818103,787786297,professorlih,66170,Warframe,358,2026-09-25T21:59:51Z,pt,"['salame', 'Português', 'MMORPG', 'DropsAtivados']",2026-09-26,07-37-11,Saturday
320477300060,1085513399,emberparadox,509658,Just Chatting,357,2026-09-25T20:00:24Z,en,"['English', 'voicechanger', 'reactioncontent', '18pluschannel', 'Mature', 'redhead', 'Vtuber', 'SmolPuntableGoddess', 'BulliedByChat', 'Booper']",2026-09-26,07-37-11,Saturday
316937740758,1031049,aionjanis,386821,Black Desert,357,2026-09-25T09:07:24Z,en,"['BDOPartner', 'English', 'Feet', 'HOOF', 'Educational', 'Mature', 'DropsEnabled']",2026-09-26,07-37-11,Saturday
316938313686,68266211,whaazz,18122,World of Warcraft,356,2026-09-25T11:14:32Z,en,"['PvP', 'Arena', 'Rogue', 'Warrior', 'Monk', 'Druid', 'English', 'DemonHunter', 'Evoker', 'DropsEnabled']",2026-09-26,07-37-11,Saturday
319350005335,133394398,zeplahq,18122,World of Warcraft,355,2026-09-25T18:48:29Z,en,"['English', 'ADHD', 'NewPlayerFriendly', 'BackseatGamingAllowed', 'girlgamers', 'MMORPG', 'Whimsical', 'guildwars2', 'DropsEnabled']",2026-09-26,07-37-11,Saturday
320370178142,72957565,shift,503749,The SpongeBob SquarePants Movie,355,2026-09-24T20:22:05Z,en,"['English', 'Speedrun', 'speedrunning', 'SpongeBob', 'GameCube', 'PS2', 'ChallengeRun', 'subathon', 'diapermaxing', 'movie']",2026-09-26,07-37-11,Saturday
321527938009,906002875,kirillianfn1,33214,Fortnite,355,2026-09-25T19:27:24Z,en,['English'],2026-09-26,07-37-11,Saturday
318714158821,105419061,franzi,509663,Special Events,355,2026-09-25T15:13:37Z,de,"['Deutsch', 'DropsAktiviert']",2026-09-26,07-37-11,Saturday
316987504596,99154077,michu_hm,123184772,EA Sports FC 27,354,2026-09-25T20:56:08Z,pl,['Polski'],2026-09-26,07-37-11,Saturday
317844476900,154054375,catboat,509658,Just Chatting,352,2026-09-25T16:00:54Z,fr,"['MaleVtuber', 'femboy', 'LGBT', 'Furry', 'Vtuber', 'vrchat', 'Français', 'vtuberfr', 'VtuberEN', 'Autisme']",2026-09-26,07-37-11,Saturday
320480762844,509183069,gadamou10_,123184772,EA Sports FC 27,352,2026-09-25T23:59:37Z,en,"['English', 'fc27']",2026-09-26,07-37-11,Saturday
319006893558,672254552,lolsaori,509658,Just Chatting,352,2026-09-25T23:30:45Z,pt,"['Português', 'mendiga', 'Mulher', 'leagueoflegeneds', 'DropsAtivados']",2026-09-26,07-37-11,Saturday
317848608100,663877711,ritaglitch,116747788,"Pools, Hot Tubs, and Beaches",351,2026-09-25T22:24:24Z,en,"['English', 'egirl', 'dancing', 'dance', 'justchatting', 'girlstreaming', 'Singing', 'findom']",2026-09-26,07-37-11,Saturday
316987206868,462182129,4ivan,29595,Dota 2,350,2026-09-25T20:03:50Z,ru,"['Русский', 'dota', 'English', 'дота', 'Лысый', 'смех']",2026-09-26,07-37-11,Saturday
321699227483,140135053,zavalr,766571430,HELLDIVERS 2,350,2026-09-25T22:06:18Z,en,"['English', 'Vtuber', 'BRAINROT', 'WATCHOUT', 'TacoBellSponsorMe', 'tacobell', 'ENVtuber', 'Anime', 'gaming']",2026-09-26,07-37-11,Saturday
317820393314,126360993,proteam,20596,Dofus,350,2026-09-25T12:38:25Z,fr,['Français'],2026-09-26,07-37-11,Saturday
318209963992,63585181,bookofken,1662222557,Relive the Fear: Perfect Neighbor,349,2026-09-25T22:00:39Z,en,"['English', 'dailystream', 'BookOfKen', 'couple', 'horrorgames', 'variety', 'roleplay', 'subathon']",2026-09-26,07-37-11,Saturday
318580415719,189927415,imba__tv,123184772,EA Sports FC 27,349,2026-09-25T20:05:23Z,de,['Deutsch'],2026-09-26,07-37-11,Saturday
318578699879,58301987,furkitv,32982,Grand Theft Auto V,349,2026-09-25T18:19:47Z,de,"['Deutsch', 'Roleplay', 'lustig', 'Behindertengerecht', 'content', 'kein', 'stock', 'im', 'göt', 'DropsAktiviert']",2026-09-26,07-37-11,Saturday
317857348707,106854413,tarteman,513143,Teamfight Tactics,348,2026-09-25T20:59:51Z,fr,['Français'],2026-09-26,07-37-11,Saturday
316940554198,474071523,layna247,499973,Always On,347,2026-09-25T16:37:41Z,en,"['English', 'VTuber', 'Horror', 'ReRun', 'Comfort', 'Cozy']",2026-09-26,07-37-11,Saturday
318579168615,165204409,comp_lol,21779,League of Legends,347,2026-09-25T18:47:11Z,el,['Ελληνικά'],2026-09-26,07-37-11,Saturday
321529314649,143099070,hasvik,27471,Minecraft,346,2026-09-25T21:30:51Z,es,"['Español', 'minecraft', 'speedruns']",2026-09-26,07-37-11,Saturday
318719782757,1101819135,arianakiss_,1131336879,Black Russia,346,2026-09-25T21:38:33Z,ru,"['болталка', 'БолтаемСЧатиком', 'Русский', 'мблл', 'VALORONAT', 'ApexLedends', 'blackrassia']",2026-09-26,07-37-11,Saturday
318774021990,705364715,mthd4s,138585,Hearthstone,346,2026-09-25T20:01:00Z,en,"['English', 'goat', 'educational', 'ProfessionalGamer']",2026-09-26,07-37-11,Saturday
319132668020,279675810,lubu,509658,Just Chatting,346,2026-09-25T17:02:48Z,pt,"['HighElo', 'Competitivo', 'Português', 'DropsAtivados']",2026-09-26,07-37-11,Saturday
316901910229,9528182,chilledchaos,499973,Always On,346,2026-09-24T16:47:08Z,en,"['English', 'ItalianSafeSpace', 'ChilledChaos', 'LyingEncouraged', 'seventeencarat', 'AmongUs', 'Multiplayer', 'aioptedout']",2026-09-26,07-37-11,Saturday
321581648602,100625840,komanche,75101830,Marvel's Wolverine,345,2026-09-25T21:27:38Z,es,"['Español', 'DropsActivados']",2026-09-26,07-37-11,Saturday
318720815717,76508554,anomaly,32399,Counter-Strike,345,2026-09-25T23:53:20Z,en,['English'],2026-09-26,07-37-11,Saturday
321694287579,67321240,jeuserieux,509663,Special Events,344,2026-09-25T11:49:18Z,fr,"['Québec', 'Français', 'DropsActivés', 'Subathon']",2026-09-26,07-37-11,Saturday
319064136053,99918271,1bladez,516575,VALORANT,344,2026-09-25T21:40:23Z,pt,"['Português', 'fps', 'proplayer', 'neném', 'radiante', 'soundpad']",2026-09-26,07-37-11,Saturday
318210128856,181621578,sigridandbird,509658,Just Chatting,344,2026-09-25T22:25:56Z,en,"['Improv', 'Vtuber', 'Woman', 'Chatty', 'English', 'NoBackseating', 'vivisectionRP', 'yuri', 'Roleplay', 'Burps']",2026-09-26,07-37-11,Saturday
317525764855,15554591,captainsparklez,27471,Minecraft,344,2026-09-25T21:50:11Z,en,['English'],2026-09-26,07-37-11,Saturday
321582861786,1094384412,thechad_wick,32982,Grand Theft Auto V,343,2026-09-25T22:53:35Z,en,"['gamingwithveiwers', 'Chıll', 'English', 'gta', 'GTAVFiveM', 'TARP', 'TARPPartnered', 'TheAcademyRolePlay', 'DropsEnabled']",2026-09-26,07-37-11,Saturday
318718892901,182144518,samurai_keks,510389,Shakes and Fidget,342,2026-09-25T20:24:17Z,other,"['Deutsch', 'English']",2026-09-26,07-37-11,Saturday
316985869140,818242175,maddogsleague,29595,Dota 2,342,2026-09-25T17:22:07Z,en,['English'],2026-09-26,07-37-11,Saturday
319350956119,137401663,honeebell,18884,Gears of War 2,342,2026-09-25T20:56:56Z,en,"['English', 'Filipino', 'SafeSpace', 'Woman', 'Girl', 'Interactive', 'Chatty', 'bullyfreezone', 'Liar', 'FirstPlaythrough']",2026-09-26,07-37-11,Saturday
320517074016,267948159,mobuckets,602040818,NBA 2K27,341,2026-09-25T14:09:27Z,en,['English'],2026-09-26,07-37-11,Saturday
317853176035,137966084,latvianoutplay,1413930024,Active Matter,340,2026-09-25T15:36:39Z,en,"['FPS', 'Shooter', 'English', 'DropsEnabled']",2026-09-26,07-37-11,Saturday
317526597367,31468943,simpleflips,2692,Super Mario 64,340,2026-09-26T00:01:45Z,en,"['schmeven', 'gunch', 'English', 'gunghillian', 'cunkin', 'BackseatingAllowed', 'NoBackseating', 'NoBackseatingUnlessAsked', 'Nobackseatingalec', 'BackSeatGammingEncouraged']",2026-09-26,07-37-11,Saturday
321583468890,728529786,rinnegoddess,509658,Just Chatting,340,2026-09-25T23:29:13Z,en,"['English', 'NoBackseating', 'Cosplay', 'Black', 'Woman', 'Anime', 'reactions', 'philly', 'gaming', 'BlackBrilliance']",2026-09-26,07-37-11,Saturday
320519594720,71610909,nuclearpastatom,512953,ELDEN RING,340,2026-09-25T19:06:53Z,en,"['English', 'Speedrun', 'BingoBrawlers', 'GIGACHAD', 'DropsEnabled']",2026-09-26,07-37-11,Saturday
319130969460,233392163,hyoogplays,19619,Tibia,339,2026-09-25T11:11:21Z,pt,"['Português', 'pokexgames', 'pokemon', 'poketibia', 'DropsAtivados', 'pxg']",2026-09-26,07-37-11,Saturday
316942889814,118962389,dub_ok_tv,519291,Black Myth: Wukong,338,2026-09-25T21:15:11Z,ru,"['Русский', 'Терпила', 'БУХЛЯДЬ', 'Пискля', 'ВоздуханТВ', 'ФИЛАТЕЛИСТ', 'Омега', 'Звездочёт', 'ExitLagAffiliate']",2026-09-26,07-37-11,Saturday
320385131230,219400480,viperous,509511,Marbles on Stream,338,2026-09-25T22:41:49Z,en,"['English', 'LGBTQFriendly', 'Endometriosis', 'VeteranFriendly', 'womenwelcomehere', 'DropsEnabled']",2026-09-26,07-37-11,Saturday
317847907300,1474310752,chikanos_off,509663,Special Events,338,2026-09-25T21:07:21Z,fr,"['Français', 'DropsActivés']",2026-09-26,07-37-11,Saturday
318720520037,159851911,vludber,1081998272,PEAK,337,2026-09-25T23:04:26Z,ru,"['Русский', 'DnD', 'BG3', 'бг3', 'донатофон']",2026-09-26,07-37-11,Saturday
321530085849,32239862,khalamity,500188,Hunt: Showdown 1896,336,2026-09-25T22:24:58Z,en,"['English', 'funny', 'Dad', 'Hardcore']",2026-09-26,07-37-11,Saturday
319064644085,485807963,carolbalds,509658,Just Chatting,336,2026-09-25T22:36:10Z,pt,"['Português', 'Anime', 'conversa', 'Brasil', 'react', 'reagindo', 'filme', 'DropsAtivados']",2026-09-26,07-37-11,Saturday
320381573086,212682921,bobbypoffgaming,743893402,WARDOGS,336,2026-09-25T17:36:38Z,en,"['ScarfSquad', '7tv', 'English', 'DropsEnabled']",2026-09-26,07-37-11,Saturday
321582022362,124546038,sweatgod,509658,Just Chatting,335,2026-09-25T21:57:28Z,en,"['uhc', 'hypixel', 'pvp', 'minecraft', 'mc', 'mcpvp', 'minecraftpvp', 'br', 'battleroyale', 'moneysmp']",2026-09-26,07-37-11,Saturday
317845956452,437287543,lbmm,32982,Grand Theft Auto V,334,2026-09-25T18:29:31Z,en,"['English', 'LBMM', 'D10', 'VarietyGamer', 'endsrp', 'capitalrp', 'DropsEnabled']",2026-09-26,07-37-11,Saturday
321581466842,26551727,mang0,18871,Mario Kart Wii,333,2026-09-25T21:12:36Z,en,['English'],2026-09-26,07-37-11,Saturday
320519591776,110883776,commentbagel,1414860634,The Binding of Isaac: Repentance,333,2026-09-25T19:06:33Z,en,"['English', 'CatCam', 'BindingOfIsaacRepentance', 'deckbuilder', 'Roguelike', 'chill', 'Comfy', 'cozygaming', 'Cozy']",2026-09-26,07-37-11,Saturday
319064509429,196104241,feliperas,417528,Albion Online,329,2026-09-25T22:22:10Z,pt,"['albion', 'cursed', 'albiononline', 'Português', 'dropsativo', 'dropson', 'Ranked', 'PvP', 'comedia', 'DropsAtivados']",2026-09-26,07-37-11,Saturday
317859329251,87108777,smokeyz76,417892,Z1: Battle Royale,329,2026-09-26T00:34:46Z,fr,"['Français', 'Chill', 'Compétitif', 'DropsActivés', 'DPS', 'Tank', 'H1Z1']",2026-09-26,07-37-11,Saturday
317856577123,928045540,owlfr_,32982,Grand Theft Auto V,328,2026-09-25T20:02:31Z,fr,"['Français', 'FlashbackWL', 'DropsActivés']",2026-09-26,07-37-11,Saturday
321699528411,74439226,hankstergirl,1746823347,Tavern Manager Simulator,327,2026-09-25T22:31:25Z,en,"['English', 'yapper', 'loudlaugher', 'wisdom', 'goofy']",2026-09-26,07-37-11,Saturday
321531175641,517934634,kiskachan,509659,ASMR,327,2026-09-25T23:31:47Z,en,"['Anime', 'Girl', 'English', 'Russian', 'Vtuber', 'ASMR', 'АСМР', 'Русский', 'brat', 'DeadWeight']",2026-09-26,07-37-11,Saturday
319352144343,1151787595,mistersleepycat,503932,Last Epoch,327,2026-09-25T23:04:14Z,en,"['English', 'Vtuber', 'ARPG', 'cat', 'ASMR', 'HeroSiege', 'PathOfExile']",2026-09-26,07-37-11,Saturday
316494715889,256964489,recaplol1,21779,League of Legends,326,2026-09-25T20:09:55Z,ja,"['日本語', '質問してもいいですか確認なくても質問してOK', 'lol', 'MID', '対ありコメントx', 'ごめん禁止', '怖い禁止']",2026-09-26,07-37-11,Saturday
318209839064,108504505,kichike,509658,Just Chatting,326,2026-09-25T21:41:30Z,en,"['English', 'AMA', 'Asian', 'chattingwithviewers', 'IRL', 'DropsEnabled']",2026-09-26,07-37-11,Saturday
319007006070,47192225,tacocs,32399,Counter-Strike,326,2026-09-25T23:40:13Z,pt,"['Brazil', 'counterstrike', 'Português', 'taco', 'tacocs', 'CS2']",2026-09-26,07-37-11,Saturday
320477899612,96347469,hannahhyrule,1524386601,A Game About Digging A Hole,326,2026-09-25T20:51:55Z,en,"['English', 'Vtuber', 'VoiceActing', 'Captain', 'WOMANWOAHHBEWBA', 'ADHD', 'yearner', 'VirgoLibra', 'dom']",2026-09-26,07-37-11,Saturday
318209363928,31580334,kimchilee,1282866981,Delta Force,326,2026-09-25T20:27:16Z,en,"['English', 'KoreanAmerican', 'korean', 'MnkPlayer', 'pro', 'Esports', 'EnhancedBroadcast', 'DropsEnabled']",2026-09-26,07-37-11,Saturday
319351939927,45184940,yvonnie,1295872446,Arkheron,326,2026-09-25T22:45:25Z,en,"['English', 'DropsEnabled']",2026-09-26,07-37-11,Saturday
316908629333,1353048347,finbeastmodeee,263490,Rust,325,2026-09-25T17:22:26Z,fi,['Suomi'],2026-09-26,07-37-11,Saturday
320381454942,73061211,soulre4p3r,511295,Predecessor,325,2026-09-25T17:21:31Z,en,"['Predecessor', 'drops', 'English', 'esports', 'deadlock', 'overwatch', 'Comptetitive', 'gaming', 'Educational', 'DropsEnabled']",2026-09-26,07-37-11,Saturday
318209137496,109826174,karacorvus,515486,First Class Trouble,325,2026-09-25T19:52:58Z,en,"['English', 'SheHer', 'DangerNoodle', 'NoAI']",2026-09-26,07-37-11,Saturday
317526367991,245488727,vulture_ow,515025,Overwatch,324,2026-09-25T23:28:46Z,en,"['English', 'Competitive', 'fps', 'junkrat', 'SewerRat', 'overwatch', 'hashtagawesome']",2026-09-26,07-37-11,Saturday
320475301340,107439625,tapxmikey,1678532194,EA Sports College Football 27,323,2026-09-25T16:13:00Z,en,"['English', 'DropsEnabled']",2026-09-26,07-37-11,Saturday
317823703906,495960022,7kazzio7,32982,Grand Theft Auto V,323,2026-09-25T18:49:39Z,pt,"['Português', 'DropsAtivados']",2026-09-26,07-37-11,Saturday
316910406485,194344266,tender_cat,12839,Heroes of Might and Magic III: The Restoration of Erathia,323,2026-09-25T22:46:40Z,ru,['Русский'],2026-09-26,07-37-11,Saturday
318209911896,42297683,aceofspades,515025,Overwatch,323,2026-09-25T21:52:09Z,en,['English'],2026-09-26,07-37-11,Saturday
321584287450,56625428,sentry,32982,Grand Theft Auto V,322,2026-09-26T00:15:13Z,en,"['English', 'VoiceActing', 'Roleplay', 'IRL', 'DropsEnabled', 'NoPixelV']",2026-09-26,07-37-11,Saturday
321582665946,208808396,durpee82,515025,Overwatch,322,2026-09-25T22:41:09Z,en,['English'],2026-09-26,07-37-11,Saturday
320385931742,132123977,sonoket,353006782,DressMaker,322,2026-09-25T23:23:52Z,en,"['English', 'ginger', 'redhead', 'Ally', 'LGBTQIAPlusSafeSpace', 'ChristmasIsComing', 'ibreakgames']",2026-09-26,07-37-11,Saturday
321529636441,751656256,mikecakezlive,168648543,Battlefield 6,321,2026-09-25T21:55:34Z,en,['English'],2026-09-26,07-37-11,Saturday
318582416999,539128874,batatvideogames,499859,Spelunky 2,320,2026-09-25T23:10:20Z,en,"['English', 'VTuber', 'FlatEarther', 'Sellout', 'Randomizer']",2026-09-26,07-37-11,Saturday
316942153302,431708638,obikym,2132205352,Deadlock,318,2026-09-25T19:22:57Z,en,"['WANNA', 'WIN', 'support', 'VHS', 'English', 'Русский']",2026-09-26,07-37-11,Saturday
321699749979,648164647,elmeap,1208195857,Scarlet Skips,318,2026-09-25T22:48:23Z,es,['Español'],2026-09-26,07-37-11,Saturday
316908206165,177705039,futdaddyh,123184772,EA Sports FC 27,318,2026-09-25T16:44:13Z,en,['English'],2026-09-26,07-37-11,Saturday
320474109532,54276431,powergpu,263490,Rust,317,2026-09-25T13:14:24Z,en,"['English', 'PC', 'gaming', 'gamingpcbuild', 'DropsEnabled']",2026-09-26,07-37-11,Saturday
317856197219,528897216,ilgabbrone,509672,IRL,316,2026-09-25T19:34:58Z,it,['Italiano'],2026-09-26,07-37-11,Saturday
319351900247,63029227,melizande,518873,"Warhammer 40,000: Darktide",316,2026-09-25T22:40:53Z,en,"['English', 'Vtuber', 'VoiceActing', 'Anime', 'Gamer', 'Comfy', 'Female', 'ENVtuber', 'Misfit', 'Melizande']",2026-09-26,07-37-11,Saturday
319062222069,185939499,islautaarg00,263490,Rust,316,2026-09-25T16:31:21Z,es,"['Español', 'DropsActivados']",2026-09-26,07-37-11,Saturday
320382164702,122979652,aikobliss,32982,Grand Theft Auto V,315,2026-09-25T18:48:12Z,en,"['English', 'Variety', 'react', 'gaming', 'ADHD', 'CutiesOnly', 'NoPixel', 'NoPixelWL', 'DropsEnabled']",2026-09-26,07-37-11,Saturday
316493922161,780662549,mo__mochi,509658,Just Chatting,315,2026-09-25T15:00:36Z,zh,"['閒聊', '台灣', '新手玩家', '中文', '吉娃娃', '清楚可愛寶貝', '启用掉宝']",2026-09-26,07-37-11,Saturday
316031781457,47584559,v1nchenso7,32399,Counter-Strike,315,2026-09-25T21:57:58Z,es,"['Español', 'counter', 'skins']",2026-09-26,07-37-11,Saturday
316984171348,93820421,geppe,369418,GeoGuessr,315,2026-09-25T14:00:02Z,sv,['Svenska'],2026-09-26,07-37-11,Saturday
321581996378,1010488931,danktankxiv,24241,FINAL FANTASY XIV ONLINE,315,2026-09-25T21:55:33Z,en,"['PartyFinder', 'drk', 'English', 'SavageRaid', 'UltimateRaiding', 'tank', 'UNC', 'Marbles']",2026-09-26,07-37-11,Saturday
319133922804,84765344,thugfaast,493057,PUBG: BATTLEGROUNDS,315,2026-09-25T19:59:22Z,pt,"['Português', 'ThugFaasT', 'pubg', 'games', 'aovivo', 'pubgmobile', 'fps', 'fpsgames', 'DropsAtivados']",2026-09-26,07-37-11,Saturday
317846545252,403474131,walid,32982,Grand Theft Auto V,315,2026-09-25T19:13:59Z,fr,"['Français', 'gta', 'Walid', 'coursepoursuiteGTA', 'fivem', 'REMINDFA', 'FlashbackWL', 'DropsActivés']",2026-09-26,07-37-11,Saturday
317517919223,1437641429,oilrats247,263490,Rust,315,2026-09-24T16:04:14Z,en,"['English', 'DropsEnabled']",2026-09-26,07-37-11,Saturday
317846625764,58172663,scoot1994,32982,Grand Theft Auto V,315,2026-09-25T19:20:06Z,fr,"['Français', 'DropsActivés']",2026-09-26,07-37-11,Saturday
318208610776,118376649,raeibon,21779,League of Legends,314,2026-09-25T18:26:08Z,en,"['English', 'DropsEnabled']",2026-09-26,07-37-11,Saturday
318210283480,137445940,trottah,32399,Counter-Strike,314,2026-09-25T22:51:19Z,en,"['English', 'CS2', 'watchparty', 'Caster', 'gaming', 'hltv', 'Esports', 'giveaway', 'Casting', 'donk']",2026-09-26,07-37-11,Saturday
318210849880,661123779,c9loki,21779,League of Legends,314,2026-09-26T00:10:46Z,ko,['한국어'],2026-09-26,07-37-11,Saturday
317856755299,499388543,wamoun,1763263,nanos world,314,2026-09-25T20:14:40Z,fr,"['Français', 'react', 'narutorp']",2026-09-26,07-37-11,Saturday
320477101532,157854348,bigbadgameathon,12536,Blues Brothers 2000,314,2026-09-25T19:43:59Z,en,['English'],2026-09-26,07-37-11,Saturday
321528957785,1376275298,yawning,509658,Just Chatting,314,2026-09-25T21:01:59Z,en,"['English', 'vtuber', 'karaoke', 'vsinger', 'korean', 'yapper', 'tsundere', 'DropsEnabled']",2026-09-26,07-37-11,Saturday
319063555445,96909398,alineetv,509658,Just Chatting,313,2026-09-25T20:18:43Z,es,"['Latina', 'lgbtqiaplus', 'Doll', 'Español', 'English', 'DropsActivados']",2026-09-26,07-37-11,Saturday
317825127138,62638609,lakshartnia,27471,Minecraft,312,2026-09-25T20:59:59Z,es,['Español'],2026-09-26,07-37-11,Saturday
321699706203,67510492,okieamara,512710,Call of Duty: Warzone,311,2026-09-25T22:44:54Z,en,"['English', 'ADHD', 'LOUD', 'GamerGirl', 'COD', 'Warzone', 'BO7']",2026-09-26,07-37-11,Saturday
321581670106,675166029,acasadovideogame,417752,Talk Shows & Podcasts,311,2026-09-25T21:29:14Z,pt,"['Português', 'DropsAtivados']",2026-09-26,07-37-11,Saturday
319350462935,38927816,woops,1960720223,SILENT HILL: townfall,311,2026-09-25T19:52:03Z,en,"['English', 'NoBackseating', 'NoSpoilers', 'swag', 'epic']",2026-09-26,07-37-11,Saturday
319352856535,110623396,nexzou,512710,Call of Duty: Warzone,311,2026-09-26T00:04:38Z,en,"['English', 'warzone', 'mw3', 'resurgence', 'cdl', 'LOUD', 'rage', 'rebirth']",2026-09-26,07-37-11,Saturday
319350537815,38708489,meteos,21779,League of Legends,310,2026-09-25T20:01:27Z,en,['English'],2026-09-26,07-37-11,Saturday
321526181977,22559049,yodatv,513143,Teamfight Tactics,310,2026-09-25T15:50:59Z,en,"['English', 'MythicPlus', 'Keys', 'tank', 'Paladin', 'Rogue']",2026-09-26,07-37-11,Saturday
318718722277,109652110,kayzahr,493057,PUBG: BATTLEGROUNDS,310,2026-09-25T20:11:36Z,de,"['Deutsch', 'eldenlord', 'Competition', 'warzone', 'calldofduty', 'multifpschampion', 'kayzahr', 'Englisch']",2026-09-26,07-37-11,Saturday
316068592232,145813806,fleeceking,490655,Pokémon GO,310,2026-09-26T00:08:56Z,en,"['Pokémon', 'PokémonGo', 'English', 'DropsEnabled']",2026-09-26,07-37-11,Saturday
319063954677,135628318,choco2k,32982,Grand Theft Auto V,309,2026-09-25T21:16:42Z,pt,"['Português', 'GTARP', 'CHOCO', 'cpx', 'Complexo', 'GrandTheftAutoV', 'grota', 'CHOCO2K', 'roleplay', 'CAPITAL']",2026-09-26,07-37-11,Saturday
319134951540,175903345,gragolandia1,21779,League of Legends,309,2026-09-25T22:06:08Z,pt,['Português'],2026-09-26,07-37-11,Saturday
317847020516,488719882,mishhopettv,902998079,Halloween: The Game,309,2026-09-25T19:51:54Z,en,"['english', 'uk', 'dbdstreamer', 'fortnite', 'dbd', 'chillvibes', 'English']",2026-09-26,07-37-11,Saturday
317846849252,275272993,zwave,1960720223,SILENT HILL: townfall,308,2026-09-25T19:38:06Z,fr,"['fr', 'Français', 'multigaming', 'zwave', 'English', 'Rediffusion', 'RP', 'Roleplay']",2026-09-26,07-37-11,Saturday
317853670755,441936307,sniper_biscuit,516575,VALORANT,308,2026-09-25T16:21:21Z,fr,"['Français', 'English', 'radiant', 'valorant']",2026-09-26,07-37-11,Saturday
318720135013,1020972504,hyperi1cs2,32399,Counter-Strike,307,2026-09-25T22:16:56Z,en,['English'],2026-09-26,07-37-11,Saturday
320383424990,46023180,natspresso,1338428218,CONTROL Resonant,307,2026-09-25T20:45:55Z,en,"['English', 'girl', 'chatty', 'firstplaythrough', 'ChallengeRun', 'chill', 'metal', 'variety', 'VarietyStreamer', 'Welcoming']",2026-09-26,07-37-11,Saturday
318209862744,886028244,toxicblonde,33214,Fortnite,307,2026-09-25T21:44:47Z,en,"['Fortnite', 'girl', 'English', 'Female', 'Woman', 'ZeroBuild', 'funny', 'FamilyFriendly', 'zerobuilds', 'ZeroBuildFortnite']",2026-09-26,07-37-11,Saturday
321581335258,168847241,dragonspit,509658,Just Chatting,304,2026-09-25T21:00:53Z,en,"['English', 'Vtuber', 'vibing', 'DropsEnabled']",2026-09-26,07-37-11,Saturday
319065272309,165532546,refusedcs,498566,Slots,304,2026-09-25T23:35:38Z,es,['Español'],2026-09-26,07-37-11,Saturday
318774436070,438251390,sickemoangel,509658,Just Chatting,304,2026-09-25T20:33:52Z,de,"['Cosplay', 'Frau', 'Borderline', 'anime', 'Depression', 'Deutsch', 'English', 'MentalHealth', 'Dance', 'emo']",2026-09-26,07-37-11,Saturday
321583007194,1234210919,bord,509658,Just Chatting,304,2026-09-25T23:01:08Z,en,"['English', 'DropsEnabled']",2026-09-26,07-37-11,Saturday
319351494999,609059207,youngdabo,509658,Just Chatting,304,2026-09-25T21:58:48Z,en,"['English', 'DropsEnabled']",2026-09-26,07-37-11,Saturday
319006267766,467566192,smirzera,493057,PUBG: BATTLEGROUNDS,304,2026-09-25T22:39:32Z,pt,"['Português', 'pubg', 'SLS', 'DropsAtivados']",2026-09-26,07-37-11,Saturday
319065377269,1080773109,salleswin77,29452,Virtual Casino,303,2026-09-25T23:47:01Z,pt,['Português'],2026-09-26,07-37-11,Saturday
321529179737,28344564,agbin3r,509672,IRL,303,2026-09-25T21:20:11Z,es,['Español'],2026-09-26,07-37-11,Saturday
318772731750,570983720,sandyjackson,509511,Marbles on Stream,303,2026-09-25T18:34:04Z,de,"['german', 'music', 'cozy', 'subathon', 'gaming', 'lgbtq', 'summer', 'singing', 'sports', 'gamescom']",2026-09-26,07-37-11,Saturday
317822157666,834823107,pipi,27471,Minecraft,302,2026-09-25T16:18:22Z,en,"['English', 'Vtuber', 'Woman', 'tomboy', 'romanian', 'spanish', 'mpreg', 'ADHD', 'Gremlin', 'girlfailure']",2026-09-26,07-37-11,Saturday
318210082136,446806355,ketchup,512710,Call of Duty: Warzone,302,2026-09-25T22:19:01Z,es,"['English', 'Español']",2026-09-26,07-37-11,Saturday
321583339098,449858930,mooni,1264310518,Marvel Rivals,301,2026-09-25T23:21:06Z,en,"['Vtuber', 'English', 'ENVtuber', 'DropsEnabled']",2026-09-26,07-37-11,Saturday
318210576088,143173994,snamwiches,18808,Resident Evil 5,301,2026-09-25T23:35:33Z,en,"['Whimsy', 'Joy', 'Happiness', 'Smiles', 'Rainbows', 'Masochism', 'achievementhunting', 'challengerun', 'English']",2026-09-26,07-37-11,Saturday
315524893294,479045353,notjoeykaotyk,509658,Just Chatting,300,2026-09-25T16:27:41Z,en,"['Taiwan', 'Adhd', 'English', 'Vtuber', 'Japan', 'Chinese', '中文', 'wirforce', 'DropsEnabled']",2026-09-26,07-37-11,Saturday
319135700980,163382719,tibiaemprego,19619,Tibia,299,2026-09-25T23:18:54Z,pt,"['Português', 'PKA', 'PokeAlliance']",2026-09-26,07-37-11,Saturday
319004497398,541745926,bennettarcontepyro,513181,Genshin Impact,299,2026-09-25T18:56:27Z,pt,"['BRASIL', 'EDUTIKTOK', 'Português', 'Português', 'GenshinnImpact', 'genshin', 'Brasil', 'GenshinImpactStream', 'BennetArconte', 'DropsAtivados']",2026-09-26,07-37-11,Saturday
319350876631,186531172,gamstergaming,27471,Minecraft,298,2026-09-25T20:47:30Z,es,"['Vtuber', 'funnymoments', 'oneesanhunter', 'grannyhunter', 'boyoyoinghunter', 'Español', 'MaleVtuber', 'English']",2026-09-26,07-37-11,Saturday
319065385077,256870169,marco_veio,771448419,AION 2,298,2026-09-25T23:47:50Z,pt,"['MMORPG', 'AION2', 'English', 'Português']",2026-09-26,07-37-11,Saturday
318765139302,221114625,xyzoom,27471,Minecraft,297,2026-09-25T02:19:40Z,de,['Deutsch'],2026-09-26,07-37-11,Saturday
320522413408,31723226,cobaltstreak,13332,Pokémon FireRed/LeafGreen,297,2026-09-25T22:57:30Z,en,"['English', 'isaac', 'Roguelike', 'Roguelite', 'Furry', 'Friendly', 'DungeonsandDragons', 'Chıll', 'mewgenics', 'CatBreeding']",2026-09-26,07-37-11,Saturday
320520284000,58287338,luxx,1987896617,Dune: Awakening,297,2026-09-25T20:14:43Z,en,['English'],2026-09-26,07-37-11,Saturday
320523432928,400013651,uhsizz,1832641890,MLB The Show 26,296,2026-09-25T23:52:29Z,en,"['English', 'mlbtheshow', 'Baseball', 'Comedy', 'mlbtheshow26', 'MLB', 'SportsGame', 'sports', 'NBA2K27']",2026-09-26,07-37-11,Saturday
317848644196,122480925,zetark,32982,Grand Theft Auto V,296,2026-09-25T22:28:45Z,en,"['DiCenzo', 'Roleplay', 'Omerta', 'Mafia', 'RP', 'English', 'nopixel', 'Spanish', 'NoPixelV', 'DropsEnabled']",2026-09-26,07-37-11,Saturday
321530911193,515513353,itsstephlee,509658,Just Chatting,296,2026-09-25T23:14:33Z,en,"['English', 'DropsEnabled']",2026-09-26,07-37-11,Saturday
317525878903,150267337,vigi,14842174,Chained Together,295,2026-09-25T22:11:40Z,en,"['ClosedCaptions', 'SoundAlerts', 'PlayingwithViewers', 'Vtuber', 'ENVtuber', 'DropsEnabeled', 'LOUD', 'DebutVtuber', 'openlobbies', 'subathon']",2026-09-26,07-37-11,Saturday
316507168370,794054633,hanazawanako,509663,Special Events,295,2026-09-25T23:02:08Z,ja,"['日本語', 'jpvtuber', 'vtuber', 'woman', '女性', 'English', '雑談', 'chill', 'Drops有効']",2026-09-26,07-37-11,Saturday
319003864566,280036741,rafaao,32982,Grand Theft Auto V,294,2026-09-25T17:10:48Z,pt,"['Português', 'rp', 'OESTERP', 'oeste', 'DropsAtivados']",2026-09-26,07-37-11,Saturday
316910638549,70875051,y0ncecs,1089655891,PERSONA3 RELOAD,294,2026-09-26T00:28:23Z,en,"['English', 'SUBtember', 'badge', 'Русский', 'DropsEnabled', 'koromaru', 'persona']",2026-09-26,07-37-11,Saturday
317825656162,516352275,lorenne_,509658,Just Chatting,294,2026-09-25T21:54:14Z,en,"['English', 'British', 'girl', 'ADHD', 'Woman', 'gaming', 'Interactive', 'Variety', 'battlefield', 'DropsEnabled']",2026-09-26,07-37-11,Saturday
317826169570,808190843,daddyfifa75,123184772,EA Sports FC 27,294,2026-09-25T23:00:43Z,fr,['Français'],2026-09-26,07-37-11,Saturday
320479893724,137077628,marcdeezyy,1264310518,Marvel Rivals,293,2026-09-25T23:10:10Z,en,"['English', 'DropsEnabled']",2026-09-26,07-37-11,Saturday
319065662325,125072213,yanzeeera,29452,Virtual Casino,293,2026-09-26T00:12:09Z,pt,"['slots', 'slotscasino', 'Português', 'maxwin']",2026-09-26,07-37-11,Saturday
320382485598,121514979,mrsblob,500188,Hunt: Showdown 1896,293,2026-09-25T19:20:26Z,en,"['English', 'Vtuber', 'CostaRica', 'SoothingVoice', 'Comfy', 'ENVtuber', 'relaxing', 'Cozy']",2026-09-26,07-37-11,Saturday
317825208930,499772064,mirssadvm,509658,Just Chatting,292,2026-09-25T21:07:29Z,fr,"['Français', 'DropsActivés']",2026-09-26,07-37-11,Saturday
316073830611,170606644,audlonlx,1297497516,Shin Megami Tensei V: Vengeance,292,2026-09-24T16:00:08Z,en,"['roblox', 'minecraft', 'English', 'DropsEnabled']",2026-09-26,07-37-11,Saturday
319134786036,188532954,lucroft,32982,Grand Theft Auto V,291,2026-09-25T21:46:42Z,pt,"['Português', 'DropsAtivados']",2026-09-26,07-37-11,Saturday
319349251799,123498337,asuna_qt,18122,World of Warcraft,291,2026-09-25T16:43:24Z,en,"['English', 'DropsEnabled']",2026-09-26,07-37-11,Saturday
321579023578,149665717,breebunn,1960720223,SILENT HILL: townfall,290,2026-09-25T16:31:05Z,en,"['English', 'Cozy', 'cottagecursed', 'chudmaxxing', 'LGBTQIAPIus', 'MentalHealth', 'ADHD']",2026-09-26,07-37-11,Saturday
319352295639,710432375,twigbot_,518184,Phasmophobia,290,2026-09-25T23:18:33Z,en,"['loud', 'English', 'girl', 'sassy', 'food', 'Phasmophobia', 'LGBTQFriendly', 'SafeSpace', 'Ally']",2026-09-26,07-37-11,Saturday
320478040668,823477341,thenigelb,509658,Just Chatting,289,2026-09-25T21:02:25Z,en,"['English', 'DropsEnabled']",2026-09-26,07-37-11,Saturday
317826004066,793865610,k2nnn8,512710,Call of Duty: Warzone,289,2026-09-25T22:37:33Z,ar,"['العربية', 'إعادة・البث', 'Drop', 'فالكون', 'Esports', 'calldofduty', 'English', 'EWC', 'drops']",2026-09-26,07-37-11,Saturday
316984861396,1540643664,r2onlineevolution,502829,R2 Online: Reign of Revolution,288,2026-09-25T15:33:23Z,ru,"['R2', 'R2Online', 'R2OnlineReignofRevolution', 'R2стрим', 'r2default', 'Повтор', 'Русский']",2026-09-26,07-37-11,Saturday
316561996787,125534474,mayarazan,509658,Just Chatting,288,2026-09-25T15:37:55Z,ja,"['日本語', '顔出し', '顔出し女子', '乳', 'ストリートファイター6', 'ApexLedends', 'スプラトゥーン3', '土方', 'OL', '綺麗系']",2026-09-26,07-37-11,Saturday
317824970978,160533914,statsbloke,32502,World of Warships,288,2026-09-25T20:42:45Z,en,"['English', 'streamerbot', 'AskBeforeBackseating', 'Wales', 'Drops', 'DropsEnabled', 'Raffle', 'Giveaway', 'NewPlayersWelcome']",2026-09-26,07-37-11,Saturday
317826152674,431259800,ohedievr,499003,VRChat,288,2026-09-25T22:58:58Z,en,"['English', 'Vtuber', 'LGBT', 'VR', 'Community', 'LGBTQIAPlus', 'Drama']",2026-09-26,07-37-11,Saturday
316981530196,880280523,b1ezzed,32399,Counter-Strike,288,2026-09-24T23:23:40Z,ru,['Русский'],2026-09-26,07-37-11,Saturday
316559017203,1066806174,neipuduck,272263131,"Animals, Aquariums, and Zoos",287,2026-09-25T02:50:22Z,zh,"['Animals', 'Taiwan', '薑母鴨', '中文', '台灣', 'ducks', 'ASMR', '吃播', 'IRL', '启用掉宝']",2026-09-26,07-37-11,Saturday
321530469081,120812775,lotusasakura,13332,Pokémon FireRed/LeafGreen,287,2026-09-25T22:49:56Z,en,"['English', 'DropsEnabled']",2026-09-26,07-37-11,Saturday
316031890001,10386664,limmy,515025,Overwatch,287,2026-09-25T22:28:41Z,en,"['English', 'Scottish', '2K', 'GenX']",2026-09-26,07-37-11,Saturday
321696286811,151737789,sergeantheine,743893402,WARDOGS,286,2026-09-25T17:17:15Z,en,"['giveaway', 'ASMR', 'VisualASMR', 'English', 'Veteran', 'Comedy', 'MentalHealth', 'drops', 'DropsEnabled']",2026-09-26,07-37-11,Saturday
317817408098,80629581,deemonrider,329951934,Pokémon Community Game,286,2026-09-24T23:03:09Z,en,"['Chatting', 'English']",2026-09-26,07-37-11,Saturday
320516323936,482185130,aquaivy_asmr,509659,ASMR,285,2026-09-25T11:49:35Z,en,"['English', 'findom', 'goddess', 'asmr', 'earlicking', 'woman', 'paypig', 'walletdrain', 'mommy', 'AffiliateAnniversary']",2026-09-26,07-37-11,Saturday
321580427738,431401707,jupiterclimb,12110,Castlevania: Circle of the Moon,284,2026-09-25T19:31:34Z,en,"['English', 'Speedrun', 'Retro', 'Metroidvania']",2026-09-26,07-37-11,Saturday
316987072468,133099286,azamat799,509658,Just Chatting,284,2026-09-25T19:43:45Z,ru,"['Русский', 'DropsВключены', 'Taxi', 'Moscow', 'Такси', 'Москва', 'Автошкола', 'IRL', 'Инструктор', 'Азамат']",2026-09-26,07-37-11,Saturday
316906593365,118283029,herloaf,515025,Overwatch,284,2026-09-25T12:42:11Z,en,"['Overwatch', 'Top500', 'English', 'Danish', 'Dansk', 'drops']",2026-09-26,07-37-11,Saturday
321531136985,1252048072,nicopokie,542560980,Until Dawn,283,2026-09-25T23:29:19Z,en,"['English', 'Pretty', 'awesome', 'kind', 'cool', 'handsome']",2026-09-26,07-37-11,Saturday
321699794395,109215610,socksbx,509658,Just Chatting,283,2026-09-25T22:51:20Z,en,"['English', 'unngghhhhhhhh', 'Culvers', 'Handsome', 'Cute', 'QFromImpracticalJokers', 'LGBTQPlus', 'Perc3Million', 'Divorced', 'RetroAchievements']",2026-09-26,07-37-11,Saturday
317856966371,580985449,jizonn,123184772,EA Sports FC 27,283,2026-09-25T20:30:23Z,pt,['Português'],2026-09-26,07-37-11,Saturday
320385683294,152005768,lordnm,2132205352,Deadlock,283,2026-09-25T23:10:24Z,en,"['English', 'persian']",2026-09-26,07-37-11,Saturday
319349493975,80620714,vsnz,493057,PUBG: BATTLEGROUNDS,283,2026-09-25T17:25:18Z,en,"['English', 'DropsEnable']",2026-09-26,07-37-11,Saturday
319005923574,600037165,marcusoceifeiro,1407096487,Star Wars Jedi: Survivor,283,2026-09-25T22:07:40Z,pt,"['Português', 'DropsAtivados']",2026-09-26,07-37-11,Saturday
320386660062,795252851,sevy,509659,ASMR,282,2026-09-26T00:00:21Z,en,"['English', '中文', 'Waifu', 'Vtuber', 'Français', 'Succubus', 'hagmaxxing', 'girlfailure', 'ASMR', 'AuditoryASMR']",2026-09-26,07-37-11,Saturday
318714215909,434340320,kennstelars,32982,Grand Theft Auto V,281,2026-09-25T15:18:54Z,de,"['Deutsch', 'Narco', 'NARCOCITY', 'jigsaw', 'gtavpRP', 'FiveMRolePlay', 'GermanStreamer', 'Deutsch', 'Deutschland', 'entertaining']",2026-09-26,07-37-11,Saturday
316078622291,118223829,boschmerchant,490948,The Isle,281,2026-09-25T21:43:34Z,en,"['English', 'boschisland']",2026-09-26,07-37-11,Saturday
320386662750,264727777,taigaxholic,509658,Just Chatting,281,2026-09-26T00:00:24Z,en,"['English', 'femboy', 'ToxicGaming', 'crashout', 'barkforsubs', 'vtuber', 'brat', 'FirstTimePlaythrough', 'AskMeAnything', 'DropsEnabled']",2026-09-26,07-37-11,Saturday
316943573718,901942426,r2alliance,502829,R2 Online: Reign of Revolution,281,2026-09-25T23:59:52Z,ru,"['R2', 'R2Online', 'R2OnlineReignofRevolution', 'R2стрим', 'MMORPG', 'PvP', 'Classic', 'Русский']",2026-09-26,07-37-11,Saturday
321700917851,1140884731,pudgie16,509658,Just Chatting,281,2026-09-26T00:00:24Z,en,"['English', 'DropsEnabled']",2026-09-26,07-37-11,Saturday
319134961780,674311502,richellyna,513181,Genshin Impact,281,2026-09-25T22:07:05Z,pt,"['Animado', 'Hype', 'Português', 'DropsAtivados']",2026-09-26,07-37-11,Saturday
319005857526,509016077,mrconnect10,509658,Just Chatting,280,2026-09-25T22:01:25Z,pt,"['Lineage', 'pvp', 'Português', 'Leageflegends', 'Mrconnect10', 'lineagell', 'Mrconnect10', 'Reposição', 'DropsAtivados']",2026-09-26,07-37-11,Saturday
320383797598,432499739,stella,509658,Just Chatting,280,2026-09-25T21:13:43Z,en,"['English', 'FINDOM', 'GODDESS', 'PAYPIG', 'ASMR', 'FEET', 'EGIRL', 'PRINCESS', 'FINDOMME', 'BRAT']",2026-09-26,07-37-11,Saturday
321698456283,610196657,thatssoolauren,509658,Just Chatting,280,2026-09-25T21:01:11Z,en,"['English', 'egirl', 'blonde', 'florida', 'SexualThemes', 'DropsEnabled']",2026-09-26,07-37-11,Saturday
318577469799,1468973220,miladeva,509658,Just Chatting,280,2026-09-25T17:06:46Z,en,"['English', 'sport', 'god', 'love', 'yoga', 'Україна', 'Rerun', 'DropsEnabled']",2026-09-26,07-37-11,Saturday
317845573604,222021043,lowlessxd,516575,VALORANT,280,2026-09-25T17:58:10Z,fr,"['Français', 'English']",2026-09-26,07-37-11,Saturday
315559658480,114264962,zxcv8611566,516575,VALORANT,280,2026-09-25T21:46:03Z,zh,"['中文', '內向']",2026-09-26,07-37-11,Saturday
320382744926,138883340,curvyelephant,32982,Grand Theft Auto V,280,2026-09-25T19:46:33Z,en,"['English', 'DropsEnabled']",2026-09-26,07-37-11,Saturday
321584344666,57225136,brycexd,30921,Rocket League,279,2026-09-26T00:18:30Z,en,"['English', 'SSL', 'Tall', 'hot', 'model', 'Espàñol', 'GodGamer', 'dontwatchthis', 'DropsEnabled']",2026-09-26,07-37-11,Saturday
319062532597,142974849,4fungamingg,508455,Valheim,279,2026-09-25T17:29:13Z,es,['Español'],2026-09-26,07-37-11,Saturday
316495181297,506396193,magnyi3,516575,VALORANT,279,2026-09-25T23:51:09Z,ja,"['日本語', 'valorant', '初見歓迎', '質問OK', '楽しく']",2026-09-26,07-37-11,Saturday
319005812982,983668295,myfrink,32399,Counter-Strike,279,2026-09-25T21:58:00Z,pt,"['Português', 'espanhol']",2026-09-26,07-37-11,Saturday
318700440293,1252947491,badgetracker,2113043143,PAYDAY 3,278,2026-09-24T11:23:59Z,en,"['Русский', 'English', 'Badge', 'PayDay3', 'DropsEnabled']",2026-09-26,07-37-11,Saturday
321580787546,31506856,skinnedteen,1960720223,SILENT HILL: townfall,278,2026-09-25T20:09:48Z,en,"['Horror', '90sVIBES', 'TwitchOG', 'CozyChaos', 'Yapper', 'English', 'Vtuber', 'pngtuber', 'optedoutofai']",2026-09-26,07-37-11,Saturday
321583625434,62663660,rallied,512710,Call of Duty: Warzone,278,2026-09-25T23:38:47Z,en,['English'],2026-09-26,07-37-11,Saturday
318574087015,154211222,shiganari,21779,League of Legends,278,2026-09-25T12:13:16Z,ru,"['Русский', 'ADC', 'proplayer', 'Challenger', 'Educational', 'English']",2026-09-26,07-37-11,Saturday
319135320052,138160925,kraizen_gaming,417528,Albion Online,277,2026-09-25T22:43:45Z,es,"['Español', 'Chile', 'Inglés', 'DropsActivados']",2026-09-26,07-37-11,Saturday
317851615971,407902778,levraidoffy,490377,Sea of Thieves,277,2026-09-25T12:01:25Z,fr,"['Français', 'DropsActivés']",2026-09-26,07-37-11,Saturday
318579763815,116937417,mirya,1987896617,Dune: Awakening,277,2026-09-25T19:23:19Z,en,"['Netherlands', 'Cozy', 'Comfy', 'Chatty', 'English', 'SafeSpace', 'Anime', 'fun', 'NoSpoilers', 'FirstPlaythrough']",2026-09-26,07-37-11,Saturday
321581148250,123248345,baddie,491931,Escape from Tarkov,277,2026-09-25T20:44:30Z,en,"['English', 'ginger', 'Veteran', 'baddie', 'fps', 'egirl', 'DropsEnabled']",2026-09-26,07-37-11,Saturday
320476883804,571495802,kabhaal,18122,World of Warcraft,276,2026-09-25T19:20:48Z,en,"['English', 'VoiceActing', 'Horror', 'campy', 'Vtuber', 'DropsEnabled']",2026-09-26,07-37-11,Saturday
321581438042,41905159,gigaboots,18889,FINAL FANTASY XIII,276,2026-09-25T21:09:42Z,en,"['English', 'donathon', 'BreadSoup', 'Trans', 'LGBTQ', 'aioptedout']",2026-09-26,07-37-11,Saturday
320478783068,972702837,only1hof,600069925,The Plant Shop,276,2026-09-25T21:59:25Z,en,"['Dialed', 'English', 'Variety', 'energy', 'ADHD', 'reactions']",2026-09-26,07-37-11,Saturday
320522504928,102803280,scorch052,495378,Project Wingman,275,2026-09-25T23:01:29Z,en,"['English', 'hotdog', 'vtuber', 'evil', 'DropsEnabled']",2026-09-26,07-37-11,Saturday
318716870373,38608008,serverenok,1393304883,Mir Tankov,275,2026-09-25T18:16:12Z,ru,['Русский'],2026-09-26,07-37-11,Saturday
319065826933,703263403,pardalflexlolo,33214,Fortnite,274,2026-09-26T00:25:57Z,pt,['Português'],2026-09-26,07-37-11,Saturday
316495127793,9094040,fullcon,340920845,Backpack Battles,273,2026-09-25T23:26:54Z,ja,['日本語'],2026-09-26,07-37-11,Saturday
321698796379,40968796,lawlman,743893402,WARDOGS,272,2026-09-25T21:31:28Z,en,['English'],2026-09-26,07-37-11,Saturday
316942997462,601488505,a1r1sh,509658,Just Chatting,272,2026-09-25T21:35:49Z,ru,"['Русский', 'DropsВключены']",2026-09-26,07-37-11,Saturday
321529370585,643642250,jalensworld_,33214,Fortnite,272,2026-09-25T21:34:53Z,en,"['English', 'BabyDollaz', 'gamer']",2026-09-26,07-37-11,Saturday
316942595030,170424398,muxa___,32982,Grand Theft Auto V,272,2026-09-25T20:22:08Z,ru,"['Русский', 'DropsВключены']",2026-09-26,07-37-11,Saturday
319065524853,923473187,soygacht,513181,Genshin Impact,271,2026-09-26T00:00:26Z,es,"['Español', 'DropsActivados']",2026-09-26,07-37-11,Saturday
319350479575,28627097,hyf1re,32502,World of Warships,271,2026-09-25T19:54:33Z,en,"['English', 'Welcoming', 'Chill', 'DeadWeight', 'DropsEnabled']",2026-09-26,07-37-11,Saturday
317856249443,54118379,jamiedrakehd,509667,Food & Drink,271,2026-09-25T19:38:31Z,pt,['Português'],2026-09-26,07-37-11,Saturday
321699653979,721994580,electrofv,33214,Fortnite,271,2026-09-25T22:41:08Z,en,['English'],2026-09-26,07-37-11,Saturday
319133215220,72733233,omeiaum,32982,Grand Theft Auto V,271,2026-09-25T18:23:09Z,pt,"['Português', 'DropsAtivados']",2026-09-26,07-37-11,Saturday
321582000858,449091900,stephaniemx_,33214,Fortnite,270,2026-09-25T21:55:53Z,es,['Español'],2026-09-26,07-37-11,Saturday
317848831716,94443262,nzooo7_,123184772,EA Sports FC 27,270,2026-09-25T22:55:57Z,fr,"['Français', 'french', 'chill', 'fc26', 'football', 'francais', 'gaming', 'gta', 'moovieroom', 'olympiquedemarseille']",2026-09-26,07-37-11,Saturday
316297162349,877814651,tuxedoqu,32982,Grand Theft Auto V,269,2026-09-24T09:10:07Z,en,"['English', 'AURA']",2026-09-26,07-37-11,Saturday
320379857630,734132328,timthetatmanvods,499973,Always On,268,2026-09-25T13:30:30Z,en,['English'],2026-09-26,07-37-11,Saturday
