id,user_id,user_login,game_id,game_name,viewer_count,started_at,language,tags,snapshot_date,snapshot_time,snapshot_day
320807191131,40934651,ludwig,1916111055,Streamer Games,63347,2026-08-01T20:45:22Z,en,"['English', 'lolcow']",2026-08-02,06-09-50,Sunday
319762664928,411377640,jynxzi,1916111055,Streamer Games,53425,2026-08-01T19:47:13Z,en,['English'],2026-08-02,06-09-50,Sunday
318691715287,246450563,stableronaldo,1916111055,Streamer Games,42659,2026-08-01T19:50:52Z,en,['English'],2026-08-02,06-09-50,Sunday
319702186332,552120296,zackrawrr,509658,Just Chatting,35910,2026-08-01T18:17:22Z,en,"['English', 'politics', 'bald']",2026-08-02,06-09-50,Sunday
318690038999,993419763,marvelrivals,1264310518,Marvel Rivals,35020,2026-08-01T16:45:01Z,en,"['TPS', 'shooting', 'English', 'shootinggames', 'DropsEnabled']",2026-08-02,06-09-50,Sunday
315927235178,224539819,aussieantics,33214,Fortnite,30092,2026-08-01T14:26:40Z,en,"['English', 'DropsEnabled']",2026-08-02,06-09-50,Sunday
319763319136,472066926,theburntpeanut,263490,Rust,27283,2026-08-01T20:41:07Z,en,"['English', 'funny', 'gaming', 'Ptuber', 'fpsgames', 'Variety', 'tobacco', 'Peanut', 'DropsEnabled']",2026-08-02,06-09-50,Sunday
317785014616,563908141,joe_bartolozzi,1916111055,Streamer Games,25874,2026-08-01T20:44:58Z,en,['English'],2026-08-02,06-09-50,Sunday
319703360860,107117952,jasontheween,1916111055,Streamer Games,24442,2026-08-01T19:47:55Z,en,['English'],2026-08-02,06-09-50,Sunday
317785039064,233300375,clix,33214,Fortnite,24137,2026-08-01T20:48:49Z,en,"['English', 'DropsEnabled']",2026-08-02,06-09-50,Sunday
318098646757,218255467,canerkrd,509672,IRL,21358,2026-08-01T13:00:53Z,de,['Deutsch'],2026-08-02,06-09-50,Sunday
318691085271,207813352,hasanabi,509658,Just Chatting,21291,2026-08-01T18:47:05Z,en,"['news', 'politics', 'adhd', 'English', 'GamerRage']",2026-08-02,06-09-50,Sunday
319759333088,148561738,faxuty,33214,Fortnite,21192,2026-08-01T14:37:08Z,en,"['English', 'DropsEnabled']",2026-08-02,06-09-50,Sunday
317961440359,137512364,ow_esports,515025,Overwatch,20187,2026-08-01T21:00:05Z,en,"['Esports', 'English', 'fps', 'Shooter', 'Action', 'OWCS', 'overwatch', 'DropsEnabled']",2026-08-02,06-09-50,Sunday
319763150432,165301937,realkatieb,1916111055,Streamer Games,17081,2026-08-01T20:27:07Z,en,['English'],2026-08-02,06-09-50,Sunday
320808003547,71092938,xqc,509658,Just Chatting,16460,2026-08-01T21:35:02Z,en,"['English', 'femboy']",2026-08-02,06-09-50,Sunday
317133265527,124420521,lcs,21779,League of Legends,15021,2026-08-01T18:30:14Z,en,"['English', 'DropsEnabled']",2026-08-02,06-09-50,Sunday
317784930392,28579002,cellbit,1916111055,Streamer Games,14683,2026-08-01T20:31:56Z,pt,"['Português', 'English', 'DropsAtivados']",2026-08-02,06-09-50,Sunday
319758243680,468932694,youladecadd,509672,IRL,14595,2026-08-01T11:48:18Z,fr,['Français'],2026-08-02,06-09-50,Sunday
318102877541,457428542,koma,29595,Dota 2,14562,2026-08-01T19:46:29Z,ru,['Русский'],2026-08-02,06-09-50,Sunday
316614315860,42316376,just_ns,29595,Dota 2,13913,2026-08-01T13:52:52Z,ru,['Русский'],2026-08-02,06-09-50,Sunday
318664250228,240277531,gorilon,33214,Fortnite,13566,2026-08-01T20:53:17Z,es,"['Español', 'DropsActivados']",2026-08-02,06-09-50,Sunday
320802742235,133220545,jay3,1264310518,Marvel Rivals,13234,2026-08-01T15:38:37Z,en,"['English', 'DropsEnabled']",2026-08-02,06-09-50,Sunday
317134232951,494543675,lacy,33214,Fortnite,13097,2026-08-01T20:59:37Z,en,"['English', 'DropsEnabled']",2026-08-02,06-09-50,Sunday
319764529504,66418614,gofns,516575,VALORANT,13053,2026-08-01T22:17:24Z,en,['English'],2026-08-02,06-09-50,Sunday
317356013794,110119637,nikof,33214,Fortnite,12028,2026-08-01T20:49:56Z,fr,"['Français', 'Fortnite', 'M8WIN', 'DropsActivés']",2026-08-02,06-09-50,Sunday
318100320357,31919607,elxokas,21779,League of Legends,11516,2026-08-01T16:06:53Z,es,['Español'],2026-08-02,06-09-50,Sunday
319763276128,923281988,yonnajay,1916111055,Streamer Games,11450,2026-08-01T20:37:17Z,en,"['English', 'funny', 'cuteandcuddly']",2026-08-02,06-09-50,Sunday
319763262816,85800130,etoiles,1916111055,Streamer Games,11088,2026-08-01T20:36:04Z,fr,['Français'],2026-08-02,06-09-50,Sunday
316546536917,55125740,fortnite,33214,Fortnite,10728,2026-08-01T20:33:13Z,en,"['English', 'DropsEnabled']",2026-08-02,06-09-50,Sunday
320636737881,26301881,sodapoppin,852009328,Mistfall Hunter,10523,2026-08-01T18:58:07Z,en,"['English', 'DropsEnabled']",2026-08-02,06-09-50,Sunday
317133743863,90222258,agent00,1916111055,Streamer Games,9958,2026-08-01T19:48:22Z,en,"['English', 'AGENT00', 'AMP']",2026-08-02,06-09-50,Sunday
318692954199,23936415,jerma985,16676,Team Fortress 2,9759,2026-08-01T21:49:32Z,en,"['English', 'Retired', 'ExtrovertedIntrovert', 'BroadcastArc', 'VirgoLibra', 'BigJ', 'XpressRediSetGoFanclub']",2026-08-02,06-09-50,Sunday
317134038007,598903130,valorant_americas,516575,VALORANT,9021,2026-08-01T20:30:15Z,en,"['Esports', 'English']",2026-08-02,06-09-50,Sunday
320804881243,146922206,imperialhal__,511224,Apex Legends,8953,2026-08-01T18:19:18Z,en,"['English', 'DropsEnabled']",2026-08-02,06-09-50,Sunday
316615856852,89132304,sasavot,29595,Dota 2,8899,2026-08-01T17:17:04Z,ru,"['Русский', 'English', '141']",2026-08-02,06-09-50,Sunday
319638245598,204730616,cinna,509658,Just Chatting,8798,2026-08-01T23:01:23Z,en,['English'],2026-08-02,06-09-50,Sunday
320634302553,147927227,aspen,515025,Overwatch,8702,2026-08-01T16:03:28Z,en,"['English', 'DropsEnabled']",2026-08-02,06-09-50,Sunday
317377549412,96116107,mixwell,516575,VALORANT,8610,2026-08-01T14:50:43Z,es,"['Español', 'pro', 'otakar', 'watchparty', 'lyonesport', 'valorant', 'DropsActivados']",2026-08-02,06-09-50,Sunday
316576433238,524953193,d1pro4,509658,Just Chatting,8050,2026-08-01T21:12:53Z,ru,['Русский'],2026-08-02,06-09-50,Sunday
318101364453,251502475,cowfee,515025,Overwatch,7865,2026-08-01T17:49:08Z,en,"['English', 'vtuber', 'support', 'kiriko', 'DropsEnabled']",2026-08-02,06-09-50,Sunday
320696989402,121059319,moonmoon,666605016,Welcome to the Game III,7513,2026-08-01T22:30:19Z,en,"['English', 'godgamer', 'doglover']",2026-08-02,06-09-50,Sunday
318165801190,430023505,xrohat,21779,League of Legends,7471,2026-08-01T15:56:00Z,de,['Deutsch'],2026-08-02,06-09-50,Sunday
318692139863,1017626993,wendolynortizz,1916111055,Streamer Games,6945,2026-08-01T20:29:03Z,en,['English'],2026-08-02,06-09-50,Sunday
319763053664,45098797,cdawg,1916111055,Streamer Games,6871,2026-08-01T20:18:54Z,en,['English'],2026-08-02,06-09-50,Sunday
315403110384,65653595,roger9527,512953,ELDEN RING,6746,2026-08-01T14:14:00Z,zh,['中文'],2026-08-02,06-09-50,Sunday
317784618968,235835559,maya,1916111055,Streamer Games,6493,2026-08-01T19:49:09Z,en,"['English', 'charity', 'Charity']",2026-08-02,06-09-50,Sunday
320694013530,97828400,mokrivskyi,509658,Just Chatting,6320,2026-08-01T19:29:46Z,ru,['Русский'],2026-08-02,06-09-50,Sunday
318102962277,78874179,krokoboss,21779,League of Legends,6280,2026-08-01T19:53:47Z,de,"['Deutsch', 'DropsAktiviert']",2026-08-02,06-09-50,Sunday
315927886058,131986952,froggerow,515025,Overwatch,5930,2026-08-01T18:09:33Z,en,"['English', 'DropsEnabled']",2026-08-02,06-09-50,Sunday
317953610343,129405323,oilrats,263490,Rust,5923,2026-08-01T07:52:18Z,en,"['Deutsch', 'English', 'DropsEnabled']",2026-08-02,06-09-50,Sunday
320804045531,660840731,happyhappygal,33214,Fortnite,5580,2026-08-01T17:22:54Z,en,"['Christian', 'Women', 'Woman', 'Girl', 'Female', 'PlayingWithViewers', 'FamilyFriendly', 'Fortnite', 'ZeroBuild', 'English']",2026-08-02,06-09-50,Sunday
319701666908,41809323,misterarther,509658,Just Chatting,5557,2026-08-01T17:37:43Z,en,['English'],2026-08-02,06-09-50,Sunday
317134050295,1302240199,wardrobewinter,1916111055,Streamer Games,5516,2026-08-01T20:32:14Z,en,"['English', 'clover']",2026-08-02,06-09-50,Sunday
317132054135,27446144,fubgun,29307,Path of Exile,5493,2026-08-01T13:39:04Z,en,"['English', 'drops']",2026-08-02,06-09-50,Sunday
320690444378,23364603,arteezy,29595,Dota 2,5445,2026-08-01T15:02:30Z,en,['English'],2026-08-02,06-09-50,Sunday
318097436901,1233797669,betboom_sb_dota,29595,Dota 2,5315,2026-08-01T10:48:02Z,ru,['Русский'],2026-08-02,06-09-50,Sunday
320638442073,427632467,lvndmark,491931,Escape from Tarkov,5259,2026-08-01T20:43:03Z,en,['English'],2026-08-02,06-09-50,Sunday
316546827349,495414371,avice666,29595,Dota 2,5238,2026-08-01T21:20:17Z,en,['English'],2026-08-02,06-09-50,Sunday
315871217363,28337972,limealicious,31339,Project Zomboid,5108,2026-08-01T17:31:25Z,en,"['Cozy', 'Vtuber', 'English', 'Gremlin']",2026-08-02,06-09-50,Sunday
317957467367,152633332,knekro,1129937420,How Many Dudes?,4895,2026-08-01T15:27:21Z,es,"['Español', 'Elmejor', 'Knekrer', 'Challenger', 'hardcoregamer', 'peepoClown', 'vuelaalto', 'cracabut']",2026-08-02,06-09-50,Sunday
317396546147,854933327,etostark__,509658,Just Chatting,4841,2026-08-01T21:13:46Z,fr,['Français'],2026-08-02,06-09-50,Sunday
318691633879,40017619,doublelift,21779,League of Legends,4737,2026-08-01T19:42:13Z,en,"['English', 'DropsEnabled', 'FurryFriendly', 'Vtuber', 'MoggingExpert', 'looksmaxxing', 'chadmaxxing']",2026-08-02,06-09-50,Sunday
317785669208,51496027,loltyler1,1916111055,Streamer Games,4677,2026-08-01T22:22:36Z,en,"['English', 'loltyler1', 'tyler1', 'DropsEnabled']",2026-08-02,06-09-50,Sunday
318691803863,570335223,rayasianboy,1916111055,Streamer Games,4433,2026-08-01T19:58:44Z,en,"['English', 'Taiwan', 'AMP', 'Ray']",2026-08-02,06-09-50,Sunday
317355825890,223046106,hiro_llol,21779,League of Legends,4430,2026-08-01T20:29:26Z,fr,['Français'],2026-08-02,06-09-50,Sunday
317956882919,67931625,amar,33214,Fortnite,4328,2026-08-01T14:25:24Z,de,"['Deutsch', 'drops', 'DropsAktiviert']",2026-08-02,06-09-50,Sunday
317957712999,168514917,rachtaz,500188,Hunt: Showdown 1896,4217,2026-08-01T15:53:47Z,en,"['English', 'DropsEnabled']",2026-08-02,06-09-50,Sunday
316545310933,47966045,by_owl,509658,Just Chatting,4213,2026-08-01T17:56:22Z,ru,['Русский'],2026-08-02,06-09-50,Sunday
317380882916,50795214,sardoche,21779,League of Legends,4201,2026-08-01T21:04:48Z,fr,['Français'],2026-08-02,06-09-50,Sunday
317957042151,21431060,phunkroyal,349841413,Rock Bottom,4152,2026-08-01T14:42:25Z,de,"['Deutsch', 'gaming', 'Cozy', 'RichtigSchönerStream', 'echtTollerStream', 'SchöneZuschauer', 'GeileSpielauswahl', 'KrasseSkillsHatDerPhunk', 'WahnsinnigTolleZuschauer', 'ChatIstAuchGanzOk']",2026-08-02,06-09-50,Sunday
317394964835,496105401,byilhann,516575,VALORANT,4039,2026-08-01T18:30:39Z,fr,['Français'],2026-08-02,06-09-50,Sunday
318164328550,80093668,bogur,1264310518,Marvel Rivals,4021,2026-08-01T13:12:54Z,en,"['English', 'tank', 'silly', 'bulgarian', 'DropsEnabled']",2026-08-02,06-09-50,Sunday
317392712547,25722719,dakillzor,27546,World of Tanks,4015,2026-08-01T13:56:54Z,en,"['English', 'DropsEnabled']",2026-08-02,06-09-50,Sunday
318690554711,567928581,mooda,21779,League of Legends,4002,2026-08-01T17:50:05Z,en,['English'],2026-08-02,06-09-50,Sunday
320690734810,128440061,zentreya,789588840,Funnel Runners,3906,2026-08-01T15:28:52Z,en,"['English', 'ForkliftCertified', 'GoodMusicTaste', 'ENVtuber', 'PositiveVibes', 'Anime', 'funny', 'gaming', 'Vtuber', 'SVA']",2026-08-02,06-09-50,Sunday
317133820151,446246227,evelynomadera,1916111055,Streamer Games,3766,2026-08-01T19:59:30Z,en,"['English', 'spanish', 'evelynortiz']",2026-08-02,06-09-50,Sunday
320693258458,81623587,gensyxa,509658,Just Chatting,3765,2026-08-01T18:39:35Z,ru,"['Русский', 'gensyxa']",2026-08-02,06-09-50,Sunday
316615642580,20632757,gamelifeow,1264310518,Marvel Rivals,3713,2026-08-01T16:50:39Z,ru,"['Овервочер', 'Кошкодевочка', 'Гамелифе', 'Русский', 'Ткачжизниимба', 'самыйдобрыйстример', 'БезНытья', 'отпторблегенда', 'DropsВключены']",2026-08-02,06-09-50,Sunday
317783534424,147953635,space,1264310518,Marvel Rivals,3626,2026-08-01T16:58:23Z,en,"['English', 'brainrot', 'VarietyStreamer', 'onetrick', 'unemployed', 'yelling', 'chameless', 'WaitingRoom', 'parttimer', 'DropsEnabled']",2026-08-02,06-09-50,Sunday
315872114003,42351942,nissaxter,21779,League of Legends,3616,2026-08-01T21:33:29Z,es,"['Español', 'DropsActivados']",2026-08-02,06-09-50,Sunday
317133823095,100869214,arky,1916111055,Streamer Games,3595,2026-08-01T19:59:50Z,en,['English'],2026-08-02,06-09-50,Sunday
320695440602,84316241,penta,32982,Grand Theft Auto V,3578,2026-08-01T21:00:41Z,en,"['English', 'Educational', 'Socialeating']",2026-08-02,06-09-50,Sunday
320691508570,97672683,captain_domo,512953,ELDEN RING,3542,2026-08-01T16:34:51Z,en,['English'],2026-08-02,06-09-50,Sunday
320696419930,187955216,santizap,518203,Sports,3519,2026-08-01T21:58:39Z,en,['English'],2026-08-02,06-09-50,Sunday
318103165925,463204522,mertabimula,21779,League of Legends,3461,2026-08-01T20:09:56Z,de,['Deutsch'],2026-08-02,06-09-50,Sunday
316614616916,40855047,qlnek,33214,Fortnite,3305,2026-08-01T14:35:59Z,pl,"['Polski', 'DropyWłączone']",2026-08-02,06-09-50,Sunday
317392405091,217476533,sol1xd,21779,League of Legends,3305,2026-08-01T13:17:18Z,es,"['gwen', 'otp', 'challenger', '6XX', 'Español']",2026-08-02,06-09-50,Sunday
319704276700,738493418,madi2hottyy,509672,IRL,3288,2026-08-01T20:55:58Z,en,"['English', 'madi2hottyy', 'IRL', 'streamer', 'justcchatting']",2026-08-02,06-09-50,Sunday
317955221095,30357893,werlyb,21779,League of Legends,3286,2026-08-01T11:27:37Z,es,"['Español', 'DropsActivados']",2026-08-02,06-09-50,Sunday
317379005284,149107396,caresapo,21779,League of Legends,3285,2026-08-01T17:47:24Z,es,"['Español', 'LoL', 'Vtuber', 'Calvo', 'Furry', 'Therian', 'LGBTQPlus', 'Femboy']",2026-08-02,06-09-50,Sunday
320638318553,41616317,bigpuffer,27471,Minecraft,3269,2026-08-01T20:34:53Z,en,"['jeff', 'English']",2026-08-02,06-09-50,Sunday
317354841314,42549067,aenot,32982,Grand Theft Auto V,3220,2026-08-01T18:51:31Z,fr,"['Français', 'flashback', 'RP', 'Aenot']",2026-08-02,06-09-50,Sunday
315866020456,456798977,kspksp,516575,VALORANT,3081,2026-08-01T15:21:58Z,zh,['中文'],2026-08-02,06-09-50,Sunday
319634144606,181743137,xarola_,516575,VALORANT,3052,2026-08-01T17:26:33Z,pt,"['Português', 'valorant', 'lindo', 'Nordeste', 'fortlev']",2026-08-02,06-09-50,Sunday
319764153952,1134296624,sukiimellow,509672,IRL,2993,2026-08-01T21:48:08Z,en,"['girl', 'latina', 'English', 'IRL']",2026-08-02,06-09-50,Sunday
320806244443,432689780,ravusssss,509658,Just Chatting,2977,2026-08-01T19:46:30Z,fr,"['ravusssss', 'Divertissement', 'Discussions', 'eafc25', 'Football', 'Français', 'EASportsFC26', 'arcraiders']",2026-08-02,06-09-50,Sunday
317785037400,145015519,foolish,1916111055,Streamer Games,2969,2026-08-01T20:48:33Z,en,['English'],2026-08-02,06-09-50,Sunday
316575080534,834113869,judah_xx,29595,Dota 2,2959,2026-08-01T18:12:17Z,ru,['Русский'],2026-08-02,06-09-50,Sunday
320804942683,56395702,coconutb,263490,Rust,2940,2026-08-01T18:23:03Z,en,"['English', 'DropsEnabled']",2026-08-02,06-09-50,Sunday
318168096358,1324582252,semi069tt,509658,Just Chatting,2935,2026-08-01T19:13:50Z,de,"['semi069', 'dkm', 'trtash', 'reaction', 'Deutsch', 'Wiederholen']",2026-08-02,06-09-50,Sunday
315869577171,45276816,sliggytv,516575,VALORANT,2825,2026-08-01T07:50:06Z,en,['English'],2026-08-02,06-09-50,Sunday
316576551766,512901888,s_chilla,32399,Counter-Strike,2823,2026-08-01T21:34:44Z,ru,['Русский'],2026-08-02,06-09-50,Sunday
319696877532,505359579,reginald,509658,Just Chatting,2799,2026-08-01T06:39:26Z,en,"['English', 'CLOVERBOYZ', 'girlhefunny1x', 'Reggie', 'Fatherless']",2026-08-02,06-09-50,Sunday
319637064542,632564662,chibidoki,789588840,Funnel Runners,2742,2026-08-01T21:31:40Z,en,"['vtuber', 'furry', 'bowsertoes', 'anime', 'adhd', 'gremlin', 'English']",2026-08-02,06-09-50,Sunday
319759344480,9846758,vgbootcamp,504461,Super Smash Bros. Ultimate,2742,2026-08-01T14:38:26Z,en,"['Esport', 'Esports', 'smash', 'smashbros', 'English']",2026-08-02,06-09-50,Sunday
318691429719,27369897,ben_,29307,Path of Exile,2712,2026-08-01T19:20:53Z,en,['English'],2026-08-02,06-09-50,Sunday
318162462310,73437396,bonjwa,32982,Grand Theft Auto V,2686,2026-08-01T09:35:24Z,de,['Deutsch'],2026-08-02,06-09-50,Sunday
316002189548,817971043,w1llyv,515025,Overwatch,2676,2026-08-01T14:22:24Z,ar,"['arabic', 'arab', 'DropsEnabeled', 'العربية', 'تم・تمكين・Drops']",2026-08-02,06-09-50,Sunday
317376124900,158388504,honeypuu,21779,League of Legends,2653,2026-08-01T11:43:27Z,de,"['Deutsch', 'English']",2026-08-02,06-09-50,Sunday
318527391094,228371036,suetam1v4,33214,Fortnite,2619,2026-08-01T20:31:13Z,pt,"['Português', 'suetam', 'suetam1v4', 'brazil', 'Brasil', 'humor', 'DropsAtivados']",2026-08-02,06-09-50,Sunday
319634235230,175787099,irissiri129,21779,League of Legends,2615,2026-08-01T17:34:29Z,zh-hk,"['粵語', 'HongKong', 'Dance', 'asiangirl', 'urgot', 'League', 'English', 'korean', 'Chinese']",2026-08-02,06-09-50,Sunday
317354019682,157723307,pokealexvgc,329951934,Pokémon Community Game,2611,2026-08-01T17:17:11Z,es,"['Español', 'KOI', 'Pokémon', 'VGC', 'MovistarKOI', 'Competitivo', 'PokémonChampions']",2026-08-02,06-09-50,Sunday
317378972132,494122889,hlib_tv,32982,Grand Theft Auto V,2549,2026-08-01T17:43:03Z,fr,"['Français', 'FlashbackWL', 'Hlib', 'flashbackv6', 'Jazire']",2026-08-02,06-09-50,Sunday
318103452517,132850171,derkelleryt,518203,Sports,2542,2026-08-01T20:34:55Z,de,"['derkeller', 'sport', 'wwe', 'Deutsch', 'fussball', 'WWE2K25', 'Pokémon']",2026-08-02,06-09-50,Sunday
319699913308,56865374,barbarousking,515580,TREPANG²,2505,2026-08-01T15:01:41Z,en,"['English', 'BaldWelcome', 'Kaizo', 'GorillaWins', 'memberofparliament', 'bauserhaus']",2026-08-02,06-09-50,Sunday
318102064101,36620767,agraelus,369380,Dying Light,2501,2026-08-01T18:42:35Z,cs,['Čeština'],2026-08-02,06-09-50,Sunday
320695272282,141429177,flats,1264310518,Marvel Rivals,2445,2026-08-01T20:50:19Z,en,"['English', 'DropsEnabled']",2026-08-02,06-09-50,Sunday
318168034662,198939622,onlyjson,32982,Grand Theft Auto V,2443,2026-08-01T19:09:01Z,de,"['gtavrproleplay', 'Deutsch', 'NARCOCITY', 'fivem', 'Unterhaltung', 'gta']",2026-08-02,06-09-50,Sunday
316314104307,147242239,xhalli4x,491487,Dead by Daylight,2404,2026-08-01T16:01:19Z,ja,"['日本語', 'Drops有効']",2026-08-02,06-09-50,Sunday
320805823067,85875635,ray,65679,Family Guy: Back to the Multiverse,2400,2026-08-01T19:20:01Z,en,"['English', 'TinasHusband', 'FrameRateMerch', 'Number51', 'AwardWinningStreamer', 'MarioPartyMan', 'AggressiveOmega']",2026-08-02,06-09-50,Sunday
316564268502,729639945,perra,509658,Just Chatting,2371,2026-07-31T08:37:51Z,sv,"['Svenska', 'Norsk', 'IRL', 'ADHD', 'English', 'Fat']",2026-08-02,06-09-50,Sunday
319760997088,156961894,blackoutz,33214,Fortnite,2366,2026-08-01T17:29:37Z,pt,"['Português', 'DropsAtivados']",2026-08-02,06-09-50,Sunday
316616952916,68950614,ybicanoooobov,29595,Dota 2,2305,2026-08-01T19:29:39Z,ru,['Русский'],2026-08-02,06-09-50,Sunday
317133849847,712201914,lydiaviolet,1916111055,Streamer Games,2258,2026-08-01T20:02:54Z,en,['English'],2026-08-02,06-09-50,Sunday
319758374880,870124801,taysmcrr,509672,IRL,2237,2026-08-01T12:15:10Z,en,['English'],2026-08-02,06-09-50,Sunday
317134902007,62950378,thatmartinkidtv,509658,Just Chatting,2230,2026-08-01T22:46:21Z,en,['English'],2026-08-02,06-09-50,Sunday
318692177879,721835796,shazdelicious,509658,Just Chatting,2224,2026-08-01T20:32:33Z,en,['English'],2026-08-02,06-09-50,Sunday
318099458533,422417281,rezonfn,33214,Fortnite,2206,2026-08-01T14:34:38Z,de,"['Deutsch', 'Pro', 'Fortnite', 'drops', 'DropsAktiviert']",2026-08-02,06-09-50,Sunday
317785291224,247808909,qtcinderella,1916111055,Streamer Games,2205,2026-08-01T21:26:18Z,en,['English'],2026-08-02,06-09-50,Sunday
318104012005,252393390,imviolet_,509659,ASMR,2205,2026-08-01T21:27:13Z,it,"['Italiano', 'imviolet', 'English', 'Woman', 'ASMR', 'justchatting']",2026-08-02,06-09-50,Sunday
320694563546,87803283,the_happy_hob,1064893715,Resident Evil 3,2204,2026-08-01T20:04:20Z,en,"['NECK', 'DONK', 'ADHD', 'Zoomer', 'British', 'SpanishAswell', 'English']",2026-08-02,06-09-50,Sunday
317353370338,426336938,sesuko,515025,Overwatch,2165,2026-08-01T16:00:13Z,es,"['Español', 'DropsActivados']",2026-08-02,06-09-50,Sunday
319758612960,42351817,kenknobi,2009321156,Dark and Darker,2126,2026-08-01T12:59:01Z,en,"['English', 'DarkandDarker', 'DropsEnabled']",2026-08-02,06-09-50,Sunday
317356089058,144274705,pesh,509658,Just Chatting,2125,2026-08-01T20:58:39Z,it,"['Italiano', 'pelato']",2026-08-02,06-09-50,Sunday
315871356243,31220977,silithur,31339,Project Zomboid,2104,2026-08-01T18:05:23Z,es,"['Español', 'English']",2026-08-02,06-09-50,Sunday
319761902304,25458544,sequisha,852009328,Mistfall Hunter,2067,2026-08-01T18:45:01Z,en,"['English', 'Solo', 'comedy', 'DropsEnabled']",2026-08-02,06-09-50,Sunday
319702668252,104410477,humzh,21779,League of Legends,2065,2026-08-01T18:56:10Z,en,['English'],2026-08-02,06-09-50,Sunday
315826618577,96555828,narek_cr,29595,Dota 2,2056,2026-08-01T16:44:02Z,ru,['Русский'],2026-08-02,06-09-50,Sunday
320694522202,24538518,sneakylol,21779,League of Legends,2020,2026-08-01T20:01:47Z,en,"['English', 'DropsEnabled']",2026-08-02,06-09-50,Sunday
316617861972,582435847,shawdfxc,509658,Just Chatting,2014,2026-08-01T21:42:20Z,ru,['Русский'],2026-08-02,06-09-50,Sunday
319638043870,937051434,benjychavez_,509672,IRL,2010,2026-08-01T22:48:04Z,en,"['English', 'benjychavez']",2026-08-02,06-09-50,Sunday
318692159959,544213766,valorant_la,516575,VALORANT,2008,2026-08-01T20:30:46Z,es,"['Español', 'valorant', 'Esports', 'shooters', 'Valo', 'valorant', 'live', '5v5']",2026-08-02,06-09-50,Sunday
316312460659,150989534,guanweiboy,516575,VALORANT,1997,2026-08-01T10:30:03Z,zh,['中文'],2026-08-02,06-09-50,Sunday
320803048283,138447079,captainlance9,29307,Path of Exile,1996,2026-08-01T16:04:44Z,en,['English'],2026-08-02,06-09-50,Sunday
315991761643,165501463,yznsa,1264310518,Marvel Rivals,1982,2026-08-01T14:57:27Z,ar,"['Arabic', 'KSA', 'English', 'العربية', 'marvelrivals', 'تم・تمكين・Drops']",2026-08-02,06-09-50,Sunday
319632531166,10027602,vgbootcamp2,16282,Super Smash Bros. Melee,1980,2026-08-01T14:45:41Z,en,"['Esport', 'smashbros', 'SuperSmashBros', 'Esports', 'English', 'ssbm', 'Melee', 'LGBTQ']",2026-08-02,06-09-50,Sunday
316544051541,54742538,karmikkoala,18122,World of Warcraft,1977,2026-08-01T15:06:02Z,ru,['Русский'],2026-08-02,06-09-50,Sunday
316546872789,408301033,at0m,509672,IRL,1967,2026-08-01T21:28:38Z,ru,['Русский'],2026-08-02,06-09-50,Sunday
317783763800,47972131,choice,386821,Black Desert,1964,2026-08-01T17:40:22Z,en,"['English', 'Choice', 'BlackDesert', 'DropsEnabled']",2026-08-02,06-09-50,Sunday
317784774360,522970165,sakurashymko,1916111055,Streamer Games,1958,2026-08-01T20:10:01Z,en,['English'],2026-08-02,06-09-50,Sunday
318689881047,173397905,hivise,1916111055,Streamer Games,1951,2026-08-01T16:21:22Z,en,['English'],2026-08-02,06-09-50,Sunday
317133173111,996756981,aquwa,509658,Just Chatting,1949,2026-08-01T18:14:00Z,en,"['Vtuber', 'English', 'Seiso', 'cringe', 'LOUD', 'BALLS']",2026-08-02,06-09-50,Sunday
316615975508,101204178,jamside,2132205352,Deadlock,1941,2026-08-01T17:31:42Z,ru,"['Русский', 'English', 'MONKEY', 'ape', 'Gorilla']",2026-08-02,06-09-50,Sunday
318101117925,803142740,alibumayetv,509658,Just Chatting,1928,2026-08-01T17:26:32Z,de,['Deutsch'],2026-08-02,06-09-50,Sunday
318690180055,1263412413,christinaandamber,509658,Just Chatting,1913,2026-08-01T17:03:03Z,en,"['girls', 'English', 'christinaandamber', 'IRL', 'irlstream', 'IRLStreaming', 'LGBTQ', 'girlstreamer', 'Austrailan', 'America']",2026-08-02,06-09-50,Sunday
317380199268,210485458,agentemaxo,31339,Project Zomboid,1910,2026-08-01T19:50:58Z,es,['Español'],2026-08-02,06-09-50,Sunday
318693285719,11001241,kyr_sp33dy,27471,Minecraft,1901,2026-08-01T22:20:18Z,en,['English'],2026-08-02,06-09-50,Sunday
319700837980,81628627,gladd,1036710512,Palworld,1885,2026-08-01T16:27:33Z,en,"['English', 'Relatable', 'Chill', 'ChallengeRun', 'Unfiltered']",2026-08-02,06-09-50,Sunday
317134208759,705793897,kelo,1916111055,Streamer Games,1879,2026-08-01T20:56:30Z,en,['English'],2026-08-02,06-09-50,Sunday
317355193442,101572475,mckytv,21779,League of Legends,1873,2026-08-01T19:24:58Z,de,['Deutsch'],2026-08-02,06-09-50,Sunday
318680494295,125953517,y4mi,2009321156,Dark and Darker,1862,2026-07-31T21:54:25Z,en,"['English', 'twinkmaxxing', 'notafemboy', 'DropsEnabled']",2026-08-02,06-09-50,Sunday
318104383845,144516280,itsspoit,460630,Rainbow Six Siege,1849,2026-08-01T22:07:42Z,en,['English'],2026-08-02,06-09-50,Sunday
316576707670,57292293,ratirl,21779,League of Legends,1848,2026-08-01T22:09:39Z,en,['English'],2026-08-02,06-09-50,Sunday
319703966556,30672329,felps,1916111055,Streamer Games,1779,2026-08-01T20:31:58Z,pt,"['Felps', 'Variedade', 'Português', 'FelpsFelps', 'FelpsFelpsFelps', 'FelpsFelpsFelpsFelps', 'FelpsFelpsFelpsFelpsFelps']",2026-08-02,06-09-50,Sunday
317379688164,169558955,mehdoche,32982,Grand Theft Auto V,1753,2026-08-01T19:00:59Z,fr,['Français'],2026-08-02,06-09-50,Sunday
319703607772,605677008,wasianiverson,513143,Teamfight Tactics,1751,2026-08-01T20:05:08Z,en,['English'],2026-08-02,06-09-50,Sunday
320639167193,52813540,arielle,509658,Just Chatting,1749,2026-08-01T21:27:42Z,en,"['English', 'Vtuber', 'Chaotic', 'comfy', 'crashout']",2026-08-02,06-09-50,Sunday
316032904173,837896385,rayan_psnn,512710,Call of Duty: Warzone,1744,2026-08-01T18:04:30Z,fr,"['Français', 'Rediffusion']",2026-08-02,06-09-50,Sunday
315926323818,1348099501,hitomi_teraz,516575,VALORANT,1744,2026-08-01T10:17:26Z,zh,"['Vtuber', '中文', '子午計畫']",2026-08-02,06-09-50,Sunday
320802925659,104137861,lyric,464339927,ARC Raiders,1735,2026-08-01T15:55:06Z,en,"['English', 'Anime', 'ADHD', 'Vtuber', 'movement', 'Asian', 'fps', 'catgirl', 'PvP']",2026-08-02,06-09-50,Sunday
316609556436,598365549,xah0b,27471,Minecraft,1729,2026-07-31T19:00:52Z,ru,"['Русский', 'СиськиТут', 'Ханов', 'Hanov', 'СиндромДауна', 'СосуСтинтику', 'НародныйСтример', 'ДелаетРазницу', 'Пахан', 'КиркЖив67']",2026-08-02,06-09-50,Sunday
315844094290,10386664,limmy,399457773,Bills Must Be Paid,1710,2026-08-01T19:45:02Z,en,"['English', 'Scottish', 'Over50sGamer', '2K']",2026-08-02,06-09-50,Sunday
318166128870,27639667,laranity,19357,Guild Wars 2,1702,2026-08-01T16:28:07Z,en,"['English', 'DropsEnabled']",2026-08-02,06-09-50,Sunday
318599414773,52120912,vascurado,33214,Fortnite,1700,2026-08-01T20:47:40Z,pt,"['Português', 'DropsAtivados']",2026-08-02,06-09-50,Sunday
316572078294,130313947,dmitry_bale,852009328,Mistfall Hunter,1684,2026-08-01T11:19:06Z,ru,"['Vtuber', 'Русский', 'Новинки', 'Игры', 'Общение', 'DropsВключены']",2026-08-02,06-09-50,Sunday
316258764914,896388738,henyathegenius,509658,Just Chatting,1672,2026-08-01T22:49:06Z,en,"['English', 'Vtuber', '日本語', 'Bilingual', 'Henya', 'HenyaTheGenius', 'へにゃ', 'Anime', 'Japanese']",2026-08-02,06-09-50,Sunday
317785012440,582765062,peter,1916111055,Streamer Games,1671,2026-08-01T20:44:36Z,en,"['Forehead', 'AMA', 'VoiceActing', 'Japan', 'English', 'NoSpoilers', 'Nerdity', 'IRL', 'fortyplusgamers']",2026-08-02,06-09-50,Sunday
318664957428,63602976,skipnho,509658,Just Chatting,1667,2026-08-01T22:20:40Z,pt,['Português'],2026-08-02,06-09-50,Sunday
317393465315,452454652,nikos,32982,Grand Theft Auto V,1653,2026-08-01T15:29:20Z,fr,['Français'],2026-08-02,06-09-50,Sunday
316616928980,221635609,vodudov,27471,Minecraft,1643,2026-08-01T19:26:45Z,ru,['Русский'],2026-08-02,06-09-50,Sunday
320804887515,139745227,luality,31339,Project Zomboid,1622,2026-08-01T18:19:38Z,en,"['English', 'RPG', 'drops', 'ChallengeRun', 'girl', 'bnuy']",2026-08-02,06-09-50,Sunday
317785410264,656252271,cocottee_,1916111055,Streamer Games,1622,2026-08-01T21:44:40Z,fr,['Français'],2026-08-02,06-09-50,Sunday
320637781977,120679071,buckefps,33214,Fortnite,1613,2026-08-01T20:01:43Z,en,"['English', 'DropsEnabled']",2026-08-02,06-09-50,Sunday
318167129958,109667434,ulinator71,71375,Star Citizen,1610,2026-08-01T18:00:00Z,de,"['spacesim', 'space', 'adventure', 'starcitizen', 'Deutsch', 'coopmultiplayer', 'Multiplayer', 'GermanStreamer', 'Weltraum', 'arcraiders']",2026-08-02,06-09-50,Sunday
318691896279,514775924,arrowcs,32399,Counter-Strike,1603,2026-08-01T20:06:25Z,en,['English'],2026-08-02,06-09-50,Sunday
316576431958,1494360677,caedrel247,499973,Always On,1589,2026-08-01T21:12:41Z,en,"['247', 'LCK', 'LPL', 'LEC', 'LOLESPORTS', 'CAEDREL', 'LEAGUEOFLEGENDS', 'English', 'Variety']",2026-08-02,06-09-50,Sunday
317785629272,80585512,yusuf7n,509658,Just Chatting,1586,2026-08-01T22:16:14Z,en,"['English', 'KODE', 'STICKTOTHEKODE']",2026-08-02,06-09-50,Sunday
318098018021,179144678,nezak_,33214,Fortnite,1572,2026-08-01T11:52:17Z,it,"['Italiano', 'DropAbilitati']",2026-08-02,06-09-50,Sunday
315827130065,52615982,pieface23,624536948,EA Sports FC 26,1560,2026-08-01T18:59:11Z,en,"['English', 'eafc', 'fc26', 'footballmanager', 'Simulator', 'British', 'supermarketsimulator', 'darts', 'IRL', 'ırl']",2026-08-02,06-09-50,Sunday
316542721749,186818440,delaney,500188,Hunt: Showdown 1896,1535,2026-08-01T11:42:53Z,en,"['English', 'Crytek', 'gamedev', 'DropsEnabled']",2026-08-02,06-09-50,Sunday
316573630422,110812074,relaxcis,516575,VALORANT,1530,2026-08-01T15:02:11Z,ru,"['Русский', 'valorant', 'deadinside', '89squad', 'Freak', 'masterscostream']",2026-08-02,06-09-50,Sunday
318663553908,648713158,locking,509658,Just Chatting,1530,2026-08-01T19:20:40Z,pt,"['fps', 'locking', 'Português', 'gta', 'cpx', 'metropole', 'fivem']",2026-08-02,06-09-50,Sunday
318664890356,194749904,yayahuz,509658,Just Chatting,1506,2026-08-01T22:12:33Z,pt,"['LOUD', 'Português']",2026-08-02,06-09-50,Sunday
318691209047,180671441,akanemsko,509672,IRL,1502,2026-08-01T18:58:32Z,en,"['English', 'IRL', 'finnish', 'justchatting', '中文']",2026-08-02,06-09-50,Sunday
319703889372,664889489,shahinouest,509672,IRL,1495,2026-08-01T20:26:57Z,fr,"['English', 'fr', 'qc', 'montreal', 'quebec', 'france', 'irl', 'Français']",2026-08-02,06-09-50,Sunday
318527203702,502014446,valorant_br,516575,VALORANT,1494,2026-08-01T20:08:10Z,pt,['Português'],2026-08-02,06-09-50,Sunday
320808789979,2982838,surefour,2132205352,Deadlock,1480,2026-08-01T22:16:54Z,en,['English'],2026-08-02,06-09-50,Sunday
320807314779,169130874,risshella,515053710,Moonlight Peaks,1469,2026-08-01T20:53:28Z,en,"['Bisexual', 'Neurodivergent', 'GoblinQueen', 'LGBTQIAPlus', 'English', 'AuDHD', 'simulationgames', 'ClosedCaptions', 'shellcollector', 'DropsEnabled']",2026-08-02,06-09-50,Sunday
318169394662,53065331,dariomocciatwitch,181292138,Splatoon RAIDERS,1463,2026-08-01T21:00:47Z,it,['Italiano'],2026-08-02,06-09-50,Sunday
320689160026,53648099,warn,515025,Overwatch,1460,2026-08-01T12:07:10Z,en,"['overwatch', 'Ranked', 'Competitive', 'ADHD', 'Ashe', 'drops', 'English', 'overwatch2', 'DropsEnabled']",2026-08-02,06-09-50,Sunday
319760628960,69012069,m0xyy,1264310518,Marvel Rivals,1446,2026-08-01T16:54:45Z,en,"['English', 'Hawkeye', 'old', 'Chud', 'DropsEnabled']",2026-08-02,06-09-50,Sunday
317959251815,35933008,moondye7,491931,Escape from Tarkov,1445,2026-08-01T18:11:33Z,de,"['german', 'deutsch', 'dj', 'react', 'pvp', 'multiplayer', 'survival', 'GIgaChad', 'Deutsch']",2026-08-02,06-09-50,Sunday
317134853879,31062476,fobm4ster,209738946,Wuthering Waves,1428,2026-08-01T22:38:00Z,en,"['English', 'DropsEnabled']",2026-08-02,06-09-50,Sunday
316546163157,174141858,elina,18707,Grand Theft Auto IV,1426,2026-08-01T19:38:33Z,en,"['English', 'swedish', 'woman', 'stinky', 'ADHD', 'female', 'Interactive', 'Chatty']",2026-08-02,06-09-50,Sunday
317396054115,112523183,mahdiba,509658,Just Chatting,1413,2026-08-01T20:19:32Z,fr,['Français'],2026-08-02,06-09-50,Sunday
316574366294,25604128,guit88man,1569517757,REPLACED,1408,2026-08-01T16:45:37Z,ru,['Русский'],2026-08-02,06-09-50,Sunday
318167259878,835322699,lizok_ssk,29595,Dota 2,1407,2026-08-01T18:08:28Z,ru,"['бассейн', 'Женщина', 'дота2', '5кммр', 'микроволновка', 'Украина', 'Русский', 'Українська']",2026-08-02,06-09-50,Sunday
316545247445,1165384573,99bigboy99,509672,IRL,1390,2026-08-01T17:48:08Z,ru,"['Русский', 'ирл', 'клубы', 'туса']",2026-08-02,06-09-50,Sunday
318664999924,142321038,xandfps,29452,Virtual Casino,1386,2026-08-01T22:25:27Z,pt,['Português'],2026-08-02,06-09-50,Sunday
320639697625,230583557,itskxtlyn,499003,VRChat,1381,2026-08-01T21:58:57Z,en,"['English', 'ASMR', 'Vtuber', 'brat', 'meowmeowmeowmeow', 'ENVtuber']",2026-08-02,06-09-50,Sunday
317376918756,36318615,theguill84,509663,Special Events,1374,2026-08-01T13:33:21Z,fr,"['Français', 'aigri', 'minecraft', 'Guill', 'TheGuill84']",2026-08-02,06-09-50,Sunday
317133869559,242993644,loru77,509658,Just Chatting,1365,2026-08-01T20:06:06Z,ru,"['Русский', 'Английский', 'Спорт']",2026-08-02,06-09-50,Sunday
317956834151,165083383,lostkittn,509672,IRL,1356,2026-08-01T14:19:43Z,de,"['Deutsch', 'women', 'ADHD', 'gaming', 'IRL', 'Chatting', 'justchatting', 'german', 'ADHS']",2026-08-02,06-09-50,Sunday
316615736404,157644799,bandospapa,509658,Just Chatting,1355,2026-08-01T17:02:01Z,ru,"['вышиваниекрестиком', 'клуб', 'Москва', 'Саморазвитие', 'Духовноесовершенствование', 'просвещение', 'спорт', 'ЖиваяМузыка', 'Русский', 'бои']",2026-08-02,06-09-50,Sunday
316574972118,456608875,irbitka,32399,Counter-Strike,1349,2026-08-01T18:00:50Z,ru,"['Русский', 'English', 'CS2']",2026-08-02,06-09-50,Sunday
317376393444,153176290,saiiren,509658,Just Chatting,1345,2026-08-01T12:21:24Z,en,"['Vtuber', 'Chatty', 'Anime', 'English', 'ENVtuber', 'DropsEnabled']",2026-08-02,06-09-50,Sunday
320635067225,144555242,sheriffeli,31339,Project Zomboid,1342,2026-08-01T17:02:45Z,en,"['English', 'Roleplay', 'Comedy', 'VarietyStreamer', 'Funny', 'sheriffeli', 'zombies', 'zomboid']",2026-08-02,06-09-50,Sunday
317380137956,131917576,vivalafazza,21779,League of Legends,1331,2026-08-01T19:44:37Z,it,['Italiano'],2026-08-02,06-09-50,Sunday
317356523234,97344093,sturry316,509658,Just Chatting,1331,2026-08-01T21:52:47Z,fr,"['Catch', 'WWE', 'aew', 'njpw', 'Wrestling', 'sturry', 'Français']",2026-08-02,06-09-50,Sunday
318168388454,168492696,phantasm__,21779,League of Legends,1329,2026-08-01T19:34:54Z,en,"['English', 'DropsEnabled']",2026-08-02,06-09-50,Sunday
318101350245,182899347,smurf_tv,21779,League of Legends,1314,2026-08-01T17:47:47Z,ru,"['KOREAN', 'RANK1', 'EVERYROLE', 'GIGACHAD', 'CHALLENGER', 'Русский', 'турнир', 'DropsВключены']",2026-08-02,06-09-50,Sunday
319705844188,1435422886,chopxmeyah,509658,Just Chatting,1310,2026-08-01T22:47:27Z,en,"['English', 'chopxmeyah', 'meyahtv', 'badkidameyah']",2026-08-02,06-09-50,Sunday
319635208414,504092968,djmissshelton,1669431183,DJs,1308,2026-08-01T18:58:49Z,en,"['English', 'Music', 'DJ', 'Party', 'Deutschlernen']",2026-08-02,06-09-50,Sunday
318691679319,95304188,zoil,1916111055,Streamer Games,1296,2026-08-01T19:47:00Z,en,['English'],2026-08-02,06-09-50,Sunday
317355824610,622498423,otplol_,21779,League of Legends,1294,2026-08-01T20:29:15Z,fr,"['Français', 'DropsActivés']",2026-08-02,06-09-50,Sunday
320693467354,57191679,aramori,1264310518,Marvel Rivals,1290,2026-08-01T18:53:59Z,en,"['Competitive', 'ProfessionalPlayers', 'girlgamer', 'catlover', 'WomanEnjoyer', 'HappyJoyousWhimsical', 'Sentinels', 'English', 'DropsEnabled']",2026-08-02,06-09-50,Sunday
320803000283,14410317,ezekiel_iii,617187550,Bonehold,1275,2026-08-01T16:00:43Z,en,"['English', 'ADHD', 'humor', 'ClosedCaptions']",2026-08-02,06-09-50,Sunday
316250001393,41670870,mrtiboute,1084100809,Vellar,1272,2026-08-01T20:53:49Z,fr,"['Français', 'Phasmophobia', 'horrrorgames', 'horreur']",2026-08-02,06-09-50,Sunday
317122197111,1305342529,theburntpeanut_247,499973,Always On,1272,2026-07-31T03:51:36Z,en,"['English', 'VOD', 'Rerun', 'arcraiders', 'tobacco']",2026-08-02,06-09-50,Sunday
316574365014,90650582,bezp,1264310518,Marvel Rivals,1267,2026-08-01T16:45:27Z,ru,"['Проклятый', 'Русский', 'Стоицизм', 'Доблесть', 'Честь', 'Оплот', 'Косплей', 'Русский', 'DropsВключены']",2026-08-02,06-09-50,Sunday
317960306663,75950098,clatv,32399,Counter-Strike,1262,2026-08-01T19:29:12Z,it,['Italiano'],2026-08-02,06-09-50,Sunday
316257665010,226535110,ukyochi_jp,263490,Rust,1256,2026-08-01T15:05:16Z,ja,"['日本語', 'Vtuber', 'Drops有効']",2026-08-02,06-09-50,Sunday
319637240030,279419549,agendafreetv,509658,Just Chatting,1254,2026-08-01T21:46:21Z,en,['English'],2026-08-02,06-09-50,Sunday
317958484711,144798294,bigspincr,491168,Clash Royale,1250,2026-08-01T17:08:31Z,de,['Deutsch'],2026-08-02,06-09-50,Sunday
316615346004,84413008,cinkrofwest,32399,Counter-Strike,1250,2026-08-01T16:09:34Z,pl,"['Polski', 'HighEloGameplay', 'HigheloJungler', 'D1']",2026-08-02,06-09-50,Sunday
318164894438,450941057,kadditv,509672,IRL,1229,2026-08-01T14:19:43Z,de,['Deutsch'],2026-08-02,06-09-50,Sunday
317374710500,1500018585,noway24u,21779,League of Legends,1228,2026-08-01T06:00:53Z,de,['Deutsch'],2026-08-02,06-09-50,Sunday
319762112608,40797938,kirsche,509658,Just Chatting,1228,2026-08-01T19:02:28Z,en,"['vtuber', 'CripplingAutismGang', 'TriggerWarning', 'MentallyDisabled', 'finsub', 'Educational', 'EthicalJournalism', 'WhiteDemon', 'ForeskinDenial', 'DryBeating']",2026-08-02,06-09-50,Sunday
317959039207,135558945,mortenroyale,491168,Clash Royale,1227,2026-08-01T17:57:47Z,de,['Deutsch'],2026-08-02,06-09-50,Sunday
318099042533,269636706,gripey,33214,Fortnite,1227,2026-08-01T13:47:06Z,de,"['Deutsch', 'Fortnite', 'WAVEBOYS', 'Wave', 'drops', 'DropsAktiviert']",2026-08-02,06-09-50,Sunday
319702726492,1200831758,caseoh247,509658,Just Chatting,1227,2026-08-01T19:00:05Z,en,"['caseoh', 'Caseohgames', 'VOD', 'reruns', 'Rerun', 'English']",2026-08-02,06-09-50,Sunday
319637487838,79698024,jabroni_mike,509663,Special Events,1220,2026-08-01T22:04:45Z,en,['English'],2026-08-02,06-09-50,Sunday
317134038263,54096770,bucklington,31339,Project Zomboid,1213,2026-08-01T20:30:16Z,en,['English'],2026-08-02,06-09-50,Sunday
320634708441,81463115,kotton,1040954673,Cheap Car Repair,1212,2026-08-01T16:35:54Z,en,"['English', 'fps', 'survival', 'Strategy', '1440p', '2k']",2026-08-02,06-09-50,Sunday
319701101148,22510310,gamesdonequick,6518180,UNSIGHTED,1212,2026-08-01T16:50:18Z,en,"['English', 'Speedrun']",2026-08-02,06-09-50,Sunday
320691859930,477625758,buffbarbarianbabe,1820839024,MECCHA CHAMELEON,1205,2026-08-01T17:02:27Z,en,"['MuscleMommy', 'Latina', 'NoBackseating', 'THICKTHIGHS', 'thighday', 'English', 'DropsEnabled']",2026-08-02,06-09-50,Sunday
317944841447,636587384,alveussanctuary,272263131,"Animals, Aquariums, and Zoos",1205,2026-07-31T13:02:04Z,en,"['English', 'TogetherForGood', 'purplemartins', 'Charity']",2026-08-02,06-09-50,Sunday
315844478162,760762515,playermakertv,498566,Slots,1203,2026-08-01T21:30:23Z,es,"['Español', 'casino', 'dinero', 'regalo', 'España', 'Argentina', 'ruleta', 'LiveCasino', 'timba', 'megafireblaze']",2026-08-02,06-09-50,Sunday
317351643490,804923620,leothecrack,33214,Fortnite,1202,2026-08-01T12:29:35Z,fr,"['fortnite', 'cup', 'finale', 'chill', 'token', 'Scrims', 'FNCS', 'Tournament', 'Français', 'English']",2026-08-02,06-09-50,Sunday
317956666215,99351845,jennyan,32982,Grand Theft Auto V,1199,2026-08-01T14:00:43Z,de,"['Travel', 'Japan', 'Tokyo', 'IRL', 'Cozy', 'GTARP', 'RP', 'german', 'Deutsch']",2026-08-02,06-09-50,Sunday
317133471479,125554052,greek,511224,Apex Legends,1194,2026-08-01T19:03:25Z,en,"['English', 'Greek', 'HIMOTHY', 'Athletic', 'Gaslighting', 'DropsEnabled']",2026-08-02,06-09-50,Sunday
317133800695,110066407,hanner,369252,The Sims 4,1189,2026-08-01T19:56:35Z,en,"['English', 'furry', 'LGBTQIAPlus', 'FormerTraderJoesEmployee', 'poopcore', 'goonette', 'leaking', 'evil', 'KristenStewartPlugHole']",2026-08-02,06-09-50,Sunday
317395259747,212167812,giankoextreme,626298054,Machine Party,1177,2026-08-01T19:01:19Z,it,"['Italiano', 'paleolitico', 'educativo', 'minecraft', 'SaluteMentale', 'bimboago', 'animali', 'Mhanz', 'marvelsnap', 'zugu']",2026-08-02,06-09-50,Sunday
320807649243,40754777,masondota2,29595,Dota 2,1176,2026-08-01T21:13:23Z,en,"['English', 'clown', 'horni']",2026-08-02,06-09-50,Sunday
316313530995,207356702,kannachan524,516575,VALORANT,1166,2026-08-01T13:54:42Z,zh,['中文'],2026-08-02,06-09-50,Sunday
317355850722,198363811,polispol1,2059463486,Waterpark Simulator,1164,2026-08-01T20:31:58Z,es,"['Español', 'Ambassadors', 'English', 'TwitchAmbassador']",2026-08-02,06-09-50,Sunday
320806882011,41939266,gosu,21779,League of Legends,1156,2026-08-01T20:25:38Z,en,['English'],2026-08-02,06-09-50,Sunday
320695516762,466244213,fefe,789588840,Funnel Runners,1156,2026-08-01T21:05:01Z,en,"['English', 'Vtuber', 'ENVtuber', 'girl', 'anime', 'gamer', 'Tomboy']",2026-08-02,06-09-50,Sunday
318169351526,825918871,slotshub_skillz,498566,Slots,1155,2026-08-01T20:56:42Z,el,['Ελληνικά'],2026-08-02,06-09-50,Sunday
320693071194,470975603,anabanana,461221,MARVEL Contest of Champions,1142,2026-08-01T18:26:44Z,es,"['Español', 'English', 'Woman', 'womangamer', 'ccp', 'drops', 'DropsActivados']",2026-08-02,06-09-50,Sunday
316314324979,133283966,tori_baado,263490,Rust,1141,2026-08-01T17:16:51Z,ja,"['日本語', 'とりバード', 'Drops有効']",2026-08-02,06-09-50,Sunday
320693651930,400999129,clout,23020,ROBLOX,1133,2026-08-01T19:05:49Z,en,"['English', 'DropsEnabled']",2026-08-02,06-09-50,Sunday
315928207594,617224090,zorgo_hs,138585,Hearthstone,1131,2026-08-01T21:15:09Z,en,"['Battlegrounds', 'Autobattler', 'English']",2026-08-02,06-09-50,Sunday
320692607962,10817445,itmejp,596701144,Corsair Cove,1128,2026-08-01T17:57:21Z,en,"['English', 'HearingImpaired', 'DLSS5OnJackBlack']",2026-08-02,06-09-50,Sunday
320805984731,188965645,nohandsgamer,138585,Hearthstone,1122,2026-08-01T19:29:49Z,en,"['English', 'Standard', 'hearthstone', 'OlderStreamer']",2026-08-02,06-09-50,Sunday
315926669674,598287720,zorthas,509658,Just Chatting,1098,2026-08-01T12:00:20Z,en,"['English', 'Australian', 'Tomato', 'Shaman']",2026-08-02,06-09-50,Sunday
320696204890,1524933193,okdouble00,498566,Slots,1098,2026-08-01T21:46:17Z,en,['English'],2026-08-02,06-09-50,Sunday
318102527077,49711509,jani,1669431183,DJs,1095,2026-08-01T19:19:09Z,de,"['DJ', 'English', 'ohyeah', 'Deutsch', 'WorldMusic', 'Festival', 'Techno', 'Mainstage', 'mixedstyles', 'EDM']",2026-08-02,06-09-50,Sunday
319763762784,24124090,datmodz,29307,Path of Exile,1085,2026-08-01T21:16:23Z,en,"['AMA', 'English']",2026-08-02,06-09-50,Sunday
316248967153,16677765,qttsix,324632683,hololive Dreams,1085,2026-08-01T14:24:03Z,zh,['中文'],2026-08-02,06-09-50,Sunday
315403797104,26513896,imls,21779,League of Legends,1082,2026-08-01T19:52:14Z,en,"['English', 'DropsEnabled']",2026-08-02,06-09-50,Sunday
318693327319,1345839279,bonzealive,33214,Fortnite,1081,2026-08-01T22:23:48Z,en,"['English', 'DropsEnabled']",2026-08-02,06-09-50,Sunday
320695474394,42075443,olui,33214,Fortnite,1080,2026-08-01T21:02:26Z,pt,"['Brazil', 'PC', 'Português', 'DropsAtivados']",2026-08-02,06-09-50,Sunday
320640769497,194430943,itsbenandkaren,743,Chess,1078,2026-08-01T22:57:45Z,en,"['English', 'chess']",2026-08-02,06-09-50,Sunday
318168976998,123922797,cristinini,556907291,Cities: Skylines II,1073,2026-08-01T20:24:09Z,es,['Español'],2026-08-02,06-09-50,Sunday
318166461670,255201817,rodrigorapport,509658,Just Chatting,1072,2026-08-01T17:00:02Z,hu,"['Magyar', 'DropokEngedélyezve']",2026-08-02,06-09-50,Sunday
315842493010,59685493,cohh,499973,Always On,1066,2026-08-01T12:00:05Z,en,"['ReRun', 'Cozy', 'GoodVibes', 'SFW', 'Parent', 'Chill', 'English']",2026-08-02,06-09-50,Sunday
318661746932,128775333,coreano,516575,VALORANT,1064,2026-08-01T14:07:28Z,pt,['Português'],2026-08-02,06-09-50,Sunday
320694489690,697715152,ewc_qiddiyagrid_en,512710,Call of Duty: Warzone,1062,2026-08-01T20:00:10Z,en,"['English', 'DropsEnabled']",2026-08-02,06-09-50,Sunday
317352856802,883885610,lolcharolon,21779,League of Legends,1061,2026-08-01T14:59:59Z,es,['Español'],2026-08-02,06-09-50,Sunday
316617791316,583602418,off_kuka358,1131336879,Black Russia,1061,2026-08-01T21:28:57Z,ru,"['kuka358', 'kuka', 'кука358', 'кука', 'Русский', 'drops']",2026-08-02,06-09-50,Sunday
316571896022,80188115,liz0n,509658,Just Chatting,1060,2026-08-01T10:52:48Z,ru,"['Уют', 'Образование', 'Женщина', 'РазработкаИгр', 'Русский', 'IRL', 'Стратегии']",2026-08-02,06-09-50,Sunday
318598704501,41783889,axtlol,852009328,Mistfall Hunter,1060,2026-08-01T19:12:02Z,pt,"['Português', 'CBLOL', 'lol', 'leagueoflegeneds', 'LTA']",2026-08-02,06-09-50,Sunday
317961717095,625831970,basssultanhengzt45,498566,Slots,1058,2026-08-01T21:28:02Z,de,"['Deutsch', 'IRL', 'BassSultanHengzt45', 'reneredo']",2026-08-02,06-09-50,Sunday
318162662886,1400213548,wb3nji,32982,Grand Theft Auto V,1057,2026-08-01T10:00:59Z,pt,"['portugal', 'rocketleague', 'gtav', 'Português', 'DropsAtivados']",2026-08-02,06-09-50,Sunday
316610414676,57116735,mistercop,29307,Path of Exile,1052,2026-07-31T21:05:19Z,ru,"['Русский', 'Шизофрения', 'Социопатия', 'фокусы']",2026-08-02,06-09-50,Sunday
318599820789,140823531,choke7,509658,Just Chatting,1052,2026-08-01T21:40:51Z,pt,['Português'],2026-08-02,06-09-50,Sunday
316252923506,25202416,shuteye_orange,509658,Just Chatting,1050,2026-07-31T14:34:34Z,zh,"['中文', '恐怖遊戲', 'Horror', 'horrorgames', '恐怖', '燕雲十六聲', 'wherewindsmeet']",2026-08-02,06-09-50,Sunday
318164778726,66094104,coachboop,33214,Fortnite,1050,2026-08-01T14:06:22Z,en,"['Analyst', 'Broadcast', 'ViewingParty', 'CoachBoop', 'Boop', 'FNCS', 'Scrims', 'English', 'DropsEnabled']",2026-08-02,06-09-50,Sunday
316572271574,54739364,esamarathon,197489698,DIGIMON STORY: TIME STRANGER,1049,2026-08-01T11:47:34Z,en,['English'],2026-08-02,06-09-50,Sunday
317395263075,43043577,heyar,31339,Project Zomboid,1046,2026-08-01T19:01:46Z,fr,['Français'],2026-08-02,06-09-50,Sunday
319758344800,706956310,daniela_aoe,13389,Age of Empires II,1046,2026-08-01T12:07:29Z,en,"['AgeofEmpires', 'ranked', 'gaming', 'English', 'NoBackseating', 'aoe2DE']",2026-08-02,06-09-50,Sunday
317392506595,96564203,suja,33214,Fortnite,1045,2026-08-01T13:30:45Z,es,"['Español', 'drops', 'Fortnite', 'casteo', 'DropsActivados']",2026-08-02,06-09-50,Sunday
319636617950,870681445,braeden,509658,Just Chatting,1044,2026-08-01T20:54:51Z,en,['English'],2026-08-02,06-09-50,Sunday
318164369766,127361301,antilipsi,510218,Among Us,1038,2026-08-01T13:18:08Z,el,"['Ελληνικά', 'greek', 'English', 'Lissandra', 'Deutsch', 'Challenger', 'Tier3', 'Κύπρος', 'Cyprus', 'Greece']",2026-08-02,06-09-50,Sunday
317355292770,684204635,makazze,32399,Counter-Strike,1026,2026-08-01T19:35:20Z,en,"['csgo', 'faceit', '5000elo', '16yo', 'FPL', 'Prem', 'English']",2026-08-02,06-09-50,Sunday
318692130647,415954300,nicewigg,1916111055,Streamer Games,1020,2026-08-01T20:28:16Z,en,"['100T', 'English', 'fps', 'DropsEnabled']",2026-08-02,06-09-50,Sunday
318168784614,95830589,naitan,509658,Just Chatting,1019,2026-08-01T20:07:16Z,de,"['links', 'vegan', 'reaction', 'politik', 'debatte', 'antifa', 'Ally', 'justchatting', 'Deutsch', 'satire']",2026-08-02,06-09-50,Sunday
318691777623,435049951,thedandangler,509658,Just Chatting,1012,2026-08-01T19:56:08Z,en,"['420', 'funny', 'Female', 'pool', 'Dance', 'English']",2026-08-02,06-09-50,Sunday
317354011490,566450150,noto_off,32982,Grand Theft Auto V,1004,2026-08-01T17:16:04Z,fr,"['GTARP', 'noto', 'Français', 'fun', 'FlashbackWL']",2026-08-02,06-09-50,Sunday
317392653155,39115143,th3antonio,21779,League of Legends,1000,2026-08-01T13:49:18Z,es,"['peluquillas', 'Español', 'CHALLENGER', 'TH3LEC', 'th3antonio', 'poker', 'DropsActivados']",2026-08-02,06-09-50,Sunday
320638452057,453880006,eggsterr,516575,VALORANT,999,2026-08-01T20:43:45Z,en,['English'],2026-08-02,06-09-50,Sunday
319763617504,96161915,dooleynoted,27471,Minecraft,998,2026-08-01T21:04:27Z,en,"['English', 'Vtuber', 'gaming', 'Comedy', 'Spyro']",2026-08-02,06-09-50,Sunday
320805386843,45143025,poach,1282866981,Delta Force,994,2026-08-01T18:53:02Z,en,"['English', 'Competitive', 'Pro', 'Chill', 'FPS', 'drops', 'Educational', 'ExtractionShooter', 'DropsEnabled']",2026-08-02,06-09-50,Sunday
318692214743,1477464712,luhliv1,509672,IRL,985,2026-08-01T20:36:17Z,en,['English'],2026-08-02,06-09-50,Sunday
316614882772,85463072,randombrucetv,21779,League of Legends,984,2026-08-01T15:10:00Z,pl,"['Polski', 'lol', 'leagueoflegends']",2026-08-02,06-09-50,Sunday
320807459291,236171146,cented,499634,Crypto,983,2026-08-01T21:01:50Z,en,['English'],2026-08-02,06-09-50,Sunday
316545945301,442652832,sbolttt,32399,Counter-Strike,979,2026-08-01T19:09:45Z,ru,"['Русский', 'English']",2026-08-02,06-09-50,Sunday
318664690676,113206860,rubini,19619,Tibia,976,2026-08-01T21:48:57Z,pt,"['Português', 'Medivia', 'MMORPG', 'Tibia', 'Rubinot']",2026-08-02,06-09-50,Sunday
319701391580,1524916058,winnerhornet,29452,Virtual Casino,973,2026-08-01T17:14:48Z,en,['English'],2026-08-02,06-09-50,Sunday
317784691672,24716782,jessecox,24241,FINAL FANTASY XIV ONLINE,971,2026-08-01T19:59:37Z,en,"['English', 'StreamDaddy', 'funcle', 'BeExcellentToEachother', 'TooOldForTwitch', 'DropsEnabled']",2026-08-02,06-09-50,Sunday
317380774628,89204267,slipix,21779,League of Legends,968,2026-08-01T20:52:43Z,fr,"['Français', 'DropsActivés']",2026-08-02,06-09-50,Sunday
318104556261,886641797,grellsom,498566,Slots,966,2026-08-01T22:30:05Z,en,['English'],2026-08-02,06-09-50,Sunday
315906927721,412027243,granny,1264310518,Marvel Rivals,964,2026-08-01T21:09:08Z,en,"['denab', 'Old', 'iAppreciateit', 'English', 'DropsEnabled']",2026-08-02,06-09-50,Sunday
319699798236,456577681,xthefarmerx,29307,Path of Exile,961,2026-08-01T14:50:23Z,en,"['English', 'Bat', 'degeneracy', 'PoE']",2026-08-02,06-09-50,Sunday
319632252382,94553421,lorumerth,13263,EVE Online,959,2026-08-01T14:10:03Z,en,"['AuditoryASMR', 'Business', 'Permadeath', 'Christian', 'English']",2026-08-02,06-09-50,Sunday
320639097305,115659124,sanchovies,21779,League of Legends,957,2026-08-01T21:23:23Z,en,['English'],2026-08-02,06-09-50,Sunday
320806413147,510475666,devonjenelle,116747788,"Pools, Hot Tubs, and Beaches",955,2026-08-01T19:56:36Z,en,"['FINDOM', 'FINDOMME', 'GODDESS', 'PRINCESS', 'WOMAN', 'PAYPIG', 'BRAT', 'English']",2026-08-02,06-09-50,Sunday
317783314008,23735582,sacriel,31339,Project Zomboid,955,2026-08-01T16:10:03Z,en,"['English', 'Educational', 'British', 'Banter', 'Canadian', 'TwitchOG']",2026-08-02,06-09-50,Sunday
318104556133,886649287,gusinis01,498566,Slots,952,2026-08-01T22:30:04Z,en,['English'],2026-08-02,06-09-50,Sunday
316615576148,1333807261,ksufee,509658,Just Chatting,947,2026-08-01T16:41:39Z,ru,"['Русский', 'аниме', 'девушка', 'English', 'girl', 'стримерша', 'общение', 'Косплей', 'девушкастример', 'Anime']",2026-08-02,06-09-50,Sunday
319761610464,142050471,scope,34134,Call of Duty: Black Ops II,946,2026-08-01T18:21:32Z,en,['English'],2026-08-02,06-09-50,Sunday
317954597095,92655587,rescue,1820378900,Resident Evil 4,945,2026-08-01T10:14:44Z,en,"['English', 'Comfy']",2026-08-02,06-09-50,Sunday
317356713442,570020278,dralii,30921,Rocket League,940,2026-08-01T22:21:32Z,en,"['French', 'English', 'rocketleague']",2026-08-02,06-09-50,Sunday
317393696483,38211482,marinelord,813773698,ZeroSpace,935,2026-08-01T15:57:23Z,fr,"['Français', 'DropsActivés']",2026-08-02,06-09-50,Sunday
317393027299,245691655,soyyosulive,329951934,Pokémon Community Game,934,2026-08-01T14:35:17Z,es,['Español'],2026-08-02,06-09-50,Sunday
318527734646,834237081,facuuparejas,491487,Dead by Daylight,934,2026-08-01T21:15:26Z,es,"['Español', 'DropsActivados']",2026-08-02,06-09-50,Sunday
318102832357,50473266,sawardega,509658,Just Chatting,932,2026-08-01T19:42:47Z,pl,['Polski'],2026-08-02,06-09-50,Sunday
317376620772,91752888,lucasrojo,516575,VALORANT,931,2026-08-01T12:54:11Z,es,"['Español', 'valorant', 'DropsActivados']",2026-08-02,06-09-50,Sunday
315906892009,500116931,zherarrr,12839,Heroes of Might and Magic III: The Restoration of Erathia,927,2026-08-01T20:48:21Z,ru,"['Русский', 'HeroesofMightandMagicIII', 'Стратегии', 'общение', 'юмор', 'ролеваяигра', 'Киберспорт']",2026-08-02,06-09-50,Sunday
320689980506,27235948,adamvseverything,394568,RimWorld,923,2026-08-01T14:11:18Z,en,"['Chill', 'English', 'Challenge', 'Hardcore', 'GoodVibes', 'RimWorld', 'Satisfactory', 'NoBackseating', 'NoSpoilers', 'Guides']",2026-08-02,06-09-50,Sunday
320806910555,245226810,jelty,33214,Fortnite,921,2026-08-01T20:27:12Z,es,"['Español', 'DropsActivados']",2026-08-02,06-09-50,Sunday
320638712665,136434183,eeveelinh,509658,Just Chatting,915,2026-08-01T21:00:04Z,es,"['Español', 'Chinese', 'English', '廣東話', 'Cantonese', 'Cosplay', 'English', '中文', '粵語']",2026-08-02,06-09-50,Sunday
318104012389,25821344,shenpai,24241,FINAL FANTASY XIV ONLINE,913,2026-08-01T21:27:15Z,en,"['English', 'OhGodHelpMe', 'NoBackseating', 'Bisexual', 'WomenKisser', 'yaoiconnoisseur', 'ADHD', 'DropsEnabled']",2026-08-02,06-09-50,Sunday
318101870309,44034733,mightyteapot,19357,Guild Wars 2,911,2026-08-01T18:27:05Z,en,"['GuildWars2', 'MMO', 'English', 'MMORPG', 'DropsEnabled']",2026-08-02,06-09-50,Sunday
317373245284,1496763577,donatchotv,512710,Call of Duty: Warzone,903,2026-07-31T22:00:57Z,fr,"['warzone', 'Fortnite', 'Rediffusions', 'ChillVbes', 'CommunityGaming', 'dragonballz', 'arcraiders', 'Français', 'DropsActivés']",2026-08-02,06-09-50,Sunday
320638477785,27787567,iateyourpie,3872,Star Wars: Rogue Squadron II - Rogue Leader,903,2026-08-01T20:45:17Z,en,"['English', 'PieCommunity']",2026-08-02,06-09-50,Sunday
317784883672,167124768,t10nat,1916111055,Streamer Games,902,2026-08-01T20:25:43Z,en,"['Asian', 'Australia', 'asiangirl', 'Chatty', 'tism', 'ADHD', 'yapper', 'degen', 'VoiceActing', 'English']",2026-08-02,06-09-50,Sunday
320691998810,414910329,joov,30028,The Elder Scrolls V: Skyrim,900,2026-08-01T17:12:53Z,en,"['survíval', 'expert', 'horror', 'english', 'challenge', 'English', 'NoSpoilers']",2026-08-02,06-09-50,Sunday
318099174245,190132646,otakerdota,29595,Dota 2,897,2026-08-01T14:01:40Z,ru,"['Русский', 'English', 'Competitive', 'MOBA']",2026-08-02,06-09-50,Sunday
320692502362,28036688,trick2g,21779,League of Legends,897,2026-08-01T17:50:22Z,en,"['English', 'BALDINGLMAO', 'Dad', 'DadGamer', 'boomer', 'Balding', 'DropsEnabled']",2026-08-02,06-09-50,Sunday
317355672034,651300906,dvniel_play,32982,Grand Theft Auto V,897,2026-08-01T20:12:36Z,fr,['Français'],2026-08-02,06-09-50,Sunday
317134239223,1171752071,namo,509658,Just Chatting,895,2026-08-01T21:00:32Z,en,"['English', 'Vtuber', 'Comfy', 'PositiveVibes', 'Yuri', 'Hag', 'ChaoticCozy']",2026-08-02,06-09-50,Sunday
316617907796,532465261,manhotter,498566,Slots,884,2026-08-01T21:52:22Z,ru,['Русский'],2026-08-02,06-09-50,Sunday
316546407509,133208673,redpandash,401587136,Arena Breakout: Infinite,883,2026-08-01T20:13:54Z,ru,"['Русский', 'PvP', 'вайбик', 'разговор', 'DropsВключены']",2026-08-02,06-09-50,Sunday
316617067220,1317681943,miuchia,491487,Dead by Daylight,881,2026-08-01T19:43:44Z,ru,"['Русский', 'Vtuber', 'втубер', 'девушка', 'DropsВключены']",2026-08-02,06-09-50,Sunday
320637976409,128528694,narelio,386821,Black Desert,875,2026-08-01T20:13:24Z,en,['English'],2026-08-02,06-09-50,Sunday
319701488988,29156271,goratha,29307,Path of Exile,874,2026-08-01T17:23:17Z,en,"['English', 'CoffeeAddict', 'ARPG']",2026-08-02,06-09-50,Sunday
316542307541,1031049,aionjanis,386821,Black Desert,871,2026-08-01T10:26:38Z,en,"['BDOPartner', 'English', 'Feet', 'HOOF', 'Educational', 'Mature', 'DropsEnabled']",2026-08-02,06-09-50,Sunday
319699528540,216400079,oshakonig,33214,Fortnite,867,2026-08-01T14:21:30Z,en,"['MUSICARTIST', 'PartneredStreamer', 'FortniteGamplay', 'asianjeff', 'English', 'FORTNITEZEROBUIILDS', 'FNCS', 'peterbot', 'EpicCreator', 'clix']",2026-08-02,06-09-50,Sunday
316574746838,44057119,makatao,852009328,Mistfall Hunter,867,2026-08-01T17:34:15Z,ru,"['Русский', 'СпасибоЗаКачествоТвич', 'PvP', 'BattleRoyale', 'королевскаябитва', 'DropsВключены']",2026-08-02,06-09-50,Sunday
318170442982,727600408,costaadams,516575,VALORANT,863,2026-08-01T23:06:48Z,de,"['Deutsch', 'English', 'fun', 'LumiaStream', 'HorrorAndChill', 'horrorgame', 'valorant']",2026-08-02,06-09-50,Sunday
318099722469,71336,robbaz,31339,Project Zomboid,851,2026-08-01T15:03:19Z,en,['English'],2026-08-02,06-09-50,Sunday
317784971736,85434198,powaslap,13332,Pokémon FireRed/LeafGreen,851,2026-08-01T20:38:18Z,en,"['IronMON', 'KaizoIronMON', 'Pokemon', 'Kaizo', 'Nuzlocke', 'SuperKaizo', 'vtuber', 'SmallAnt', 'pointcrow', 'Ludwig']",2026-08-02,06-09-50,Sunday
320696247642,31549282,minion777,2059463486,Waterpark Simulator,851,2026-08-01T21:49:02Z,en,"['English', 'LurkFriendly']",2026-08-02,06-09-50,Sunday
320807769819,94875296,lululuvely,506458,Overcooked! 2,851,2026-08-01T21:20:46Z,en,"['English', 'chill', 'Competive']",2026-08-02,06-09-50,Sunday
320690820954,66656611,kerrty,500188,Hunt: Showdown 1896,846,2026-08-01T15:36:42Z,en,"['English', 'Chatty', 'Horror', 'DropsEnabled']",2026-08-02,06-09-50,Sunday
315870844243,52432582,mrgibbon,31339,Project Zomboid,846,2026-08-01T15:43:50Z,en,"['English', 'Irish']",2026-08-02,06-09-50,Sunday
317133968759,38553197,beaulo,460630,Rainbow Six Siege,839,2026-08-01T20:20:30Z,en,"['English', 'beaulo', 'pro', 'STATE', 'smallpp', 'hugenuts', 'DropsEnabled']",2026-08-02,06-09-50,Sunday
319703551324,672366427,beribug,18021,Insaniquarium! Deluxe,839,2026-08-01T20:00:55Z,en,"['English', 'Vtuber', 'mischievous', 'tummyachesurvivor', 'estrogen', 'bug', 'menhera', 'creepbyradiohead', 'cortisolspike', 'Blessingsofbugbeuponyou']",2026-08-02,06-09-50,Sunday
317134143607,59250665,brucegreene,509658,Just Chatting,834,2026-08-01T20:46:39Z,en,['English'],2026-08-02,06-09-50,Sunday
319761714528,78989410,zajef77,513181,Genshin Impact,833,2026-08-01T18:29:44Z,en,['English'],2026-08-02,06-09-50,Sunday
318664766196,44099416,rakin,2132205352,Deadlock,830,2026-08-01T21:57:51Z,pt,['Português'],2026-08-02,06-09-50,Sunday
317785136728,849505301,mightaswellbemac,512710,Call of Duty: Warzone,822,2026-08-01T21:02:24Z,en,"['warzone', 'callofduty', 'rankedplay', 'HighEnergy', 'highkills', 'highkillgameplay', 'rebirthisland', 'BO7', 'bestintheworld', 'TopRanked']",2026-08-02,06-09-50,Sunday
317957851751,810054395,maimaittv,509658,Just Chatting,822,2026-08-01T16:05:36Z,ja,"['日本語', '台灣', 'deadbydaylight', 'dbdcreator', '旅行', 'IRL', '雑談', '中文', 'English', 'Drops有効']",2026-08-02,06-09-50,Sunday
318598581493,45789520,clovernationok,491487,Dead by Daylight,822,2026-08-01T18:56:03Z,es,"['Español', 'deadbbydaylight', 'ＤBD', 'deadbydaylightsurvivour', 'DropsActivados']",2026-08-02,06-09-50,Sunday
317785534168,144290352,always_a_failure_,491487,Dead by Daylight,820,2026-08-01T22:02:31Z,en,"['Chill', 'dbd', 'deadbydaylight', 'English', 'DropsEnabled']",2026-08-02,06-09-50,Sunday
318662807540,124656692,seucreysonreborn,29595,Dota 2,817,2026-08-01T17:29:25Z,pt,"['Português', 'dota2', 'Coach', 'campeonato', 'campeão', 'CampeãoBrasileiro', 'MOBA']",2026-08-02,06-09-50,Sunday
318167721318,145498295,exsl95,509658,Just Chatting,816,2026-08-01T18:45:58Z,de,['Deutsch'],2026-08-02,06-09-50,Sunday
319762910816,634735100,nadia,512710,Call of Duty: Warzone,816,2026-08-01T20:07:33Z,en,['English'],2026-08-02,06-09-50,Sunday
317961253095,71324604,dkfogas1,493057,PUBG: BATTLEGROUNDS,814,2026-08-01T20:43:10Z,ru,['Русский'],2026-08-02,06-09-50,Sunday
320636504025,712806478,milagro_gramz,509658,Just Chatting,813,2026-08-01T18:42:22Z,en,"['Chill', 'SafeSpace', 'AMA', 'English', 'Music', 'EntertainmentNews', 'Trending']",2026-08-02,06-09-50,Sunday
318100043877,56907042,adamcrook,65632,DayZ,813,2026-08-01T15:38:52Z,en,"['English', 'DayZ', 'survival']",2026-08-02,06-09-50,Sunday
317381071972,529564947,ruyterpoubel,509658,Just Chatting,812,2026-08-01T21:28:09Z,pt,['Português'],2026-08-02,06-09-50,Sunday
320806796507,429907927,bushwacker,500188,Hunt: Showdown 1896,810,2026-08-01T20:20:12Z,en,"['English', 'Educational', 'feet', 'DropsEnabled']",2026-08-02,06-09-50,Sunday
320662694874,752959475,k1m6a,499634,Crypto,807,2026-07-31T00:06:09Z,en,"['English', 'bitcoin', 'crypto', 'trading', 'cryptocurrency', 'cryptotrading', 'marketanalysis', 'howtotrade', 'solana', 'ethereum']",2026-08-02,06-09-50,Sunday
320804404571,53831996,grandpoobear,511399,Super Mario Maker 2,805,2026-08-01T17:48:23Z,en,"['English', 'hotmen', '1', 'Crack', 'zaddy', 'zaddylicious', 'HelpCenter']",2026-08-02,06-09-50,Sunday
317133592695,38708489,meteos,21779,League of Legends,801,2026-08-01T19:22:59Z,en,"['English', 'DropsEnabled']",2026-08-02,06-09-50,Sunday
319704105308,28579743,dorki,18122,World of Warcraft,798,2026-08-01T20:42:42Z,en,['English'],2026-08-02,06-09-50,Sunday
319761832672,144926827,ds_lily,21779,League of Legends,798,2026-08-01T18:38:59Z,en,"['Beef', 'NoSleep', 'Blasting', 'Stalling', 'English', 'Hardcore', 'goth']",2026-08-02,06-09-50,Sunday
315871956563,246771012,d3ad_plays,491487,Dead by Daylight,797,2026-08-01T20:46:11Z,en,"['chill', 'English', 'Cozy', 'dbdcreator', 'DropsEnabled']",2026-08-02,06-09-50,Sunday
319636397022,151487295,lomein,2132205352,Deadlock,797,2026-08-01T20:35:32Z,en,"['English', 'deadlock']",2026-08-02,06-09-50,Sunday
319615829342,1425176207,juntaurgente,1398657661,Anime Squad,791,2026-07-31T05:07:26Z,es,"['Español', 'ANHQV', 'juancuesta', 'juntaurgentee', 'AlwaysOn', 'radiopatio']",2026-08-02,06-09-50,Sunday
317351822946,39692658,elojoninja,21779,League of Legends,790,2026-08-01T12:53:45Z,es,"['Español', 'LeagueofLegends', 'LoL', 'Didactico', 'MOBA', 'Ivern', 'LeeSin', 'Nidalee', 'Challenger', 'DropsActivados']",2026-08-02,06-09-50,Sunday
319634831966,212682921,bobbypoffgaming,512710,Call of Duty: Warzone,790,2026-08-01T18:25:28Z,en,"['ScarfSquad', '7tv', 'English']",2026-08-02,06-09-50,Sunday
320695512794,575239993,curve1x,33214,Fortnite,789,2026-08-01T21:04:44Z,en,"['English', 'clix', 'FNCSCHAMP', 'CashCupFortnite', 'fornitefun', 'fun', 'DropsEnabled']",2026-08-02,06-09-50,Sunday
319632484958,184147110,olesyaliberman,509658,Just Chatting,788,2026-08-01T14:39:59Z,en,['English'],2026-08-02,06-09-50,Sunday
320635704025,182867055,hollywoodbob,493057,PUBG: BATTLEGROUNDS,788,2026-08-01T17:49:24Z,en,"['English', 'UnPro', 'RockHard', 'FPS', 'BestStreamSniperAccuser', 'BotPounder', 'VoiceActing', 'Funny']",2026-08-02,06-09-50,Sunday
317134676471,450653133,nyybeats,1669431183,DJs,784,2026-08-01T22:09:22Z,en,"['DJ', 'House', 'Music', 'English', 'EDM', 'dance', 'Techno', 'pride', 'LGBTQIA']",2026-08-02,06-09-50,Sunday
318690675671,502969769,almost_poe,515025,Overwatch,778,2026-08-01T18:02:20Z,en,"['English', 'LGBTQ', 'Cozy', 'ChaosGremlin', 'feet', 'GoblnMilkers', 'Brigitte', 'DropsEnabled']",2026-08-02,06-09-50,Sunday
320693614682,475015198,jimcarona,509663,Special Events,775,2026-08-01T19:03:14Z,es,"['Español', 'pokemon']",2026-08-02,06-09-50,Sunday
316616886996,91179066,abfnggshka,29595,Dota 2,773,2026-08-01T19:21:45Z,other,"['Русский', 'dota2']",2026-08-02,06-09-50,Sunday
320633709017,630596866,smicho15_,33214,Fortnite,770,2026-08-01T15:09:46Z,es,"['Forntite', 'FNCS', 'peterbot', 'SMICHO15', 'Español', 'DropsActivados']",2026-08-02,06-09-50,Sunday
318597780213,544241532,mahmoojen,509658,Just Chatting,766,2026-08-01T16:54:13Z,pt,"['Português', 'game', 'ruim', 'hype', 'react']",2026-08-02,06-09-50,Sunday
319760137568,939451515,juanlilshow,509658,Just Chatting,759,2026-08-01T16:04:38Z,en,"['English', 'funny', 'Juanlilshow', 'juan']",2026-08-02,06-09-50,Sunday
318693200727,1059470859,moonbuvr,499003,VRChat,757,2026-08-01T22:12:07Z,en,"['English', 'meowmeowmeowmeowmeowmeow', 'ASMR', 'applesauce', 'sillylittleguy', 'bitesyou', 'woof']",2026-08-02,06-09-50,Sunday
318168926694,1347134557,flishard,29452,Virtual Casino,753,2026-08-01T20:20:12Z,en,['English'],2026-08-02,06-09-50,Sunday
318691291991,46029485,disnof,31339,Project Zomboid,752,2026-08-01T19:06:20Z,en,['English'],2026-08-02,06-09-50,Sunday
317132274167,24174314,zikzlol,516575,VALORANT,751,2026-08-01T14:55:08Z,en,['English'],2026-08-02,06-09-50,Sunday
316616698068,800718186,ruslandvip,509658,Just Chatting,749,2026-08-01T18:59:30Z,ru,['Русский'],2026-08-02,06-09-50,Sunday
317354205666,827283493,anddriuu,456845141,Zenless Zone Zero,749,2026-08-01T17:40:10Z,es,"['Español', 'Gacha', 'DropsActivados']",2026-08-02,06-09-50,Sunday
319705095132,10692319,eli_x,796500915,Halo: Campaign Evolved,745,2026-08-01T21:55:37Z,en,"['English', 'Drops', 'DropsEnabled']",2026-08-02,06-09-50,Sunday
318692741335,223173077,tleyds,513143,Teamfight Tactics,744,2026-08-01T21:27:39Z,en,['English'],2026-08-02,06-09-50,Sunday
318168925670,1431843292,billicorp,29452,Virtual Casino,743,2026-08-01T20:20:10Z,en,"['virtualcasino', 'English']",2026-08-02,06-09-50,Sunday
319635999454,181156561,heavenlyfather,509658,Just Chatting,741,2026-08-01T20:02:11Z,en,"['English', 'Sigma', 'Swag', 'Green']",2026-08-02,06-09-50,Sunday
317376375780,1110808352,cineillojuan,499973,Always On,741,2026-08-01T12:18:33Z,es,"['Español', 'Repetir']",2026-08-02,06-09-50,Sunday
318170337766,720099953,tthereal65,23020,ROBLOX,741,2026-08-01T22:52:30Z,de,['Deutsch'],2026-08-02,06-09-50,Sunday
320636628441,22559049,yodatv,18122,World of Warcraft,740,2026-08-01T18:51:18Z,en,"['English', 'MythicPlus', 'Keys', 'tank', 'Paladin', 'Rogue']",2026-08-02,06-09-50,Sunday
317396839651,681384353,feirlygab,509658,Just Chatting,739,2026-08-01T21:51:45Z,es,['Español'],2026-08-02,06-09-50,Sunday
317784648536,36439445,darthmicrotransaction,29307,Path of Exile,738,2026-08-01T19:53:29Z,en,['English'],2026-08-02,06-09-50,Sunday
319701956572,488916600,abolishegirls,491487,Dead by Daylight,738,2026-08-01T18:00:11Z,en,"['English', 'woman', 'feet', 'EGirl', 'head', 'shoulders', 'knees', 'toes', 'DropsEnabled']",2026-08-02,06-09-50,Sunday
317354997090,114149244,guezmerr,516575,VALORANT,736,2026-08-01T19:04:58Z,fr,['Français'],2026-08-02,06-09-50,Sunday
317380615012,1352210033,dumbo_ttv69,32982,Grand Theft Auto V,734,2026-08-01T20:34:48Z,fr,"['Français', 'gtarp', 'gta', 'GTAVFiveM', 'urbex', 'Urbexing', 'urbexnocturno', 'UrbexSquad']",2026-08-02,06-09-50,Sunday
319618499934,105458682,bobross,509660,Art,732,2026-07-31T14:31:32Z,en,['English'],2026-08-02,06-09-50,Sunday
317784442072,452313289,astabush,1916111055,Streamer Games,728,2026-08-01T19:21:20Z,en,"['English', 'IRL', 'AstaBush']",2026-08-02,06-09-50,Sunday
318168926438,1334270983,xachkasi,29452,Virtual Casino,727,2026-08-01T20:20:12Z,en,['English'],2026-08-02,06-09-50,Sunday
318693163863,1349515600,aimkey,464339927,ARC Raiders,726,2026-08-01T22:08:18Z,en,['English'],2026-08-02,06-09-50,Sunday
316546486741,1121596361,geass81,494184,Mobile Legends: Bang Bang,726,2026-08-01T20:25:28Z,ru,"['Русский', 'профик', 'профи', 'Профессионал']",2026-08-02,06-09-50,Sunday
318599460341,30458295,frttt,516575,VALORANT,726,2026-08-01T20:54:18Z,pt,"['Português', 'DropsAtivados']",2026-08-02,06-09-50,Sunday
315864214120,91967953,liang_0714,516575,VALORANT,725,2026-08-01T06:54:00Z,zh,['中文'],2026-08-02,06-09-50,Sunday
316617646164,118962389,dub_ok_tv,29307,Path of Exile,724,2026-08-01T21:05:29Z,ru,"['Русский', 'Терпила', 'БУХЛЯДЬ', 'ГАММА', 'Пискля', 'ПодачкаТВ', 'Гайдовсос', 'ВоздуханТВ', 'ФИЛАТЕЛИСТ']",2026-08-02,06-09-50,Sunday
316614559316,66628850,arrav,509658,Just Chatting,722,2026-08-01T14:27:29Z,en,"['English', 'Norway', 'powerlifter', 'Travel', 'IRL', 'Adventure', 'Survival']",2026-08-02,06-09-50,Sunday
317957874791,472526384,kelre0n,32982,Grand Theft Auto V,721,2026-08-01T16:08:01Z,de,"['Deutsch', 'gta', 'peak', 'RP', 'reaction', 'fivem', 'chaos']",2026-08-02,06-09-50,Sunday
318690938327,1255337545,jenstaylor,509658,Just Chatting,716,2026-08-01T18:31:03Z,en,['English'],2026-08-02,06-09-50,Sunday
318164259814,45912780,mistafaker,509658,Just Chatting,715,2026-08-01T13:05:16Z,ru,['Русский'],2026-08-02,06-09-50,Sunday
316615219540,514473492,gwizdakk,32399,Counter-Strike,715,2026-08-01T15:54:41Z,pl,['Polski'],2026-08-02,06-09-50,Sunday
317134209399,955173538,thelorr,2009321156,Dark and Darker,714,2026-08-01T20:56:35Z,en,"['English', 'DropsEnabled']",2026-08-02,06-09-50,Sunday
318165962726,68261767,knister,32982,Grand Theft Auto V,710,2026-08-01T16:10:35Z,de,['Deutsch'],2026-08-02,06-09-50,Sunday
320802481883,98274770,slick,33214,Fortnite,709,2026-08-01T15:12:21Z,es,"['Español', 'DropsActivados']",2026-08-02,06-09-50,Sunday
319704094300,146094553,ellesmere_gaming,18122,World of Warcraft,707,2026-08-01T20:41:56Z,en,['English'],2026-08-02,06-09-50,Sunday
317380840292,150772439,dannomercy__,491487,Dead by Daylight,706,2026-08-01T21:00:40Z,en,"['English', 'DropsEnabled']",2026-08-02,06-09-50,Sunday
317133338743,3102991,axialmatt,11557,The Legend of Zelda: Ocarina of Time,705,2026-08-01T18:43:21Z,en,"['English', 'Hair', 'VarietyGaming', 'EEEEEEEE', 'SoftAlpha', 'gong', 'OoTRandomizer', 'Randomizer', 'ocarinaoftime', 'Zelda']",2026-08-02,06-09-50,Sunday
318689945303,100861873,evbo,27471,Minecraft,705,2026-08-01T16:30:28Z,en,"['minecraft', 'English', 'parkourcivilization', 'mcsrranked', 'mcsr']",2026-08-02,06-09-50,Sunday
317133677303,49890619,lazymattman,75115,Mewgenics,704,2026-08-01T19:37:29Z,en,"['isaac', 'roguelike', 'repentance', 'satisfying', 'unlock', 'deadgod', 'AchievementHunting', 'luckiest', 'youtube', 'English']",2026-08-02,06-09-50,Sunday
317776240216,197406569,thenicolet,509659,ASMR,701,2026-07-31T19:34:32Z,en,"['English', 'ENGLISH', 'ASMR', 'FINDOM', 'EGIRL', 'GIRL', 'feet', 'goddess', 'woman']",2026-08-02,06-09-50,Sunday
318692611159,1102230979,adilswrld,516575,VALORANT,701,2026-08-01T21:14:37Z,en,"['English', 'ADHD', 'silly', 'LOUD', 'valorant']",2026-08-02,06-09-50,Sunday
320804479323,277945156,sommerset,33214,Fortnite,699,2026-08-01T17:53:23Z,en,"['English', 'DropsEnabled']",2026-08-02,06-09-50,Sunday
317354930274,8594321,skaifox,1429246898,A Weird Game About Sausage,699,2026-08-01T19:00:01Z,en,"['British', 'LGBTQIAplus', 'Furry', 'Gay', 'BodyPositive', 'VTuber', 'vore', 'Artist', 'NoSpoilersOrBackseating', 'FirstPlaythrough']",2026-08-02,06-09-50,Sunday
320803848411,86308586,fragas,491931,Escape from Tarkov,697,2026-08-01T17:07:21Z,en,"['English', 'glorp', 'buh', 'mistfallhunter', 'thegyldenrush']",2026-08-02,06-09-50,Sunday
318168927078,1152050405,koijacksama,29452,Virtual Casino,696,2026-08-01T20:20:13Z,en,['English'],2026-08-02,06-09-50,Sunday
316248152689,843895584,yukkkkiouo,31339,Project Zomboid,695,2026-08-01T11:50:53Z,zh,"['中文', 'Vtuber', '台V', '启用掉宝']",2026-08-02,06-09-50,Sunday
318168927206,1347134503,balvanchik_0,29452,Virtual Casino,692,2026-08-01T20:20:13Z,en,['English'],2026-08-02,06-09-50,Sunday
318099155941,91089367,apudox,32982,Grand Theft Auto V,692,2026-08-01T13:59:57Z,de,"['Deutsch', 'Roleplay']",2026-08-02,06-09-50,Sunday
318598023285,142974849,4fungamingg,31339,Project Zomboid,688,2026-08-01T17:32:50Z,es,['Español'],2026-08-02,06-09-50,Sunday
317356162274,83332770,s7ormytv,509658,Just Chatting,688,2026-08-01T21:06:08Z,it,"['Italiano', 'fps', 'justchatting', 's7ormy', 'ita', 'drops', 'chill', 'indie', 'F1']",2026-08-02,06-09-50,Sunday
318599464309,31950874,vela,516575,VALORANT,686,2026-08-01T20:54:50Z,es,['Español'],2026-08-02,06-09-50,Sunday
316617615700,1349723141,bop777mockba,509658,Just Chatting,684,2026-08-01T21:00:37Z,ru,"['Русский', 'gta', 'gta5rp', 'янг', 'yung']",2026-08-02,06-09-50,Sunday
317783107544,88957496,metaphor,512710,Call of Duty: Warzone,681,2026-08-01T15:18:50Z,en,"['marmot', 'English']",2026-08-02,06-09-50,Sunday
318526496886,140772558,baiano,21779,League of Legends,680,2026-08-01T18:31:10Z,pt,"['Português', 'CBLOL', 'LOUD', 'paiN', 'VKS', 'FURIA', 'IlhadasLendas', 'idl', 'ILHA', 'DropsAtivados']",2026-08-02,06-09-50,Sunday
315870407379,24981496,hydramist,18122,World of Warcraft,680,2026-08-01T13:21:25Z,en,"['English', 'PvP', 'wow', 'wowclassic', 'worldofwarcraft', 'Arena', 'mopclassic', 'MistsofPandaria', 'Priest', 'MMO']",2026-08-02,06-09-50,Sunday
316249800049,29923971,rainbrain,55453844,Street Fighter 6,677,2026-08-01T19:10:39Z,ja,['日本語'],2026-08-02,06-09-50,Sunday
320806977243,43094890,thersguy,2083,RuneScape,676,2026-08-01T20:31:29Z,en,"['English', 'runescape', 'MMORPG', 'RS3']",2026-08-02,06-09-50,Sunday
318525950582,185939499,islautaarg00,263490,Rust,676,2026-08-01T17:10:20Z,es,"['Español', 'DropsActivados']",2026-08-02,06-09-50,Sunday
318168927462,1152050415,bigxshark,29452,Virtual Casino,675,2026-08-01T20:20:13Z,en,['English'],2026-08-02,06-09-50,Sunday
320638710489,181258781,khanada_,33214,Fortnite,674,2026-08-01T20:59:56Z,en,"['English', 'DropsEnabled']",2026-08-02,06-09-50,Sunday
317355174754,183819202,eskc,512710,Call of Duty: Warzone,672,2026-08-01T19:23:20Z,fr,['Français'],2026-08-02,06-09-50,Sunday
317133502839,232951933,linkzzey,27471,Minecraft,670,2026-08-01T19:08:03Z,en,"['LetsPlay', 'English', 'Hardcore', 'SurvivaI', 'FamilyFriendly', 'Java', 'Singleplayer', 'ViewerRedemption', 'Chıll']",2026-08-02,06-09-50,Sunday
318101236197,168348436,xrick75,32982,Grand Theft Auto V,669,2026-08-01T17:36:56Z,de,['Deutsch'],2026-08-02,06-09-50,Sunday
317133850487,246319839,mari,1916111055,Streamer Games,667,2026-08-01T20:03:02Z,en,"['English', 'MARI', 'MSG', 'stinky', 'ADHD', 'Furry']",2026-08-02,06-09-50,Sunday
318599052149,806435226,fgrav_,324632683,hololive Dreams,666,2026-08-01T20:00:10Z,es,"['Español', 'RPG', 'España', 'LATAM', 'México', 'argentína', 'Gacha', 'WutheringWaves', 'Variedad', 'Uruguay']",2026-08-02,06-09-50,Sunday
318664945524,62336028,burgaofps,29452,Virtual Casino,666,2026-08-01T22:18:54Z,pt,['Português'],2026-08-02,06-09-50,Sunday
316616069844,68266211,whaazz,18122,World of Warcraft,665,2026-08-01T17:43:59Z,en,"['PvP', 'Arena', 'Rogue', 'Warrior', 'Monk', 'Druid', 'English', 'DemonHunter', 'Evoker']",2026-08-02,06-09-50,Sunday
318167482342,53686757,denzelzockt,491931,Escape from Tarkov,664,2026-08-01T18:27:08Z,de,"['Entspannt', 'Hand', 'Evil', 'PädagogischWertvoll', 'NoPants', 'Busch', 'Wissenschaftlichempfohlen', 'Deutsch']",2026-08-02,06-09-50,Sunday
319634507870,97160118,vincentsmg,263490,Rust,663,2026-08-01T17:58:59Z,en,"['English', 'Rust', 'Vincent', 'gaming', 'rustdrops', 'Rustdrop', 'ruststreamer', 'newgame', 'facepunch', 'Rustupdate']",2026-08-02,06-09-50,Sunday
318693683287,87204022,disguisedtoast,513143,Teamfight Tactics,663,2026-08-01T22:58:25Z,en,"['English', 'DropsEnabled']",2026-08-02,06-09-50,Sunday
317354232290,126287193,blaize,509658,Just Chatting,658,2026-08-01T17:44:06Z,fr,"['Français', 'BLAIZE']",2026-08-02,06-09-50,Sunday
318690131543,9092112,feliciaday,499973,Always On,657,2026-08-01T16:57:50Z,en,"['English', 'coop', 'Farming', 'fantasy', 'TV', 'feliciaday', 'supernatural', 'Guild', 'actor', 'farming']",2026-08-02,06-09-50,Sunday
317782672984,471317143,lycommit,1910103699,THE FINALS,655,2026-08-01T13:00:30Z,en,"['English', 'thefinals', 'gaming', 'fps', 'pro', 'catgirl', 'arcraiders', 'DropsEnabled']",2026-08-02,06-09-50,Sunday
318100921189,54818023,albiononline,417528,Albion Online,655,2026-08-01T17:07:36Z,en,"['English', 'DropsEnabled']",2026-08-02,06-09-50,Sunday
320638704857,123721524,juicy,491168,Clash Royale,654,2026-08-01T20:59:37Z,en,"['ADHD', 'English', 'Ranked', 'Strategy', 'chill', 'goodevibes', 'Educational', 'topladder', 'funny']",2026-08-02,06-09-50,Sunday
318692346967,44426109,redbull,1916111055,Streamer Games,653,2026-08-01T20:50:07Z,en,"['English', 'RedBullGaming', 'RedBull', 'Ludwig', 'StreamerGames']",2026-08-02,06-09-50,Sunday
319763873248,112868442,albralelie,511224,Apex Legends,652,2026-08-01T21:25:09Z,en,"['English', 'Vtuber', 'Apexlegends', 'Rankgrind', 'Competitive', 'DropsEnabled']",2026-08-02,06-09-50,Sunday
317395261027,844443492,rinpenrose,181292138,Splatoon RAIDERS,650,2026-08-01T19:01:27Z,en,"['Vtuber', 'English', 'BLÅHAJ', 'johnvtuber', 'rinpenrose2']",2026-08-02,06-09-50,Sunday
317394592355,81821673,ekkosuna,21779,League of Legends,650,2026-08-01T17:48:27Z,fr,['Français'],2026-08-02,06-09-50,Sunday
320696570458,38746172,esfandtv,512923,Baldur's Gate 3,649,2026-08-01T22:06:27Z,en,['English'],2026-08-02,06-09-50,Sunday
319691449564,245039391,promoz,2009321156,Dark and Darker,648,2026-08-01T00:13:53Z,en,"['English', 'gaming', 'tarkovgaming', 'DarkandDarker', 'DarkandDarkerPlaytest', 'drops', 'deltaforce', 'DeltaForceGame', 'DropsEnabled']",2026-08-02,06-09-50,Sunday
317349754722,416031592,solaryhs,138585,Hearthstone,646,2026-08-01T05:04:43Z,fr,"['Français', 'DropsActivés']",2026-08-02,06-09-50,Sunday
317783040216,26560695,shiphtur,21779,League of Legends,645,2026-08-01T15:00:40Z,en,['English'],2026-08-02,06-09-50,Sunday
318662581364,279675810,lubu,1264310518,Marvel Rivals,645,2026-08-01T16:53:45Z,pt,"['HighElo', 'Competitivo', 'Português', 'DropsAtivados']",2026-08-02,06-09-50,Sunday
317380410084,80701170,zerotick_,21779,League of Legends,641,2026-08-01T20:11:36Z,fr,"['Français', 'DropsActivés']",2026-08-02,06-09-50,Sunday
317353600994,218908170,oscarbrock,329951934,Pokémon Community Game,640,2026-08-01T16:25:17Z,es,"['ANIME', 'Pokemon', 'OscarBrock', 'inazumaeleven', 'Español']",2026-08-02,06-09-50,Sunday
318528601974,59336873,fnxlntc,32399,Counter-Strike,639,2026-08-01T22:56:49Z,pt,['Português'],2026-08-02,06-09-50,Sunday
319764387552,35860942,socpens,509658,Just Chatting,637,2026-08-01T22:06:01Z,en,"['English', 'PotLimit', 'baaulp', 'Retro', 'Canada', 'Québec', 'mediashare']",2026-08-02,06-09-50,Sunday
318663449332,93529406,f0rsakenwow,516575,VALORANT,634,2026-08-01T19:06:10Z,pt,"['Português', 'rage']",2026-08-02,06-09-50,Sunday
318104402021,62789124,oruipinto,32399,Counter-Strike,634,2026-08-01T22:10:09Z,pt,['Português'],2026-08-02,06-09-50,Sunday
319704358620,90018770,squishymuffinz,30921,Rocket League,632,2026-08-01T21:01:19Z,en,['English'],2026-08-02,06-09-50,Sunday
318169100902,1188677689,furo99,32982,Grand Theft Auto V,631,2026-08-01T20:35:25Z,de,['Deutsch'],2026-08-02,06-09-50,Sunday
320809089243,184336761,acie,509658,Just Chatting,630,2026-08-01T22:33:39Z,en,['English'],2026-08-02,06-09-50,Sunday
318691731031,10397006,jericho,509658,Just Chatting,630,2026-08-01T19:52:36Z,en,"['English', 'music', 'content', 'Variety']",2026-08-02,06-09-50,Sunday
320692056666,126436297,klean,31339,Project Zomboid,629,2026-08-01T17:17:21Z,en,"['English', 'UnitedStates', 'Hardcore', 'Immersion', '1440p']",2026-08-02,06-09-50,Sunday
317394967779,1121975155,pkm_3,32982,Grand Theft Auto V,627,2026-08-01T18:30:53Z,fr,"['RP', 'Français', 'gta', 'Grandline', 'hurricanerp', 'hurricane', 'FlashbackWL', 'flashback', 'GTARP']",2026-08-02,06-09-50,Sunday
319763244384,693518594,chawndo,513181,Genshin Impact,623,2026-08-01T20:34:43Z,en,"['English', 'genshin', 'gaming']",2026-08-02,06-09-50,Sunday
317379998948,38978803,marco,17828,The Legend of Zelda: Twilight Princess,623,2026-08-01T19:30:19Z,fr,['Français'],2026-08-02,06-09-50,Sunday
319634179806,400033906,vgbootcamp3,504461,Super Smash Bros. Ultimate,623,2026-08-01T17:29:34Z,en,"['Esports', 'English', 'Competitive', 'smash', 'smashbros', 'SmashUltimate']",2026-08-02,06-09-50,Sunday
320808474331,484549758,minynaranja,509658,Just Chatting,623,2026-08-01T22:00:34Z,es,['Español'],2026-08-02,06-09-50,Sunday
319635610974,566375865,ryumivt,6521,Grand Theft Auto: San Andreas,622,2026-08-01T19:30:52Z,es,"['Español', 'Vtuber', 'queso', 'Colombia', 'AAAAAAAAAA', 'desempleada']",2026-08-02,06-09-50,Sunday
318528091510,580393893,lorenemaf,516575,VALORANT,622,2026-08-01T21:57:37Z,pt,"['Português', 'Mulher', 'valorant', 'competitivo', 'english', 'girl', 'DropsAtivados']",2026-08-02,06-09-50,Sunday
320809148763,1385415738,laylinasmr,509659,ASMR,620,2026-08-01T22:37:09Z,en,"['ENVtuber', 'Vtuber', 'English', 'asmr', 'feet', 'foot']",2026-08-02,06-09-50,Sunday
320639370713,467247303,trenchfx,509511,Marbles on Stream,620,2026-08-01T21:40:01Z,en,"['chill', 'vibes', 'hangout', 'gaming', 'chatting', 'English', 'DropsEnabled']",2026-08-02,06-09-50,Sunday
319703551964,108586685,tenzinniznet,509658,Just Chatting,619,2026-08-01T20:00:56Z,en,"['English', 'Indian', 'tibetan', 'nepali']",2026-08-02,06-09-50,Sunday
320695265114,33182508,sput,31339,Project Zomboid,619,2026-08-01T20:49:53Z,en,['English'],2026-08-02,06-09-50,Sunday
317132531063,211866589,spacetomatogaming,71375,Star Citizen,615,2026-08-01T16:03:37Z,en,"['English', 'Chatty', 'Tomato', 'gameplay', 'DropsEnabled']",2026-08-02,06-09-50,Sunday
318103937765,240992719,snkarma,21779,League of Legends,615,2026-08-01T21:19:18Z,de,"['Gragas', 'Mentality', 'Midlane', 'Deutsch', 'Challenger', 'lol', 'leagueoflegends', 'Educational', 'NoWay']",2026-08-02,06-09-50,Sunday
317394303971,144866210,mrs_sweetness,23894,Call of Duty: Black Ops,613,2026-08-01T17:11:33Z,fr,"['Découverte', 'Gameplay', 'CallofDutyBlackOps', 'Discussions', 'Français', 'France', 'FR', 'Belgique', 'Suisse', 'Québec']",2026-08-02,06-09-50,Sunday
320638114009,79798541,swoopcrown,852009328,Mistfall Hunter,612,2026-08-01T20:21:34Z,en,"['PotatoAim', 'English', 'DropsEnabled']",2026-08-02,06-09-50,Sunday
318692039383,39249330,mogsy,491487,Dead by Daylight,611,2026-08-01T20:19:48Z,en,"['adhd', 'talkstochat', 'ally', 'giveaways', 'interactive', 'English', 'DropsEnabled']",2026-08-02,06-09-50,Sunday
317390708195,102404582,silerslr,21779,League of Legends,610,2026-08-01T08:18:47Z,es,"['Español', 'leagueoflegendsespañol', 'leagueoflegends', 'Challenger', 'mid']",2026-08-02,06-09-50,Sunday
316543659733,114103239,kati,509658,Just Chatting,609,2026-08-01T14:11:04Z,ru,"['Русский', 'Перекаты', 'Кринж']",2026-08-02,06-09-50,Sunday
319624909278,51115394,midnightsumo,509658,Just Chatting,608,2026-07-31T23:53:47Z,en,"['English', 'Japan', 'Sumo', 'Wrestling', 'ADHD', 'Pokemon', 'Japanese', 'Food', 'Travel', 'NotACat']",2026-08-02,06-09-50,Sunday
318100351589,60513811,spartiatix,1938435210,God of War III: Remastered,607,2026-08-01T16:10:21Z,pl,['Polski'],2026-08-02,06-09-50,Sunday
318526868982,1292326027,luisasonza,512998,The Legend of Zelda: Tears of the Kingdom,604,2026-08-01T19:22:25Z,pt,['Português'],2026-08-02,06-09-50,Sunday
317784642904,87063933,fir_,266042723,Super Mario,603,2026-08-01T19:52:32Z,en,"['English', 'Furry', 'Vtuber', 'sometimes', 'LGBTQIAPIus', 'Gay', 'LGBT']",2026-08-02,06-09-50,Sunday
320808676699,645498689,paypay,32982,Grand Theft Auto V,603,2026-08-01T22:10:39Z,en,"['English', 'LGBTQ', 'Gay']",2026-08-02,06-09-50,Sunday
317957313767,43281991,dear_hellgirl,491487,Dead by Daylight,603,2026-08-01T15:10:54Z,ru,"['Vtuber', 'Втубер', 'Витубер', 'Русский', 'Аниме', 'ruvtuber', 'девушка', 'DropsВключены']",2026-08-02,06-09-50,Sunday
317953074407,1489609158,metashi24,18122,World of Warcraft,601,2026-08-01T06:00:58Z,de,['Deutsch'],2026-08-02,06-09-50,Sunday
315827267281,697498408,p4perback,509658,Just Chatting,600,2026-08-01T19:36:54Z,en,"['english', 'british', 'lgbt', 'french', 'p4persmp', 'horror', 'loud', 'English']",2026-08-02,06-09-50,Sunday
319705392732,610196657,thatssoolauren,116747788,"Pools, Hot Tubs, and Beaches",598,2026-08-01T22:15:39Z,en,"['English', 'egirl', 'blonde', 'florida']",2026-08-02,06-09-50,Sunday
320638695001,537646031,kabamdll,461221,MARVEL Contest of Champions,598,2026-08-01T20:59:09Z,en,"['kabamdrops', 'kabam', 'mcoc', 'mcoclivestream', 'gamedev', 'English', 'DropsEnabled']",2026-08-02,06-09-50,Sunday
318095930085,265924246,berbatow,509663,Special Events,596,2026-08-01T06:53:37Z,de,"['English', 'Deutsch', 'drops', 'EWC', 'EWC2026', 'DropsAktiviert']",2026-08-02,06-09-50,Sunday
320806478811,512190147,meesterkeem,1916111055,Streamer Games,593,2026-08-01T20:00:29Z,en,"['IRL', 'Asian', 'Anime', 'VTuber', 'English', 'agent00', 'pokemon', 'extraemily', 'streameruniversity', 'valkyrae']",2026-08-02,06-09-50,Sunday
315403912176,698565904,ded_b_tpycax01,27471,Minecraft,593,2026-08-01T20:53:04Z,ru,"['Русский', 'общение']",2026-08-02,06-09-50,Sunday
316576809046,1043603497,betboomtennis,518203,Sports,592,2026-08-01T22:36:09Z,ru,"['Tennis', 'Спорт', 'Матч', 'Трансляции', 'Соревнование', 'justchatting', 'Русский']",2026-08-02,06-09-50,Sunday
318676600791,752742297,seoi1016,509658,Just Chatting,592,2026-07-31T10:43:18Z,ko,"['한국어', 'English', '中文', 'Asian', '日本語', 'Русский', 'Dance', 'kpop', 'korean']",2026-08-02,06-09-50,Sunday
317961078759,574254875,clownpierce,27471,Minecraft,591,2026-08-01T20:29:01Z,en,"['English', 'RPG', 'minecraft', 'eldenring', 'Variety', 'clown', '18plus', '18plusstream', 'minecraft']",2026-08-02,06-09-50,Sunday
317134863223,37455669,connoreatspants,1916111055,Streamer Games,588,2026-08-01T22:39:49Z,en,"['CenterLeft', 'realeater', 'English', 'dreamsmp', 'Swag', 'Progressive', 'capitalism']",2026-08-02,06-09-50,Sunday
316617685844,217653999,layme,29595,Dota 2,588,2026-08-01T21:11:25Z,ru,['Русский'],2026-08-02,06-09-50,Sunday
318692452183,406379460,oddrey,491487,Dead by Daylight,586,2026-08-01T21:00:18Z,en,"['English', 'DropsEnabled']",2026-08-02,06-09-50,Sunday
320638926425,111297034,porcelainmaid,509658,Just Chatting,584,2026-08-01T21:12:21Z,en,"['VTuber', 'FirstPlaythrough', 'VoiceActing', 'Anime', 'English', 'Horror', 'artist', 'Cozy']",2026-08-02,06-09-50,Sunday
320687358810,1389671297,shinchan_oficial,1398657661,Anime Squad,583,2026-08-01T06:32:31Z,es,['Español'],2026-08-02,06-09-50,Sunday
318586356853,181077473,gaules,31339,Project Zomboid,583,2026-07-31T03:19:58Z,pt,"['Português', 'DropsAtivados']",2026-08-02,06-09-50,Sunday
318524340214,122644339,mimiff123,15229,Ragnarok Online,583,2026-08-01T10:06:01Z,pt,['Português'],2026-08-02,06-09-50,Sunday
319703223388,53741885,crayon_fps,2132205352,Deadlock,581,2026-08-01T19:38:37Z,en,"['gamer', 'English', 'Vietnamese', 'extremelypassionate', 'richRP', 'eternus', 'deadlock', 'NA']",2026-08-02,06-09-50,Sunday
319635868382,137710044,spicee,1468,Resident Evil 4,581,2026-08-01T19:52:14Z,en,"['Speedrun', 'WRAttempts', 'banana', 'enjoyersonly', 'English']",2026-08-02,06-09-50,Sunday
320640517721,90222378,kruzadar,27471,Minecraft,581,2026-08-01T22:44:02Z,en,"['English', 'chill', 'English', 'funny', 'FleshTuber', 'Woman', 'gaming', 'comedy']",2026-08-02,06-09-50,Sunday
320808537563,582059483,vadriss,32982,Grand Theft Auto V,581,2026-08-01T22:03:24Z,en,"['English', 'Gay', 'femboy', 'LGBTQPlus', 'twitchprideguild']",2026-08-02,06-09-50,Sunday
320697043034,468938446,terribledrew,34134,Call of Duty: Black Ops II,580,2026-08-01T22:33:01Z,en,['English'],2026-08-02,06-09-50,Sunday
318528266102,1078936961,thaytg,29452,Virtual Casino,580,2026-08-01T22:17:48Z,pt,"['Português', 'slots']",2026-08-02,06-09-50,Sunday
316576555990,804416319,sashacheer,509658,Just Chatting,580,2026-08-01T21:35:43Z,ru,"['ОКР', 'Женщина', 'кс2', 'няшка', 'альтушка', 'Аниме', 'пубертат', 'общительная', 'Кошкодевочка', 'разведенка']",2026-08-02,06-09-50,Sunday
316545344469,51292282,helenebk,32399,Counter-Strike,578,2026-08-01T17:59:46Z,no,"['Norsk', 'EN', 'fps', 'CS2']",2026-08-02,06-09-50,Sunday
320635777113,195166073,hachubby,509672,IRL,578,2026-08-01T17:54:05Z,en,"['English', 'Variety', 'IRL', 'USA', 'gaming', 'korean', 'Cooking', 'music']",2026-08-02,06-09-50,Sunday
316033478765,869899976,nwpo,836519689,DEVOUR,577,2026-08-01T20:40:07Z,ar,"['English', 'Arabic', 'العربية']",2026-08-02,06-09-50,Sunday
317957213415,75309526,bucher,516575,VALORANT,575,2026-08-01T15:00:32Z,de,"['Deutsch', 'pro', 'Esports', 'radiant', 'DropsAktiviert']",2026-08-02,06-09-50,Sunday
318664798324,83691960,baxbeast,491931,Escape from Tarkov,574,2026-08-01T22:01:18Z,es,['Español'],2026-08-02,06-09-50,Sunday
319634419038,29183589,ashmonsterftw,1036710512,Palworld,573,2026-08-01T17:51:33Z,en,"['Chatty', 'English']",2026-08-02,06-09-50,Sunday
318095930981,56924673,obsess3,21779,League of Legends,570,2026-08-01T06:54:04Z,de,"['Deutsch', 'VerticalStream', 'vertical', 'manchmalchallenger', 'meistensnicht']",2026-08-02,06-09-50,Sunday
317396061027,549539753,ravenalternative,1036710512,Palworld,570,2026-08-01T20:20:28Z,en,"['English', 'kpop', 'ateez', 'Welsh', 'WelshButiDontSoundWelsh', 'Anime', 'Tattoos', 'alternative', 'British', 'emo']",2026-08-02,06-09-50,Sunday
316616113748,224664646,magilacs,32399,Counter-Strike,569,2026-08-01T17:49:43Z,en,"['English', 'faceit', 'lvl10', 'FPL', 'PRO', 'Lithuanian', 'cs2pro', '4000elo', 'RussianSpeaking']",2026-08-02,06-09-50,Sunday
317351862114,23125739,aavak,498417,Vintage Story,568,2026-08-01T12:59:00Z,en,"['Chill', 'Chatty', 'Relaxed', 'LetsPlay', 'English', 'Welsh', 'Community', 'NoSpoilers']",2026-08-02,06-09-50,Sunday
318693748055,26490481,summit1g,32399,Counter-Strike,567,2026-08-01T23:03:01Z,en,['English'],2026-08-02,06-09-50,Sunday
320693902938,216086973,charlitoss,509658,Just Chatting,564,2026-08-01T19:22:37Z,es,"['Español', 'ESOS4', 'SanLuis', 'larosadeguadalupe', 'dab', 'naco']",2026-08-02,06-09-50,Sunday
316547043669,1128252751,betayn2k,32399,Counter-Strike,563,2026-08-01T22:05:43Z,ru,"['Русский', 'solo', 'faceit', '10lvlFACEIT']",2026-08-02,06-09-50,Sunday
316545718229,133763336,uniquee,29595,Dota 2,562,2026-08-01T18:43:19Z,ru,"['Русский', 'Топ2мира', 'юник']",2026-08-02,06-09-50,Sunday
319636350942,44424631,nickeh30,33214,Fortnite,560,2026-08-01T20:31:26Z,en,"['Canadian', 'Positivity', 'BattleRoyale', 'PC', 'FamilyFriendly', 'Multiplayer', 'PVP', 'PlayingWithViewers', 'English', 'Drops']",2026-08-02,06-09-50,Sunday
316546200661,897997770,ananasasmr,509659,ASMR,558,2026-08-01T19:43:51Z,ru,"['Русский', 'АСМР', 'English', 'ASMR']",2026-08-02,06-09-50,Sunday
316254203506,1239620176,yamadamei_,509659,ASMR,558,2026-07-31T22:54:16Z,ja,"['Japanese', '耳舐め', 'ku100', 'VTuber', '睡眠導入', '作業BGM', '初見さん大歓迎', 'asmr', '日本語', 'EarCleaning']",2026-08-02,06-09-50,Sunday
320809002971,411948943,gatzbii,1832641890,MLB The Show 26,556,2026-08-01T22:28:55Z,en,"['English', 'mlbtheshow', 'LOUD']",2026-08-02,06-09-50,Sunday
317353368674,54892839,melyoh,1050003477,The Elder Scrolls V: Skyrim - Special Edition,556,2026-08-01T16:00:04Z,fr,"['VoiceActing', 'RPG', 'humour', 'LGBTQFriendly', 'Roleplay', 'Français', 'fantasy', 'Roleplay', 'openworld', 'Adventure']",2026-08-02,06-09-50,Sunday
318664385140,35647075,patopapao,509658,Just Chatting,555,2026-08-01T21:10:02Z,pt,"['Pontual', 'Bonito', 'Fitness', 'Lenhador', 'Português']",2026-08-02,06-09-50,Sunday
318164667366,213271623,eccobladee2k,29595,Dota 2,554,2026-08-01T13:55:04Z,ru,"['барбадос', 'aim', 'dota2', 'depression', 'schyzofrenie', 'Русский', 'heronwater', 'гондурас', 'nix', 'recrent']",2026-08-02,06-09-50,Sunday
315384611695,69128875,valbina,516575,VALORANT,553,2026-08-01T14:41:16Z,ru,"['Русский', 'valorant', 'Badminton', 'Esports', 'VCTWatchParty', 'cybersport', 'betting']",2026-08-02,06-09-50,Sunday
316543841109,136345503,auteru,210472759,Shift at Midnight,551,2026-08-01T14:36:55Z,en,"['English', 'GIGACHAD', 'Vtuber', 'Tomboy', 'Bird', 'cockatiel', 'subathon', 'girl', 'Pog', 'Female']",2026-08-02,06-09-50,Sunday
317960951911,152689574,derkc,624536948,EA Sports FC 26,551,2026-08-01T20:18:13Z,de,"['Deutsch', 'eafc26']",2026-08-02,06-09-50,Sunday
317354353122,42360116,cheese,2692,Super Mario 64,551,2026-08-01T17:58:08Z,en,"['English', 'LGBT', 'speedrunning', 'spanish', 'mario']",2026-08-02,06-09-50,Sunday
318599961077,206865739,zanfas_cenegal,1036710512,Palworld,551,2026-08-01T21:58:40Z,pt,"['Português', 'RPG', 'SurvivaI', 'Futebol', 'dota', 'TDAH']",2026-08-02,06-09-50,Sunday
320636500697,1017108797,flowtives,33214,Fortnite,550,2026-08-01T18:42:11Z,en,"['English', 'Ally', 'PvP', 'StrengthSMP', 'altarsmp', 'LifestealSMP', 'unstablesmp', 'UHC', 'pvphq', 'moneysmp']",2026-08-02,06-09-50,Sunday
320805765339,1028563011,kawanochannn,55453844,Street Fighter 6,549,2026-08-01T19:16:05Z,ja,"['格ゲー', 'ストリートファイター6', '雑談', '日本語']",2026-08-02,06-09-50,Sunday
318693052119,501717654,potasticp,509667,Food & Drink,549,2026-08-01T21:58:42Z,en,"['English', 'NoSpoliers', 'NoBackseating', 'firstplaythgrough']",2026-08-02,06-09-50,Sunday
318098987621,141074734,kayjii,1264310518,Marvel Rivals,549,2026-08-01T13:40:11Z,en,"['English', 'Competitive', 'Top500', 'Chill', 'Cyberpunk', 'Luna', 'WhiteFox', 'Mantis', 'Jubilee', 'DropsEnabled']",2026-08-02,06-09-50,Sunday
318102667493,1018879667,brigante_831,33214,Fortnite,548,2026-08-01T19:30:22Z,de,"['Deutsch', 'DropsAktiviert']",2026-08-02,06-09-50,Sunday
319763697504,32645411,tampaneversleeps,22878,Naruto: Gekitou Ninja Taisen! 4,547,2026-08-01T21:11:00Z,en,"['English', 'fgc', 'fighting', 'games', 'fightinggames', 'tournament']",2026-08-02,06-09-50,Sunday
316543690581,926714255,kqzfps,1264310518,Marvel Rivals,543,2026-08-01T14:15:13Z,en,"['English', 'music', 'aim', 'vtuber', 'ADHD', 'Esports', 'fps', 'chill', 'Anime', 'DropsEnabled']",2026-08-02,06-09-50,Sunday
319761352928,24761645,cirno_tv,666605016,Welcome to the Game III,541,2026-08-01T18:00:27Z,en,"['English', 'CatGirlsareruiningmylife', 'fumo', 'ChadGameplay']",2026-08-02,06-09-50,Sunday
318599315957,1015125228,grmzinho,509658,Just Chatting,534,2026-08-01T20:33:38Z,pt,['Português'],2026-08-02,06-09-50,Sunday
317376477412,113212120,profesornuzlocke,329951934,Pokémon Community Game,534,2026-08-01T12:34:02Z,es,"['Español', 'papafrita', 'prolocke', 'prolocke2', 'folagor', 'capitanpokemon', 'ericlostie', 'pokealex', 'sekiam', 'xamork']",2026-08-02,06-09-50,Sunday
316616119380,84495343,maailinh,115977,The Witcher 3: Wild Hunt,533,2026-08-01T17:50:26Z,pl,['Polski'],2026-08-02,06-09-50,Sunday
320635552217,47990135,duky,19976,MapleStory,532,2026-08-01T17:38:11Z,en,['English'],2026-08-02,06-09-50,Sunday
318527556598,161340615,murloka,417528,Albion Online,532,2026-08-01T20:53:40Z,en,"['MMO', 'SOLO', 'english', 'girl', 'egirl', 'Español', 'English', 'Español', 'DropsEnabled']",2026-08-02,06-09-50,Sunday
320629231961,72142123,crunk_muffin,852009328,Mistfall Hunter,532,2026-08-01T04:50:15Z,en,"['English', 'egirl', 'BuiltDifferent', 'eSportsAthlete', 'gamer', 'findom', 'toes', 'paypiggy', 'vibemedic', 'DropsEnabled']",2026-08-02,06-09-50,Sunday
319701759324,141185807,firebox720,852009328,Mistfall Hunter,531,2026-08-01T17:45:26Z,en,"['English', 'DropsEnabled']",2026-08-02,06-09-50,Sunday
315907052009,1344955656,cyberdesecrator,1901865180,NTE: Neverness to Everness,528,2026-08-01T22:31:57Z,en,['English'],2026-08-02,06-09-50,Sunday
320696099802,80649665,nickdominates,509658,Just Chatting,528,2026-08-01T21:40:28Z,en,"['English', 'Italian', 'spanish', 'latin', 'newyorker', 'GayAsHell', 'bignose', 'Yapper', 'ADHDfriendly', 'dominican']",2026-08-02,06-09-50,Sunday
316573372630,204505974,vangard,509658,Just Chatting,527,2026-08-01T14:26:20Z,en,"['English', 'Norway', 'powerlifter', 'Travel', 'IRL', 'Adventure', 'Survival']",2026-08-02,06-09-50,Sunday
318689564247,21302211,venruki,18122,World of Warcraft,525,2026-08-01T15:25:19Z,en,['English'],2026-08-02,06-09-50,Sunday
316613028180,1265139173,muvisttv,852009328,Mistfall Hunter,524,2026-08-01T10:18:32Z,ru,"['Русский', 'Russia', 'mistfallhunter', 'MistFall', 'extraction', 'thegyldenrush', 'English', 'Повтор', 'DropsВключены']",2026-08-02,06-09-50,Sunday
318160484326,599459353,knebel_de,71375,Star Citizen,524,2026-08-01T01:35:55Z,de,"['Deutsch', 'DropsAktiviert']",2026-08-02,06-09-50,Sunday
317959202919,80629581,deemonrider,329951934,Pokémon Community Game,524,2026-08-01T18:08:13Z,en,"['Chatting', 'English']",2026-08-02,06-09-50,Sunday
318681224919,782947440,policechasenetwork,509658,Just Chatting,524,2026-07-31T23:06:08Z,en,"['English', 'feet']",2026-08-02,06-09-50,Sunday
317380325604,577594813,miriam_petricor,278441117,Assassin's Creed Black Flag Resynced,523,2026-08-01T20:02:58Z,es,"['Español', 'RPG', 'Singleplayer', 'fantasy', 'FantasyRPG', 'storymode', 'DropsActivados']",2026-08-02,06-09-50,Sunday
319763145952,480945035,rynenzo,1916111055,Streamer Games,520,2026-08-01T20:26:43Z,en,['English'],2026-08-02,06-09-50,Sunday
317134574327,645185149,doogile,27471,Minecraft,517,2026-08-01T21:55:06Z,en,"['speedrun', 'mcsr', 'ranked', 'doogie', 'English']",2026-08-02,06-09-50,Sunday
320803359323,889963772,sarvanah,506416,Halo Infinite,515,2026-08-01T16:29:56Z,en,"['English', 'gamergirl', 'halo', 'haloinfinite', 'PositiveVibes', 'fps', 'DropsEnabled']",2026-08-02,06-09-50,Sunday
317378884708,74101321,adcshiiro,21779,League of Legends,514,2026-08-01T17:32:46Z,es,"['Español', 'DropsActivados']",2026-08-02,06-09-50,Sunday
319619681374,40186093,conman167,518203,Sports,513,2026-07-31T16:48:49Z,en,"['English', 'wrestling', 'prowrestling', 'wwe', 'sports', 'RAW', 'smackdown', 'NXT', 'AEW']",2026-08-02,06-09-50,Sunday
318100882661,53190635,sebo,32982,Grand Theft Auto V,512,2026-08-01T17:04:18Z,de,"['Deutsch', 'Roleplay', 'VarietyGaming']",2026-08-02,06-09-50,Sunday
318599983989,113969037,dcosta,509658,Just Chatting,511,2026-08-01T22:00:51Z,pt,"['Português', 'gta', 'BOPE', 'DCOSTA', 'GTARP', 'grota', 'capitalcity', 'cpx', 'GTAⅤ', 'English']",2026-08-02,06-09-50,Sunday
318161331046,1519078223,elotrix_247,512953,ELDEN RING,511,2026-08-01T06:00:57Z,de,"['Deutsch', 'OG', 'LetsPlay', '247Stream', 'elotrix', '247Live', '24HourStream']",2026-08-02,06-09-50,Sunday
318589589237,102786914,cooruja,515025,Overwatch,509,2026-07-31T18:12:41Z,pt,"['SafeSpace', 'Sorteios', 'DiablolV', 'LordOfHatredBR', 'OWBrasilSorteio', 'Português', 'overwatch', 'OWBRTemporada3', 'DropsAtivados']",2026-08-02,06-09-50,Sunday
315381848815,139417491,woojungx4,509658,Just Chatting,507,2026-07-31T15:15:58Z,ko,"['한국어', 'eng', 'english', 'dance', 'kpop']",2026-08-02,06-09-50,Sunday
319705178204,43783218,kylebosman,509658,Just Chatting,507,2026-08-01T22:00:41Z,en,"['English', 'anxious']",2026-08-02,06-09-50,Sunday
316611652948,9528182,chilledchaos,499973,Always On,506,2026-08-01T04:06:18Z,en,"['English', 'ItalianSafeSpace', 'ChilledChaos', 'LyingEncouraged', 'seventeencarat', 'AmongUs', 'Multiplayer']",2026-08-02,06-09-50,Sunday
316546685781,754907526,imgritside,509658,Just Chatting,506,2026-08-01T20:56:35Z,ru,['Русский'],2026-08-02,06-09-50,Sunday
320696356570,1388782425,thatkidl1ve,1735094656,Tetris Effect: Connected,504,2026-08-01T21:55:17Z,en,['English'],2026-08-02,06-09-50,Sunday
319637340126,31457927,wanderdl,2132205352,Deadlock,503,2026-08-01T21:54:35Z,en,['English'],2026-08-02,06-09-50,Sunday
319635226206,1241248388,vtubermale,509663,Special Events,503,2026-08-01T19:00:17Z,en,"['English', 'Vtuber', 'MaleVtuber', 'fitness', 'Himbo', 'Anime', 'ENVtuber', 'debut']",2026-08-02,06-09-50,Sunday
317389586147,78131255,enardo,263490,Rust,503,2026-08-01T00:24:00Z,en,"['english', 'rust', 'femboy', 'drops', 'English']",2026-08-02,06-09-50,Sunday
318527618294,39152815,clovaobengala,21779,League of Legends,502,2026-08-01T21:01:48Z,pt,['Português'],2026-08-02,06-09-50,Sunday
317783920088,133394398,zeplahq,24241,FINAL FANTASY XIV ONLINE,501,2026-08-01T18:04:31Z,en,"['English', 'BackseatingAllowed', 'ADHD', 'BackseatingWelcome', 'NewPlayerFriendly', 'newplayer', 'girlgamers', 'BackseatFriendly', 'DropsEnabled']",2026-08-02,06-09-50,Sunday
318599902069,674862312,zec4w,32399,Counter-Strike,501,2026-08-01T21:51:29Z,pt,['Português'],2026-08-02,06-09-50,Sunday
317352816098,783648767,thinkingmansvalo,516575,VALORANT,500,2026-08-01T14:55:30Z,en,"['AngryManDoStream', 'Stop', 'Reading', 'Tags', 'English']",2026-08-02,06-09-50,Sunday
320639060569,527390823,yanya__,511224,Apex Legends,500,2026-08-01T21:21:07Z,es,"['Torneo', 'Español', 'English', 'apex', 'apexlegends', 'Mexico', 'pro', 'insane', 'Tournament', 'Aim']",2026-08-02,06-09-50,Sunday
320637176665,118047974,jillyeon,2059463486,Waterpark Simulator,499,2026-08-01T19:25:17Z,en,['English'],2026-08-02,06-09-50,Sunday
320807235419,97925746,dontfightducks,518184,Phasmophobia,499,2026-08-01T20:47:57Z,en,"['English', 'ClosedCaptions', 'LGBTQIAPlus', 'vtuber', 'chill', 'Phasmophobia', 'Solo']",2026-08-02,06-09-50,Sunday
317355566562,251348817,e0j2,624536948,EA Sports FC 26,496,2026-08-01T20:02:21Z,en,['English'],2026-08-02,06-09-50,Sunday
320637008089,231053562,cursedfiber78,133897,"Papers, Please",495,2026-08-01T19:14:32Z,es,"['Español', 'tortilla', 'malabarista', 'Elmejorstreamerdelmundo', 'tupapá']",2026-08-02,06-09-50,Sunday
317355061986,63985840,minos,509658,Just Chatting,495,2026-08-01T19:11:30Z,fr,['Français'],2026-08-02,06-09-50,Sunday
317380848484,189100403,grimz,33214,Fortnite,494,2026-08-01T21:01:28Z,fr,"['Français', 'DropsActivés']",2026-08-02,06-09-50,Sunday
320809227867,145512583,elroamz,1441208453,Once Human,493,2026-08-01T22:41:38Z,es,"['Español', 'elroamz', 'oncehuman', 'supervivencia']",2026-08-02,06-09-50,Sunday
318167431782,159838110,morkovushkaa,509658,Just Chatting,493,2026-08-01T18:22:18Z,ru,['Русский'],2026-08-02,06-09-50,Sunday
318690221015,46865623,thiefs,33214,Fortnite,493,2026-08-01T17:08:24Z,en,"['English', 'FamilyFriendly', 'Competitive', 'DropsEnabled']",2026-08-02,06-09-50,Sunday
319635965918,49752846,barricade,29307,Path of Exile,492,2026-08-01T20:00:00Z,en,"['community', 'team', 'playingwithViewers', 'Multiplayer', 'pbp', 'diablo', 'English', 'PathOfExile', 'pathofexile2', 'poe2']",2026-08-02,06-09-50,Sunday
319760171488,50589127,hogshund,32982,Grand Theft Auto V,492,2026-08-01T16:08:12Z,en,"['federales', 'Cuban', 'CTH', 'gtarp', 'tomhanks', 'cubantomhanks', 'CubanFederales', 'English', 'clown', 'clowncil']",2026-08-02,06-09-50,Sunday
317962081895,1424810360,sweetflipsgg,498566,Slots,490,2026-08-01T22:08:38Z,en,"['sweetflips', 'English']",2026-08-02,06-09-50,Sunday
319636096734,27772699,apathy,512710,Call of Duty: Warzone,490,2026-08-01T20:10:11Z,en,"['English', 'pro', 'cod', 'callofduty', 'warzone', 'warzoneranked', 'OnlyFeet', 'rebirthisland', 'RESSURGENCE', 'coke']",2026-08-02,06-09-50,Sunday
319637452766,991964060,runieruse,489721,Resident Evil 0,489,2026-08-01T22:02:06Z,en,"['Vtuber', 'PhaseConnect', 'English', 'residentevil']",2026-08-02,06-09-50,Sunday
318525995766,132642617,r3crutatv,263490,Rust,489,2026-08-01T17:17:33Z,pt,"['wipeday', 'pvp', 'Português', 'Brasil', 'Raid', 'start', 'PRO', 'Rust', 'DropsAtivados']",2026-08-02,06-09-50,Sunday
320690469466,542401178,kingailton,509658,Just Chatting,489,2026-08-01T15:04:14Z,de,['Deutsch'],2026-08-02,06-09-50,Sunday
318664572916,1078197656,nokan777,29452,Virtual Casino,488,2026-08-01T21:34:11Z,pt,['Português'],2026-08-02,06-09-50,Sunday
317134806903,1357328142,davreltv,509658,Just Chatting,488,2026-08-01T22:29:57Z,en,['English'],2026-08-02,06-09-50,Sunday
320693988826,40229884,julia_tv,494099,Kingdom Hearts HD 1.5 + 2.5 ReMIX,488,2026-08-01T19:28:20Z,en,"['English', 'Variety', 'Interactive', 'PC', 'FirstPlaythrough']",2026-08-02,06-09-50,Sunday
316545194581,431644708,inboss1k,29595,Dota 2,488,2026-08-01T17:41:00Z,ru,"['Русский', 'dota2', 'INBossik', 'Обучение', 'Дота', 'Mid', 'Инвокер', 'чемпион', 'БлондинкаЗаРулем']",2026-08-02,06-09-50,Sunday
318690191703,421560387,itsryanhiga,2021019887,Pokelike,488,2026-08-01T17:04:46Z,en,"['english', 'English']",2026-08-02,06-09-50,Sunday
317381172580,32465897,mrokkin,509663,Special Events,487,2026-08-01T21:39:54Z,fr,['Français'],2026-08-02,06-09-50,Sunday
319763887328,414699449,rebeldustypinky,66170,Warframe,487,2026-08-01T21:26:19Z,en,"['English', 'VarietyStreamer', 'Helldivers', 'Vtuber', 'Arc', 'wow', 'Horror', 'warframe', 'Finals']",2026-08-02,06-09-50,Sunday
318168696678,103867423,xamar21,624536948,EA Sports FC 26,486,2026-08-01T20:00:18Z,de,"['xAmar21', 'Amar', 'Leckerboy21', 'Deutsch', 'Sport', 'Simulation', 'FootballFest']",2026-08-02,06-09-50,Sunday
318597817973,438686523,trollzinha,386821,Black Desert,485,2026-08-01T17:00:11Z,pt,"['Português', 'Vtuber', 'Shai', 'English', 'Русский', 'Español', 'Ｖｔｕｂｅｒ', 'Lahn', 'PIX', 'VtuberBR']",2026-08-02,06-09-50,Sunday
318101508197,136789153,cezzy,960290413,Sand: Raiders Of Sophie,484,2026-08-01T18:00:07Z,de,['Deutsch'],2026-08-02,06-09-50,Sunday
319632879198,112822444,shotz,490948,The Isle,484,2026-08-01T15:25:34Z,en,"['English', 'Shooter', 'Boomer', 'shotz', 'Malding', 'Roleplay', 'STARFORGE']",2026-08-02,06-09-50,Sunday
317785347928,660555943,jayunmatched,509658,Just Chatting,481,2026-08-01T21:34:45Z,en,"['justchatting', 'd10', 'English']",2026-08-02,06-09-50,Sunday
316617065940,46141647,sorabi_,509658,Just Chatting,480,2026-08-01T19:43:38Z,ru,"['бодиАрт', 'половоеВоспитание', 'общение', 'психология', 'кринж', 'Русский']",2026-08-02,06-09-50,Sunday
319635818206,4329841,harbleu,515025,Overwatch,480,2026-08-01T19:48:13Z,en,"['English', 'DropsEnabled']",2026-08-02,06-09-50,Sunday
316546114517,182324263,lampachmen,509658,Just Chatting,480,2026-08-01T19:32:39Z,ru,['Русский'],2026-08-02,06-09-50,Sunday
316574912854,632543201,szzalony,516575,VALORANT,478,2026-08-01T17:54:37Z,pl,['Polski'],2026-08-02,06-09-50,Sunday
318515761654,139064318,nitrao,515025,Overwatch,477,2026-07-31T09:47:23Z,pt,"['Português', 'DropsAtivados']",2026-08-02,06-09-50,Sunday
317380548708,530742890,xzaka_,491487,Dead by Daylight,477,2026-08-01T20:27:10Z,en,"['English', 'Español', 'Educational', 'CompDBD', 'DAMONSTA', 'Competitive', 'DropsEnabled']",2026-08-02,06-09-50,Sunday
315870968019,27045041,toadamarillo,21779,League of Legends,476,2026-08-01T16:21:18Z,es,"['Español', 'LeagueaofLegends', 'LOL', 'Toad', 'TOADAMARILLO', 'SQC', 'SQCSoloQChallenge', 'DropsActivados']",2026-08-02,06-09-50,Sunday
317782877016,24138907,alfie,459931,Old School RuneScape,474,2026-08-01T14:11:54Z,en,"['Christian', 'English', 'osrsbmm']",2026-08-02,06-09-50,Sunday
318167447142,430173323,farex_x1,27471,Minecraft,474,2026-08-01T18:23:48Z,en,['English'],2026-08-02,06-09-50,Sunday
317783287384,62186098,flip_switch,31339,Project Zomboid,474,2026-08-01T16:03:56Z,en,"['Solo', 'Zombies', 'english', 'hardcore', 'Gaming', 'English']",2026-08-02,06-09-50,Sunday
319637369950,786004197,clutchgonegaming,509658,Just Chatting,473,2026-08-01T21:57:02Z,en,"['clutch', 'English', 'intheclutchent']",2026-08-02,06-09-50,Sunday
319763501792,1028982832,booka,32982,Grand Theft Auto V,470,2026-08-01T20:56:46Z,en,['English'],2026-08-02,06-09-50,Sunday
320807270619,139837888,oliverog,33214,Fortnite,469,2026-08-01T20:50:24Z,en,"['English', 'Fortnite', 'DropsEnabled']",2026-08-02,06-09-50,Sunday
320695406810,40968796,lawlman,31339,Project Zomboid,469,2026-08-01T20:59:00Z,en,['English'],2026-08-02,06-09-50,Sunday
318170142694,1328184550,chloeparkerrrrr,509672,IRL,469,2026-08-01T22:25:38Z,en,['English'],2026-08-02,06-09-50,Sunday
318102593253,52443328,enkk,491189,Scrap Mechanic,469,2026-08-01T19:24:22Z,it,"['gigachad', 'almostchiavable', 'averaged', 'Italiano', 'aiguru', 'retrotopico', 'adultista', 'esiziale', 'turlupinante', 'aiexpert']",2026-08-02,06-09-50,Sunday
316546314965,805196060,abbasoov,509672,IRL,469,2026-08-01T19:59:49Z,ru,"['Русский', 'аббас', 'аббасов', 'абас']",2026-08-02,06-09-50,Sunday
315865624808,270232021,justketh,509658,Just Chatting,468,2026-08-01T13:34:00Z,en,"['English', 'IRL', 'Travel', 'ภาษาไทย', 'justchatting', 'girl', 'Thailand', 'Morocco', 'Moroccan']",2026-08-02,06-09-50,Sunday
320802401371,142055874,lolesportsla,21779,League of Legends,467,2026-08-01T15:04:18Z,es,"['LATAM', 'LOLLATAM', 'leagueoflegends', 'Esports', 'CBLOL', 'LCS', 'Español', 'DropsActivados']",2026-08-02,06-09-50,Sunday
320807470683,1016183683,fraanticc,33214,Fortnite,466,2026-08-01T21:02:23Z,en,"['English', 'Fortnite', 'DropsEnabled']",2026-08-02,06-09-50,Sunday
317957667431,192234076,shaker,27471,Minecraft,466,2026-08-01T15:48:40Z,de,['Deutsch'],2026-08-02,06-09-50,Sunday
317132947063,118376649,raeibon,512953,ELDEN RING,465,2026-08-01T17:35:34Z,en,['English'],2026-08-02,06-09-50,Sunday
318599922293,62654891,albatrox18,29307,Path of Exile,465,2026-08-01T21:53:56Z,pt,['Português'],2026-08-02,06-09-50,Sunday
318597502197,73378874,abak,608663369,RavenQuest,463,2026-08-01T16:08:05Z,pt,"['Português', 'English', 'DropsAtivados']",2026-08-02,06-09-50,Sunday
316547149653,1167225255,emilshe1nru,32399,Counter-Strike,462,2026-08-01T22:34:08Z,ru,['Русский'],2026-08-02,06-09-50,Sunday
318100714213,155042124,kurtiskush,32982,Grand Theft Auto V,462,2026-08-01T16:49:56Z,de,"['Deutsch', 'Comedy', 'Communityfreundlich', 'Rollenspiel']",2026-08-02,06-09-50,Sunday
320801753307,43494917,knut,509658,Just Chatting,460,2026-08-01T13:52:42Z,en,"['English', 'IRL', 'AustinTX', 'fitness', 'food', 'Texas', 'IronForge', 'Outdoors', 'cars']",2026-08-02,06-09-50,Sunday
319703587548,122979652,aikobliss,263490,Rust,458,2026-08-01T20:03:22Z,en,"['English', 'Variety', 'react', 'gaming', 'ADHD', 'CutiesOnly', 'DropsEnabled']",2026-08-02,06-09-50,Sunday
317356347618,131415728,prcs,32399,Counter-Strike,458,2026-08-01T21:29:57Z,pt,"['Português', 'CS2', 'faceit', 'FPL']",2026-08-02,06-09-50,Sunday
318597864309,64390837,zeusghostz,386821,Black Desert,458,2026-08-01T17:07:04Z,pt,"['Português', 'DropsAtivados']",2026-08-02,06-09-50,Sunday
317395237603,521646527,djcristianadematos,1669431183,DJs,458,2026-08-01T18:59:25Z,en,"['Techno', 'DJ', 'Acid', 'Trance', 'English', 'DJANE', 'Female', 'Party', 'DanceMusic', 'Woman']",2026-08-02,06-09-50,Sunday
319703545820,59602620,zeusy,1916111055,Streamer Games,456,2026-08-01T20:00:38Z,en,"['English', 'funny', 'OSRS', 'streameruniversity']",2026-08-02,06-09-50,Sunday
315826588497,12585713,threedogg,36799602,Clair Obscur: Expedition 33,456,2026-08-01T16:35:44Z,en,"['English', 'NoBackseating']",2026-08-02,06-09-50,Sunday
317784694872,110690086,myth,65876,Cyberpunk 2077,454,2026-08-01T20:00:06Z,en,['English'],2026-08-02,06-09-50,Sunday
317379698404,57191099,hyakujin,512953,ELDEN RING,452,2026-08-01T19:01:50Z,es,['Español'],2026-08-02,06-09-50,Sunday
317953074023,748881142,kubabonus,498566,Slots,451,2026-08-01T06:00:56Z,de,['Deutsch'],2026-08-02,06-09-50,Sunday
317134916855,163562674,jankyrondo,509658,Just Chatting,450,2026-08-01T22:48:25Z,en,"['sports', 'ADHD', 'Commanders', 'NFL', 'funny', 'funnystream', 'entertaining', 'entertainment', 'English', 'jankyrondo']",2026-08-02,06-09-50,Sunday
317390608099,20838704,gokedtv,516575,VALORANT,450,2026-08-01T07:49:45Z,es,"['watchparty', 'coach', 'tournament', 'spanish', 'Español', 'DropsActivados']",2026-08-02,06-09-50,Sunday
317396842083,734778954,kodi__98,498566,Slots,449,2026-08-01T21:52:03Z,de,['Deutsch'],2026-08-02,06-09-50,Sunday
320697170138,648164647,elmeap,1429246898,A Weird Game About Sausage,448,2026-08-01T22:40:27Z,es,['Español'],2026-08-02,06-09-50,Sunday
319765117152,72957565,shift,509663,Special Events,448,2026-08-01T23:01:21Z,en,"['English', 'Speedrun', 'speedrunning', 'WRAttempts', 'SpongeBob', 'Speedrunner', 'Speedruns', 'GameCube', 'PS2', '100Percent']",2026-08-02,06-09-50,Sunday
319703069020,165165027,vixi,21779,League of Legends,448,2026-08-01T19:26:39Z,en,"['Vtuber', 'English', 'ADHD', 'Chatty', 'Anime', 'Cozy', 'Mindbreak', 'foxsu', 'VisualASMR', 'ASMR']",2026-08-02,06-09-50,Sunday
317396335587,123293742,dankol83,509658,Just Chatting,446,2026-08-01T20:49:57Z,it,"['Italiano', 'ridere', 'giochi', 'VETRINA', 'English', 'inter', 'calcio', 'cucina', 'cinema']",2026-08-02,06-09-50,Sunday
318663935988,96909398,alineetv,1264310518,Marvel Rivals,446,2026-08-01T20:10:56Z,en,"['Feminine', 'Latina', 'ILikeMoney', 'lgbtqiaplus', 'English', 'Doll', 'EDM', 'ga', 'gamergirl', 'DropsEnabled']",2026-08-02,06-09-50,Sunday
318101461349,183467919,niisa,509511,Marbles on Stream,446,2026-08-01T17:56:51Z,de,"['Deutsch', 'English', 'DropsAktiviert']",2026-08-02,06-09-50,Sunday
319763924832,457481506,deargia,491487,Dead by Daylight,446,2026-08-01T21:29:45Z,es,"['Español', 'DropsActivados']",2026-08-02,06-09-50,Sunday
318166002662,107551531,kamikatze,1597660489,RESIDENT EVIL: requiem,445,2026-08-01T16:14:43Z,de,['Deutsch'],2026-08-02,06-09-50,Sunday
316546494933,71521770,tomatos,138585,Hearthstone,444,2026-08-01T20:27:00Z,ru,['Русский'],2026-08-02,06-09-50,Sunday
320633599449,116810429,codyschwab,16282,Super Smash Bros. Melee,444,2026-08-01T14:59:18Z,en,['English'],2026-08-02,06-09-50,Sunday
320806320347,64577558,aliciaxlife,31339,Project Zomboid,443,2026-08-01T19:50:54Z,en,"['English', 'VarietyStreamer', 'VarietyGamer', 'aliciaxdeath']",2026-08-02,06-09-50,Sunday
317353215202,544119697,chapo_dizona,32982,Grand Theft Auto V,440,2026-08-01T15:41:45Z,pt,['Português'],2026-08-02,06-09-50,Sunday
318691568215,38614029,johnpal,490100,Lost Ark,440,2026-08-01T19:35:14Z,en,"['English', 'MMO', 'ARPG', 'NewPlayerFriendly', 'DadGamer']",2026-08-02,06-09-50,Sunday
318525350646,48340211,pulgaboy,33214,Fortnite,437,2026-08-01T15:24:59Z,pt,"['Português', 'DropsAtivados']",2026-08-02,06-09-50,Sunday
317778006872,1345866291,nicolsenvo,513181,Genshin Impact,436,2026-08-01T00:12:16Z,en,"['18PlusStream', 'Voiceover', 'VO', 'Genshin', 'Flins', 'Botlane', 'ADC', 'Duo', 'UmaMusume', 'RunForYourDreams']",2026-08-02,06-09-50,Sunday
320686983386,604187751,aurorafractubela_uwu,509659,ASMR,436,2026-08-01T05:56:23Z,it,"['ASMRvisual', 'ASMR', 'girl', 'Princess', 'Español', 'tarot', 'sexygirlgamer']",2026-08-02,06-09-50,Sunday
317960666855,190988616,asleyia,509658,Just Chatting,435,2026-08-01T19:55:59Z,de,"['Deutsch', 'gamergirl']",2026-08-02,06-09-50,Sunday
317133509879,427741464,tayluss_twitch,511224,Apex Legends,435,2026-08-01T19:09:22Z,es,"['Español', 'Inglés', 'apex', 'apexlegends', 'Repetir', 'DropsActivados']",2026-08-02,06-09-50,Sunday
320695796314,35758713,calebdmtg,2748,Magic: The Gathering,435,2026-08-01T21:22:38Z,en,"['English', 'BeKindToEachOther', 'NOBACKSEATINGPLEASE']",2026-08-02,06-09-50,Sunday
317962252647,39263242,biba,32399,Counter-Strike,434,2026-08-01T22:30:46Z,de,['Deutsch'],2026-08-02,06-09-50,Sunday
320803809371,54706574,joshog,2059463486,Waterpark Simulator,434,2026-08-01T17:04:07Z,en,"['English', 'gambling']",2026-08-02,06-09-50,Sunday
318665184372,1304144214,bonmatti,32399,Counter-Strike,433,2026-08-01T22:46:16Z,es,"['English', 'Español']",2026-08-02,06-09-50,Sunday
318664326644,214147478,norgannonhh,464339927,ARC Raiders,432,2026-08-01T21:03:30Z,es,"['Español', 'MMORPG', 'Argentina', 'Drops', 'PvP', 'Gameplay', 'Noticias', 'Multijugador', 'ArcRaiders', 'Videojuegos']",2026-08-02,06-09-50,Sunday
317785895896,421838340,sashagrey,1122982998,Dark Souls: Remastered,432,2026-08-01T22:56:02Z,en,"['English', 'UNCLE', 'DROPS']",2026-08-02,06-09-50,Sunday
318599249781,245956058,antedeguemonn,19619,Tibia,431,2026-08-01T20:24:50Z,pt,"['Português', 'Tibia', 'majorupdate', 'poketibia', 'ShinyCharm', 'projeto', 'pxg']",2026-08-02,06-09-50,Sunday
318599398261,1418508116,marvelrivalsesp,1264310518,Marvel Rivals,431,2026-08-01T20:45:22Z,es,"['Español', 'marvelrivals', 'DropsActivados']",2026-08-02,06-09-50,Sunday
316315056371,1143848138,memucoro,516575,VALORANT,430,2026-08-01T22:59:17Z,ja,"['valorant', '関西弁', '初見歓迎', '日本語']",2026-08-02,06-09-50,Sunday
317352746722,110767738,nunohs,966704637,MIR 4,429,2026-08-01T14:47:17Z,pt,['Português'],2026-08-02,06-09-50,Sunday
318598151285,101373714,dilanzito,263490,Rust,429,2026-08-01T17:52:45Z,es,"['RustenEspañol', 'Rust', 'Rustpvp', 'Drops', 'Español', 'DropsActivados']",2026-08-02,06-09-50,Sunday
316547204949,164695671,sunshineg0d,32399,Counter-Strike,429,2026-08-01T22:48:29Z,ru,"['Русский', 'CS2', 'faceit10lvl']",2026-08-02,06-09-50,Sunday
317395643363,45329736,hitboxking,516575,VALORANT,428,2026-08-01T19:38:22Z,es,"['Español', 'valorant', 'shooters', 'DropsActivados']",2026-08-02,06-09-50,Sunday
316616583892,124432017,detoo,509672,IRL,428,2026-08-01T18:45:45Z,no,"['Norsk', 'IRL']",2026-08-02,06-09-50,Sunday
317395148899,141902679,thespiffingbrit,263490,Rust,426,2026-08-01T18:50:45Z,en,"['globalwarfare4', 'Rust', 'british', 'tea', 'English', 'DropsEnabled']",2026-08-02,06-09-50,Sunday
320636005081,761114816,ion2x,516575,VALORANT,425,2026-08-01T18:08:07Z,en,['English'],2026-08-02,06-09-50,Sunday
316546398805,132420183,mrxsmurf,29595,Dota 2,425,2026-08-01T20:12:33Z,ru,['Русский'],2026-08-02,06-09-50,Sunday
319636338910,63321379,the8bitdrummer,26936,Music,424,2026-08-01T20:30:18Z,en,"['GoodVibes', 'GoodBeans', 'Drums', 'Loud', 'Music', 'HighEnergy', 'English']",2026-08-02,06-09-50,Sunday
318099628389,535102707,kris_siie,263490,Rust,424,2026-08-01T14:53:07Z,de,"['Deutsch', 'girl', 'PvP', 'DropsAktiviert']",2026-08-02,06-09-50,Sunday
317952206055,1447297241,gtastyslots,498566,Slots,424,2026-08-01T01:46:09Z,de,"['Deutsch', 'Österreich', 'casino', 'slots', 'gTasty']",2026-08-02,06-09-50,Sunday
317393689699,694592090,missxandi,32982,Grand Theft Auto V,422,2026-08-01T15:56:27Z,pt,['Português'],2026-08-02,06-09-50,Sunday
317133486967,37923662,littlemann17,1832641890,MLB The Show 26,421,2026-08-01T19:05:10Z,en,['English'],2026-08-02,06-09-50,Sunday
317958348903,85379301,arathrak,1697689354,Captain of Industry,419,2026-08-01T16:57:36Z,de,"['Gemütlich', 'Entspannt', 'Cozy', 'Lauch', 'Deutsch', 'Partnered']",2026-08-02,06-09-50,Sunday
320806584923,24057744,sneegsnag,27471,Minecraft,419,2026-08-01T20:06:43Z,en,"['English', 'ADHD', 'farts', 'react', 'hardcore', 'horror', 'minecraft', 'mcc', 'truecrime']",2026-08-02,06-09-50,Sunday
318103743717,150436863,gskianto,509658,Just Chatting,418,2026-08-01T21:00:49Z,it,['Italiano'],2026-08-02,06-09-50,Sunday
318527141750,485807963,carolbalds,509658,Just Chatting,418,2026-08-01T20:00:32Z,pt,"['Português', 'Anime', 'conversa', 'Brasil', 'react', 'reagindo', 'filme']",2026-08-02,06-09-50,Sunday
318168301414,272233631,ivonyak,509658,Just Chatting,416,2026-08-01T19:28:50Z,uk,"['Українська', 'Українською', 'Україна']",2026-08-02,06-09-50,Sunday
320808338395,28180821,onemanaleft,29307,Path of Exile,415,2026-08-01T21:54:03Z,en,['English'],2026-08-02,06-09-50,Sunday
317395484771,73001035,lilyaang,512710,Call of Duty: Warzone,415,2026-08-01T19:23:08Z,fr,"['aigri', 'flop', 'Français']",2026-08-02,06-09-50,Sunday
318164181990,654279380,reismitmais,852009328,Mistfall Hunter,414,2026-08-01T12:58:00Z,de,"['Deutsch', 'sauercrowd', 'Reis', 'Mais', 'English', 'DropsAktiviert', 'thegyldenrush']",2026-08-02,06-09-50,Sunday
320807613531,643642250,jalensworld_,509658,Just Chatting,414,2026-08-01T21:11:11Z,en,['English'],2026-08-02,06-09-50,Sunday
316546109397,27803059,pidzam,29307,Path of Exile,414,2026-08-01T19:32:06Z,pl,['Polski'],2026-08-02,06-09-50,Sunday
317392188899,448607714,lexitvz,509658,Just Chatting,413,2026-08-01T12:49:24Z,fr,"['Français', 'chill', 'multigaming', 'discussion', 'LexiTVz', 'FR', 'subathon', 'DropsActivés']",2026-08-02,06-09-50,Sunday
318598227573,138319652,junin,263490,Rust,413,2026-08-01T18:02:35Z,pt,"['drops', 'Português', 'PvP', 'sobrevivencia', 'Rust', 'DropsAtivados']",2026-08-02,06-09-50,Sunday
320808668763,1515767227,taylamade014,509658,Just Chatting,413,2026-08-01T22:10:13Z,en,"['findom', 'ASMR', 'Goddess', 'feet', 'girl', 'paypig', 'egirl', 'girl', 'Woman', 'brat']",2026-08-02,06-09-50,Sunday
318599193973,582210277,peptidess_,512710,Call of Duty: Warzone,412,2026-08-01T20:18:10Z,pt,"['Português', 'warzone']",2026-08-02,06-09-50,Sunday
317783251672,1193321119,zerospacegg,813773698,ZeroSpace,411,2026-08-01T15:56:22Z,en,"['English', 'Zerospace', 'RTS', 'Tournament', 'DropsEnabled']",2026-08-02,06-09-50,Sunday
316257623666,748985325,twt_tsuwahasu,263490,Rust,411,2026-08-01T14:54:09Z,ja,"['日本語', 'Drops有効']",2026-08-02,06-09-50,Sunday
319763665632,142924654,bigbadbeaver,31339,Project Zomboid,411,2026-08-01T21:08:27Z,en,"['bigbadbeaver', 'story', 'hard', 'eng', 'zombie', 'Lore', 'English', 'technobeaver', 'DropsEnabled']",2026-08-02,06-09-50,Sunday
317356621538,1072651964,aroaasmr,509659,ASMR,411,2026-08-01T22:07:11Z,es,"['Español', 'España', 'English', 'AMA', 'Preguntaloquequieras', 'Relax', 'preguntasyrespuestas', 'triggers', 'ASMRvisual', 'ASMRauditivo']",2026-08-02,06-09-50,Sunday
319760941408,243275314,vgbootcamp4,330654616,Rivals of Aether II,411,2026-08-01T17:24:41Z,en,"['Esports', 'tournament', 'English', 'Comptetitive', 'Esport', 'smashbros', 'smash', 'SuperSmashBros', 'SmashUltimate', 'Smashbrosultimate']",2026-08-02,06-09-50,Sunday
318595988469,176141314,arteemoov,509658,Just Chatting,410,2026-08-01T08:35:10Z,ru,"['Русский', 'игры', 'реакция', 'кооп', 'веселье', 'общение', 'взаимодействиесчатом', 'Прохождения', 'Ecuador', 'DropsВключены']",2026-08-02,06-09-50,Sunday
318169147622,196891596,stikinson,1282866981,Delta Force,410,2026-08-01T20:39:55Z,ru,"['Русский', 'fps', 'English', 'deltaforce', 'warzone', 'DeltaForceCreator', '三角洲行动', 'DropsВключены']",2026-08-02,06-09-50,Sunday
320807663195,170760368,6cyx,515025,Overwatch,409,2026-08-01T21:14:14Z,en,"['English', 'NOBACKSEATGAMING', 'BackSeatGamersGETBANNED', 'BANNINGALLBACKSEATGAMERS', 'BackSeatGameGetsUBanned', 'DropsEnabled']",2026-08-02,06-09-50,Sunday
315907098985,57519051,darkviperau,32982,Grand Theft Auto V,409,2026-08-01T23:01:27Z,en,"['English', 'Chatty', 'OCE', 'Speedrun', 'PC', 'Australian']",2026-08-02,06-09-50,Sunday
317133787895,981272301,aureliatempris,19329,"Warhammer 40,000: Dawn of War II",408,2026-08-01T19:54:57Z,en,"['warhammer40k', 'Vtuber', 'custodian', 'warhammer', 'warhammer40000', 'English']",2026-08-02,06-09-50,Sunday
318692720727,137909053,ms_tricky,509658,Just Chatting,406,2026-08-01T21:25:48Z,en,"['English', 'findom', 'FINDOMME', 'Goddess', 'paypig', 'mommy', 'feet', 'ASMR', 'Princess']",2026-08-02,06-09-50,Sunday
318600147317,495323751,facuasmus,498566,Slots,406,2026-08-01T22:21:26Z,es,['Español'],2026-08-02,06-09-50,Sunday
316617084244,170424398,muxa___,32982,Grand Theft Auto V,406,2026-08-01T19:45:29Z,ru,['Русский'],2026-08-02,06-09-50,Sunday
317783729496,104632789,zemie,33214,Fortnite,405,2026-08-01T17:33:49Z,en,"['English', 'Fortnite', 'Tournament', 'Zemie', 'worldcup2026', 'DropsEnabled']",2026-08-02,06-09-50,Sunday
316608430420,1452895933,orangemorangeslots,498566,Slots,405,2026-07-31T16:48:52Z,de,['Deutsch'],2026-08-02,06-09-50,Sunday
316618150996,1209215984,masloest,29595,Dota 2,404,2026-08-01T22:54:17Z,ru,"['Русский', 'вайб', 'сотрудничество', 'вайб', 'dota2']",2026-08-02,06-09-50,Sunday
320693791706,28601033,pamaj,34134,Call of Duty: Black Ops II,404,2026-08-01T19:14:51Z,en,['English'],2026-08-02,06-09-50,Sunday
315844297426,1327119897,kwekuaddo,509658,Just Chatting,403,2026-08-01T20:40:17Z,en,['English'],2026-08-02,06-09-50,Sunday
319762766432,521737347,paleontologizing,509672,IRL,403,2026-08-01T19:55:55Z,other,"['SFW', 'Science', 'Educational', 'Paleontology', 'Fossils', 'Dinosaurs', 'Evolution', 'Outdoors', 'Fieldwork', 'Utah']",2026-08-02,06-09-50,Sunday
318102858853,897427376,fatalitea,509659,ASMR,401,2026-08-01T19:44:59Z,de,"['Comfy', 'lost', 'Chaotic', 'Vtuber', 'English', 'ASMR', 'Deutsch', 'ASMR', 'Seiso']",2026-08-02,06-09-50,Sunday
317785174744,130236689,bluwunk,21779,League of Legends,401,2026-08-01T21:08:11Z,en,"['Vtuber', 'English', 'girl', 'LOUD', 'Smolder', 'feet', 'Challenger', 'ADC', 'ADHD']",2026-08-02,06-09-50,Sunday
317785305304,10180554,victoria,509658,Just Chatting,400,2026-08-01T21:28:44Z,en,"['FINDOM', 'WALLETDRAIN', 'PAYPIG', 'GODDESS', 'FEET', 'ASMR', 'EGIRL', 'HOT', 'WOMAN', 'ENGLISH']",2026-08-02,06-09-50,Sunday
319635253086,80934441,overlordbou,32502,World of Warships,400,2026-08-01T19:02:09Z,en,"['PlayingwithViewers', 'BackseatGamingAllowed', 'commentary', 'AskMeAnything', 'ChallengeRun', 'Chatty', 'ShipReview', 'PvP', 'Strategy', 'English']",2026-08-02,06-09-50,Sunday
320808643675,660747188,jshock9nine,509672,IRL,399,2026-08-01T22:08:47Z,en,['English'],2026-08-02,06-09-50,Sunday
318169194982,1524596025,oceanevents,1669431183,DJs,398,2026-08-01T20:43:42Z,de,"['DJ', 'music', 'club', 'EDM', 'charts', 'LGBTQ', 'Deutsch']",2026-08-02,06-09-50,Sunday
316250131313,513408854,akai_ryoka,116747788,"Pools, Hot Tubs, and Beaches",398,2026-08-01T22:00:54Z,ru,"['Dance', 'общение', 'Русский', 'English', 'Asian', 'girl', '中文', 'Кореянка', 'kpop']",2026-08-02,06-09-50,Sunday
320606592473,28635965,bersgamer,1264310518,Marvel Rivals,398,2026-07-31T01:00:28Z,es,"['Español', 'deadbbydaylight', 'marvelrivals', 'DropsActivados']",2026-08-02,06-09-50,Sunday
317381140196,528897216,ilgabbrone,509672,IRL,397,2026-08-01T21:36:17Z,it,['Italiano'],2026-08-02,06-09-50,Sunday
318099687525,71533996,arukori,509663,Special Events,397,2026-08-01T14:59:54Z,de,"['Vtuber', 'GERVtuber', 'Deutsch', 'Weiblich', 'ADHD', 'LGBTQ', 'Anime', 'Tsundere']",2026-08-02,06-09-50,Sunday
317784949336,64372897,problemwright,1678532194,EA Sports College Football 27,396,2026-08-01T20:35:10Z,en,['English'],2026-08-02,06-09-50,Sunday
318689064023,676498718,meepmonkmw,18122,World of Warcraft,395,2026-08-01T13:30:57Z,en,['English'],2026-08-02,06-09-50,Sunday
318166028390,510366131,pummelfee86,509658,Just Chatting,393,2026-08-01T16:17:03Z,de,"['chill', 'Deutsch', 'satire', 'Comedy', 'Sarkasmus', 'ab18', 'vulgäresprache']",2026-08-02,06-09-50,Sunday
319636247262,411746363,its_iron,512710,Call of Duty: Warzone,393,2026-08-01T20:22:41Z,en,['English'],2026-08-02,06-09-50,Sunday
320694429274,62663660,rallied,512710,Call of Duty: Warzone,393,2026-08-01T19:56:41Z,en,['English'],2026-08-02,06-09-50,Sunday
318598642805,433869200,4dr4dr,29595,Dota 2,392,2026-08-01T19:04:41Z,pt,"['Português', 'Ranked']",2026-08-02,06-09-50,Sunday
318099765861,674994809,teamcaptain001,1264310518,Marvel Rivals,391,2026-08-01T15:07:25Z,en,"['English', 'forsen', 'ginger', 'sexygamer', 'Vtuber', 'FleshTuber', 'Scottish', 'xqc', 'GodGamer', 'DropsEnabled']",2026-08-02,06-09-50,Sunday
320696450650,478290210,sheiden,21779,League of Legends,391,2026-08-01T22:00:14Z,en,"['English', 'LCS', 'Challenger', 'Tagalog', 'pro', 'LEC', 'jungle', 'Rank1', 'Philippines', 'NA']",2026-08-02,06-09-50,Sunday
318101437541,43872967,sukidingels,263490,Rust,390,2026-08-01T17:55:06Z,de,"['Deutsch', 'Vtuber', 'DropsAktiviert']",2026-08-02,06-09-50,Sunday
318600540917,216809120,fiireh,498566,Slots,389,2026-08-01T23:04:36Z,es,['Español'],2026-08-02,06-09-50,Sunday
320806673371,24534372,jimrsng,813773698,ZeroSpace,387,2026-08-01T20:12:36Z,es,"['Español', 'divertido', 'comedia', 'irreverente', 'cringe', 'ajedrecista', 'sc2', 'drops', 'DropsActivados']",2026-08-02,06-09-50,Sunday
319764865248,1145706323,tranquillotv,32399,Counter-Strike,387,2026-08-01T22:43:42Z,it,"['Italy', 'Italiano', 'IT']",2026-08-02,06-09-50,Sunday
317381269348,50573540,baianinha,116747788,"Pools, Hot Tubs, and Beaches",387,2026-08-01T21:52:34Z,en,"['ingles', 'English', 'francais', 'Frances', 'America', 'Brasil']",2026-08-02,06-09-50,Sunday
317134648311,524635765,puhnoo,1264310518,Marvel Rivals,386,2026-08-01T22:05:22Z,en,"['tiktok', 'chill', 'drops', 'English', 'Competitive', 'DropsEnabled']",2026-08-02,06-09-50,Sunday
316615401684,177705039,futdaddyh,624536948,EA Sports FC 26,386,2026-08-01T16:17:35Z,en,"['Aitum', 'English']",2026-08-02,06-09-50,Sunday
318688401495,538506717,marinemammalrescue,272263131,"Animals, Aquariums, and Zoos",384,2026-08-01T10:26:58Z,en,"['Animals', 'ASMRvisual', 'Rerun', '24HourStream', 'Wildlife', 'FamilyFriendly', 'wholesome', 'goodvibes', 'TogetherForGood', 'English']",2026-08-02,06-09-50,Sunday
318099955813,142198882,maroosha,491487,Dead by Daylight,384,2026-08-01T15:28:38Z,ru,"['depressed', 'zxckotik666', 'аниме', 'казуал', 'женщина', 'emo', 'Русский', 'DropsВключены']",2026-08-02,06-09-50,Sunday
315996600044,85289321,aldiyargh,498592,I'm Only Sleeping,383,2026-07-31T09:16:18Z,ru,"['Казахстан', 'казах', 'Русский', 'денежныйкорридор', 'емлошадей', 'казы', 'кумыс', 'шубат', 'чотам']",2026-08-02,06-09-50,Sunday
317351364578,128081736,jojoy,19357,Guild Wars 2,383,2026-08-01T11:50:08Z,en,"['English', 'redhead', 'ASMR', 'Community', 'chaos', 'ADHD', 'Dyslexia', 'FirstPlaythrough', 'Woman', 'Cosplay']",2026-08-02,06-09-50,Sunday
317394219875,46526453,triplaxion,32982,Grand Theft Auto V,382,2026-08-01T17:00:58Z,fr,"['Français', '2k', 'multigaming', 'StarCitizen', 'horreur', 'Roleplay', 'DropsActivés']",2026-08-02,06-09-50,Sunday
320637985113,443042349,ohkatiemarie,506462,Control,382,2026-08-01T20:13:57Z,en,['English'],2026-08-02,06-09-50,Sunday
318692213847,1166399875,ninadaddyisback,509672,IRL,382,2026-08-01T20:36:13Z,en,['English'],2026-08-02,06-09-50,Sunday
317957669095,81579353,royalistiq,509672,IRL,381,2026-08-01T15:48:59Z,nl,['Nederlands'],2026-08-02,06-09-50,Sunday
318661598580,1434676778,sallesgote77,29452,Virtual Casino,380,2026-08-01T13:32:17Z,pt,"['Português', 'slots']",2026-08-02,06-09-50,Sunday
317381280228,1152050684,rglqq,168648543,Battlefield 6,380,2026-08-01T21:54:00Z,en,"['English', 'Charity', 'vr', 'girl', 'pool', 'anime', 'peanut', 'girlsstreaming', 'girlstreamer', 'girlgamer']",2026-08-02,06-09-50,Sunday
320808462555,47564896,lazzie,499003,VRChat,380,2026-08-01T22:00:05Z,en,['English'],2026-08-02,06-09-50,Sunday
318692629463,13031179,merytz,33214,Fortnite,379,2026-08-01T21:16:41Z,en,"['English', 'DropsEnabled']",2026-08-02,06-09-50,Sunday
318663023988,126341038,demuxa,491487,Dead by Daylight,378,2026-08-01T18:03:06Z,pt,"['Português', 'passiva', 'gay', 'LGBT', 'peruca', 'proplayer', 'Bear', '2k', 'DropsAtivados']",2026-08-02,06-09-50,Sunday
318661721716,32115632,tixinhadois,516575,VALORANT,377,2026-08-01T14:02:07Z,pt,"['Português', 'valorant']",2026-08-02,06-09-50,Sunday
318690459351,26636760,eliop14,459931,Old School RuneScape,375,2026-08-01T17:38:16Z,en,['English'],2026-08-02,06-09-50,Sunday
316617109204,970254513,babkalapka,509658,Just Chatting,375,2026-08-01T19:48:53Z,ru,['Русский'],2026-08-02,06-09-50,Sunday
320638883033,77913099,ifrostbolt,497057,Destiny 2,375,2026-08-01T21:09:30Z,en,"['community', 'pVp', 'VIbes', 'destiny2', 'Horror', 'PvE', 'English', 'Español']",2026-08-02,06-09-50,Sunday
319633197278,485205691,celthewitch,512953,ELDEN RING,375,2026-08-01T15:57:42Z,en,"['English', 'gothgirl', 'goth', 'GothMommy', 'marvelrivals', 'justchatting', 'Cosplay', 'drops', 'yapper', 'findom']",2026-08-02,06-09-50,Sunday
317960119399,17261176,vitecp,490147,Hollow Knight,374,2026-08-01T19:14:35Z,ru,['Русский'],2026-08-02,06-09-50,Sunday
320638732633,670055777,chiefbeef_rl,30921,Rocket League,374,2026-08-01T21:01:01Z,en,"['English', 'SSL', 'top100', 'jolly']",2026-08-02,06-09-50,Sunday
316616691924,707992736,magistorkaga,494184,Mobile Legends: Bang Bang,373,2026-08-01T18:58:44Z,ru,"['mlbb', 'Русский', 'Magistor', 'English', 'магистор', 'магистормлбб', 'магистр', 'игры', 'магистрмлбб', 'magistormlbb']",2026-08-02,06-09-50,Sunday
318692043735,509560125,develique,1916111055,Streamer Games,373,2026-08-01T20:20:14Z,en,"['English', 'Australian', 'FirstPlaythrough']",2026-08-02,06-09-50,Sunday
317355961442,121954515,0uahleouff,491168,Clash Royale,373,2026-08-01T20:44:29Z,fr,['Français'],2026-08-02,06-09-50,Sunday
320696250330,1252048072,nicopokie,23020,ROBLOX,372,2026-08-01T21:49:10Z,en,"['English', 'Pretty', 'awesome', 'kind', 'cool', 'handsome']",2026-08-02,06-09-50,Sunday
319635422814,480046482,yesseniavo,456845141,Zenless Zone Zero,372,2026-08-01T19:15:52Z,en,"['English', 'Vtuber', 'Latina', 'NIKKEPartner', 'Women', 'WuWaCreator', 'HoyoCreator', 'EndfieldCreators', 'Hispanic', 'DropsEnabled']",2026-08-02,06-09-50,Sunday
319636686686,30475945,arar,509658,Just Chatting,372,2026-08-01T21:00:23Z,en,"['English', 'Vtuber', 'HowFastCanYouDrawADolphin', 'Cooking', 'Equestrian', 'dude', 'Balding', 'PantsGrab']",2026-08-02,06-09-50,Sunday
316544006485,108386886,uzkapajam,509658,Just Chatting,372,2026-08-01T15:00:55Z,other,"['uzkapajam', 'latvian', 'latviešu', 'latvia']",2026-08-02,06-09-50,Sunday
320635447129,427263285,eternalreturngame,512864,Eternal Return,372,2026-08-01T17:30:44Z,en,['English'],2026-08-02,06-09-50,Sunday
317774384728,562644209,narang_421,509658,Just Chatting,372,2026-07-31T12:40:43Z,ko,"['한국어', 'US', '臺灣', '日本', 'USA', 'USA']",2026-08-02,06-09-50,Sunday
316544970453,423682142,snakeiter1,18122,World of Warcraft,371,2026-08-01T17:11:38Z,pl,"['Polski', 'Ludologia', 'Ludolog', 'Groznawca', 'ADHD', 'Asperger', 'Sebastian', 'Enrique', 'Alvarez', 'Sentino']",2026-08-02,06-09-50,Sunday
317958365543,770762177,mariospzoo,21779,League of Legends,370,2026-08-01T16:58:49Z,pl,['Polski'],2026-08-02,06-09-50,Sunday
315926245482,30141561,zondalol,19976,MapleStory,370,2026-08-01T09:53:09Z,zh,['中文'],2026-08-02,06-09-50,Sunday
319704495836,162974923,casa__retro,1476,Street Fighter III: 3rd Strike,369,2026-08-01T21:10:47Z,es,"['Español', 'Vtuber', 'JuegosDePelea', 'retrogames', 'fightinggames', 'Fighting']",2026-08-02,06-09-50,Sunday
317784309464,10181362,octopimp,2103289961,Stories from Sol: The Gun-Dog,369,2026-08-01T19:02:25Z,en,"['Vtuber', 'English', 'Retro', 'Anime', 'Mecha', 'Failmale', 'Feet', 'Armpits']",2026-08-02,06-09-50,Sunday
317355750754,427035204,mowraa,1763263,nanos world,369,2026-08-01T20:20:39Z,fr,"['Français', 'JL', 'lol', 'leagueoflegends', 'gmod', 'musique', 'jeu', 'Nanos', 'naruto', 'Zenkai']",2026-08-02,06-09-50,Sunday
317785298008,603314720,kierapleaze,1916111055,Streamer Games,369,2026-08-01T21:27:20Z,en,"['streameruniversity', 'streameruniversity2026', 'English', 'justchatting', 'Challenges']",2026-08-02,06-09-50,Sunday
320639572441,172390266,hiimsky,515025,Overwatch,368,2026-08-01T21:51:40Z,en,"['SPEEDSPORT', 'English', 'zarya', 'zarya', 'zarya', 'zarya', 'zarya', 'zarya', 'zarya', 'DropsEnabled']",2026-08-02,06-09-50,Sunday
317378345700,41990798,pint,24241,FINAL FANTASY XIV ONLINE,368,2026-08-01T16:23:29Z,en,"['ProfessionalGamer', 'ExtremelyAttractive', 'Skilled', 'English', 'Vtuber', 'DropsEnabled']",2026-08-02,06-09-50,Sunday
316258666866,443107707,thijihiguri,24241,FINAL FANTASY XIV ONLINE,368,2026-08-01T22:00:57Z,en,"['veteran', 'roleplay', 'cosplay', 'thijihiguri', 'dropsenabled', 'grinding', 'Competitive', 'LGBTQIAPlus', 'Chill', 'pathtopro']",2026-08-02,06-09-50,Sunday
319637034462,91137296,tobiasfate,21779,League of Legends,368,2026-08-01T21:29:06Z,en,"['English', 'Gangplank', 'TwistedFate', 'Graves', 'Bilgewater', 'Variety', 'DropsEnabled']",2026-08-02,06-09-50,Sunday
320691697498,134249978,simonizeshow,18122,World of Warcraft,367,2026-08-01T16:50:03Z,en,['English'],2026-08-02,06-09-50,Sunday
320696741082,38618236,drspectred,745589378,Balatro,367,2026-08-01T22:16:14Z,en,"['English', 'Charity']",2026-08-02,06-09-50,Sunday
317396094435,91993388,sb737,27471,Minecraft,366,2026-08-01T20:23:34Z,en,"['English', 'minecraft', 'smp', 'pvp', 'lifesteal']",2026-08-02,06-09-50,Sunday
315871580499,1106344955,r2onlineru,502829,R2 Online: Reign of Revolution,365,2026-08-01T19:04:08Z,ru,"['r2', 'R2Online', 'R2стрим', 'R2OnlineReignofRevolution', 'Русский']",2026-08-02,06-09-50,Sunday
320803845595,114519775,xclyde,497057,Destiny 2,365,2026-08-01T17:07:06Z,en,"['English', 'xClyde', 'gsxrclyde', 'Destiny2']",2026-08-02,06-09-50,Sunday
320694672218,122475319,triumphant,459931,Old School RuneScape,365,2026-08-01T20:11:20Z,en,"['English', 'Partnered', 'guy', 'Chad', 'goofy']",2026-08-02,06-09-50,Sunday
320806442203,554712890,sang,511224,Apex Legends,364,2026-08-01T19:58:11Z,en,"['English', 'apex', 'Sang', 'SangAPEX', 'MnK', 'MouseANDKeyboard', 'ballistic', 'apexpredator', 'top500', 'DropsEnabled']",2026-08-02,06-09-50,Sunday
318690576855,49974185,snakeeyez,2030977008,Avatar Legends: The Fighting Game,364,2026-08-01T17:52:54Z,en,"['English', 'EVO', 'Speed', 'Momentum', 'Action']",2026-08-02,06-09-50,Sunday
317960915431,132289488,hollywood285,624536948,EA Sports FC 26,364,2026-08-01T20:15:15Z,it,"['Italiano', 'DropAbilitati']",2026-08-02,06-09-50,Sunday
320695473370,125791392,gamescage,509658,Just Chatting,364,2026-08-01T21:02:24Z,en,"['English', 'sonic', 'goku', 'dragonball', 'hype', 'reacts', 'gaming']",2026-08-02,06-09-50,Sunday
316614272724,636281248,plush25,263490,Rust,363,2026-08-01T13:46:52Z,ru,"['Русский', 'English', 'Rust', 'раст', 'DropsВключены']",2026-08-02,06-09-50,Sunday
320635331801,1478013852,xlilfredson,511224,Apex Legends,363,2026-08-01T17:22:17Z,en,"['FPS', 'Controller', 'MnK', 'Apex', 'Valorant', 'Ranked', 'English', 'Lilfredson', 'ApexLegends', 'DropsEnabled']",2026-08-02,06-09-50,Sunday
318664502900,106690387,ness,31339,Project Zomboid,363,2026-08-01T21:25:15Z,pt,['Português'],2026-08-02,06-09-50,Sunday
319694374876,459898171,tenacitytv,506415, SEKIRO: SHADOWS DIE TWICE,362,2026-08-01T02:54:44Z,en,"['English', 'TTS', 'BaldStreamer']",2026-08-02,06-09-50,Sunday
317353858018,580985449,jizonn,32399,Counter-Strike,362,2026-08-01T16:58:38Z,pt,['Português'],2026-08-02,06-09-50,Sunday
316575504470,508412432,oses7,2132205352,Deadlock,361,2026-08-01T19:02:19Z,ru,"['Русский', 'English']",2026-08-02,06-09-50,Sunday
319637173854,137077628,marcdeezyy,1264310518,Marvel Rivals,361,2026-08-01T21:40:49Z,en,"['dropsenabled', 'english', 'English', 'DropsEnabled']",2026-08-02,06-09-50,Sunday
317134957175,163830836,seereaxtv,1826300051,Mario Kart World,360,2026-08-01T22:54:37Z,en,"['English', 'plantbased']",2026-08-02,06-09-50,Sunday
317381424356,540376267,ekkotheneeko,21779,League of Legends,360,2026-08-01T22:14:50Z,es,"['Español', 'LoL', 'Challenger', 'OTPEkko', 'English', 'Leagueoflegends', 'Ekko', 'Neeko', 'Pokemon', 'DropsActivados']",2026-08-02,06-09-50,Sunday
316613647444,444445704,ihw666,493959,Red Dead Redemption II,359,2026-08-01T12:06:50Z,ru,"['Русский', 'зожинспектор', 'сигма', 'Худой']",2026-08-02,06-09-50,Sunday
318598279925,153893302,pescocofino,6521,Grand Theft Auto: San Andreas,359,2026-08-01T18:10:23Z,pt,['Português'],2026-08-02,06-09-50,Sunday
316614695380,96218714,xandr_sh,17447,Disciples II: Rise of the Elves,359,2026-08-01T14:46:45Z,ru,['Русский'],2026-08-02,06-09-50,Sunday
317783875032,1488107072,coconutb__247,263490,Rust,359,2026-08-01T17:58:54Z,en,"['English', 'DropsEnabled']",2026-08-02,06-09-50,Sunday
315827699281,739969775,weronest,12839,Heroes of Might and Magic III: The Restoration of Erathia,358,2026-08-01T21:40:04Z,ru,['Русский'],2026-08-02,06-09-50,Sunday
320640415577,13326547,parasite,2012789438,Call of Duty: Black Ops 7,357,2026-08-01T22:38:10Z,en,"['English', 'pro', 'Ranked', 'fps', 'PvP']",2026-08-02,06-09-50,Sunday
320808673883,136704779,realarzell,509658,Just Chatting,356,2026-08-01T22:10:31Z,en,['English'],2026-08-02,06-09-50,Sunday
316617981908,732749999,baxadoto,29595,Dota 2,356,2026-08-01T22:09:53Z,ru,"['Русский', 'Engisih']",2026-08-02,06-09-50,Sunday
319636884702,32064652,cochard,1916111055,Streamer Games,356,2026-08-01T21:17:14Z,en,"['English', 'Variety', 'charming', 'women', 'FEET', 'elderly', 'asian', 'Multilingual', 'subathon', 'ginger']",2026-08-02,06-09-50,Sunday
316615381332,30175806,vetal_911,27284,Retro,355,2026-08-01T16:15:15Z,ru,['Русский'],2026-08-02,06-09-50,Sunday
318600106997,674311502,richellyna,513181,Genshin Impact,354,2026-08-01T22:16:17Z,pt,"['Animado', 'Hype', 'Português']",2026-08-02,06-09-50,Sunday
316614885332,765394889,banshameow,491487,Dead by Daylight,353,2026-08-01T15:10:16Z,ru,"['Vtuber', 'Витубер', 'Русский', 'девушка', 'Дислексия', 'кошкожена', 'DropsВключены']",2026-08-02,06-09-50,Sunday
315843931602,49261047,hugegorilla,624536948,EA Sports FC 26,352,2026-08-01T19:01:06Z,en,"['English', 'PRO', 'Gameplay', 'FC26']",2026-08-02,06-09-50,Sunday
320691777114,1102628121,jaxsondamusicmon,509658,Just Chatting,352,2026-08-01T16:56:19Z,en,"['English', 'music', 'funny']",2026-08-02,06-09-50,Sunday
317784246360,151819490,keeoh,516575,VALORANT,352,2026-08-01T18:54:46Z,en,"['English', 'adhd', 'trampoline', 'backflip', 'radiant', 'valorant', 'tenz', 'ninja', 'humble']",2026-08-02,06-09-50,Sunday
317958165991,74203310,rektbyprotoss,26881,Grim Dawn,351,2026-08-01T16:37:46Z,en,"['AMA', 'English']",2026-08-02,06-09-50,Sunday
318691432279,132968488,saucekill,509658,Just Chatting,351,2026-08-01T19:21:14Z,en,"['English', 'killkrew', 'Kode']",2026-08-02,06-09-50,Sunday
316617883220,1440711741,daydem,24241,FINAL FANTASY XIV ONLINE,351,2026-08-01T21:47:06Z,en,"['drops', 'DropsВключены', 'English', 'FFXIV']",2026-08-02,06-09-50,Sunday
316575119190,566970594,yxngstxr,32399,Counter-Strike,350,2026-08-01T18:16:48Z,en,"['English', 'asian', 'windowjumper', 'mirageplayer', 'LookingForWife', 'Tall', 'NotMyBirthday']",2026-08-02,06-09-50,Sunday
320806402139,99559203,haeyoday,516575,VALORANT,350,2026-08-01T19:55:53Z,en,"['English', 'valorant']",2026-08-02,06-09-50,Sunday
318597193333,154843490,isaroza_,509658,Just Chatting,350,2026-08-01T15:08:09Z,pt,['Português'],2026-08-02,06-09-50,Sunday
319705163100,63585181,bookofken,2059463486,Waterpark Simulator,349,2026-08-01T21:59:52Z,en,"['English', 'dailystream', 'BookOfKen', 'couple', 'horrorgames', 'variety', 'roleplay']",2026-08-02,06-09-50,Sunday
317133795703,52763608,gp_tv,33214,Fortnite,349,2026-08-01T19:55:57Z,en,"['English', 'groupchannel', 'VarietyStreamer', 'LGBTＱ', 'womensguild', 'TwitchAmbassador', 'DropsEnabled']",2026-08-02,06-09-50,Sunday
317378651620,694635949,evanv_77,509658,Just Chatting,349,2026-08-01T17:02:43Z,fr,['Français'],2026-08-02,06-09-50,Sunday
318153201382,121143935,axxin_live,27471,Minecraft,349,2026-07-31T12:43:04Z,de,"['Deutsch', 'minecraft', 'minecraftserver', 'Community', 'HugoSMP', 'hugpsmp']",2026-08-02,06-09-50,Sunday
320696484570,203670402,buni,509658,Just Chatting,349,2026-08-01T22:01:46Z,en,"['English', 'vtuber', 'australia', 'subathon', 'ADHD', 'Dance', 'vrchat']",2026-08-02,06-09-50,Sunday
317133923447,63029227,melizande,482579574,Grounded 2,348,2026-08-01T20:13:36Z,en,"['English', 'Vtuber', 'VoiceActing', 'Anime', 'Gamer', 'Comfy', 'Female', 'ENVtuber', 'Misfit', 'Melizande']",2026-08-02,06-09-50,Sunday
320804691931,92653727,x33n,210472759,Shift at Midnight,348,2026-08-01T18:06:45Z,en,"['English', 'Modded', 'LGBTQIAPlus', 'microscape']",2026-08-02,06-09-50,Sunday
315827097809,104919208,sooshi,515025,Overwatch,347,2026-08-01T18:50:59Z,en,"['English', 'DropsEnabled']",2026-08-02,06-09-50,Sunday
320802682843,121514979,mrsblob,500188,Hunt: Showdown 1896,347,2026-08-01T15:32:56Z,en,"['English', 'Vtuber', 'CostaRica', 'SoothingVoice', 'Comfy', 'ENVtuber', 'relaxing', 'Cozy', 'DropsEnabled']",2026-08-02,06-09-50,Sunday
318169797094,161580815,zg__,24241,FINAL FANTASY XIV ONLINE,347,2026-08-01T21:44:04Z,en,"['FFXIV', 'English', 'Deutsch', 'Русский', 'DropsEnabled']",2026-08-02,06-09-50,Sunday
318103908325,868575184,nerf_hamoo,21779,League of Legends,346,2026-08-01T21:16:54Z,ar,"['العربية', 'Qatar', 'Bahrain', 'SaudiArabia', 'Emirates', 'Egypt', 'Iraq']",2026-08-02,06-09-50,Sunday
320691679450,65635551,attach,2012789438,Call of Duty: Black Ops 7,346,2026-08-01T16:48:49Z,en,['English'],2026-08-02,06-09-50,Sunday
317396252899,513203568,tibsonm,509658,Just Chatting,346,2026-08-01T20:40:54Z,es,"['España', 'Español', 'Argentina', 'Uruguay']",2026-08-02,06-09-50,Sunday
320691869018,154813418,littlemixer,27284,Retro,345,2026-08-01T17:02:57Z,en,"['Retro', 'NoBackseating', 'NoSpoilers', 'English', 'firsttimeplaying', 'firstplaythrough', 'NotResidentEvil', 'NES', 'Nintendo', 'dynowarz']",2026-08-02,06-09-50,Sunday
316576808790,83458162,sanekingg,29595,Dota 2,344,2026-08-01T22:36:01Z,ru,['Русский'],2026-08-02,06-09-50,Sunday
318165893094,154211222,shiganari,21779,League of Legends,344,2026-08-01T16:03:29Z,ru,"['Русский', 'ADC', 'proplayer', 'Challenger', 'Educational', 'English']",2026-08-02,06-09-50,Sunday
316576531798,465164582,tutor146,32399,Counter-Strike,344,2026-08-01T21:31:42Z,ru,"['Русский', 'прокачкаинвентаря', 'CS2', 'casebattle', 'dinodrop', 'прокачка', 'прокачкаподписчиков', 'Инвентарь', 'tutor146', '146']",2026-08-02,06-09-50,Sunday
318664909300,495770298,valt4x,1429674651,Slots,342,2026-08-01T22:15:29Z,es,"['adulto', 'Español', 'Inglés', 'gambling']",2026-08-02,06-09-50,Sunday
316576720726,967771261,snur1xxx,29595,Dota 2,342,2026-08-01T22:13:22Z,en,['English'],2026-08-02,06-09-50,Sunday
320692128218,513244153,rosiebellmoo,1036710512,Palworld,342,2026-08-01T17:22:57Z,en,['English'],2026-08-02,06-09-50,Sunday
315844138450,162252916,avluckgamer,456845141,Zenless Zone Zero,342,2026-08-01T19:57:01Z,en,"['English', 'Gacha', 'DropsEnabled']",2026-08-02,06-09-50,Sunday
318097318629,66551495,knueppelpaste,478407715,Arma Reforger,341,2026-08-01T10:33:50Z,de,"['Deutsch', 'eigentlichganznett', 'PvP', 'vollderProfi', 'EFT', 'Lehrreich']",2026-08-02,06-09-50,Sunday
316544786773,456871999,etern4ty,509658,Just Chatting,341,2026-08-01T16:49:21Z,ru,"['Русский', 'CS2', 'faceit', 'фильмы', 'общение', 'valorant', 'marvel', 'deadlock', 'марвел']",2026-08-02,06-09-50,Sunday
318689191639,511579230,maisy,17179,Star Wars: Knights of the Old Republic,340,2026-08-01T14:05:23Z,en,"['English', 'peepeepoopoo', 'LGBTQIAPlus', 'women', 'jenniferaniston']",2026-08-02,06-09-50,Sunday
316617138772,775803864,nedogonpolya,509658,Just Chatting,340,2026-08-01T19:52:26Z,ru,['Русский'],2026-08-02,06-09-50,Sunday
318168866150,142271083,mozgoejka,401587136,Arena Breakout: Infinite,339,2026-08-01T20:14:26Z,ru,"['Русский', 'Vtuber', 'втубер', 'Витубер', 'ruvtuber', 'DropsВключены']",2026-08-02,06-09-50,Sunday
317953433319,268540895,hotbeatstv,1669431183,DJs,339,2026-08-01T07:20:52Z,en,"['ElectronicMusic', 'DJ', 'Techno', 'IRL', 'music', 'EDM', 'event', 'Studio', 'Dance', 'DanceMusic']",2026-08-02,06-09-50,Sunday
317380148964,74925882,betr0uni,1763263,nanos world,338,2026-08-01T19:45:43Z,fr,['Français'],2026-08-02,06-09-50,Sunday
318101181285,89161328,internetshawna,1735804268,"Below, Rusted Gods",338,2026-08-01T17:32:11Z,de,"['Deutsch', 'Horror', 'FirstPlaythrough']",2026-08-02,06-09-50,Sunday
316615743956,462182129,4ivan,29595,Dota 2,337,2026-08-01T17:02:52Z,ru,"['Русский', 'dota']",2026-08-02,06-09-50,Sunday
318693772759,1124225024,sassiekassie__,2012789438,Call of Duty: Black Ops 7,337,2026-08-01T23:05:03Z,en,"['girl', 'gamergirl', 'cod', 'justcchatting', 'BO7gameplay', 'egirl', 'ranked', 'English', 'bo7', 'meow']",2026-08-02,06-09-50,Sunday
317784083800,7832442,rifftrax,499973,Always On,336,2026-08-01T18:30:04Z,en,['English'],2026-08-02,06-09-50,Sunday
316031862381,845665382,wajeeho3,1036710512,Palworld,336,2026-08-01T14:38:23Z,ar,"['أنمي', 'أنميات', 'رياكشن', 'Anime', 'Watch', 'مانجا', 'مانقا', 'مارفل', 'marvel', 'العربية']",2026-08-02,06-09-50,Sunday
317784278616,506300132,spongeetl,511224,Apex Legends,335,2026-08-01T18:58:58Z,es,"['Español', 'gym', 'ApexLedends', 'DropsActivados']",2026-08-02,06-09-50,Sunday
320635189081,146790215,replays,33214,Fortnite,334,2026-08-01T17:11:30Z,en,"['English', 'FamilyFriendly', 'Fortnite', 'Energetic', 'DropsEnabled']",2026-08-02,06-09-50,Sunday
318154872166,932527968,armandoforcevod,499973,Always On,334,2026-07-31T15:43:46Z,en,"['English', 'drops', 'Badge', 'BadgeHunters']",2026-08-02,06-09-50,Sunday
318167187046,31092734,slivooo,518203,Sports,334,2026-08-01T18:03:03Z,de,"['Deutsch', 'Wrestling', 'WWE', 'RAW', 'smackdown', 'talk', 'AEW', 'RAW', 'wwewatchalong', 'WWE']",2026-08-02,06-09-50,Sunday
317379710436,103932811,gally,509658,Just Chatting,333,2026-08-01T19:02:58Z,fr,"['Français', 'TDAH', 'pasanglaisquoi', 'NoBackseating', 'DivorceAnnulé', 'CloudHusbando']",2026-08-02,06-09-50,Sunday
317381157220,175348316,ouaiseddy,509658,Just Chatting,333,2026-08-01T21:38:09Z,fr,['Français'],2026-08-02,06-09-50,Sunday
317959118055,1099473035,andreynoiles,509658,Just Chatting,333,2026-08-01T18:02:36Z,ru,"['Ноилс', 'Русский', 'АндрейНоилс', 'Английский']",2026-08-02,06-09-50,Sunday
316546580309,95771992,fishmandota2,29595,Dota 2,333,2026-08-01T20:40:10Z,ru,['Русский'],2026-08-02,06-09-50,Sunday
318693450839,1164025511,wavygocrazyy,1264310518,Marvel Rivals,333,2026-08-01T22:36:18Z,en,"['English', 'DropEnabled', 'DropsEnabled']",2026-08-02,06-09-50,Sunday
318169531366,150642043,omendigotv,498566,Slots,332,2026-08-01T21:14:25Z,pt,['Português'],2026-08-02,06-09-50,Sunday
317379336164,1338234092,zombie_doctorr,852009328,Mistfall Hunter,331,2026-08-01T18:24:38Z,en,"['English', 'poe2', 'Cosplay', 'mlbb', 'Russian', 'Русский', 'DropsEnabled']",2026-08-02,06-09-50,Sunday
319762050400,1041255184,jagerzgoober,491487,Dead by Daylight,330,2026-08-01T18:57:49Z,en,"['English', 'deadbydaylightstream', 'DeadByDaylightKiller', 'dbd', 'DeadeByDaylight', 'DropsEnabled', 'Charity']",2026-08-02,06-09-50,Sunday
317133535863,165753222,savefile17,138585,Hearthstone,329,2026-08-01T19:13:13Z,en,"['English', 'Arena', 'nerd', 'Leaderboard', 'hearthstonearena', 'hearthstone', 'StarWarsNerd', 'StarTrekNerd']",2026-08-02,06-09-50,Sunday
320696950746,140135053,zavalr,497057,Destiny 2,328,2026-08-01T22:28:08Z,en,"['English', 'Vtuber', 'BRAINROT', 'WATCHOUT']",2026-08-02,06-09-50,Sunday
317961328231,414589484,sloppywalrusx,21779,League of Legends,327,2026-08-01T20:50:07Z,en,['English'],2026-08-02,06-09-50,Sunday
320639076441,112286787,nohitjerome,18122,World of Warcraft,327,2026-08-01T21:22:06Z,en,"['pvp', 'pve', 'English', 'seasonofdiscovery', 'hardcore', 'MistsofPandaria', 'MMORPG', 'roleplaying']",2026-08-02,06-09-50,Sunday
318662473588,136975562,ouluh,758919967,Ragnarok Origin: Classic,326,2026-08-01T16:36:20Z,pt,"['Português', 'MMO', 'MMORPG', 'FPS', 'DropsAtivados']",2026-08-02,06-09-50,Sunday
318597603189,144443818,dilascio_,1264310518,Marvel Rivals,326,2026-08-01T16:25:14Z,pt,"['Português', 'Competitivo', 'Conversa', 'top500', 'overwatch', 'English', 'DropsAtivados']",2026-08-02,06-09-50,Sunday
320632714841,267671283,valekahn,511224,Apex Legends,325,2026-08-01T13:05:47Z,es,"['Español', 'apexlegends', 'fps', 'DropsActivados']",2026-08-02,06-09-50,Sunday
320696894682,930802125,pennyy,512710,Call of Duty: Warzone,325,2026-08-01T22:25:03Z,en,"['English', 'warzone', 'rebirthisland', 'resurgence', 'callofduty', 'cod', 'warzonecallofduty', 'solosquad']",2026-08-02,06-09-50,Sunday
318692404695,476845395,bashbunni,1916111055,Streamer Games,325,2026-08-01T20:56:12Z,en,"['OpenSourceSoftware', 'Cozy', 'English', 'emacs', 'rustlang', 'NoAI', 'coding']",2026-08-02,06-09-50,Sunday
317958365927,41942332,brix,32399,Counter-Strike,324,2026-08-01T16:58:52Z,de,"['Deutsch', 'English', 'ValorantPartner', 'Wiederholen', 'valorantcompetetive', 'counterstrike2', 'Counterstrikeshooter', 'CounterStrikerStreaming', 'counterstrikestreamer']",2026-08-02,06-09-50,Sunday
320635235417,207264502,daymr,1264310518,Marvel Rivals,324,2026-08-01T17:15:15Z,en,"['English', 'DropsEnabled']",2026-08-02,06-09-50,Sunday
320640551001,159143377,stankrat,491931,Escape from Tarkov,324,2026-08-01T22:45:50Z,en,['English'],2026-08-02,06-09-50,Sunday
316616857172,1128067071,evilkingmlbb,494184,Mobile Legends: Bang Bang,323,2026-08-01T19:17:52Z,ru,"['Русский', 'mlbb', 'evilking', 'mobilelegends', 'evilkingmlbb', 'общение', 'mobilelegendsLive', 'мобла', 'моба', 'TeamYandex']",2026-08-02,06-09-50,Sunday
320640953049,107322698,dropped,511224,Apex Legends,323,2026-08-01T23:06:44Z,en,"['ProPlayer', 'Bangalore', 'English', 'DropsEnabled']",2026-08-02,06-09-50,Sunday
319638107486,1138556979,evilvora,491487,Dead by Daylight,322,2026-08-01T22:52:27Z,en,"['English', 'DropsEnabled']",2026-08-02,06-09-50,Sunday
320803492315,137528636,actuallyatom,401587136,Arena Breakout: Infinite,322,2026-08-01T16:40:27Z,en,"['PvP', 'English', 'fps', 'DropsEnabled']",2026-08-02,06-09-50,Sunday
316247766769,186595351,marutake_a,263490,Rust,321,2026-08-01T10:17:36Z,ja,"['日本語', 'Drops有効']",2026-08-02,06-09-50,Sunday
317783552472,1089849930,nsevenxs,417528,Albion Online,321,2026-08-01T17:00:37Z,es,"['Español', 'Repetir', 'Albión', 'HCE', 'facción', 'Depths', 'DropsActivados']",2026-08-02,06-09-50,Sunday
318599228917,130608140,kennosv,33214,Fortnite,320,2026-08-01T20:22:25Z,pt,"['drops', 'loja', 'Português', 'EWC2026']",2026-08-02,06-09-50,Sunday
317395125859,486292881,vlad_cka,32982,Grand Theft Auto V,319,2026-08-01T18:48:30Z,fr,"['Français', 'GTARP', 'vladcka']",2026-08-02,06-09-50,Sunday
318598300789,246901600,leitep1,32982,Grand Theft Auto V,318,2026-08-01T18:13:12Z,pt,"['RP', 'Português', 'gta', 'metropolegg', 'CDA', 'CAPITAL', 'csgo', 'csgoskins', 'cassino']",2026-08-02,06-09-50,Sunday
317960691943,38608008,serverenok,1393304883,Mir Tankov,318,2026-08-01T19:58:01Z,ru,['Русский'],2026-08-02,06-09-50,Sunday
320809075163,1090864064,lumasva,509658,Just Chatting,318,2026-08-01T22:32:47Z,en,['English'],2026-08-02,06-09-50,Sunday
317133654135,107964009,crowmunist,497467,Monster Hunter: World,318,2026-08-01T19:32:54Z,en,"['English', 'LGBTQIA', 'Nonbinary', 'FirstPlaythrough', 'PlayingWithViewers']",2026-08-02,06-09-50,Sunday
315871241811,672041472,magnetikka,509658,Just Chatting,317,2026-08-01T17:38:01Z,es,"['Español', 'Mujer', 'noticias', 'España', 'Coaching', 'actualidad', 'reaccionando', 'chica', 'LATAM', 'Noticiero']",2026-08-02,06-09-50,Sunday
318664218996,128544632,ookina,29452,Virtual Casino,317,2026-08-01T20:48:40Z,pt,['Português'],2026-08-02,06-09-50,Sunday
317378252516,1193091266,otp,515025,Overwatch,316,2026-08-01T16:11:38Z,fr,"['Français', 'OTP', 'EWC', 'DropsActivés']",2026-08-02,06-09-50,Sunday
317380703588,908203335,ggplayboy777,29452,Virtual Casino,316,2026-08-01T20:44:34Z,pt,"['Slots', 'Português']",2026-08-02,06-09-50,Sunday
320697345498,89732656,hellboyshaq,1264310518,Marvel Rivals,316,2026-08-01T22:50:42Z,en,"['English', 'desktop', 'IRL', 'reactions', 'DropsEnabled']",2026-08-02,06-09-50,Sunday
320693834586,489936975,ikitcat_,5126,Resident Evil 3: Nemesis,316,2026-08-01T19:17:38Z,en,"['cosplayer', 'English', 'french', 'Cosplay', 'girl', 'Horror', 'ResidentEvill', 'chill', 'Cozy', 'challenge']",2026-08-02,06-09-50,Sunday
317133292151,107042044,chewy4u,1414860634,The Binding of Isaac: Repentance,315,2026-08-01T18:35:29Z,en,['English'],2026-08-02,06-09-50,Sunday
318664333556,1099784028,taongamestv,515381,Necesse,314,2026-08-01T21:04:18Z,pt,"['Português', 'LurkerFriendlyStream', 'sorteio', 'giveaway', 'Giveaways', 'English', 'Interactive', 'Brasil', 'Brasil']",2026-08-02,06-09-50,Sunday
316258676978,52732546,yoshiakilol,21779,League of Legends,314,2026-08-01T22:04:21Z,ja,['日本語'],2026-08-02,06-09-50,Sunday
319636603742,276337840,greekwario,18122,World of Warcraft,313,2026-08-01T20:53:38Z,en,['English'],2026-08-02,06-09-50,Sunday
316617664084,408833527,markl1nck,32399,Counter-Strike,313,2026-08-01T21:08:03Z,ru,"['Русский', 'strogo']",2026-08-02,06-09-50,Sunday
318525066870,513443866,lanje_live,18122,World of Warcraft,312,2026-08-01T14:22:59Z,pt,"['Português', 'English', 'RPG', 'MMORPG', 'MMO']",2026-08-02,06-09-50,Sunday
317375870820,550486386,tv1pb,509658,Just Chatting,311,2026-08-01T10:59:19Z,fr,"['french', 'Français', 'GamerRage', 'dreamcore', 'multigaming', 'Enigmes', 'BackseatGamingAllowed', 'BackseatingaIIowed', 'DrivingRacingGame', 'Horror']",2026-08-02,06-09-50,Sunday
320690692186,462587493,goober,2132205352,Deadlock,311,2026-08-01T15:24:49Z,en,"['English', 'Competitive', 'pro', 'goofygoober']",2026-08-02,06-09-50,Sunday
320634988121,51486023,smokaloke,66082,Games + Demos,311,2026-08-01T16:58:03Z,en,"['Mature', 'Adventure', 'English', 'Profanity', 'Indie', 'metalgearsolid', 'Zelda']",2026-08-02,06-09-50,Sunday
318692184535,710432375,twigbot_,518184,Phasmophobia,311,2026-08-01T20:33:23Z,en,"['loud', 'English', 'girl', 'sassy', 'food', 'Phasmophobia', 'silly', 'goofy', 'LGBTQFriendly']",2026-08-02,06-09-50,Sunday
318599615861,468642876,carol,509658,Just Chatting,310,2026-08-01T21:13:34Z,pt,"['Português', 'react', 'study', 'pomodoro', 'sprint', 'leitura', 'livros', 'Anime', 'otaku', 'DropsAtivados']",2026-08-02,06-09-50,Sunday
318163931366,195339615,giato,401587136,Arena Breakout: Infinite,310,2026-08-01T12:29:33Z,en,"['English', 'Cozy', 'Comfy', 'Goofy', 'Joking', 'VTuber', 'DropsEnabled']",2026-08-02,06-09-50,Sunday
317380375908,148302141,jade,21779,League of Legends,310,2026-08-01T20:07:43Z,es,"['egirl', 'canarias', 'irelia', 'Español', 'English', 'Toplaner', 'labubu', 'bratz', 'meow']",2026-08-02,06-09-50,Sunday
319632339166,137786375,luxthos,24241,FINAL FANTASY XIV ONLINE,310,2026-08-01T14:21:12Z,en,"['English', 'AMA', 'Québec', 'MMORPG', 'ARPG', 'LurkerFriendly', 'Interactive', 'giveaway', 'DropsEnabled']",2026-08-02,06-09-50,Sunday
319758548448,821381933,natanzgorzyk,498592,I'm Only Sleeping,310,2026-08-01T12:48:30Z,pl,"['natan', 'natanzgorzyk', 'pl', 'Polski']",2026-08-02,06-09-50,Sunday
316576298710,160080425,bogdan_rtm,18122,World of Warcraft,309,2026-08-01T20:53:26Z,en,"['wow', 'arena', 'pvp', 'classic', 'english', 'russian', 'English']",2026-08-02,06-09-50,Sunday
319636958814,759499397,paragonfgc,2030977008,Avatar Legends: The Fighting Game,309,2026-08-01T21:23:05Z,en,"['English', 'FGC', 'Tournament', 'LiveCommentary', 'ClosedCaptions']",2026-08-02,06-09-50,Sunday
317784092888,97080749,reefruff,66082,Games + Demos,309,2026-08-01T18:31:05Z,en,"['furry', 'chill', 'dog', 'English', 'woof']",2026-08-02,06-09-50,Sunday
317957149415,213290938,lagmasterpiece,509672,IRL,308,2026-08-01T14:54:00Z,el,['Ελληνικά'],2026-08-02,06-09-50,Sunday
318599245173,487205170,purrjectyui,516575,VALORANT,308,2026-08-01T20:24:22Z,es,"['Español', 'Chile', 'Vtuber', 'latinoamerica', 'Valo', 'VALORANT', 'Valorant']",2026-08-02,06-09-50,Sunday
317373097060,757102582,streamdatabase,499973,Always On,308,2026-07-31T21:42:04Z,en,"['English', 'Stream', 'Database', 'Badge', 'Marvel', 'Tokon', 'Final', 'Fantasy', 'XIV', 'DropsEnabled']",2026-08-02,06-09-50,Sunday
318692515543,58529158,katie,852009328,Mistfall Hunter,307,2026-08-01T21:05:40Z,en,"['Vtuber', 'chill', 'gaming', 'Fortnite', 'ADHD', 'Anime', 'fps', 'funny', 'pngtuber', 'English']",2026-08-02,06-09-50,Sunday
317130715767,1242487781,rdcwaitingroom_,499973,Always On,307,2026-08-01T06:59:42Z,en,['English'],2026-08-02,06-09-50,Sunday
318167777382,50997201,warpingwombat,13263,EVE Online,306,2026-08-01T18:50:23Z,en,"['English', 'NewPlayersWelcome', 'EVEOnline', 'Ironman', 'HardMode', 'BackseatingAllowed', 'AMA', 'goodvibes', 'NoMarket', 'Partnered']",2026-08-02,06-09-50,Sunday
318665064820,939171873,riqzinn7,32399,Counter-Strike,306,2026-08-01T22:33:15Z,pt,['Português'],2026-08-02,06-09-50,Sunday
316545069013,117995626,usachman,29106,S.T.A.L.K.E.R. 2: Heart of Chornobyl,306,2026-08-01T17:23:54Z,uk,"['Українська', 'Україна', 'Українською', 'Ukraine', 'UA', 'Ukrainian', 'Одеса', 'Миколаїв', 'Ігри']",2026-08-02,06-09-50,Sunday
319635363550,267948159,mobuckets,2112738408,NBA 2K26,306,2026-08-01T19:10:59Z,en,['English'],2026-08-02,06-09-50,Sunday
316545576789,94512259,antonchaze1993,509658,Just Chatting,306,2026-08-01T18:26:27Z,ru,['Русский'],2026-08-02,06-09-50,Sunday
318600452469,84212120,yulla,21779,League of Legends,305,2026-08-01T22:55:12Z,pt,['Português'],2026-08-02,06-09-50,Sunday
317380378852,516352275,lorenne_,509658,Just Chatting,305,2026-08-01T20:08:00Z,en,"['English', 'British', 'girl', 'ADHD', 'Woman', 'gaming', 'AskMeAnything', 'Chatty', 'Interactive', 'Variety']",2026-08-02,06-09-50,Sunday
318690908247,884338173,ferretsoftware,272263131,"Animals, Aquariums, and Zoos",305,2026-08-01T18:27:58Z,en,"['Ferret', 'Tube', 'Long', 'Wiggler', 'CatSnake', 'Noodle', 'Stinky', 'English']",2026-08-02,06-09-50,Sunday
317785307608,224037760,gent,511224,Apex Legends,304,2026-08-01T21:29:10Z,en,"['Him', 'English', 'Horkin', 'DropsEnabled']",2026-08-02,06-09-50,Sunday
317784890968,460227065,reveldridge,500188,Hunt: Showdown 1896,304,2026-08-01T20:26:48Z,en,"['Chill', 'English', 'Pathfinder', 'DnD', 'TTRPG', 'PF2e', 'ChillVibes', 'Safespace', 'VarietyStreamer', 'Starfinder2e']",2026-08-02,06-09-50,Sunday
316314863219,640727373,sumono33,1728683467,Core Keeper,304,2026-08-01T21:30:55Z,ja,"['日本語', 'ナメクジなので塩はかけないでね', 'ドット絵っていいよね', '山はいいね', 'translation', '初見プレイ', 'ネタバレ注意', 'ヒントなし', 'ナビ禁止']",2026-08-02,06-09-50,Sunday
318102756197,1046764363,altairnative,499973,Always On,304,2026-08-01T19:36:50Z,fr,"['SecondaryChannel', 'communauté', 'Français', 'Rediffusions']",2026-08-02,06-09-50,Sunday
315403127408,907334098,serimm11,509658,Just Chatting,303,2026-08-01T14:21:35Z,ko,['한국어'],2026-08-02,06-09-50,Sunday
320636569689,224421400,mrpoffgaming,491931,Escape from Tarkov,303,2026-08-01T18:47:20Z,en,['English'],2026-08-02,06-09-50,Sunday
320803012059,127154394,ciderspider,24241,FINAL FANTASY XIV ONLINE,301,2026-08-01T16:01:36Z,en,"['English', 'DropsEnabled']",2026-08-02,06-09-50,Sunday
317379896676,41502331,vulcanhdgaming,1174942814,Broken Arrow,301,2026-08-01T19:19:43Z,en,"['Warno', 'SteelDivision2', 'Wargame', 'Companyofheroes', 'English', 'RTS', 'Strategy', 'BrokenArrow']",2026-08-02,06-09-50,Sunday
318599395701,136515315,adversogg,516575,VALORANT,301,2026-08-01T20:45:04Z,es,"['Español', 'fps']",2026-08-02,06-09-50,Sunday
320695484378,30080840,tsm_theoddone,2105229629,Xenoblade Chronicles 2: Nintendo Switch 2 Edition,300,2026-08-01T21:03:03Z,en,['English'],2026-08-02,06-09-50,Sunday
317783713496,1470067361,postywaitingroom,263490,Rust,300,2026-08-01T17:31:05Z,en,"['English', 'DropsEnabled']",2026-08-02,06-09-50,Sunday
320692843610,51700007,lifeofrio,512953,ELDEN RING,300,2026-08-01T18:12:05Z,en,"['English', 'comedy', 'satire', 'HolidayHoopla']",2026-08-02,06-09-50,Sunday
316247637233,163255402,kanseru_tyan,263490,Rust,300,2026-08-01T09:40:10Z,ja,"['歌い手', '声真似', '鳩禁止', '日本語', '過度な指示コメ禁止', 'Drops有効']",2026-08-02,06-09-50,Sunday
318168106982,630056586,dino_dodo_,509658,Just Chatting,299,2026-08-01T19:14:38Z,cs,['Čeština'],2026-08-02,06-09-50,Sunday
318693450583,88306095,wavytannerr,1264310518,Marvel Rivals,299,2026-08-01T22:36:18Z,en,"['English', 'Christian', 'DropsEnabled', 'drops']",2026-08-02,06-09-50,Sunday
320697546202,1372643213,anyanyabyss,509663,Special Events,298,2026-08-01T23:00:53Z,en,"['English', 'bratty', 'anime', 'catgirl', 'ADHD']",2026-08-02,06-09-50,Sunday
316576599510,961922319,kassshiro,401587136,Arena Breakout: Infinite,298,2026-08-01T21:45:24Z,ru,"['Русский', 'Engisih', 'Соревновательныеигры', 'PC', 'Russian', 'Повтор', 'arenabreakout', 'ArenaBreakoutPC', 'DropsВключены']",2026-08-02,06-09-50,Sunday
320638270937,1056472714,jaymommy0,1264310518,Marvel Rivals,297,2026-08-01T20:31:48Z,en,"['English', 'streameruniversity2026', 'DropsEnabled']",2026-08-02,06-09-50,Sunday
319637754590,8970565,authorblues,27284,Retro,297,2026-08-01T22:25:33Z,en,"['English', 'RetroAchievements', 'Speedrun', 'speedrunning']",2026-08-02,06-09-50,Sunday
319761296096,26302544,zapman,2094865572,SMITE 2,297,2026-08-01T17:56:04Z,en,"['English', 'DropsEnabled']",2026-08-02,06-09-50,Sunday
320808591195,955157551,plentyyt,1966413119,Burgie's Cozy Kitchen,296,2026-08-01T22:05:59Z,en,"['plenty', 'English']",2026-08-02,06-09-50,Sunday
316575217366,76960896,narilah,1669431183,DJs,296,2026-08-01T18:29:05Z,de,"['Deutsch', 'onlygoodvibes', 'SpaßhabenundZugucken', 'English', 'Cozy', 'music', 'bass']",2026-08-02,06-09-50,Sunday
320637634777,56399221,viper,21779,League of Legends,295,2026-08-01T19:53:37Z,en,"['English', 'leagueoflegeneds', 'DropsEnabled']",2026-08-02,06-09-50,Sunday
316546860245,1516846330,rufattv,509658,Just Chatting,295,2026-08-01T21:26:47Z,ru,"['English', 'РУФАТ', 'bmw', 'русский', 'мяу', 'Русский']",2026-08-02,06-09-50,Sunday
320635450457,79294007,mira,509658,Just Chatting,295,2026-08-01T17:31:02Z,en,"['English', 'Iceland', 'Japan', 'Sweden', 'Norway', 'Scandinavia', 'USA', 'Canada', 'America', 'JUICE']",2026-08-02,06-09-50,Sunday
317958553319,100200356,xemtek,2009321156,Dark and Darker,294,2026-08-01T17:14:57Z,pl,"['Polski', 'DropyWłączone']",2026-08-02,06-09-50,Sunday
316609947988,84152112,linny,509658,Just Chatting,294,2026-07-31T19:51:54Z,en,"['girl', 'gamer', 'gym', 'fitness', 'cooking', 'irl', 'woman', 'female', 'cats', 'sweden']",2026-08-02,06-09-50,Sunday
320808769627,195759402,j3llybag3l,401587136,Arena Breakout: Infinite,294,2026-08-01T22:15:35Z,en,"['English', 'egirlgamer', 'DommyMommy', 'uwu', 'DropsEnabled']",2026-08-02,06-09-50,Sunday
