id,user_id,user_login,game_id,game_name,viewer_count,started_at,language,tags,snapshot_date,snapshot_time,snapshot_day
319835190368,472066926,theburntpeanut,491931,Escape from Tarkov,40982,2026-08-07T00:07:19Z,en,"['English', 'funny', 'gaming', 'Ptuber', 'fpsgames', 'Variety', 'tobacco', 'Peanut', 'DropsEnabled']",2026-08-07,14-44-44,Friday
316272631793,67519684,sasatikk,491931,Escape from Tarkov,14386,2026-08-07T02:24:14Z,ja,"['ネタバレなし', 'アドバイスなし', '日本語', 'Drops有効']",2026-08-07,14-44-44,Friday
319788966108,139251406,fanum,14842174,Chained Together,13808,2026-08-07T03:38:35Z,en,['English'],2026-08-07,14-44-44,Friday
317164543223,204730616,cinna,509658,Just Chatting,11738,2026-08-05T22:33:47Z,en,['English'],2026-08-07,14-44-44,Friday
315849135313,92038375,caedrel,21779,League of Legends,9443,2026-08-07T07:30:10Z,en,"['English', 'LPL', 'LCK', 'LEC', 'Worlds', 'Esports']",2026-08-07,14-44-44,Friday
319710679390,70225218,tenz,516575,VALORANT,7659,2026-08-07T05:11:01Z,en,"['English', 'Anime', 'FPS', 'tenz', 'ADHD']",2026-08-07,14-44-44,Friday
320729908185,94130217,gingy,491931,Escape from Tarkov,7286,2026-08-07T01:29:39Z,en,"['English', 'mistfallhunter', 'thegyldenrush', 'DropsEnabled']",2026-08-07,14-44-44,Friday
316281758322,214737896,minoru04160,263490,Rust,5760,2026-08-07T07:06:42Z,ja,"['日本語', 'Drops有効']",2026-08-07,14-44-44,Friday
317170888311,26490481,summit1g,32399,Counter-Strike,5687,2026-08-06T20:27:15Z,en,['English'],2026-08-07,14-44-44,Friday
319706453598,45098797,cdawg,33214,Fortnite,5272,2026-08-07T00:08:45Z,en,['English'],2026-08-07,14-44-44,Friday
316273436017,44525650,k4sen,505084,Umamusume: Pretty Derby,5155,2026-08-07T07:08:55Z,ja,"['日本語', 'ネタバレNG', 'ネタバレ注意', '聞いてないアドバイス禁止']",2026-08-07,14-44-44,Friday
316018349419,1214185767,lplenglish,21779,League of Legends,5129,2026-08-07T06:29:57Z,en,"['LPL', 'Lolesports', 'English']",2026-08-07,14-44-44,Friday
315926434153,106013742,pestily,491931,Escape from Tarkov,5088,2026-08-07T05:36:15Z,en,"['English', 'DropsEnabled']",2026-08-07,14-44-44,Friday
318753236439,100869214,arky,509658,Just Chatting,4641,2026-08-07T00:29:19Z,en,['English'],2026-08-07,14-44-44,Friday
316338578291,41952329,bijusan,516575,VALORANT,4626,2026-08-07T07:24:23Z,ja,['日本語'],2026-08-07,14-44-44,Friday
319702042334,598713647,angryginge13,498592,I'm Only Sleeping,4616,2026-08-06T18:19:56Z,en,['English'],2026-08-07,14-44-44,Friday
318756196695,88946548,aceu,511224,Apex Legends,4197,2026-08-07T04:13:31Z,en,"['buh', 'English']",2026-08-07,14-44-44,Friday
315925930601,169185650,robcdee,509658,Just Chatting,4156,2026-08-07T02:02:05Z,en,"['Tokyo', 'Japan', 'Outdoors', 'Cycling', 'Exploration', 'Travel', 'Anime', 'Speedeating', 'English', 'Gout']",2026-08-07,14-44-44,Friday
315886740200,1057785822,michimochievee,509658,Just Chatting,3846,2026-08-07T03:56:28Z,en,"['English', 'VTuber', 'Cringe', 'Bilingual', 'Anime', 'Indonesian']",2026-08-07,14-44-44,Friday
316584449749,524953193,d1pro4,509658,Just Chatting,3617,2026-08-07T07:04:30Z,ru,['Русский'],2026-08-07,14-44-44,Friday
316273394417,805456112,naru0419045,55453844,Street Fighter 6,3563,2026-08-07T06:54:37Z,ja,['日本語'],2026-08-07,14-44-44,Friday
317399657954,610935997,sirolopez56,518203,Sports,3539,2026-08-07T06:48:52Z,es,"['realmadrid', 'barcelona', 'atleti', 'deporte', 'charladeporte', 'fútbol', 'Español', 'TertuliaDeportiva', 'fichajes', 'Viajes']",2026-08-07,14-44-44,Friday
315865624914,172376071,maxim,852009328,Mistfall Hunter,3479,2026-08-07T05:26:52Z,de,"['BesterSpieler', 'Maxim', 'Deutsch', 'german', 'DropsAktiviert']",2026-08-07,14-44-44,Friday
315419704304,124425501,lck,21779,League of Legends,3469,2026-08-07T07:19:56Z,en,"['Esports', 'English', 'DropsEnabled']",2026-08-07,14-44-44,Friday
317437854691,28585164,mynthos,31339,Project Zomboid,3421,2026-08-07T06:39:03Z,fr,"['Français', 'goulu', 'mynthos', 'Simulator', 'Poule']",2026-08-07,14-44-44,Friday
317420719716,217476533,sol1xd,21779,League of Legends,3420,2026-08-06T19:37:23Z,es,"['gwen', 'otp', 'challenger', '6XX', 'Español']",2026-08-07,14-44-44,Friday
319707427038,679116841,suburbbaby,509658,Just Chatting,3353,2026-08-07T01:01:53Z,en,"['English', 'suburbbaby', 'streameruniversity2026', 'streameruniversity', 'kaicenat', 'IRL']",2026-08-07,14-44-44,Friday
318158951141,530561729,spontent,518203,Sports,3294,2026-08-07T06:33:17Z,de,"['Deutsch', 'sport', 'beachvolleyball', 'germanbeachtour']",2026-08-07,14-44-44,Friday
317172995063,173758090,quarterjade,1751366933,Riftbound,3226,2026-08-07T01:29:52Z,en,['English'],2026-08-07,14-44-44,Friday
317825391192,27992608,pikabooirl,21779,League of Legends,3165,2026-08-07T00:41:30Z,en,['English'],2026-08-07,14-44-44,Friday
318204904550,531019578,ronnyberger,509672,IRL,2971,2026-08-05T11:06:19Z,de,"['Deutsch', 'vlog', 'justchatting', 'Christ', 'IRL', 'outdoor', 'camp', 'camping', 'survival', 'bushcraft']",2026-08-07,14-44-44,Friday
316273362545,29722828,never_loses,21779,League of Legends,2935,2026-08-07T06:44:03Z,zh,"['叉滴娛樂', '中文']",2026-08-07,14-44-44,Friday
318752491095,27369897,ben_,29307,Path of Exile,2897,2026-08-06T23:22:04Z,en,['English'],2026-08-07,14-44-44,Friday
315947512554,81190365,colourhex,515025,Overwatch,2890,2026-08-07T02:40:05Z,en,"['English', 'top500', 'ADHD', 'Overwatch2', 'Australia', 'NZL', 'NewZealand', 'chill', 'DropsEnabled']",2026-08-07,14-44-44,Friday
316611898326,38770961,dracon,509658,Just Chatting,2827,2026-08-07T06:52:50Z,de,['Deutsch'],2026-08-07,14-44-44,Friday
320729456217,29400754,lacari,1986835154,Yakuza Kiwami 2,2738,2026-08-07T01:09:05Z,en,"['Bald', 'Loud', 'Forsen', 'Vtuber', 'Black', 'Anime', 'English', 'Variety', 'FGC', 'Fitness']",2026-08-07,14-44-44,Friday
315419509616,91958353,jeefhs,138585,Hearthstone,2691,2026-08-07T05:43:09Z,en,['English'],2026-08-07,14-44-44,Friday
318755128535,160504245,39daph,210472759,Shift at Midnight,2647,2026-08-07T02:52:46Z,en,"['Guam', 'Evil', 'Unhygienic', 'Unholy', 'English', 'Geriatric', 'Deceptive']",2026-08-07,14-44-44,Friday
316338562803,544210045,valorant_jpn,516575,VALORANT,2646,2026-08-07T07:19:55Z,ja,"['Esports', '日本語']",2026-08-07,14-44-44,Friday
317171815543,45302947,iitztimmy,460630,Rainbow Six Siege,2615,2026-08-06T22:56:45Z,en,"['English', 'iiTzHimothy', 'RedBullGuy', 'PlayApexStreamer', 'mightbestupid']",2026-08-07,14-44-44,Friday
315926374505,194331558,august,515025,Overwatch,2608,2026-08-07T05:14:56Z,en,"['Kiriko', 'Support', 'ADHD', 'English', 'Ana', 'Top500', 'Mean', 'Wholesome', 'Anime', 'DropsEnabled']",2026-08-07,14-44-44,Friday
315386098414,15027034,zrush,210472759,Shift at Midnight,2549,2026-08-07T06:18:12Z,zh,"['中文', '訂閱免廣告']",2026-08-07,14-44-44,Friday
319835659232,936171791,yugi,509658,Just Chatting,2495,2026-08-07T00:31:00Z,en,"['English', 'yugi2x']",2026-08-07,14-44-44,Friday
319835865440,70880222,smoke,491931,Escape from Tarkov,2400,2026-08-07T00:41:37Z,en,"['English', 'DayZ', 'Adventure', 'Immersion', 'Action', 'Shooter', 'DropsEnabled']",2026-08-07,14-44-44,Friday
318748894423,100369229,desmondpilak,491931,Escape from Tarkov,2378,2026-08-06T16:09:42Z,en,"['English', 'DropsEnabled']",2026-08-07,14-44-44,Friday
320733010009,567749911,cowi,509659,ASMR,2287,2026-08-07T03:47:29Z,es,"['Español', 'English', 'Vtuber', 'ASMR', 'softspoken', 'Anime', 'Chatty', 'ADHD', 'Latina']",2026-08-07,14-44-44,Friday
318224440934,205654898,keliencs,32399,Counter-Strike,2283,2026-08-07T05:23:53Z,ru,"['Русский', 'English', 'CS2', 'FPL']",2026-08-07,14-44-44,Friday
316641416916,27572209,mazoni,491931,Escape from Tarkov,2247,2026-08-05T10:43:52Z,ru,"['Русский', 'EFT', 'DropsВключены']",2026-08-07,14-44-44,Friday
316273263601,128222917,bbbb87,21779,League of Legends,2244,2026-08-07T06:11:09Z,zh,['中文'],2026-08-07,14-44-44,Friday
319835668448,86224100,pge4,2132205352,Deadlock,2240,2026-08-07T00:31:27Z,en,"['English', 'DidIMentionChill', 'RealBuddha', 'ｃｈｉｌｌ', 'SeriousRolePlay']",2026-08-07,14-44-44,Friday
316272853361,72480716,tonton,539257489,Beast of Reincarnation,2214,2026-08-07T03:50:17Z,fr,"['Éducatif', 'Français', 'English', 'German', 'Spanish']",2026-08-07,14-44-44,Friday
319706216158,79202256,zy0xxx,504461,Super Smash Bros. Ultimate,2208,2026-08-06T23:57:33Z,en,['English'],2026-08-07,14-44-44,Friday
316337759091,276504990,shinjifromjapanxd,1036710512,Palworld,2165,2026-08-07T02:41:20Z,ja,['日本語'],2026-08-07,14-44-44,Friday
316338134259,93305727,takayaspecial,21779,League of Legends,2143,2026-08-07T04:59:10Z,ja,"['日本語', '雑談']",2026-08-07,14-44-44,Friday
320902033883,23480748,guru,1264310518,Marvel Rivals,2108,2026-08-07T01:35:19Z,en,"['Educational', 'English', 'tank', 'Coaching', 'marvelrivals', 'timthetatman', 'OAA', 'gale', 'DropsEnabled']",2026-08-07,14-44-44,Friday
317436462691,149107396,caresapo,21779,League of Legends,2096,2026-08-06T22:06:30Z,es,"['Español', 'LoL', 'Vtuber', 'Calvo', 'Furry', 'Therian', 'LGBTQPlus', 'Femboy']",2026-08-07,14-44-44,Friday
320728850649,519084584,santipulgaz,509658,Just Chatting,2093,2026-08-07T00:42:55Z,en,"['English', 'oscs']",2026-08-07,14-44-44,Friday
318753907415,64926136,detune,509672,IRL,2039,2026-08-07T01:21:29Z,en,"['lgbtqIa', 'black', 'LGBT', 'horror', 'paranormal', 'English', 'Biracial', 'scary', 'ghosthunting', 'momswelcome']",2026-08-07,14-44-44,Friday
316057814509,67228913,adletmeyergg,29595,Dota 2,2004,2026-08-06T22:58:10Z,ru,"['dota2', 'pos2', 'mid', 'Русский']",2026-08-07,14-44-44,Friday
320898126683,21588571,anthony_kongphan,852009328,Mistfall Hunter,1990,2026-08-06T22:54:46Z,en,"['English', 'Vampire', 'goth', 'Patellanation', 'ADHDStreamer', 'DropsEnabled']",2026-08-07,14-44-44,Friday
317826472152,824452306,basildl,2132205352,Deadlock,1982,2026-08-07T02:54:38Z,en,"['English', 'deadlock', 'Eternus', 'persian', 'Infernus', 'wraith', 'mirage', 'mina', 'Celeste']",2026-08-07,14-44-44,Friday
320727344217,103314254,tray,670138298,Madden NFL 27,1947,2026-08-06T23:30:24Z,en,['English'],2026-08-07,14-44-44,Friday
320730602713,1525454393,skibidijackpot02,498566,Slots,1900,2026-08-07T02:01:01Z,en,['English'],2026-08-07,14-44-44,Friday
317823242200,245488727,vulture_ow,515025,Overwatch,1888,2026-08-06T18:26:30Z,en,"['English', 'Competitive', 'fps', 'junkrat', 'SewerRat', 'overwatch', 'hashtagawesome', 'DropsEnabled']",2026-08-07,14-44-44,Friday
318735976279,468932694,youladecadd,509672,IRL,1882,2026-08-05T13:02:42Z,fr,['Français'],2026-08-07,14-44-44,Friday
320905251291,50185928,majinphil,11557,The Legend of Zelda: Ocarina of Time,1867,2026-08-07T03:59:41Z,en,"['English', 'DrPhil']",2026-08-07,14-44-44,Friday
320792284378,143655015,nezumivy,21779,League of Legends,1848,2026-08-07T03:13:22Z,es,"['Español', 'LGBTQ']",2026-08-07,14-44-44,Friday
317161587447,140313390,verybadscav,491931,Escape from Tarkov,1845,2026-08-05T10:57:02Z,en,"['English', 'DropsEnabled']",2026-08-07,14-44-44,Friday
316338161779,48962167,vodkavdk,505084,Umamusume: Pretty Derby,1823,2026-08-07T05:06:44Z,ja,"['日本語', 'ネタバレ禁止']",2026-08-07,14-44-44,Friday
316653703252,408833527,markl1nck,32399,Counter-Strike,1823,2026-08-07T05:08:08Z,ru,"['Русский', 'strogo']",2026-08-07,14-44-44,Friday
318752979415,52891155,lowtiergod,509658,Just Chatting,1819,2026-08-07T00:06:21Z,en,"['English', 'FORYOUPAGE', 'justchatting', 'lowtiergod', 'drops']",2026-08-07,14-44-44,Friday
320901044955,110276214,cutedog_,29307,Path of Exile,1796,2026-08-07T01:00:32Z,en,"['English', 'ASMR', 'Vtuber', 'Anime', 'pregnant', 'egirl', 'girl', 'gachi', 'homoerectus']",2026-08-07,14-44-44,Friday
316652416980,1054415157,suduwub7,29452,Virtual Casino,1788,2026-08-06T20:41:06Z,pt,['Português'],2026-08-07,14-44-44,Friday
316275878514,471685664,tamatthi,491931,Escape from Tarkov,1782,2026-08-05T20:16:28Z,ja,"['日本語', 'Drops有効']",2026-08-07,14-44-44,Friday
316652417108,1054415311,ryzilogo3,29452,Virtual Casino,1748,2026-08-06T20:41:06Z,pt,['Português'],2026-08-07,14-44-44,Friday
320793171034,1105786974,cutiebelle_,626298054,Machine Party,1718,2026-08-07T04:00:21Z,en,"['English', 'Vtuber', 'Anime', 'feet', 'freaky', 'puppygirl', 'vrchat', 'ADHD', 'women', 'PartnerPlusPush']",2026-08-07,14-44-44,Friday
316652417364,1054415488,hojuxohip,498566,Slots,1699,2026-08-06T20:41:07Z,pt,['Português'],2026-08-07,14-44-44,Friday
316653702740,189850266,bigrussianmum,509658,Just Chatting,1685,2026-08-07T05:07:51Z,ru,"['хардкор', 'BRM', 'Женщина', 'игра', 'БАБКАСПАКЕТАМИ', 'БРМ', 'игры', 'новинки', 'Новости', 'Русский']",2026-08-07,14-44-44,Friday
317827465432,54121470,bronx,491487,Dead by Daylight,1652,2026-08-07T05:01:14Z,en,"['English', 'DropsEnabled']",2026-08-07,14-44-44,Friday
317399367010,48245475,areslps,31339,Project Zomboid,1650,2026-08-07T04:16:26Z,de,"['german', 'deutsch', 'variety', 'Deutsch', 'Giveaways', 'chill', 'chillout']",2026-08-07,14-44-44,Friday
317172668919,163168110,eido,2132205352,Deadlock,1643,2026-08-07T00:50:08Z,en,"['meow', 'mexican', 'English', 'Asian']",2026-08-07,14-44-44,Friday
315893122131,438062587,tigz,491931,Escape from Tarkov,1571,2026-08-07T03:52:53Z,en,"['English', 'DropsEnabled']",2026-08-07,14-44-44,Friday
316611531862,73477451,unclebjorn,55,Baldur's Gate,1566,2026-08-07T04:00:48Z,ru,"['Русский', 'длявзрослых']",2026-08-07,14-44-44,Friday
318204904678,540662549,junicats,509672,IRL,1547,2026-08-05T11:06:19Z,de,"['Deutsch', 'IRL', 'SubGoals', 'Ruppig']",2026-08-07,14-44-44,Friday
317437037027,50795214,sardoche,21779,League of Legends,1531,2026-08-06T23:57:27Z,fr,['Français'],2026-08-07,14-44-44,Friday
315400039151,107514872,rush,21779,League of Legends,1520,2026-08-07T02:09:27Z,en,['English'],2026-08-07,14-44-44,Friday
317399725026,700918704,roo404,168648543,Battlefield 6,1515,2026-08-07T07:13:31Z,en,"['English', 'girlgamer', 'pcgaming', 'MnkPlayer', 'NoBackseating', 'CreatorProgram']",2026-08-07,14-44-44,Friday
316272310641,119497908,kyo1984123,509658,Just Chatting,1506,2026-08-07T00:09:48Z,zh,"['中文', '時事話題', 'Vtuber', '國際台']",2026-08-07,14-44-44,Friday
319700431070,72414688,eduardo_hook,630009802,MARVEL TŌKON: Fighting Souls,1503,2026-08-06T15:07:55Z,en,"['English', 'DropsEnabled']",2026-08-07,14-44-44,Friday
320906971483,18731326,celerity,415998825,Guildrun,1488,2026-08-07T06:01:00Z,en,"['Chill', 'Analytical', 'AYAYA', 'Ally', 'English']",2026-08-07,14-44-44,Friday
316611952726,104435562,qrushcsgo,32399,Counter-Strike,1485,2026-08-07T07:08:03Z,ru,"['Русский', 'DropsВключены']",2026-08-07,14-44-44,Friday
316281314802,216351084,dasoku_aniki,505084,Umamusume: Pretty Derby,1472,2026-08-07T04:33:04Z,ja,"['日本語', '雑談', '40代']",2026-08-07,14-44-44,Friday
318757496791,186668019,laiys,34134,Call of Duty: Black Ops II,1451,2026-08-07T06:13:23Z,en,['English'],2026-08-07,14-44-44,Friday
316279688050,25202416,shuteye_orange,509658,Just Chatting,1450,2026-08-06T16:31:01Z,zh,"['中文', '恐怖遊戲', 'Horror', 'horrorgames', '恐怖', '燕雲十六聲', 'wherewindsmeet']",2026-08-07,14-44-44,Friday
319787430876,44338537,burkeblack,428189042,IRON NEST: Heavy Turret Simulator,1423,2026-08-07T02:04:23Z,en,"['English', 'Pirate', 'PG16', 'NoPolitics', 'NoStorySpoilers', 'BackSeatingAllowed']",2026-08-07,14-44-44,Friday
318753353303,9679595,grimmmz,852009328,Mistfall Hunter,1408,2026-08-07T00:38:34Z,en,"['English', 'Hardcore', 'fps', 'RPG', 'Adventure', 'chatting', 'memes', 'Comedy', 'NoReligion', 'NoPolitics']",2026-08-07,14-44-44,Friday
316652882772,763092538,shiishak,29595,Dota 2,1395,2026-08-06T22:25:48Z,ru,['Русский'],2026-08-07,14-44-44,Friday
319708403550,81672274,fleshy,500188,Hunt: Showdown 1896,1383,2026-08-07T01:58:50Z,en,"['English', 'fleshenjoyer', 'catgirl', 'youarestuckherenow', 'menace2society', 'art', 'Chatty', 'Freak', 'Vtuber', 'Latino']",2026-08-07,14-44-44,Friday
316280824562,870293913,paroniie,516575,VALORANT,1379,2026-08-07T01:21:01Z,zh,"['Vtuber', '甜心主播', '不會唱歌', '臭狗', '中文']",2026-08-07,14-44-44,Friday
318155959013,40733337,mariachi,29595,Dota 2,1367,2026-08-06T20:12:38Z,ru,"['Русский', 'dota2', 'дота2', 'ProfessionalGamer', 'pro']",2026-08-07,14-44-44,Friday
315886436200,29528480,greentea,513143,Teamfight Tactics,1335,2026-08-07T01:40:54Z,zh,['中文'],2026-08-07,14-44-44,Friday
316610322134,54739364,esamarathon,6382,Enthusia: Professional Racing,1305,2026-08-06T20:15:10Z,en,['English'],2026-08-07,14-44-44,Friday
319704675422,452321499,lopezfnx,498592,I'm Only Sleeping,1300,2026-08-06T22:16:33Z,es,"['España', 'Español']",2026-08-07,14-44-44,Friday
316649283028,596550378,bilyiiii,509672,IRL,1297,2026-08-06T13:00:25Z,uk,"['Українська', 'IRL', 'Україна', 'Київ']",2026-08-07,14-44-44,Friday
317825316824,138034808,mayz,670138298,Madden NFL 27,1292,2026-08-07T00:31:31Z,en,"['competitive', 'gaming', 'madden', 'Football', 'trashtalk', 'challenge', 'collegefootball', 'English']",2026-08-07,14-44-44,Friday
318755905751,770768520,esskayuwu,630009802,MARVEL TŌKON: Fighting Souls,1285,2026-08-07T03:50:06Z,en,"['English', 'DropsEnabled']",2026-08-07,14-44-44,Friday
315419664624,610457628,valorant_pacific,516575,VALORANT,1280,2026-08-07T07:00:37Z,en,"['VCTPacific', 'VCT', 'VALORANT', 'English', 'VCTP', 'EARNEVERTHING']",2026-08-07,14-44-44,Friday
319786594140,7010591,uhn,1597660489,RESIDENT EVIL: requiem,1269,2026-08-07T01:20:03Z,en,"['retired', 'unretired', 'English']",2026-08-07,14-44-44,Friday
320732082777,107536229,aurateur,1055516282,F-Zero 99,1265,2026-08-07T03:05:08Z,en,"['Bald', 'English']",2026-08-07,14-44-44,Friday
315886322152,32099052,purpp,65632,DayZ,1263,2026-08-07T00:40:44Z,en,['English'],2026-08-07,14-44-44,Friday
318158936421,56580252,deadrabb1t,1702520304,Path of Exile 2,1241,2026-08-07T06:30:25Z,en,"['Positivity', 'AMA', 'ADHD', 'Interactive', 'Chatty', 'Educational', 'music', 'metalcore', 'Metal', 'English']",2026-08-07,14-44-44,Friday
317173916279,89041633,maxylobes,1597660489,RESIDENT EVIL: requiem,1232,2026-08-07T03:28:48Z,en,"['Speedrun', 'Marathon', 'Horror', 'Spageggu', 'GodGamer', 'GIGACHAD', 'speedrunning', 'Musician', 'English', 'GAMER']",2026-08-07,14-44-44,Friday
316583683029,155869388,jointhesystemm,491931,Escape from Tarkov,1217,2026-08-07T03:01:44Z,ru,"['Русский', 'DropsВключены']",2026-08-07,14-44-44,Friday
315925810537,175390873,eat1025,509658,Just Chatting,1211,2026-08-07T01:02:35Z,zh,['中文'],2026-08-07,14-44-44,Friday
319708066398,442709328,suzy,509658,Just Chatting,1202,2026-08-07T01:37:38Z,en,"['한국어', '台灣', '日本語', 'Dance', 'English', 'Korean', 'Girl', 'ddooyaa', 'Asian']",2026-08-07,14-44-44,Friday
320795836634,769907857,melc825,1441208453,Once Human,1197,2026-08-07T07:12:04Z,en,"['chill', 'english', 'spanish', 'benice', 'English']",2026-08-07,14-44-44,Friday
316338074867,440518979,a1u330_,516575,VALORANT,1194,2026-08-07T04:37:04Z,zh,"['聊天', '中文', '我愛說實話']",2026-08-07,14-44-44,Friday
318157744869,493844061,di_rubens,509658,Just Chatting,1193,2026-08-07T00:18:14Z,ru,"['Русский', 'DropsВключены']",2026-08-07,14-44-44,Friday
318148135909,636587384,alveussanctuary,272263131,"Animals, Aquariums, and Zoos",1191,2026-08-06T04:51:34Z,en,"['English', 'TogetherForGood', 'purplemartins', 'Charity']",2026-08-07,14-44-44,Friday
316611608662,154242990,exigent_wires,491931,Escape from Tarkov,1187,2026-08-07T04:43:14Z,ru,"['Русский', 'DropsВключены']",2026-08-07,14-44-44,Friday
318222254054,106159308,gronkhtv,513643,Craftopia,1185,2026-08-06T21:09:25Z,de,['Deutsch'],2026-08-07,14-44-44,Friday
316272867697,24411833,gigguk,490147,Hollow Knight,1173,2026-08-07T03:56:01Z,en,"['Anime', 'Gacha', 'English']",2026-08-07,14-44-44,Friday
318757584599,1242487781,rdcwaitingroom_,499973,Always On,1156,2026-08-07T06:23:58Z,en,['English'],2026-08-07,14-44-44,Friday
319836388832,865320951,sadgirl,509658,Just Chatting,1153,2026-08-07T01:08:04Z,en,"['English', 'news', 'girl', 'Tattoos', 'trending', 'chill', 'Woman']",2026-08-07,14-44-44,Friday
316611742550,63828424,aimlul,491931,Escape from Tarkov,1153,2026-08-07T05:50:57Z,ru,"['Русский', 'Свин', 'свинота', 'Витубер', 'Депрессия', 'Шизофрения', 'Дружелюбнаяатмосфера', 'длявсейсемьи', 'Фурри', 'Нефурри']",2026-08-07,14-44-44,Friday
315926709353,24765850,blusewilly_retry,210472759,Shift at Midnight,1136,2026-08-07T07:08:10Z,zh,['中文'],2026-08-07,14-44-44,Friday
316281467250,517048490,nynyhon,509658,Just Chatting,1136,2026-08-07T05:27:37Z,fr,"['Français', 'Asia', 'japon', 'japonais', 'IRL', 'Asie']",2026-08-07,14-44-44,Friday
317825612888,217629686,dgthe99,509658,Just Chatting,1133,2026-08-07T01:08:34Z,en,"['English', 'dgthe99', 'duketucker', 'GTARP', 'Rerun']",2026-08-07,14-44-44,Friday
316584173269,32184566,rxnexus,29595,Dota 2,1122,2026-08-07T06:00:08Z,ru,['Русский'],2026-08-07,14-44-44,Friday
316272717553,102192603,mimiluckying,516575,VALORANT,1114,2026-08-07T02:56:24Z,zh,['中文'],2026-08-07,14-44-44,Friday
316583962581,135377687,posty,263490,Rust,1110,2026-08-07T04:53:36Z,en,"['FPS', 'PVP', 'English', 'solo', 'xd', 'Rust', 'highpop', 'GOAT', 'DropsEnabled']",2026-08-07,14-44-44,Friday
317174677751,425543889,ghostiexuwu,509659,ASMR,1101,2026-08-07T05:06:44Z,en,"['English', '420', 'Vtuber', 'ASMR', 'mommy', 'FemboyEnjoyer', 'vrchat', 'brat']",2026-08-07,14-44-44,Friday
316611212758,52968416,asmodaitv,138585,Hearthstone,1090,2026-08-07T00:40:27Z,en,"['English', 'Hearthstone', 'Battlegrounds']",2026-08-07,14-44-44,Friday
319839753952,220321272,drewwall,33214,Fortnite,1084,2026-08-07T05:14:12Z,en,['English'],2026-08-07,14-44-44,Friday
317174135159,172170148,toptierkid,1264310518,Marvel Rivals,1082,2026-08-07T03:56:43Z,en,"['English', 'TTK', 'Controller', 'xQc', 'KaiCenat', 'StableRonaldo', 'Lacy', 'Jynxzi', 'DropsEnabled', 'CaseOh']",2026-08-07,14-44-44,Friday
318750065751,36976465,divios,386821,Black Desert,1078,2026-08-06T18:49:46Z,en,"['English', 'Vtuber', 'Furry', 'DropsEnabled']",2026-08-07,14-44-44,Friday
319838987616,115812149,nenue_,1264310518,Marvel Rivals,1076,2026-08-07T03:54:38Z,en,"['English', 'DropsEnabled']",2026-08-07,14-44-44,Friday
317827446488,562644209,narang_421,509658,Just Chatting,1075,2026-08-07T04:58:33Z,ko,"['한국어', '臺灣', '日本', 'USA', 'USA']",2026-08-07,14-44-44,Friday
316281344242,22596190,takesipon,149675302,Carnival Hunt,1062,2026-08-07T04:43:24Z,zh,['中文'],2026-08-07,14-44-44,Friday
318017766375,60160906,gtimetv,509658,Just Chatting,1060,2026-08-07T06:02:18Z,de,"['Deutsch', 'survivalgames', 'Grinder', 'PvE', 'Chilled']",2026-08-07,14-44-44,Friday
316583705941,486996615,yuki_nuki,509658,Just Chatting,1057,2026-08-07T03:11:59Z,ru,['Русский'],2026-08-07,14-44-44,Friday
316338281075,25236843,a541021,19976,MapleStory,1053,2026-08-07T05:46:55Z,zh,['中文'],2026-08-07,14-44-44,Friday
319818138080,1312862940,asmongold247,620146360,Another Crab's Treasure,1045,2026-08-05T21:11:53Z,en,['English'],2026-08-07,14-44-44,Friday
316272807665,715990491,dttodot,511224,Apex Legends,1045,2026-08-07T03:33:18Z,ja,"['日本語', 'VTuber', 'Thai', 'Japanese', 'English']",2026-08-07,14-44-44,Friday
318158927461,79154984,biceptimusprime,386821,Black Desert,1039,2026-08-07T06:27:24Z,en,"['English', 'Drops', 'DropsEnabled']",2026-08-07,14-44-44,Friday
320785521882,184336761,acie,852009328,Mistfall Hunter,1039,2026-08-06T21:45:42Z,en,"['English', 'DropsEnabled']",2026-08-07,14-44-44,Friday
317171293303,42297683,aceofspades,515025,Overwatch,1037,2026-08-06T21:36:11Z,en,"['English', 'DropsEnabled']",2026-08-07,14-44-44,Friday
317826765784,81764480,gsmvoid,630009802,MARVEL TŌKON: Fighting Souls,1016,2026-08-07T03:29:50Z,en,"['glorp', 'English', 'DropsEnabled']",2026-08-07,14-44-44,Friday
319839657824,98256307,wasoom117,1441208453,Once Human,1013,2026-08-07T05:00:26Z,es,['Español'],2026-08-07,14-44-44,Friday
318224829798,166279350,loeya,33214,Fortnite,1011,2026-08-07T07:00:23Z,en,"['BattleRoyale', 'English']",2026-08-07,14-44-44,Friday
315947997418,401670504,oatley,33214,Fortnite,1010,2026-08-07T06:00:47Z,en,"['FamilyFriendly', 'Fortnite', 'BattleRoyale', 'Multiplayer', 'Action', 'Competitive', 'Professional', 'Positivity', 'PC', 'English']",2026-08-07,14-44-44,Friday
320731435353,178985519,ceeslay,33214,Fortnite,970,2026-08-07T02:36:28Z,en,['English'],2026-08-07,14-44-44,Friday
316337533299,69600926,entych,21779,League of Legends,969,2026-08-07T01:08:14Z,ja,"['日本語', 'ネタバレ禁止', '雑談']",2026-08-07,14-44-44,Friday
317397658978,39692658,elojoninja,21779,League of Legends,968,2026-08-06T20:56:45Z,es,"['Español', 'LeagueofLegends', 'LoL', 'Didactico', 'MOBA', 'Ivern', 'LeeSin', 'Nidalee', 'Challenger']",2026-08-07,14-44-44,Friday
316273494513,163857794,bonchan0311,55453844,Street Fighter 6,967,2026-08-07T07:31:31Z,ja,"['日本語', '雑談']",2026-08-07,14-44-44,Friday
319789233116,804956586,yungeenace,509658,Just Chatting,967,2026-08-07T03:57:46Z,en,['English'],2026-08-07,14-44-44,Friday
319782872412,203670402,buni,499003,VRChat,967,2026-08-06T22:00:04Z,en,"['English', 'vtuber', 'australia', 'subathon', 'ADHD', 'Dance', 'vrchat']",2026-08-07,14-44-44,Friday
316272988273,74505272,keanelol,513143,Teamfight Tactics,962,2026-08-07T04:38:05Z,en,['English'],2026-08-07,14-44-44,Friday
318017495783,144294896,acid_fired,491931,Escape from Tarkov,956,2026-08-07T04:43:10Z,de,"['Techno', 'unfug', 'SAUERCROWD', 'Deutsch', 'English', 'braucheViewer', 'binNichSoGut', 'DropsAktiviert']",2026-08-07,14-44-44,Friday
320905553755,87596756,lltrigger,21779,League of Legends,949,2026-08-07T04:15:49Z,en,"['English', 'Challenger', 'ADCMain', 'Educational', 'Coaching', 'Ranked', 'Competitive', 'LucianOTP', 'RPG', 'ASMR']",2026-08-07,14-44-44,Friday
318641069429,96161253,tealzlol,29452,Virtual Casino,938,2026-08-06T23:09:00Z,pt,"['Português', 'emo', 'LGBT', 'proplayer', 'LeagueoflegendsWildrift', 'leagueoflegend']",2026-08-07,14-44-44,Friday
315947325674,12855851,macaw45,27284,Retro,935,2026-08-07T01:05:30Z,en,"['English', 'POWERED', 'BARBARIANS', 'CYBER']",2026-08-07,14-44-44,Friday
317998042215,93914461,cooldee__,491931,Escape from Tarkov,930,2026-08-05T11:50:48Z,en,"['English', 'Chad', 'sweaty', 'DropsEnabled']",2026-08-07,14-44-44,Friday
317437767267,193032346,ache,33214,Fortnite,929,2026-08-07T05:50:53Z,es,"['Español', 'Shooter', 'Fortnite', 'ache']",2026-08-07,14-44-44,Friday
316605706326,729639945,perra,509658,Just Chatting,922,2026-08-06T08:51:26Z,sv,"['Svenska', 'Norsk', 'IRL', 'ADHD', 'English', 'Fat']",2026-08-07,14-44-44,Friday
316653637716,116780430,spt083,1264310518,Marvel Rivals,915,2026-08-07T04:38:12Z,ru,"['Русский', 'DropsВключены']",2026-08-07,14-44-44,Friday
316653509332,156862667,shnumi,428189042,IRON NEST: Heavy Turret Simulator,903,2026-08-07T03:37:16Z,ru,"['Русский', 'Shnumi', 'Нора', 'общение', 'игры', 'юмор', 'новинки']",2026-08-07,14-44-44,Friday
319702051038,1076369409,jakeydavies,498592,I'm Only Sleeping,893,2026-08-06T18:20:53Z,en,['English'],2026-08-07,14-44-44,Friday
320902708315,11897156,roflgator,21779,League of Legends,887,2026-08-07T02:02:05Z,en,['English'],2026-08-07,14-44-44,Friday
316654093268,233929245,m3wsu,32399,Counter-Strike,887,2026-08-07T07:36:28Z,ru,['Русский'],2026-08-07,14-44-44,Friday
315948068074,157313528,zumi,509658,Just Chatting,886,2026-08-07T06:24:46Z,en,"['Food', 'Travel', '日本語', 'English', 'Japanese', 'IRL', 'justchatting']",2026-08-07,14-44-44,Friday
320732967641,174984146,teawithmandy,1846293708,Fields of Mistria,885,2026-08-07T03:45:20Z,en,"['English', 'Cozy', 'Comfy', 'Anime', 'Woman', 'Chatty', 'Canada', 'Drops', 'Chill', 'Girl']",2026-08-07,14-44-44,Friday
320793169370,158126658,littlespacerock,491487,Dead by Daylight,879,2026-08-07T04:00:14Z,en,"['English', 'DropsEnabled']",2026-08-07,14-44-44,Friday
315947572202,245910945,sinuuki,509658,Just Chatting,875,2026-08-07T03:08:45Z,en,"['Tomboy', 'Vtuber', 'Australia', 'Horror', 'ASMR', 'Autism', 'ADHD', 'English', 'cringe', 'mud']",2026-08-07,14-44-44,Friday
318572221686,62336028,burgaofps,29452,Virtual Casino,873,2026-08-07T00:10:13Z,pt,['Português'],2026-08-07,14-44-44,Friday
317174261111,30258310,mitchriz,653624336,Lies of P,873,2026-08-07T04:11:40Z,en,"['Speedrun', 'Educational', 'AnyPercent', 'GIGACHAD', 'English', 'worldrecord']",2026-08-07,14-44-44,Friday
320794219098,588976913,cweamymilk,509659,ASMR,865,2026-08-07T05:01:53Z,en,"['Vtuber', '18plus', 'ASMR', 'Chatty', 'ADHD', 'mommy', 'ENVtuber', 'EasilyDistracted', 'English', 'Tomboy']",2026-08-07,14-44-44,Friday
315858450514,59685493,cohh,499973,Always On,860,2026-08-05T12:00:05Z,en,"['ReRun', 'Cozy', 'GoodVibes', 'SFW', 'Parent', 'Chill', 'English']",2026-08-07,14-44-44,Friday
318224393062,165165027,vixi,676802825,Big Walk,853,2026-08-07T05:08:57Z,en,"['Vtuber', 'English', 'ADHD', 'Chatty', 'Anime', 'Cozy', 'Mindbreak', 'foxsu', 'ASMR', 'DeadWeight']",2026-08-07,14-44-44,Friday
320795620826,241636,dunkorslam,505705,Noita,848,2026-08-07T06:49:06Z,en,"['English', 'BackseatGamingAllowed']",2026-08-07,14-44-44,Friday
316281640178,213233389,rassya12,491931,Escape from Tarkov,846,2026-08-07T06:26:39Z,ja,"['日本語', 'Drops有効']",2026-08-07,14-44-44,Friday
315926547561,165581935,taaaao,511224,Apex Legends,839,2026-08-07T06:16:03Z,zh,"['中文', '台語OK', 'ENG']",2026-08-07,14-44-44,Friday
316273371121,1291086815,ssssshaoooo,511224,Apex Legends,834,2026-08-07T06:46:26Z,zh,"['中文', '掉寶']",2026-08-07,14-44-44,Friday
318224373350,153269228,hibako,493057,PUBG: BATTLEGROUNDS,832,2026-08-07T05:02:31Z,ru,"['Русский', 'Vtuber']",2026-08-07,14-44-44,Friday
320769661530,752959475,k1m6a,499634,Crypto,826,2026-08-06T00:04:26Z,en,"['English', 'bitcoin', 'crypto', 'trading', 'cryptocurrency', 'cryptotrading', 'marketanalysis', 'howtotrade', 'solana', 'ethereum']",2026-08-07,14-44-44,Friday
317818888280,208808396,durpee82,515025,Overwatch,824,2026-08-06T02:45:03Z,en,"['English', 'DropsEnabled']",2026-08-07,14-44-44,Friday
317825159512,563807568,heyyouvideogame,491931,Escape from Tarkov,820,2026-08-07T00:09:00Z,en,"['English', 'RP', 'duostream', 'duo', 'Roleplay', 'philosophical', 'Gimmick', 'Juiceman', 'Lemon', 'Lemonsmith']",2026-08-07,14-44-44,Friday
318017893351,32304693,gndugun,31336,Metin2,818,2026-08-07T06:31:47Z,de,"['Pro', 'Gamer', 'Free2Play', 'speedrun', 'Deutsch']",2026-08-07,14-44-44,Friday
318570285046,124656692,seucreysonreborn,29595,Dota 2,815,2026-08-06T21:21:45Z,pt,"['Português', 'dota2', 'Coach', 'campeonato', 'campeão', 'CampeãoBrasileiro', 'MOBA']",2026-08-07,14-44-44,Friday
315886871400,66548548,dingding248,516575,VALORANT,812,2026-08-07T04:56:00Z,zh,['中文'],2026-08-07,14-44-44,Friday
318737131095,116706369,mictia00,498592,I'm Only Sleeping,808,2026-08-05T17:27:08Z,es,"['Ama', 'comer', 'charlar', 'multijugador', 'espectadores', 'Español', 'DropsActivados']",2026-08-07,14-44-44,Friday
318159129317,57025612,thijs,138585,Hearthstone,802,2026-08-07T07:17:26Z,en,['English'],2026-08-07,14-44-44,Friday
318018018919,8822303,overpow,509658,Just Chatting,799,2026-08-07T07:00:05Z,pl,['Polski'],2026-08-07,14-44-44,Friday
316653535828,491802186,inseq,491931,Escape from Tarkov,794,2026-08-07T03:51:09Z,ru,"['Русский', 'EFT', 'шутер', 'DropsВключены']",2026-08-07,14-44-44,Friday
316338107763,31673401,gunguno,19976,MapleStory,791,2026-08-07T04:49:13Z,zh,"['顏值', '射擊', '幽默', '錢來就幹', '掉宝開启', 'English', '中文', '飆哥開示了']",2026-08-07,14-44-44,Friday
319709490526,202230506,aidanbeans,512710,Call of Duty: Warzone,791,2026-08-07T03:13:06Z,en,"['cod', 'rebirth', 'dropsenabled', 'adhd', 'English', 'warzone']",2026-08-07,14-44-44,Friday
320906709339,25743612,graycen,18122,World of Warcraft,788,2026-08-07T05:35:44Z,en,"['Variety', 'English']",2026-08-07,14-44-44,Friday
316653425620,184634287,terablade,509658,Just Chatting,784,2026-08-07T02:57:12Z,ru,"['Русский', 'highskill', 'Battlegrounds', 'hs', 'Аниме', 'horrorgames', 'Anime', 'кино']",2026-08-07,14-44-44,Friday
317423554148,71619324,sir_thomas_,509672,IRL,781,2026-08-07T06:46:33Z,fr,['Français'],2026-08-07,14-44-44,Friday
318709047028,793447536,vxxaura,1264310518,Marvel Rivals,777,2026-08-07T04:06:44Z,es,"['Español', 'Español', 'Perú', 'marvelrivals', 'Ｖｔｕｂｅｒ', 'vtubergirl', 'DropsActivados']",2026-08-07,14-44-44,Friday
317399795170,622498423,otplol_,21779,League of Legends,766,2026-08-07T07:36:36Z,fr,"['Français', 'DropsActivés']",2026-08-07,14-44-44,Friday
316337799411,222497376,dada_0124,19976,MapleStory,754,2026-08-07T02:57:24Z,zh,['中文'],2026-08-07,14-44-44,Friday
316612045398,39154501,des0ut,509658,Just Chatting,754,2026-08-07T07:30:57Z,ru,['Русский'],2026-08-07,14-44-44,Friday
320784929242,214337266,honeyxxo,491931,Escape from Tarkov,753,2026-08-06T21:11:14Z,en,"['English', 'fps', 'gamergirl', 'subathon', 'hottub', 'DropsEnabled']",2026-08-07,14-44-44,Friday
318159021925,200080536,raidergo,21779,League of Legends,751,2026-08-07T06:53:22Z,en,"['English', 'leagueoflegends', 'Challenger', 'Darius', 'Jax', 'Olaf', 'Camille', 'DrMundo', 'Yorick', 'RANK1EUW']",2026-08-07,14-44-44,Friday
317437527267,676652575,itsjxin,1441208453,Once Human,747,2026-08-07T03:18:13Z,en,"['Español', 'PvP', 'PvE', 'Canto', 'MMA', 'Ranked', 'English', 'chino']",2026-08-07,14-44-44,Friday
317174454519,25595342,sweetily,456845141,Zenless Zone Zero,747,2026-08-07T04:37:02Z,en,"['Vtuber', 'Drops', 'ASMR', 'Comfy', 'English', 'Chinese', 'Anime', 'DropsEnabled']",2026-08-07,14-44-44,Friday
319783971164,645498689,paypay,32982,Grand Theft Auto V,746,2026-08-06T23:06:40Z,en,"['English', 'LGBTQ', 'Gay']",2026-08-07,14-44-44,Friday
320722755161,132563423,firedancer,509658,Just Chatting,746,2026-08-06T18:24:21Z,en,"['egirl', 'dancing', 'asmr', 'ADHD', 'English', 'hottub', 'Princess', 'Goddess', 'findom', 'Anime']",2026-08-07,14-44-44,Friday
318755060695,703042869,jaycinco,624536948,EA Sports FC 26,742,2026-08-07T02:48:15Z,en,"['English', 'jaycincoo5', 'jaycincoo', 'streameru', 'loveisland']",2026-08-07,14-44-44,Friday
317436228195,128149102,shivfps,511224,Apex Legends,739,2026-08-06T21:30:47Z,en,['English'],2026-08-07,14-44-44,Friday
320895075675,105034017,kesun,852009328,Mistfall Hunter,738,2026-08-06T19:53:34Z,en,"['English', 'extraction', 'thegyldenrush', 'mistfallhunter', 'Greatswordmain', 'DropsEnabled']",2026-08-07,14-44-44,Friday
317174887031,131727592,ecdycis,250649084,SILENT HILL 2,732,2026-08-07T05:36:26Z,en,"['English', 'Horror', 'SawCon', 'Cozy', 'Speedrun', 'Spooky', 'CBT', 'Latino', 'Retro']",2026-08-07,14-44-44,Friday
315419711600,920125847,lck_carry,21779,League of Legends,730,2026-08-07T07:23:40Z,zh,"['中文', 'LCK']",2026-08-07,14-44-44,Friday
319702320478,197406569,thenicolet,509659,ASMR,729,2026-08-06T18:49:31Z,en,"['English', 'ENGLISH', 'ASMR', 'FINDOM', 'EGIRL', 'GIRL', 'feet', 'goddess', 'woman']",2026-08-07,14-44-44,Friday
316273408625,58686695,hyper2374,741249831,Crystal of Atlan,728,2026-08-07T06:59:00Z,zh,"['中文', '搞笑擔當', '二遊超人']",2026-08-07,14-44-44,Friday
319782574044,119522206,trey24k,491931,Escape from Tarkov,726,2026-08-06T21:39:06Z,en,"['English', 'pain', 'suffering', 'DropsEnabled']",2026-08-07,14-44-44,Friday
317173261175,653064067,kay_away,509672,IRL,721,2026-08-07T02:01:43Z,de,"['Deutsch', 'Weltreise', 'Reisen', 'Abenteuer', 'Travel', 'OutdoorIRL', 'IRL', 'Unterhaltung', 'Vietnam', 'justchatting']",2026-08-07,14-44-44,Friday
320723319641,123248345,baddie,491931,Escape from Tarkov,720,2026-08-06T19:08:36Z,en,"['English', 'ginger', 'Veteran', 'baddie', 'fps', 'egirl', 'DropsEnabled']",2026-08-07,14-44-44,Friday
319786981724,14408894,cdnthe3rd,630009802,MARVEL TŌKON: Fighting Souls,716,2026-08-07T01:39:31Z,en,"['OftenImitated', 'NeverDuplicated', 'BidetEnthusiast', 'English', 'DFWPYUO', 'Muppemorphasis', 'DropsEnabled']",2026-08-07,14-44-44,Friday
317173275255,125709967,slimeirl,55453844,Street Fighter 6,715,2026-08-07T02:03:20Z,en,"['microcommunity', 'microSTRONG', 'English']",2026-08-07,14-44-44,Friday
317437173987,113080650,dahmien7,491931,Escape from Tarkov,712,2026-08-07T00:40:04Z,fr,"['Français', 'chill', 'English', 'DropsActivés']",2026-08-07,14-44-44,Friday
317827165912,10217631,patty,498215,UFO 50,711,2026-08-07T04:21:52Z,en,"['Bald', 'Masculine', 'GigaChad', 'Nobackseating', 'English', 'NoHints', 'NoHelp', 'NoHelpUnlessAsked', 'MONKEY']",2026-08-07,14-44-44,Friday
320733364441,29249710,skyshocktv,509658,Just Chatting,710,2026-08-07T04:05:45Z,es,"['Español', 'entretenimiento']",2026-08-07,14-44-44,Friday
319834969184,31876240,emm3d,491931,Escape from Tarkov,704,2026-08-06T23:57:03Z,en,"['PVP', 'Competitive', 'egirl', 'NoBackseating', 'Emm3D', 'horkfather', 'NewPlayerFriendly', 'English', 'chill', 'DropsEnabled']",2026-08-07,14-44-44,Friday
317824329944,400999129,clout,1264310518,Marvel Rivals,697,2026-08-06T21:54:37Z,en,"['English', 'DropsEnabled']",2026-08-07,14-44-44,Friday
318017932647,144670369,yvraldis,1083118488,Aquapark Tycoon,697,2026-08-07T06:40:53Z,de,"['Deutsch', 'show', 'IRL']",2026-08-07,14-44-44,Friday
316337930995,78176648,redviles,29307,Path of Exile,693,2026-08-07T03:46:03Z,en,['English'],2026-08-07,14-44-44,Friday
318757924055,492227911,minuself,509658,Just Chatting,691,2026-08-07T07:06:52Z,de,"['Deutsch', 'German', 'blonde', 'skgaming', 'English']",2026-08-07,14-44-44,Friday
316653676500,39643904,nogpyra,509658,Just Chatting,685,2026-08-07T04:54:45Z,ru,"['Женщина', 'Русский', 'БезМата', 'БезПодсказок']",2026-08-07,14-44-44,Friday
319829766752,153620280,k7_showoff,630009802,MARVEL TŌKON: Fighting Souls,685,2026-08-06T17:16:57Z,en,"['English', 'DropsEnabled']",2026-08-07,14-44-44,Friday
319785208156,62510206,ariasaki,509658,Just Chatting,683,2026-08-07T00:10:49Z,en,"['ADHD', 'RagerGamer', 'Cooking', 'pets', 'cleaning', 'English']",2026-08-07,14-44-44,Friday
320732296281,633385488,coqui,490681,Dropsy,677,2026-08-07T03:14:31Z,en,"['English', 'vtuber', 'frog', 'brat', '3am', 'TheSouthSide', 'Improv', 'Bratty', 'ANTIai', 'Comedy']",2026-08-07,14-44-44,Friday
320896566875,24538518,sneakylol,491931,Escape from Tarkov,669,2026-08-06T21:23:30Z,en,"['English', 'DropsEnabled']",2026-08-07,14-44-44,Friday
318757478871,1157290428,nightzvl,516575,VALORANT,667,2026-08-07T06:11:43Z,en,['English'],2026-08-07,14-44-44,Friday
316337551219,214306524,yufuna,505084,Umamusume: Pretty Derby,665,2026-08-07T01:15:22Z,ja,['日本語'],2026-08-07,14-44-44,Friday
316281155826,159401590,alutemu_,138585,Hearthstone,664,2026-08-07T03:33:45Z,ja,"['日本語', 'バトグラ', 'バトルグラウンド']",2026-08-07,14-44-44,Friday
317174048631,533493849,vexxedbunnyvt,66170,Warframe,661,2026-08-07T03:45:42Z,en,"['vtuber', 'English', 'music', 'openlobby', 'ENVtuber', 'PartnerPush', 'egirl', 'VA', 'Anime', 'TennoCreate']",2026-08-07,14-44-44,Friday
318151622757,42163359,vulpeshd,630009802,MARVEL TŌKON: Fighting Souls,655,2026-08-06T14:06:08Z,en,"['Vtuber', 'CuteEmotes', 'feet', 'armpit', 'Mute', 'English', 'forsen', 'DropsEnabled']",2026-08-07,14-44-44,Friday
316584460757,15167749,dinik,509658,Just Chatting,652,2026-08-07T07:06:32Z,ru,"['Русский', '89squad']",2026-08-07,14-44-44,Friday
316583854933,506447495,closetape,32399,Counter-Strike,648,2026-08-07T04:13:45Z,ru,['Русский'],2026-08-07,14-44-44,Friday
318017829863,22712717,tortedelini,489297,Lords of the Fallen,646,2026-08-07T06:18:28Z,en,"['TorteDeLini', 'English', 'Québec', 'gearsofwar']",2026-08-07,14-44-44,Friday
315947885802,204113138,yunabb,516575,VALORANT,645,2026-08-07T05:24:02Z,zh,"['中文', 'fps', '遊戲']",2026-08-07,14-44-44,Friday
318644090485,461481189,cristal_asmr,509658,Just Chatting,644,2026-08-07T03:39:32Z,en,"['asmr', 'ASMR', 'ASMRvisual', 'portuguese', 'english', 'English', 'Português']",2026-08-07,14-44-44,Friday
320795850330,32133240,jenazad,217432230,Chaos Zero Nightmare,640,2026-08-07T07:13:11Z,en,"['English', 'Anime', 'Mindbreak']",2026-08-07,14-44-44,Friday
317822419544,36384551,theendboss,2009321156,Dark and Darker,640,2026-08-06T15:15:34Z,en,"['English', 'Chill', 'Solo', 'Cleric', 'HighRoller', 'Leaderboard', 'onlyfangs', 'Pulsoid', 'Heartratemonitor', 'DropsEnabled']",2026-08-07,14-44-44,Friday
318159026277,143123320,2twistedtv,491931,Escape from Tarkov,634,2026-08-07T06:54:08Z,de,"['Deutsch', 'fps', 'Shooter', 'tacticalshooter', 'Hardcore', 'Competitive', 'survival', 'ExtractionShooter', 'DropsAktiviert']",2026-08-07,14-44-44,Friday
320768533338,122475319,triumphant,459931,Old School RuneScape,630,2026-08-05T23:19:06Z,en,"['English', 'Partnered', 'guy', 'Chad', 'goofy']",2026-08-07,14-44-44,Friday
319839080672,806526394,notbilzo,509658,Just Chatting,629,2026-08-07T04:02:02Z,en,"['English', 'streameruniversity', 'kaicenat', 'bilzo', 'NotBilzo']",2026-08-07,14-44-44,Friday
319706752990,132968488,saucekill,509658,Just Chatting,624,2026-08-07T00:25:06Z,en,"['English', 'killkrew', 'Kode', 'DropsEnabled']",2026-08-07,14-44-44,Friday
318573188854,231079149,jacarepereira,509658,Just Chatting,624,2026-08-07T01:35:01Z,pt,['Português'],2026-08-07,14-44-44,Friday
315948135018,1001266615,moondogs_celestial,516575,VALORANT,620,2026-08-07T06:48:31Z,zh,"['Vtuber', 'fps', '中文']",2026-08-07,14-44-44,Friday
318755854551,32169047,stunt,21779,League of Legends,620,2026-08-07T03:46:09Z,en,"['English', 'chill', 'challenger', 'support']",2026-08-07,14-44-44,Friday
316338404211,169539617,clutch_fii,491931,Escape from Tarkov,618,2026-08-07T06:26:50Z,ja,"['日本語', 'drops', 'Drops有効']",2026-08-07,14-44-44,Friday
316653809364,50393229,tankzor,29595,Dota 2,618,2026-08-07T05:57:06Z,ru,['Русский'],2026-08-07,14-44-44,Friday
316571271765,280197012,alle,491931,Escape from Tarkov,616,2026-08-05T11:36:21Z,en,"['THEBEST', 'LABS', 'SCHIZOMODE', 'NOONEISBETTER', 'aimbotting', 'betterthanyou', 'English', 'NEVERGOON', 'Top1MostHumble', 'DropsEnabled']",2026-08-07,14-44-44,Friday
320906980059,204708397,yosoyricklive,491168,Clash Royale,615,2026-08-07T06:01:40Z,es,"['español', 'clashroyale', 'yosoyrick', 'gaming', 'proplayer', 'CR', 'CLASH', 'Entretenimento', 'mexico', 'clash']",2026-08-07,14-44-44,Friday
318158838117,100079898,faridysha,509658,Just Chatting,615,2026-08-07T06:04:39Z,ru,"['Русский', 'ВопросОтвет', 'дерево', 'Говнокод', 'Türkiye', 'English']",2026-08-07,14-44-44,Friday
316338178803,42304622,suzukinoriaki,630009802,MARVEL TŌKON: Fighting Souls,615,2026-08-07T05:13:07Z,ja,"['日本語', 'Drops有効']",2026-08-07,14-44-44,Friday
319789742684,890028845,winton_ow2,515025,Overwatch,612,2026-08-07T04:39:03Z,en,"['English', 'Drops', 'Tank', 'Chill', 'Vibe', 'Vtuber', 'Cozy', 'winton', 'pngtuber', 'DropsEnabled']",2026-08-07,14-44-44,Friday
318756563671,503014047,oxillery,21779,League of Legends,611,2026-08-07T04:44:39Z,en,['English'],2026-08-07,14-44-44,Friday
315891110483,828239735,nogenerals,491931,Escape from Tarkov,609,2026-08-06T16:39:44Z,en,"['audio', 'English', 'DropsEnabled']",2026-08-07,14-44-44,Friday
317437919715,35332416,shoxiejesuss,32399,Counter-Strike,609,2026-08-07T07:06:36Z,fr,"['Français', 'fun', 'chill', 'MajorWinner', 'Rediffusion']",2026-08-07,14-44-44,Friday
318018023271,591133033,bonustrio,498566,Slots,607,2026-08-07T07:00:27Z,de,"['Deutsch', 'Englisch', 'Österreich', 'Schweiz', 'giveaway', 'slots', 'casino']",2026-08-07,14-44-44,Friday
316653091028,57116735,mistercop,29307,Path of Exile,602,2026-08-06T23:46:52Z,ru,"['Русский', 'Шизофрения', 'Социопатия', 'фокусы', 'Повтор']",2026-08-07,14-44-44,Friday
317437687523,416031592,solaryhs,138585,Hearthstone,599,2026-08-07T05:01:56Z,fr,['Français'],2026-08-07,14-44-44,Friday
317172174455,42320398,ramez05,539257489,Beast of Reincarnation,592,2026-08-06T23:43:39Z,en,"['English', 'Filipino', 'Pinoy', 'giveaway', 'Blasian', 'kaicenat', 'BeastOfReincarnation']",2026-08-07,14-44-44,Friday
317437818211,205218019,el_yuste,509658,Just Chatting,592,2026-08-07T06:18:54Z,es,"['Yuste', 'Español']",2026-08-07,14-44-44,Friday
319786292572,56361303,drgluon,1515862749,Disney Dreamlight Valley,589,2026-08-07T01:04:51Z,en,"['English', 'BackseatGamingAllowed', 'itsafez', 'funny', 'Cozy', 'wholesome']",2026-08-07,14-44-44,Friday
316578725205,30175806,vetal_911,27284,Retro,589,2026-08-06T12:22:46Z,ru,['Русский'],2026-08-07,14-44-44,Friday
316273163761,90131691,surugamonkey0113,516575,VALORANT,589,2026-08-07T05:39:38Z,ja,"['日本語', '競馬']",2026-08-07,14-44-44,Friday
320793645402,412979136,yothatsej,670138298,Madden NFL 27,588,2026-08-07T04:27:49Z,en,"['English', 'Basketball', 'gta', 'IRL', 'funny', 'Esports', 'PlayingwithViewers', 'fps', 'NBA', 'justchatting']",2026-08-07,14-44-44,Friday
318756468055,111589942,redbeard,138585,Hearthstone,585,2026-08-07T04:36:00Z,en,"['ARENA', 'English']",2026-08-07,14-44-44,Friday
318755624151,40673154,parzelion,2132205352,Deadlock,585,2026-08-07T03:28:09Z,en,"['English', 'deadlock']",2026-08-07,14-44-44,Friday
320795736410,1028563011,kawanochannn,55453844,Street Fighter 6,582,2026-08-07T07:00:53Z,ja,"['格ゲー', 'ストリートファイター6', '雑談', '日本語']",2026-08-07,14-44-44,Friday
318158467557,22291444,zetalot,138585,Hearthstone,582,2026-08-07T04:08:18Z,en,"['hearthstone', 'priest', 'ranked', 'legend', 'English']",2026-08-07,14-44-44,Friday
319709232606,237528876,paigethewitch,1663723394,Gears of War: E-Day,581,2026-08-07T02:53:58Z,en,"['English', 'Woman', 'cats', 'adhd', 'girl', 'gearsofwar', 'eday']",2026-08-07,14-44-44,Friday
317172013559,782947440,policechasenetwork,509658,Just Chatting,581,2026-08-06T23:22:29Z,en,"['English', 'feet']",2026-08-07,14-44-44,Friday
319706399454,1425176207,juntaurgente,1398657661,Anime Squad,580,2026-08-07T00:05:52Z,es,"['Español', 'ANHQV', 'juancuesta', 'juntaurgentee', 'AlwaysOn', 'radiopatio']",2026-08-07,14-44-44,Friday
316058605293,1310847512,alansgambit,743,Chess,572,2026-08-07T04:27:08Z,en,"['English', 'chess', 'blitzchess', 'HikaruNakamura', 'Speedrun', 'bulletchess', 'chesspuzzlerush']",2026-08-07,14-44-44,Friday
318744160471,1305342529,theburntpeanut_247,499973,Always On,571,2026-08-06T03:51:43Z,en,"['English', 'VOD', 'Rerun', 'arcraiders', 'tobacco']",2026-08-07,14-44-44,Friday
316280996210,21838653,z60411,1630982727,Where Winds Meet,569,2026-08-07T02:30:38Z,zh,"['IRL', 'Gundam', '中文', '嚴厲斥責', 'pachinko', 'MMORPG', '启用掉宝']",2026-08-07,14-44-44,Friday
318757787735,595555197,yungbuffalosauce,509658,Just Chatting,569,2026-08-07T06:48:37Z,en,"['vtuber', 'English']",2026-08-07,14-44-44,Friday
317173149943,483804716,edybot,26559,Batman: Arkham City,569,2026-08-07T01:48:47Z,en,"['ClosedCaptions', 'English', 'FirstPlaythough', 'BlindPlaythrough', 'EdysSlophouse', 'Cosplay', 'harleyquinn']",2026-08-07,14-44-44,Friday
316273156721,854833174,tentei_forte,181292138,Splatoon RAIDERS,568,2026-08-07T05:36:34Z,ja,"['vtuber', 'Neoporte', '日本語', '雑談', 'ネオポルテ', '女性']",2026-08-07,14-44-44,Friday
318158044901,1447297241,gtastyslots,498566,Slots,565,2026-08-07T01:46:17Z,de,"['Deutsch', 'Österreich', 'casino', 'slots', 'gTasty']",2026-08-07,14-44-44,Friday
319830125280,52398347,avexys,1663723394,Gears of War: E-Day,562,2026-08-06T17:50:55Z,en,['English'],2026-08-07,14-44-44,Friday
316611419862,46393386,autodestruction,29595,Dota 2,562,2026-08-07T02:49:07Z,ru,"['радио', 'драма', 'психология', 'гаддем', 'увереннаяигра', 'уютныйвайб', 'бумер', 'Медитация', 'адекватность', 'умиротворение']",2026-08-07,14-44-44,Friday
316281240050,40211539,ceros127,21779,League of Legends,559,2026-08-07T04:06:52Z,ja,"['日本語', '雑談', 'LoL', '英語', 'SF6', 'ラシード', '質問歓迎']",2026-08-07,14-44-44,Friday
317825938392,27934574,sirhcez,21779,League of Legends,556,2026-08-07T01:50:53Z,en,"['English', 'Nasus', 'Singed', 'vibes', 'vibesandchill']",2026-08-07,14-44-44,Friday
318754921687,132214615,whithblade,417528,Albion Online,553,2026-08-07T02:37:35Z,es,"['Español', 'México', 'DropsActivados']",2026-08-07,14-44-44,Friday
315947356266,50191268,crayator,31339,Project Zomboid,552,2026-08-07T01:22:29Z,en,"['overthetop', 'English']",2026-08-07,14-44-44,Friday
318158854629,171103531,sieglinde,18122,World of Warcraft,542,2026-08-07T06:09:05Z,de,"['Deutsch', 'wow', 'classicwow', 'Hardcore', 'sieglinde', 'worldofwarcraft', 'lurkATwork', 'classicplus', 'hc']",2026-08-07,14-44-44,Friday
316571305301,202684068,axel_tv,491931,Escape from Tarkov,542,2026-08-05T11:41:17Z,en,"['English', 'german', 'food', 'chill', 'Русский', 'DropsEnabled']",2026-08-07,14-44-44,Friday
315926414441,255116892,amiipie,509659,ASMR,541,2026-08-07T05:29:48Z,en,"['lgbtqiaplus', 'cozy', 'AMAA', 'English', 'NoMidrollAds', 'softspoken', 'AuditoryASMR', 'VisualASMR', 'ASMR']",2026-08-07,14-44-44,Friday
316272365297,83435622,arex,539257489,Beast of Reincarnation,539,2026-08-07T00:33:29Z,en,"['English', 'Cursed', 'Japan', 'ESL', 'Bold', 'ADHD', 'Unlucky', 'deadinside', 'Despair', 'Coffee']",2026-08-07,14-44-44,Friday
319837286240,529705123,shvfty__,32982,Grand Theft Auto V,537,2026-08-07T01:55:20Z,en,['English'],2026-08-07,14-44-44,Friday
320735205721,72318357,ingameasylum,509658,Just Chatting,537,2026-08-07T06:12:52Z,en,"['comedy', 'Funny', 'Horror', 'Retro', 'English', 'gameplay', 'solo', 'IndieHorror', 'indie']",2026-08-07,14-44-44,Friday
318756306263,542237669,toma,509672,IRL,536,2026-08-07T04:22:39Z,en,"['English', 'Comfy', 'Japanese', 'Vtuber']",2026-08-07,14-44-44,Friday
320787165530,61372705,zyzx_,491931,Escape from Tarkov,536,2026-08-06T23:10:40Z,en,"['Commentator', 'English', 'VarietyGaming', 'DropsEnabled', 'DeadWeight']",2026-08-07,14-44-44,Friday
315947307242,617224090,zorgo_hs,138585,Hearthstone,534,2026-08-07T00:59:05Z,en,"['Battlegrounds', 'Autobattler', 'English']",2026-08-07,14-44-44,Friday
317437683683,29315858,dokhy,513143,Teamfight Tactics,532,2026-08-07T04:59:26Z,fr,['Français'],2026-08-07,14-44-44,Friday
318158660069,44536868,orzanel,27546,World of Tanks,530,2026-08-07T05:10:14Z,en,['English'],2026-08-07,14-44-44,Friday
318224522598,152513638,sirraydus,21779,League of Legends,527,2026-08-07T05:45:52Z,de,"['Deutsch', 'Toplane', 'Geschichte', 'Cozy', 'DariusMain']",2026-08-07,14-44-44,Friday
315419414000,141572955,memorizer,490100,Lost Ark,524,2026-08-07T04:54:39Z,en,"['English', '日本語', 'Japanese', 'trilingual', 'korean']",2026-08-07,14-44-44,Friday
315893286739,23125739,aavak,127502910,Sandustry,520,2026-08-07T05:26:00Z,en,"['Chill', 'Chatty', 'Relaxed', 'LetsPlay', 'English', 'Welsh', 'Community', 'NoSpoilers']",2026-08-07,14-44-44,Friday
318224798310,208261930,ateach,31336,Metin2,519,2026-08-07T06:53:37Z,tr,['Türkçe'],2026-08-07,14-44-44,Friday
319835161184,568329848,sunnys,19976,MapleStory,517,2026-08-07T00:05:51Z,en,"['miata', 'English', '100Thieves', 'oscs']",2026-08-07,14-44-44,Friday
316028439404,1202655584,itsmrskychess,743,Chess,515,2026-08-07T04:00:42Z,en,"['English', 'chess', 'chessstreamer', 'chesscom']",2026-08-07,14-44-44,Friday
316273246705,436730505,anninmiru_,516575,VALORANT,514,2026-08-07T06:05:57Z,zh,"['咪嚕', '杏仁咪嚕', '中文', '日本語', '启用掉宝']",2026-08-07,14-44-44,Friday
318158037221,161580815,zg__,630009802,MARVEL TŌKON: Fighting Souls,514,2026-08-07T01:44:26Z,en,"['English', 'DropsEnabled', 'EWC', 'Русский', 'Deutsch', 'FinalFantasy', 'mount', 'FFXIV', 'Badge']",2026-08-07,14-44-44,Friday
318158711013,41812776,citronviolet,509672,IRL,514,2026-08-07T05:27:41Z,fr,"['Français', 'IRL', 'Tokyo', 'japon', 'vlog', 'voyage']",2026-08-07,14-44-44,Friday
320725039833,231053562,cursedfiber78,1663723394,Gears of War: E-Day,512,2026-08-06T21:16:13Z,es,"['Español', 'tortilla', 'malabarista', 'Elmejorstreamerdelmundo', 'tupapá']",2026-08-07,14-44-44,Friday
316648080724,66628850,arrav,509658,Just Chatting,509,2026-08-06T09:37:56Z,en,"['English', 'Norway', 'powerlifter', 'Travel', 'IRL', 'Adventure', 'Survival']",2026-08-07,14-44-44,Friday
315418083824,139417491,woojungx4,509658,Just Chatting,507,2026-08-06T16:54:19Z,ko,"['한국어', 'English', 'Asia', 'Asian', 'dance', 'kpop', '中文']",2026-08-07,14-44-44,Friday
317822165464,7832442,rifftrax,499973,Always On,505,2026-08-06T14:03:33Z,en,['English'],2026-08-07,14-44-44,Friday
319830731872,459898171,tenacitytv,509658,Just Chatting,503,2026-08-06T18:46:55Z,en,"['English', 'TTS', 'BaldStreamer']",2026-08-07,14-44-44,Friday
318158703589,76752131,thereisnofuture,1414860634,The Binding of Isaac: Repentance,503,2026-08-07T05:24:51Z,ru,"['Bedge', 'Русский', 'English']",2026-08-07,14-44-44,Friday
319711247326,147174403,dekel,18122,World of Warcraft,502,2026-08-07T06:41:13Z,en,['English'],2026-08-07,14-44-44,Friday
316584430037,105214785,pablogaming13,29595,Dota 2,500,2026-08-07T07:00:22Z,en,"['English', 'Sweden', 'dota2']",2026-08-07,14-44-44,Friday
316653677524,71558231,qsnake,29595,Dota 2,500,2026-08-07T04:55:10Z,ru,['Русский'],2026-08-07,14-44-44,Friday
316273027825,60781881,abby1130_,21779,League of Legends,500,2026-08-07T04:52:28Z,zh,['中文'],2026-08-07,14-44-44,Friday
318001732839,80629581,deemonrider,329951934,Pokémon Community Game,500,2026-08-05T17:59:09Z,en,"['Chatting', 'English']",2026-08-07,14-44-44,Friday
315849030865,92743646,j4ckie,1435206302,Slay the Spire II,499,2026-08-07T06:30:07Z,en,"['English', 'A10']",2026-08-07,14-44-44,Friday
316337922419,219289373,mamesupa,630009802,MARVEL TŌKON: Fighting Souls,498,2026-08-07T03:43:39Z,ja,"['日本語', 'Drops有効']",2026-08-07,14-44-44,Friday
317823222104,870124801,taysmcrr,498592,I'm Only Sleeping,494,2026-08-06T18:22:19Z,en,['English'],2026-08-07,14-44-44,Friday
316611949910,1483723691,forsexs,32399,Counter-Strike,494,2026-08-07T07:07:05Z,ru,['Русский'],2026-08-07,14-44-44,Friday
318757462359,54520579,infinite_sge,630009802,MARVEL TŌKON: Fighting Souls,491,2026-08-07T06:09:28Z,en,"['English', 'DropsEnabled']",2026-08-07,14-44-44,Friday
315886267731,789080214,huntpremier,491931,Escape from Tarkov,490,2026-08-05T12:45:55Z,en,"['English', 'DropsEnabled']",2026-08-07,14-44-44,Friday
319710753758,923601186,reallysticky999,1264310518,Marvel Rivals,489,2026-08-07T05:21:24Z,en,"['English', 'marvelrivals', 'Ranked', 'spiderman', 'rivals', 'top500', 'xQc', 'KaiCenat', 'Jynxzi', 'DropsEnabled']",2026-08-07,14-44-44,Friday
317172945143,588999119,fuzhpuzy,539257489,Beast of Reincarnation,488,2026-08-07T01:23:44Z,en,"['English', 'Woman', 'Canada', 'Persian', 'Cosplay', 'FirstPlayThrough', 'backseating', 'Chatty', 'Interactive', 'RPG']",2026-08-07,14-44-44,Friday
318224238694,76686469,lizzarddota2,29595,Dota 2,488,2026-08-07T04:24:39Z,en,"['English', 'dota2']",2026-08-07,14-44-44,Friday
316017052779,176314965,swimy,138585,Hearthstone,482,2026-08-06T21:50:56Z,ar,['العربية'],2026-08-07,14-44-44,Friday
315848982097,511226957,thatfriendlyguy,491931,Escape from Tarkov,481,2026-08-07T06:04:03Z,en,"['english', 'community', 'friendly', 'wholesome', 'interactive', 'backseatingENCOURAGED', 'English', 'DropsEnabled']",2026-08-07,14-44-44,Friday
315926477161,42596387,m989876525,19976,MapleStory,481,2026-08-07T05:52:14Z,zh,"['中文', 'Vtuber', '親親幫']",2026-08-07,14-44-44,Friday
320725263449,169594765,joystick,515025,Overwatch,479,2026-08-06T21:30:58Z,en,"['English', 'Vendetta', 'DropsEnabled']",2026-08-07,14-44-44,Friday
318214620262,28447375,skifolk,491931,Escape from Tarkov,476,2026-08-06T08:33:31Z,ru,"['Русский', 'Skifolk', 'Скифолк', 'survivalgames', 'DropsВключены']",2026-08-07,14-44-44,Friday
318709332084,205732812,guzzeiira,29452,Virtual Casino,475,2026-08-07T04:50:39Z,pt,['Português'],2026-08-07,14-44-44,Friday
320732267097,449091900,stephaniemx_,509658,Just Chatting,473,2026-08-07T03:13:09Z,es,['Español'],2026-08-07,14-44-44,Friday
317435959779,1193091266,otp,2012789438,Call of Duty: Black Ops 7,472,2026-08-06T20:55:18Z,fr,"['Français', 'OTP', 'EWC', 'DropsActivés']",2026-08-07,14-44-44,Friday
318753934807,1166399875,ninadaddyisback,509672,IRL,472,2026-08-07T01:24:05Z,en,['English'],2026-08-07,14-44-44,Friday
317399334626,45878070,pochipoom,21779,League of Legends,468,2026-08-07T03:56:38Z,es,"['Español', 'Didáctico', 'profesional', 'Educativo']",2026-08-07,14-44-44,Friday
318018066151,204482134,simfinity_nina,509658,Just Chatting,465,2026-08-07T07:08:26Z,de,"['Deutsch', 'SafeSpace', 'gemütlich']",2026-08-07,14-44-44,Friday
320906405083,131302635,crappa,979918349,Expedition: Into Darkness,464,2026-08-07T05:12:26Z,hu,"['Magyar', 'Variety', 'Hungarian']",2026-08-07,14-44-44,Friday
320730938841,726047080,vona,404585594,Moventure,463,2026-08-07T02:15:23Z,en,"['brainwashing', 'chill', 'normalandwelladjusted', 'vtuber', 'adhd', 'cozychaotic', 'asmr', 'wholesome', 'AAAAAAAAAAAAAAAAAAAAAAA', 'English']",2026-08-07,14-44-44,Friday
318574879094,1078197656,nokan777,29452,Virtual Casino,462,2026-08-07T05:36:36Z,pt,['Português'],2026-08-07,14-44-44,Friday
317408548708,1110808352,cineillojuan,499973,Always On,462,2026-08-05T12:09:23Z,es,"['Español', 'Repetir']",2026-08-07,14-44-44,Friday
318159099237,39176562,ceh9,493057,PUBG: BATTLEGROUNDS,461,2026-08-07T07:10:37Z,uk,"['politics', 'ukraine', 'navi', 'LGBTQ', 'україна', 'Українська', 'CS2', 'політика']",2026-08-07,14-44-44,Friday
318017480039,72263162,quendya_,386821,Black Desert,460,2026-08-07T04:38:28Z,en,"['MMORPG', 'BDO', 'HelpingNewPlayers', 'Guides', 'English', 'DropsEnabled']",2026-08-07,14-44-44,Friday
315865483858,145152695,mightyy,515025,Overwatch,459,2026-08-07T04:04:53Z,en,"['JunkerQueen', 'OW2', 'Top500', 'Grandmaster', 'GM', 'Masters', 'UK', 'English', 'DropsEnabled']",2026-08-07,14-44-44,Friday
317827994072,148943564,mcbanterface,138585,Hearthstone,458,2026-08-07T06:15:57Z,en,"['Standard', 'English']",2026-08-07,14-44-44,Friday
318755984087,134056274,umbrellabw,1663723394,Gears of War: E-Day,455,2026-08-07T03:56:19Z,en,"['Army', 'ARMYGAMER', 'armystrong', 'English', 'Competitive', 'horrorgames', 'Horror']",2026-08-07,14-44-44,Friday
318224330470,256982238,hellcr0ss,401587136,Arena Breakout: Infinite,455,2026-08-07T04:49:50Z,ru,"['Ranked', 'Русский', 'харизма', 'вайб', 'arenabreakout', 'СБЭУКомар', 'Hellcr0ss', 'arenabreakoutinfinite', 'DropsВключены']",2026-08-07,14-44-44,Friday
316584069205,591385433,mrsxxot,509672,IRL,453,2026-08-07T05:30:05Z,ru,"['Русский', 'IRL', 'girl', 'общение', 'English', 'drops', 'justchatting', 'doors']",2026-08-07,14-44-44,Friday
318156187749,192234076,shaker,491931,Escape from Tarkov,452,2026-08-06T20:34:37Z,de,"['Deutsch', 'DropsAktiviert']",2026-08-07,14-44-44,Friday
318752080087,611369104,vaerie,460630,Rainbow Six Siege,450,2026-08-06T22:39:38Z,en,"['English', 'asian', 'PlayingwithViewers', 'valorant', 'League', 'overwatch', 'r6siege']",2026-08-07,14-44-44,Friday
318017462119,1107351062,nkt_01,29595,Dota 2,449,2026-08-07T04:32:44Z,ru,"['Русский', 'EngIish']",2026-08-07,14-44-44,Friday
318749500887,64372897,problemwright,670138298,Madden NFL 27,448,2026-08-06T17:37:44Z,en,"['English', 'DropsEnabled']",2026-08-07,14-44-44,Friday
317174181111,147281673,wookie_legend,32502,World of Warships,448,2026-08-07T04:01:46Z,en,"['English', 'Bulgarian', 'PlayingWithTheCommunity', 'CasualStreamer', 'WorkoutStream', 'ＤBD', 'Canada', 'Friendly', 'Cozy', 'DropsEnabled']",2026-08-07,14-44-44,Friday
319770069596,1165108539,clixoffline,33214,Fortnite,447,2026-08-06T00:37:39Z,en,"['English', 'Fortnite', 'Clix', 'Lacy', 'StableRonaldo', 'XSET', 'FaZe', 'Vtuber']",2026-08-07,14-44-44,Friday
317423265508,61473477,pausenpaii,21779,League of Legends,446,2026-08-07T04:42:08Z,es,['Español'],2026-08-07,14-44-44,Friday
318756214999,554463983,bugs,624536948,EA Sports FC 26,445,2026-08-07T04:14:50Z,en,['English'],2026-08-07,14-44-44,Friday
318016355815,145856431,pixienaut,852009328,Mistfall Hunter,445,2026-08-07T00:04:24Z,de,"['Deutsch', 'KeinBSG', 'Gemütlich', 'pngtuber', 'Vtuber', 'VTubeDE', 'SafeSpace', 'LootGoblin', 'GoblinQueen', 'DropsAktiviert']",2026-08-07,14-44-44,Friday
316584226645,1035282007,tupa_b0r0v,29595,Dota 2,444,2026-08-07T06:12:32Z,ru,['Русский'],2026-08-07,14-44-44,Friday
319703986526,1507930473,realdonutdad,27471,Minecraft,439,2026-08-06T21:22:24Z,en,"['youtuber', 'minecraft', 'donutsmp', 'English']",2026-08-07,14-44-44,Friday
315947598698,26766376,q158688920,491931,Escape from Tarkov,436,2026-08-07T03:21:43Z,zh,"['中文', 'gamer', '启用掉宝']",2026-08-07,14-44-44,Friday
317437761763,89381351,drakeoz_,509658,Just Chatting,435,2026-08-07T05:46:30Z,fr,"['France', 'Vulgarisation', 'Debat', 'Interview', 'Actu', 'Presse', 'Discussion', 'Gaming', 'Français']",2026-08-07,14-44-44,Friday
316612001366,774288834,kiryuhanastyuha,32399,Counter-Strike,434,2026-08-07T07:20:09Z,ru,['Русский'],2026-08-07,14-44-44,Friday
315886907112,195047234,dragneel_fh,29595,Dota 2,434,2026-08-07T05:11:26Z,ru,"['Русский', 'dota', 'dota2', 'дота']",2026-08-07,14-44-44,Friday
317423272419,224928691,coolestjonas,491931,Escape from Tarkov,433,2026-08-05T09:47:54Z,en,"['English', 'femboy', 'DropsEnabled']",2026-08-07,14-44-44,Friday
316611509590,666956061,vipkazakh001,509658,Just Chatting,429,2026-08-07T03:46:12Z,ru,['Русский'],2026-08-07,14-44-44,Friday
316580648021,1452895933,orangemorangeslots,498566,Slots,427,2026-08-06T17:01:51Z,de,['Deutsch'],2026-08-07,14-44-44,Friday
316653640148,248753372,rasty_airsoft,491931,Escape from Tarkov,424,2026-08-07T04:38:55Z,ru,"['Русский', 'общение', 'помощь', 'помощьновичкам', 'Английский', 'DropsВключены']",2026-08-07,14-44-44,Friday
318017977063,714502864,ratattitude,518630,Manor Lords,424,2026-08-07T06:50:33Z,de,"['Ama', 'Strategie', '4X', 'Geschichte', 'Aufbauspiel', 'Rundenstrategie', 'LetsPlay', 'PvE', 'Roleplay', 'Deutsch']",2026-08-07,14-44-44,Friday
320906971995,180051859,daninahurry,491487,Dead by Daylight,423,2026-08-07T06:01:02Z,en,"['english', 'caseoh', 'kaicenat', 'English', 'DropsEnabled']",2026-08-07,14-44-44,Friday
320730526297,133899900,sawnic,491487,Dead by Daylight,422,2026-08-07T01:58:14Z,en,"['English', 'DropsEnabled']",2026-08-07,14-44-44,Friday
316338052339,206965609,sakume_ow,515025,Overwatch,420,2026-08-07T04:29:12Z,ja,"['日本語', 'さくめ', 'Drops有効']",2026-08-07,14-44-44,Friday
318756612567,418916072,donsznyt,32982,Grand Theft Auto V,419,2026-08-07T04:49:12Z,en,"['Funny', 'roleplay', 'chatting', 'GTA', 'online', 'English', 'PvP', 'fun']",2026-08-07,14-44-44,Friday
317170166903,689975521,heinzbaines_,509672,IRL,419,2026-08-06T18:21:28Z,en,['English'],2026-08-07,14-44-44,Friday
320735006809,144621813,viibiin,491931,Escape from Tarkov,418,2026-08-07T05:53:00Z,en,"['English', 'DropsEnabled']",2026-08-07,14-44-44,Friday
318224600678,476237021,sophiexelisabeth,509658,Just Chatting,418,2026-08-07T06:05:49Z,de,"['cozy', 'gemütlich', 'entspannt', 'deutsch', 'weiblich', 'safespace', 'variety', 'german', 'simulator', 'Deutsch']",2026-08-07,14-44-44,Friday
318224941414,182899347,smurf_tv,21779,League of Legends,416,2026-08-07T07:24:18Z,ru,"['KOREAN', 'RANK1', 'EVERYROLE', 'GIGACHAD', 'CHALLENGER', 'Русский', 'турнир']",2026-08-07,14-44-44,Friday
316584229717,1135956593,disha_3228,29595,Dota 2,416,2026-08-07T06:13:19Z,ru,['Русский'],2026-08-07,14-44-44,Friday
317826775640,186783860,sincerelyjuju,32399,Counter-Strike,416,2026-08-07T03:31:02Z,en,"['English', 'ranked', 'CODStream', 'counterstrike', 'cuban']",2026-08-07,14-44-44,Friday
316584120149,29374299,yurikasdorp,19554,iRacing,415,2026-08-07T05:45:06Z,en,['English'],2026-08-07,14-44-44,Friday
320902624859,41931263,itzcbd,512953,ELDEN RING,415,2026-08-07T01:58:49Z,en,"['Tall', 'Dark', 'Handsome', 'ASMR', 'Chill', 'Relax', 'YOURMOM', 'ClosedCaptions', 'FirstPlaythrough', 'Subtitles']",2026-08-07,14-44-44,Friday
318018047079,56924673,obsess3,21779,League of Legends,415,2026-08-07T07:04:43Z,de,"['Deutsch', 'VerticalStream', 'vertical', 'manchmalchallenger', 'meistensnicht']",2026-08-07,14-44-44,Friday
318755701719,20694610,towelliee,396745148,Tom Clancy's The Division: Resurgence,412,2026-08-07T03:33:42Z,en,"['tank', 'worldofwarcraft', 'entertainment', 'English', 'MMORPG', 'midnight', 'classicplus', 'wowmidnight', 'FFXIV', 'DropsEnabled']",2026-08-07,14-44-44,Friday
317162824567,1437641429,oilrats247,263490,Rust,412,2026-08-05T17:28:00Z,en,"['English', 'DropsEnabled']",2026-08-07,14-44-44,Friday
316653806292,1285328560,fliclwn,509658,Just Chatting,411,2026-08-07T05:55:58Z,ru,['Русский'],2026-08-07,14-44-44,Friday
316653564628,80848555,madlife516,32399,Counter-Strike,410,2026-08-07T04:04:34Z,ru,"['Русский', 'cs']",2026-08-07,14-44-44,Friday
320729084121,820428882,itzfrwog,2009321156,Dark and Darker,409,2026-08-07T00:54:06Z,en,"['English', 'DropsEnabled']",2026-08-07,14-44-44,Friday
320788300634,187340502,minky,32982,Grand Theft Auto V,407,2026-08-07T00:05:57Z,en,"['English', 'LGBTＱ']",2026-08-07,14-44-44,Friday
316280571506,640952922,tumugu_orca,491931,Escape from Tarkov,407,2026-08-06T23:33:38Z,ja,"['no1清楚', 'PvP', '日本語', 'Drops有効']",2026-08-07,14-44-44,Friday
319790259420,806840624,rene8808,1663723394,Gears of War: E-Day,407,2026-08-07T05:37:00Z,es,['Español'],2026-08-07,14-44-44,Friday
316608429910,65360359,passatigy,852009328,Mistfall Hunter,406,2026-08-06T16:42:40Z,ru,"['Пасатиж', 'Конкурс', 'Русский', 'розыгрыш', 'общение', 'drops', 'mistfallhunter', 'Keymailer', 'DropsВключены']",2026-08-07,14-44-44,Friday
318574389622,95147903,pkennys,32399,Counter-Strike,404,2026-08-07T03:56:13Z,pt,"['CS2', 'Brasil', 'Alemanha', 'frança', 'Colombia', 'Português']",2026-08-07,14-44-44,Friday
318572127350,177270193,appleshampoo,32982,Grand Theft Auto V,403,2026-08-07T00:02:59Z,en,"['English', 'Vtuber', 'Roleplay', 'funny', 'NoPixel', 'inzoi', 'ENVtuber', 'chaseRP', 'RosalitaRP', 'DeadWeight']",2026-08-07,14-44-44,Friday
317824934616,111882197,emilycc,491487,Dead by Daylight,403,2026-08-06T23:38:04Z,en,"['English', 'subathon', 'ADHD', 'Marathon', 'girl', 'feet', 'Chatty', 'IRL', 'Travel', 'streameruniversity']",2026-08-07,14-44-44,Friday
320906556507,38958459,ceremor,960290413,Sand: Raiders Of Sophie,401,2026-08-07T05:23:34Z,en,['English'],2026-08-07,14-44-44,Friday
318573938806,1434676778,sallesgote77,29452,Virtual Casino,398,2026-08-07T02:58:21Z,pt,"['Português', 'slots']",2026-08-07,14-44-44,Friday
317173887351,137096112,kael,509660,Art,398,2026-08-07T03:25:05Z,en,"['PixelArt', 'English', 'Vtuber', 'chil', 'ASMR']",2026-08-07,14-44-44,Friday
315926081385,48075193,hozitojones,18122,World of Warcraft,398,2026-08-07T03:11:43Z,en,"['English', 'WorldfofWarcraft', 'wow', 'Arena', 'Australia', 'RPG', 'AdventureGame', 'MMO', 'Action', 'Guatemala']",2026-08-07,14-44-44,Friday
316272659441,712986706,xtsuvi_,511224,Apex Legends,398,2026-08-07T02:34:21Z,ja,['日本語'],2026-08-07,14-44-44,Friday
318757397207,53754689,abehamm,499003,VRChat,397,2026-08-07T06:02:45Z,en,['English'],2026-08-07,14-44-44,Friday
317827672792,143762141,ezzmoandyoyo,509672,IRL,396,2026-08-07T05:28:57Z,en,['English'],2026-08-07,14-44-44,Friday
320795406170,433792882,exely,512710,Call of Duty: Warzone,393,2026-08-07T06:27:46Z,en,"['English', 'warzone', 'callofduty', 'solosquads', 'rankedplay', 'bo6']",2026-08-07,14-44-44,Friday
317827213784,976310259,intoxicatedgamer,461221,MARVEL Contest of Champions,392,2026-08-07T04:28:21Z,en,"['SinglePlayer', 'ccp', 'chill', 'English', 'mcoc', 'marvel', 'mcoclivestream', 'mcocbgs', 'MarvelContestOfChampions', 'DropsEnabled']",2026-08-07,14-44-44,Friday
319708804190,52049736,knotty,65632,DayZ,390,2026-08-07T02:24:00Z,en,"['English', 'gaming', 'fps', 'reactions', 'Chatting', 'NoPixel', 'guyjones', 'DayZ', 'knotty', 'egirl']",2026-08-07,14-44-44,Friday
320783326810,22783448,nychrisg,630009802,MARVEL TŌKON: Fighting Souls,390,2026-08-06T19:29:04Z,en,"['English', 'DropsEnabled']",2026-08-07,14-44-44,Friday
317827463768,60216187,simcopter1,31339,Project Zomboid,389,2026-08-07T05:01:00Z,en,"['Simulation', 'Strategy', 'Chatty', 'Cozy', 'Funny', 'MentalHealth', 'English', 'Jewish', 'LurkerFriendly', 'Weathered']",2026-08-07,14-44-44,Friday
315947843946,539904973,sharkie,318184140,The Skin Stapler,387,2026-08-07T05:06:05Z,en,"['Australia', 'Horror', 'English', 'ClosedCaptions', 'LurkerFriendly', 'Aussie', 'HorrorGames', 'ADHD', 'AnonymousFollows', 'WelcomingCommunity']",2026-08-07,14-44-44,Friday
319835316192,200295960,benjamin_bucks,32982,Grand Theft Auto V,385,2026-08-07T00:13:51Z,en,"['English', 'spanish', 'gaming', 'reacts', 'D10']",2026-08-07,14-44-44,Friday
318574594806,190427123,tekagaming_,498566,Slots,382,2026-08-07T04:31:58Z,pt,['Português'],2026-08-07,14-44-44,Friday
320781067610,207264502,daymr,1264310518,Marvel Rivals,382,2026-08-06T16:37:52Z,en,"['English', 'DropsEnabled']",2026-08-07,14-44-44,Friday
318756428759,504098034,joechuck7,2132205352,Deadlock,381,2026-08-07T04:32:31Z,en,"['doorman', 'deadlock', 'English', 'eternus']",2026-08-07,14-44-44,Friday
318018113639,140043801,epicvoyages,509672,IRL,381,2026-08-07T07:19:54Z,en,"['English', 'Community', 'Fishing', 'work', 'IRL', 'Outdoors', 'Boats', 'Cozy', 'SFW', 'ASMR']",2026-08-07,14-44-44,Friday
316649338964,808203756,r2cronus,502829,R2 Online: Reign of Revolution,380,2026-08-06T13:09:43Z,ru,"['Русский', 'R2Online']",2026-08-07,14-44-44,Friday
320791922010,46298096,iannihilate,29595,Dota 2,379,2026-08-07T02:55:31Z,en,"['English', 'Educational', 'ProPlayer', 'Dota2', 'GodGamer', 'BODYBUILDINGFITNESS', 'Hot', 'AttractiveStreamer', 'Anime', 'xqc']",2026-08-07,14-44-44,Friday
316584074197,823692721,toxakaaaa,509658,Just Chatting,378,2026-08-07T05:31:47Z,ru,"['Русский', 'Повтор']",2026-08-07,14-44-44,Friday
318017444071,635976318,oberallgaeuer,509672,IRL,378,2026-08-07T04:26:49Z,de,"['Deutsch', 'LKW', 'Baustoffe', 'Norddeutschland', 'Dauerwerbesendung', 'GPS', 'kranwagen', 'FSK18', 'Driving', 'gutelaune']",2026-08-07,14-44-44,Friday
316653392340,821043945,pinkkdemon,539257489,Beast of Reincarnation,377,2026-08-07T02:40:50Z,ru,"['Аниме', 'общение', 'Русский', 'IRL', 'девушка', 'тяночка', 'English', 'girl']",2026-08-07,14-44-44,Friday
316584132309,112431838,olszakumpel,32399,Counter-Strike,376,2026-08-07T05:48:10Z,pl,['Polski'],2026-08-07,14-44-44,Friday
316608233430,637574386,olezha27,498592,I'm Only Sleeping,375,2026-08-06T16:17:41Z,ru,['Русский'],2026-08-07,14-44-44,Friday
316584364885,142272036,k1im,493057,PUBG: BATTLEGROUNDS,374,2026-08-07T06:46:47Z,ru,['Русский'],2026-08-07,14-44-44,Friday
319780633948,254816307,eshego,32399,Counter-Strike,373,2026-08-06T19:12:17Z,en,"['irl', 'vtuber', 'girl', 'women', 'English', 'marvelrivals']",2026-08-07,14-44-44,Friday
318158537701,150155452,maaylen,21779,League of Legends,372,2026-08-07T04:31:18Z,es,"['SoloQChallenge', 'lol', 'Support', 'Español']",2026-08-07,14-44-44,Friday
316611646038,1124918733,platonhdd,509658,Just Chatting,371,2026-08-07T05:02:39Z,ru,"['Русский', 'работа', 'курьер', 'Водитель', 'москва', 'доставка', 'такси', 'таймер']",2026-08-07,14-44-44,Friday
318017990119,529529231,hollowmaiden_,1144717324,Gothic 1 Remake,370,2026-08-07T06:53:29Z,ru,"['Русский', 'megabonk']",2026-08-07,14-44-44,Friday
320900127579,558353658,leagueofangel,417528,Albion Online,370,2026-08-07T00:26:02Z,en,"['English', 'egirl', 'Giveaways', 'PvP', 'PVE', 'Tangia', 'girl', 'MMO', 'DropsEnabled']",2026-08-07,14-44-44,Friday
318224398566,1055397270,jack_fromsoft,1632098970,The Relic: First Guardian,369,2026-08-07T05:10:19Z,de,"['Deutsch', 'eldenring', 'Soulsborne', 'soulslike', 'darksouls']",2026-08-07,14-44-44,Friday
316583837525,9528182,chilledchaos,499973,Always On,369,2026-08-07T04:06:23Z,en,"['English', 'ItalianSafeSpace', 'ChilledChaos', 'LyingEncouraged', 'seventeencarat', 'AmongUs', 'Multiplayer']",2026-08-07,14-44-44,Friday
319707299678,40181971,bluekandy,23857,Pokémon HeartGold/SoulSilver,368,2026-08-07T00:55:40Z,en,"['Gay', 'Furry', 'Dog', 'with', 'Big', 'Balls', 'and', 'Cheeks', 'Kaizo', 'Ironmon']",2026-08-07,14-44-44,Friday
320906131291,431470138,dezignful,852009328,Mistfall Hunter,368,2026-08-07T04:52:20Z,en,"['English', 'DropsEnabled']",2026-08-07,14-44-44,Friday
319789378268,101783007,dewamoon,2132205352,Deadlock,367,2026-08-07T04:08:15Z,en,['English'],2026-08-07,14-44-44,Friday
320793173210,702351590,karhus,21779,League of Legends,366,2026-08-07T04:00:25Z,en,"['English', 'Karthus', 'Challenger', 'Canada']",2026-08-07,14-44-44,Friday
320792438234,48276816,mafiajinx,509658,Just Chatting,366,2026-08-07T03:21:00Z,en,"['English', 'Woman', 'girl', 'egirl', 'emo', 'goth', 'ADHD', 'Autism', 'punk', 'LGBTQIAPIus']",2026-08-07,14-44-44,Friday
318017987047,144924031,kiittwy,21779,League of Legends,364,2026-08-07T06:52:58Z,en,"['English', 'Chinese', '中文', 'Esports', 'LPL', 'LCP', 'LCK', 'Lolesports', 'Educational']",2026-08-07,14-44-44,Friday
320794167514,105168040,milkypuff,509672,IRL,362,2026-08-07T04:58:52Z,en,"['Japan', 'Cosplay', 'Travel', 'Anime', 'Outdoors', 'IRL', 'English', 'Japanese']",2026-08-07,14-44-44,Friday
315400450671,554154175,world1104,509658,Just Chatting,361,2026-08-07T05:54:24Z,ko,"['한국어', 'English', 'ENG', '日本語', '中國', '台灣', 'dance', 'kpop', 'girl', '드롭활성화됨']",2026-08-07,14-44-44,Friday
318754875095,143646010,luckychamu,512710,Call of Duty: Warzone,361,2026-08-07T02:34:20Z,en,"['English', 'ADHD', 'warzone', 'rebirth']",2026-08-07,14-44-44,Friday
318757210583,52088005,lunity,1329153872,Pokémon Pokopia,358,2026-08-07T05:43:56Z,en,"['English', 'anime', 'NoSpoilers', 'NoBackseating']",2026-08-07,14-44-44,Friday
318017139175,45188531,welderb,7100,Gothic 3,356,2026-08-07T02:53:34Z,ru,"['stalker', 'сталкер', 'Русский']",2026-08-07,14-44-44,Friday
318204799846,163299585,blastpremier,32399,Counter-Strike,355,2026-08-05T10:51:14Z,en,"['Esports', 'English', 'BLAST', 'blastpremier', 'counterstrike', 'counterstrike2', 'CS2', 'CS2Live', 'cs2twitch', 'cs2major']",2026-08-07,14-44-44,Friday
316273382513,136255354,franciscoow,55453844,Street Fighter 6,354,2026-08-07T06:51:06Z,ja,['日本語'],2026-08-07,14-44-44,Friday
320898206555,453880006,eggsterr,27471,Minecraft,353,2026-08-06T22:58:25Z,en,['English'],2026-08-07,14-44-44,Friday
315926193257,820547399,symbxl,509658,Just Chatting,353,2026-08-07T04:01:34Z,en,"['English', 'vtuber', 'backrooms', 'liminalspace', 'yapper', 'y2k', 'aussie', 'cozy', 'retro', 'yaoi']",2026-08-07,14-44-44,Friday
318224696294,160489367,xiuder_,33214,Fortnite,353,2026-08-07T06:30:17Z,it,"['Fortnite', 'reaction', 'Italiano', 'xiuder', 'react', 'xiuderone', 'fun']",2026-08-07,14-44-44,Friday
320732413145,1513400624,insuredaudiodotcom,512710,Call of Duty: Warzone,353,2026-08-07T03:19:29Z,en,"['Rerun', 'warzonecallofduty', 'warzone', 'callofduty', 'gamer', 'cod', 'ADHD', '420', 'battleroyale', 'English']",2026-08-07,14-44-44,Friday
316337994867,443107707,thijihiguri,456845141,Zenless Zone Zero,353,2026-08-07T04:08:47Z,en,"['veteran', 'roleplay', 'cosplay', 'thijihiguri', 'dropsenabled', 'grinding', 'Competitive', 'Chill', 'pathtopro', 'DeadWeight']",2026-08-07,14-44-44,Friday
318017751271,198939622,onlyjson,509658,Just Chatting,352,2026-08-07T05:58:56Z,de,"['gtavrproleplay', 'Deutsch', 'NARCOCITY', 'fivem', 'Unterhaltung', 'gta']",2026-08-07,14-44-44,Friday
319705328478,65118001,omidlive,491931,Escape from Tarkov,351,2026-08-06T23:04:12Z,en,"['English', 'DropsEnabled']",2026-08-07,14-44-44,Friday
315863015634,27045041,toadamarillo,21779,League of Legends,350,2026-08-06T14:48:08Z,es,"['Español', 'LeagueaofLegends', 'LOL', 'Toad', 'TOADAMARILLO', 'SQC', 'SQCSoloQChallenge']",2026-08-07,14-44-44,Friday
316058712045,1006057911,amar_fc,1441208453,Once Human,350,2026-08-07T05:07:52Z,en,"['English', 'drops', 'DropsEnabeled']",2026-08-07,14-44-44,Friday
317437947107,164798747,juakynen,518203,Sports,348,2026-08-07T07:18:47Z,es,"['Show', 'entreteniemiento', 'futbol', 'Periodistas', 'FCBarcelona', 'Barça', 'TertuliaDeportiva', 'Español', 'DropHabilitado', 'femenino']",2026-08-07,14-44-44,Friday
316653986004,121228500,casinodaddy,498566,Slots,348,2026-08-07T07:03:11Z,en,"['English', 'slots', 'casino', 'gambling', 'funny', 'Giveaways', 'hype', 'IRL', 'Community']",2026-08-07,14-44-44,Friday
319833189088,1369581021,happyhappygal_vod,33214,Fortnite,348,2026-08-06T22:09:44Z,en,"['English', 'happyhappygal', 'fortnite', 'christian', 'FamilyFriendly', 'ZeroBuild', 'Rerun']",2026-08-07,14-44-44,Friday
318644769781,1478694617,ninjaslot_,29452,Virtual Casino,348,2026-08-07T05:38:19Z,pt,"['English', 'Português']",2026-08-07,14-44-44,Friday
318756902999,90229091,extesyy,511224,Apex Legends,347,2026-08-07T05:13:34Z,en,"['English', 'gaming', 'egirl', 'eboygamer', 'feet', 'mommyasmr']",2026-08-07,14-44-44,Friday
320795090650,1234210919,bord,499003,VRChat,346,2026-08-07T06:02:05Z,en,"['English', 'DropsEnabled']",2026-08-07,14-44-44,Friday
318017782247,541263113,feli,509658,Just Chatting,345,2026-08-07T06:05:37Z,de,"['Deutsch', 'IRLchatting', 'Creative', 'Interactive', 'Singing', 'boxbreak', 'TCG', 'tattoo', 'sauercrowd']",2026-08-07,14-44-44,Friday
318631591413,181077473,gaules,31339,Project Zomboid,345,2026-08-05T21:02:19Z,pt,['Português'],2026-08-07,14-44-44,Friday
318756441431,240261672,spaceyeen,492934,RESIDENT EVIL 7 biohazard,345,2026-08-07T04:33:39Z,en,"['Furry', 'Horror', 'RPG', 'English', 'LGBT', 'Cozy', 'Gay', 'helpimtrappedinsidetwitch', 'Vtuber', 'Trans']",2026-08-07,14-44-44,Friday
318153110501,255201817,rodrigorapport,509658,Just Chatting,343,2026-08-06T16:32:09Z,hu,"['Magyar', 'DropokEngedélyezve']",2026-08-07,14-44-44,Friday
320895316827,141661193,lyesval,464339927,ARC Raiders,342,2026-08-06T20:08:08Z,en,"['english', 'radiant', 'esexaddict', 'egirl', 'arcraiders', 'dropsenabled', 'English']",2026-08-07,14-44-44,Friday
316584444501,403268998,janichka,32399,Counter-Strike,342,2026-08-07T07:03:23Z,ru,['Русский'],2026-08-07,14-44-44,Friday
317437957859,184578486,mfreak00,21779,League of Legends,341,2026-08-07T07:22:59Z,es,"['Mfreak', 'MindFreak', 'Español', 'LOL', 'LCK', 'T1', 'Faker', 'Worlds', 'SQC', 'SoloQChallenge']",2026-08-07,14-44-44,Friday
320902572507,30171560,wingsofdeath,29307,Path of Exile,341,2026-08-07T01:56:53Z,en,"['Drops', 'English', 'Top', 'Educational', 'Muscular']",2026-08-07,14-44-44,Friday
316652480852,495624785,asunavysescythe,138585,Hearthstone,341,2026-08-06T20:55:20Z,ru,['Русский'],2026-08-07,14-44-44,Friday
316584110805,49258270,newb1kk,12839,Heroes of Might and Magic III: The Restoration of Erathia,340,2026-08-07T05:41:37Z,ru,['Русский'],2026-08-07,14-44-44,Friday
318158302565,431200070,myrealthailand,509672,IRL,340,2026-08-07T03:11:49Z,de,"['Deutsch', 'Thailand', 'IRL', 'Farming', 'Auswandern', 'Reisen', 'BauenUndPlaudern', 'tierefüttern', 'travel', 'Scooter']",2026-08-07,14-44-44,Friday
319787517660,31974228,pangaeapanga,460090,Subnautica,339,2026-08-07T02:08:55Z,en,['English'],2026-08-07,14-44-44,Friday
318755628375,10393956,vesperarcade,630009802,MARVEL TŌKON: Fighting Souls,338,2026-08-07T03:28:28Z,en,"['English', 'DropsEnabled']",2026-08-07,14-44-44,Friday
320904935259,1340532436,k1ngaling,33214,Fortnite,337,2026-08-07T03:43:16Z,en,['English'],2026-08-07,14-44-44,Friday
319839745120,1164875148,angeloniquan,464339927,ARC Raiders,337,2026-08-07T05:12:41Z,en,"['English', 'Rerun']",2026-08-07,14-44-44,Friday
318642568693,50573540,baianinha,116747788,"Pools, Hot Tubs, and Beaches",337,2026-08-07T01:22:10Z,en,"['ingles', 'English', 'francais', 'Frances', 'America', 'Brasil', 'Rerun']",2026-08-07,14-44-44,Friday
318224729062,39432884,ilgattosultubo,1881949588,ReStory,337,2026-08-07T06:38:12Z,it,"['Italiano', 'chill', 'gaming']",2026-08-07,14-44-44,Friday
318159044965,455113027,desperatenasus,21779,League of Legends,336,2026-08-07T06:58:37Z,en,['English'],2026-08-07,14-44-44,Friday
320730194137,31506856,skinnedteen,410823430,Gate Guard Simulator,335,2026-08-07T01:43:05Z,en,"['English', 'Horror', 'horrorgames', 'Cartoony', 'Vtuber', 'pngtuber', 'latenight', '90sVIBES']",2026-08-07,14-44-44,Friday
316653313748,59904138,redduch,1282866981,Delta Force,335,2026-08-07T01:58:50Z,ru,['Русский'],2026-08-07,14-44-44,Friday
318008715879,748881142,kubabonus,498566,Slots,334,2026-08-06T12:03:13Z,de,['Deutsch'],2026-08-07,14-44-44,Friday
316336385779,59474243,yuwu_0430,516575,VALORANT,334,2026-08-06T16:15:25Z,zh,['中文'],2026-08-07,14-44-44,Friday
319789281628,161718773,supersweetlucas,1264310518,Marvel Rivals,334,2026-08-07T04:01:08Z,en,"['vtuber', 'lgbtqiaplus', 'English', 'yapping', 'gaming', 'marvelrivalscreation', 'rivalscreate', 'DropsEnabled', 'sweetlucas']",2026-08-07,14-44-44,Friday
318158624229,80599761,freezecs7,32399,Counter-Strike,333,2026-08-07T04:58:49Z,de,"['Deutsch', 'faceit', 'English', 'pro']",2026-08-07,14-44-44,Friday
316611723606,43573173,pashavvp,515349,Lineage II,332,2026-08-07T05:41:37Z,ru,['Русский'],2026-08-07,14-44-44,Friday
318154442853,107422407,sharap,491931,Escape from Tarkov,332,2026-08-06T18:17:58Z,ru,"['Русский', 'English', 'EscapefromTarkow', 'Ｔａｒｋｏｖ', 'DropsВключены']",2026-08-07,14-44-44,Friday
318753350615,230339109,swanifier,852009328,Mistfall Hunter,331,2026-08-07T00:38:21Z,en,"['thegyldenrush', 'ExtractionLooter', 'PVPE', 'English', 'findinggyldenhunter', 'DropsEnabled']",2026-08-07,14-44-44,Friday
318750998999,160538649,faith,509658,Just Chatting,331,2026-08-06T20:39:24Z,en,"['findom', 'ASMR', 'girl', 'egirl', 'IRL', 'English', 'feet', 'Goddess', 'Woman', 'ginger']",2026-08-07,14-44-44,Friday
316338148979,46624156,niu0716,160606242,Sudden Attack Zero Point,330,2026-08-07T05:02:29Z,zh,['中文'],2026-08-07,14-44-44,Friday
318757870039,65293756,carolinestormi,21779,League of Legends,330,2026-08-07T06:59:30Z,en,['English'],2026-08-07,14-44-44,Friday
315386173422,496354796,wmrrrw,509672,IRL,330,2026-08-07T06:55:09Z,ru,"['russıan', 'siberian', 'bloger', 'dancer', '24hourstream', 'streamingnonstop', 'ırl', 'sleeping', 'girl', 'streching']",2026-08-07,14-44-44,Friday
318158719333,99276543,blauerchiller,500188,Hunt: Showdown 1896,329,2026-08-07T05:30:05Z,de,"['Community', 'Kaffee', 'EntspannterStream', 'NEWplayersWelcome', 'Deutsch', 'HuntShowdown']",2026-08-07,14-44-44,Friday
317826610776,505448005,blklght,1669431183,DJs,329,2026-08-07T03:10:08Z,en,"['dj', 'English', 'EDM', 'Festival', 'House', 'DNB', 'BassMusic', 'Interactive', 'LiveMusic', 'AAPI']",2026-08-07,14-44-44,Friday
317423512676,39955522,blanquettetv,21779,League of Legends,328,2026-08-07T06:30:51Z,fr,"['Français', 'LOL']",2026-08-07,14-44-44,Friday
318755016151,622580525,nykchazza,509672,IRL,327,2026-08-07T02:44:27Z,en,"['English', 'funny', 'IRL']",2026-08-07,14-44-44,Friday
318017166695,121874738,sargetwo,29307,Path of Exile,327,2026-08-07T03:00:28Z,en,['English'],2026-08-07,14-44-44,Friday
318754109271,38878346,notmes,18122,World of Warcraft,327,2026-08-07T01:37:08Z,en,"['English', 'PvP']",2026-08-07,14-44-44,Friday
317172239863,54499708,ponyboyh,852009328,Mistfall Hunter,327,2026-08-06T23:53:49Z,en,"['Charity', 'Veteran', 'CC', 'DropsEnabled', 'English']",2026-08-07,14-44-44,Friday
318158829669,695946471,serboz,29056,Knight Online,327,2026-08-07T06:02:35Z,tr,['Türkçe'],2026-08-07,14-44-44,Friday
320704794969,79294007,mira,509672,IRL,327,2026-08-05T17:30:45Z,en,"['English', 'Iceland', 'Japan', 'Sweden', 'Norway', 'Scandinavia', 'USA', 'Canada', 'America', 'JUICE']",2026-08-07,14-44-44,Friday
315893246035,27060634,stealthygolem,177042659,HellSlave II: Judgment of the Archon,326,2026-08-07T05:02:21Z,en,"['English', 'Cozy', 'Ally', 'Retro', 'LurkerFriendly', 'Comfy', 'Norwegian', 'Norsk', 'oldschool']",2026-08-07,14-44-44,Friday
316338532083,129440913,jongie,210472759,Shift at Midnight,326,2026-08-07T07:09:34Z,zh,"['Taiwan', 'HolidayHoopla', '中文']",2026-08-07,14-44-44,Friday
317171097335,494022527,jaykunvt,386821,Black Desert,326,2026-08-06T21:04:12Z,en,"['NewAndReturningWelcome', 'English', 'ENVtuber', 'PlayingwithViewers', 'DropsEnabled']",2026-08-07,14-44-44,Friday
316611842646,65472363,kosmeya,1414860634,The Binding of Isaac: Repentance,325,2026-08-07T06:31:32Z,ru,"['ЛамповаяАтмосфера', 'Русский', 'Общениесчатом', 'шоу', 'ПервоеПрохождение', 'Женщина']",2026-08-07,14-44-44,Friday
317423584484,7176704,ghostkai,491487,Dead by Daylight,325,2026-08-07T06:57:35Z,en,"['Ally', 'British', 'ASMR', 'Funny', 'AMA', 'Educational', 'deadbydaylight', 'dbdcreator', 'warhammer', 'DeadWeight']",2026-08-07,14-44-44,Friday
318755435351,417852144,mcd00dle,26936,Music,324,2026-08-07T03:13:45Z,en,"['English', 'saxophone', 'ukulele', 'ocarina', 'ADHD', 'cowboycorner', 'teamgnome', 'duck', 'grwm']",2026-08-07,14-44-44,Friday
317823352664,1131600178,lirik_247,499973,Always On,323,2026-08-06T18:48:55Z,en,"['English', 'lirik', 'Variety', 'Rerun']",2026-08-07,14-44-44,Friday
318158299877,28002251,zwyro,21779,League of Legends,323,2026-08-07T03:11:03Z,pl,"['Polski', 'Edukacja', 'funny', 'Rank1', 'RANK1EUW', 'Midlane']",2026-08-07,14-44-44,Friday
318756174551,745586533,ivy_,1881949588,ReStory,323,2026-08-07T04:11:43Z,en,"['softspoken', 'vampire', 'yapomancer', 'nightshift', 'warhammer', 'brainfrog', 'cortisolcheck', 'English']",2026-08-07,14-44-44,Friday
318757184727,47034673,jonsandman,9618,Pokémon Trading Card Game,321,2026-08-07T05:40:58Z,en,"['Jonsandman', 'LOUD', 'CamBoy', 'GoodVibes', 'English', 'IRL', 'CommunityGames', 'party']",2026-08-07,14-44-44,Friday
315947825898,666530522,smacko,33214,Fortnite,321,2026-08-07T04:58:26Z,en,"['English', 'Fortnite', 'ZeroBuild']",2026-08-07,14-44-44,Friday
315926294633,539618993,divenda,509658,Just Chatting,319,2026-08-07T04:44:51Z,ru,['Русский'],2026-08-07,14-44-44,Friday
318017845735,507426577,a_big_koko,417528,Albion Online,319,2026-08-07T06:21:16Z,en,"['PvP', 'Solo', 'Drops', 'Dropsenabled', 'Sandbox', 'MMORPG', 'English']",2026-08-07,14-44-44,Friday
317423680612,73958898,puntodeportivotv,518203,Sports,319,2026-08-07T07:29:45Z,es,"['Español', 'envivo', 'LaLigaEASports', 'BarçaAtlètic', 'FCBarcelona', 'Fútbol', 'LaLigaF', 'FCBFemení', 'ChampionsLeague']",2026-08-07,14-44-44,Friday
316281816946,71753298,derhauge,509658,Just Chatting,318,2026-08-07T07:27:09Z,de,"['Deutsch', 'Japan']",2026-08-07,14-44-44,Friday
318709001716,929703585,patequiis,29452,Virtual Casino,318,2026-08-07T04:01:25Z,pt,['Português'],2026-08-07,14-44-44,Friday
320730685401,467384383,decipherr,65632,DayZ,315,2026-08-07T02:04:37Z,en,"['English', 'GTARP', 'Roleplay', 'family']",2026-08-07,14-44-44,Friday
318749129175,190399133,czanee,386821,Black Desert,313,2026-08-06T16:43:49Z,en,"['English', 'DropEnabled', 'IYELLALOT', 'silly', 'wacky', 'goofy', 'LyingEncouraged', 'DropsEnabled']",2026-08-07,14-44-44,Friday
318224359142,413068523,fullymira,509672,IRL,312,2026-08-07T04:59:43Z,de,"['irl', 'IRL', 'Deutsch', 'travel', 'reisen', 'antalya', 'türkiye', 'türkei', 'justchatting']",2026-08-07,14-44-44,Friday
319839761888,76804370,berry_crunch,490422,StarCraft II,312,2026-08-07T05:15:33Z,en,"['GamerGod', 'Crınge', 'Bun', 'Fat', 'fupagang', 'English', 'sydneysweeney', 'SpongeBob', 'tyrant']",2026-08-07,14-44-44,Friday
316281472626,107078194,tasher3000s,494184,Mobile Legends: Bang Bang,309,2026-08-07T05:29:38Z,ru,"['Русский', 'млбб', 'mlbb', 'mobilelegendsLive']",2026-08-07,14-44-44,Friday
318757389655,473739345,gryffinn,21779,League of Legends,309,2026-08-07T06:01:58Z,en,['English'],2026-08-07,14-44-44,Friday
315947874026,42699169,tastelesstv,11989,StarCraft,309,2026-08-07T05:19:07Z,en,['English'],2026-08-07,14-44-44,Friday
317399733858,468884133,flonflon,509658,Just Chatting,308,2026-08-07T07:16:11Z,fr,"['Français', 'FR', 'musique', 'actualités', 'culture', 'react', 'matinale', 'NewMusicFriday', 'FlonflonMusicFriday']",2026-08-07,14-44-44,Friday
317823095896,1135522123,paulbelter,21779,League of Legends,308,2026-08-06T17:58:07Z,en,['English'],2026-08-07,14-44-44,Friday
318704970356,102786914,cooruja,515025,Overwatch,307,2026-08-06T21:52:14Z,pt,"['SafeSpace', 'Sorteios', 'DiablolV', 'LordOfHatredBR', 'OWBrasilSorteio', 'Português', 'overwatch', 'OWBRTemporada3', 'DropsAtivados']",2026-08-07,14-44-44,Friday
317173094775,45549855,superamyy,21779,League of Legends,307,2026-08-07T01:42:15Z,en,"['English', 'ENVtuber', 'Asian', 'FriendlyCommunity', 'DropsEnabled']",2026-08-07,14-44-44,Friday
317437861859,26362724,kusa,18122,World of Warcraft,306,2026-08-07T06:41:05Z,fr,['Français'],2026-08-07,14-44-44,Friday
319708990174,114667740,snakecase2,1264310518,Marvel Rivals,306,2026-08-07T02:36:44Z,en,"['Venom', 'top500', 'magneto', 'snakeCase', 'marvelrivals', 'English', 'greenbean', 'marvelrivalsdeadpool', 'DropsEnabled']",2026-08-07,14-44-44,Friday
318756474839,549835405,sndylan,23894,Call of Duty: Black Ops,305,2026-08-07T04:36:33Z,en,['English'],2026-08-07,14-44-44,Friday
316338448243,792290049,lykq8don,511224,Apex Legends,304,2026-08-07T06:41:54Z,ja,"['APEX', '日本語', 'FPS', '再配信']",2026-08-07,14-44-44,Friday
317437961827,129289579,krl_stream,32399,Counter-Strike,303,2026-08-07T07:25:30Z,fr,"['Français', 'KRL', 'CS2']",2026-08-07,14-44-44,Friday
319839787488,1024885783,doggikrazynba,511195,DRAGON BALL Z: KAKAROT,302,2026-08-07T05:19:12Z,en,"['English', 'Rerun', 'Action']",2026-08-07,14-44-44,Friday
318158919141,107074604,dafore_,2748,Magic: The Gathering,301,2026-08-07T06:25:52Z,en,"['English', 'magicthegathering', 'mtgarena', 'CardGames', 'Strategy', 'MTG', 'Mythic', 'Draft', 'Educational']",2026-08-07,14-44-44,Friday
315924755945,112003806,bulletthekrazygamer,490379,Tom Clancy's Ghost Recon: Wildlands,301,2026-08-06T16:01:50Z,en,"['DropsEnabled', 'UbisoftPartner', 'English']",2026-08-07,14-44-44,Friday
316338407027,121079066,washidai_,21779,League of Legends,300,2026-08-07T06:27:53Z,ja,['日本語'],2026-08-07,14-44-44,Friday
318224577894,226656341,xpazzoo,624536948,EA Sports FC 26,300,2026-08-07T06:00:30Z,de,"['deutsch', 'Deutsch']",2026-08-07,14-44-44,Friday
320891155419,49370117,skimbooo23,670138298,Madden NFL 27,300,2026-08-06T13:42:15Z,en,"['English', 'madden', 'madden26']",2026-08-07,14-44-44,Friday
317422707684,161168700,zongoled0z0,21779,League of Legends,299,2026-08-07T00:56:20Z,fr,['Français'],2026-08-07,14-44-44,Friday
318751917527,438067685,transforms,23020,ROBLOX,299,2026-08-06T22:21:00Z,en,"['Badge', 'BadgeHunter', 'Drops', 'English']",2026-08-07,14-44-44,Friday
316653665364,482219642,dannykoopa,511224,Apex Legends,299,2026-08-07T04:50:20Z,ru,['Русский'],2026-08-07,14-44-44,Friday
320735362265,29396564,peeve,512953,ELDEN RING,298,2026-08-07T06:32:08Z,en,"['NoCam', 'TrueDrakeWarrior', 'Variety', 'PvE', 'HardMode', 'English', 'Challenge', 'PvP']",2026-08-07,14-44-44,Friday
315865749970,29836234,teshrak,21779,League of Legends,298,2026-08-07T06:40:40Z,es,"['Chill', 'spanish', 'Español', 'lck', 'Lolesports', 'lolespañol']",2026-08-07,14-44-44,Friday
317399424482,908203337,sintoniaplay,29452,Virtual Casino,298,2026-08-07T04:49:17Z,pt,"['Casal', 'Dupla', 'Sintonia', 'Português']",2026-08-07,14-44-44,Friday
316281858674,48677263,lazvell,516575,VALORANT,298,2026-08-07T07:40:53Z,ja,"['日本語', 'チル']",2026-08-07,14-44-44,Friday
318159124837,28213443,rax1337,516575,VALORANT,297,2026-08-07T07:16:15Z,de,"['Nur', 'Liebe', 'Deutsch', 'Ranked', 'Radiant']",2026-08-07,14-44-44,Friday
319708041822,1173965512,jaadezz,417528,Albion Online,297,2026-08-07T01:36:03Z,es,"['Español', 'Argentina', 'Peru', 'Mexico', 'PvP', 'chill', 'TikToks', 'youtube', 'AlbionOnline', 'AlbionOnlineDrops']",2026-08-07,14-44-44,Friday
318224908646,43582520,perrick,21779,League of Legends,297,2026-08-07T07:16:40Z,de,['Deutsch'],2026-08-07,14-44-44,Friday
318559038710,438686523,trollzinha,386821,Black Desert,296,2026-08-05T17:00:33Z,pt,"['Português', 'Vtuber', 'Shai', 'English', 'Русский', 'Español', 'Ｖｔｕｂｅｒ', 'Lahn', 'PIX', 'VtuberBR']",2026-08-07,14-44-44,Friday
315947863658,198834264,kureepy,66082,Games + Demos,296,2026-08-07T05:14:37Z,en,"['Australia', 'ADHD', 'Vtuber', 'English', 'Cozy', 'Gremlin', 'pwincess', 'Vampire', 'brat']",2026-08-07,14-44-44,Friday
316612064470,614011347,r4dom1r,509658,Just Chatting,296,2026-08-07T07:35:15Z,ru,['Русский'],2026-08-07,14-44-44,Friday
317826634968,66949711,soloortroll,2094865572,SMITE 2,296,2026-08-07T03:12:36Z,en,"['English', 'sololane', 'pro', 'DropsEnabled']",2026-08-07,14-44-44,Friday
318214670822,119696814,el_capitano1988,509672,IRL,295,2026-08-06T08:41:29Z,de,"['Ship', 'Schlauchboot', 'Rhein', 'Schiff', 'Binnenschiff', 'Binnenschifffahrt', 'Deutsch', 'Englisch', 'Moselle', 'Binnenvaart']",2026-08-07,14-44-44,Friday
320793090778,845929057,gta6news,32982,Grand Theft Auto V,295,2026-08-07T03:56:07Z,ru,"['Русский', 'Повтор', 'DropsВключены']",2026-08-07,14-44-44,Friday
316653545300,15209689,pool,490771,Battle Brothers,295,2026-08-07T03:56:23Z,ru,"['Русский', 'DropsВключены']",2026-08-07,14-44-44,Friday
316653884116,96772990,dimill,21779,League of Legends,293,2026-08-07T06:25:04Z,ru,"['Русский', 'Thresh', 'support', 'SexualThemes']",2026-08-07,14-44-44,Friday
319780210396,809688880,picknroll,1264310518,Marvel Rivals,293,2026-08-06T18:39:51Z,en,"['English', 'Ranked', 'OnePieceFan', 'ZoroLover', 'Controller', 'DropsEnabled']",2026-08-07,14-44-44,Friday
319705483742,44741426,streamerhouse,1036710512,Palworld,292,2026-08-06T23:14:35Z,en,"['Marathon', 'AlwaysOn', 'Subathon', 'StreamerHouse', 'English', '24hr', '247Stream', 'live', 'LGBTQ']",2026-08-07,14-44-44,Friday
319705326558,185881905,malek_04,509658,Just Chatting,292,2026-08-06T23:04:05Z,en,"['English', 'kaicenat', 'Woman', 'girl', 'egirl', 'streameruniversity', 'funny', 'Clip', 'dukedennis']",2026-08-07,14-44-44,Friday
316611033430,444445704,ihw666,493959,Red Dead Redemption II,291,2026-08-06T23:16:22Z,ru,"['Русский', 'зожинспектор', 'сигма', 'Худой']",2026-08-07,14-44-44,Friday
316337982579,884261414,ichinosetohr,511224,Apex Legends,291,2026-08-07T04:05:09Z,ja,"['日本語', '集金の悪魔', '4KUltraブス', '声量TOP500']",2026-08-07,14-44-44,Friday
320905372123,595132201,rubee,213930085,Honkai: Star Rail,290,2026-08-07T04:06:07Z,en,"['Anime', 'Vtuber', 'English', 'ADHD', 'Educational', 'ENVtuber', 'Gacha', 'DropsEnabled']",2026-08-07,14-44-44,Friday
319838817504,714227664,walton,14842174,Chained Together,289,2026-08-07T03:39:25Z,en,"['ADHD', 'USA', 'England', 'English', 'dominican', 'spanish', 'fanum', 'AMP', 'streameruniversity2026', 'D10']",2026-08-07,14-44-44,Friday
318224782950,140766201,nofearr1337,27471,Minecraft,288,2026-08-07T06:50:40Z,en,"['speedrun', 'minecraft', 'English']",2026-08-07,14-44-44,Friday
316610170966,84152112,linny,509658,Just Chatting,288,2026-08-06T19:52:02Z,en,"['girl', 'gamer', 'gym', 'fitness', 'cooking', 'irl', 'woman', 'female', 'cats', 'sweden']",2026-08-07,14-44-44,Friday
317421488996,100245745,kailon,498592,I'm Only Sleeping,288,2026-08-06T21:05:27Z,fr,['Français'],2026-08-07,14-44-44,Friday
318644994165,590345436,lautaacr,498566,Slots,288,2026-08-07T06:44:23Z,es,"['Español', 'slots', 'slotscasino', 'casino', 'virtualcassino', 'virtualcasino']",2026-08-07,14-44-44,Friday
318574881398,1446602828,martinsorj,509672,IRL,288,2026-08-07T05:37:21Z,pt,"['Português', 'IRL', 'fontinnelerj', 'martinsorj', 'PIX', 'festa', 'jonvlogs', 'jhowrj1']",2026-08-07,14-44-44,Friday
318709649140,85314373,oddielan,21779,League of Legends,286,2026-08-07T06:58:09Z,es,['Español'],2026-08-07,14-44-44,Friday
320792705626,1121962475,playto_ow,515025,Overwatch,285,2026-08-07T03:34:52Z,en,"['English', 'Pastafarian', 'Burger', 'DropsEnabled']",2026-08-07,14-44-44,Friday
318567540342,488913562,badgearchive,23020,ROBLOX,285,2026-08-06T15:16:14Z,en,"['DropsEnable', 'English', 'egghunt', 'robloxegghunt', 'Rerun', 'doors', 'DropsEnabled']",2026-08-07,14-44-44,Friday
317173531511,132172250,derrekow,516575,VALORANT,284,2026-08-07T02:38:21Z,en,['English'],2026-08-07,14-44-44,Friday
317824401112,444743773,lyss,2012789438,Call of Duty: Black Ops 7,283,2026-08-06T22:05:38Z,en,"['English', 'Asian', 'Latina', 'Multiplayer', 'Cozy', 'rage', 'rank', 'rankedplay', 'Interactive', 'holidayhoopla']",2026-08-07,14-44-44,Friday
316281495922,424515726,xiaojean0128,516575,VALORANT,283,2026-08-07T05:38:10Z,zh,"['中文', 'Vtuber', 'Vtype', '唱歌', '畫圖', '互動', '瓦屯']",2026-08-07,14-44-44,Friday
316584002645,402790608,ketwilx,516575,VALORANT,282,2026-08-07T05:07:27Z,ru,['Русский'],2026-08-07,14-44-44,Friday
316611738582,91378864,kisexd,32399,Counter-Strike,282,2026-08-07T05:48:59Z,ru,['Русский'],2026-08-07,14-44-44,Friday
317173847031,513390971,shindigwow,18122,World of Warcraft,282,2026-08-07T03:19:55Z,en,['English'],2026-08-07,14-44-44,Friday
316584300885,257674621,jak3enight,138585,Hearthstone,281,2026-08-07T06:30:36Z,ru,"['РейтинговыеИгры', 'Киберспорт', 'hs', 'Русский', 'хс', 'фрик', 'разговорныйстрим', 'чилл', 'жабка', 'ИГНОРЩИК']",2026-08-07,14-44-44,Friday
318756553431,19896210,valdudes,1669431183,DJs,281,2026-08-07T04:43:27Z,en,"['English', 'House', 'Techno', 'EDM', 'music', 'DJ', 'LGBQTIA']",2026-08-07,14-44-44,Friday
316272537073,199842204,noe_147,509658,Just Chatting,281,2026-08-07T01:44:46Z,zh,['中文'],2026-08-07,14-44-44,Friday
315926308713,253636060,michelia3,509658,Just Chatting,280,2026-08-07T04:50:12Z,zh,"['中文', '启用掉宝']",2026-08-07,14-44-44,Friday
316584090325,36487814,eugenscorpion,17447,Disciples II: Rise of the Elves,280,2026-08-07T05:35:44Z,ru,"['Русский', 'Disciples2', 'PvP', 'TotalWarWARHAMMERIII', 'OldenEra', 'BattleBrothers']",2026-08-07,14-44-44,Friday
318224571622,1491432514,orangebonus,498566,Slots,280,2026-08-07T05:58:32Z,de,"['Deutsch', 'slots', 'orangemorange']",2026-08-07,14-44-44,Friday
317174607351,871314803,paybae,509658,Just Chatting,280,2026-08-07T04:56:49Z,en,['English'],2026-08-07,14-44-44,Friday
319836027488,9244832,timmac,493959,Red Dead Redemption II,278,2026-08-07T00:50:11Z,en,"['Roleplay', 'English']",2026-08-07,14-44-44,Friday
318641475061,1376017573,lovaskfps,32399,Counter-Strike,278,2026-08-06T23:44:45Z,pt,"['Português', 'coperar']",2026-08-07,14-44-44,Friday
317826754904,506919714,lindsfry,512710,Call of Duty: Warzone,278,2026-08-07T03:28:14Z,en,"['English', 'ADHD', 'solo']",2026-08-07,14-44-44,Friday
315849017425,107025980,mishulika12,27546,World of Tanks,278,2026-08-07T06:23:25Z,en,"['WorldofTanks', '3marking', 'Gaming4Fun', 'English', 'chillingstream', 'Rerun']",2026-08-07,14-44-44,Friday
318207286758,487510275,lofigirl,26936,Music,277,2026-08-05T15:48:31Z,en,"['study', 'chill', 'music', 'playlist', 'radio', 'relax', 'beats', 'lofi', 'lofigirl', 'sleep']",2026-08-07,14-44-44,Friday
317423546980,403925044,saax_stream,32399,Counter-Strike,277,2026-08-07T06:43:12Z,fr,['Français'],2026-08-07,14-44-44,Friday
318153722341,1526065915,gamedekoljaslot,498566,Slots,276,2026-08-06T17:26:55Z,de,['Deutsch'],2026-08-07,14-44-44,Friday
316280617586,26320511,tommy181933,324632683,hololive Dreams,276,2026-08-06T23:54:01Z,zh,['中文'],2026-08-07,14-44-44,Friday
316645272404,1519299080,starlightslumber,499973,Always On,276,2026-08-05T19:42:37Z,en,"['music', 'chill', 'sleep', 'Relax', 'Panda', '247', '247Stream', 'SleepyVibes', 'bedtime', 'SleepyVibes']",2026-08-07,14-44-44,Friday
316611985366,113736015,swehyt,491487,Dead by Daylight,275,2026-08-07T07:16:28Z,en,"['English', 'DropsEnabled']",2026-08-07,14-44-44,Friday
318757999575,9092112,feliciaday,499973,Always On,275,2026-08-07T07:16:18Z,en,"['English', 'coop', 'Farming', 'fantasy', 'TV', 'feliciaday', 'supernatural', 'Guild', 'actor', 'farming']",2026-08-07,14-44-44,Friday
317415472100,757102582,streamdatabase,630009802,MARVEL TŌKON: Fighting Souls,275,2026-08-06T08:46:05Z,en,"['English', 'Stream', 'Database', 'Badge', 'Marvel', 'Tokon', 'DropsEnabled']",2026-08-07,14-44-44,Friday
316610035926,59829074,deerkufa,498592,I'm Only Sleeping,274,2026-08-06T19:33:36Z,ru,['Русский'],2026-08-07,14-44-44,Friday
318735353175,538506717,marinemammalrescue,272263131,"Animals, Aquariums, and Zoos",274,2026-08-05T10:05:05Z,en,"['Animals', 'ASMRvisual', 'Rerun', '24HourStream', 'Wildlife', 'FamilyFriendly', 'wholesome', 'goodvibes', 'TogetherForGood', 'English']",2026-08-07,14-44-44,Friday
318756304215,88306095,wavytannerr,1264310518,Marvel Rivals,274,2026-08-07T04:22:27Z,en,"['English', 'Christian', 'DropsEnabled', 'drops']",2026-08-07,14-44-44,Friday
320729963225,43490123,moosebrother,420131540,LEGO Party!,274,2026-08-07T01:31:59Z,en,"['English', 'RP', 'looksmaxxing']",2026-08-07,14-44-44,Friday
318752897751,118376649,raeibon,512923,Baldur's Gate 3,273,2026-08-07T00:00:13Z,en,['English'],2026-08-07,14-44-44,Friday
318703469556,472847130,badgecenter,491487,Dead by Daylight,273,2026-08-06T18:37:15Z,en,"['Badge', 'Emblem', 'kaicenat', 'English', 'mecchachameleon', 'EWC', 'Rerun', 'DropsEnabled']",2026-08-07,14-44-44,Friday
316611769942,42141270,akastinger,12839,Heroes of Might and Magic III: The Restoration of Erathia,273,2026-08-07T06:00:54Z,ru,['Русский'],2026-08-07,14-44-44,Friday
320790165082,31894912,delt4forc3,653624336,Lies of P,273,2026-08-07T01:33:21Z,es,"['Vtuber', 'drops', 'Español']",2026-08-07,14-44-44,Friday
317173276151,12835111,thecrimsonblur,1435206302,Slay the Spire II,273,2026-08-07T02:03:30Z,en,['English'],2026-08-07,14-44-44,Friday
318752261591,118747899,kourra,491931,Escape from Tarkov,273,2026-08-06T22:58:56Z,en,"['Vtuber', 'Japanese', 'English', 'friendly', '日本語', 'Tomboy', 'LGTBQFriendly', 'DeadWeight', 'DropsEnabled']",2026-08-07,14-44-44,Friday
318224727270,411386930,paak_hc,29307,Path of Exile,272,2026-08-07T06:37:11Z,en,"['TUNES', 'English', 'PathOfExile']",2026-08-07,14-44-44,Friday
316584558933,1458800567,petrikforbes,32982,Grand Theft Auto V,272,2026-08-07T07:27:44Z,ru,"['Русский', 'gta', 'gta5roleplayer', 'ＧTA5', 'Majestic', 'MajesticRP', 'gta5rp']",2026-08-07,14-44-44,Friday
318219156198,1526529545,degamesmonteslot,498566,Slots,272,2026-08-06T17:09:07Z,de,['Deutsch'],2026-08-07,14-44-44,Friday
320897355867,930856635,abyssiavt,2009321156,Dark and Darker,271,2026-08-06T22:10:37Z,en,"['Gremlin', 'DarkandDarker', 'English', 'LGBTQIAPIus', 'Vtuber', 'LetsPlay', 'firsttime', 'DropsEnabled']",2026-08-07,14-44-44,Friday
318154737637,1526546877,richmondliveteam,499634,Crypto,271,2026-08-06T18:39:55Z,en,"['English', 'Crypto', 'Trade', 'Forex', 'Finance']",2026-08-07,14-44-44,Friday
320781791578,136188180,vohes13,670138298,Madden NFL 27,271,2026-08-06T17:40:51Z,en,['English'],2026-08-07,14-44-44,Friday
316272840049,143662611,tanukininja,505084,Umamusume: Pretty Derby,270,2026-08-07T03:45:58Z,ja,"['日本語', 'アライグマ', '忍者', 'LoL', 'アナグマ', 'たぬき', 'ハクビシン']",2026-08-07,14-44-44,Friday
318212726630,1497650900,badgenotify,630009802,MARVEL TŌKON: Fighting Souls,270,2026-08-06T00:20:31Z,en,"['English', 'DropsEnabled']",2026-08-07,14-44-44,Friday
316654100820,95332211,archangel_hs,516575,VALORANT,270,2026-08-07T07:39:15Z,ru,"['Ukrainian', 'Русский', 'English']",2026-08-07,14-44-44,Friday
318158896997,1052806856,kontrolllll,509658,Just Chatting,270,2026-08-07T06:19:23Z,hu,['Magyar'],2026-08-07,14-44-44,Friday
318016993511,44991151,bawnsai,509658,Just Chatting,269,2026-08-07T02:16:24Z,en,"['English', 'Travel', 'IRL', 'Outdoors', 'fitness', 'health', 'gym']",2026-08-07,14-44-44,Friday
320906751579,1321576204,lantlc,982348888,ELDEN RING NIGHTREIGN,269,2026-08-07T05:39:28Z,en,"['English', 'challenge', 'Chatty', 'chill', 'Banter', 'justkidding', 'Johnpork', 'ReadsChat']",2026-08-07,14-44-44,Friday
318153648229,1526532358,decrazydomme24slots,498566,Slots,269,2026-08-06T17:20:10Z,de,['Deutsch'],2026-08-07,14-44-44,Friday
316654082644,1525864858,maxon_live_2481110,29595,Dota 2,268,2026-08-07T07:33:34Z,ru,"['casinostream', 'English', 'Русский', 'казинострим', 'казино', 'заносы', 'casino', 'максон', 'maxon']",2026-08-07,14-44-44,Friday
316611627478,31809543,gohamedia,570278441,Aliens: Dark Descent,268,2026-08-07T04:53:36Z,ru,['Русский'],2026-08-07,14-44-44,Friday
318755840599,133725096,fruitberries,27471,Minecraft,268,2026-08-07T03:45:12Z,en,['English'],2026-08-07,14-44-44,Friday
318145441125,268540895,hotbeatstv,1669431183,DJs,268,2026-08-05T19:56:29Z,en,"['ElectronicMusic', 'DJ', 'Techno', 'IRL', 'music', 'EDM', 'event', 'Studio', 'Dance', 'DanceMusic']",2026-08-07,14-44-44,Friday
319782619996,32064652,cochard,1036710512,Palworld,268,2026-08-06T21:42:31Z,en,"['English', 'Variety', 'charming', 'women', 'FEET', 'elderly', 'asian', 'Multilingual', 'subathon', 'ginger']",2026-08-07,14-44-44,Friday
318158599397,555541718,hakan_angelt,509672,IRL,266,2026-08-07T04:50:08Z,de,"['Deutsch', 'Germany', 'fun', 'Angeln', 'IRL', 'Berlin', 'Entertainment', 'content', 'Fishing', 'realtalk']",2026-08-07,14-44-44,Friday
317828180056,1517674598,acr9899,491220,EA Sports UFC 2,266,2026-08-07T06:48:06Z,en,['English'],2026-08-07,14-44-44,Friday
318215203558,1526468499,frmostwantedslots,498566,Slots,266,2026-08-06T09:57:27Z,fr,"['Francąis', 'Français']",2026-08-07,14-44-44,Friday
318756303959,1164025511,wavygocrazyy,1264310518,Marvel Rivals,266,2026-08-07T04:22:27Z,en,"['English', 'DropEnabled', 'DropsEnabled']",2026-08-07,14-44-44,Friday
320902358875,275595995,kaeleeetv,1264310518,Marvel Rivals,266,2026-08-07T01:47:47Z,en,"['English', 'girl', 'Vtuber', 'Casual', 'nerd', 'hotandsexy', 'facecam', 'drops', 'Yapper', 'PlayingwithViewers']",2026-08-07,14-44-44,Friday
319789456732,593896212,oshakonig2,33214,Fortnite,265,2026-08-07T04:14:22Z,en,"['English', 'FORTNITE', 'OSHAK', 'FNCS', 'battleroyale', 'TwitchPartner', 'OfficialChannel', 'FortniteRanked', 'unrealranked']",2026-08-07,14-44-44,Friday
316273268849,448051349,456_hesiko,55453844,Street Fighter 6,265,2026-08-07T06:13:05Z,ja,['日本語'],2026-08-07,14-44-44,Friday
318017369447,595594634,pitza_gaming,512710,Call of Duty: Warzone,264,2026-08-07T04:01:19Z,de,"['warzone', 'callofduty', 'Deutsch', 'cod', 'Ranked', 'rebirth', 'meta', 'Controller', 'blackopsroyale', 'Avalon']",2026-08-07,14-44-44,Friday
319825511264,411931008,gameplayboy22220,498592,I'm Only Sleeping,264,2026-08-06T05:02:41Z,en,"['English', 'Rerun']",2026-08-07,14-44-44,Friday
318701334004,171990719,triskaltv,386821,Black Desert,263,2026-08-06T09:50:20Z,pt,"['Português', '18anos', 'DropsAtivados']",2026-08-07,14-44-44,Friday
316654075732,1525682298,a7930222,1496435078,Casino Simulator 2024,263,2026-08-07T07:31:45Z,ru,"['слоты', 'казино', 'пузаныч', 'puzan', 'заносынедели', 'казинострим', 'казиноонлайн', 'slots', 'English', 'Русский']",2026-08-07,14-44-44,Friday
316338426483,184589724,mushamaru_,491931,Escape from Tarkov,263,2026-08-07T06:34:19Z,ja,"['日本語', 'Drops有効']",2026-08-07,14-44-44,Friday
315886884712,801329498,misterpacothai,31339,Project Zomboid,263,2026-08-07T05:00:37Z,fr,"['Français', 'ProjectZomboid', 'screamer', 'survival', 'horreur', 'challenge', 'solo', 'B42']",2026-08-07,14-44-44,Friday
319707663198,160116853,equalplays,1282866981,Delta Force,262,2026-08-07T01:14:20Z,en,"['English', 'ExtractionShooter', 'DeltaForceGame', 'deltaforce', 'chill', 'solo', 'TalksToChat', 'Anxiety']",2026-08-07,14-44-44,Friday
318220724582,1526551555,slotschristof,498566,Slots,262,2026-08-06T18:58:15Z,fr,"['francais', 'Français']",2026-08-07,14-44-44,Friday
317432717155,1368257971,badgecollectors,630009802,MARVEL TŌKON: Fighting Souls,262,2026-08-06T14:56:15Z,en,"['English', 'DropsEnabled']",2026-08-07,14-44-44,Friday
317423610852,227146018,cabridiy,509658,Just Chatting,262,2026-08-07T07:06:35Z,fr,"['diy', 'repair', 'ASMR', 'Français']",2026-08-07,14-44-44,Friday
319709850846,186365081,s3rena_nici,509659,ASMR,262,2026-08-07T03:44:32Z,en,"['goddess', 'asmr', 'mommymilkers', 'English', 'VisualASMR', 'Latina', 'NIKKE', 'Vtuber', 'feet', 'girlstreamer']",2026-08-07,14-44-44,Friday
317172531831,28344564,agbin3r,1663723394,Gears of War: E-Day,262,2026-08-07T00:30:58Z,es,['Español'],2026-08-07,14-44-44,Friday
318011872359,1526531071,casinobrodegames,498566,Slots,262,2026-08-06T17:12:57Z,de,['Deutsch'],2026-08-07,14-44-44,Friday
317173727991,473946466,tteokiee,509660,Art,262,2026-08-07T03:04:49Z,en,"['English', 'veryfunny', 'd1yapper', 'scuffed', 'asmr', 'delusional', 'lowelo', 'chill', 'wellsituatedindividual', 'lowxp']",2026-08-07,14-44-44,Friday
316272928369,124430873,vanilla_shironeko,210472759,Shift at Midnight,259,2026-08-07T04:16:34Z,zh,['中文'],2026-08-07,14-44-44,Friday
318012535143,1526539355,slotbonusgamespain,498566,Slots,259,2026-08-06T18:00:48Z,es,['Español'],2026-08-07,14-44-44,Friday
320792959450,170138791,mulletmace,33214,Fortnite,259,2026-08-07T03:48:19Z,en,['English'],2026-08-07,14-44-44,Friday
318223726694,599459353,knebel_de,71375,Star Citizen,259,2026-08-07T01:29:30Z,de,"['Deutsch', 'DropsAktiviert']",2026-08-07,14-44-44,Friday
318755551703,92465890,skyhook,509658,Just Chatting,259,2026-08-07T03:22:37Z,en,"['queer', 'lactoseintolerant', 'chill', 'emo', 'lgbt', 'egirl', 'yap', 'English']",2026-08-07,14-44-44,Friday
318148922725,522200939,rubaz,509672,IRL,258,2026-08-06T07:57:43Z,de,"['German', 'IRL', 'Deutsch', 'Deutschland', 'Germany']",2026-08-07,14-44-44,Friday
320732938969,460098209,drewuout,65654,The Elder Scrolls Online,258,2026-08-07T03:44:03Z,en,"['English', 'Chatty', 'ChillingWithChat', 'fun', 'MMO', 'MnK', 'EnglishSpeaking', 'eso', 'DropsEnabled']",2026-08-07,14-44-44,Friday
319705817438,64955666,moonzkii,509658,Just Chatting,258,2026-08-06T23:34:55Z,en,"['ebony', 'Black', 'English', 'Vtuber', 'ebonygamer', 'exoticblack']",2026-08-07,14-44-44,Friday
318158244069,1133403292,ecs_tv,494184,Mobile Legends: Bang Bang,258,2026-08-07T02:53:29Z,en,['English'],2026-08-07,14-44-44,Friday
315845500369,170606644,audlonlx,23020,ROBLOX,258,2026-08-06T11:36:02Z,en,"['roblox', 'minecraft', 'English', 'DropsEnabled']",2026-08-07,14-44-44,Friday
318150036965,121143935,axxin_live,27471,Minecraft,258,2026-08-06T10:58:06Z,de,"['Deutsch', 'minecraft', 'minecraftserver', 'Community', 'HugoSMP', 'hugpsmp']",2026-08-07,14-44-44,Friday
316654007508,1116560141,akio174,32982,Grand Theft Auto V,258,2026-08-07T07:10:37Z,ru,"['Русский', 'gta', 'гта', 'гта5рп', 'majestic', 'faceit', 'blackrussia', 'блекраша']",2026-08-07,14-44-44,Friday
315886307176,40301856,hazvsrpg,1568081763,Mass Effect Legendary Edition,258,2026-08-07T00:32:39Z,en,"['NewZealand', 'RPG', 'ADHD', 'slowplay', 'Completionist', '100Percent', 'English', 'NoSpoilersNoBackseating', 'ImmersiveGameplay', 'survival']",2026-08-07,14-44-44,Friday
316577896533,204505974,vangard,509658,Just Chatting,257,2026-08-06T09:36:23Z,en,"['English', 'Norway', 'powerlifter', 'Travel', 'IRL', 'Adventure', 'Survival']",2026-08-07,14-44-44,Friday
317827345496,52900869,chrisudalla,509658,Just Chatting,256,2026-08-07T04:45:36Z,en,['English'],2026-08-07,14-44-44,Friday
317819437400,1418939132,missmikkaa247,499973,Always On,255,2026-08-06T03:48:54Z,en,"['Rerun', 'AlwaysOn', 'English']",2026-08-07,14-44-44,Friday
320781497818,737506922,beastnamedjon,670138298,Madden NFL 27,254,2026-08-06T17:16:17Z,en,['English'],2026-08-07,14-44-44,Friday
320907575003,618160134,bigdjghost,509658,Just Chatting,253,2026-08-07T07:15:52Z,en,['English'],2026-08-07,14-44-44,Friday
318158994277,413158144,kusaka6e,29595,Dota 2,253,2026-08-07T06:46:38Z,ru,['Русский'],2026-08-07,14-44-44,Friday
318158833509,159629620,deviantsev,29106,S.T.A.L.K.E.R. 2: Heart of Chornobyl,253,2026-08-07T06:03:32Z,uk,"['Українська', 'Ukrainian', 'UA', 'ADHD', 'drops', 'УКРTWITCH', 'укртвіч', 'English', 'russiaisaterrorisstate']",2026-08-07,14-44-44,Friday
318214925542,1525089358,deonlywingame,498566,Slots,252,2026-08-06T09:17:37Z,de,['Deutsch'],2026-08-07,14-44-44,Friday
317423421284,96195366,proxhy,491487,Dead by Daylight,251,2026-08-07T05:55:24Z,fr,"['Chıll', 'BonnesOndes', 'Français', 'cosy', 'safeplace', 'dbdcreator', 'DropsActivés']",2026-08-07,14-44-44,Friday
320734567385,885132098,jinxultraviolet,1780647523,HITMAN World of Assassination,251,2026-08-07T05:18:22Z,en,"['English', 'Chattingstream', 'adhd', 'Yapper', 'Kemonomimi', 'furry', 'alternative', 'goth', 'HORROR', 'HITMAN']",2026-08-07,14-44-44,Friday
319782362460,13958058,omegapro,630009802,MARVEL TŌKON: Fighting Souls,251,2026-08-06T21:23:01Z,en,"['English', 'DropsEnabled']",2026-08-07,14-44-44,Friday
318149212389,72793250,pietsmiettv,17085,Quiz Show,251,2026-08-06T08:53:47Z,de,['Deutsch'],2026-08-07,14-44-44,Friday
318220118374,1526541982,slotuksunlight,498566,Slots,250,2026-08-06T18:15:28Z,en,['English'],2026-08-07,14-44-44,Friday
315948279146,31113075,iceiceice,29595,Dota 2,250,2026-08-07T07:31:12Z,en,"['English', '中文']",2026-08-07,14-44-44,Friday
316584304213,1525679360,shadowkek_wg_5308145,1496435078,Casino Simulator 2024,250,2026-08-07T06:31:40Z,ru,"['ЭВЕЛОН', 'КОСЫТЧ', 'ШАДОУКЕК', 'СКИЛЗ', 'СМЕШНОЙ', 'КАЗИНО', 'СТРИМ', 'Evelone192', 'Mellstroy', 'Мелстрой']",2026-08-07,14-44-44,Friday
318204620006,486778398,afkmillionaire,499634,Crypto,250,2026-08-05T10:23:38Z,en,"['English', 'spanish', 'french', '한국인', '日本語', 'Deutsch', 'Nederlands', '中国人', 'Türkçe']",2026-08-07,14-44-44,Friday
318158890981,53083105,jonathan_tostar,1101086231,Pass the Fear,249,2026-08-07T06:18:12Z,ru,"['Аниме', 'Рогалики', 'Генийрогаликов', 'Русский', 'Игровойсомелье']",2026-08-07,14-44-44,Friday
320899727323,51847140,chad,65632,DayZ,249,2026-08-07T00:09:55Z,en,"['Chad', 'English']",2026-08-07,14-44-44,Friday
315886838888,773875299,jam833_,1535225577,The Last of Us Part II Remastered,249,2026-08-07T04:41:12Z,en,['English'],2026-08-07,14-44-44,Friday
316611864534,71399984,dilertv,18122,World of Warcraft,248,2026-08-07T06:40:05Z,ru,"['classic', 'pve', 'Русский', 'fresh', 'MOP']",2026-08-07,14-44-44,Friday
315926337897,128410417,scotchpig,318184140,The Skin Stapler,248,2026-08-07T05:01:38Z,en,"['English', 'Australian', 'Indian', 'Chatty', 'LurkerFriendly', 'ADHD', 'Chill', 'Ally', 'Bear', 'Bussy']",2026-08-07,14-44-44,Friday
318224499814,63140745,meloonie,493057,PUBG: BATTLEGROUNDS,247,2026-08-07T05:40:17Z,de,"['Deutsch', 'justchatting']",2026-08-07,14-44-44,Friday
320887110363,28635965,bersgamer,1264310518,Marvel Rivals,246,2026-08-06T04:00:18Z,es,"['Español', 'deadbbydaylight', 'marvelrivals', 'DropsActivados']",2026-08-07,14-44-44,Friday
318153884901,1526535293,gamegewinnecasino,498566,Slots,246,2026-08-06T17:40:32Z,de,['Deutsch'],2026-08-07,14-44-44,Friday
320734802265,36839665,augustuwu,21779,League of Legends,245,2026-08-07T05:34:44Z,en,"['English', 'GameDesigner', 'GameDesignTalk']",2026-08-07,14-44-44,Friday
317423516260,212360430,chloe,509672,IRL,245,2026-08-07T06:32:10Z,fr,"['chloé', 'chloe', 'français', 'lesbienne', 'Lesbian', 'lgbt', 'irl', 'amsterdam', 'worldpride', 'queer']",2026-08-07,14-44-44,Friday
318750970967,754161004,emstrogen,420131540,LEGO Party!,245,2026-08-06T20:36:11Z,en,"['lgbtq', 'roleplay', 'English', 'chaseRP']",2026-08-07,14-44-44,Friday
318017858279,117972622,l4ny_,27546,World of Tanks,245,2026-08-07T06:24:11Z,de,"['Deutsch', 'Potsdam', 'Germany', 'justchatting', 'GEILECOMMUNITY', 'dropsaktiv', 'WorldofTanks', 'Lehrreich']",2026-08-07,14-44-44,Friday
317389880162,234041548,polita,491487,Dead by Daylight,245,2026-08-05T21:45:50Z,en,"['English', 'DropsEnabled']",2026-08-07,14-44-44,Friday
316272488305,756245509,alon34s,491931,Escape from Tarkov,244,2026-08-07T01:23:44Z,ja,"['日本語', 'EscapefromTarkov', 'Drops有効']",2026-08-07,14-44-44,Friday
316338351859,159210782,turuyajp,263490,Rust,244,2026-08-07T06:09:50Z,ja,"['日本語', 'ネタバレ注意', 'Drops有効']",2026-08-07,14-44-44,Friday
317173396855,152186543,ericarei,19976,MapleStory,243,2026-08-07T02:20:13Z,en,"['English', 'sleepy', 'cozy', 'chill', 'cantonese', 'LurkerFriendly', 'canada', 'comfy', 'mmo']",2026-08-07,14-44-44,Friday
318009267047,533715367,retrolongplay,27284,Retro,243,2026-08-06T13:11:54Z,en,"['Retro', 'Games', 'TV', 'TAS', 'Speedrun', 'Speedrunning', 'Longplay', 'Marathon', 'English', 'Playthrough']",2026-08-07,14-44-44,Friday
316611839318,1525756064,frg_kazik_3546552,33214,Fortnite,243,2026-08-07T06:29:41Z,ru,"['слоты', 'лудоман', 'казино', 'casino', 'заносы', 'эвелон', 'evelon', 'евелон', 'English', 'Русский']",2026-08-07,14-44-44,Friday
317437900131,510076202,alionbaby,1663723394,Gears of War: E-Day,242,2026-08-07T06:59:51Z,it,['Italiano'],2026-08-07,14-44-44,Friday
316649335380,1419437522,r2remastered_official,502829,R2 Online: Reign of Revolution,242,2026-08-06T13:09:14Z,ru,"['R2OnlineReignofRevolution', 'R2Online', 'R2', 'MMORPG', 'MMO', 'PvP', 'R2стрим', 'Русский']",2026-08-07,14-44-44,Friday
315865577170,176243295,coffee,539257489,Beast of Reincarnation,241,2026-08-07T05:00:13Z,fr,"['francais', 'chill', 'longplay', 'coffee', 'Français', 'BeastOfReincarnation', 'gamefreak']",2026-08-07,14-44-44,Friday
318706994036,62471807,safiro01,498566,Slots,241,2026-08-07T00:53:21Z,es,"['Español', 'drops', 'valorant']",2026-08-07,14-44-44,Friday
319835148256,100041244,terasite,1282866981,Delta Force,241,2026-08-07T00:05:17Z,en,"['Anxiety', 'Chatty', 'KPOP', 'Asian', 'SafeSpace', 'Vietnam', 'Anime', 'English', 'LurkerFriendly', 'DropEnabled']",2026-08-07,14-44-44,Friday
318017844967,926373969,pastil_dota,29595,Dota 2,241,2026-08-07T06:21:04Z,en,"['English', 'dota2', 'dota2', '16kmmr', 'persian', 'Russian', 'Moscow']",2026-08-07,14-44-44,Friday
315947483498,217213359,nalopia,399457773,Bills Must Be Paid,240,2026-08-07T02:26:53Z,en,"['English', 'Woman', 'girl', 'AskMeAnything', 'Community', 'Australia']",2026-08-07,14-44-44,Friday
318641962485,159239195,sabrinoca,513181,Genshin Impact,240,2026-08-07T00:29:59Z,pt,['Português'],2026-08-07,14-44-44,Friday
315893134419,121692301,trucker_dylan,509672,IRL,239,2026-08-07T04:00:32Z,en,"['driving', 'educational', 'travel', 'radio', 'music', 'outdoor', 'English', 'ASMR', 'truck', 'ETS2']",2026-08-07,14-44-44,Friday
316611824726,23275336,yesitshappy,12924,Warcraft III,239,2026-08-07T06:23:23Z,ru,['Русский'],2026-08-07,14-44-44,Friday
315886792040,74601799,balormage,29307,Path of Exile,238,2026-08-07T04:19:59Z,en,['English'],2026-08-07,14-44-44,Friday
318224384102,62765295,proxyginger,21779,League of Legends,238,2026-08-07T05:06:38Z,de,"['Vegan', 'LGBTQIAPlus', 'Singed', 'OTP', 'Toplane', 'Deutsch']",2026-08-07,14-44-44,Friday
316582201557,1493276818,windowlightfm,26936,Music,238,2026-08-06T20:09:35Z,en,"['lofi', '247Stream', 'lofimusic', 'Relax', 'study', 'Radio', 'English', 'Chıll', 'housemusic']",2026-08-07,14-44-44,Friday
318752496343,26966095,supernoon,630009802,MARVEL TŌKON: Fighting Souls,238,2026-08-06T23:22:34Z,en,"['English', 'strokes', 'beastmode', 'spacegliding', 'Chinese', 'Educational', 'DropsEnabled']",2026-08-07,14-44-44,Friday
315886657256,479045353,notjoeykaotyk,6369,God of War,237,2026-08-07T03:19:17Z,en,"['Taiwan', 'Adhd', 'English', 'Vtuber', 'Japan', 'Chinese', '中文', 'wirforce']",2026-08-07,14-44-44,Friday
315865812562,11272561,grumbul,271304,7 Days to Die,237,2026-08-07T07:15:15Z,en,"['English', 'TheGreatChinwag', 'Drops']",2026-08-07,14-44-44,Friday
316611907030,1513817343,sashaprodelkin,32399,Counter-Strike,237,2026-08-07T06:55:27Z,ru,"['Русский', 'counterstrike2', 'cs', 'game']",2026-08-07,14-44-44,Friday
320790590682,495360799,noswypn,460316,Brawlhalla,236,2026-08-07T01:53:44Z,en,"['brawlhalla', 'DropsEnabled', 'kaicenat', 'IShowSpeed', '2xrakai', 'ddg', 'Funnymike', 'suburbbaby', 'Lacy', 'stableronaldo']",2026-08-07,14-44-44,Friday
320730895065,29618043,raysian,1119642287,Yu-Gi-Oh! Master Duel,235,2026-08-07T02:13:26Z,en,['English'],2026-08-07,14-44-44,Friday
317416907620,683126925,emi_mge7,509658,Just Chatting,235,2026-08-06T13:18:37Z,fr,['Français'],2026-08-07,14-44-44,Friday
320906024667,61110321,moxley,499003,VRChat,234,2026-08-07T04:44:40Z,en,['English'],2026-08-07,14-44-44,Friday
315886101224,1526466482,domwinnerbonuslot,498566,Slots,234,2026-08-06T22:33:06Z,de,['Deutsch'],2026-08-07,14-44-44,Friday
318224922470,1405800686,dragunovgg,31336,Metin2,234,2026-08-07T07:20:19Z,tr,"['Türkçe', 'metin2', 'gameforge', 'MMORPG', 'Drop', 'Partners']",2026-08-07,14-44-44,Friday
317815281496,189985805,meltsfps,401587136,Arena Breakout: Infinite,234,2026-08-05T17:19:00Z,en,"['English', 'fps', 'PvP', 'DropsEnabled']",2026-08-07,14-44-44,Friday
318018045031,48297318,cristijan,33214,Fortnite,234,2026-08-07T07:04:17Z,hu,['Magyar'],2026-08-07,14-44-44,Friday
315848851921,84591692,freckleston1,489401,Call of Duty: Black Ops III,233,2026-08-07T04:49:08Z,en,"['Based', 'NaeNae', 'ChillLikeThat', 'Fishing', 'Gorilla', 'Speedrun', 'English']",2026-08-07,14-44-44,Friday
317437917283,162957501,stizo_,33214,Fortnite,233,2026-08-07T07:05:41Z,fr,"['Français', 'stizo', 'gameward', 'fortnıte', 'gw']",2026-08-07,14-44-44,Friday
317174367351,504712183,djeyequemusic,1669431183,DJs,233,2026-08-07T04:26:03Z,en,"['English', 'DropsEnabled']",2026-08-07,14-44-44,Friday
318017719911,98306680,ritosux,1426873999,Heroes of Might & Magic: Olden Era,233,2026-08-07T05:50:46Z,en,['English'],2026-08-07,14-44-44,Friday
320734484697,182662934,masacrax,509659,ASMR,232,2026-08-07T05:12:58Z,es,"['VTuber', 'Español', 'English', 'Relax', 'ASMR', 'Sleep', 'transgirl', 'Anime']",2026-08-07,14-44-44,Friday
316338094579,992507352,mitsukiyoake,386821,Black Desert,232,2026-08-07T04:44:59Z,ja,"['日本語', 'English', 'Vtuber', 'Drops有効']",2026-08-07,14-44-44,Friday
316584408277,482868192,bratikii,32399,Counter-Strike,232,2026-08-07T06:56:29Z,ru,['Русский'],2026-08-07,14-44-44,Friday
319790836572,1076022569,ventress,33214,Fortnite,232,2026-08-07T06:57:47Z,en,"['English', 'LGBTQ', 'Fortnite', 'girlypop', 'HighkillGames']",2026-08-07,14-44-44,Friday
317399440098,498724770,levilaingarc0n,33214,Fortnite,231,2026-08-07T04:58:46Z,fr,"['Fortnite', 'ZeroBuildFortnite', 'Ranked', 'drôle', 'fun', 'Community', 'claviersouris', 'aim', 'GoodMood', 'Français']",2026-08-07,14-44-44,Friday
318224526310,31401733,morfvk,2133072147,Mir Korabley,231,2026-08-07T05:47:15Z,ru,"['Русский', 'Миркораблей', 'DropsВключены']",2026-08-07,14-44-44,Friday
319778468700,108005221,dizzy,29307,Path of Exile,231,2026-08-06T15:55:24Z,en,"['English', 'buh', 'depression', 'cyberathlete', 'glorp']",2026-08-07,14-44-44,Friday
318755622359,135162278,spoodah,30921,Rocket League,230,2026-08-07T03:27:57Z,en,['English'],2026-08-07,14-44-44,Friday
318736267863,1418938048,elajjaz247,499973,Always On,230,2026-08-05T14:31:16Z,en,"['English', 'Rerun']",2026-08-07,14-44-44,Friday
318015103463,1046764363,altairnative,499973,Always On,230,2026-08-06T21:11:21Z,fr,"['Français', 'Rediffusions', 'communauté', 'SecondaryChannel']",2026-08-07,14-44-44,Friday
316611416406,17083830,sebk94,29307,Path of Exile,230,2026-08-07T02:46:07Z,en,['English'],2026-08-07,14-44-44,Friday
318756211415,718084076,briicosplays,630009802,MARVEL TŌKON: Fighting Souls,229,2026-08-07T04:14:34Z,en,"['English', 'Cosplay', 'Chatty', 'Woman', 'NoBackseating', 'firstplaythgrough', 'DropsEnabled']",2026-08-07,14-44-44,Friday
317421109988,1338234092,zombie_doctorr,852009328,Mistfall Hunter,229,2026-08-06T20:17:29Z,en,"['English', 'poe2', 'Cosplay', 'mlbb', 'Russian', 'Русский', 'DropsEnabled']",2026-08-07,14-44-44,Friday
318224757606,155935971,ranches,511224,Apex Legends,228,2026-08-07T06:45:10Z,ru,['Русский'],2026-08-07,14-44-44,Friday
318224918246,36196174,jimpanse,491931,Escape from Tarkov,228,2026-08-07T07:19:05Z,de,"['Deutsch', 'chillout', 'tarkov', 'adult', 'german', 'DropsAktiviert']",2026-08-07,14-44-44,Friday
318017882471,79295102,kagaminium,418016,The Long Dark,228,2026-08-07T06:29:22Z,pl,"['Polski', 'polskiestrumyki']",2026-08-07,14-44-44,Friday
316335986163,464480572,nukomaro2020,272263131,"Animals, Aquariums, and Zoos",227,2026-08-06T14:18:26Z,ja,['日本語'],2026-08-07,14-44-44,Friday
318224740326,63505416,larsi,1881949588,ReStory,227,2026-08-07T06:40:29Z,de,"['Gesprächig', 'Hamburg', 'Deutsch', 'Frühaufsteher', 'LetsPlay', 'Variety', 'Gemütlich', 'morningstream', 'gaming', 'simulationgames']",2026-08-07,14-44-44,Friday
320734781657,403652194,milito,497057,Destiny 2,227,2026-08-07T05:33:04Z,en,"['English', 'Swag', 'Mexican', 'lebronjames', 'explication']",2026-08-07,14-44-44,Friday
316653921108,30772941,lipej,509658,Just Chatting,227,2026-08-07T06:39:06Z,pl,['Polski'],2026-08-07,14-44-44,Friday
316611752022,468408745,1beston,32982,Grand Theft Auto V,227,2026-08-07T05:54:51Z,ru,['Русский'],2026-08-07,14-44-44,Friday
318644985845,412538253,hoppusfps,32399,Counter-Strike,226,2026-08-07T06:41:30Z,pt,"['Português', 'Español', 'Espàñol']",2026-08-07,14-44-44,Friday
319786605404,140652877,captaincoach,1264310518,Marvel Rivals,225,2026-08-07T01:20:44Z,en,"['English', 'DropsEnabled']",2026-08-07,14-44-44,Friday
318159017445,45417698,barsigold,27471,Minecraft,225,2026-08-07T06:52:22Z,ru,"['Барси', 'БарсиГолд', 'Сервер', 'МАйнкрафт', 'МАЙНШИЛД', 'Русский', 'Английский', 'DropsВключены']",2026-08-07,14-44-44,Friday
319821428064,1171769612,247jynxzi,499973,Always On,225,2026-08-06T00:37:03Z,en,"['English', 'jynxzi', 'siege', 'rainbowixsiege']",2026-08-07,14-44-44,Friday
319833191904,132889621,jimmyisabot,386821,Black Desert,224,2026-08-06T22:09:51Z,en,"['English', 'MMO', 'MMORPG', 'Hardcore', 'nerd', 'chill', 'Casual', 'DropsEnabeled', 'idledive', 'DropsEnabled']",2026-08-07,14-44-44,Friday
316611813718,73638111,bozydar44,32399,Counter-Strike,224,2026-08-07T06:19:44Z,pl,"['Polski', 'CS2', 'faceit', 'bozydar', 'fps', 'cs', 'Polska']",2026-08-07,14-44-44,Friday
320906730459,77746324,tensa,515025,Overwatch,223,2026-08-07T05:37:36Z,en,"['Educational', 'English', 'overwatch', 'Support', 'marvelrivals', 'mantis', 'Brigitte', 'RaidenShogun', 'vendetta', 'DropsEnabled']",2026-08-07,14-44-44,Friday
316578760021,30070692,beastqt,29595,Dota 2,223,2026-08-06T12:29:30Z,ru,"['Русский', 'GIGACHAD', 'English']",2026-08-07,14-44-44,Friday
320735591129,25467580,b4nny,16676,Team Fortress 2,223,2026-08-07T07:06:09Z,en,['English'],2026-08-07,14-44-44,Friday
318754273495,30305808,mattshew,490100,Lost Ark,223,2026-08-07T01:50:32Z,en,['English'],2026-08-07,14-44-44,Friday
320794872026,672160200,jengo_m,509672,IRL,222,2026-08-07T05:45:15Z,fr,"['Français', 'Chinese', 'Chine', 'japon', 'Taiwan', 'IRL']",2026-08-07,14-44-44,Friday
320881620699,1465724141,gladdalwayson,499973,Always On,221,2026-08-05T23:48:15Z,en,"['English', 'Rerun', 'Gladd', 'survival', 'RPG', 'alldaygladd', 'Rerun', '247', 'story']",2026-08-07,14-44-44,Friday
317423286500,182025099,ligefeu,852009328,Mistfall Hunter,221,2026-08-07T04:53:33Z,fr,"['Français', 'eldenring', 'darksouls', 'challenge', 'DropsActivés']",2026-08-07,14-44-44,Friday
318018042087,140570194,seyyn,516575,VALORANT,221,2026-08-07T07:03:46Z,de,['Deutsch'],2026-08-07,14-44-44,Friday
315886990824,728142029,awootank,18122,World of Warcraft,221,2026-08-07T05:45:22Z,en,"['Thailand', 'ไทย', 'Bangkok', 'walking', 'Travel', 'SouthEastAsia', 'streetfood', 'walkingstream', 'English']",2026-08-07,14-44-44,Friday
315925691753,730109710,raechuu,653624336,Lies of P,221,2026-08-07T00:02:43Z,en,"['VTuber', 'Asian', 'Horror', 'Artist', 'Australia', 'Chatty', 'Comfy', 'NoBackseating', 'NZ', 'ENVtuber']",2026-08-07,14-44-44,Friday
316273200881,751659570,hama7_,512953,ELDEN RING,221,2026-08-07T05:50:13Z,ja,"['日本語', 'Speedrun']",2026-08-07,14-44-44,Friday
317827870936,91416178,dwichaeljackson,491487,Dead by Daylight,220,2026-08-07T05:57:12Z,en,"['English', 'DropsEnabled']",2026-08-07,14-44-44,Friday
317173802103,27481628,fchampryan,630009802,MARVEL TŌKON: Fighting Souls,220,2026-08-07T03:14:47Z,en,"['English', 'DropsEnabled']",2026-08-07,14-44-44,Friday
320902512347,74699191,tinkerjell_,491487,Dead by Daylight,220,2026-08-07T01:54:22Z,en,"['English', 'LGBTQIAPIus', 'Bisexual', 'Asexual', 'Woman', 'PlusSize', 'pngtuber', 'Hispanic', 'SoothingVoice', 'DropsEnabled']",2026-08-07,14-44-44,Friday
318224316774,224069724,zokka,509672,IRL,219,2026-08-07T04:46:32Z,de,"['Deutsch', 'GudeLaune', 'Frühstücksclub', 'TööörnUp', 'Gaming', 'outdoor', 'ebike', 'irl']",2026-08-07,14-44-44,Friday
318158896869,160991927,falganwow,18122,World of Warcraft,218,2026-08-07T06:19:21Z,de,['Deutsch'],2026-08-07,14-44-44,Friday
320765580634,1421187451,cs2news,32399,Counter-Strike,218,2026-08-05T20:39:18Z,ru,"['CS2', 'CS2NEWS', 'cs3news', 'cs2major', 'csgonews', 'CS2', 'CSGOSTREAM', 'evelone192', 'evelone2004', 'Повтор']",2026-08-07,14-44-44,Friday
319777800540,31011227,castaway,116747788,"Pools, Hot Tubs, and Beaches",218,2026-08-06T14:36:07Z,en,"['princess', 'girl', 'mommy', 'cosplay', 'ADHD', 'catgirl', 'ASMR', 'goddess', 'English', 'findom']",2026-08-07,14-44-44,Friday
317174292343,195068453,lanfear_vr,766571430,HELLDIVERS 2,218,2026-08-07T04:15:16Z,en,"['Vtuber', 'VR', 'Anime', 'ENVTuber', 'English', 'catgirl', 'AdultsOnly']",2026-08-07,14-44-44,Friday
317437924835,116990597,toontv,513143,Teamfight Tactics,217,2026-08-07T07:08:43Z,fr,['Français'],2026-08-07,14-44-44,Friday
317399520866,36319496,gf_iguel,515025,Overwatch,216,2026-08-07T05:44:33Z,fr,"['Français', 'PvP', 'FamilyFriendly', 'Overwatch', 'Positivity', 'Chill', 'LGBTQIAPlus', 'DropsActivés']",2026-08-07,14-44-44,Friday
319694858462,195798583,yeo_ul,509658,Just Chatting,216,2026-08-06T01:19:48Z,en,"['English', '中文', 'Deutsch', 'Italiano', 'girl', 'IRL', 'women', 'Français', 'Español', 'Русский']",2026-08-07,14-44-44,Friday
320904144219,26193382,frozendesire,982017546,Palia,216,2026-08-07T03:05:21Z,en,"['momgamer', 'PlantLover', 'Canadian', 'PriorityisChat', 'Cozy', 'affirmations', 'English', 'softvoice', 'loftiapartner', 'PaliaPartner']",2026-08-07,14-44-44,Friday
316653484116,87563188,razetka_twitch,386821,Black Desert,216,2026-08-07T03:26:11Z,ru,"['Русский', 'BlackDesert', 'SuccessionNova', 'DropsВключены']",2026-08-07,14-44-44,Friday
317827590104,427741464,tayluss_twitch,511224,Apex Legends,216,2026-08-07T05:17:07Z,es,"['Español', 'Inglés', 'apex', 'apexlegends', 'Repetir']",2026-08-07,14-44-44,Friday
315887321704,74768886,alex0920x,516575,VALORANT,216,2026-08-07T07:33:39Z,zh,['中文'],2026-08-07,14-44-44,Friday
318757476951,534800615,ijustlovepuzzles,7331,Jigsaw Puzzle,216,2026-08-07T06:11:25Z,en,"['JigsawPuzzles', 'TwitchAmbassador', 'HiddenGem2025', '3xBIPOCAwardWinner', 'Black', 'AllyLGBTQIA', 'English', 'StreamerUniversity2026']",2026-08-07,14-44-44,Friday
318221710054,31239503,eslcs,32399,Counter-Strike,215,2026-08-06T20:13:12Z,en,['English'],2026-08-07,14-44-44,Friday
319789505244,427370018,twunti,33214,Fortnite,215,2026-08-07T04:18:23Z,en,['English'],2026-08-07,14-44-44,Friday
318154217189,1305680656,acmdmoomoo,460630,Rainbow Six Siege,215,2026-08-06T18:02:50Z,en,"['AchmedMooMoo', 'is', 'ZionistAnd', 'a', 'ProudIsraeli', 'English']",2026-08-07,14-44-44,Friday
316612032086,261307522,whyshkillaz,32982,Grand Theft Auto V,215,2026-08-07T07:27:13Z,ru,"['gta5', 'gat5rp', 'ＧTA5', 'Gta5RolePlay', 'Русский', 'homixide']",2026-08-07,14-44-44,Friday
318224971622,261668726,lev_britvaaa,464339927,ARC Raiders,215,2026-08-07T07:30:30Z,ru,"['LEV', 'BRITVA', 'Русский', 'Олимпиец', 'English']",2026-08-07,14-44-44,Friday
318644995189,1015125228,grmzinho,498592,I'm Only Sleeping,214,2026-08-07T06:45:09Z,pt,['Português'],2026-08-07,14-44-44,Friday
316653773268,149424882,dezzy_hhg,491931,Escape from Tarkov,214,2026-08-07T05:41:08Z,ru,"['Русский', 'EFTArena', 'English', 'tarkov', 'DropsВключены']",2026-08-07,14-44-44,Friday
319838222688,1395007876,gfree_9,499634,Crypto,213,2026-08-07T02:54:58Z,en,"['English', 'crypto', 'solana']",2026-08-07,14-44-44,Friday
318747324375,1018843719,kaileymaeasmr,509659,ASMR,213,2026-08-06T09:32:47Z,en,"['asmr', 'sleep', 'relax', 'whispering', 'cozy', 'AuditoryASMR', 'VisualASMR', 'satisfying', 'KaileyMae', 'English']",2026-08-07,14-44-44,Friday
320794183770,92858368,autolykuslol,21779,League of Legends,212,2026-08-07T04:59:48Z,en,"['English', 'sett', 'gaming', 'Mordekaiser']",2026-08-07,14-44-44,Friday
320764065242,1139435464,yugioh_official,1119642287,Yu-Gi-Oh! Master Duel,212,2026-08-05T18:57:55Z,en,"['YuGiOh', 'anime', 'tv', 'pokemon', 'digimon', 'movie', 'movies', 'Pokémon', 'cartoon', 'cartoons']",2026-08-07,14-44-44,Friday
316281547250,1339592841,victoriafrontier,505084,Umamusume: Pretty Derby,212,2026-08-07T05:55:12Z,en,"['English', 'UmaMusume', 'Competitive']",2026-08-07,14-44-44,Friday
318753964631,68417932,renonfps,2132205352,Deadlock,212,2026-08-07T01:26:15Z,en,"['Deadlock', 'Wraith', 'English', 'marathon', 'venator', 'Infernus', 'haze']",2026-08-07,14-44-44,Friday
319708455134,731230200,hossontwitch,1429246898,A Weird Game About Sausage,212,2026-08-07T02:01:21Z,en,"['English', 'Robots', 'telenovelas', 'Educational', 'NoFreeFarts']",2026-08-07,14-44-44,Friday
318224888294,26389199,ventrua,29307,Path of Exile,211,2026-08-07T07:12:26Z,en,['English'],2026-08-07,14-44-44,Friday
318756671703,803677207,awie,491931,Escape from Tarkov,211,2026-08-07T04:54:03Z,en,"['English', 'Vtuber', 'femboy', 'egirl', 'DropsEnabled']",2026-08-07,14-44-44,Friday
316584053333,818242175,maddogsleague,29595,Dota 2,211,2026-08-07T05:24:53Z,en,['English'],2026-08-07,14-44-44,Friday
318017762919,102293670,lmgd1,18122,World of Warcraft,210,2026-08-07T06:01:39Z,en,"['English', 'MMORPG', 'drops']",2026-08-07,14-44-44,Friday
315385771758,864378313,pirate_ow_,515025,Overwatch,210,2026-08-07T03:22:27Z,en,"['pirate', 'grind', 'Competitive', 'notchill', 'chill', 'variety', 'nonchalant', 'forsen', 'English', 'DropsEnabled']",2026-08-07,14-44-44,Friday
317173156855,174838795,spowte,251561416,Feed The Pit,210,2026-08-07T01:49:49Z,en,"['English', 'Furry', 'FurryStreamer', 'Vtuber', '18pluschannel', 'LGBT', 'dumptruck', 'Bird', 'ibsAlly']",2026-08-07,14-44-44,Friday
320896873051,38069027,figment_rs,852009328,Mistfall Hunter,210,2026-08-06T21:42:05Z,en,"['English', 'DropsEnabled']",2026-08-07,14-44-44,Friday
318224942310,29515752,deadfox15,493057,PUBG: BATTLEGROUNDS,209,2026-08-07T07:24:36Z,hu,['Magyar'],2026-08-07,14-44-44,Friday
317399251426,462851312,lilykonjo,539257489,Beast of Reincarnation,208,2026-08-07T03:07:35Z,fr,"['Français', 'matin', 'réveil', 'café', 'livematinal', 'lilykonjo', 'gaming']",2026-08-07,14-44-44,Friday
315947530602,172256542,raydans,512953,ELDEN RING,207,2026-08-07T02:48:19Z,en,"['English', 'Australia', 'nohit', 'Ally', 'HardMode', 'ChallengeRun', 'gaming', 'eldenring', 'BingoBrawlers', 'bingo']",2026-08-07,14-44-44,Friday
316280881650,77324100,rexlin777,516575,VALORANT,207,2026-08-07T01:44:45Z,zh,"['itzy', 'RedVelvet', '聊天', '聊天互動', 'nmixx', '中文', 'gidle']",2026-08-07,14-44-44,Friday
318159019621,42651485,keszu_h3,1426873999,Heroes of Might & Magic: Olden Era,207,2026-08-07T06:52:56Z,pl,['Polski'],2026-08-07,14-44-44,Friday
320725030105,489506650,lilxmario,512710,Call of Duty: Warzone,207,2026-08-06T21:15:36Z,en,['English'],2026-08-07,14-44-44,Friday
316280971890,855786559,pumpupupu,2009321156,Dark and Darker,206,2026-08-07T02:21:46Z,ja,"['日本語', '雑談', 'Drops有効']",2026-08-07,14-44-44,Friday
317172758775,231000724,bendejo_45,32982,Grand Theft Auto V,206,2026-08-07T01:00:28Z,en,"['English', 'HeadlinerRP', 'GULT', '45s']",2026-08-07,14-44-44,Friday
317826968536,795575217,coffeevert,464339927,ARC Raiders,205,2026-08-07T03:54:40Z,en,"['English', 'LOUD', 'funny', 'ADHD']",2026-08-07,14-44-44,Friday
319789632988,731803873,zelev_by_cv,33214,Fortnite,205,2026-08-07T04:28:40Z,es,"['Latino', 'Fortnite', 'cool', 'proplayer', 'Zelev', 'dlejitos', 'Español']",2026-08-07,14-44-44,Friday
316610674518,86348474,kartal0001,29307,Path of Exile,205,2026-08-06T21:23:05Z,tr,['Türkçe'],2026-08-07,14-44-44,Friday
319780251996,256734589,iiizwerg,1663723394,Gears of War: E-Day,204,2026-08-06T18:43:35Z,en,"['English', 'german', 'wholesome', 'funny', 'gaming']",2026-08-07,14-44-44,Friday
320900811739,46023180,natspresso,539257489,Beast of Reincarnation,204,2026-08-07T00:52:18Z,en,"['English', 'girl', 'chatty', 'firstplaythrough', 'ChallengeRun', 'chill', 'metal', 'variety', 'VarietyStreamer', 'Welcoming']",2026-08-07,14-44-44,Friday
316337270131,799054525,basaotv,515025,Overwatch,204,2026-08-06T23:15:22Z,ja,"['ADHD', '雑談', '日本語', 'Drops有効']",2026-08-07,14-44-44,Friday
319783909468,28339716,rualstorge,1881949588,ReStory,203,2026-08-06T23:03:36Z,en,"['English', 'ClosedCaptions', 'wholesome', 'AntiMinMaxing', 'antirealism', 'Neurodivergent', 'NoBackseatingUnlessAsked']",2026-08-07,14-44-44,Friday
319708458718,38447723,demshenaniganss,2090279789,FINAL FANTASY XVI,203,2026-08-07T02:01:37Z,en,"['English', 'Woman', 'ADHD', 'TDS', 'RogueEnergyPartner', 'AlienwareNexus', 'SquareEnixCreator', 'NoBackseating', 'SpoilerAlert', 'PartnerPush']",2026-08-07,14-44-44,Friday
318753669335,62591022,tiffachuftw,33214,Fortnite,202,2026-08-07T01:02:51Z,en,"['Filipino', 'Woman', 'egirl', 'English', 'LGBTQIAPlus', 'Variety', 'burp', 'Pokémon', 'feet']",2026-08-07,14-44-44,Friday
316654092116,30455661,narmomorn,21779,League of Legends,202,2026-08-07T07:35:53Z,ru,"['Русский', 'Ranked', 'EUW', 'drops', 'СовместныеПросмотры', 'совместныйпросмотр', 'обсуждениеигр', 'Профессиональнаяигра']",2026-08-07,14-44-44,Friday
319778173916,533230028,geoguessr,369418,GeoGuessr,202,2026-08-06T15:21:35Z,en,"['English', 'geoguessr', 'Esports']",2026-08-07,14-44-44,Friday
318754641367,150388830,senvale,460630,Rainbow Six Siege,202,2026-08-07T02:16:16Z,en,"['English', 'r6', 'english', 'tips', 'DropsEnabled']",2026-08-07,14-44-44,Friday
318017753575,553141800,giggsentv,490292,DARK SOULS III,202,2026-08-07T05:59:48Z,de,"['Erklärbär', 'Essen', 'Reaction', 'Wild', 'Echt', 'IRL', 'Deutsch', 'ADHS', 'gaming']",2026-08-07,14-44-44,Friday
318222864486,455993452,sharonqueen,509659,ASMR,201,2026-08-06T22:27:00Z,en,"['asmr', 'yoga', 'girl', 'mommy', 'goddess', 'fitness', 'anime', 'queen', 'dominant', 'licking']",2026-08-07,14-44-44,Friday
319704751710,72957565,shift,491180,Twitch Plays,201,2026-08-06T22:22:32Z,en,"['English', 'Speedrun', 'speedrunning', 'WRAttempts', 'SpongeBob', 'Speedrunner', 'Speedruns', 'GameCube', 'PS2', '100Percent']",2026-08-07,14-44-44,Friday
320794840666,560147677,heartoftheregion,33214,Fortnite,201,2026-08-07T05:42:43Z,en,"['FamilyFriendly', 'RunningWithViewers', 'English', 'Fortnite', 'HeartOfTheRegion', 'Customs', 'ContentCreator', 'subathon', 'viewergames']",2026-08-07,14-44-44,Friday
315400227695,1107368264,catmint_xx,509658,Just Chatting,200,2026-08-07T03:54:12Z,zh,['中文'],2026-08-07,14-44-44,Friday
318017911015,147118536,zeusspezial,653624336,Lies of P,200,2026-08-07T06:35:54Z,de,"['Deutsch', '7tv', 'Emily', 'anime', 'figging', 'Outdoors', 'IRL', 'McDonalds', 'McDrive', 'FastFood']",2026-08-07,14-44-44,Friday
316584045269,82731769,vodkamage,18122,World of Warcraft,200,2026-08-07T05:21:36Z,ru,['Русский'],2026-08-07,14-44-44,Friday
316605619158,80286320,esamarathon2,509663,Special Events,200,2026-08-06T08:28:52Z,en,"['English', 'Speedrun', 'Marathon']",2026-08-07,14-44-44,Friday
316281270386,732839541,yukifukumaru,21779,League of Legends,200,2026-08-07T04:17:04Z,ja,"['女性', 'vtuber', '日本語']",2026-08-07,14-44-44,Friday
318018001383,135191428,eragonuk,21779,League of Legends,200,2026-08-07T06:56:00Z,en,"['English', 'Costream', 'LPL', 'LCK', 'Esports', 'Lolesports', 'Playoffs', 'BLG', 'JDG', 'Coach']",2026-08-07,14-44-44,Friday
320905464411,105623158,mst3k,499973,Always On,199,2026-08-07T04:10:58Z,en,"['MST3K', 'Movies', 'Movie', 'TV', 'Retro', 'AlwaysOn', 'Television', 'Comedy', 'Film', 'films']",2026-08-07,14-44-44,Friday
320794850010,121513309,bams,34134,Call of Duty: Black Ops II,199,2026-08-07T05:43:28Z,en,"['English', 'COD', 'Callofduty', 'REACT', 'BAMS', 'faze', 'warzone', 'drops', 'meta', 'blackops7']",2026-08-07,14-44-44,Friday
315926390633,886460298,seraph_venus,516575,VALORANT,199,2026-08-07T05:19:47Z,en,"['English', 'Australian', 'girlgamer', 'OCE', 'valorantshooter', 'ValorantPartner', 'IRLchatting']",2026-08-07,14-44-44,Friday
316599979350,1154755452,crypto_insider,499634,Crypto,199,2026-08-05T11:37:03Z,en,"['crypto', 'cryptobot', 'CryptoTradingBot', 'tradingbot', 'English']",2026-08-07,14-44-44,Friday
318706099060,36772976,tecnosh,852009328,Mistfall Hunter,198,2026-08-06T23:31:13Z,pt,"['Português', 'English', 'DropsAtivados']",2026-08-07,14-44-44,Friday
319709805790,1222040904,5xstduke,509658,Just Chatting,198,2026-08-07T03:40:04Z,en,"['suburbbaby', 'kaicanet', '2xrakai', 'English', 'Rerun']",2026-08-07,14-44-44,Friday
316273024497,524601317,gori_gori_,491931,Escape from Tarkov,197,2026-08-07T04:51:32Z,ja,"['初老', '痛風', '糖尿', 'おじさん', 'english', '日本語', 'Drops有効']",2026-08-07,14-44-44,Friday
318643326709,1405012610,todomundoodeiaoratao,509658,Just Chatting,197,2026-08-07T02:25:49Z,pt,"['Português', 'Portugal', 'react', 'cine', 'filme', 'serie', 'futurama', 'simpsons', 'Aníme', 'assistindo']",2026-08-07,14-44-44,Friday
316584535765,867119040,chappaaa_,32982,Grand Theft Auto V,197,2026-08-07T07:23:23Z,ru,"['Русский', 'RU', 'gta5', 'gta5rp']",2026-08-07,14-44-44,Friday
319838174816,265426678,donutkingtv,509658,Just Chatting,197,2026-08-07T02:51:24Z,en,"['Speedrunning', 'asmr', 'baking', 'wholesome', 'English']",2026-08-07,14-44-44,Friday
316584411221,781149372,naynoira,509658,Just Chatting,197,2026-08-07T06:57:05Z,ru,"['втубер', 'ruvtuber', 'vtuber', 'девушка', 'женщина', 'Русский', 'аниме', 'Витубер', 'общение', 'хорни']",2026-08-07,14-44-44,Friday
318224818534,225504750,masked,32399,Counter-Strike,197,2026-08-07T06:58:11Z,pl,"['Polski', 'Pro', 'EngIish', 'Powtórka', 'donk', 's1mple', 'zywoo', 'niko']",2026-08-07,14-44-44,Friday
316584227541,705595685,ammbal_,32399,Counter-Strike,196,2026-08-07T06:12:43Z,ru,"['Русский', 'сильный', 'Мужчина', 'Повтор', 'кс', 'counterstrike']",2026-08-07,14-44-44,Friday
316599993942,129342719,bikinibodhi,460630,Rainbow Six Siege,195,2026-08-05T11:39:18Z,en,"['Tactical', 'Mastermind', '140IQ', 'forsen', 'Pro', 'English', 'DropsEnabled']",2026-08-07,14-44-44,Friday
317395660002,55215695,irbas1er,263490,Rust,195,2026-08-06T17:30:13Z,fr,"['pvp', 'raid', 'team', 'dropsactive', 'Français', 'Rediffusion', 'solo', 'duo', 'Zerg', 'DropsActivés']",2026-08-07,14-44-44,Friday
318224165222,650681286,auswandernthailand_kkteam,509672,IRL,195,2026-08-07T03:58:41Z,de,"['Deutsch', 'Thailand', 'Abenteuer', 'Reisen', 'Thaifood', 'Gartenarbeit', 'Beach', 'Flohmarkt']",2026-08-07,14-44-44,Friday
320900490843,766229594,cryptidcheesecake,1064893715,Resident Evil 3,195,2026-08-07T00:40:00Z,en,"['English', 'Vtuber', 'Crispy', 'Mothman', 'moth', 'knight', 'nightshift', 'bigsistervibes', 'residentevil', 'horrorsurvival']",2026-08-07,14-44-44,Friday
320897416027,767605298,lyrisrin,386821,Black Desert,193,2026-08-06T22:14:14Z,en,"['English', 'DropsEnabled']",2026-08-07,14-44-44,Friday
320792113242,30253525,yamata4tw,114524791,Shadowverse: Worlds Beyond,193,2026-08-07T03:05:05Z,en,"['English', 'HUH', 'MARIEMYBELOVED', 'Crystalisfair']",2026-08-07,14-44-44,Friday
319708909278,2000180,tougie24,670138298,Madden NFL 27,193,2026-08-07T02:31:18Z,en,"['English', 'tougie', 'cfb', 'cfb27', 'football', 'dynasty', 'drops', 'madden', 'madden27', 'franchise']",2026-08-07,14-44-44,Friday
319776076892,1290591681,jitnoward,1264310518,Marvel Rivals,192,2026-08-06T09:32:18Z,en,"['English', 'spiderman', 'DareDevil', 'venom', 'femboy', 'Jitlixir', 'arab', 'deadpool', 'top500', 'OAA']",2026-08-07,14-44-44,Friday
318224555622,30358938,fc_dynamo,27546,World of Tanks,192,2026-08-07T05:55:29Z,ru,"['fcdynamo', 'Русский', 'WorldofTanks', 'DropsEnable', 'drops', 'DropsВключены']",2026-08-07,14-44-44,Friday
317399377122,496616854,liliyafae,982017546,Palia,192,2026-08-07T04:22:47Z,en,"['Disabled', 'ChronicIllness', 'Cosy', 'English', 'Vtuber', 'ClosedCaptions', 'Bisexual', 'LGBTQIAPIus', 'dannydevito', 'Autistic']",2026-08-07,14-44-44,Friday
318756911063,1102672535,suggieland,509658,Just Chatting,192,2026-08-07T05:14:16Z,en,"['asmr', 'Liveanimals', 'Cute', 'pets', 'Animals', 'Animalrescue', 'LIVE', 'funny', 'English']",2026-08-07,14-44-44,Friday
320795645018,40268551,iamjustacrazy,29307,Path of Exile,191,2026-08-07T06:51:24Z,ru,['Русский'],2026-08-07,14-44-44,Friday
316611926614,1058527558,witchcvn,509658,Just Chatting,191,2026-08-07T07:00:51Z,ru,"['Vtuber', 'Русский', 'hololive', 'girl', 'booba']",2026-08-07,14-44-44,Friday
320790009178,617897516,sreme,493174,Jackbox Party Packs,191,2026-08-07T01:26:06Z,en,"['English', 'Woman', 'Chatty', 'JustChatting', 'Giveaways', 'Variety', 'Community', 'subathon', 'Sreme']",2026-08-07,14-44-44,Friday
319789590492,13460644,flare,1931693784,Pokémon Champions,190,2026-08-07T04:24:59Z,en,['English'],2026-08-07,14-44-44,Friday
315947536490,156801396,jonathanong,26936,Music,190,2026-08-07T02:51:02Z,en,"['English', 'Music', 'piano']",2026-08-07,14-44-44,Friday
316272501105,908263241,aionekotogi,1036710512,Palworld,190,2026-08-07T01:29:44Z,ja,"['プレイスキル皆無', '日本語', 'タコ殴り', '脳筋', '女性', '女性Vtuber', 'Drops有効']",2026-08-07,14-44-44,Friday
319700770398,1135759184,notdebpark,509658,Just Chatting,190,2026-08-06T15:54:52Z,en,"['English', 'korean', '中文', 'IRL', 'ADHD', 'Cooking', 'Yapper', 'Variety', 'Austin', 'Texas']",2026-08-07,14-44-44,Friday
316584252885,419229955,allmymemoriesdied,32982,Grand Theft Auto V,190,2026-08-07T06:18:24Z,ru,"['Русский', 'ＧTA5', 'GTARP', 'Rainbow', 'burton']",2026-08-07,14-44-44,Friday
315947685354,262121149,hadronna,322664467,Cleaning up the Puzzle Gallery,189,2026-08-07T04:00:28Z,en,"['Australia', 'English', 'OCE', 'Woman', 'Comfy', 'Vtuber', 'SFW', 'Cozy']",2026-08-07,14-44-44,Friday
315948274410,92113890,midbeast,21779,League of Legends,189,2026-08-07T07:29:56Z,en,"['leagueoflegends', 'English', 'LyingEncouraged', 'Manipulator', 'Anime', 'Australia', 'dinosaurs', 'Affectionate', 'Golf', 'trapezoid']",2026-08-07,14-44-44,Friday
318757204567,602935752,meatyhook,499132,They Are Billions,189,2026-08-07T05:43:20Z,en,"['NoSpoilers', 'NoElp', 'Challenge', 'VTuber', 'Vanilla', 'Comfy', 'English', 'Chill', 'Mute']",2026-08-07,14-44-44,Friday
318158803429,94654681,ezioo_show,852009328,Mistfall Hunter,189,2026-08-07T05:56:46Z,ru,"['Русский', 'drops', 'Drop', 'russian', 'English', 'giveaway', 'MarvelRivals', 'DropsEnanbled', 'DropsВключены', 'thegyldenrush']",2026-08-07,14-44-44,Friday
318224731366,99350526,qaixx,263490,Rust,189,2026-08-07T06:39:02Z,en,"['English', 'Survival', 'PositiveMentalAttitude', 'Educational', 'Hottub', 'Serbian', 'DropsEnabled']",2026-08-07,14-44-44,Friday
316281735666,101418725,abbby156,513143,Teamfight Tactics,188,2026-08-07T06:59:42Z,zh,"['中文', '搞笑女', '貓奴', '聯盟戰棋']",2026-08-07,14-44-44,Friday
320731974233,1209373057,trennedyjeanae,32982,Grand Theft Auto V,188,2026-08-07T03:00:36Z,en,"['English', 'LifestyleRP']",2026-08-07,14-44-44,Friday
317825108184,699591924,templetaps,65632,DayZ,187,2026-08-07T00:01:46Z,en,"['English', 'drops', 'rust', 'rustpvp', 'ASMR', 'Namalsk', 'DayZ']",2026-08-07,14-44-44,Friday
318017546087,178895451,riberaribell,624536948,EA Sports FC 26,187,2026-08-07T05:00:07Z,it,['Italiano'],2026-08-07,14-44-44,Friday
316271949553,154537723,zikesan,509672,IRL,187,2026-08-06T21:16:49Z,ja,"['日本語', 'Japanese', 'English', 'IRL', '顔出し', '日本', 'Japan', 'driving', 'Français', 'trucking']",2026-08-07,14-44-44,Friday
317423570660,57557944,nymaera,21779,League of Legends,186,2026-08-07T06:53:16Z,en,"['English', 'lolesports', 'esports', 'lpl', 'educational', 'lck', 't1']",2026-08-07,14-44-44,Friday
316337235443,625622069,r_aru7,263490,Rust,186,2026-08-06T22:59:16Z,ja,"['日本語', 'English', 'Vtuber', 'streamer', '広告ほぼなし', 'Drops有効']",2026-08-07,14-44-44,Friday
317423511780,30652378,bennycentral,512710,Call of Duty: Warzone,186,2026-08-07T06:30:37Z,en,"['English', 'callofduty', 'BO7gameplay']",2026-08-07,14-44-44,Friday
318574445302,112478013,ic0nic,516575,VALORANT,185,2026-08-07T04:04:35Z,es,"['Español', 'Peru']",2026-08-07,14-44-44,Friday
318755705687,22303287,quatos,1669470662,EverQuest Legends,185,2026-08-07T03:34:05Z,en,"['English', 'ADHD', 'Singing', 'music', 'looping', 'ableton', 'Musician', 'subtitles', 'Welcoming', 'ClosedCaptions']",2026-08-07,14-44-44,Friday
318758055639,110888890,hydro__ow,515025,Overwatch,185,2026-08-07T07:23:56Z,en,"['English', 'support', 'SupportMain', 'anamain', 'top500', 'iloveoverwatch', 'overwatch', 'OW', 'Top500OVERWATCH', 'DropsEnabled']",2026-08-07,14-44-44,Friday
318017288551,236165845,f3nixstream,491931,Escape from Tarkov,185,2026-08-07T03:32:49Z,de,"['Deutsch', 'Promotion', 'DropsAktiviert']",2026-08-07,14-44-44,Friday
315886197843,545264735,humandilemma,509658,Just Chatting,185,2026-08-05T12:22:17Z,en,"['IRL', 'chat', 'Educational', 'English']",2026-08-07,14-44-44,Friday
320792641754,175016526,unrational,512710,Call of Duty: Warzone,185,2026-08-07T03:31:20Z,en,"['English', 'ProPlayer']",2026-08-07,14-44-44,Friday
315947818602,43764100,alli90,278441117,Assassin's Creed Black Flag Resynced,184,2026-08-07T04:54:45Z,en,"['CasualPlaythrough', 'AMA', 'Australian', 'Aussie', 'English', 'Chatty', 'Comfy', 'FirstPlaythrough', 'Chill', 'Singleplayer']",2026-08-07,14-44-44,Friday
316338328819,1135215357,nekokaifuka,509658,Just Chatting,184,2026-08-07T06:02:13Z,zh,"['台灣vtuber', '中文', '預見娛樂', '量產型猫飼步歌貳貳機', '音雲漫步計畫', '自彈自唱']",2026-08-07,14-44-44,Friday
317423439332,1500018585,noway24u,21779,League of Legends,184,2026-08-07T06:01:13Z,de,['Deutsch'],2026-08-07,14-44-44,Friday
316584460885,900633547,favorite,1793290437,Super Shout Showdown,184,2026-08-07T07:06:35Z,en,"['vrchat', 'ENVtuber', 'Vtuber', 'feet', 'ASMR', 'mommy', 'VR', 'Anime', 'Interactive', 'brat']",2026-08-07,14-44-44,Friday
319705023582,115853396,cutiejulie_,515025,Overwatch,184,2026-08-06T22:43:33Z,en,"['English', 'overwatch', 'LGBTQIAPIus', 'SheHer', 'Trans', 'Brigitte', 'UR2GM', 'brig', 'DropsEnabled']",2026-08-07,14-44-44,Friday
319710684254,237241237,bluekbizzel_gaming,983841243,Off The Grid,184,2026-08-07T05:11:51Z,en,"['English', 'xbox', 'BlackCreators', 'StreamerSupport', 'feet', 'VoiceASMR', 'music', 'PartnerPush', 'pcgaming', 'MouseANDKeyboard']",2026-08-07,14-44-44,Friday
318569954934,39164412,saturadotv,1702520304,Path of Exile 2,184,2026-08-06T20:47:09Z,pt,"['RPG', 'ARPG', 'poe2', 'PortuguêsBR', 'Português', 'pathofexile2', 'DropsAtivados']",2026-08-07,14-44-44,Friday
318159009765,29353514,gdolphn,511224,Apex Legends,183,2026-08-07T06:50:31Z,en,"['English', 'bald', 'old', 'fps', 'gamer', 'DropsActivated', 'ADHD', 'Not', 'a', 'Vtuber']",2026-08-07,14-44-44,Friday
318640198517,119219504,supr3meecs,32399,Counter-Strike,183,2026-08-06T21:53:50Z,es,"['Español', 'SUPR3ME', 'supr3mea2', 'argentina', 'PATO', 'PATOTIPS', 'Supr3me']",2026-08-07,14-44-44,Friday
316281605746,28649581,lemongg,31339,Project Zomboid,183,2026-08-07T06:14:03Z,zh,['中文'],2026-08-07,14-44-44,Friday
315886576744,172443157,komari,21779,League of Legends,183,2026-08-07T02:44:36Z,en,"['English', 'Yasuo', 'Challenger']",2026-08-07,14-44-44,Friday
317399712482,178627099,nalahri,595240160,Sovereign Tower,183,2026-08-07T07:08:10Z,fr,"['Français', 'tartines', 'tagpeuutile', 'teamleonsirene', 'littlelady', 'idontlikethisrock', 'OIIA', 'darksouls', 'gothicremake', 'RPG']",2026-08-07,14-44-44,Friday
316653969364,117126955,meksikanec74,263490,Rust,182,2026-08-07T06:58:25Z,ru,"['rust', 'соло', 'Meks', 'Русский', 'Rust', 'DropsВключены']",2026-08-07,14-44-44,Friday
318204565734,92655587,rescue,1820378900,Resident Evil 4,182,2026-08-05T10:14:59Z,en,"['English', 'Comfy']",2026-08-07,14-44-44,Friday
317437863139,454873831,aluka_k,516575,VALORANT,182,2026-08-07T06:42:28Z,fr,"['France', 'fps', 'radiant', 'chinois', 'valorant', 'francais', 'competitive', 'jsp', 'Français', 'Rediffusion']",2026-08-07,14-44-44,Friday
315924602345,73525495,shiyu2615,386821,Black Desert,182,2026-08-06T15:17:25Z,zh,"['貓咪', '启用掉宝', '啟用掉寶', '音樂', 'cat', '中文']",2026-08-07,14-44-44,Friday
316652847316,742718733,dztsar,32399,Counter-Strike,182,2026-08-06T22:13:25Z,ru,"['кс2', 'стример', 'cs', 'cs2', 'faceit', 'solo', 'rus', 'Russia', 'Русский', 'evelone']",2026-08-07,14-44-44,Friday
315926749033,466387864,b0b5,29307,Path of Exile,182,2026-08-07T07:21:32Z,en,"['English', 'epic']",2026-08-07,14-44-44,Friday
320788524890,427967690,kayshomi,509658,Just Chatting,182,2026-08-07T00:16:32Z,en,"['rp', 'gtarp', 'justchatting', 'English', 'D10', 'D10RP', 'D10V10', 'fivem', 'girlgamers']",2026-08-07,14-44-44,Friday
316583738965,413081849,scottykil,494184,Mobile Legends: Bang Bang,182,2026-08-07T03:26:01Z,ru,['Русский'],2026-08-07,14-44-44,Friday
318158980709,737981510,cosmetical,2132205352,Deadlock,181,2026-08-07T06:41:57Z,en,"['English', 'Ranked', 'deadlock']",2026-08-07,14-44-44,Friday
317169968375,44334603,geranimo,21779,League of Legends,181,2026-08-06T17:41:08Z,en,"['ADHD', 'Adc', 'English', 'Educational', 'Challenger']",2026-08-07,14-44-44,Friday
318709502708,147375470,grapplr,1751366933,Riftbound,181,2026-08-07T05:43:47Z,en,['English'],2026-08-07,14-44-44,Friday
319786738780,93365983,frostbytevt,8090,FINAL FANTASY IX,181,2026-08-07T01:27:04Z,en,"['vtuber', 'cozy', 'cursed', 'casual', 'NoBackseatingAskFirst', 'Retro', 'ChronicIllness', 'English', 'PS1']",2026-08-07,14-44-44,Friday
315926150249,103916340,vexite_,32399,Counter-Strike,181,2026-08-07T03:43:19Z,en,"['cs2', 'pro', 'faceit', 'English']",2026-08-07,14-44-44,Friday
318018161127,1003070226,madeinabysz,21779,League of Legends,180,2026-08-07T07:29:11Z,ru,"['Русский', 'Комментирование', 'LoL', 'LCK', 'LCKCL', 'LPL', 'KT', 'GEN', 'ktRolster', 'GENG']",2026-08-07,14-44-44,Friday
317437918947,659442470,lamatinalefoot,518203,Sports,180,2026-08-07T07:06:11Z,fr,"['ligue1', 'Football', 'talk', 'Liga', 'presse', 'foot', 'premierleague', 'Français', 'footballtalk', 'championsleague']",2026-08-07,14-44-44,Friday
318705584116,805563738,mttremkkj7,32399,Counter-Strike,180,2026-08-06T22:48:14Z,pt,['Português'],2026-08-07,14-44-44,Friday
317825914712,1255896,enable,511224,Apex Legends,180,2026-08-07T01:47:54Z,en,"['English', 'DropsEnabled']",2026-08-07,14-44-44,Friday
318224894310,83985329,miaumarmelade,18122,World of Warcraft,180,2026-08-07T07:13:57Z,de,"['Deutsch', 'English']",2026-08-07,14-44-44,Friday
318755582423,861818080,neurodetergent,509658,Just Chatting,179,2026-08-07T03:25:02Z,en,"['English', 'justchattıng', 'AMA', 'goodevibes', 'AuDHD', 'LGBTQIAFriendlySpace', 'reacts', 'feet', 'headliners', 'People']",2026-08-07,14-44-44,Friday
320789016410,70743134,taryn,493057,PUBG: BATTLEGROUNDS,179,2026-08-07T00:39:32Z,en,"['English', 'pubg', 'ReadsChat', 'fps', 'cats', 'Canadian']",2026-08-07,14-44-44,Friday
315926461929,1525235084,7365499355a,490100,Lost Ark,179,2026-08-07T05:46:19Z,en,['English'],2026-08-07,14-44-44,Friday
318159182821,42405140,hardisk,509658,Just Chatting,179,2026-08-07T07:29:39Z,fr,"['Francais', 'Tech', 'Technology', 'Français']",2026-08-07,14-44-44,Friday
316337620339,506396193,magnyi3,516575,VALORANT,179,2026-08-07T01:45:54Z,ja,"['日本語', 'valorant', '初見歓迎', '質問OK', '楽しく']",2026-08-07,14-44-44,Friday
317423108196,266347264,jellal_fitna,18846,Garry's Mod,179,2026-08-07T03:28:47Z,fr,"['SalePlace', 'ETEINT', 'abattrelennemi', 'Français', 'gmodrp', 'Solve', 'Solverp', 'narutorp']",2026-08-07,14-44-44,Friday
320735543513,554712890,sang,511224,Apex Legends,178,2026-08-07T06:58:55Z,en,"['English', 'apex', 'Sang', 'SangAPEX', 'MnK', 'MouseANDKeyboard', 'ballistic', 'apexpredator', 'top500']",2026-08-07,14-44-44,Friday
318159056101,62122019,xnikgo,491931,Escape from Tarkov,178,2026-08-07T07:00:49Z,de,"['Deutsch', 'xNikLive', 'ControlPlay', 'DropsAktiviert']",2026-08-07,14-44-44,Friday
317437775843,250315525,gravitytolosatv,512710,Call of Duty: Warzone,178,2026-08-07T05:55:35Z,fr,"['ＦＰＳ', 'girl', 'fr', 'Français', 'warzone', 'Belgique', 'french', 'Suisse', 'Ranked']",2026-08-07,14-44-44,Friday
316280844530,794660225,gaijin1up,1102949822,FINAL FANTASY VII REBIRTH,177,2026-08-07T01:30:03Z,de,"['Deutsch', 'Japan', 'IRL', 'Gaijin', '1UP', 'Natur', 'Kultur', 'cosystream', 'Lorcana', 'Entspannt']",2026-08-07,14-44-44,Friday
320905261659,47339109,glitchymon,12482,The Legend of Zelda: Majora's Mask,177,2026-08-07T04:00:09Z,en,"['English', 'Soy', 'clublife', 'kingsoy', 'reformed', 'chill', 'Zelda', 'autismsurvivor']",2026-08-07,14-44-44,Friday
317826858456,482842978,ipoketcg,9618,Pokémon Trading Card Game,177,2026-08-07T03:40:54Z,en,"['pokemon', 'pokemonlive', 'pokemontcg', 'ipoketcg', 'English']",2026-08-07,14-44-44,Friday
317173526135,642842386,carsonyaps,32399,Counter-Strike,177,2026-08-07T02:37:33Z,en,"['English', 'egirl', 'girlgamer', '18plus', 'RespondsToChat', 'giveaway', 'American', 'Community', 'NewViewersWelcomed']",2026-08-07,14-44-44,Friday
318216363110,431471599,wbcclub,499634,Crypto,176,2026-08-06T12:36:58Z,ru,"['Русский', 'crypto', 'bitcoin', 'Finance', 'TechnicalAnalisys', 'TradingStrategies']",2026-08-07,14-44-44,Friday
316280448242,1526543590,livecibcryptoteam,499634,Crypto,176,2026-08-06T22:33:06Z,en,"['English', 'Crypto', 'Trade', 'Forex', 'Finance', 'Live']",2026-08-07,14-44-44,Friday
318224582630,751853238,michilurk,32982,Grand Theft Auto V,176,2026-08-07T06:01:17Z,de,['Deutsch'],2026-08-07,14-44-44,Friday
319709539806,638298060,frostyqc,2692,Super Mario 64,176,2026-08-07T03:17:29Z,fr,['Français'],2026-08-07,14-44-44,Friday
316583360213,1076310466,nastashon,509658,Just Chatting,176,2026-08-07T00:52:41Z,ru,['Русский'],2026-08-07,14-44-44,Friday
315886612840,1075703972,fenniq,27471,Minecraft,175,2026-08-07T02:59:15Z,en,"['Australian', 'minecraft', 'mcsr', 'Speedrun', 'ranked', 'English']",2026-08-07,14-44-44,Friday
316611601494,163426554,sentokis,500188,Hunt: Showdown 1896,175,2026-08-07T04:37:05Z,ru,"['Русский', 'lagofast']",2026-08-07,14-44-44,Friday
318757172055,98976781,lelandhasgames,33214,Fortnite,175,2026-08-07T05:39:35Z,en,"['Gaming', 'Comedy', 'JustChatting', 'English', 'beats', 'musicproductionstream', 'Pokémon', 'megabonklive']",2026-08-07,14-44-44,Friday
317823726040,800334749,luka,1264310518,Marvel Rivals,175,2026-08-06T20:01:48Z,en,"['English', 'femboy', 'venom', 'hulk', 'feminist', 'DropsEnabled']",2026-08-07,14-44-44,Friday
317174774647,884338173,ferretsoftware,272263131,"Animals, Aquariums, and Zoos",175,2026-08-07T05:20:07Z,en,"['Ferret', 'Tube', 'Long', 'Wiggler', 'CatSnake', 'Noodle', 'Stinky', 'English']",2026-08-07,14-44-44,Friday
318755983447,196486775,misspurple,512710,Call of Duty: Warzone,174,2026-08-07T03:56:16Z,en,"['English', 'Chatty', 'ADHDStreamer', '420FriendlyStreamer', 'brat', 'Gengar', 'forza', 'cars']",2026-08-07,14-44-44,Friday
317423529828,150352604,kswinniie,511224,Apex Legends,174,2026-08-07T06:36:43Z,fr,"['IGL', 'francais', 'MNK', 'Français']",2026-08-07,14-44-44,Friday
318016961895,1468973220,miladeva,509672,IRL,174,2026-08-07T02:08:09Z,en,"['English', 'sport', 'god', 'love', 'yoga', 'Rerun']",2026-08-07,14-44-44,Friday
318224878822,42617659,demaster59ru,509658,Just Chatting,174,2026-08-07T07:10:01Z,ru,['Русский'],2026-08-07,14-44-44,Friday
316338452339,489485041,ayabdch,386821,Black Desert,173,2026-08-07T06:43:16Z,ja,"['雑談', 'おっさん配信者', '日本語', 'ENGsub', 'Drops有効']",2026-08-07,14-44-44,Friday
315400351471,112691173,ya3va,509658,Just Chatting,173,2026-08-07T05:02:07Z,ru,"['girl', 'woman', 'chatting', 'общение', 'ютуб', 'кино', 'Русский']",2026-08-07,14-44-44,Friday
320725545689,134581614,naka,1663723394,Gears of War: E-Day,173,2026-08-06T21:51:10Z,pt,"['Português', 'Unity']",2026-08-07,14-44-44,Friday
317173768439,216590862,desiheat,18122,World of Warcraft,173,2026-08-07T03:10:36Z,en,"['English', 'Interactive', 'ChattingAndGaming', 'Spanish', 'Music']",2026-08-07,14-44-44,Friday
316272812401,133061268,aioi_ai,491931,Escape from Tarkov,173,2026-08-07T03:35:15Z,ja,"['女性', 'Vtuber', '日本語', 'JP', '睡眠導入', '人妻', '健全', 'ネタバレ・指示だーめ', 'Drops有効']",2026-08-07,14-44-44,Friday
317423457380,63078664,zlayge,29307,Path of Exile,173,2026-08-07T06:08:00Z,fr,"['Français', 'weeb', 'based', 'PathOfExile', 'notAI', 'English', 'débutantsbienvenus', 'Hardcore', 'Speedrun']",2026-08-07,14-44-44,Friday
320903030107,195313527,mayaxmachina,1264310518,Marvel Rivals,172,2026-08-07T02:15:24Z,en,"['PositiveVibes', 'WomenGamers', 'DollEnergy', 'LGBTQAIPlus', 'TwitchStreamer', 'LiveNow', 'Feminine', 'MarvelRivals', 'English', 'DropsEnabled']",2026-08-07,14-44-44,Friday
317423626852,951168364,anthobourse,509658,Just Chatting,172,2026-08-07T07:11:45Z,fr,"['Français', 'Vulgarisation', 'Discussions', 'Bourse', 'Banquier', 'Investissement', 'Finance', 'Actualités']",2026-08-07,14-44-44,Friday
316611592406,262949237,dimataboo,1923236616,Magic Chess: Go Go,172,2026-08-07T04:33:40Z,ru,"['Русский', 'MagicChessGoGo', 'MCGG', 'ПАХАН', 'DimaTaboo', 'МагическиеШахматы', 'ДимаТабу', 'MCGGRUCreators', 'Повтор']",2026-08-07,14-44-44,Friday
317173272823,570666589,aiiygatorz,1036710512,Palworld,172,2026-08-07T02:02:59Z,en,"['ADHD', 'PvP', 'FPS', 'Girlboss', 'English']",2026-08-07,14-44-44,Friday
318757677271,197210702,demigodhue,491487,Dead by Daylight,172,2026-08-07T06:34:46Z,en,"['SafeSpace', 'English', 'Cosplay', 'dbd', 'deadbydaylight', 'SteveHarrington', 'IntoTheFog', 'juicer', 'moonwalker', 'DropsEnabled']",2026-08-07,14-44-44,Friday
317420035428,118006982,pearja,93798731,F1 25,171,2026-08-06T18:36:30Z,fr,"['Français', 'F1', 'react', 'simracing']",2026-08-07,14-44-44,Friday
317398644450,1152050684,rglqq,168648543,Battlefield 6,171,2026-08-06T23:24:21Z,en,"['English', 'Charity', 'vr', 'girl', 'pool', 'anime', 'peanut', 'girlsstreaming', 'girlstreamer', 'girlgamer']",2026-08-07,14-44-44,Friday
318708862324,183191862,michelnishino_yt,491487,Dead by Daylight,171,2026-08-07T03:46:48Z,pt,"['Brasil', 'Português', 'dbd', 'dbdsurvivor', 'DBDStreamer', 'deadbydaylight', 'souzasoul', 'BehaviorInteractive', 'dbdcreator', 'DropsAtivados']",2026-08-07,14-44-44,Friday
316336841587,451374597,muse_tw,509658,Just Chatting,171,2026-08-06T19:39:45Z,zh,"['中文', '動畫', '木棉花', '馬拉松']",2026-08-07,14-44-44,Friday
315887190120,643011238,zi8gzag,32399,Counter-Strike,171,2026-08-07T06:51:50Z,en,['English'],2026-08-07,14-44-44,Friday
315946925418,734322712,oyatsuchan,75467,Euro Truck Simulator 2,171,2026-08-06T22:01:15Z,en,"['English', 'Australia', 'mommy', 'cracked', 'tomboy', 'cow', 'Vtuber', 'feet', 'Furry', 'LOUD']",2026-08-07,14-44-44,Friday
318642543733,179278845,horoowolf,386821,Black Desert,171,2026-08-07T01:20:08Z,es,"['Español', 'lenguajeinapropiado', 'lostark', 'DropsActivados']",2026-08-07,14-44-44,Friday
316272833137,131574416,mukai_fps,511224,Apex Legends,170,2026-08-07T03:42:47Z,ja,"['日本語', '外配信', '初見']",2026-08-07,14-44-44,Friday
318224718694,641337204,akakiryuuu,516575,VALORANT,170,2026-08-07T06:34:35Z,ru,"['valorant', 'Русский', 'masterscostream']",2026-08-07,14-44-44,Friday
320794165722,138334943,riikamivt,982348888,ELDEN RING NIGHTREIGN,170,2026-08-07T04:58:42Z,en,"['vtuber', 'envtuber', 'riikami', 'cuban', 'English', 'oiledup']",2026-08-07,14-44-44,Friday
317826189912,164344726,wowgrandma78,18122,World of Warcraft,169,2026-08-07T02:20:44Z,en,['English'],2026-08-07,14-44-44,Friday
317827716952,569334251,suhmmiee,509658,Just Chatting,169,2026-08-07T05:34:21Z,en,"['Variety', 'JUSTCHATTING', 'English']",2026-08-07,14-44-44,Friday
319781417052,66462989,gragalbert,1264310518,Marvel Rivals,169,2026-08-06T20:11:18Z,en,"['Marvel', 'Rivals', 'Marvelrivals', 'English', 'DropsEnabled']",2026-08-07,14-44-44,Friday
317172697463,1038346609,bobbooobpb,1363159734,"Dwarves: Glory, Death and Loot",169,2026-08-07T00:53:40Z,en,"['English', 'BackpackBattles']",2026-08-07,14-44-44,Friday
316337182195,1524861015,slot24gamedetester,498566,Slots,169,2026-08-06T22:33:07Z,de,['Deutsch'],2026-08-07,14-44-44,Friday
315419686512,1372499671,sinonsinfonia,509658,Just Chatting,169,2026-08-07T07:11:41Z,en,"['English', 'Vtuber', 'PhaseConnect', 'ADHD', 'ASMR']",2026-08-07,14-44-44,Friday
318752208983,143025612,brutal710,852009328,Mistfall Hunter,169,2026-08-06T22:53:38Z,en,"['English', 'demigod', 'diamond4atleague', 'hereforagoodtimenotalong', 'depression', 'thebiggest', 'thelargest', 'DropsEnabled']",2026-08-07,14-44-44,Friday
320794353626,549416472,shadesofreality,18122,World of Warcraft,169,2026-08-07T05:10:26Z,en,['English'],2026-08-07,14-44-44,Friday
319788043100,42023073,misusingtv,19976,MapleStory,168,2026-08-07T02:40:57Z,en,"['English', 'Anime', 'BeginnerFriendly', 'EndGame', 'MMORPG', 'SideScroller', 'MapleStory', 'MMO', 'Chill', 'NewPlayersWelcome']",2026-08-07,14-44-44,Friday
318757320535,241275515,massive,27471,Minecraft,168,2026-08-07T05:55:10Z,en,"['English', 'vibes', 'fun', 'minecraft', 'SMP', 'DonutSMP']",2026-08-07,14-44-44,Friday
318224365030,662704163,malipai,539257489,Beast of Reincarnation,168,2026-08-07T05:01:22Z,de,"['CozyChaos', 'SafeSpace', 'Deutsch', 'justchatting']",2026-08-07,14-44-44,Friday
320722697561,1163851045,yugioh_subs,499973,Always On,168,2026-08-06T18:19:26Z,ja,"['movie', 'tv', 'television', 'AlwaysOn', 'retro', 'movies', 'subs', 'sub', 'yugioh', 'YugiohMasterDuel']",2026-08-07,14-44-44,Friday
320907292763,156592777,tevexb,1667108183,Pump It Up Phoenix 2,168,2026-08-07T06:36:17Z,es,"['Retro', 'Speedrun', 'IRL', 'Español', 'México', 'Japan', 'arcade', 'Speedrun', 'pumpitup', 'baile']",2026-08-07,14-44-44,Friday
320729526873,764200941,trilllyyyy,626298054,Machine Party,168,2026-08-07T01:12:08Z,en,"['English', 'gaming', 'funny']",2026-08-07,14-44-44,Friday
315843449425,678600049,samdavison1,491487,Dead by Daylight,168,2026-08-05T20:23:28Z,en,"['English', 'deadybydaylight', 'juicer', 'teegrizzley', 'whoajaco', 'LightsOut', 'DropsEnabled', 'dbd', 'ＤBD']",2026-08-07,14-44-44,Friday
316273002481,896381423,kyomu_usui,491931,Escape from Tarkov,168,2026-08-07T04:42:52Z,ja,"['日本語', 'VALORONAT', '配信初心者', 'ｖtuber', '撃たないで', '魅力的な女性', 'EscapefromTakrov', 'EscapefromTarkow', 'Drops有効']",2026-08-07,14-44-44,Friday
317173905399,254470757,sorawr,21779,League of Legends,168,2026-08-07T03:27:15Z,en,"['girl', 'feet', 'korean', 'furry', 'evil', 'English']",2026-08-07,14-44-44,Friday
319687571038,123424342,chilledcat_music,26936,Music,168,2026-08-05T15:30:09Z,en,"['chill', 'Relax', 'Radio', 'Loーfi', 'LofiMusicChill', 'lofimusic', 'study', 'playlist', 'lofihiphop', 'Australia']",2026-08-07,14-44-44,Friday
318224208102,49905960,sweetlou2022,19801,Throne and Liberty,167,2026-08-07T04:13:56Z,de,"['Deutsch', 'SafeSpace', 'humor', 'realtalk', 'feelgood']",2026-08-07,14-44-44,Friday
319710325598,1521012465,moman24h,499973,Always On,167,2026-08-07T04:30:01Z,fr,"['Français', 'moman', 'Rediffusion']",2026-08-07,14-44-44,Friday
317388695522,114770735,tingting57,509659,ASMR,167,2026-08-05T19:37:42Z,en,['English'],2026-08-07,14-44-44,Friday
316281530610,727048434,uni03_,491931,Escape from Tarkov,167,2026-08-07T05:50:31Z,ja,"['日本語', 'アドバイスは聞いたら頂戴', 'Drops有効']",2026-08-07,14-44-44,Friday
319839168736,102780420,caradechiste,1663723394,Gears of War: E-Day,167,2026-08-07T04:09:12Z,es,"['Español', 'Speedrun', 'retrogames', 'silenthill', 'ResidentEvill', 'SurvivalHorror', 'Colombia', 'México', 'TerrorGames', 'lol']",2026-08-07,14-44-44,Friday
317999987559,1227964961,zarbex_tv,27471,Minecraft,167,2026-08-05T15:38:15Z,de,['Deutsch'],2026-08-07,14-44-44,Friday
320720622297,263643674,neapgames,19976,MapleStory,167,2026-08-06T15:08:15Z,en,"['maplestory', 'English']",2026-08-07,14-44-44,Friday
320735235161,134919398,jonkzasmr,513143,Teamfight Tactics,166,2026-08-07T06:16:16Z,es,"['Español', 'ubisoftpartner', 'UbisoftPartner', 'ad', 'tarkov', 'escapefromtarkov']",2026-08-07,14-44-44,Friday
