id,user_id,user_login,game_id,game_name,viewer_count,started_at,language,tags,snapshot_date,snapshot_time,snapshot_day
316450928370,545050196,kato_junichi0817,516575,VALORANT,72311,2026-09-13T06:40:09Z,ja,['日本語'],2026-09-13,18-58-25,Sunday
318632192486,45044816,montanablack88,509663,Special Events,64490,2026-09-13T11:04:50Z,de,"['Deutsch', 'DropsAktiviert']",2026-09-13,18-58-25,Sunday
317738214372,92038375,caedrel,21779,League of Legends,64437,2026-09-13T04:30:49Z,en,"['English', 'LPL', 'LCK', 'LEC', 'Worlds', 'Esports']",2026-09-13,18-58-25,Sunday
316508485363,49207184,fps_shaka,32982,Grand Theft Auto V,43378,2026-09-13T09:48:23Z,ja,"['日本語', 'Drops有効']",2026-09-13,18-58-25,Sunday
318108150616,20694610,towelliee,18122,World of Warcraft,23583,2026-09-12T11:41:02Z,en,"['tank', 'worldofwarcraft', 'entertainment', 'English', 'MMORPG', 'classicplus', 'wowmidnight', 'BlizzCon2026', 'BlizzCon', 'DropsEnabled']",2026-09-13,18-58-25,Sunday
318630667878,56489971,metashi12,18122,World of Warcraft,19619,2026-09-13T08:02:40Z,de,"['Deutsch', 'DropsAktiviert']",2026-09-13,18-58-25,Sunday
316906827092,1390976168,betboom_cs_ru,32399,Counter-Strike,19412,2026-09-13T08:30:52Z,ru,"['Киберспорт', 'Esports', 'counterstrike2', 'Русский']",2026-09-13,18-58-25,Sunday
319204002263,26490481,summit1g,743893402,WARDOGS,17553,2026-09-12T19:07:10Z,en,"['English', 'DropsEnabled']",2026-09-13,18-58-25,Sunday
316440825585,626747405,iq200yukaf,511224,Apex Legends,17193,2026-09-13T08:15:08Z,ja,"['NoAimAssist', '日本語', 'Drops有効']",2026-09-13,18-58-25,Sunday
316864083158,139345001,aunkere,32399,Counter-Strike,16036,2026-09-13T09:00:42Z,ru,"['Русский', 'aunkere', 'аункер', 'cs2major', 'English', 'позитив', 'безмашны', 'DropsВключены']",2026-09-13,18-58-25,Sunday
315523606384,50988750,stylishnoob4,509672,IRL,14705,2026-09-13T10:49:26Z,ja,"['日本語', '感謝します']",2026-09-13,18-58-25,Sunday
315503561839,139482710,kant0211,516575,VALORANT,14429,2026-09-13T09:40:45Z,zh,"['中文', '動作', 'fps']",2026-09-13,18-58-25,Sunday
316440654833,620880640,esports_rage,511224,Apex Legends,14402,2026-09-13T07:25:02Z,ja,"['esports', '日本語', 'RAGE', 'apexlegends', 'Drops有効']",2026-09-13,18-58-25,Sunday
316451299698,48962167,vodkavdk,511224,Apex Legends,12656,2026-09-13T08:07:55Z,ja,"['日本語', 'ネタバレ禁止', 'Drops有効']",2026-09-13,18-58-25,Sunday
318557133029,51929371,ml7support,515025,Overwatch,12012,2026-09-12T10:00:11Z,en,"['English', 'gaming', 'overwatch', 'BlizzCon2026', 'DropsEnabled']",2026-09-13,18-58-25,Sunday
320308406620,403594122,zarbex,509672,IRL,12001,2026-09-13T10:49:36Z,de,['Deutsch'],2026-09-13,18-58-25,Sunday
316508196211,206506086,euriece,511224,Apex Legends,10623,2026-09-13T08:15:41Z,ja,"['日本語勉強', '日本語', 'EURIECE', '雑談', '日本', 'ユリース', 'Drops有効']",2026-09-13,18-58-25,Sunday
318435610215,72603256,97zoner,32399,Counter-Strike,10262,2026-09-13T08:51:01Z,ru,['Русский'],2026-09-13,18-58-25,Sunday
318436114919,515044370,paradeev1ch,509672,IRL,10112,2026-09-13T09:49:04Z,ru,"['Русский', 'DropsВключены']",2026-09-13,18-58-25,Sunday
317751505123,68078157,joueur_du_grenier,509658,Just Chatting,9716,2026-09-13T10:42:31Z,fr,"['Français', 'joueurdugrenier', 'DropsActivés']",2026-09-13,18-58-25,Sunday
320210318302,175831187,ironmouse,508455,Valheim,9548,2026-09-13T08:38:11Z,en,"['English', 'Anime', 'Singing', 'puertorico', 'Vtuber', 'Latino', 'vtuber', 'DropsEnabled']",2026-09-13,18-58-25,Sunday
321394562778,22916751,bajheera,18122,World of Warcraft,9238,2026-09-12T16:23:02Z,en,"['English', 'Warrior', 'DropsEnabled']",2026-09-13,18-58-25,Sunday
316084432106,162323092,gearbaby1010,516575,VALORANT,8939,2026-09-13T09:23:58Z,zh,"['主打技術', '顏值還行', '中文', '棋靈王', '我愛黑人']",2026-09-13,18-58-25,Sunday
317750910051,622498423,otplol_,21779,League of Legends,8893,2026-09-13T08:54:03Z,fr,['Français'],2026-09-13,18-58-25,Sunday
318436114535,165295605,koreshzy,509672,IRL,8346,2026-09-13T09:49:04Z,ru,"['Русский', 'DropsВключены']",2026-09-13,18-58-25,Sunday
316451644914,702706208,matagisnipers,516575,VALORANT,8294,2026-09-13T09:30:58Z,ja,"['マタギスナイパーズ', 'fps', 'シニア', '秋田', 'プロ', 'eスポーツ', 'Esports', '日本語', 'VALORANT']",2026-09-13,18-58-25,Sunday
317714247394,81446331,traytonlol,21779,League of Legends,8157,2026-09-13T04:21:20Z,fr,"['Français', 'Esports', 'LEC', 'LCK', 'LPL', 'Challenger', 'stuckmaster']",2026-09-13,18-58-25,Sunday
316906552532,30383713,kungentv,18122,World of Warcraft,8072,2026-09-13T07:15:39Z,en,"['English', 'DropsEnabled']",2026-09-13,18-58-25,Sunday
316022032104,37278046,assentw,516575,VALORANT,8017,2026-09-13T09:08:45Z,zh,['中文'],2026-09-13,18-58-25,Sunday
318436897127,162969546,kubafps,498566,Slots,7807,2026-09-13T11:07:38Z,de,"['Deutsch', 'slots', 'casino']",2026-09-13,18-58-25,Sunday
318116074072,415954300,nicewigg,511224,Apex Legends,7604,2026-09-13T08:00:14Z,en,"['100T', 'English', 'fps', 'DropsEnabled']",2026-09-13,18-58-25,Sunday
316441126001,237234078,ennaouii,509658,Just Chatting,7507,2026-09-13T09:54:35Z,zh,"['中文', '启用掉宝']",2026-09-13,18-58-25,Sunday
320308413916,26610234,cohhcarnage,508455,Valheim,7142,2026-09-13T10:51:39Z,en,"['SFW', 'Parent', 'ADHD', 'moderated', 'NoPolitics', 'NoReligion', 'Interactive', 'Overencumbered', 'LootGoblin', 'English']",2026-09-13,18-58-25,Sunday
316863936854,265940345,tpabomah,29595,Dota 2,6874,2026-09-13T08:26:26Z,ru,"['Русский', 'самец', 'Альфасамец', 'Гладковыбритый']",2026-09-13,18-58-25,Sunday
315502969071,29722828,never_loses,509658,Just Chatting,6870,2026-09-13T04:37:33Z,zh,"['中文', '启用掉宝']",2026-09-13,18-58-25,Sunday
316508049779,147462900,capcomfighters_jp,55453844,Street Fighter 6,6729,2026-09-13T07:30:07Z,ja,"['eSports', 'ストリートファイターリーグ', '日本語', 'スト6', 'ストリートファイター6', 'ストリートファイター', 'SF6', 'SFリーグ', 'CPT2026', 'CAPCOMCUP13']",2026-09-13,18-58-25,Sunday
318569102949,26819117,melharucos,509658,Just Chatting,6168,2026-09-13T08:33:30Z,ru,"['Русский', 'DropsВключены']",2026-09-13,18-58-25,Sunday
317441174647,1305342529,theburntpeanut_247,499973,Always On,6064,2026-09-13T03:52:31Z,en,"['English', 'VOD', 'Rerun', 'arcraiders', 'tobacco']",2026-09-13,18-58-25,Sunday
316451524082,752988454,yuyuta0702,516575,VALORANT,5922,2026-09-13T09:00:42Z,ja,['日本語'],2026-09-13,18-58-25,Sunday
316451799922,150989534,guanweiboy,516575,VALORANT,5825,2026-09-13T10:05:38Z,zh,"['中文', '鎖進', '競技哥', '不放水', '謙卑在謙卑', 'JETTMAIN', '高敏人', '燕雲十六聲', 'wherewindsmeet', 'WWMOnMobile']",2026-09-13,18-58-25,Sunday
317738730084,28575692,mistermv,55453844,Street Fighter 6,5674,2026-09-13T07:58:03Z,fr,"['Français', 'humour', 'Vieux', 'Retro', 'indies']",2026-09-13,18-58-25,Sunday
319213571031,1214185767,lplenglish,21779,League of Legends,5640,2026-09-13T08:08:54Z,en,"['LPL', 'Lolesports', 'English']",2026-09-13,18-58-25,Sunday
317733866724,149220653,gom4rt,264440038,Deep Blue Sushi,5511,2026-09-12T17:29:24Z,fr,['Français'],2026-09-13,18-58-25,Sunday
321520710875,181357564,tolkin,21779,League of Legends,5412,2026-09-13T04:44:15Z,de,['Deutsch'],2026-09-13,18-58-25,Sunday
317738466532,28585164,mynthos,264440038,Deep Blue Sushi,5076,2026-09-13T06:31:37Z,fr,"['Français', 'goulu', 'mynthos', 'Simulator', 'Poule']",2026-09-13,18-58-25,Sunday
316863608150,38770961,dracon,509658,Just Chatting,5016,2026-09-13T06:49:47Z,de,"['Deutsch', 'DropsAktiviert']",2026-09-13,18-58-25,Sunday
317750641763,85800130,etoiles,504461,Super Smash Bros. Ultimate,4916,2026-09-13T07:52:04Z,fr,['Français'],2026-09-13,18-58-25,Sunday
316084799722,29506118,sam1268,509658,Just Chatting,4893,2026-09-13T11:05:58Z,zh,"['中文', '顏值', '英雄聯盟', '高手', '启用掉宝']",2026-09-13,18-58-25,Sunday
315523435248,128222917,bbbb87,509658,Just Chatting,4815,2026-09-13T09:24:13Z,zh,"['中文', '启用掉宝']",2026-09-13,18-58-25,Sunday
318568843109,171103531,sieglinde,18122,World of Warcraft,4747,2026-09-13T07:59:08Z,de,"['Deutsch', 'wow', 'classicwow', 'Hardcore', 'sieglinde', 'worldofwarcraft', 'lurkATwork', 'classicplus', 'hc', 'DropsAktiviert']",2026-09-13,18-58-25,Sunday
318630605926,41314239,dafran,515025,Overwatch,4723,2026-09-13T07:54:38Z,en,"['English', 'DropsEnabled']",2026-09-13,18-58-25,Sunday
316905866196,121202124,hadi_ow,515025,Overwatch,4649,2026-09-13T01:22:11Z,en,"['top500', 'german', 'English', 'Reinhardt', 'overwatch', 'Dominator', 'OWCS', 'DropsEnabled']",2026-09-13,18-58-25,Sunday
318436862311,1145234241,casebattle_official,32399,Counter-Strike,4382,2026-09-13T11:03:47Z,ru,"['Повтор', 'Русский']",2026-09-13,18-58-25,Sunday
318435219047,61776958,mailand,27546,World of Tanks,4360,2026-09-13T07:56:23Z,de,"['mailand', 'panzer', 'action', 'realtalk', 'Deutsch', 'DropsAktiviert']",2026-09-13,18-58-25,Sunday
316906307924,27101452,mpkbk,32399,Counter-Strike,4350,2026-09-13T05:48:31Z,ru,"['cs2', 'russian', 'Русский', 'counterstrike2', 'landalan', 'cybersport', 'DropsВключены']",2026-09-13,18-58-25,Sunday
316450880626,205775893,haitani0904,55453844,Street Fighter 6,4318,2026-09-13T06:30:58Z,ja,['日本語'],2026-09-13,18-58-25,Sunday
318632046438,656099497,schradin,509672,IRL,4304,2026-09-13T10:50:59Z,de,"['Deutsch', 'rentner', 'schradin', 'seniorenzocken', 'nase', 'nasenaffe', '1978']",2026-09-13,18-58-25,Sunday
317739492708,25233449,mago2dgod,55453844,Street Fighter 6,4270,2026-09-13T10:28:55Z,ja,['日本語'],2026-09-13,18-58-25,Sunday
319213715415,596031520,fanfan,32982,Grand Theft Auto V,4209,2026-09-13T08:29:49Z,en,"['English', 'feet', 'fertile', 'anxiety', 'DropsEnabled']",2026-09-13,18-58-25,Sunday
316084055530,24765850,blusewilly_retry,743893402,WARDOGS,4024,2026-09-13T07:45:04Z,zh,"['中文', '启用掉宝']",2026-09-13,18-58-25,Sunday
316451407602,427263526,yukiofps14,511224,Apex Legends,3976,2026-09-13T08:33:21Z,ja,"['日本語', 'Drops有効']",2026-09-13,18-58-25,Sunday
318569143397,159498717,jinnytty,509658,Just Chatting,3934,2026-09-13T08:37:42Z,en,"['English', 'IRL', 'Outdoors', 'Exploration', 'Travel', 'Variety', 'Food', 'Cosplay', 'Asian', 'Spain']",2026-09-13,18-58-25,Sunday
315489226350,77813460,piper729,516575,VALORANT,3900,2026-09-13T09:32:50Z,zh,"['烏克麗麗', '中文', 'English', 'girl']",2026-09-13,18-58-25,Sunday
315489411310,170869845,kr1stw,509658,Just Chatting,3899,2026-09-13T11:02:11Z,zh,"['中文', '启用掉宝']",2026-09-13,18-58-25,Sunday
316441313905,952340772,hiiragitsurugi,29975,Danganronpa: Trigger Happy Havoc,3780,2026-09-13T10:46:24Z,ja,"['日本語', '雑談', 'ゲーム']",2026-09-13,18-58-25,Sunday
316863679830,63304572,glorious_e,743893402,WARDOGS,3749,2026-09-13T07:10:18Z,en,"['PVP', 'English', 'Turkish', 'Dansk', 'DropsEnabled']",2026-09-13,18-58-25,Sunday
316864806998,450012016,gaechkatm,509658,Just Chatting,3740,2026-09-13T11:01:46Z,ru,"['Русский', 'English', 'общение', 'галя', 'тикток', 'рейджбайт', 'нижнийинтернет', 'гайкократия', 'DropsВключены']",2026-09-13,18-58-25,Sunday
316083342314,1057785822,michimochievee,508455,Valheim,3703,2026-09-13T04:02:30Z,en,"['English', 'VTuber', 'Cringe', 'Bilingual', 'Anime', 'Indonesian', 'DropsEnabled']",2026-09-13,18-58-25,Sunday
318434757479,174706292,peettko,18122,World of Warcraft,3693,2026-09-13T06:25:29Z,en,"['MMORPG', 'JustChatting', 'Roleplay', 'WorldofWarcraft', 'Competitive', 'fun', 'English', 'DropsEnabled']",2026-09-13,18-58-25,Sunday
316832981333,43899589,c_a_k_e,12924,Warcraft III,3657,2026-09-13T11:01:33Z,ru,['Русский'],2026-09-13,18-58-25,Sunday
318436114791,770721241,danila_gorilla,509672,IRL,3619,2026-09-13T09:49:05Z,ru,"['Русский', 'DropsВключены']",2026-09-13,18-58-25,Sunday
318569464165,94849379,elwycco,743893402,WARDOGS,3602,2026-09-13T09:11:13Z,ru,"['Русский', 'DropsВключены']",2026-09-13,18-58-25,Sunday
320332559968,25458544,sequisha,743893402,WARDOGS,3556,2026-09-12T10:30:54Z,en,"['English', 'Solo', 'comedy', 'DropsEnabled']",2026-09-13,18-58-25,Sunday
316441109361,818506560,gocchanmikey,32982,Grand Theft Auto V,3512,2026-09-13T09:50:11Z,ja,"['日本語', 'ストグラ', 'Drops有効']",2026-09-13,18-58-25,Sunday
318435321063,117168642,chowh1,743893402,WARDOGS,3417,2026-09-13T08:10:07Z,fr,"['Français', 'warzone', 'calldofduty', 'DropsActivés']",2026-09-13,18-58-25,Sunday
316508762099,584184005,akarindao,509663,Special Events,3346,2026-09-13T11:01:32Z,ja,"['女性', 'ハスキーボイス', '日本語', 'Drops有効']",2026-09-13,18-58-25,Sunday
316832054229,1390894728,betboom_dota_ru,29595,Dota 2,3340,2026-09-13T07:33:46Z,ru,"['Киберспорт', 'Русский']",2026-09-13,18-58-25,Sunday
315503022831,40083477,zod0416,21779,League of Legends,3269,2026-09-13T05:05:07Z,zh,"['中文', 'WatchPartyLCK', 'WatchPartyLPL']",2026-09-13,18-58-25,Sunday
319213967063,720742189,mokrivskiy192,509658,Just Chatting,3206,2026-09-13T09:11:28Z,ru,"['Русский', 'DropsВключены']",2026-09-13,18-58-25,Sunday
316450223218,90131691,surugamonkey0113,516575,VALORANT,3175,2026-09-13T04:10:47Z,ja,"['日本語', '競馬']",2026-09-13,18-58-25,Sunday
318630191078,661667860,rosaberry__,18122,World of Warcraft,3113,2026-09-13T06:38:34Z,en,"['English', 'Cozy', 'worldofwarcraft', 'MythicPlus', 'BMHunter', 'protwarrior', 'midnight', 'Season2', 'DropsEnabled', 'drops']",2026-09-13,18-58-25,Sunday
316451153394,214737896,minoru04160,516575,VALORANT,3057,2026-09-13T07:32:21Z,ja,['日本語'],2026-09-13,18-58-25,Sunday
317715539938,132279966,tvander,509658,Just Chatting,3048,2026-09-13T10:13:08Z,es,"['Español', 'DropsActivados']",2026-09-13,18-58-25,Sunday
318568824805,97903976,mouzakrobat,27546,World of Tanks,3039,2026-09-13T07:55:56Z,de,"['Deutsch', 'DropsAktiviert']",2026-09-13,18-58-25,Sunday
318436555495,87791915,ilame,743893402,WARDOGS,3039,2026-09-13T10:33:31Z,ru,"['Русский', 'отвалжопы', 'Геморрой', 'гейминг', 'donttouchgrasschallenge', 'Skuffed', 'penusripper', 'аим400кг', 'янебудуигратьвдоту', 'DropsВключены']",2026-09-13,18-58-25,Sunday
321349390041,1538766241,grindcashout,498566,Slots,3003,2026-09-13T08:13:05Z,en,['English'],2026-09-13,18-58-25,Sunday
318434602343,26341777,psherotv,18122,World of Warcraft,2935,2026-09-13T05:48:19Z,en,"['English', 'chill', 'MMORPG', 'Educational', 'Bulgarian', 'DropsEnabled']",2026-09-13,18-58-25,Sunday
317440696439,88946548,aceu,511224,Apex Legends,2925,2026-09-13T02:47:07Z,en,"['buh', 'English']",2026-09-13,18-58-25,Sunday
315489274222,929140741,yuzumi_neon,516575,VALORANT,2919,2026-09-13T09:55:43Z,zh,"['Vtuber', '日本語', '中文', '子午計畫']",2026-09-13,18-58-25,Sunday
318556090469,25722719,dakillzor,27546,World of Tanks,2901,2026-09-12T07:35:53Z,en,"['English', 'DropsEnabled']",2026-09-13,18-58-25,Sunday
316440827121,819958317,peace_tw,511224,Apex Legends,2784,2026-09-13T08:15:37Z,ja,"['日本語', 'Drops有効']",2026-09-13,18-58-25,Sunday
316508736115,30976847,pondelinp,1669431183,DJs,2745,2026-09-13T10:56:12Z,ja,"['Chıll', 'Turntable', 'Jazzy', 'RnB', 'OpenFormat', 'Japanese', 'English', 'DJ', 'Japan', '日本語']",2026-09-13,18-58-25,Sunday
317739694308,22993450,tokidoki77,509658,Just Chatting,2713,2026-09-13T11:01:13Z,ja,"['日本語', 'Drops有効']",2026-09-13,18-58-25,Sunday
320211032030,75322837,chess24,743,Chess,2701,2026-09-13T11:56:52Z,en,"['English', 'chess', 'Esports', 'Strategy', 'Action', 'sports', 'Multiplayer', 'IRL', 'boardgame', 'GamesAndChatting']",2026-09-13,18-58-25,Sunday
316439531249,276504990,shinjifromjapanxd,743893402,WARDOGS,2636,2026-09-13T01:36:16Z,ja,"['日本語', 'Drops有効']",2026-09-13,18-58-25,Sunday
317750795747,52647450,stodeh,743893402,WARDOGS,2628,2026-09-13T08:29:01Z,en,"['English', 'DropsEnabled']",2026-09-13,18-58-25,Sunday
321521314907,160504245,39daph,327598602,Onimusha: Way of the Sword,2601,2026-09-13T05:34:29Z,en,"['Guam', 'Evil', 'Unhygienic', 'Unholy', 'English', 'Geriatric', 'Deceptive', 'DropsEnabled']",2026-09-13,18-58-25,Sunday
321349628377,120198135,nats,516575,VALORANT,2497,2026-09-13T08:53:23Z,en,"['English', 'Русский', 'VALORANT']",2026-09-13,18-58-25,Sunday
316508699763,582765062,peter,509658,Just Chatting,2475,2026-09-13T10:46:54Z,en,"['Forehead', 'AMA', 'VoiceActing', 'Japan', 'English', 'NoSpoilers', 'Nerdity', 'IRL', 'fortyplusgamers', 'DropsEnabled']",2026-09-13,18-58-25,Sunday
316451728242,792691462,assarisyoko1,902998079,Halloween: The Game,2456,2026-09-13T09:49:56Z,ja,['日本語'],2026-09-13,18-58-25,Sunday
316059123049,29546745,wtf_winds123,509658,Just Chatting,2452,2026-09-13T03:37:24Z,zh,"['中文', '超級幸運', '勤奮主播', '禁止劇透', '帥臉', '抽卡', '啟動掉寶', '運氣超好', '抽卡不歪', '啟用掉宝']",2026-09-13,18-58-25,Sunday
318116016216,36616300,capcomfighters,55453844,Street Fighter 6,2443,2026-09-13T07:45:26Z,en,"['StreetFighter6', 'Esports', 'FGC', 'fightinggames', 'English']",2026-09-13,18-58-25,Sunday
316037104083,71672341,p4wnyhof,515024,Diablo IV,2441,2026-09-13T09:51:57Z,en,"['English', 'FamilyFriendly', 'Education', 'DropsEnabled']",2026-09-13,18-58-25,Sunday
316508772979,65737149,yutapongo,21779,League of Legends,2431,2026-09-13T11:03:21Z,ja,['日本語'],2026-09-13,18-58-25,Sunday
318436359015,99966887,saberlight00,29595,Dota 2,2348,2026-09-13T10:13:53Z,en,"['educational', 'czech', 'italiano', 'English']",2026-09-13,18-58-25,Sunday
316508020467,93305727,takayaspecial,21779,League of Legends,2334,2026-09-13T07:20:29Z,ja,"['日本語', '雑談']",2026-09-13,18-58-25,Sunday
316441553265,37106068,krapycoco,516575,VALORANT,2330,2026-09-13T11:40:35Z,zh,['中文'],2026-09-13,18-58-25,Sunday
321514765147,51115394,midnightsumo,509658,Just Chatting,2263,2026-09-12T23:57:07Z,en,"['English', 'Japan', 'Sumo', 'Wrestling', 'ADHD', 'Pokemon', 'Japanese', 'Food', 'NotACat', 'AIOptedOut']",2026-09-13,18-58-25,Sunday
317750747235,77452537,alderiate,1357871551,The Blood of Dawnwalker,2260,2026-09-13T08:16:41Z,fr,"['Français', 'DropsActivés']",2026-09-13,18-58-25,Sunday
316832410197,91636192,little_cs,32399,Counter-Strike,2259,2026-09-13T09:02:45Z,ru,"['Русский', 'cs', 'Киберспорт', 'cybersport', 'Caster', 'BetBoom', 'dixy', 'BLAST', 'blastpremier']",2026-09-13,18-58-25,Sunday
318570245349,47124404,dunduk,491931,Escape from Tarkov,2227,2026-09-13T10:29:51Z,ru,['Русский'],2026-09-13,18-58-25,Sunday
318433482599,86180772,somnus,515025,Overwatch,2206,2026-09-13T00:54:45Z,en,"['ADHD', 'SafeSpace', 'English', 'LGBTQIAPlus', 'ClosedCaptions', 'Cozy', 'chill', 'Vtuber', 'ENVtuber', 'DropsEnabled']",2026-09-13,18-58-25,Sunday
318630016358,29470837,angrodtralari,515025,Overwatch,2180,2026-09-13T05:58:46Z,es,"['charla', 'Español', 'overwatch', 'rankeds', 'humor', 'DropsActivados']",2026-09-13,18-58-25,Sunday
315503743471,11561802,godjj,516575,VALORANT,2159,2026-09-13T11:11:31Z,zh,"['中文', '訂閱免廣告', '登入就送']",2026-09-13,18-58-25,Sunday
317714714082,32183344,kennystream,743893402,WARDOGS,2144,2026-09-13T07:54:09Z,fr,"['Français', 'DropsActivés']",2026-09-13,18-58-25,Sunday
317442002551,653064067,kay_away,509672,IRL,2137,2026-09-13T05:58:17Z,de,"['Deutsch', 'Weltreise', 'Reisen', 'Abenteuer', 'Travel', 'OutdoorIRL', 'IRL', 'Unterhaltung', 'justchatting', 'Afrika']",2026-09-13,18-58-25,Sunday
316441156849,822299689,hikari_hira,32982,Grand Theft Auto V,2129,2026-09-13T10:02:26Z,ja,"['vtuber', '日本語', 'Drops有効']",2026-09-13,18-58-25,Sunday
316832462165,128856353,mande,511224,Apex Legends,2123,2026-09-13T09:14:21Z,en,"['English', 'DropsEnabled']",2026-09-13,18-58-25,Sunday
318570704229,1540314246,scoutduste,498566,Slots,2115,2026-09-13T11:10:53Z,de,['Deutsch'],2026-09-13,18-58-25,Sunday
316864911190,254947119,nattynattlol,21779,League of Legends,2077,2026-09-13T11:16:33Z,en,['English'],2026-09-13,18-58-25,Sunday
316441151729,94618049,tototmix,1901865180,NTE: Neverness to Everness,2064,2026-09-13T10:00:55Z,ja,"['日本語', 'ネタバレ禁止']",2026-09-13,18-58-25,Sunday
318569395173,130271562,diables,32982,Grand Theft Auto V,2064,2026-09-13T09:04:04Z,pl,"['Polski', 'drops', 'warszawa', 'stópki', 'DropyWłączone', 'NoPixel', 'NoPixelWL']",2026-09-13,18-58-25,Sunday
316905909076,73477451,unclebjorn,27284,Retro,2055,2026-09-13T01:47:57Z,ru,"['Русский', 'длявзрослых', 'DropsВключены']",2026-09-13,18-58-25,Sunday
316450436594,48893421,sumomo_x,511229,Pogostuck: Rage With Your Friends,2044,2026-09-13T04:59:13Z,ja,"['日本語', 'DFM', 'Vtuber']",2026-09-13,18-58-25,Sunday
316863708886,39154501,des0ut,493057,PUBG: BATTLEGROUNDS,2043,2026-09-13T07:20:21Z,ru,"['Русский', 'DropsВключены']",2026-09-13,18-58-25,Sunday
316451055090,1291086815,ssssshaoooo,511224,Apex Legends,2021,2026-09-13T07:08:40Z,zh,"['中文', '掉寶', '启用掉宝']",2026-09-13,18-58-25,Sunday
321348206425,18731326,celerity,961311546,Shroom and Gloom,2015,2026-09-13T06:04:20Z,en,"['Chill', 'Analytical', 'AYAYA', 'Ally', 'English']",2026-09-13,18-58-25,Sunday
318629736038,6094619,jankos,21779,League of Legends,2011,2026-09-13T04:42:02Z,en,"['English', 'LEC', 'LCK', 'Worlds2026', 'reaction', 'LCKwatchparty']",2026-09-13,18-58-25,Sunday
316508542579,689257502,mitsuki_mitsuu,32982,Grand Theft Auto V,1995,2026-09-13T10:04:16Z,ja,"['ストグラ', '日本語', 'Drops有効']",2026-09-13,18-58-25,Sunday
318434421735,182899347,smurf_tv,21779,League of Legends,1990,2026-09-13T04:55:49Z,ru,"['KOREAN', 'RANK1', 'EVERYROLE', 'GIGACHAD', 'CHALLENGER', 'Русский', 'турнир']",2026-09-13,18-58-25,Sunday
317751500771,31813025,brucegrannec,509658,Just Chatting,1975,2026-09-13T10:42:04Z,fr,"['Français', 'DropsActivés']",2026-09-13,18-58-25,Sunday
316440920305,11692694,uzra,509658,Just Chatting,1965,2026-09-13T08:47:08Z,zh,"['中文', '启用掉宝']",2026-09-13,18-58-25,Sunday
317714396514,49190119,bobbyvulgrif,509658,Just Chatting,1953,2026-09-13T05:53:05Z,fr,['Français'],2026-09-13,18-58-25,Sunday
316084059498,32686914,firemanruby2,55453844,Street Fighter 6,1949,2026-09-13T07:46:03Z,zh,"['中文', 'FTG', 'restream', 'CoStreamers']",2026-09-13,18-58-25,Sunday
316440239601,659829475,hikakin,27471,Minecraft,1927,2026-09-13T05:26:40Z,ja,"['ヒカキン', 'HIKAKIN', '切り抜き', '雑談', '日本語', 'マイクラ', 'マインクラフト', 'ハードコア', '防具禁止', 'Minecraft']",2026-09-13,18-58-25,Sunday
316441084657,183905602,tonbocub,516575,VALORANT,1902,2026-09-13T09:41:22Z,ja,"['日本語', 'ムラッシュ', 'MRGWIN']",2026-09-13,18-58-25,Sunday
316244137709,540610754,delb1x,32399,Counter-Strike,1886,2026-09-13T11:17:43Z,ru,['Русский'],2026-09-13,18-58-25,Sunday
318436113895,760728622,vladragovsky,509672,IRL,1850,2026-09-13T09:49:00Z,ru,"['Русский', 'DropsВключены']",2026-09-13,18-58-25,Sunday
315989827409,58486016,evangelion0,18122,World of Warcraft,1841,2026-09-13T07:52:38Z,es,"['Español', 'DropsActivados']",2026-09-13,18-58-25,Sunday
320206664670,890028845,winton_ow2,515025,Overwatch,1841,2026-09-13T02:08:27Z,en,"['English', 'Drops', 'Tank', 'Chill', 'Vibe', 'Vtuber', 'Cozy', 'winton', 'pngtuber', 'DropsEnabled']",2026-09-13,18-58-25,Sunday
318570776421,1540316031,nevilway,498566,Slots,1780,2026-09-13T11:18:03Z,de,['Deutsch'],2026-09-13,18-58-25,Sunday
321346952025,142713303,hazan,32982,Grand Theft Auto V,1759,2026-09-13T04:28:47Z,en,"['English', 'NoPixel', 'RP', 'GTARP', 'DropsEnabled']",2026-09-13,18-58-25,Sunday
316832707797,91465245,fruktozka,509658,Just Chatting,1759,2026-09-13T10:07:44Z,ru,"['Позитивныйстрим', 'DropsВключены', 'нешарювмузыке', 'Русский']",2026-09-13,18-58-25,Sunday
316864013142,1318974958,lentbb,32399,Counter-Strike,1754,2026-09-13T08:44:44Z,ru,"['Русский', 'FISSUREPlayground', 'FISSURE', 'FPG', 'MIBR', 'BETBOOM', 'Legacy', 'G2', 'FALCONS', 'Spirit']",2026-09-13,18-58-25,Sunday
316084374378,186322512,hoangluanblv,21779,League of Legends,1744,2026-09-13T09:05:13Z,vi,['TiếngViệt'],2026-09-13,18-58-25,Sunday
316832663253,76036152,murzofix,32399,Counter-Strike,1736,2026-09-13T09:58:58Z,ru,['Русский'],2026-09-13,18-58-25,Sunday
317751083235,58753574,zeling,1623972535,Anime Shop Simulator ✨,1734,2026-09-13T09:27:28Z,es,['Español'],2026-09-13,18-58-25,Sunday
316832881621,1242180809,formixyouknow,32399,Counter-Strike,1714,2026-09-13T10:43:11Z,ru,['Русский'],2026-09-13,18-58-25,Sunday
316832387669,1537455713,analrabdullaev_718064,29595,Dota 2,1708,2026-09-13T08:59:10Z,ru,['Русский'],2026-09-13,18-58-25,Sunday
316832460245,115769467,pekkocs,32399,Counter-Strike,1706,2026-09-13T09:13:59Z,fi,"['Faceit', 'pro', 'suomi', 'FPL', 'english', 'CS2', 'Suomi', 'pekkocs', 'tiktok', 'lasivettä']",2026-09-13,18-58-25,Sunday
317738612452,30211877,phobyac,18122,World of Warcraft,1705,2026-09-13T07:25:53Z,es,"['PvE', 'MMORPG', 'Variety', 'Podcast', 'Ayuda', 'Competitivo', 'Esports', 'Español', 'chatting', 'podcast']",2026-09-13,18-58-25,Sunday
316058931561,617224090,zorgo_hs,138585,Hearthstone,1704,2026-09-13T02:14:37Z,en,"['Battlegrounds', 'Autobattler', 'English']",2026-09-13,18-58-25,Sunday
316451751794,1540297838,sandytradex,499634,Crypto,1699,2026-09-13T09:55:32Z,en,"['English', 'crypto', 'trading', 'forex']",2026-09-13,18-58-25,Sunday
316900604116,88107116,muhanjan,509658,Just Chatting,1698,2026-09-12T10:31:06Z,ru,"['Русский', 'IRL', 'DropsВключены']",2026-09-13,18-58-25,Sunday
317739363428,48286022,tru3ta1ent,902998079,Halloween: The Game,1688,2026-09-13T10:06:31Z,en,"['English', 'DropsEnabled']",2026-09-13,18-58-25,Sunday
315489330798,126595970,restiafps,516575,VALORANT,1683,2026-09-13T10:23:35Z,zh,['中文'],2026-09-13,18-58-25,Sunday
316864655190,710201520,rockzyaa,32399,Counter-Strike,1668,2026-09-13T10:38:33Z,ru,"['Русский', 'pro', 'counterstrike', 'CS2', 'кс2']",2026-09-13,18-58-25,Sunday
320324872032,44741426,streamerhouse,458781,No Man's Sky,1665,2026-09-11T21:53:21Z,en,"['Marathon', 'AlwaysOn', 'Subathon', 'StreamerHouse', 'English', '24hr', '247Stream', 'gaming', 'LGBTQ', 'DropsEnabled']",2026-09-13,18-58-25,Sunday
315523647216,153497051,yoon_froggy,509658,Just Chatting,1662,2026-09-13T11:09:03Z,en,"['English', 'korean', 'yapping', 'dance', 'girl', '윤개굴이', 'frog', 'horror', 'DropsEnabled']",2026-09-13,18-58-25,Sunday
317751676003,87184624,zacknani,509658,Just Chatting,1659,2026-09-13T11:06:55Z,fr,"['football', 'Français', 'zackenrouelibre', 'DropsActivés']",2026-09-13,18-58-25,Sunday
316832325461,67788628,mager1337,32399,Counter-Strike,1651,2026-09-13T08:44:22Z,ru,['Русский'],2026-09-13,18-58-25,Sunday
318629889382,60160906,gtimetv,508455,Valheim,1646,2026-09-13T05:25:20Z,de,"['Deutsch', 'survivalgames', 'Grinder', 'PvE', 'Chilled']",2026-09-13,18-58-25,Sunday
318630476134,57361005,slayproxx,508455,Valheim,1636,2026-09-13T07:33:10Z,pl,"['Polski', 'DropyWłączone']",2026-09-13,18-58-25,Sunday
317750259171,86195014,starky,21779,League of Legends,1624,2026-09-13T05:01:07Z,ru,"['Киберспорт', 'Русский', 'LeagueOfLegends', 'LCK', 'LEC', 'LPL', 'English']",2026-09-13,18-58-25,Sunday
318436114663,510794436,whoplohoyparen,509672,IRL,1612,2026-09-13T09:49:05Z,ru,"['Русский', 'DropsВключены']",2026-09-13,18-58-25,Sunday
316450919026,24150891,kokujintv,516575,VALORANT,1607,2026-09-13T06:38:53Z,ja,['日本語'],2026-09-13,18-58-25,Sunday
316829292245,1054415488,hojuxohip,498566,Slots,1601,2026-09-12T18:08:20Z,pt,['Português'],2026-09-13,18-58-25,Sunday
319211328087,444492153,evirsince,27471,Minecraft,1597,2026-09-13T04:34:45Z,en,"['English', 'girl', 'chill', 'kawaii', 'facecam', 'DropsEnabled']",2026-09-13,18-58-25,Sunday
316832036949,259710795,pelaajatcom,32399,Counter-Strike,1594,2026-09-13T07:28:44Z,fi,"['Suomi', 'Wombat', 'xff', 'selostajat', 'kännissä', '35', 'ihQ']",2026-09-13,18-58-25,Sunday
315488551406,144947284,tritonpoker,488190,Poker,1593,2026-09-13T03:45:04Z,en,"['English', 'poker', 'pokerlivestream', 'pokertournament', 'tritonpoker', 'DropsEnabled']",2026-09-13,18-58-25,Sunday
318568666725,463176517,primeleague,21779,League of Legends,1593,2026-09-13T07:30:04Z,de,"['Esports', 'Deutsch', 'Wiederholen']",2026-09-13,18-58-25,Sunday
318630008294,403769834,thewaldmann,500188,Hunt: Showdown 1896,1583,2026-09-13T05:56:27Z,de,"['Deutsch', 'Englisch', 'HuntShowdown', '1440p60fps']",2026-09-13,18-58-25,Sunday
316860566230,1054415735,resito98,29452,Virtual Casino,1567,2026-09-12T18:08:30Z,pt,['Português'],2026-09-13,18-58-25,Sunday
317442351991,492227911,minuself,509672,IRL,1565,2026-09-13T07:06:28Z,de,"['Deutsch', 'German', 'blonde', 'skgaming', 'English']",2026-09-13,18-58-25,Sunday
316832837845,1018986222,mlbb_cis,494184,Mobile Legends: Bang Bang,1564,2026-09-13T10:34:41Z,ru,"['mlbb', 'mcc', 'MLBBEsports', 'mobilelegendsbangbang', 'MOBA', 'mobile', 'esports', 'русская', 'EWC2026', 'msc']",2026-09-13,18-58-25,Sunday
318436226919,99351845,jennyan,1081998272,PEAK,1564,2026-09-13T10:00:17Z,de,"['Travel', 'Japan', 'Tokyo', 'IRL', 'Cozy', 'GTARP', 'RP', 'german', 'Deutsch']",2026-09-13,18-58-25,Sunday
316508682227,727849721,hina_chomaru,509658,Just Chatting,1563,2026-09-13T10:41:52Z,ja,"['Englísh', '女性配信者', 'ASMR', '한국어', '日本語', 'Cosplay', '中文', 'cosplayer', 'コスプレ', 'Drops有効']",2026-09-13,18-58-25,Sunday
316833147861,64023526,del1ght,32399,Counter-Strike,1548,2026-09-13T11:31:58Z,ru,['Русский'],2026-09-13,18-58-25,Sunday
317714713954,975207893,jardistream,509672,IRL,1542,2026-09-13T07:54:08Z,fr,"['Français', 'Jardinage', 'Jardin', 'Potager', 'FAQs', 'IRL']",2026-09-13,18-58-25,Sunday
318436698727,44281267,lost,743893402,WARDOGS,1531,2026-09-13T10:47:43Z,de,"['multiplayer', 'battleroyale', 'lustig', 'reacts', 'Deutsch', 'reaction', 'extraction', 'SurvivaI', 'Lehrreich', 'DropsAktiviert']",2026-09-13,18-58-25,Sunday
315503522671,127506955,pubg_battlegrounds,493057,PUBG: BATTLEGROUNDS,1521,2026-09-13T09:20:24Z,en,"['English', 'PUBG', 'BATTLEGROUNDS', 'Esports']",2026-09-13,18-58-25,Sunday
316010950994,36483360,zizaran,1702520304,Path of Exile 2,1517,2026-09-13T09:46:02Z,en,"['English', 'DropsEnabled']",2026-09-13,18-58-25,Sunday
321522921563,583098940,soraposhich,32982,Grand Theft Auto V,1510,2026-09-13T09:59:07Z,ja,"['ネタバレ注意', '日本語', 'Drops有効']",2026-09-13,18-58-25,Sunday
316860566358,1054415699,zawyqiqad,498566,Slots,1506,2026-09-12T18:08:30Z,en,['English'],2026-09-13,18-58-25,Sunday
315503337583,1017225456,samoago,509658,Just Chatting,1494,2026-09-13T07:43:00Z,zh,"['中文', '启用掉宝']",2026-09-13,18-58-25,Sunday
318569242085,451024164,granadyy,687129551,Trackmania,1490,2026-09-13T08:48:45Z,en,"['speedrun', 'TrackMania', 'vroomvroom', 'wheel', 'NoBackseating', 'English']",2026-09-13,18-58-25,Sunday
316508187763,506039737,4rufq,511224,Apex Legends,1482,2026-09-13T08:13:58Z,ja,"['日本語', 'Drops有効']",2026-09-13,18-58-25,Sunday
316832561365,776265611,eleezabet,509658,Just Chatting,1480,2026-09-13T09:36:48Z,ru,"['Русский', 'girls', 'English', 'DropsВключены']",2026-09-13,18-58-25,Sunday
318435519719,139208197,sologesang,513143,Teamfight Tactics,1478,2026-09-13T08:40:11Z,de,"['Deutsch', 'English', 'Vietnamese', 'FUTUREWORLDSWINNER', 'FUTUREDÖNERGIVEAWAYER']",2026-09-13,18-58-25,Sunday
316906892884,176262150,dayneez,32399,Counter-Strike,1477,2026-09-13T08:46:33Z,ru,"['Русский', 'cs', 'CS2', 'faceit', 'FISSURE', 'FISSUREPLAYGROUND', 'g2', 'G2Esports', 'legacy']",2026-09-13,18-58-25,Sunday
317714265314,184578486,mfreak00,21779,League of Legends,1473,2026-09-13T04:30:49Z,es,"['Mfreak', 'MindFreak', 'Español', 'LOL', 'LCK', 'T1', 'Faker', 'Worlds']",2026-09-13,18-58-25,Sunday
318568381541,102293670,lmgd1,18122,World of Warcraft,1471,2026-09-13T06:40:27Z,en,"['English', 'MMORPG', 'drops', 'DropsEnabled']",2026-09-13,18-58-25,Sunday
319214443991,151368796,piratesoftware,743893402,WARDOGS,1459,2026-09-13T11:05:31Z,en,"['English', 'Programming', 'GameDev', 'NotMyBirthday', 'DropsEnabled']",2026-09-13,18-58-25,Sunday
316907479764,409418317,gpkdota21,29595,Dota 2,1456,2026-09-13T10:39:59Z,ru,"['Русский', 'дота']",2026-09-13,18-58-25,Sunday
315989839953,22680841,joshimuz,957103328,Grand Theft Auto: Vice City - The Definitive Edition,1453,2026-09-13T07:58:38Z,en,"['Speedrun', 'sPeEdRuN', 'SpEeDrUn', 'English', 'SPEEDRUN', 'speedrunning', 'Speedrunner', 'Speedruns', 'speedruning', 'speedrunners']",2026-09-13,18-58-25,Sunday
318630756454,518105587,huebi,110758,The Legend of Zelda: Breath of the Wild,1452,2026-09-13T08:15:32Z,de,"['gaming', 'memes', 'german', 'Deutsch', 'HuebiFamily', 'beziehungsprobleme', 'Darmflora', 'Zusammenhalt']",2026-09-13,18-58-25,Sunday
316060042473,648755286,darlingmori,509659,ASMR,1450,2026-09-13T08:34:36Z,en,"['English', 'Vtuber', 'Australia', 'Woman', 'Autistic', 'girl', 'ENVtuber', 'ASMR', 'Goth', 'Softspoken']",2026-09-13,18-58-25,Sunday
321408370650,241636,dunkorslam,505705,Noita,1446,2026-09-13T07:03:17Z,en,"['English', 'BackseatGamingAllowed']",2026-09-13,18-58-25,Sunday
316899694164,118031210,meetenshow,509672,IRL,1441,2026-09-12T07:01:00Z,ru,"['Русский', 'митин', 'легенда', 'bmw', 'meeten', 'f30', 'марафон', '24часа', 'артурмитин']",2026-09-13,18-58-25,Sunday
318569780581,46571894,alohadancetv,29595,Dota 2,1434,2026-09-13T09:45:46Z,ru,['Русский'],2026-09-13,18-58-25,Sunday
316448572914,25202416,shuteye_orange,509658,Just Chatting,1430,2026-09-12T17:13:25Z,zh,"['中文', '恐怖遊戲', 'Horror', '恐怖', '燕雲十六聲', 'wherewindsmeet']",2026-09-13,18-58-25,Sunday
316451333618,176673200,miaknightley,511224,Apex Legends,1423,2026-09-13T08:15:38Z,ja,"['日本語', 'Drops有効']",2026-09-13,18-58-25,Sunday
316010848338,124604785,kragiee,1264310518,Marvel Rivals,1420,2026-09-13T08:54:15Z,en,"['English', 'DropsEnabled']",2026-09-13,18-58-25,Sunday
316862270550,1054415727,sapypo15,29452,Virtual Casino,1412,2026-09-12T21:10:59Z,pt,['Português'],2026-09-13,18-58-25,Sunday
316833014229,232372312,pathofexilebota,1702520304,Path of Exile 2,1403,2026-09-13T11:07:31Z,ru,['Русский'],2026-09-13,18-58-25,Sunday
317739394020,141078391,jaimemellado_,509672,IRL,1402,2026-09-13T10:11:38Z,es,['Español'],2026-09-13,18-58-25,Sunday
316907499348,110775952,skill4ltu,27546,World of Tanks,1397,2026-09-13T10:43:11Z,en,"['English', 'Lithuanian', 'drops', 'DropsEnabled']",2026-09-13,18-58-25,Sunday
318553175653,106159308,gronkhtv,30028,The Elder Scrolls V: Skyrim,1396,2026-09-11T21:12:34Z,de,['Deutsch'],2026-09-13,18-58-25,Sunday
317440853367,262236323,dunc,458781,No Man's Sky,1378,2026-09-13T03:08:47Z,en,"['English', 'chatty', 'friendly', 'funny', 'justchatting', 'drops', 'dropsenabled', 'NMS', 'Nomanssky', 'nomansky']",2026-09-13,18-58-25,Sunday
321347934809,204659019,lockintj,602040818,NBA 2K27,1367,2026-09-13T05:41:00Z,en,"['2k', 'comp', 'English', '2k26', '2K27', 'DropsEnabled']",2026-09-13,18-58-25,Sunday
318570649573,22712717,tortedelini,1649049051,Crazy Taxi: World Tour,1363,2026-09-13T11:05:41Z,en,"['English', 'BackseatingAllowed', 'gorgc', 'tortedelini', 'onimusha', 'DropsEnabled']",2026-09-13,18-58-25,Sunday
317738770532,31124525,oraxe,511224,Apex Legends,1361,2026-09-13T08:08:00Z,fr,"['Français', 'DropsActivés']",2026-09-13,18-58-25,Sunday
318630900838,31545223,agurin,21779,League of Legends,1358,2026-09-13T08:37:02Z,de,"['Deutsch', 'English']",2026-09-13,18-58-25,Sunday
318570516453,29817507,sjokz,509658,Just Chatting,1343,2026-09-13T10:54:38Z,en,"['german', 'Deutsch', 'English', 'DropsEnabled']",2026-09-13,18-58-25,Sunday
317748210787,1054523076,eneaxy,18122,World of Warcraft,1333,2026-09-12T20:48:50Z,fr,"['Français', 'girl', 'chill', 'discussion', 'DropsActivés']",2026-09-13,18-58-25,Sunday
316451769842,443476599,patisyu,32982,Grand Theft Auto V,1329,2026-09-13T09:59:47Z,ja,"['かっこいい', '日本語', '雑談', 'ストグラ', 'ストグラ警察', 'gta', 'Drops有効']",2026-09-13,18-58-25,Sunday
316832376661,90723068,gangamurun,32399,Counter-Strike,1321,2026-09-13T08:56:52Z,pl,"['Polski', 'Mongolia', 'HOTBODY', 'IRL', 'cs', 'Thunderpick']",2026-09-13,18-58-25,Sunday
316508191731,747840816,satuking_,511224,Apex Legends,1318,2026-09-13T08:14:50Z,ja,"['日本語', 'apex', 'エイペックス', 'Drops有効']",2026-09-13,18-58-25,Sunday
316441164529,400123822,titiseadmin,32982,Grand Theft Auto V,1313,2026-09-13T10:04:17Z,ja,"['日本語', '雑談', 'ストグラ', 'Drops有効']",2026-09-13,18-58-25,Sunday
318435982695,1540293665,samdarien,498566,Slots,1311,2026-09-13T09:33:50Z,de,"['Deutsch', 'English']",2026-09-13,18-58-25,Sunday
317751544675,469724446,pressea,1357871551,The Blood of Dawnwalker,1296,2026-09-13T10:49:16Z,fr,"['Français', 'DropsActivés']",2026-09-13,18-58-25,Sunday
318436078823,1421384235,diehluxe,509658,Just Chatting,1295,2026-09-13T09:45:17Z,de,"['Deutsch', 'justcchatting', 'Storygames', 'chattingwithviewers', 'soulslike', 'thebloodofdawnwalker', 'DropsAktiviert']",2026-09-13,18-58-25,Sunday
318559267301,636587384,alveussanctuary,272263131,"Animals, Aquariums, and Zoos",1295,2026-09-12T13:31:31Z,en,"['English', 'TogetherForGood', 'purplemartins', 'Charity', 'DropsEnabled']",2026-09-13,18-58-25,Sunday
316059275625,224696866,siaohu_0124,509658,Just Chatting,1293,2026-09-13T04:35:28Z,zh,"['中文', '启用掉宝']",2026-09-13,18-58-25,Sunday
316059548649,401670504,oatley,33214,Fortnite,1291,2026-09-13T06:00:48Z,en,"['FamilyFriendly', 'Fortnite', 'BattleRoyale', 'Multiplayer', 'Action', 'Competitive', 'Professional', 'Positivity', 'PC', 'English']",2026-09-13,18-58-25,Sunday
317738765668,125809135,zoltan,18122,World of Warcraft,1290,2026-09-13T08:06:55Z,fr,"['Français', 'WorldofWarcraft', 'Blizzard', 'BlizzCon', 'ActualitésGaming', 'RéactionLive', 'MMORPG', 'WoWMidnight', 'Discussion', 'Analyse']",2026-09-13,18-58-25,Sunday
320348354912,452016586,sadicaz,417528,Albion Online,1285,2026-09-13T09:59:46Z,es,"['Español', 'argentina', 'España', 'AlbionOnline', 'drops', 'Português', 'English', 'giveaway', 'PVE', 'DropsActivados']",2026-09-13,18-58-25,Sunday
317751519971,104391402,psp1g,313197,Assetto Corsa,1268,2026-09-13T10:44:45Z,en,"['English', 'forsen', 'xqcL', 'ADHD', 'vtuber', 'femboy', 'pngtuber', 'fps', 'gaming', 'DropsEnabled']",2026-09-13,18-58-25,Sunday
318632492390,190708734,altair,743893402,WARDOGS,1266,2026-09-13T11:35:09Z,fr,"['Français', 'gaming', 'humour', 'DiffMax', 'BienMonté', 'DropsActivés']",2026-09-13,18-58-25,Sunday
316506883955,153034674,alphaazur,743893402,WARDOGS,1261,2026-09-13T01:32:27Z,ja,"['日本語', 'Drops有効']",2026-09-13,18-58-25,Sunday
318435129703,123930975,thunderpicktv,32399,Counter-Strike,1250,2026-09-13T07:40:52Z,en,"['English', 'CS2', 'ThunerpickWC', 'Competitive', 'Esports', 'ThunderpickWC', 'ThunderpickWorld2025']",2026-09-13,18-58-25,Sunday
318434380775,1087920629,eisteelepeach_1,509672,IRL,1240,2026-09-13T04:42:40Z,de,"['Deutsch', 'flohmarkt', 'Müll', 'König', 'Gaunern']",2026-09-13,18-58-25,Sunday
316907793364,115824215,overdrivezzz,32399,Counter-Strike,1239,2026-09-13T11:32:29Z,ru,['Русский'],2026-09-13,18-58-25,Sunday
316058765289,693883340,clioaite,495202,Fire Emblem: Three Houses,1237,2026-09-13T01:02:31Z,en,"['Vtuber', 'History', 'Chatty', 'Hag', 'LHWHPGFGSGASMRIE', 'Australia', 'English', 'PhaseConnect']",2026-09-13,18-58-25,Sunday
316907608660,856748910,lildjeyy1,1282866981,Delta Force,1237,2026-09-13T11:01:17Z,ru,"['Русский', 'DeltaForce', 'DeltaForceGame', 'chill', 'DropsВключены']",2026-09-13,18-58-25,Sunday
317715945954,36615906,gunrell,18122,World of Warcraft,1235,2026-09-13T11:07:30Z,fr,"['Français', 'warcraft', 'MMORPG', 'WorldfofWarcraft', 'wow', 'Strategie', 'DropsActivés']",2026-09-13,18-58-25,Sunday
318630933990,26290555,spammiej,687129551,Trackmania,1234,2026-09-13T08:42:26Z,en,['English'],2026-09-13,18-58-25,Sunday
316864964438,1364101446,nezz833,29595,Dota 2,1232,2026-09-13T11:25:19Z,ru,"['minecraftsream', 'ｍinecraft', 'маинкрафт', 'Русский', 'дота', 'стрим']",2026-09-13,18-58-25,Sunday
316864023766,410558833,renyan,32399,Counter-Strike,1230,2026-09-13T08:46:44Z,en,"['English', 'forsen']",2026-09-13,18-58-25,Sunday
316021770984,1251392152,battlegroundhq,511224,Apex Legends,1224,2026-09-13T07:45:45Z,en,"['English', 'APACSouth', 'ALGS', 'Scrims', 'tournaments', 'Competitive', 'DropsEnabled']",2026-09-13,18-58-25,Sunday
317440880503,89041633,maxylobes,902998079,Halloween: The Game,1220,2026-09-13T03:13:23Z,en,"['Speedrun', 'Marathon', 'Horror', 'Spageggu', 'GodGamer', 'GIGACHAD', 'speedrunning', 'Musician', 'English', 'GAMER']",2026-09-13,18-58-25,Sunday
316440730609,695173418,eternalreturn_jp,512864,Eternal Return,1214,2026-09-13T07:48:06Z,ja,"['日本語', 'Drops有効']",2026-09-13,18-58-25,Sunday
316082875242,25236843,a541021,509658,Just Chatting,1209,2026-09-13T00:53:24Z,zh,['中文'],2026-09-13,18-58-25,Sunday
318435263975,49082280,v1nkub,743893402,WARDOGS,1209,2026-09-13T08:01:54Z,de,"['Deutsch', 'Warzone', 'COD', 'VinKub', 'Rebirth', 'zodiac', 'DropsAktiviert']",2026-09-13,18-58-25,Sunday
319211872727,52668922,sayu,495202,Fire Emblem: Three Houses,1207,2026-09-13T05:15:46Z,en,"['Vtuber', 'Tomboy', 'DarkHumor', 'PleaseReadRules', 'oldersistervibes', 'HagTuber', 'USA', 'English', 'Japanese', 'subathon']",2026-09-13,18-58-25,Sunday
321348780377,32133240,jenazad,509658,Just Chatting,1207,2026-09-13T07:00:54Z,en,"['English', 'Anime', 'Mindbreak', 'DropsEnabled']",2026-09-13,18-58-25,Sunday
318569548005,779188881,avostix,29595,Dota 2,1205,2026-09-13T09:19:47Z,ru,['Русский'],2026-09-13,18-58-25,Sunday
316441142001,194704878,wen620,516575,VALORANT,1203,2026-09-13T09:58:44Z,zh,"['N暴雷', 'N劇透', 'N控制', '中文', '不要再問了', '疑似協咖']",2026-09-13,18-58-25,Sunday
317440014199,138088505,jack,32982,Grand Theft Auto V,1200,2026-09-13T01:20:11Z,en,"['English', 'DropsEnabled']",2026-09-13,18-58-25,Sunday
317715445474,100461015,vinzhs,1751366933,Riftbound,1199,2026-09-13T10:00:04Z,fr,"['francais', 'Français', 'French', 'English', 'eSports', 'TCG', 'Competitive', 'Yugioh', 'Masterduel']",2026-09-13,18-58-25,Sunday
320204413406,582336589,cesgod,461221,MARVEL Contest of Champions,1195,2026-09-12T23:58:16Z,es,"['cesgod', 'cesgame', 'peru', 'mcoc', 'marvelcontestofchampions', 'mexico', 'Español', 'English', 'EnabledDrops', 'DropsActivados']",2026-09-13,18-58-25,Sunday
316451262194,793808122,bakumatsu_shishi,516575,VALORANT,1191,2026-09-13T07:59:40Z,ja,['日本語'],2026-09-13,18-58-25,Sunday
319212475479,601213281,studytme,509672,IRL,1190,2026-09-13T06:07:31Z,en,"['English', 'Italiano', 'Français', 'Español', 'Chinese中文', 'LGBTQIAPlus', '2k', 'China', 'DropsEnabled']",2026-09-13,18-58-25,Sunday
318629733222,144294896,acid_fired,743893402,WARDOGS,1188,2026-09-13T04:41:08Z,de,"['Techno', 'unfug', 'SAUERCROWD', 'Deutsch', 'English', 'braucheViewer', 'binNichSoGut', 'DropsAktiviert']",2026-09-13,18-58-25,Sunday
318435448679,52351531,zonixxcs,32399,Counter-Strike,1187,2026-09-13T08:29:06Z,de,"['Deutsch', 'English', 'CS2', 'pro', 'faceit', 'major', 'majorcs2', 'german', 'Competitive', 'BLAST']",2026-09-13,18-58-25,Sunday
318435795815,25270623,florryworry,1414406743,Europa Universalis V,1178,2026-09-13T09:12:12Z,en,"['English', 'Strategy']",2026-09-13,18-58-25,Sunday
319029128564,860305880,patoalbion,417528,Albion Online,1176,2026-09-13T10:03:11Z,pt,"['Português', 'MMORPG', 'conversa', 'drops', 'English', 'Español', 'DropsAtivados']",2026-09-13,18-58-25,Sunday
316451769714,102173799,ajikichi,32982,Grand Theft Auto V,1175,2026-09-13T09:59:46Z,ja,"['日本語', '雑談', 'PUBG', 'ストグラ', '味野環九郎', 'Drops有効']",2026-09-13,18-58-25,Sunday
318570873061,146185106,zerggyyyy,2132205352,Deadlock,1173,2026-09-13T11:26:56Z,en,"['Trackball', 'English', 'UK', 'deadlock', 'Eternus', 'haze', 'seven', 'wraith', 'Infernus', 'Ivy']",2026-09-13,18-58-25,Sunday
320307247068,14408894,cdnthe3rd,743893402,WARDOGS,1171,2026-09-13T05:46:24Z,en,"['WARDOGS', 'Community', 'HighSkill', 'PvP', 'BidetEnthusiast', 'ElectricToothbrushUser', 'DFWPYUO', 'English', 'DropsEnabled']",2026-09-13,18-58-25,Sunday
317438502903,1540128852,maryamlauren,498566,Slots,1171,2026-09-12T21:59:31Z,en,['English'],2026-09-13,18-58-25,Sunday
317714949602,432857248,krolay,263490,Rust,1160,2026-09-13T08:46:49Z,fr,"['solo', 'rouille', 'FR', 'Français', 'fps', 'pro', 'creator', 'body', 'Rust', 'Rust']",2026-09-13,18-58-25,Sunday
316084317162,157780826,silk,743893402,WARDOGS,1160,2026-09-13T08:50:22Z,en,"['English', 'battlefield', 'DropsEnabled']",2026-09-13,18-58-25,Sunday
321407508826,85669192,tangerin,509659,ASMR,1159,2026-09-13T05:20:23Z,ru,"['Русский', 'АСМР', 'ликинг', 'звукирта', 'НеразборчивыйШепот', 'визуальныйASMR', 'Мурашки', 'МассажУшек']",2026-09-13,18-58-25,Sunday
320340655072,1312862940,asmongold247,515024,Diablo IV,1158,2026-09-12T22:39:09Z,en,['English'],2026-09-13,18-58-25,Sunday
316022014696,415447735,bebahan,512980,Fall Guys,1158,2026-09-13T09:03:19Z,en,"['Chatting', 'Woman', 'English', 'Chatty', 'Interactive', 'British', 'Girl', 'Fun', '18plus', 'maturecontent']",2026-09-13,18-58-25,Sunday
318570523621,1540299592,r2onlinerise,502829,R2 Online: Reign of Revolution,1154,2026-09-13T10:55:19Z,ru,['Русский'],2026-09-13,18-58-25,Sunday
316508526451,48677263,lazvell,1901865180,NTE: Neverness to Everness,1152,2026-09-13T10:00:31Z,ja,"['日本語', 'チル']",2026-09-13,18-58-25,Sunday
320307381980,174754672,prod,32982,Grand Theft Auto V,1147,2026-09-13T06:08:40Z,en,"['PROD', 'English', 'DropsEnabled']",2026-09-13,18-58-25,Sunday
318568833253,8822303,overpow,508455,Valheim,1144,2026-09-13T07:57:24Z,pl,['Polski'],2026-09-13,18-58-25,Sunday
317750667875,60408047,voltariux,513143,Teamfight Tactics,1144,2026-09-13T07:57:37Z,fr,['Français'],2026-09-13,18-58-25,Sunday
316060119401,613710521,joelusfitness,509658,Just Chatting,1143,2026-09-13T08:58:16Z,es,"['Español', 'DropsActivados']",2026-09-13,18-58-25,Sunday
316441554289,1348099506,hiyori_teraz,1544653089,Mimic Party,1134,2026-09-13T11:40:54Z,zh,['中文'],2026-09-13,18-58-25,Sunday
316022514536,150323309,mee_shell,458781,No Man's Sky,1131,2026-09-13T11:41:42Z,en,"['NewZealand', 'Chatty', 'NZ', 'English', 'Kiwi', 'OCE', 'DropsEnabled']",2026-09-13,18-58-25,Sunday
318568468069,79154984,biceptimusprime,386821,Black Desert,1116,2026-09-13T06:57:00Z,en,"['English', 'Drops', 'DropsEnabled']",2026-09-13,18-58-25,Sunday
317715369186,452746699,dyarikku,509660,Art,1116,2026-09-13T09:50:38Z,en,"['NoBackseating', 'DigitalArt', 'Vtuber', 'Hat', 'English', 'Anime', 'Music', 'Tsundere', 'Borpa', 'DropsEnabled']",2026-09-13,18-58-25,Sunday
316906054356,56715467,neonomi,1414860634,The Binding of Isaac: Repentance,1113,2026-09-13T03:25:29Z,ru,"['Русский', 'English']",2026-09-13,18-58-25,Sunday
318568185189,97830437,toothy,743893402,WARDOGS,1112,2026-09-13T05:56:50Z,ru,"['Русский', 'Дурка', 'позитив', 'Негатив', 'DropsВключены']",2026-09-13,18-58-25,Sunday
316508559603,147479110,ow_pepper,32982,Grand Theft Auto V,1111,2026-09-13T10:08:30Z,ja,"['日本語', 'Drops有効']",2026-09-13,18-58-25,Sunday
316450156402,45459775,yuwanxd,21779,League of Legends,1106,2026-09-13T03:56:32Z,zh,['中文'],2026-09-13,18-58-25,Sunday
316906889812,27954235,nuke73,509658,Just Chatting,1104,2026-09-13T08:45:50Z,ru,"['Русский', 'DropsВключены']",2026-09-13,18-58-25,Sunday
317440133111,442709328,suzy,509658,Just Chatting,1096,2026-09-13T01:33:24Z,en,"['한국어', '台灣', '日本語', 'English', 'Korean', 'Girl', 'Asian', 'Dance', 'ddooyaa', '문뚜야']",2026-09-13,18-58-25,Sunday
318568893413,541075232,loya,743893402,WARDOGS,1096,2026-09-13T08:04:56Z,en,"['nohelpers', 'Degen', 'English', 'cats', 'swedish', 'DropsEnabled']",2026-09-13,18-58-25,Sunday
318434418023,139815896,kamilius1,21779,League of Legends,1095,2026-09-13T04:54:19Z,cs,"['Čeština', 'Slovenčina', 'czsk', 'leagueoflegends', 'English', 'Challenger', 'LCK', 'LPL', 'lol']",2026-09-13,18-58-25,Sunday
318569773541,163488747,n3utr4lsf,510389,Shakes and Fidget,1094,2026-09-13T09:45:05Z,pl,"['shakes', 'fidget', 'shakesfidget', 'Polski', 'DropyWłączone']",2026-09-13,18-58-25,Sunday
316022504936,835741219,josie5297,509658,Just Chatting,1089,2026-09-13T11:38:59Z,zh,"['中文', '启用掉宝']",2026-09-13,18-58-25,Sunday
318434825959,23823129,rangerarea,12924,Warcraft III,1086,2026-09-13T06:41:40Z,de,"['Deutsch', 'Variety', 'Strategie', 'Roleplay', 'LetsPlay', 'Gemütlich', 'PvE', 'Ironie', 'games']",2026-09-13,18-58-25,Sunday
316021912296,92113890,midbeast,21779,League of Legends,1078,2026-09-13T08:32:45Z,en,"['leagueoflegends', 'English', 'LyingEncouraged', 'Manipulator', 'Anime', 'Australia', 'dinosaurs', 'Affectionate', 'Golf', 'trapezoid']",2026-09-13,18-58-25,Sunday
317751202787,149682636,yann,602040818,NBA 2K27,1076,2026-09-13T09:49:20Z,fr,"['humour', 'sport', 'codjordan', 'rire', 'fun', 'openlobby', 'setup', 'Multitalentueux', 'Français', 'DropsActivés']",2026-09-13,18-58-25,Sunday
317739839460,70983894,oonolive,18122,World of Warcraft,1075,2026-09-13T11:21:25Z,fr,"['Français', 'DropsActivés']",2026-09-13,18-58-25,Sunday
318546841573,1538728349,reydelmaxwin,498566,Slots,1072,2026-09-11T13:23:18Z,es,['Español'],2026-09-13,18-58-25,Sunday
318434705127,411386930,paak_hc,508455,Valheim,1072,2026-09-13T06:13:28Z,en,"['TUNES', 'English', 'PathOfExile']",2026-09-13,18-58-25,Sunday
316832814549,707305986,step_csgonews,32399,Counter-Strike,1064,2026-09-13T10:30:14Z,ru,['Русский'],2026-09-13,18-58-25,Sunday
318630878950,643055332,romainjacques_,490292,DARK SOULS III,1061,2026-09-13T08:33:55Z,fr,"['suisse', 'nintendo', 'playstation', 'Français', 'ZLAN', 'eldenring', 'challenge', 'aseptisé', 'EuroTruckSimulator2']",2026-09-13,18-58-25,Sunday
318629589990,44170550,izocke_live,18122,World of Warcraft,1060,2026-09-13T03:59:42Z,de,"['Deutsch', 'LustigeMomente', 'Chilled', 'Drop', 'DropOn', 'Dropsativado', 'DropsEnable', 'DropsAktiviert']",2026-09-13,18-58-25,Sunday
317714486882,1001439343,disneylorcana,1951012895,Disney Lorcana Trading Card Game,1059,2026-09-13T06:35:05Z,en,"['disney', 'TCG', 'Lorcana', 'TradingCardGames', 'English', 'challenge']",2026-09-13,18-58-25,Sunday
318435688807,476077919,myko,263490,Rust,1058,2026-09-13T09:00:10Z,de,"['Deutsch', 'german', 'Rust', 'IRL']",2026-09-13,18-58-25,Sunday
316058933865,155434137,mungo,32982,Grand Theft Auto V,1056,2026-09-13T02:16:10Z,en,"['Roleplay', 'NoPixel', 'NoPixelWL', 'English', 'RP', 'clowns', 'Australian', 'DeekMagnum', 'NopixelV', 'DropsEnabled']",2026-09-13,18-58-25,Sunday
316906285780,133099286,azamat799,509658,Just Chatting,1053,2026-09-13T05:38:10Z,ru,"['Русский', 'DropsВключены']",2026-09-13,18-58-25,Sunday
316451788786,733702038,dimanjapan,509658,Just Chatting,1053,2026-09-13T10:02:46Z,ru,"['Путешествия', 'Япония', 'Аниме', 'Japan', 'Travel', 'Русский', 'Hardcore', 'chill', 'DropsВключены']",2026-09-13,18-58-25,Sunday
318434399975,25452510,nervarien,21779,League of Legends,1053,2026-09-13T04:49:33Z,pl,['Polski'],2026-09-13,18-58-25,Sunday
321492911067,84316241,penta,32982,Grand Theft Auto V,1049,2026-09-11T21:00:12Z,en,"['English', 'Educational', 'Socialeating', 'DropsEnabled']",2026-09-13,18-58-25,Sunday
318563098469,1520431050,staiy24,32982,Grand Theft Auto V,1044,2026-09-12T18:18:10Z,de,"['Deutsch', 'DropsAktiviert']",2026-09-13,18-58-25,Sunday
316450076146,162271954,riri_lol,513143,Teamfight Tactics,1044,2026-09-13T03:36:09Z,ja,['日本語'],2026-09-13,18-58-25,Sunday
316508525683,516315196,yoshinama222,1901865180,NTE: Neverness to Everness,1044,2026-09-13T10:00:22Z,ja,['日本語'],2026-09-13,18-58-25,Sunday
318435092199,856295407,rlg_dota2,29595,Dota 2,1042,2026-09-13T07:34:31Z,en,"['English', 'dota2', 'EU', 'MOBA', 'Esports', 'NoSpoliers']",2026-09-13,18-58-25,Sunday
316907516884,98311933,madarapoe,509658,Just Chatting,1040,2026-09-13T10:46:33Z,ru,"['Русский', 'gym', 'gachi', 'MF', 'English', 'DropsВключены']",2026-09-13,18-58-25,Sunday
318630307942,37266313,battletaure,18122,World of Warcraft,1037,2026-09-13T07:01:08Z,de,"['Deutsch', 'DropsAktiviert']",2026-09-13,18-58-25,Sunday
317739031268,71290640,kemist_c10h15n,489170,DARK SOULS II: Scholar of the First Sin,1036,2026-09-13T09:04:09Z,fr,"['Laboratoire', 'C10H15N', 'IUPAC', 'Chromatographie', 'Réactifs', 'Distillation', 'Spectroscopie', 'RMN', 'Français']",2026-09-13,18-58-25,Sunday
316508796659,870293913,paroniie,516575,VALORANT,1033,2026-09-13T11:08:58Z,zh,"['Vtuber', '甜心主播', '不會唱歌', '臭狗', '中文']",2026-09-13,18-58-25,Sunday
318957313141,38129626,soldierfps71,32399,Counter-Strike,1033,2026-09-13T10:16:52Z,pt,"['Português', 'cs']",2026-09-13,18-58-25,Sunday
317739327716,497641799,sieurpc,509658,Just Chatting,1029,2026-09-13T10:00:19Z,fr,"['Français', 'Hardware', 'pcgaming', 'nvidia', 'AMD', 'DropsActivés']",2026-09-13,18-58-25,Sunday
318435349863,52744330,eugengen,417528,Albion Online,1026,2026-09-13T08:14:36Z,en,"['English', 'DropsEnabled']",2026-09-13,18-58-25,Sunday
318629480806,42163359,vulpeshd,1813168901,LEGO Batman: Legacy of the Dark Knight,1022,2026-09-13T03:28:48Z,en,"['Vtuber', 'CuteEmotes', 'feet', 'armpit', 'Mute', 'English', 'forsen', 'DropsEnabled']",2026-09-13,18-58-25,Sunday
315989442769,852210610,mudriy_ork,515214,Politics,1015,2026-09-13T04:10:07Z,ru,"['Русский', 'Политика', 'Душнила', 'срачи', 'экономика', 'геополитика', 'безвебки', 'патриотизм', 'МногоПауз']",2026-09-13,18-58-25,Sunday
316907678420,84600165,wizer02,494184,Mobile Legends: Bang Bang,1011,2026-09-13T11:12:46Z,ru,"['Русский', 'mlbb', 'mobilelegends', 'wizer', 'wizer02']",2026-09-13,18-58-25,Sunday
318569143525,200080536,raidergo,21779,League of Legends,1006,2026-09-13T08:37:43Z,en,"['English', 'leagueoflegends', 'Challenger', 'Darius', 'Jax', 'Olaf', 'Camille', 'DrMundo', 'Yorick', 'RANK1EUW']",2026-09-13,18-58-25,Sunday
316832996309,144663813,es4xtank,32982,Grand Theft Auto V,1006,2026-09-13T11:04:17Z,ru,"['csgo', 'Победитель', 'тигр', 'Шоу', 'Турниры', 'Киберспорт', 'ДЕД', 'ТОП', 'Русский', 'интересный']",2026-09-13,18-58-25,Sunday
321523069403,138682712,travpiper,32982,Grand Theft Auto V,1004,2026-09-13T10:49:36Z,en,"['English', 'Fishing', 'bassfishing', 'DropsEnabled', 'NoPixel']",2026-09-13,18-58-25,Sunday
316452002674,503107787,aaceful,516575,VALORANT,1000,2026-09-13T10:51:05Z,ja,['日本語'],2026-09-13,18-58-25,Sunday
316906663508,172643869,watchfultv,32399,Counter-Strike,995,2026-09-13T07:48:40Z,ru,"['Русский', 'Киберспорт', 'watchfultv', 'Thunderpick', 'twc', 'HEROIC', 'Virtuspro']",2026-09-13,18-58-25,Sunday
321520502491,199419115,xthexpanx,515024,Diablo IV,988,2026-09-13T04:31:16Z,en,"['CHILL', 'VIBES', 'DIABLO4', 'GRINDER', 'SPEEDRUNNER', 'BUILDGUIDES', 'English', 'Charity', 'DropsEnabled']",2026-09-13,18-58-25,Sunday
316863931862,235644046,wildanimalhs,138585,Hearthstone,987,2026-09-13T08:25:03Z,ru,['Русский'],2026-09-13,18-58-25,Sunday
318631206118,114366744,siegismund,743893402,WARDOGS,984,2026-09-13T09:16:46Z,de,"['Deutsch', 'multiplayer', 'Competitive', 'shooter', 'DropsAktiviert']",2026-09-13,18-58-25,Sunday
316508668019,584142703,1code_a,32982,Grand Theft Auto V,984,2026-09-13T10:37:37Z,ja,"['日本語', 'あげいん', '三島改', 'ストグラ', 'SHIRAHA', 'Drops有効']",2026-09-13,18-58-25,Sunday
318434488039,57317154,steelmage,416015,Hero Siege,982,2026-09-13T05:16:59Z,en,"['English', 'Australian']",2026-09-13,18-58-25,Sunday
320348395872,61287590,ste_eire,32982,Grand Theft Auto V,981,2026-09-13T10:09:43Z,en,"['English', 'Irish', 'gtaroleplay', 'NoPixel', 'NopixelV', 'DropsEnabled']",2026-09-13,18-58-25,Sunday
318630072038,219265704,jonsman,509672,IRL,977,2026-09-13T06:11:47Z,de,"['Deutsch', 'Outdoors', 'IRL', 'English', 'german', 'justchatting', 'challenge', 'sport', 'Leipzig']",2026-09-13,18-58-25,Sunday
317715634658,227217502,dino_xx,459931,Old School RuneScape,976,2026-09-13T10:25:41Z,en,"['English', 'Osrs', 'Pking', 'DMAllstars2']",2026-09-13,18-58-25,Sunday
317751670883,39518378,sirmaza,516575,VALORANT,974,2026-09-13T11:06:08Z,es,"['valorant', 'radiant', 'Español']",2026-09-13,18-58-25,Sunday
316452102130,496789097,sabu_iko,32982,Grand Theft Auto V,972,2026-09-13T11:09:22Z,ja,"['さぶ郎', '日本語', 'Drops有効']",2026-09-13,18-58-25,Sunday
318632409830,448747665,wichtiger,27471,Minecraft,972,2026-09-13T11:27:12Z,de,"['wichtig', 'Deutsch', 'DropsAktiviert']",2026-09-13,18-58-25,Sunday
315984941521,27045041,toadamarillo,21779,League of Legends,968,2026-09-11T19:29:29Z,es,"['Español', 'LeagueaofLegends', 'LOL', 'Toad', 'TOADAMARILLO']",2026-09-13,18-58-25,Sunday
316011147218,25690271,bystaxx,32399,Counter-Strike,965,2026-09-13T11:14:35Z,es,['Español'],2026-09-13,18-58-25,Sunday
317715492066,29377368,x9nium,32399,Counter-Strike,964,2026-09-13T10:06:21Z,es,"['Español', 'CS2', 'Counter', 'Esports', 'gaming', 'counterstrike']",2026-09-13,18-58-25,Sunday
318570262245,106119024,kugelbuch,743,Chess,962,2026-09-13T10:31:33Z,de,"['deutsch', 'schach', 'chess', 'strategie', 'MUSKULÖS', '106iq', '1900elo', 'english', 'Deutsch', 'Englisch']",2026-09-13,18-58-25,Sunday
316010688338,171506994,benjamool,509672,IRL,960,2026-09-13T07:30:15Z,de,"['Deutsch', 'IRL', 'Lost', 'Reisen', 'Outdoors', 'DropsAktiviert']",2026-09-13,18-58-25,Sunday
316011036498,27107346,b0aty,459931,Old School RuneScape,960,2026-09-13T10:25:51Z,en,"['English', 'frog', 'Toad', 'Whale', 'felloff', 'WashedUp']",2026-09-13,18-58-25,Sunday
318436546535,585661357,wabiiisabii,32399,Counter-Strike,958,2026-09-13T10:32:34Z,en,"['English', 'Esports', 'washedplayer', 'INSANEGAMEPLAY', 'CS2', 'counterstrike', 'KNIFYGG', 'girlgamers', 'Heroic']",2026-09-13,18-58-25,Sunday
316452050546,639389998,captain_nobee,32982,Grand Theft Auto V,951,2026-09-13T11:00:07Z,ja,"['日本語', 'ストグラ', 'Drops有効']",2026-09-13,18-58-25,Sunday
318630230886,932579174,froggyjolson,417528,Albion Online,948,2026-09-13T06:46:47Z,en,"['English', 'PvP', 'Drops', 'MMORPG', 'AlbionOnline', 'Competitive', 'SoloPlay', 'giveaway', 'DropsEnabled']",2026-09-13,18-58-25,Sunday
321406504282,158126658,littlespacerock,491487,Dead by Daylight,937,2026-09-13T04:00:11Z,en,['English'],2026-09-13,18-58-25,Sunday
320345554144,41792596,gunnermaniac,13332,Pokémon FireRed/LeafGreen,932,2026-09-13T03:30:13Z,en,"['English', 'anime', 'speedrunning', 'WRAttempts', 'DropsEnabled']",2026-09-13,18-58-25,Sunday
316059748457,58686695,hyper2374,513181,Genshin Impact,932,2026-09-13T06:59:45Z,zh,"['中文', '搞笑擔當', '開台持久', '群皆大佬']",2026-09-13,18-58-25,Sunday
316084676842,25086797,xhibaoger,509658,Just Chatting,931,2026-09-13T10:38:59Z,zh,"['中文', '한국어', '启用掉宝']",2026-09-13,18-58-25,Sunday
316036551507,29836234,teshrak,21779,League of Legends,929,2026-09-13T04:48:40Z,es,"['Chill', 'spanish', 'Español', 'lck', 'Lolesports', 'lolespañol']",2026-09-13,18-58-25,Sunday
316863727190,461088936,evikey,509658,Just Chatting,924,2026-09-13T07:25:58Z,ru,"['Игры', 'Общение', 'Депрессия', 'Аниме', 'Хоррор', 'новичок', 'Русский', 'фильмы', 'DropsВключены']",2026-09-13,18-58-25,Sunday
316832422613,104690726,etokeking,743893402,WARDOGS,924,2026-09-13T09:05:58Z,ru,"['ru', 'нытье', 'омнистример', 'Русский', 'DropsВключены']",2026-09-13,18-58-25,Sunday
318435859943,48981694,loltiesel,21779,League of Legends,915,2026-09-13T09:19:48Z,el,"['philosophy', 'Science', 'NBA', 'shredded', 'Muscles', 'greek', 'Ελληνικά']",2026-09-13,18-58-25,Sunday
316832732501,412064098,qbaxa,509658,Just Chatting,908,2026-09-13T10:12:51Z,ru,"['Русский', 'DropsВключены']",2026-09-13,18-58-25,Sunday
318435538023,45921282,redcs,32399,Counter-Strike,906,2026-09-13T08:42:23Z,de,"['Deutsch', 'cs', 'counterstrike', 'german', 'gaming', 'English', 'watchparty', 'donk', 'CS2', 'csgo']",2026-09-13,18-58-25,Sunday
317715279970,38558904,roman,32399,Counter-Strike,905,2026-09-13T09:37:51Z,pt,['Português'],2026-09-13,18-58-25,Sunday
318569551461,38158532,drainys,493057,PUBG: BATTLEGROUNDS,904,2026-09-13T09:20:10Z,ru,"['Русский', 'pubg', 'спорт', 'justchatting', 'Shooter', 'drops']",2026-09-13,18-58-25,Sunday
318632274150,102098555,kasix,93798731,F1 25,904,2026-09-13T11:13:08Z,pl,['Polski'],2026-09-13,18-58-25,Sunday
317715836002,903121491,khalesi_19,515025,Overwatch,901,2026-09-13T10:53:27Z,es,"['EspañolLatinoamerica', 'Español', 'DropsActivados']",2026-09-13,18-58-25,Sunday
315502594799,868775102,nemesisxdfp,1898040946,How to Fish,901,2026-09-13T01:12:30Z,zh,"['中文', 'vtuber', '歡樂聊天']",2026-09-13,18-58-25,Sunday
320308219868,754571401,elcalvolol,509672,IRL,898,2026-09-13T09:46:19Z,es,['Español'],2026-09-13,18-58-25,Sunday
321342709081,69730130,charli,32982,Grand Theft Auto V,894,2026-09-13T00:37:20Z,en,"['English', 'Roleplay', 'VoiceActing', 'DropsEnabled']",2026-09-13,18-58-25,Sunday
316022104552,152310006,namin1004,509658,Just Chatting,893,2026-09-13T09:32:39Z,zh,"['中文', 'namin', '한국어', '启用掉宝']",2026-09-13,18-58-25,Sunday
315503491951,102192603,mimiluckying,516575,VALORANT,893,2026-09-13T09:04:21Z,zh,"['中文', '启用掉宝']",2026-09-13,18-58-25,Sunday
318631867366,35866558,azzapp,21779,League of Legends,892,2026-09-13T10:32:58Z,en,"['English', 'zapzap', 'neverff', 'velkoz', 'Challenger', 'ChallengeRuns', 'CANWIN', '0deaths', 'NoBackseating', 'slaythespire2']",2026-09-13,18-58-25,Sunday
316508177395,792290049,lykq8don,511224,Apex Legends,888,2026-09-13T08:09:50Z,ja,"['APEX', '日本語', 'FPS', '再配信', 'Drops有効']",2026-09-13,18-58-25,Sunday
316451781234,91967953,liang_0714,516575,VALORANT,884,2026-09-13T10:01:57Z,zh,['中文'],2026-09-13,18-58-25,Sunday
316833066581,743545767,trixie_vox,509658,Just Chatting,878,2026-09-13T11:17:07Z,ru,"['Русский', 'English', 'VoiceActing', 'Vtuber', 'озвучка', 'КристинаШерман', 'Актриса', 'Зайчик', 'СДВГ', 'ADHD']",2026-09-13,18-58-25,Sunday
320345014368,26640321,leaflit,743893402,WARDOGS,877,2026-09-13T02:51:51Z,en,"['English', 'Grifter', 'Weeb', 'Zoltraak', 'QuangoSlayer', 'Precure', 'idol', 'StellarHumanist', 'AImancer', 'villainess']",2026-09-13,18-58-25,Sunday
318632082150,1540311081,jessiehugo,498566,Slots,876,2026-09-13T10:54:51Z,es,['Español'],2026-09-13,18-58-25,Sunday
316059756137,1298993446,scharo,499634,Crypto,873,2026-09-13T07:01:34Z,en,['English'],2026-09-13,18-58-25,Sunday
316906847572,88239974,lpgjustjohnny,513143,Teamfight Tactics,870,2026-09-13T08:34:31Z,de,"['Deutsch', 'English']",2026-09-13,18-58-25,Sunday
320308565468,31688366,symfuhny,743893402,WARDOGS,867,2026-09-13T11:36:36Z,en,"['English', 'DropsEnabled']",2026-09-13,18-58-25,Sunday
316907123540,112789349,nelyaray,509658,Just Chatting,867,2026-09-13T09:35:36Z,ru,"['nelyaray', 'Русский', 'DropsВключены']",2026-09-13,18-58-25,Sunday
318629810406,56924673,obsess3,21779,League of Legends,867,2026-09-13T05:02:40Z,de,"['Deutsch', 'VerticalStream', 'vertical', 'manchmalchallenger', 'meistensnicht', 'DropsAktiviert']",2026-09-13,18-58-25,Sunday
317745025379,416031592,solaryhs,138585,Hearthstone,866,2026-09-12T15:57:22Z,fr,['Français'],2026-09-13,18-58-25,Sunday
316831991765,116640861,cispapa,29595,Dota 2,857,2026-09-13T07:14:25Z,ru,"['Русский', 'dota2', 'дота2', 'спирит', 'BLAST', 'EPL', 'Cis', 'Spirit', 'Dota2International', 'ставки']",2026-09-13,18-58-25,Sunday
316907466708,49437402,ivelknow,18122,World of Warcraft,857,2026-09-13T10:37:59Z,ru,"['Русский', 'wow', 'WorldfofWarcraft', 'midnight', 'Смешной', 'каламбуры', 'шутки', 'анекдоты', 'АХАХАХАХАХАХАХА', 'DropsВключены']",2026-09-13,18-58-25,Sunday
317715361890,165156139,strey_lol,21779,League of Legends,857,2026-09-13T09:49:37Z,fr,"['Français', 'Truand2laGalère']",2026-09-13,18-58-25,Sunday
318570202853,65759224,nieuczesana,32982,Grand Theft Auto V,853,2026-09-13T10:26:04Z,pl,"['Polski', 'English', 'DropyWłączone']",2026-09-13,18-58-25,Sunday
318436980583,454718482,souadi_luck,498566,Slots,852,2026-09-13T11:16:52Z,fr,"['Français', 'Montréal']",2026-09-13,18-58-25,Sunday
316832344917,32184566,rxnexus,29595,Dota 2,849,2026-09-13T08:48:23Z,ru,['Русский'],2026-09-13,18-58-25,Sunday
318434484967,260839723,madamediablo,458781,No Man's Sky,848,2026-09-13T05:15:34Z,en,"['adhd', 'cosplay', 'English', 'dutch', 'Woman', 'girl', 'TwitchWomensGuild', 'cozy', 'feet', 'toes']",2026-09-13,18-58-25,Sunday
315489297902,70857747,mmgeneral,509672,IRL,840,2026-09-13T10:06:42Z,zh,['中文'],2026-09-13,18-58-25,Sunday
316907583700,433605766,dedadam,32982,Grand Theft Auto V,836,2026-09-13T10:57:50Z,ru,"['Русский', 'staya', 'Lamadjo', 'Majestic', 'СТАЯ', 'дедадам', 'memhpis', 'DropsВключены']",2026-09-13,18-58-25,Sunday
320305460700,237528876,paigethewitch,743893402,WARDOGS,832,2026-09-13T03:05:44Z,en,"['English', 'Woman', 'cats', 'adhd', 'girl', 'DropsEnabled', 'drops', 'WARDOGS']",2026-09-13,18-58-25,Sunday
316508636403,752960873,takagitv,55453844,Street Fighter 6,827,2026-09-13T10:29:57Z,ja,['日本語'],2026-09-13,18-58-25,Sunday
316907573204,42332234,diamondprox_lol,21779,League of Legends,826,2026-09-13T10:55:35Z,ru,"['Русский', 'English', '16xChallenger', 'Pro']",2026-09-13,18-58-25,Sunday
316906102996,61776347,dianarice,701776039,Mixtape,824,2026-09-13T03:58:32Z,ru,"['Аутизм', 'чуткапсихолог', 'вкусняшки', 'залупачес', 'воньговна', 'скебоб', 'мукбанг', 'ASMR', 'Русский', 'Украинский']",2026-09-13,18-58-25,Sunday
316906696532,121228500,casinodaddy,498566,Slots,823,2026-09-13T07:58:01Z,en,"['English', 'justchatting', 'gaming', 'IRL', 'Fortnite', 'minecraft', 'GrandTheftAutoV', 'leagueoflegends', 'valorant', 'counterstrike2']",2026-09-13,18-58-25,Sunday
318567868261,601383025,fustler,509672,IRL,822,2026-09-13T04:30:20Z,de,"['flohmarkt', 'reselling', 'anime', 'Deutsch', 'schmeckt', 'Retro', 'vintage', 'Storage', 'StorageHunter']",2026-09-13,18-58-25,Sunday
316508755571,165572706,dmf_kyochan,1286077738,Monster Hunter Wilds,818,2026-09-13T11:00:21Z,ja,['日本語'],2026-09-13,18-58-25,Sunday
319028980340,1038512935,ravi2k_,29452,Virtual Casino,813,2026-09-13T08:32:33Z,es,"['Português', 'Español', 'virtualcasino', 'cassino', 'counterstrike2', 'CS2', 'counterstrike']",2026-09-13,18-58-25,Sunday
318567336037,945405434,rlg_dota2_b,29595,Dota 2,812,2026-09-13T01:39:23Z,en,"['English', 'dota2', 'MOBA', 'Esports', 'SEA', 'NoSpoilers']",2026-09-13,18-58-25,Sunday
316831131989,1528385060,naguura24,18122,World of Warcraft,811,2026-09-13T00:05:58Z,de,"['English', 'Deutsch', 'DropsAktiviert']",2026-09-13,18-58-25,Sunday
316452044402,145248977,rio_taro,32982,Grand Theft Auto V,808,2026-09-13T10:59:03Z,ja,"['日本語', 'Drops有効']",2026-09-13,18-58-25,Sunday
317738793316,643705238,l3scoco,513143,Teamfight Tactics,807,2026-09-13T08:13:55Z,fr,['Français'],2026-09-13,18-58-25,Sunday
320182659550,105458682,bobross,509660,Art,807,2026-09-11T14:39:32Z,en,"['English', 'DropsEnabled']",2026-09-13,18-58-25,Sunday
318570417765,474535377,polemicatv,509658,Just Chatting,806,2026-09-13T10:45:40Z,ru,"['мафия', 'турнир', 'polemica', 'Русский', 'DropsВключены']",2026-09-13,18-58-25,Sunday
317441034999,129237248,bozo,32982,Grand Theft Auto V,806,2026-09-13T03:33:58Z,en,"['English', 'roleplay', 'canada', 'gameplay', 'live', 'fps', 'rp', 'bozo', 'fun', 'DropsEnabled']",2026-09-13,18-58-25,Sunday
318570413157,115340082,palsteron,1702520304,Path of Exile 2,802,2026-09-13T10:45:17Z,en,['English'],2026-09-13,18-58-25,Sunday
315488943854,165581935,taaaao,516575,VALORANT,801,2026-09-13T07:05:52Z,zh,"['中文', '台語OK', 'ENG', '启用掉宝']",2026-09-13,18-58-25,Sunday
321520950491,28222081,imakuni,6086,Super Mario Sunshine,800,2026-09-13T05:01:28Z,en,"['Woman', 'Disabled', 'Comfy', 'Vtuber', 'English', 'ENVtuber', 'Hag', 'SonicTheHedgehog', 'Retro']",2026-09-13,18-58-25,Sunday
316452104178,82120787,kawa1sheep,509658,Just Chatting,799,2026-09-13T11:09:53Z,zh,"['中文', '启用掉宝']",2026-09-13,18-58-25,Sunday
316833193301,276109315,piskulya,509658,Just Chatting,795,2026-09-13T11:40:27Z,ru,"['Русский', 'English', 'Cosplay', 'Dance', 'Chinese中文', 'DropsВключены']",2026-09-13,18-58-25,Sunday
318955841909,187404585,vinicius20204,493959,Red Dead Redemption II,791,2026-09-13T03:11:48Z,pt,"['English', 'Português']",2026-09-13,18-58-25,Sunday
318631164262,1411476696,madmaxkilo,29452,Virtual Casino,787,2026-09-13T09:11:14Z,en,['English'],2026-09-13,18-58-25,Sunday
321346525401,214337266,honeyxxo,491931,Escape from Tarkov,787,2026-09-13T04:01:36Z,en,"['English', 'fps', 'gamergirl', 'subathon', 'hottub']",2026-09-13,18-58-25,Sunday
316508546419,116965093,middleeetv,32982,Grand Theft Auto V,785,2026-09-13T10:05:47Z,ja,"['日本語', '鳩禁止', 'ネタバレッ禁止', 'ロールプレイ', 'ストグラ', 'ミンドリー', 'JD', 'Drops有効']",2026-09-13,18-58-25,Sunday
318892159350,785851610,badgesbr,515024,Diablo IV,784,2026-09-12T20:36:24Z,pt,"['MiniatureFigures', 'badgedrops', 'worldcup2026', 'Português', 'AllLanguages', 'DropsAtivados']",2026-09-13,18-58-25,Sunday
315521524848,841681653,wowcatherine,18122,World of Warcraft,783,2026-09-12T16:00:29Z,zh,"['中文', '启用掉宝']",2026-09-13,18-58-25,Sunday
319196617687,197406569,thenicolet,509659,ASMR,782,2026-09-12T03:27:00Z,en,"['English', 'ENGLISH', 'ASMR', 'FINDOM', 'EGIRL', 'GIRL', 'feet', 'goddess', 'woman']",2026-09-13,18-58-25,Sunday
317715534434,591776392,arrozydesgracias,509667,Food & Drink,781,2026-09-13T10:12:41Z,es,"['Español', 'food', 'comida', 'IRL', 'Tattoos']",2026-09-13,18-58-25,Sunday
318631850214,141074734,kayjii,1264310518,Marvel Rivals,778,2026-09-13T10:31:22Z,en,"['English', 'Competitive', 'Top500', 'Chill', 'Luna', 'WhiteFox', 'Mantis', 'Femboy', 'DropsEnabled']",2026-09-13,18-58-25,Sunday
316832665685,506509388,lesin,509658,Just Chatting,778,2026-09-13T09:59:30Z,ru,"['шутеры', 'кс', 'докторливси', 'общение', 'докторлесин', 'Русский', 'lesin', 'Лесин', 'drlesin', 'мидас']",2026-09-13,18-58-25,Sunday
316441535985,620390771,s201111,509658,Just Chatting,773,2026-09-13T11:36:12Z,zh-hk,"['粵語', '中文', '中文粵語', '香港', 'HongKong', 'HK', '廣東話', 'kpop']",2026-09-13,18-58-25,Sunday
317714379618,410673195,xababtv,327598602,Onimusha: Way of the Sword,772,2026-09-13T05:43:31Z,fr,"['Français', 'aigri', 'Zinzin', 'DropsActivés']",2026-09-13,18-58-25,Sunday
318631163622,1152050407,potatowayss,29452,Virtual Casino,771,2026-09-13T09:11:13Z,en,['English'],2026-09-13,18-58-25,Sunday
317751090147,158851049,anaee,1099705332,Tomodachi Life: Living the Dream,770,2026-09-13T09:28:33Z,fr,"['Anaee', 'anae', 'Français']",2026-09-13,18-58-25,Sunday
316906484180,141091355,knoff,12924,Warcraft III,768,2026-09-13T06:53:49Z,en,['English'],2026-09-13,18-58-25,Sunday
316022302312,31673401,gunguno,516575,VALORANT,767,2026-09-13T10:32:44Z,zh,"['顏值', '射擊', '幽默', '錢來就幹', '掉宝開启', 'English', '中文', '飆哥開示了', '启用掉宝']",2026-09-13,18-58-25,Sunday
315523397104,139348774,hannn0501_,509658,Just Chatting,764,2026-09-13T09:04:58Z,zh,"['ＦＰＳ', '中文', '启用掉宝']",2026-09-13,18-58-25,Sunday
318631164390,1152050411,theloadingboy,29452,Virtual Casino,762,2026-09-13T09:11:14Z,en,['English'],2026-09-13,18-58-25,Sunday
318570718693,42971110,heideltraut,509658,Just Chatting,762,2026-09-13T11:12:32Z,de,"['LuckyV', 'Deutsch', 'GTARP', 'rainbowsixsiege']",2026-09-13,18-58-25,Sunday
318630646502,60739246,mimich,18122,World of Warcraft,761,2026-09-13T08:00:28Z,ru,"['Ukraine', 'gamer', 'mplusenjoyer', 'druid', 'translit', 'perfectenglish', 'rdruid', 'Русский', 'DropsВключены']",2026-09-13,18-58-25,Sunday
318435273063,49551995,fanmadetim,23857,Pokémon HeartGold/SoulSilver,760,2026-09-13T08:03:17Z,de,['Deutsch'],2026-09-13,18-58-25,Sunday
316508723955,463657800,wakiwaki612,32982,Grand Theft Auto V,756,2026-09-13T10:53:11Z,ja,"['サブスクビッツ乞食', 'わきを', '雑談', 'ストグラ', 'GTA', 'MADTOWN', 'スト鯖', 'VCRRUST', '脇逢魔', '日本語']",2026-09-13,18-58-25,Sunday
318632243430,157636141,tommykaylive,12924,Warcraft III,753,2026-09-13T11:09:55Z,en,"['English', 'History', 'Comedy', 'Variety', 'gaming', 'Chatty', 'ADHD', 'Roleplay']",2026-09-13,18-58-25,Sunday
319211712983,25595342,sweetily,209738946,Wuthering Waves,753,2026-09-13T05:03:39Z,en,"['Vtuber', 'Drops', 'ASMR', 'Comfy', 'English', 'Chinese', 'Anime', 'DropsEnabled']",2026-09-13,18-58-25,Sunday
316905051732,29084183,gexyt,509672,IRL,753,2026-09-12T21:04:43Z,da,"['Dansk', 'irlstream']",2026-09-13,18-58-25,Sunday
318111645912,668116656,siccarius101,18122,World of Warcraft,753,2026-09-12T22:24:23Z,en,"['WorldofWarcraft', 'Pvp', 'Pve', 'Retail', 'SoD', 'Anniversary', 'TBC', 'Raid', 'Mythic', 'BGB']",2026-09-13,18-58-25,Sunday
318435160935,37523739,kenbogard,630009802,MARVEL TŌKON: Fighting Souls,752,2026-09-13T07:46:46Z,fr,"['Français', 'Zevent2026', 'caritativeevent', 'vélo', 'Nintendo']",2026-09-13,18-58-25,Sunday
316440143089,93381903,japanesekoreanug,21779,League of Legends,747,2026-09-13T05:00:55Z,ja,['日本語'],2026-09-13,18-58-25,Sunday
318556648805,742520098,la_vica_,509658,Just Chatting,746,2026-09-12T08:59:41Z,it,"['Italiano', 'English', 'subathon', 'maratonaestendibile', 'DropAbilitati']",2026-09-13,18-58-25,Sunday
316907225684,530947420,planyach,509658,Just Chatting,745,2026-09-13T09:54:59Z,ru,"['DropsВключены', 'Vtuber', 'девушка', 'planyach', 'тян', 'Русский']",2026-09-13,18-58-25,Sunday
321345978585,38958459,ceremor,743893402,WARDOGS,742,2026-09-13T03:30:01Z,en,"['English', 'DropsEnabled']",2026-09-13,18-58-25,Sunday
316508222963,103567888,sqla223,509658,Just Chatting,741,2026-09-13T08:23:16Z,ja,"['日本語', 'ネタバレ禁止', '広告ほぼなし', 'Drops有効']",2026-09-13,18-58-25,Sunday
317751017315,855304341,ribodanslasauce,509658,Just Chatting,740,2026-09-13T09:14:42Z,fr,"['Français', 'DropsActivés']",2026-09-13,18-58-25,Sunday
316864182486,737383083,leissik,1282866981,Delta Force,738,2026-09-13T09:21:23Z,en,"['English', 'chattingwithviewers', 'ExtractionShooter', 'DeltaForceGame', 'deltaforce', 'stinger', 'chill', 'bald', 'solo', 'solovssquad']",2026-09-13,18-58-25,Sunday
318894253814,908203379,ggthhay,29452,Virtual Casino,735,2026-09-12T23:44:59Z,pt,['Português'],2026-09-13,18-58-25,Sunday
318957263733,1152049764,ryugalde,29452,Virtual Casino,734,2026-09-13T09:58:13Z,pt,"['Português', 'English', 'espanhol']",2026-09-13,18-58-25,Sunday
316864385750,948410397,platypuspudding,516575,VALORANT,733,2026-09-13T09:58:00Z,en,"['English', 'SpikeRushDemon', 'girlgamers', 'finnish', 'valorant', 'queuesnipe', 'Vtuber']",2026-09-13,18-58-25,Sunday
318630965862,36912126,gluhammer,12839,Heroes of Might and Magic III: The Restoration of Erathia,733,2026-09-13T08:46:44Z,pl,['Polski'],2026-09-13,18-58-25,Sunday
316451772530,48034972,junkman_5555,508435,Stilt Fella,730,2026-09-13T10:00:20Z,ja,['日本語'],2026-09-13,18-58-25,Sunday
317740843619,1110808352,cineillojuan,499973,Always On,729,2026-09-12T00:51:58Z,es,"['Español', 'Repetir']",2026-09-13,18-58-25,Sunday
318631310438,165083383,lostkittn,509658,Just Chatting,729,2026-09-13T09:30:28Z,de,"['Deutsch', 'women', 'ADHD', 'gaming', 'IRL', 'Chatting', 'justchatting', 'german', 'ADHS', 'DropsAktiviert']",2026-09-13,18-58-25,Sunday
320342442592,752742297,seoi1016,509658,Just Chatting,727,2026-09-13T00:20:50Z,ko,"['한국어', 'English', '中文', 'Asian', '日本語', 'Русский', 'Dance', 'kpop', 'korean', '드롭활성화됨']",2026-09-13,18-58-25,Sunday
321394418778,170760368,6cyx,515025,Overwatch,725,2026-09-12T16:12:34Z,en,"['English', 'NOBACKSEATGAMING', 'BackSeatGamersGETBANNED', 'BANNINGALLBACKSEATGAMERS', 'BackSeatGameGetsUBanned', 'DropsEnabled', 'Rerun']",2026-09-13,18-58-25,Sunday
318631164006,1345327253,annakasu,29452,Virtual Casino,723,2026-09-13T09:11:13Z,en,['English'],2026-09-13,18-58-25,Sunday
316037241299,26973975,wardiii,490422,StarCraft II,723,2026-09-13T10:55:25Z,en,"['Esports', 'English', 'DropsEnabled']",2026-09-13,18-58-25,Sunday
316060236521,508990092,aicandii,508455,Valheim,717,2026-09-13T09:33:35Z,en,"['Australian', 'GiGACHAD', 'VTUBE', 'VTuber', 'English', 'Educational', 'Business']",2026-09-13,18-58-25,Sunday
317751711075,43304416,hawnktv,18122,World of Warcraft,716,2026-09-13T11:11:58Z,es,"['Classic', 'Español', 'tbcanniversary', 'TBC', 'TBCHARDCORE', 'wowclassic', 'DropsActivados']",2026-09-13,18-58-25,Sunday
316863367382,790796770,ttobias_lol,21779,League of Legends,715,2026-09-13T05:07:20Z,pl,"['Polski', 'English', 'zed', 'OTP', 'Hardstyle', 'Midlane', 'Coaching', 'leagueoflegends', 'Challenger', 'music']",2026-09-13,18-58-25,Sunday
319028846452,956784486,surskity11,498592,I'm Only Sleeping,715,2026-09-13T07:21:32Z,pt,['Português'],2026-09-13,18-58-25,Sunday
319029252980,1478694617,ninjaslot_,29452,Virtual Casino,714,2026-09-13T11:14:25Z,pt,"['Português', 'English', 'aposta']",2026-09-13,18-58-25,Sunday
318436153703,57116735,mistercop,29595,Dota 2,712,2026-09-13T09:52:52Z,ru,"['Русский', 'Шизофрения', 'Социопатия', 'фокусы']",2026-09-13,18-58-25,Sunday
318567795557,41800397,dezgamez,27546,World of Tanks,711,2026-09-13T04:04:15Z,en,"['English', 'drops', 'DropsEnabled']",2026-09-13,18-58-25,Sunday
316907541204,180166815,the_iken,401587136,Arena Breakout: Infinite,701,2026-09-13T10:50:25Z,sv,"['Русский', 'общение', 'ЛучшийСтример', 'arenabreakoutinfinite', 'English', 'Friendly', 'Leageflegends', 'lol', 'Norsk', 'Português']",2026-09-13,18-58-25,Sunday
318435997159,270259727,bratiki94,29595,Dota 2,701,2026-09-13T09:35:40Z,ru,"['Русский', 'bratiki94', 'спортсмены', 'фитнес', 'twins', 'dota2']",2026-09-13,18-58-25,Sunday
318631163878,1180112272,shugarpony,29452,Virtual Casino,700,2026-09-13T09:11:13Z,en,['English'],2026-09-13,18-58-25,Sunday
318435793383,42546908,abdulhd,32982,Grand Theft Auto V,698,2026-09-13T09:11:55Z,en,"['Nopixel', 'REACT', 'variety', 'UnitedArabEmirates', 'GTAVRP', 'Gaming', 'English', 'EnhancedBroadcast', 'DropsEnabled']",2026-09-13,18-58-25,Sunday
316450993138,264909001,kagura0mea,21779,League of Legends,697,2026-09-13T06:55:56Z,ja,"['Vtuber', '日本語', '新人Vtuber']",2026-09-13,18-58-25,Sunday
318631307750,549981718,miss_dracarys,27546,World of Tanks,697,2026-09-13T09:30:11Z,en,"['Drops', 'Womengamer', 'Worldoftanks', 'DropsEnanbled', 'Gaming4fun', 'Wot', 'English', 'Belgium', 'LurkerFriendlyStream', 'ChillCozyChaotic']",2026-09-13,18-58-25,Sunday
317442982903,1157290428,nightzvl,516575,VALORANT,695,2026-09-13T09:46:32Z,en,['English'],2026-09-13,18-58-25,Sunday
318631853158,987102096,uzorrrr,401587136,Arena Breakout: Infinite,693,2026-09-13T10:31:43Z,ru,"['Русский', 'Повтор']",2026-09-13,18-58-25,Sunday
317714857826,153353959,hardgamechannel,512953,ELDEN RING,692,2026-09-13T08:28:17Z,ru,"['Русский', 'hardplay', 'IRL', 'игры']",2026-09-13,18-58-25,Sunday
316508901107,127357428,mrlo_tw,1119642287,Yu-Gi-Oh! Master Duel,692,2026-09-13T11:33:44Z,zh,"['中文', '惡人谷', 'yugioh', 'YugiohMasterDuel']",2026-09-13,18-58-25,Sunday
317739061348,137831666,situation,2132205352,Deadlock,692,2026-09-13T09:10:37Z,en,"['English', 'ranked', 'haze', 'wraith']",2026-09-13,18-58-25,Sunday
318631154022,161432121,jnny,386821,Black Desert,690,2026-09-13T09:10:21Z,en,"['English', 'gamergirl', 'Drops', 'girl', 'girlgamers', 'DropsEnabled']",2026-09-13,18-58-25,Sunday
318436978663,916028465,felikah,509663,Special Events,690,2026-09-13T11:16:45Z,de,"['Deutsch', 'gaming', '7tv', 'Ragebait', 'Wutköder', 'Satire', 'DropsAktiviert']",2026-09-13,18-58-25,Sunday
318435326695,499652341,salmmus,33175,South Park: The Stick of Truth,690,2026-09-13T08:10:50Z,en,"['English', 'bully', 'Dentge', 'womaninkitchen', 'NotAGodGamer', 'CrazyCatLady', 'LoudAF']",2026-09-13,18-58-25,Sunday
320291365212,1389671297,shinchan_oficial,1398657661,Anime Squad,684,2026-09-12T06:54:21Z,es,['Español'],2026-09-13,18-58-25,Sunday
318428374759,142299815,coinspin,515024,Diablo IV,682,2026-09-12T17:38:57Z,de,"['Deutsch', 'SUBtember', 'diablo2resurrected', 'D2R', 'd2resurrected', '7daystodie', '7days2die', 'DropsAktiviert']",2026-09-13,18-58-25,Sunday
317750050915,118722736,zerator_247,499973,Always On,680,2026-09-13T03:00:04Z,fr,"['AlwaysOn', '247Stream', '247Live', 'nonstop', 'replay', 'Français', 'Rediffusion']",2026-09-13,18-58-25,Sunday
315988668625,199584859,casson,509658,Just Chatting,680,2026-09-12T21:29:37Z,en,"['British', 'English', 'chatting', 'horrorgames', 'DropsEnabled']",2026-09-13,18-58-25,Sunday
318570491109,39176548,zeus,32399,Counter-Strike,677,2026-09-13T10:52:11Z,ru,['Русский'],2026-09-13,18-58-25,Sunday
318569378533,126324637,maty,31339,Project Zomboid,675,2026-09-13T09:02:32Z,de,['Deutsch'],2026-09-13,18-58-25,Sunday
317715238242,61582473,botkz,21779,League of Legends,675,2026-09-13T09:31:26Z,fr,"['Français', 'HPI', '1m80', 'TrendSetter', 'DropsActivés']",2026-09-13,18-58-25,Sunday
317738794596,38284441,sakor_,504461,Super Smash Bros. Ultimate,674,2026-09-13T08:14:05Z,fr,"['Français', 'Solary', 'Esport', 'Gaming', 'multigaming', 'goat', 'mageblanc', 'jeuxvidéo']",2026-09-13,18-58-25,Sunday
318569033445,241373177,outplayedbyjade,509672,IRL,673,2026-09-13T08:24:34Z,en,"['IRL', 'Nederlands', 'English', 'Woman', 'ADHD', 'Community', 'Interactive', 'Outdoors', 'Asia', 'Thailand']",2026-09-13,18-58-25,Sunday
317739226980,104659233,fifakillvizualz,512710,Call of Duty: Warzone,671,2026-09-13T09:42:50Z,en,['English'],2026-09-13,18-58-25,Sunday
319211861591,172170148,toptierkid,1264310518,Marvel Rivals,671,2026-09-13T05:14:50Z,en,"['English', 'TTK', 'Controller', 'xQc', 'KaiCenat', 'StableRonaldo', 'Lacy', 'Jynxzi', 'CaseOh', 'DropsEnabled']",2026-09-13,18-58-25,Sunday
316084436202,509560125,develique,509658,Just Chatting,669,2026-09-13T09:24:35Z,en,"['English', 'Australian', 'FirstPlaythrough', 'DropsEnabled']",2026-09-13,18-58-25,Sunday
318569871461,120079562,dinossindgeil,519291,Black Myth: Wukong,668,2026-09-13T09:54:34Z,en,"['NoHit', 'English', 'Speedrun', 'eldenring', 'Marathon', 'german', 'eldenring']",2026-09-13,18-58-25,Sunday
318570527077,629814814,cehr45,509658,Just Chatting,663,2026-09-13T10:55:41Z,ru,"['Русский', 'DropsВключены']",2026-09-13,18-58-25,Sunday
315523077744,1001266615,moondogs_celestial,516575,VALORANT,662,2026-09-13T06:23:12Z,zh,"['Vtuber', 'fps', '中文']",2026-09-13,18-58-25,Sunday
316863296854,408833527,markl1nck,32399,Counter-Strike,660,2026-09-13T04:27:26Z,ru,"['Русский', 'strogo']",2026-09-13,18-58-25,Sunday
318434363495,82173521,kenrhen,21779,League of Legends,655,2026-09-13T04:37:17Z,it,['Italiano'],2026-09-13,18-58-25,Sunday
316864782294,506447495,closetape,32399,Counter-Strike,655,2026-09-13T10:58:38Z,ru,['Русский'],2026-09-13,18-58-25,Sunday
318569651813,39176538,edward,32399,Counter-Strike,655,2026-09-13T09:31:23Z,ru,['Русский'],2026-09-13,18-58-25,Sunday
317738913380,165705750,resenascortas,509663,Special Events,654,2026-09-13T08:39:53Z,es,"['videojuegos', 'humor', 'comedia', 'reaccion', 'charla', 'cozy', 'relax', 'indie', 'Español', 'DropsActivados']",2026-09-13,18-58-25,Sunday
315989815633,798511787,reversalgg,630009802,MARVEL TŌKON: Fighting Souls,652,2026-09-13T07:46:37Z,en,"['English', 'League', 'gloryus']",2026-09-13,18-58-25,Sunday
321522963675,1009162289,firo_orakel,509658,Just Chatting,651,2026-09-13T10:14:20Z,de,"['Deutsch', 'Deutschland', 'Wiederholen', 'DropsAktiviert']",2026-09-13,18-58-25,Sunday
316508137331,836587213,crtopioxd,511224,Apex Legends,651,2026-09-13T07:58:23Z,ja,"['CR', '日本語', '顔出し配信', 'fps', '寝起き', 'ストグラ']",2026-09-13,18-58-25,Sunday
316508536051,271117427,m2_kento_heluan,32982,Grand Theft Auto V,651,2026-09-13T10:02:24Z,ja,"['オンライン', 'FPS', '実況プレイ', '日本語', 'valorant', 'ストグラ', 'グラセフ5オンライン', '雑談', 'Drops有効']",2026-09-13,18-58-25,Sunday
316832564949,65560166,jaxstyle,509672,IRL,650,2026-09-13T09:37:41Z,da,"['Dansk', 'EDM', 'DJ', 'producer', 'IRL', 'Festival', 'English']",2026-09-13,18-58-25,Sunday
318568665061,40062501,dychacs,32399,Counter-Strike,649,2026-09-13T07:29:46Z,pl,"['Polski', 'faceit', 'cs2faceit', 'Powtórka']",2026-09-13,18-58-25,Sunday
317714806242,185913819,recuerd0p,33214,Fortnite,646,2026-09-13T08:17:28Z,es,"['Fortnite', 'fortnıte', 'ＦＯＲＴＮＩＴＥ', 'fortnìte', 'directo', 'DirectoJugando', 'fortnitegameplay', 'Español', 'epicpartner']",2026-09-13,18-58-25,Sunday
315489268078,792283715,auddk_77,509658,Just Chatting,646,2026-09-13T09:52:11Z,ko,"['한국어', 'English', 'korean', '드롭활성화됨']",2026-09-13,18-58-25,Sunday
318566064357,118291244,conducteir77,743893402,WARDOGS,644,2026-09-12T22:21:39Z,cs,"['Čeština', 'justcchatting', 'GAMING', 'Simulators', 'FunStreamer', 'MarblesonStream', 'best', 'PovolenéDrops']",2026-09-13,18-58-25,Sunday
316060308457,18362365,amieloo,12839,Heroes of Might and Magic III: The Restoration of Erathia,644,2026-09-13T09:56:43Z,ru,['Русский'],2026-09-13,18-58-25,Sunday
320347920096,139094686,punkdagod,55453844,Street Fighter 6,644,2026-09-13T07:55:19Z,en,"['Tournament', 'English']",2026-09-13,18-58-25,Sunday
317715128418,452724504,twickel,18122,World of Warcraft,640,2026-09-13T09:16:15Z,en,"['EU', 'English', 'FemaleCreators', 'Adventure', 'Cosygaming', 'DropsEnabled']",2026-09-13,18-58-25,Sunday
317715034082,123293742,dankol83,509658,Just Chatting,639,2026-09-13T09:01:27Z,it,"['Italiano', 'ridere', 'giochi', 'VETRINA', 'English', 'inter', 'calcio', 'cucina', 'cinema', 'DropAbilitati']",2026-09-13,18-58-25,Sunday
316083748586,28651510,migi_tw,509658,Just Chatting,639,2026-09-13T06:25:37Z,zh,"['歌唱', '不要控制我', '米姬電台', '不專業', '少囉嗦', '中文', '圖奇爛嘴大冠軍', '启用掉宝']",2026-09-13,18-58-25,Sunday
316907322196,732332618,squimeh,509658,Just Chatting,638,2026-09-13T10:12:52Z,ru,"['vtuber', 'втубер', 'аниме', 'ruvtuber', 'уют', 'девушка', 'Русский', 'казуал', 'общение', 'pitomnik']",2026-09-13,18-58-25,Sunday
316083076970,91156062,cutieno,32982,Grand Theft Auto V,637,2026-09-13T02:18:27Z,en,"['Roleplay', 'English', 'NoPixel', 'GTARP', 'DropsEnabled']",2026-09-13,18-58-25,Sunday
316441378417,122391197,shiro_manta,32982,Grand Theft Auto V,635,2026-09-13T11:00:40Z,ja,"['日本語', 'ネタバレ注意', '原稿のときはスクショ禁止', '鳩禁止', '固定コメント要確認', '左手デバイス', 'Drops有効']",2026-09-13,18-58-25,Sunday
321407822938,531980177,pleasingpoet,1669431183,DJs,634,2026-09-13T05:55:13Z,en,"['English', 'DropsEnabled']",2026-09-13,18-58-25,Sunday
318631082598,500047092,haselnuuuss,458781,No Man's Sky,632,2026-09-13T09:01:22Z,de,"['Deutsch', 'food', 'DropsAktiviert']",2026-09-13,18-58-25,Sunday
316441158385,860093376,mimoza_ow,515025,Overwatch,631,2026-09-13T10:02:53Z,ja,"['日本語', 'オーバーウォッチ2', 'English', 'ADHD', 'やらせ', 'overwatch', 'Drops有効']",2026-09-13,18-58-25,Sunday
316450453618,857409103,syoji_2525,32982,Grand Theft Auto V,630,2026-09-13T05:02:30Z,ja,"['日本語', 'Drops有効']",2026-09-13,18-58-25,Sunday
318436851303,701179228,dajeale_official,518203,Sports,629,2026-09-13T11:02:50Z,it,"['Italiano', 'calcio', 'calciomercato', 'DropAbilitati']",2026-09-13,18-58-25,Sunday
316084462314,724162819,makofukasame,509658,Just Chatting,627,2026-09-13T09:32:19Z,en,"['Woman', 'Australia', 'English', 'Vtuber', 'Hag', 'Collab', 'DropsEnabled']",2026-09-13,18-58-25,Sunday
316864903638,414553144,sanya_sniper2011,2132205352,Deadlock,626,2026-09-13T11:15:10Z,ru,['Русский'],2026-09-13,18-58-25,Sunday
318434753511,476237021,sophiexelisabeth,532149986,Shady Job,625,2026-09-13T06:24:08Z,de,"['cozy', 'gemütlich', 'entspannt', 'deutsch', 'weiblich', 'safespace', 'variety', 'german', 'simulator', 'Deutsch']",2026-09-13,18-58-25,Sunday
316060330473,440518979,a1u330_,516575,VALORANT,622,2026-09-13T10:02:13Z,zh,"['聊天', '中文', '我愛說實話']",2026-09-13,18-58-25,Sunday
320186945374,1171769612,jynxzi247,499973,Always On,622,2026-09-11T22:21:43Z,en,"['English', 'jynxzi', 'siege', 'rainbowixsiege', 'caseoh', 'kai']",2026-09-13,18-58-25,Sunday
318436388071,156862667,shnumi,509658,Just Chatting,621,2026-09-13T10:16:59Z,ru,"['Русский', 'Shnumi', 'Нора', 'общение', 'игры', 'юмор', 'новинки', 'DropsВключены']",2026-09-13,18-58-25,Sunday
317715015394,123122022,pandarina,509658,Just Chatting,617,2026-09-13T08:58:06Z,es,"['Español', 'Malaga', 'Pandarina', 'KOI', 'videojuegos', 'DropsActivados']",2026-09-13,18-58-25,Sunday
318567595109,1447297241,gtastyslots,498566,Slots,616,2026-09-13T02:55:04Z,de,['Deutsch'],2026-09-13,18-58-25,Sunday
316035222483,23179441,strippin,498592,I'm Only Sleeping,613,2026-09-12T19:29:25Z,en,"['English', 'Vtuber', 'RP', 'PingArthur']",2026-09-13,18-58-25,Sunday
318570897637,244703495,einholzkopf,27471,Minecraft,609,2026-09-13T11:29:07Z,de,"['einholzkopf', 'VTuber', 'Holzarbeiten', 'Holzi', 'Animation', 'Deutsch', 'DropsAktiviert']",2026-09-13,18-58-25,Sunday
320308400476,419574952,boggles,460630,Rainbow Six Siege,605,2026-09-13T10:47:39Z,en,"['Australia', 'ADHD', 'ishowspeed', 'English', 'jynxzi', '7TV', 'OCE', 'hivise']",2026-09-13,18-58-25,Sunday
318436575335,66551495,knueppelpaste,743893402,WARDOGS,603,2026-09-13T10:35:07Z,de,"['Deutsch', 'eigentlichganznett', 'PvP', 'vollderProfi', 'EFT', 'Lehrreich', 'DropsAktiviert']",2026-09-13,18-58-25,Sunday
318631237734,48481281,blindermine,509658,Just Chatting,600,2026-09-13T09:20:28Z,ru,"['Русский', 'ХК', 'хкссф', 'владос', 'горностай', 'DropsВключены']",2026-09-13,18-58-25,Sunday
320194740702,140313390,verybadscav,743893402,WARDOGS,599,2026-09-12T09:12:02Z,en,"['English', 'DropsEnabled']",2026-09-13,18-58-25,Sunday
317443225207,452321499,lopezfnx,509658,Just Chatting,599,2026-09-13T11:31:54Z,es,"['España', 'Español', 'DropsActivados']",2026-09-13,18-58-25,Sunday
316451961586,133283966,tori_baado,508455,Valheim,599,2026-09-13T10:43:02Z,ja,"['日本語', 'とりバード']",2026-09-13,18-58-25,Sunday
318569758181,488187640,juicerewards,1813168901,LEGO Batman: Legacy of the Dark Knight,597,2026-09-13T09:43:26Z,en,"['drops', 'Badge', 'Badges', 'BadgeHunters', 'DropsEnabled', 'Harley', 'batman', 'legobatmanlegacy', 'English']",2026-09-13,18-58-25,Sunday
320340134368,400999129,clout,509658,Just Chatting,597,2026-09-12T22:03:45Z,en,"['English', 'DropsEnabled', 'GamerCasual', 'melly']",2026-09-13,18-58-25,Sunday
318569722981,52616898,imsofresh,21779,League of Legends,594,2026-09-13T09:39:38Z,fr,['Français'],2026-09-13,18-58-25,Sunday
316833214037,571247775,float735,32399,Counter-Strike,593,2026-09-13T11:43:52Z,ru,"['English', 'Русский']",2026-09-13,18-58-25,Sunday
319213129047,88147955,misoxshiru,1702520304,Path of Exile 2,591,2026-09-13T07:11:44Z,en,"['kpop', 'English', 'NewPlayersWelcome', 'jpop', 'Anime']",2026-09-13,18-58-25,Sunday
319210530647,10217631,patty,1371351268,La-Mulana,591,2026-09-13T03:40:32Z,en,"['Bald', 'Masculine', 'GigaChad', 'Nobackseating', 'English', 'NoHints', 'NoHelp', 'NoHelpUnlessAsked', 'MONKEY']",2026-09-13,18-58-25,Sunday
316450542322,407389031,ninja_inui,743893402,WARDOGS,590,2026-09-13T05:21:55Z,ja,"['日本語', 'アドバイス禁止', 'ネタバレ禁止', 'Drops有効']",2026-09-13,18-58-25,Sunday
317713244514,38446500,revenant,518764,Kukoro: Stream Chat Games,590,2026-09-12T22:52:42Z,es,['Español'],2026-09-13,18-58-25,Sunday
318570582885,102124149,lollinoba,93798731,F1 25,587,2026-09-13T11:00:20Z,it,"['F1', 'Formula1', 'f126', 'F1GAME', 'Italiano', 'f1dlc', 'motorsport', 'simracing', 'F1Italia', 'SpanishGP']",2026-09-13,18-58-25,Sunday
316906707028,1193685437,samoylov___,401587136,Arena Breakout: Infinite,585,2026-09-13T08:00:19Z,ru,"['Russia', 'Русский']",2026-09-13,18-58-25,Sunday
316907872724,872104016,honeyglouw,493887283,Casino,585,2026-09-13T11:47:39Z,ru,"['Русский', 'English']",2026-09-13,18-58-25,Sunday
315990247377,438062587,tigz,491931,Escape from Tarkov,585,2026-09-13T11:12:01Z,en,['English'],2026-09-13,18-58-25,Sunday
317714864354,81978976,sock22,32982,Grand Theft Auto V,583,2026-09-13T08:29:26Z,en,"['English', 'Roleplay', 'NoPixelWL', 'NoPixel', 'nopixelV', 'DropsEnabled']",2026-09-13,18-58-25,Sunday
318436459239,21255999,kritzkast,16676,Team Fortress 2,583,2026-09-13T10:24:05Z,en,"['English', 'DropsEnabled']",2026-09-13,18-58-25,Sunday
318630934758,168492696,phantasm__,21779,League of Legends,582,2026-09-13T08:42:33Z,en,['English'],2026-09-13,18-58-25,Sunday
316864360790,1290671880,winline_media_league,509658,Just Chatting,582,2026-09-13T09:55:06Z,ru,"['медиалига', 'мфл', 'mediafootballleague', 'Русский', 'медиа', 'медиафутбол', 'футбол', 'спорт', 'медийка', 'DropsВключены']",2026-09-13,18-58-25,Sunday
317714281058,1531638699,eviegarbe,509672,IRL,582,2026-09-13T04:43:31Z,en,"['English', 'dailystreamer', 'outfit', 'haul', 'yoga', 'Dance', 'IRL', 'women', 'newstreamer', 'Rerun']",2026-09-13,18-58-25,Sunday
316060213737,598287720,zorthas,18122,World of Warcraft,581,2026-09-13T09:26:58Z,en,"['English', 'Australian', 'Tomato', 'Shaman', 'DropsEnabled']",2026-09-13,18-58-25,Sunday
316832518741,205834804,shuva1ord,138585,Hearthstone,581,2026-09-13T09:27:29Z,ru,"['апм', 'drops', 'абузер', 'Русский']",2026-09-13,18-58-25,Sunday
315990249297,115667658,ponden,518203,Sports,579,2026-09-13T11:12:39Z,en,"['English', 'F1', 'Formula1', 'F1Live', 'SpanishGrandPrix', 'Spain', 'Madrid', 'Madring', 'Race']",2026-09-13,18-58-25,Sunday
319208187479,217629686,dgthe99,509658,Just Chatting,578,2026-09-13T01:05:02Z,en,"['English', 'dgthe99', 'duketucker', 'GTARP', 'Rerun', 'DropsEnabled']",2026-09-13,18-58-25,Sunday
316832165077,839776294,stroganov,491487,Dead by Daylight,575,2026-09-13T08:03:12Z,ru,"['русский', 'сурвомейн', 'мемы', 'Русский']",2026-09-13,18-58-25,Sunday
316508115059,86721451,assiikun,511224,Apex Legends,575,2026-09-13T07:51:30Z,ja,"['日本語', 'APEX', 'エーペックス', 'ALGS', 'Drops有効']",2026-09-13,18-58-25,Sunday
318570488677,44096715,bandurka,32399,Counter-Strike,574,2026-09-13T10:51:58Z,ru,"['Русский', 'donk', 's1mple', 'bandurka', 'teamspirit', 'cs2', 'faceit']",2026-09-13,18-58-25,Sunday
318632499942,147649918,dimeax,27471,Minecraft,573,2026-09-13T11:35:52Z,de,"['Deutsch', 'DropsAktiviert']",2026-09-13,18-58-25,Sunday
317751088739,180847952,clara_doxal,509658,Just Chatting,572,2026-09-13T09:28:22Z,fr,"['Français', 'discussion', 'DropsActivés']",2026-09-13,18-58-25,Sunday
316832628181,897352307,poisonika,369259,Wolfenstein: The New Order,570,2026-09-13T09:52:08Z,ru,['Русский'],2026-09-13,18-58-25,Sunday
317739009508,30196776,squirrel,1959131435,The Last Caretaker,570,2026-09-13T09:00:11Z,en,"['simulation', 'familyfriendly', 'educational', 'Educational', 'English', 'NoOneSearchesTags', 'TaggyMcTagFace']",2026-09-13,18-58-25,Sunday
316833017173,501048449,clean_killl,509658,Just Chatting,570,2026-09-13T11:08:09Z,ru,"['Русский', '192', 'шоу', 'музыка', 'шоумен', 'DropsВключены']",2026-09-13,18-58-25,Sunday
318435173223,113537067,harmii,516575,VALORANT,569,2026-09-13T07:49:01Z,de,"['Deutsch', 'radiant']",2026-09-13,18-58-25,Sunday
316440754289,695170110,eternalreturn_tpe,512864,Eternal Return,568,2026-09-13T07:55:26Z,zh,"['Drops', '中文', '官方轉播', '比賽講評', 'EternalReturn', '永恆輪迴', '启用掉宝']",2026-09-13,18-58-25,Sunday
316021279080,56693129,megaa,743893402,WARDOGS,566,2026-09-13T05:00:11Z,en,"['Vtuber', 'Australia', 'Cat', 'English', 'Yapper', 'ManILoveFrogs', 'DropsEnabled']",2026-09-13,18-58-25,Sunday
320321722848,100408103,zchum,498592,I'm Only Sleeping,566,2026-09-11T17:03:50Z,en,"['English', 'DropsEnabled']",2026-09-13,18-58-25,Sunday
316010678226,627054220,katecirrus,32982,Grand Theft Auto V,564,2026-09-13T07:25:57Z,en,"['gta', 'English', 'Roleplay', 'WhatTheHeck', 'FiveMRolePlay', 'GTARP', 'NoPixelWL', 'NoPixelRP', 'DropsEnabled']",2026-09-13,18-58-25,Sunday
318631447910,26308313,wanderbraun,1260,Age of Mythology,562,2026-09-13T09:47:04Z,ru,"['История', 'Стратегии', 'Русский', 'RTS', 'Киберспорт', 'Warcraft', 'PvP', 'Українець']",2026-09-13,18-58-25,Sunday
316832846293,1134449363,mirzalievmma,493057,PUBG: BATTLEGROUNDS,560,2026-09-13T10:36:38Z,ru,"['спб', 'Русский', 'пабг', 'гта5рп', 'гта', 'мск', 'pubg', 'рекомендации', 'ирл', 'Повтор']",2026-09-13,18-58-25,Sunday
318631968870,27757893,x6flipin,32399,Counter-Strike,559,2026-09-13T10:42:56Z,es,"['flipin', 'faceit', 'TGD', 'Español', 'counterstrike2', 'cs2', 'premier']",2026-09-13,18-58-25,Sunday
317751907555,169527258,pandorelol,21779,League of Legends,559,2026-09-13T11:40:52Z,fr,"['GIGACHAD', 'Yeslife', 'Français', 'Pouler', 'Permaban', 'Reacteur', 'Régulier', 'HenryCavill']",2026-09-13,18-58-25,Sunday
317750863587,87781790,fakeheal66,18122,World of Warcraft,558,2026-09-13T08:43:54Z,fr,"['Français', 'DropsActivés']",2026-09-13,18-58-25,Sunday
316212917740,1539103058,fissure_playground_1,32399,Counter-Strike,557,2026-09-13T08:56:00Z,en,"['FISSUREPLAYGROUND', 'English', 'G2Esports', 'legacy', 'g2', 'CS2', 'CS2Tournament', 'counterstrike2', 'Russian']",2026-09-13,18-58-25,Sunday
318413306087,56148610,aethelthryth,27471,Minecraft,557,2026-09-11T15:06:36Z,bg,"['Български', 'СРазрешениDrops']",2026-09-13,18-58-25,Sunday
317715673314,146242604,broskifgc,2030977008,Avatar Legends: The Fighting Game,557,2026-09-13T10:30:55Z,en,"['English', 'Charity']",2026-09-13,18-58-25,Sunday
320307141084,1242487781,rdcwaitingroom_,499973,Always On,556,2026-09-13T05:32:05Z,en,['English'],2026-09-13,18-58-25,Sunday
321409238234,690460356,darkmasuotv,1942877452,Tree of Savior: Neverland,555,2026-09-13T10:01:22Z,ja,['日本語'],2026-09-13,18-58-25,Sunday
319211081943,38878346,notmes,18122,World of Warcraft,555,2026-09-13T04:17:22Z,en,"['English', 'PvP', 'DropsEnabled']",2026-09-13,18-58-25,Sunday
318629138662,599459353,knebel_de,71375,Star Citizen,555,2026-09-13T01:48:20Z,de,['Deutsch'],2026-09-13,18-58-25,Sunday
316863946326,128843214,kenon__,32982,Grand Theft Auto V,554,2026-09-13T08:29:06Z,pl,"['polska', 'Polski', 'DropyWłączone', 'NoPixelV']",2026-09-13,18-58-25,Sunday
315503757167,1304472246,yangsunss,509658,Just Chatting,552,2026-09-13T11:18:00Z,zh,"['中文', 'slots', '帥哥', '型男', '幽默', '溫柔', '貼心', '風趣', '斯文', '處男']",2026-09-13,18-58-25,Sunday
320209485662,254818312,bellum,513143,Teamfight Tactics,552,2026-09-13T06:07:20Z,en,"['English', 'Competitive', 'Anime', 'old', 'washedplayer', 'dog']",2026-09-13,18-58-25,Sunday
316864831446,110527823,nelk0r,743893402,WARDOGS,550,2026-09-13T11:05:06Z,ru,"['gta5', 'ＧTA5', 'Majestic', 'MajesticRP', 'gta5rp', 'Roleplay', 'CENTRAL', 'amazing', 'SOUTHCENTRAL', 'Русский']",2026-09-13,18-58-25,Sunday
315989912529,698851364,lewisaoe,13389,Age of Empires II,548,2026-09-13T08:37:14Z,en,"['aoe2', 'aoe2DE', 'ageofempires2', 'Strategy', 'English']",2026-09-13,18-58-25,Sunday
321333893465,172390266,hiimsky,515025,Overwatch,547,2026-09-12T16:30:06Z,en,"['SPEEDSPORT', 'English', 'zarya', 'zarya', 'zarya', 'zarya', 'zarya', 'zarya', 'zarya', 'DropsEnabled']",2026-09-13,18-58-25,Sunday
316060446825,700221583,mrpokke,213930085,Honkai: Star Rail,547,2026-09-13T10:41:38Z,en,"['English', 'Singapore', 'Comfy', 'Educational', 'LOUD', 'Vtuber', 'ADHD', 'OVERWORKING', 'Chinese', 'DropsEnabled']",2026-09-13,18-58-25,Sunday
316037123795,58541114,anthonydaytv,32982,Grand Theft Auto V,544,2026-09-13T10:01:48Z,en,"['English', 'UK', 'PlayingWithViewers', 'EASportsFC', 'FC26', 'FUTChampions', 'TeamOfTheWeek', 'TOTW', 'UltimateTeam', 'DropsEnabled']",2026-09-13,18-58-25,Sunday
316508538611,627111855,akami,458781,No Man's Sky,543,2026-09-13T10:03:05Z,en,"['ADHD', 'Woman', 'English', 'VTuber', 'zatsudan', 'ActualMoron', 'LGBTQIAPIus', 'chattingwithviewers', 'DeadWeight', 'DropsEnabled']",2026-09-13,18-58-25,Sunday
316508143091,744903019,valorantesports_cn,516575,VALORANT,542,2026-09-13T08:00:12Z,zh,"['valorantesports', '中文', 'VCTCN']",2026-09-13,18-58-25,Sunday
318434350055,68406726,odpixel,29595,Dota 2,542,2026-09-13T04:32:17Z,en,"['ODPixel', 'English', 'mmr', 'Ranked']",2026-09-13,18-58-25,Sunday
317751138275,99121518,torro,743893402,WARDOGS,541,2026-09-13T09:38:03Z,de,"['Deutsch', 'DropsAktiviert']",2026-09-13,18-58-25,Sunday
318437233639,176121765,vladilol_,21779,League of Legends,539,2026-09-13T11:43:12Z,en,['English'],2026-09-13,18-58-25,Sunday
316832987605,1077117441,filtrbob,983841243,Off The Grid,538,2026-09-13T11:02:46Z,en,"['English', 'russıan', 'OffTheGrid']",2026-09-13,18-58-25,Sunday
316829155157,808203756,r2cronus,502829,R2 Online: Reign of Revolution,538,2026-09-12T17:54:18Z,ru,"['Русский', 'R2Online']",2026-09-13,18-58-25,Sunday
321347026137,857136175,hahabeamxd,18122,World of Warcraft,535,2026-09-13T04:33:53Z,en,"['autism', 'girlgamer', 'mythicplus', 'pve', 'havoc', 'demonhunter', 'devourerdh', 'English']",2026-09-13,18-58-25,Sunday
316082891882,137270482,salberry,458781,No Man's Sky,535,2026-09-13T01:00:23Z,en,"['British', 'Australia', 'ADHD', 'English', 'asmr', 'woman', 'girl', 'feet', 'microscape', 'optoutofaitraining']",2026-09-13,18-58-25,Sunday
318632470502,29750090,paoloidolo,509658,Just Chatting,534,2026-09-13T11:32:51Z,it,"['JUST', 'CHATTING', 'QUATTRO', 'CHIACCHIERE', 'PAOLOCANNONE', 'PAOLOIDOLO', 'ITALIANO', 'DRAMA', 'Italiano', 'DropAbilitati']",2026-09-13,18-58-25,Sunday
317714778082,115737878,wati,21779,League of Legends,534,2026-09-13T08:10:41Z,fr,"['Français', 'Machine', 'aimbot', 'HEADSHOT', 'valorant']",2026-09-13,18-58-25,Sunday
316440824177,684676838,immikeyyyz,511224,Apex Legends,534,2026-09-13T08:14:41Z,ja,"['日本語', 'Drops有効']",2026-09-13,18-58-25,Sunday
316083559274,195047234,dragneel_fh,29595,Dota 2,534,2026-09-13T05:20:48Z,ru,"['Русский', 'dota', 'dota2', 'дота']",2026-09-13,18-58-25,Sunday
318630538214,28635446,mrtweeday,32399,Counter-Strike,533,2026-09-13T07:44:41Z,en,['English'],2026-09-13,18-58-25,Sunday
316010980178,41684297,mmorpg,459931,Old School RuneScape,533,2026-09-13T10:00:09Z,en,"['Juicy', 'English']",2026-09-13,18-58-25,Sunday
316864236374,23838963,mrrapolas,386821,Black Desert,532,2026-09-13T09:33:39Z,en,"['English', 'DropsEnabled']",2026-09-13,18-58-25,Sunday
316060508905,1292542047,zdog,33214,Fortnite,530,2026-09-13T11:00:10Z,en,"['English', 'Fortnite', 'battleroyale', 'Professional']",2026-09-13,18-58-25,Sunday
316451234674,144740532,japanese_restream,790563148,Chants of Sennaar,528,2026-09-13T07:52:38Z,ja,"['日本語', 'RTA', 'Speedrun']",2026-09-13,18-58-25,Sunday
316440879985,48851818,bamow,1445449971,No Results Found,526,2026-09-13T08:33:08Z,zh,"['中文', '世界樹計畫']",2026-09-13,18-58-25,Sunday
318957299957,51490775,jvzin7,32399,Counter-Strike,526,2026-09-13T10:11:58Z,pt,['Português'],2026-09-13,18-58-25,Sunday
316209059436,569096295,tsrzone,515024,Diablo IV,524,2026-09-12T12:56:07Z,en,"['English', 'DropsEnabled']",2026-09-13,18-58-25,Sunday
316907621716,1077117433,pepeshot101,983841243,Off The Grid,523,2026-09-13T11:02:59Z,en,"['English', 'Ukrainian', 'OTG', 'justcchatting']",2026-09-13,18-58-25,Sunday
316831933397,59829074,deerkufa,509658,Just Chatting,523,2026-09-13T06:57:28Z,ru,"['Русский', 'DropsВключены']",2026-09-13,18-58-25,Sunday
318568611813,37890401,trenlass,743893402,WARDOGS,522,2026-09-13T07:20:57Z,en,"['wows', 'drops', 'English', 'german', 'IRL', 'cars', 'DropsEnabled']",2026-09-13,18-58-25,Sunday
318569805925,120707836,beeblebum,458781,No Man's Sky,522,2026-09-13T09:48:06Z,en,"['English', 'Chill', 'Building', 'Laidback', 'TalksToChat', 'BackseatMeGently', 'Adventure', 'survival', 'scifi', 'DropsEnabled']",2026-09-13,18-58-25,Sunday
318570388325,787105615,esportstudion,32399,Counter-Strike,520,2026-09-13T10:42:55Z,sv,['Svenska'],2026-09-13,18-58-25,Sunday
315521447920,139417491,woojungx4,509658,Just Chatting,519,2026-09-12T15:22:15Z,ko,"['한국어', 'Dance', 'KPOP', 'ENG', 'english', 'asia', 'korea', 'KR', 'taiwan']",2026-09-13,18-58-25,Sunday
318435411431,39917814,kezman22,513143,Teamfight Tactics,519,2026-09-13T08:23:07Z,pl,['Polski'],2026-09-13,18-58-25,Sunday
318434910311,99350526,qaixx,263490,Rust,518,2026-09-13T06:58:41Z,en,"['English', 'Survival', 'PositiveMentalAttitude', 'Educational', 'Hottub', 'Serbian']",2026-09-13,18-58-25,Sunday
318568226789,401419334,janeli301,18122,World of Warcraft,517,2026-09-13T06:05:30Z,de,"['Deutsch', 'gamescom', 'DropsAktiviert']",2026-09-13,18-58-25,Sunday
318435236455,41259605,mythosofgaming,27284,Retro,517,2026-09-13T07:59:06Z,de,['Deutsch'],2026-09-13,18-58-25,Sunday
318631507430,31890957,stovepov,18122,World of Warcraft,516,2026-09-13T09:54:40Z,en,"['RWF', 'MythicPlus', 'English', 'DropsEnabled']",2026-09-13,18-58-25,Sunday
321523071579,77955892,donacs,32399,Counter-Strike,515,2026-09-13T10:50:21Z,en,"['english', 'cs2', 'counterstrike', 'dona', 'donacs', 'kitchen', 'English']",2026-09-13,18-58-25,Sunday
318556777061,41595433,whyandr3w,1264310518,Marvel Rivals,512,2026-09-12T09:15:25Z,en,"['English', 'Competitive', 'Vanguard', 'Educational', 'Top500', 'Venom', 'Hood', 'DropsEnabled']",2026-09-13,18-58-25,Sunday
316451987186,177077276,hyoujun6238,743893402,WARDOGS,511,2026-09-13T10:48:12Z,ja,"['日本語', 'Drops有効']",2026-09-13,18-58-25,Sunday
318567840613,44536868,orzanel,27546,World of Tanks,509,2026-09-13T04:20:16Z,en,"['English', 'DropsEnabled']",2026-09-13,18-58-25,Sunday
318630340966,261668726,lev_britvaaa,464339927,ARC Raiders,507,2026-09-13T07:06:25Z,ru,"['LEV', 'BRITVA', 'Русский', 'Олимпиец', 'English', 'DropsВключены']",2026-09-13,18-58-25,Sunday
320301398748,9244832,timmac,743893402,WARDOGS,506,2026-09-12T23:16:52Z,en,"['Roleplay', 'English', 'DropsEnabled']",2026-09-13,18-58-25,Sunday
316440950257,1273506493,tokyosims,509658,Just Chatting,506,2026-09-13T08:56:57Z,en,"['English', 'IRL', 'Japan', 'Tokyo', 'Outdoors', 'Exploration', 'Asian', 'Variety', 'wasian', 'Interviews']",2026-09-13,18-58-25,Sunday
318569447781,170116408,bizentein,18122,World of Warcraft,504,2026-09-13T09:09:45Z,en,"['English', 'fitness', 'MMA', 'worldofwarcraft', 'DropsEnabled']",2026-09-13,18-58-25,Sunday
318630567142,84818837,cucu0015,876035584,Yet Another Zombie Survivors,503,2026-09-13T07:49:10Z,hu,"['Magyar', 'Gameplay', 'Hungarian', 'Hungary', 'devswelcome', 'Developers', 'MarathonCreator']",2026-09-13,18-58-25,Sunday
318630453478,1414567589,betboom_cs_ru4,32399,Counter-Strike,501,2026-09-13T07:29:00Z,ru,"['Русский', 'CCT', 'OlyBet', 'SAW', 'G2Ares', 'Oramond', 'GenOne']",2026-09-13,18-58-25,Sunday
317739008740,28968984,doctorbenjy,1313351584,Football Manager 26,501,2026-09-13T09:00:01Z,en,['English'],2026-09-13,18-58-25,Sunday
318436548199,29362252,inphratic,93798731,F1 25,501,2026-09-13T10:32:44Z,en,"['F1', 'Formula1', 'English', 'Portuguese', 'F125', 'iracing', 'LeMansUltimate']",2026-09-13,18-58-25,Sunday
316832986453,68153844,near_you,1393304883,Mir Tankov,500,2026-09-13T11:02:29Z,ru,"['mirtankov', 'миртанков', 'танки', 'nearyou', 'WorldofTanks', 'tanks', 'Русский']",2026-09-13,18-58-25,Sunday
316508109555,140819284,erycyoo,511224,Apex Legends,499,2026-09-13T07:49:16Z,zh,"['English', '中文', '启用掉宝']",2026-09-13,18-58-25,Sunday
316084876906,165165027,vixi,509658,Just Chatting,499,2026-09-13T11:24:41Z,en,"['mindbreak', 'forsen', 'ASMR', 'English', 'xqc', 'Anime', 'foxsu']",2026-09-13,18-58-25,Sunday
318631832166,85310009,casualaddict_,18122,World of Warcraft,498,2026-09-13T10:29:15Z,en,"['English', 'rogue', 'greek', 'mmorpg', 'WorldfofWarcraft', 'drops', 'Radio', 'music', 'musicplaylist', 'DropsEnabled']",2026-09-13,18-58-25,Sunday
317738654180,12645059,ribozome,1122982998,Dark Souls: Remastered,498,2026-09-13T07:39:10Z,fr,"['Français', 'EnglishSubtitles', 'EldenRing', 'LiesOfP', 'LordsOfTheFallen', 'Guide', 'Humour', '4K', 'SudOuest', 'Nightreign']",2026-09-13,18-58-25,Sunday
318569939173,639740883,streamwithlien,30921,Rocket League,497,2026-09-13T10:00:38Z,nl,"['Nederlands', 'Vrouwelijk', 'Nederland', 'gezellig', 'vrouw', 'justchatting', 'IRL', 'DropsIngeschakeld']",2026-09-13,18-58-25,Sunday
316907078484,123364886,timofey,493959,Red Dead Redemption II,496,2026-09-13T09:24:55Z,ru,['Русский'],2026-09-13,18-58-25,Sunday
317715096034,74101321,adcshiiro,21779,League of Legends,496,2026-09-13T09:10:38Z,es,['Español'],2026-09-13,18-58-25,Sunday
315503510255,555231486,ryan8503031,488190,Poker,496,2026-09-13T09:13:32Z,zh,['中文'],2026-09-13,18-58-25,Sunday
317751705059,190561431,matteu,32982,Grand Theft Auto V,495,2026-09-13T11:10:59Z,en,"['English', 'NoPixel', 'RP', 'NoPixelWL', 'manor', 'LSPD', 'NopixelV', 'DropsEnabled']",2026-09-13,18-58-25,Sunday
318630882278,259373425,tj77,509658,Just Chatting,495,2026-09-13T08:34:39Z,en,"['Serbia', 'Serbian', 'OldManYellsAtThings', 'English', 'Chatting', 'IRL', 'beardarmy', 'Chıll', 'Casual', 'SafeSpace']",2026-09-13,18-58-25,Sunday
316010741202,55974086,thedementedsalad,1122982998,Dark Souls: Remastered,495,2026-09-13T08:00:35Z,en,"['English', 'Dude', 'Getting', 'His', 'Salad', 'Tossed', 'DropsEnabled']",2026-09-13,18-58-25,Sunday
321521131099,615127178,thefoxyfae,18122,World of Warcraft,494,2026-09-13T05:17:27Z,en,"['Female', 'AnonymousFollows', 'ADHD', 'English', 'Central', 'LurkFriendly', 'Cozy', 'OperaGX', 'DropsEnabled']",2026-09-13,18-58-25,Sunday
320210253406,98506045,mutex,512710,Call of Duty: Warzone,493,2026-09-13T08:22:36Z,en,"['English', 'french', 'arabic', 'monsterenergy', 'cod', 'warzone', 'Solos', 'calldofduty', 'Rerun']",2026-09-13,18-58-25,Sunday
316021873512,270232021,justketh,509658,Just Chatting,493,2026-09-13T08:18:45Z,en,"['English', 'IRL', 'Travel', 'ภาษาไทย', 'justchatting', 'girl', 'Thailand', 'Pattaya', 'DropsEnabled']",2026-09-13,18-58-25,Sunday
318569514341,28213443,rax1337,516575,VALORANT,492,2026-09-13T09:16:37Z,de,"['Deutsch', 'English', 'Ranked', 'Pro', 'DropsAktiviert']",2026-09-13,18-58-25,Sunday
316441148785,552713551,osi0sio,32982,Grand Theft Auto V,492,2026-09-13T10:00:17Z,ja,"['日本語', '参加型', 'ストグラ', 'Vtuber', 'Japanese', '難聴', 'girl', 'ARK', 'ASMR', '調味料']",2026-09-13,18-58-25,Sunday
316021983848,204113138,yunabb,516575,VALORANT,491,2026-09-13T08:54:26Z,zh,"['中文', 'fps', '遊戲']",2026-09-13,18-58-25,Sunday
316833136725,42415435,afoninje,493959,Red Dead Redemption II,490,2026-09-13T11:29:33Z,ru,['Русский'],2026-09-13,18-58-25,Sunday
321349835865,1399830293,tierheimtiereev,509672,IRL,490,2026-09-13T09:37:15Z,de,"['tiere', 'tierheim', 'Hunde', 'Katzen', 'Tierschutz', 'Haustiere', 'Deutsch', 'Welpen', 'kitten', 'kittencam']",2026-09-13,18-58-25,Sunday
319193634007,782947440,policechasenetwork,509658,Just Chatting,490,2026-09-11T23:54:33Z,en,"['English', 'feet', 'DropsEnabled']",2026-09-13,18-58-25,Sunday
318569097317,144924031,kiittwy,21779,League of Legends,490,2026-09-13T08:32:46Z,en,"['English', 'Chinese', '中文', 'Esports', 'LPL', 'LCP', 'LCK', 'LEC', 'Lolesports', 'Educational']",2026-09-13,18-58-25,Sunday
319211614295,90229091,extesyy,511224,Apex Legends,489,2026-09-13T04:56:08Z,en,"['English', 'gaming', 'egirl', 'eboygamer', 'feet', 'mommyasmr']",2026-09-13,18-58-25,Sunday
316441041649,785038920,aoharudayo,32982,Grand Theft Auto V,488,2026-09-13T09:27:36Z,ja,"['日本語', 'Drops有効']",2026-09-13,18-58-25,Sunday
316900726228,632543201,szzalony,516575,VALORANT,488,2026-09-12T10:51:00Z,pl,['Polski'],2026-09-13,18-58-25,Sunday
316852554838,1452895933,orangemorangeslots,498566,Slots,487,2026-09-11T16:00:44Z,de,['Deutsch'],2026-09-13,18-58-25,Sunday
319203485015,7832442,rifftrax,499973,Always On,486,2026-09-12T18:17:49Z,en,['English'],2026-09-13,18-58-25,Sunday
316440733297,26599617,nwbigboss,743893402,WARDOGS,486,2026-09-13T07:49:26Z,zh,"['中文', '心理健康', '偶像', '老人復健', '启用掉宝']",2026-09-13,18-58-25,Sunday
319203830487,80585512,yusuf7n,27471,Minecraft,484,2026-09-12T18:52:45Z,en,"['English', 'KODE', 'STICKTOTHEKODE', 'DropsEnabled']",2026-09-13,18-58-25,Sunday
317750903011,685413118,veqaj_,516575,VALORANT,484,2026-09-13T08:52:13Z,fr,"['Français', 'radiant', 'topradiant', 'English']",2026-09-13,18-58-25,Sunday
318435985511,47681327,hirnsturz,271304,7 Days to Die,484,2026-09-13T09:34:14Z,de,['Deutsch'],2026-09-13,18-58-25,Sunday
316060055145,1343715937,verafromnord,509658,Just Chatting,482,2026-09-13T08:37:50Z,ru,"['Русский', 'girl', 'общение', 'девушка', 'фитнес', 'gym', 'fitness', 'Бали', 'Bali', 'IRL']",2026-09-13,18-58-25,Sunday
318632158694,719598628,antifa,515214,Politics,481,2026-09-13T11:01:51Z,de,"['Deutsch', 'Politik', 'Reaction', 'IRL', 'Demo', 'Protest', 'Antifa', '161', 'FCKNZS', 'FCKAFD']",2026-09-13,18-58-25,Sunday
318435501671,236329859,heawin,493057,PUBG: BATTLEGROUNDS,481,2026-09-13T08:37:30Z,de,"['Deutsch', 'DropsAktiviert']",2026-09-13,18-58-25,Sunday
315990101713,32536070,y0nd,29595,Dota 2,480,2026-09-13T10:05:08Z,ru,"['Русский', 'HolidayHoppla', 'Повтор']",2026-09-13,18-58-25,Sunday
318560596069,111768177,chessgenie,27546,World of Tanks,479,2026-09-12T15:22:18Z,de,"['Deutsch', 'DropsAktiviert']",2026-09-13,18-58-25,Sunday
316021475944,1330894685,ocedexx,33214,Fortnite,478,2026-09-13T06:09:12Z,en,"['Australian', 'Oceania', 'Blazer', 'Competitive', 'English', 'ViewingParty', 'FNCS', 'OCE']",2026-09-13,18-58-25,Sunday
316451331826,793306404,kakigoori7,511224,Apex Legends,477,2026-09-13T08:15:17Z,ja,"['日本語', 'apexlegegnds', 'Drops有効']",2026-09-13,18-58-25,Sunday
316037134163,710274991,amanthi___,32982,Grand Theft Auto V,477,2026-09-13T10:05:14Z,en,"['funny', 'english', 'roleplay', 'gtav', 'nopixel', 'English', 'potatogamer', 'rockstargames', 'NopixelV', 'npv']",2026-09-13,18-58-25,Sunday
318434851687,54884216,papapawian,27546,World of Tanks,477,2026-09-13T06:46:43Z,pl,"['Polski', 'DropyWłączone']",2026-09-13,18-58-25,Sunday
316010431442,27060634,stealthygolem,27284,Retro,476,2026-09-13T04:58:54Z,en,"['English', 'Cozy', 'Ally', 'Retro', 'LurkerFriendly', 'Comfy', 'Norwegian', 'Norsk', 'AIOptedOut']",2026-09-13,18-58-25,Sunday
318631299174,468083960,twostone,513143,Teamfight Tactics,476,2026-09-13T09:28:46Z,de,"['Deutsch', 'English', 'mid', 'Competitive', 'midlaner', 'Lore']",2026-09-13,18-58-25,Sunday
321393451738,10817445,itmejp,498592,I'm Only Sleeping,476,2026-09-12T14:59:56Z,en,"['English', 'HearingImpaired', 'DLSS5OnJackBlack', 'OptOutOfGenAI', 'DropsEnabled']",2026-09-13,18-58-25,Sunday
316864982102,505730173,excsise,32982,Grand Theft Auto V,476,2026-09-13T11:27:06Z,ru,"['Русский', 'DropsВключены']",2026-09-13,18-58-25,Sunday
318568045413,152767523,gucciwarrior_eu,18122,World of Warcraft,475,2026-09-13T05:21:21Z,de,"['Deutsch', 'DropsAktiviert']",2026-09-13,18-58-25,Sunday
318631533670,139182149,lairas_,18122,World of Warcraft,475,2026-09-13T09:57:54Z,en,"['English', 'DropsEnabled']",2026-09-13,18-58-25,Sunday
316451330418,712986706,xtsuvi_,511224,Apex Legends,475,2026-09-13T08:14:50Z,ja,"['日本語', 'Drops有効']",2026-09-13,18-58-25,Sunday
318895283702,52614128,thedarkness,743893402,WARDOGS,474,2026-09-13T01:18:25Z,pt,"['cs', 'battlefield', 'gta', 'GTARP', 'GTARP', 'warzone', 'calldofduty', 'modernwarfare4', 'modernwarfare4beta', 'Português']",2026-09-13,18-58-25,Sunday
316060492649,477712593,supersarahandfriends,509660,Art,473,2026-09-13T10:55:59Z,en,"['English', 'art', 'Cosplay', 'Makeup', 'facepaint', 'transformers', 'rippetercullen', 'DropsEnabled']",2026-09-13,18-58-25,Sunday
316060290409,80540598,razziebinx,29595,Dota 2,473,2026-09-13T09:51:30Z,en,"['English', 'ADHD', 'valorant', 'Filipino', 'Horror', 'poor', 'LoudAF', 'depressed']",2026-09-13,18-58-25,Sunday
318955649909,908203378,pugzaao,29452,Virtual Casino,472,2026-09-13T02:51:26Z,pt,['Português'],2026-09-13,18-58-25,Sunday
320208348766,693934035,quacklylol,1264310518,Marvel Rivals,472,2026-09-13T04:08:18Z,en,"['English', 'femboy', 'Furry', 'duck', 'dominican', 'Egyptian', 'mrfantastic', 'Vtuber', 'Anime', 'DropsEnabled']",2026-09-13,18-58-25,Sunday
316449943410,580964452,donmaguchan,491931,Escape from Tarkov,472,2026-09-13T03:01:56Z,ja,['日本語'],2026-09-13,18-58-25,Sunday
316441388529,111736667,merryweather,509658,Just Chatting,472,2026-09-13T11:02:11Z,en,"['dogboy', 'English', 'denmark', 'danish', 'dansk', 'furry', 'Vtuber', 'webtoon', 'malevtuber', 'ENVtuber']",2026-09-13,18-58-25,Sunday
318436567783,431168504,boeriglp,32982,Grand Theft Auto V,470,2026-09-13T10:34:33Z,de,"['Deutsch', 'DropsAktiviert']",2026-09-13,18-58-25,Sunday
318570432869,473646618,fcbayern,518203,Sports,470,2026-09-13T10:47:10Z,de,"['FCBAYERN', 'FCBayernMünchen', 'Deutsch', 'Fußball', 'Bayern', 'allianzarena', 'Bundesliga', 'ChampionLeague', 'UCL', 'DropsAktiviert']",2026-09-13,18-58-25,Sunday
317751017187,1102868371,lhumanitefr,509658,Just Chatting,469,2026-09-13T09:14:41Z,fr,"['Humanité', 'Politique', 'Français', 'Actualités', 'Gauche', 'DropsActivés']",2026-09-13,18-58-25,Sunday
318115227352,464768510,spencer_tft,513143,Teamfight Tactics,468,2026-09-13T05:35:14Z,en,"['English', 'NotVegan']",2026-09-13,18-58-25,Sunday
317441846647,73779954,diegosaurs,902998079,Halloween: The Game,468,2026-09-13T05:31:28Z,en,['English'],2026-09-13,18-58-25,Sunday
321349822297,117848541,aspig,513181,Genshin Impact,466,2026-09-13T09:32:59Z,fr,"['Français', 'jeuxvidéo', 'aidesetconseils', 'Aidesviewers']",2026-09-13,18-58-25,Sunday
317750468195,1224397957,disneylorcana_fr,1951012895,Disney Lorcana Trading Card Game,464,2026-09-13T06:54:11Z,fr,"['lorcana', 'boosters', 'disney', 'ravensburger', 'jeux', 'Français']",2026-09-13,18-58-25,Sunday
316907899988,779040773,astraasper,497304,Russian Fishing 4,462,2026-09-13T11:51:32Z,ru,"['Русский', 'лигалегенд', 'Топлейнер', 'DropsВключены', 'RANK1']",2026-09-13,18-58-25,Sunday
319213210199,48827570,saintone,866287127,Welcome to Elderfield,460,2026-09-13T07:21:13Z,en,"['English', 'Community', 'of', 'Boomers', 'And', 'Lizard', 'People', 'MAMBO']",2026-09-13,18-58-25,Sunday
318629961446,45384297,smayro,12924,Warcraft III,459,2026-09-13T05:44:54Z,pl,"['Polski', 'RPG', 'Polska', 'chill', 'Cozy', 'gaming', 'Retro', 'JRPG', 'hackandslash', 'akcja']",2026-09-13,18-58-25,Sunday
318568684517,25233296,iamboit,1260,Age of Mythology,459,2026-09-13T07:32:44Z,en,"['English', 'bald', 'RTS', 'Strategy', 'mythology', 'Caster', 'Esports']",2026-09-13,18-58-25,Sunday
317737417572,406061868,ogk_decoy,509658,Just Chatting,459,2026-09-12T23:21:40Z,fr,"['Français', 'DropsActivés']",2026-09-13,18-58-25,Sunday
317738608100,27346642,apo_wow,18122,World of Warcraft,458,2026-09-13T07:24:32Z,es,"['Español', 'EquipoMDI', 'Miticasplus', 'Miticas', 'DropsActivados']",2026-09-13,18-58-25,Sunday
316440803441,517078018,aqba_japan_,511224,Apex Legends,458,2026-09-13T08:09:22Z,ja,"['apex', 'apexlexgends', '07', 'プレデター', '日本一位', '顔出し', '日本語', '世界最速']",2026-09-13,18-58-25,Sunday
318632520294,51516226,benccce,32399,Counter-Strike,457,2026-09-13T11:37:42Z,hu,"['CS2', 'counterstrike', 'counterstrike2', 'wingman', 'cs2wingman', 'cup', 'CommunityCup', 'Tournament', 'Magyar']",2026-09-13,18-58-25,Sunday
316507699187,414925309,epic__ow,515025,Overwatch,457,2026-09-13T05:49:22Z,ja,"['日本語', 'Drops有効']",2026-09-13,18-58-25,Sunday
319213550295,645756651,mars_mei,515025,Overwatch,455,2026-09-13T08:05:32Z,en,"['gaming', 'girl', 'English', 'Canada', 'DropsEnabled']",2026-09-13,18-58-25,Sunday
321377470810,55899594,corgicam,498592,I'm Only Sleeping,454,2026-09-11T13:05:39Z,en,"['English', 'Vtuber', 'Furry', 'LGBTQIAPlusAlly', 'short', 'LOUD', 'Interactive', 'ClosedCaptions', 'subathon', 'Yapper']",2026-09-13,18-58-25,Sunday
316832695381,51956476,rekvizit8bit,866287127,Welcome to Elderfield,453,2026-09-13T10:04:31Z,ru,['Русский'],2026-09-13,18-58-25,Sunday
318570261477,95932575,sgtgrafoyni,509658,Just Chatting,453,2026-09-13T10:31:30Z,ru,"['Большой', 'Русский', 'Кот', 'DropsВключены']",2026-09-13,18-58-25,Sunday
317433858167,138394663,tonytheduff,902998079,Halloween: The Game,453,2026-09-12T04:53:47Z,en,"['pepegi', 'top1percentNAsurvivor', 'LiterallyJustBetter', 'English']",2026-09-13,18-58-25,Sunday
320308427740,137445940,trottah,32399,Counter-Strike,451,2026-09-13T10:55:45Z,en,"['English', 'CS2', 'watchparty', 'Caster', 'gaming', 'hltv', 'Esports', 'giveaway', 'Casting', 'donk']",2026-09-13,18-58-25,Sunday
317739116900,109817924,dalesomtft,513143,Teamfight Tactics,451,2026-09-13T09:21:30Z,es,['Español'],2026-09-13,18-58-25,Sunday
315503522287,418704990,pubg_taiwan,493057,PUBG: BATTLEGROUNDS,450,2026-09-13T09:20:18Z,zh,['中文'],2026-09-13,18-58-25,Sunday
321521588443,569068950,cinnaminawin,31339,Project Zomboid,449,2026-09-13T06:00:38Z,en,"['English', '18plus', 'Cozy', 'Asian', 'Cambodian', '420', 'Khmer', 'AnonymousFollows', 'ClosedCaptions', 'AIOptedOut']",2026-09-13,18-58-25,Sunday
316440672241,705520039,china_channel,491487,Dead by Daylight,449,2026-09-13T07:30:41Z,ja,"['DBDCreator', '女性配信者', '浅川陽一出禁', 'English', '中国', '台湾', '日本語', 'PR']",2026-09-13,18-58-25,Sunday
317715489890,63135914,andybrew3,18122,World of Warcraft,448,2026-09-13T10:06:07Z,en,"['English', 'WorldofWarcaft', 'ukstreamer', 'MythicPlusKeys', 'ADHD', 'tank', 'DropsEnabled']",2026-09-13,18-58-25,Sunday
320308259804,519533356,margothesnail,32982,Grand Theft Auto V,448,2026-09-13T10:00:24Z,en,"['GTA', 'FiveM', 'NoPixel', 'RP', 'GTARP', 'horror', 'jumpscare', 'English', 'DropsEnabled', 'NoPixelV']",2026-09-13,18-58-25,Sunday
317751339875,840015618,lucas57tv,516575,VALORANT,448,2026-09-13T10:13:43Z,fr,"['Français', 'Radiant']",2026-09-13,18-58-25,Sunday
316451765106,833682125,rosecpin9,55453844,Street Fighter 6,447,2026-09-13T09:58:41Z,ja,['日本語'],2026-09-13,18-58-25,Sunday
316451319282,29923971,rainbrain,743893402,WARDOGS,446,2026-09-13T08:11:44Z,ja,"['日本語', 'Drops有効']",2026-09-13,18-58-25,Sunday
316060231273,1531661537,cardboardvaultau,743893402,WARDOGS,446,2026-09-13T09:32:17Z,en,"['English', 'justcchatting', 'WARDOGS', 'WARDOGSLivestream', 'WARDOGSGameplay', 'DropsEnabled']",2026-09-13,18-58-25,Sunday
318569869541,747822936,kerimch1k,509672,IRL,446,2026-09-13T09:54:21Z,ru,['Русский'],2026-09-13,18-58-25,Sunday
318631014886,414015948,insanedra,369252,The Sims 4,446,2026-09-13T08:53:34Z,de,"['Deutsch', 'safeplace']",2026-09-13,18-58-25,Sunday
316508957043,789855702,chaosfb777,505084,Umamusume: Pretty Derby,445,2026-09-13T11:44:41Z,ja,"['日本語', 'ゲーム', 'Vtuber', '雑談']",2026-09-13,18-58-25,Sunday
321409050458,82451221,allyooops,21779,League of Legends,444,2026-09-13T09:10:12Z,en,"['Qiyana', 'English', 'techno', 'Diana', 'girl', 'CHALLENGER', 'soulslike', 'MIDLANE', 'Qiyanaotp']",2026-09-13,18-58-25,Sunday
317715843554,78705692,fairypeak,30921,Rocket League,442,2026-09-13T10:54:27Z,fr,"['RocketLeague', 'Pro', 'Français', 'competition', 'rocket', 'Coach']",2026-09-13,18-58-25,Sunday
317739010532,7176704,ghostkai,293693714,Resident Evil 2,441,2026-09-13T09:00:22Z,en,"['Ally', 'British', 'ASMR', 'Funny', 'deadbydaylight', 'warhammer', 'optedoutofai', 'English', 'subathon', 'residentevil']",2026-09-13,18-58-25,Sunday
316084278122,58861004,opd_gooodoman,674491029,Star Wars Zero Company,439,2026-09-13T08:40:32Z,zh,['中文'],2026-09-13,18-58-25,Sunday
316060594665,526538225,kwoli,509658,Just Chatting,439,2026-09-13T11:23:53Z,en,"['Australia', 'JustChatting', 'Chatty', 'English', 'Chat', 'Aussie', 'thebloodofdawnwalker', 'Vampire', 'Cosplay', 'RPG']",2026-09-13,18-58-25,Sunday
316907755732,140950685,mellchansky,32982,Grand Theft Auto V,438,2026-09-13T11:27:04Z,ru,"['Русский', 'DropsВключены']",2026-09-13,18-58-25,Sunday
316441150321,89969094,zerost_s,1901865180,NTE: Neverness to Everness,438,2026-09-13T10:00:26Z,ja,['日本語'],2026-09-13,18-58-25,Sunday
318631719654,56145429,unfair,516575,VALORANT,438,2026-09-13T10:16:43Z,de,"['valorant', 'radiant', 'shooter', 'german', 'Deutsch', 'unfair']",2026-09-13,18-58-25,Sunday
318568218981,23219030,mrmoregame,482579574,Grounded 2,437,2026-09-13T06:03:02Z,de,"['Chill', 'Community', 'Safespace', 'Deutsch']",2026-09-13,18-58-25,Sunday
318436367207,129631469,9impulse,511224,Apex Legends,436,2026-09-13T10:14:43Z,ru,"['Русский', 'DropsВключены']",2026-09-13,18-58-25,Sunday
318570551781,279890768,bigmeatsfood,509658,Just Chatting,435,2026-09-13T10:57:31Z,de,"['Deutsch', 'DropsAktiviert']",2026-09-13,18-58-25,Sunday
316037193427,808185165,albadubai,509658,Just Chatting,435,2026-09-13T10:32:48Z,es,"['Español', 'game', 'gameplay', 'juego', 'DropsActivados']",2026-09-13,18-58-25,Sunday
316440806641,869502701,deep_learning_f,511224,Apex Legends,432,2026-09-13T08:10:29Z,ja,"['ADHD', '雑談', 'ALGS', '日本語', 'apex', 'ユリース', '1tappy', '4rufa', 'REJECT', 'Axis']",2026-09-13,18-58-25,Sunday
316906724564,67509214,sunni,743893402,WARDOGS,431,2026-09-13T08:05:20Z,en,"['PC', 'Animals', 'Chatty', 'English', 'Svenska', 'Norsk', 'DropsEnabled']",2026-09-13,18-58-25,Sunday
316060333545,185863509,hari_live,1931693784,Pokémon Champions,431,2026-09-13T10:03:39Z,fr,"['Français', 'Esports', 'Pokémon', 'VGC', 'DropsActivés']",2026-09-13,18-58-25,Sunday
318435446375,76752131,thereisnofuture,1414860634,The Binding of Isaac: Repentance,431,2026-09-13T08:28:53Z,ru,"['Bedge', 'Русский', 'English']",2026-09-13,18-58-25,Sunday
316243347821,1412053443,solanaswaggy,499634,Crypto,431,2026-09-13T07:03:18Z,en,['English'],2026-09-13,18-58-25,Sunday
318568994789,485255924,pennymeowy,458781,No Man's Sky,431,2026-09-13T08:19:54Z,en,"['English', 'nerd', 'Chatty', 'Accent', 'FunnyAccent', 'yapping', 'drops', 'DropsEnabled']",2026-09-13,18-58-25,Sunday
318435446503,155935971,ranches,511224,Apex Legends,430,2026-09-13T08:28:53Z,ru,"['Русский', 'DropsВключены']",2026-09-13,18-58-25,Sunday
318570622181,948485459,kevinitss,509658,Just Chatting,429,2026-09-13T11:03:12Z,de,"['Deutsch', 'Anwalt', 'pfleger', 'Krankenhaus', 'youtube', 'anzeige', 'pflegekammer', 'medfluencer', 'DropsAktiviert']",2026-09-13,18-58-25,Sunday
318569287397,42112511,shirahiko,709941216,Endacopia,429,2026-09-13T08:53:15Z,en,"['Vtuber', 'femboy', 'gooner', 'balls', 'bussy', 'sock', 'Filipino', 'bugeater', 'subathon', 'English']",2026-09-13,18-58-25,Sunday
317715147874,64546560,riskin,743893402,WARDOGS,429,2026-09-13T09:19:17Z,fr,"['Français', 'DropsActivés']",2026-09-13,18-58-25,Sunday
316832437333,486685711,blindwalkerboy,1050003477,The Elder Scrolls V: Skyrim - Special Edition,427,2026-09-13T09:08:38Z,ru,['Русский'],2026-09-13,18-58-25,Sunday
318630864358,562405492,evotrackmania,687129551,Trackmania,426,2026-09-13T08:31:55Z,en,"['Esports', 'Trackmania2020', 'English', 'MatchCommentary', 'EvoEsports', 'XPERION']",2026-09-13,18-58-25,Sunday
318630450278,36196174,jimpanse,743893402,WARDOGS,426,2026-09-13T07:27:54Z,de,"['Deutsch', 'chillout', 'tarkov', 'adult', 'german', 'DropsAktiviert']",2026-09-13,18-58-25,Sunday
316451938290,865792830,kentsumeshi_heyoo,32982,Grand Theft Auto V,426,2026-09-13T10:37:10Z,ja,"['雑談', 'クラロワ', '日本語', 'ストグラ', '飯田けんつ', 'けんつめし', 'Drops有効']",2026-09-13,18-58-25,Sunday
318434648551,198758477,azpectcustomz,18122,World of Warcraft,425,2026-09-13T06:00:40Z,de,"['Deutsch', 'gaming', 'Giveaways', 'builds', 'WorldofWarcaft', 'MythicPlus', 'DropsAktiviert']",2026-09-13,18-58-25,Sunday
316832152405,102249912,aztekmax,513501,Standoff 2,424,2026-09-13T07:59:24Z,ru,"['Русский', 'стандофф2', 'standoff2', 'ацтек', 'стандофф']",2026-09-13,18-58-25,Sunday
318569389541,96812687,rekinss,33214,Fortnite,422,2026-09-13T09:03:41Z,it,"['Italiano', 'Fortnite', 'napoletano', 'DropAbilitati']",2026-09-13,18-58-25,Sunday
316832350933,29128211,browjey,32399,Counter-Strike,422,2026-09-13T08:50:18Z,ru,['Русский'],2026-09-13,18-58-25,Sunday
316010537042,176243295,coffee,1819887434,Tomb Raider I•II•III Remastered,421,2026-09-13T06:01:23Z,fr,"['francais', 'chill', 'longplay', 'coffee', 'Français', 'DropsActivés', 'tombraider', 'retrogaming', 'laracroft']",2026-09-13,18-58-25,Sunday
318570641765,489860001,ninuschk,417528,Albion Online,421,2026-09-13T11:04:57Z,en,"['TechnoDJ', 'pvp', 'English', 'DropsEnabled']",2026-09-13,18-58-25,Sunday
318569282533,115750511,deathangelde,71375,Star Citizen,420,2026-09-13T08:52:41Z,de,"['cancer', 'entspannt', 'giveaway', 'relax', 'sponsored', 'unboxing', 'community', 'spotify', 'Achtung', 'Respekt']",2026-09-13,18-58-25,Sunday
318569832933,177794648,jaskol95,1357871551,The Blood of Dawnwalker,420,2026-09-13T09:51:14Z,pl,"['Polski', 'DropyWłączone']",2026-09-13,18-58-25,Sunday
318567979749,480621419,rinlar,29595,Dota 2,419,2026-09-13T05:02:58Z,ru,"['Dota2', 'Русский', 'Українська']",2026-09-13,18-58-25,Sunday
318631096550,134287989,yinsu,516575,VALORANT,418,2026-09-13T09:03:08Z,en,"['watchparty', 'English', 'VCTEMEA', 'VCTCN', '中文', 'VCT']",2026-09-13,18-58-25,Sunday
316011108690,36768783,hypnoshark,5682,CTR: Crash Team Racing,417,2026-09-13T10:59:05Z,en,"['English', 'Speedrun', 'speedrun', 'crashbandicoot', 'crash', 'PlayStation', 'Retro', 'Spyro', 'mariokart', 'mario']",2026-09-13,18-58-25,Sunday
318621419238,1219317949,dayi,498592,I'm Only Sleeping,417,2026-09-12T12:55:22Z,de,"['deutsch', 'firma', 'wiederholen', 'gta', 'rp', 'justchatting', 'Deutsch', 'Wiederholen', 'VALORONAT']",2026-09-13,18-58-25,Sunday
316441217137,64662441,colour1020,516575,VALORANT,416,2026-09-13T10:19:31Z,zh-hk,['粵語'],2026-09-13,18-58-25,Sunday
318630294502,62763356,oldskool,27546,World of Tanks,416,2026-09-13T06:59:02Z,de,"['Drops', 'WorldofTanks', 'RentnerGaming', 'Deutsch', 'pathofexile2', 'poe2', 'wot', 'DropsAktiviert']",2026-09-13,18-58-25,Sunday
318570586469,536621382,maximzocktslots,498566,Slots,415,2026-09-13T11:00:32Z,de,"['Deutsch', 'slots']",2026-09-13,18-58-25,Sunday
318570581733,101281666,higanbanban,91423,Dark Souls II,415,2026-09-13T11:00:17Z,ru,"['витьюберы', 'vtuber', 'ruvtuber', 'витубер', 'аниме', 'БезСпойлеров', 'Русский', 'DropsВключены']",2026-09-13,18-58-25,Sunday
316084686314,757915421,acidxflare,515024,Diablo IV,415,2026-09-13T10:41:22Z,en,"['English', 'australia', 'australian', 'playswithviewers', 'MentalHealth', '420Friendly', 'Diablo', 'LurkerFriendly', 'DropsEnabled']",2026-09-13,18-58-25,Sunday
320209364062,1176145062,gracehan_,509658,Just Chatting,414,2026-09-13T05:49:34Z,en,"['korean', 'Australia', 'English', 'Sydney', 'asian', 'food', 'alcohol', 'DropsEnabled']",2026-09-13,18-58-25,Sunday
318631725414,747226961,celi,509667,Food & Drink,414,2026-09-13T10:17:23Z,de,"['Deutsch', 'girl', 'IRL', 'Kochen', 'Backen', 'gym']",2026-09-13,18-58-25,Sunday
316451767794,32206679,rprx,32982,Grand Theft Auto V,413,2026-09-13T09:59:26Z,en,"['English', 'DropsEnabled']",2026-09-13,18-58-25,Sunday
318434867047,1107351062,nkt_01,29595,Dota 2,413,2026-09-13T06:49:58Z,ru,"['Русский', 'EngIish']",2026-09-13,18-58-25,Sunday
320304523740,457942039,saps,509658,Just Chatting,413,2026-09-13T02:08:37Z,en,"['minecraft', 'saparata', 'saps', 'English', 'DropsEnabled']",2026-09-13,18-58-25,Sunday
315990042577,25250565,archietv,500188,Hunt: Showdown 1896,411,2026-09-13T09:40:21Z,en,['English'],2026-09-13,18-58-25,Sunday
318569951717,528372000,feliecio,509658,Just Chatting,411,2026-09-13T10:01:33Z,de,"['hertha', 'fussball', 'bsc', 'watchalong', 'Deutsch', 'DropsAktiviert']",2026-09-13,18-58-25,Sunday
316904032980,474071523,layna247,499973,Always On,410,2026-09-12T18:15:42Z,en,"['English', 'VTuber', 'Horror', 'ReRun', 'Comfort', 'Cozy']",2026-09-13,18-58-25,Sunday
318424682983,1252947491,badgetracker,1813168901,LEGO Batman: Legacy of the Dark Knight,408,2026-09-12T13:02:07Z,ru,"['Русский', 'English', 'Badge', 'Batman', 'legobatman', 'DropsВключены']",2026-09-13,18-58-25,Sunday
318630715494,796009549,mayu,509658,Just Chatting,408,2026-09-13T08:09:43Z,de,"['Deutsch', 'LGBTQ', 'Vegan', 'Cozy', 'Kochen', 'English', 'Gaming', 'German', 'Musik', 'DropsAktiviert']",2026-09-13,18-58-25,Sunday
318630396006,116434237,droodthund3r,138585,Hearthstone,407,2026-09-13T07:17:32Z,it,"['Pokemon', 'Hearthstone', 'Kaizo', 'Italiano', 'Pokèmon', 'challenge', 'cardgames', 'NOTILT', 'NORAGE', 'ONLYGOODVIBES']",2026-09-13,18-58-25,Sunday
318435085031,212684428,shyraa,21779,League of Legends,407,2026-09-13T07:33:20Z,de,"['Deutsch', 'katarina', 'akali', 'zed', 'leagueoflegends', 'master']",2026-09-13,18-58-25,Sunday
316508405619,464982050,kiss_850722,138585,Hearthstone,406,2026-09-13T09:24:09Z,zh,['中文'],2026-09-13,18-58-25,Sunday
318630292198,138038581,warhammer,508798,Warhammer,406,2026-09-13T06:58:24Z,en,"['English', 'warhammer', 'warhammer40k', 'warhammer40000', 'TabletopGames', 'Tabletop', 'Tournament', 'teams', 'grandtournament', 'Kraków']",2026-09-13,18-58-25,Sunday
320308484828,51858842,andymilonakis,509658,Just Chatting,406,2026-09-13T11:11:44Z,en,"['English', 'Greece', 'IRL', 'Travel', 'retro', 'switch2', 'DropsEnabled']",2026-09-13,18-58-25,Sunday
318568433509,96654503,avid_is_odd,1357871551,The Blood of Dawnwalker,406,2026-09-13T06:51:01Z,hu,"['Magyar', 'Hungarian', 'Variety', 'DropokEngedélyezve']",2026-09-13,18-58-25,Sunday
316022301032,404891098,missmandeee,1264310518,Marvel Rivals,406,2026-09-13T10:32:16Z,en,"['English', 'Australian', '18plus', 'Accent', 'girl', 'feet', 'Woman', 'MarvelRivals', 'DeadWeight', 'DropsEnabled']",2026-09-13,18-58-25,Sunday
316084931818,110531884,larissarochefort,1264310518,Marvel Rivals,405,2026-09-13T11:39:17Z,en,"['MarvelRivals', 'English', 'DropsEnabled']",2026-09-13,18-58-25,Sunday
316084432234,103479926,shoshy,516575,VALORANT,404,2026-09-13T09:24:00Z,en,"['Anime', 'English']",2026-09-13,18-58-25,Sunday
321520808923,92858368,autolykuslol,21779,League of Legends,404,2026-09-13T04:51:04Z,en,"['English', 'sett', 'gaming', 'Mordekaiser']",2026-09-13,18-58-25,Sunday
318630104678,226656341,xpazzoo,624536948,EA Sports FC 26,403,2026-09-13T06:20:36Z,de,"['deutsch', 'Deutsch']",2026-09-13,18-58-25,Sunday
317441467511,240261672,spaceyeen,902998079,Halloween: The Game,402,2026-09-13T04:32:44Z,en,"['Furry', 'Horror', 'RPG', 'English', 'LGBT', 'Cozy', 'Gay', 'helpimtrappedinsidetwitch', 'Vtuber', 'Trans']",2026-09-13,18-58-25,Sunday
318569781733,439261935,zoematthea,31339,Project Zomboid,401,2026-09-13T09:45:50Z,de,"['Deutsch', 'Dieser', 'Stream', 'ist', 'cool', 'IRL', 'Creative', 'drops', 'Cozy', 'gaming']",2026-09-13,18-58-25,Sunday
317751587427,115156753,taisontv,743893402,WARDOGS,399,2026-09-13T10:55:24Z,es,"['Español', 'dropsactivados', 'English', 'battlefield6', 'bf6ranked', 'battlefield', 'DropsActivados']",2026-09-13,18-58-25,Sunday
318436509287,121053325,zayi,499003,VRChat,399,2026-09-13T10:28:37Z,en,"['music', 'Vtuber', 'Dance', 'girl', 'egirl', 'wiggles', 'English', 'mommy', 'lewdtuber', 'feet']",2026-09-13,18-58-25,Sunday
318570495717,68261767,knister,1081998272,PEAK,399,2026-09-13T10:52:38Z,de,['Deutsch'],2026-09-13,18-58-25,Sunday
316907539540,35740817,thorlar,1399132715,Cosmic Fear,398,2026-09-13T10:50:08Z,en,"['Giveaways', 'pngtuber', 'vtuber', 'English', 'Swedish', 'charity', 'ADHD', 'Variety', 'SafeSpace', 'supportsmallstreamers']",2026-09-13,18-58-25,Sunday
318434895591,128247810,pasch___,32502,World of Warships,398,2026-09-13T06:56:19Z,de,"['schiffe', 'funny', 'world', 'warships', 'Deutsch', 'Unterhaltung', 'Spaß', 'Wurst', 'Anno', 'DropsAktiviert']",2026-09-13,18-58-25,Sunday
316832973909,109251371,livingroomstudio,509658,Just Chatting,397,2026-09-13T11:00:25Z,ru,"['студия', 'Русский', 'настольныеролевыеигры', 'DropsВключены']",2026-09-13,18-58-25,Sunday
321522086235,160155628,maplewood_tv,743893402,WARDOGS,396,2026-09-13T07:05:25Z,en,"['English', 'TalkingtoViewers', 'cats', 'InteractiveCommunity', 'Dyslexia', 'Educational', 'Competitive', 'WARDOGS', 'DropsEnabled']",2026-09-13,18-58-25,Sunday
318568535909,126736158,schobi,31339,Project Zomboid,395,2026-09-13T07:07:23Z,de,['Deutsch'],2026-09-13,18-58-25,Sunday
316451164914,131574416,mukai_fps,511224,Apex Legends,395,2026-09-13T07:35:01Z,ja,"['日本語', '外配信', '初見', 'ネダバレ禁止', '雑談', 'Drops有効']",2026-09-13,18-58-25,Sunday
318569920613,42141270,akastinger,12839,Heroes of Might and Magic III: The Restoration of Erathia,395,2026-09-13T09:59:34Z,ru,['Русский'],2026-09-13,18-58-25,Sunday
316831550421,1450415942,wyqira,515025,Overwatch,395,2026-09-13T04:05:19Z,en,"['feet', 'top500', 'froggerisbald', 'catgirl', 'egirl', 'pngtuber', 'English', 'mpreg', 'DropsEnabled']",2026-09-13,18-58-25,Sunday
316864159958,449771902,vikiblade,509658,Just Chatting,394,2026-09-13T09:16:53Z,ru,"['Россия', 'Русский', 'IRL', 'разговорныйстрим', 'DropsВключены']",2026-09-13,18-58-25,Sunday
318436889575,767663818,linaaarr,1669431183,DJs,394,2026-09-13T11:06:42Z,de,"['Deutsch', 'DJ', 'Hardstyle', 'djstreaming', 'English', 'Techno', 'EDM', 'Mainstage', '808ontwitch', 'DropsAktiviert']",2026-09-13,18-58-25,Sunday
317751159011,56964879,twoangrygamerstv,743893402,WARDOGS,393,2026-09-13T09:41:13Z,en,"['duo', 'comedy', 'multiplayer', 'british', 'memes', 'English', 'DropsEnabled']",2026-09-13,18-58-25,Sunday
318435632999,134718348,rykomastery_,513143,Teamfight Tactics,393,2026-09-13T08:54:03Z,en,"['TFT', 'TeamfightsTactics', 'RANK1EUW', 'leagueoflegends', 'English', 'RANK1NA']",2026-09-13,18-58-25,Sunday
317739663204,190725174,alvicatee,515025,Overwatch,393,2026-09-13T10:56:57Z,en,"['English', 'Lithuanian', 'Handicapped', 'LearningToPlay', 'SideShotsKing', 'WhiteBoyMagic', 'DropsEnabled']",2026-09-13,18-58-25,Sunday
318414563175,221114625,xyzoom,27471,Minecraft,392,2026-09-11T16:47:41Z,de,"['Deutsch', 'DropsAktiviert']",2026-09-13,18-58-25,Sunday
316826648277,84541506,spkb,417892,Z1: Battle Royale,392,2026-09-12T11:59:24Z,en,"['English', 'swedish']",2026-09-13,18-58-25,Sunday
316863652310,58195781,shad3less,499132,They Are Billions,392,2026-09-13T07:01:42Z,en,"['RTS', 'Strategy', 'APM', 'funny', 'highscore', 'English', 'norerolls', 'winstreaks', 'NoPause']",2026-09-13,18-58-25,Sunday
317715331682,184488297,discordiankitty,18122,World of Warcraft,392,2026-09-13T09:45:31Z,en,"['DiscordianKitty', 'English', 'ANTIai', 'NoAI', 'DropsEnabled']",2026-09-13,18-58-25,Sunday
316084438122,46332700,summerseachels,417528,Albion Online,390,2026-09-13T09:24:55Z,en,"['Filipino', 'English', 'VTuber', 'Singing', 'girl', 'HottubStreamer', 'Philippines', 'PHVTuber', 'DropsEnabled']",2026-09-13,18-58-25,Sunday
315523623536,1117952588,inneshx,509658,Just Chatting,389,2026-09-13T10:58:41Z,en,"['English', 'IRL', 'Korea', 'korean', 'game', 'react', 'Makeup', 'fashion', 'food', 'Travel']",2026-09-13,18-58-25,Sunday
318436360295,1133781300,askeldan,27471,Minecraft,388,2026-09-13T10:14:01Z,de,"['Deutsch', 'ADHS', 'English', 'DropsAktiviert']",2026-09-13,18-58-25,Sunday
317714915682,29283977,icekei,417528,Albion Online,388,2026-09-13T08:40:10Z,fr,"['Français', 'DropsActivés']",2026-09-13,18-58-25,Sunday
316451795826,163925308,17baby17lol,509658,Just Chatting,388,2026-09-13T10:04:37Z,zh,"['中文', '启用掉宝']",2026-09-13,18-58-25,Sunday
316440437617,159401590,alutemu_,138585,Hearthstone,387,2026-09-13T06:19:58Z,ja,"['日本語', 'バトグラ', 'バトルグラウンド']",2026-09-13,18-58-25,Sunday
319190605911,1131600178,lirik_247,499973,Always On,385,2026-09-11T18:53:05Z,en,"['English', 'lirik', 'Variety', 'Rerun']",2026-09-13,18-58-25,Sunday
316021926888,431592451,slowwalkthroughs,1357871551,The Blood of Dawnwalker,385,2026-09-13T08:37:46Z,en,"['English', 'Australia', 'AUS', 'NoBackseating', 'NoSpoilers', 'PC', '4090', 'FirstPlaythrough', 'DropsEnabled']",2026-09-13,18-58-25,Sunday
318436226407,664824331,lillythechilly,509658,Just Chatting,385,2026-09-13T10:00:16Z,de,"['Deutsch', 'SafeSpace', 'cozystream', 'reactions', 'Community', 'DropsAktiviert']",2026-09-13,18-58-25,Sunday
316907615700,64800875,roolex9,509658,Just Chatting,385,2026-09-13T11:02:12Z,uk,"['Українська', 'Україна', 'Чернівці', 'Ukranian', 'DropsУвімкнено']",2026-09-13,18-58-25,Sunday
318957043573,592266499,quackz,516575,VALORANT,383,2026-09-13T08:16:55Z,pt,"['Mulher', 'cacheada', 'gamergirl', 'valorant', 'Português', 'cantora']",2026-09-13,18-58-25,Sunday
316440948209,73569767,kanegon1,21779,League of Legends,382,2026-09-13T08:56:26Z,ja,['日本語'],2026-09-13,18-58-25,Sunday
315523485424,139848543,flyingtuna,21465,osu!,381,2026-09-13T09:49:42Z,en,"['Korean', 'English', 'pog', 'poggers', 'wow', 'pogchamp', 'anime']",2026-09-13,18-58-25,Sunday
318571009125,871829291,ackerman_cs,1131336879,Black Russia,381,2026-09-13T11:38:23Z,ru,"['Русский', 'ackerman', 'cs', 'gta', 'top1', 's1mple']",2026-09-13,18-58-25,Sunday
316441559409,708282501,minioni3202,32982,Grand Theft Auto V,381,2026-09-13T11:42:12Z,ja,"['日本語', '鳩禁止', 'アドバイス禁止', 'ネタバレ禁止']",2026-09-13,18-58-25,Sunday
318115089752,871314803,paybae,509658,Just Chatting,380,2026-09-13T05:16:24Z,en,"['English', 'paybae', 'fivem', 'hot', 'HotTubStreamWithoutTheTub', 'streameruniversity', 'DropsEnabled']",2026-09-13,18-58-25,Sunday
318437324391,1033052690,fnrax,33214,Fortnite,379,2026-09-13T11:52:29Z,it,"['Italiano', 'Inglese', 'Fortnite']",2026-09-13,18-58-25,Sunday
318434993511,66796497,master_of__mind,12839,Heroes of Might and Magic III: The Restoration of Erathia,378,2026-09-13T07:15:45Z,ru,['Русский'],2026-09-13,18-58-25,Sunday
317739139300,280796129,payriixx,30921,Rocket League,378,2026-09-13T09:25:37Z,fr,['Français'],2026-09-13,18-58-25,Sunday
320287688668,138034808,mayz,509672,IRL,377,2026-09-12T01:24:46Z,en,"['competitive', 'gaming', 'madden', 'Football', 'trashtalk', 'challenge', 'collegefootball', 'English']",2026-09-13,18-58-25,Sunday
321406317274,101638376,ryshiv,512710,Call of Duty: Warzone,376,2026-09-13T03:48:21Z,en,"['Solos', 'Controller', 'Sniping', 'Nuke', 'English', 'Competitive']",2026-09-13,18-58-25,Sunday
318436981479,50070361,touristhistories,31339,Project Zomboid,376,2026-09-13T11:16:55Z,de,"['Cozy', 'Deutsch', 'PatientGaming', 'chill']",2026-09-13,18-58-25,Sunday
318569517285,446810993,itspatlive,509672,IRL,375,2026-09-13T09:16:50Z,de,"['Reisen', 'Deutsch', 'monte', 'Papaplatte', 'Zabex', 'Trymacs', 'portugal']",2026-09-13,18-58-25,Sunday
318568831333,204890432,himechiivt,509658,Just Chatting,374,2026-09-13T07:57:00Z,de,"['Deutsch', 'GerVTuber', 'Anime', 'mommy', 'Deutschland', 'Vtuber', 'DropsAktiviert']",2026-09-13,18-58-25,Sunday
318632369894,39115143,th3antonio,491931,Escape from Tarkov,373,2026-09-13T11:23:15Z,es,"['peluquillas', 'Español', 'CHALLENGER', 'TH3LEC', 'th3antonio', 'poker']",2026-09-13,18-58-25,Sunday
318632174950,53214865,kazama5,33214,Fortnite,372,2026-09-13T11:03:03Z,pl,['Polski'],2026-09-13,18-58-25,Sunday
318435310311,155849154,mirageeputo_,743893402,WARDOGS,372,2026-09-13T08:08:44Z,hu,"['Magyar', 'DropokEngedélyezve']",2026-09-13,18-58-25,Sunday
317750510179,30967548,nugiyen,508455,Valheim,372,2026-09-13T07:09:26Z,en,"['English', 'Sarcastic', 'DadGamer', 'MinMaxer']",2026-09-13,18-58-25,Sunday
320347823712,1371541677,johnlive890,509658,Just Chatting,372,2026-09-13T07:32:08Z,en,"['workship', 'Good', 'priyer', 'English']",2026-09-13,18-58-25,Sunday
316450700530,216351084,dasoku_aniki,516575,VALORANT,371,2026-09-13T05:52:43Z,ja,"['日本語', '雑談', '40代', '50代', 'イケオジ']",2026-09-13,18-58-25,Sunday
316010834258,435392834,pepe_the_rarest,32982,Grand Theft Auto V,371,2026-09-13T08:47:01Z,en,"['RP', 'English', 'GTARP', 'old', 'Improv', 'dyslexic', 'rpgta', 'chaseRP', 'DropsEnabled']",2026-09-13,18-58-25,Sunday
319213913175,835561319,xera,2132205352,Deadlock,371,2026-09-13T09:02:08Z,en,"['English', 'TALL', 'NOTBALD', 'AMBIGUOUS', 'FUNNYHAHA', 'FRIENDLYENOUGH', 'PREMIUM', 'GOODPERSON']",2026-09-13,18-58-25,Sunday
318570258917,43298229,d1rtyd3vil,743893402,WARDOGS,371,2026-09-13T10:31:08Z,de,"['Hardmode', 'Erwachsen', 'Entspannt', 'Deutsch', 'Variety', 'LigaDerHeftigkeiten', 'KeinBackseatGaming', 'KIMusic', 'DropsAktiviert']",2026-09-13,18-58-25,Sunday
316832615637,414181617,wonderful_liar,509658,Just Chatting,370,2026-09-13T09:49:39Z,ru,"['Русский', 'кокошка', 'Повтор', 'DropsВключены']",2026-09-13,18-58-25,Sunday
318630751334,138537079,krat0ntv,32399,Counter-Strike,370,2026-09-13T08:14:53Z,ru,['Русский'],2026-09-13,18-58-25,Sunday
318631126502,26027297,sheevergaming,29595,Dota 2,369,2026-09-13T09:06:47Z,en,['English'],2026-09-13,18-58-25,Sunday
316508559987,782231634,desudoc,32982,Grand Theft Auto V,368,2026-09-13T10:08:38Z,ja,"['日本語', 'ネタバレ・鳩はお控えください', 'シングルタスク', '独り言多め']",2026-09-13,18-58-25,Sunday
316896944340,1321827727,anniefuchsia247,65876,Cyberpunk 2077,367,2026-09-11T17:50:09Z,en,"['Rerun', 'English', 'AlwaysOn']",2026-09-13,18-58-25,Sunday
316022500584,123499768,ren0809k,1282866981,Delta Force,367,2026-09-13T11:37:23Z,zh,"['中文', '启用掉宝']",2026-09-13,18-58-25,Sunday
321335790297,56648155,twitchplayspokemon,1931693784,Pokémon Champions,366,2026-09-12T18:24:53Z,en,"['English', 'TwitchPlays', 'Pokemon', 'OCE', 'AlwaysOn', 'AlwaysOnline', 'DropsEnabled']",2026-09-13,18-58-25,Sunday
317750944355,181242441,youby4,417528,Albion Online,366,2026-09-13T09:00:42Z,fr,"['MMORPG', 'EN', 'francais', 'Français', 'DropsActivés']",2026-09-13,18-58-25,Sunday
318893540982,163943966,stery_rjv,509658,Just Chatting,366,2026-09-12T22:43:14Z,ru,"['Музыка', 'Наруто', 'Сериал', 'Кино', 'Аниме', 'Реакция', 'Русский', 'DropsВключены']",2026-09-13,18-58-25,Sunday
317739635172,237440224,cabolo,18122,World of Warcraft,365,2026-09-13T10:52:45Z,es,"['Español', 'latino', 'MMORPG', 'onlinegames', 'cabolo', 'gaming', 'DropsActivados']",2026-09-13,18-58-25,Sunday
317738769252,605291475,siha_art,223869970,"Warhammer 40,000: Space Marine II",365,2026-09-13T08:07:43Z,fr,"['Francais', 'Cosplay', 'Chill', 'fr', 'french', 'MMO', 'Streameuse', 'Discussion', 'starwars', 'Français']",2026-09-13,18-58-25,Sunday
316020815720,169903772,wxcdota,29595,Dota 2,364,2026-09-13T01:50:16Z,tl,"['Tagalog', 'MOBA', 'stratetgy']",2026-09-13,18-58-25,Sunday
318570018533,81312378,sofini1,509658,Just Chatting,364,2026-09-13T10:07:48Z,el,"['greek', 'uwu', 'Ελληνικά', 'ΤαDropΕνεργοποιήθηκαν']",2026-09-13,18-58-25,Sunday
315989776721,11272561,grumbul,508455,Valheim,363,2026-09-13T07:23:14Z,en,"['English', 'TheGreatChinwag', 'Drops']",2026-09-13,18-58-25,Sunday
317715458786,39826781,shahar_shenhar,2748,Magic: The Gathering,363,2026-09-13T10:02:01Z,en,"['arena', 'mtg', 'magicthegathering', 'standard', 'fitness', 'English']",2026-09-13,18-58-25,Sunday
316440590705,401212278,keith_lin_,509658,Just Chatting,362,2026-09-13T07:05:47Z,zh,"['中文', 'IRL', '戶外', '启用掉宝']",2026-09-13,18-58-25,Sunday
316022077800,636316577,xlavandulax,516575,VALORANT,362,2026-09-13T09:23:55Z,en,"['lavandula', 'xlavandulax', 'lava', 'English', 'valorant', 'riotgames', 'VCTWatchParty', 'VCTPacific', 'PRXWATCHPARTY']",2026-09-13,18-58-25,Sunday
315489327342,1493556512,icytstudio,515025,Overwatch,362,2026-09-13T10:22:03Z,zh,"['中文', '启用掉宝']",2026-09-13,18-58-25,Sunday
316832394197,1109130824,qsom1lya,516575,VALORANT,361,2026-09-13T09:00:09Z,ru,"['емо', 'лоускилл', 'люблюдевушек', 'Русский']",2026-09-13,18-58-25,Sunday
318436894055,72692222,antielitz,130942,Factorio,361,2026-09-13T11:07:19Z,en,"['English', 'speedrunnning']",2026-09-13,18-58-25,Sunday
318436753383,20607836,hitpointcz,21779,League of Legends,360,2026-09-13T10:53:26Z,cs,"['Čeština', 'Slovenština', 'CZSK', 'EMEA', 'leagueoflegeneds', 'ERL', 'Esports', 'Lolesports']",2026-09-13,18-58-25,Sunday
318570967269,516907471,williamniewiara,509658,Just Chatting,359,2026-09-13T11:34:52Z,de,"['Deutsch', 'DropsAktiviert']",2026-09-13,18-58-25,Sunday
316864903894,245894916,d1straite,32982,Grand Theft Auto V,358,2026-09-13T11:15:15Z,ru,"['CS2', 'кс', 'Русский', '10lvlFACEIT', 'DropsВключены']",2026-09-13,18-58-25,Sunday
317716085218,27063689,hrry,27471,Minecraft,357,2026-09-13T11:25:42Z,en,"['pogstreamer', 'stupidchat', 'goodmemes', 'English', 'badtts', 'JingleJam', 'DropsEnabled', 'Chinese中文', 'Chinese']",2026-09-13,18-58-25,Sunday
316863689430,248753372,rasty_airsoft,743893402,WARDOGS,357,2026-09-13T07:13:41Z,ru,"['Русский', 'общение', 'помощь', 'помощьновичкам', 'Английский', 'DropsВключены']",2026-09-13,18-58-25,Sunday
318569293797,159838110,morkovushkaa,509658,Just Chatting,355,2026-09-13T08:54:05Z,ru,"['Русский', 'DropsВключены']",2026-09-13,18-58-25,Sunday
317745432419,1106344955,r2onlineru,502829,R2 Online: Reign of Revolution,353,2026-09-12T16:45:15Z,ru,"['r2', 'R2Online', 'R2стрим', 'R2OnlineReignofRevolution', 'Русский']",2026-09-13,18-58-25,Sunday
321349913689,672525214,solionzi,32982,Grand Theft Auto V,353,2026-09-13T09:58:17Z,ja,"['日本語', 'Drops有効']",2026-09-13,18-58-25,Sunday
319021939444,190427123,tekagaming_,32399,Counter-Strike,353,2026-09-12T18:15:52Z,pt,['Português'],2026-09-13,18-58-25,Sunday
318569587685,1481888919,sportnyak,509658,Just Chatting,352,2026-09-13T09:24:41Z,ru,"['Русский', 'Повтор', 'DropsВключены', 'СПОРТЯК', 'биты', 'flstudio']",2026-09-13,18-58-25,Sunday
317715889378,1076360390,syaazfnn,33214,Fortnite,352,2026-09-13T11:00:30Z,es,['Español'],2026-09-13,18-58-25,Sunday
321407450842,462587493,goober,509110,Risk of Rain 2,351,2026-09-13T05:14:00Z,en,"['English', 'Competitive', 'pro', 'goofygoober', 'deadlock']",2026-09-13,18-58-25,Sunday
318630548454,694569511,gamingdirndl,509672,IRL,351,2026-09-13T07:46:34Z,de,"['Gaudi', 'cozy', '1010', 'Deutsch', 'Fun', 'Gemeinsam', 'IRL', 'Outdoor', 'Reise', 'DropsAktiviert']",2026-09-13,18-58-25,Sunday
316451169778,25501154,devilcatwith2cat,1702520304,Path of Exile 2,350,2026-09-13T07:35:34Z,zh,"['中文', '貓咪出沒', '貓奴', 'pathofexile2', '手機遊戲', 'ARPG']",2026-09-13,18-58-25,Sunday
318116335448,611238388,skyte,460630,Rainbow Six Siege,347,2026-09-13T09:18:36Z,en,"['English', 'PassionateGamer', 'jynxzi', 'LockedIn', 'fyp', 'DropsEnabled']",2026-09-13,18-58-25,Sunday
316451255666,691965836,1tappytheworld,511224,Apex Legends,346,2026-09-13T07:57:29Z,ja,"['日本語', '1tappy', 'OW', 'apex']",2026-09-13,18-58-25,Sunday
318570023397,273671917,adexcs2,32399,Counter-Strike,346,2026-09-13T10:08:09Z,pl,"['ppl', 'esport', 'polskiesport', 'faceit', 'esl', 'cs2', 'grinding', 'polish', 'English', 'csgo']",2026-09-13,18-58-25,Sunday
317739334756,712371496,cptcamille,493081,GRANBLUE FANTASY Relink,345,2026-09-13T10:01:18Z,en,"['Vtuber', 'UK', 'Comfy', 'ENVtuber', 'English', 'indie', 'softspoken', 'cozy', 'VtuberEN', 'Chatty']",2026-09-13,18-58-25,Sunday
317716145122,1232130531,lease001,509658,Just Chatting,345,2026-09-13T11:33:17Z,fr,"['Français', 'horreur', 'jeu', 'DropsActivés']",2026-09-13,18-58-25,Sunday
318435738599,40145061,inzaynia,532149986,Shady Job,345,2026-09-13T09:05:22Z,de,"['LGBTQIAPlus', 'Deutsch', 'gamer', 'She', 'Pommes', 'cats', 'feet', 'Linksgrünversifft']",2026-09-13,18-58-25,Sunday
316832923349,99681838,arquel,509658,Just Chatting,344,2026-09-13T10:50:39Z,pl,"['Polski', 'DropyWłączone']",2026-09-13,18-58-25,Sunday
317750658531,468870163,mnkway,327598602,Onimusha: Way of the Sword,344,2026-09-13T07:55:32Z,fr,"['cool', 'Français', 'gaming', 'mignon', 'froc', 'aaaaauuuuugggghhhhhhhh', 'jbouerg', 'gundam', 'petitequeue', 'Nietzsche']",2026-09-13,18-58-25,Sunday
316831888085,1528616839,admiralbulldog247,499973,Always On,344,2026-09-13T06:42:54Z,en,['English'],2026-09-13,18-58-25,Sunday
316020597480,40301856,hazvsrpg,29106,S.T.A.L.K.E.R. 2: Heart of Chornobyl,343,2026-09-13T00:03:58Z,en,"['NewZealand', 'RPG', 'ADHD', 'slowplay', 'Completionist', '100Percent', 'English', 'NoSpoilersNoBackseating', 'ImmersiveGameplay', 'survival']",2026-09-13,18-58-25,Sunday
318435335783,92072223,ortis,12924,Warcraft III,342,2026-09-13T08:12:42Z,pl,"['Siłacz', 'Reaction', 'content', 'xdd', 'otp', 'leveling', 'Polski', 'DropyWłączone']",2026-09-13,18-58-25,Sunday
316507823475,1294268399,gamingrinko,493057,PUBG: BATTLEGROUNDS,342,2026-09-13T06:23:26Z,ja,['日本語'],2026-09-13,18-58-25,Sunday
318435031911,247378647,stahlsebbl,27546,World of Tanks,342,2026-09-13T07:23:52Z,de,"['Mondkalb', 'Cosplay', 'Deutsch', 'Gurkenhals', 'GeileSau', 'WorldofTanks', 'Supergeil', 'DropsAktiviert']",2026-09-13,18-58-25,Sunday
318629692902,118351569,makariagaming,21779,League of Legends,342,2026-09-13T04:30:14Z,hu,"['LeagueofLegends', 'Magyar', 'grind', 'viewergames', 'chill', 'lol', 'Commentator', 'COSTREAM', 'Caster', 'Hungarian']",2026-09-13,18-58-25,Sunday
318630171622,26395227,dakieksde,508455,Valheim,342,2026-09-13T06:35:19Z,de,"['Deutsch', 'Entspannt']",2026-09-13,18-58-25,Sunday
316832500693,124549189,lamm1k,32399,Counter-Strike,342,2026-09-13T09:22:31Z,ru,"['English', 'Russian', 'Русский', 'FISSURE', 'FISSUREPLAYGROUND']",2026-09-13,18-58-25,Sunday
315990304209,32813172,thegamblingcabin,518203,Sports,341,2026-09-13T11:36:28Z,sv,['Svenska'],2026-09-13,18-58-25,Sunday
318630732646,133621591,wakayashi,771448419,Aion 2,340,2026-09-13T08:12:23Z,de,"['MMORPG', 'MMO', 'Deutsch', 'English', 'sauercrowd']",2026-09-13,18-58-25,Sunday
320308413148,795060794,swight,27471,Minecraft,340,2026-09-13T10:51:28Z,en,"['minecraft', 'swight', 'mcpvp', 'English', 'DropsEnabled']",2026-09-13,18-58-25,Sunday
321397543770,153909695,skemonanji,743893402,WARDOGS,339,2026-09-12T19:27:40Z,en,"['Tactician', 'tipsandtricks', 'peanut', 'tobacco', 'DropsEnabled', 'WARDOGS', 'BaseRaid', 'aggressivegameplay', 'fps', 'PlayingwWithViewers']",2026-09-13,18-58-25,Sunday
320210817246,1077125673,roccycs,32399,Counter-Strike,339,2026-09-13T11:00:53Z,pl,"['csgo', 'Polski']",2026-09-13,18-58-25,Sunday
316011099730,401270950,staggiez,491487,Dead by Daylight,339,2026-09-13T10:56:30Z,en,"['English', 'ChronicIllness', 'Scottish', 'LGBTQIAPIus', 'DropsEnabled', 'NoGenAI', 'DBDPartner', 'dbdcreator']",2026-09-13,18-58-25,Sunday
318436403943,72793250,pietsmiettv,509672,IRL,339,2026-09-13T10:18:51Z,de,['Deutsch'],2026-09-13,18-58-25,Sunday
316440749169,471685664,tamatthi,491931,Escape from Tarkov,339,2026-09-13T07:53:03Z,ja,['日本語'],2026-09-13,18-58-25,Sunday
316864575318,804416319,sashacheer,32399,Counter-Strike,339,2026-09-13T10:27:24Z,ru,"['ОКР', 'Женщина', 'кс2', 'няшка', 'альтушка', 'Аниме', 'пубертат', 'общительная', 'Кошкодевочка', 'разведенка']",2026-09-13,18-58-25,Sunday
318630461926,87518024,saypleasee,743893402,WARDOGS,338,2026-09-13T07:30:42Z,ru,"['Русский', 'DropsВключены']",2026-09-13,18-58-25,Sunday
316440946033,573768845,dj_foy_foxx,511224,Apex Legends,338,2026-09-13T08:55:31Z,ja,['日本語'],2026-09-13,18-58-25,Sunday
318568899557,48465437,cowsep,21779,League of Legends,337,2026-09-13T08:05:49Z,en,['English'],2026-09-13,18-58-25,Sunday
318435320551,407819235,capitanbarbanera,624536948,EA Sports FC 26,337,2026-09-13T08:10:05Z,it,"['tutorial', 'EaSportsFC', 'Esports', 'fifa', 'Italiano', 'riotgames']",2026-09-13,18-58-25,Sunday
316439671281,184589724,mushamaru_,509658,Just Chatting,337,2026-09-13T02:28:35Z,ja,"['日本語', 'Drops有効']",2026-09-13,18-58-25,Sunday
316833081813,790596654,mamoyaan,491168,Clash Royale,335,2026-09-13T11:19:59Z,ru,"['Русский', 'Повтор']",2026-09-13,18-58-25,Sunday
316864084182,48910189,koordinata,509658,Just Chatting,335,2026-09-13T09:00:46Z,ru,"['Русский', 'необъяснимыйПриколдес', 'ухахатбл', 'фильм', 'игры', 'сквернословие', 'DropsВключены']",2026-09-13,18-58-25,Sunday
317739281892,488455482,mayucca,33214,Fortnite,335,2026-09-13T09:53:04Z,fr,"['Français', 'girl', 'fortnite', 'zerobuild', 'femme', 'PartiesAvecLesSpectateurs', 'drole', 'gameviewers', 'mayucca', 'Drop']",2026-09-13,18-58-25,Sunday
317715149538,27641920,carbonrh,516575,VALORANT,335,2026-09-13T09:19:31Z,fr,['Français'],2026-09-13,18-58-25,Sunday
316907151572,150362326,viikonloppu,459931,Old School RuneScape,335,2026-09-13T09:40:41Z,en,"['English', 'Suomi', 'oldschoolrunescape', 'gaming']",2026-09-13,18-58-25,Sunday
319011416052,181077473,gaules,1280358639,World War Z: Aftermath,334,2026-09-11T14:41:05Z,pt,['Português'],2026-09-13,18-58-25,Sunday
318630272230,530561729,spontent,518203,Sports,334,2026-09-13T06:55:13Z,de,"['Deutsch', 'sport', 'beachvolleyball', 'DropsAktiviert']",2026-09-13,18-58-25,Sunday
316084839402,673082016,iitifox,516575,VALORANT,333,2026-09-13T11:15:53Z,zh,"['中文', 'Vtuber', '稻米米', 'wawa', '狐扯', '值夜選手', '启用掉宝']",2026-09-13,18-58-25,Sunday
317743098339,407902778,levraidoffy,490377,Sea of Thieves,333,2026-09-12T11:59:34Z,fr,"['Français', 'DropsActivés']",2026-09-13,18-58-25,Sunday
316907199060,83671242,officialwerren,498566,Slots,333,2026-09-13T09:49:51Z,sv,['Svenska'],2026-09-13,18-58-25,Sunday
317442989559,269144234,kungitto,509672,IRL,332,2026-09-13T09:49:14Z,fr,"['IRL', 'bts', 'japon', 'voyage', 'Histoire', 'roadtrip', 'italia', 'zevent', 'Venice', 'francais']",2026-09-13,18-58-25,Sunday
316864631382,24811779,wagamamatv,29595,Dota 2,332,2026-09-13T10:35:39Z,en,['English'],2026-09-13,18-58-25,Sunday
317435935095,79294007,mira,509672,IRL,332,2026-09-12T14:30:40Z,en,"['English', 'Iceland', 'Japan', 'Sweden', 'Norway', 'Scandinavia', 'USA', 'Canada', 'America', 'Netherlands']",2026-09-13,18-58-25,Sunday
316832324949,59019625,l0ozer,18122,World of Warcraft,331,2026-09-13T08:44:00Z,ru,"['Русский', '18pluschannel', 'worldoftwarcraft', 'Алкоголь', 'DropsВключены']",2026-09-13,18-58-25,Sunday
318632116326,73987082,revenja,33214,Fortnite,331,2026-09-13T10:57:35Z,fr,"['Français', 'Fortnite', 'English', 'FNCS', 'Compétitif', 'tournois']",2026-09-13,18-58-25,Sunday
318632022118,87574195,thunny,21779,League of Legends,331,2026-09-13T10:48:44Z,de,['Deutsch'],2026-09-13,18-58-25,Sunday
316831609941,133359333,czekolad_,21779,League of Legends,331,2026-09-13T04:39:57Z,pl,"['POLSKI', 'polish', 'lol', 'mid', 'Polski', 'LCK', 'LCKwatchparty']",2026-09-13,18-58-25,Sunday
318436636135,811464267,edelweisschen,1081998272,PEAK,331,2026-09-13T10:41:19Z,de,"['Deutsch', 'GTARP', 'PeakRP', 'Variety', 'Cozy']",2026-09-13,18-58-25,Sunday
320209989854,630660785,buckboystv,509672,IRL,330,2026-09-13T07:27:25Z,fr,['Français'],2026-09-13,18-58-25,Sunday
316864028246,19734320,kochevnik,515214,Politics,330,2026-09-13T08:47:51Z,ru,['Русский'],2026-09-13,18-58-25,Sunday
318437152359,426223598,aleksov,509672,IRL,328,2026-09-13T11:34:53Z,uk,['Українська'],2026-09-13,18-58-25,Sunday
316441293937,188824006,yntnfn,32982,Grand Theft Auto V,328,2026-09-13T10:40:39Z,ja,"['日本語', 'いい匂い', 'fps', 'ストグラ', '腰痛', 'Drops有効']",2026-09-13,18-58-25,Sunday
317738827364,60797026,darioarofficial,509658,Just Chatting,327,2026-09-13T08:21:49Z,de,"['Deutsch', 'Dario', 'Friendly', '3DPrinting', 'Baum', 'DropsAktiviert']",2026-09-13,18-58-25,Sunday
319213111127,884338173,ferretsoftware,272263131,"Animals, Aquariums, and Zoos",327,2026-09-13T07:09:19Z,en,"['Ferret', 'Tube', 'Long', 'Wiggler', 'CatSnake', 'Noodle', 'Stinky', 'English', 'DropsEnabled']",2026-09-13,18-58-25,Sunday
316022006760,57173688,bloodydrongo,394568,RimWorld,326,2026-09-13T09:00:46Z,en,"['Australia', 'mentalhealth', 'ally', 'ChallengeRun', 'English', 'NoBackseating']",2026-09-13,18-58-25,Sunday
316855321814,9528182,chilledchaos,499973,Always On,326,2026-09-12T02:23:59Z,en,"['English', 'ItalianSafeSpace', 'ChilledChaos', 'LyingEncouraged', 'seventeencarat', 'AmongUs', 'Multiplayer', 'aioptedout']",2026-09-13,18-58-25,Sunday
318569943141,72605140,denimblue7,138585,Hearthstone,325,2026-09-13T10:00:52Z,en,"['English', 'Arena', 'HSCreators', 'hsarena']",2026-09-13,18-58-25,Sunday
316083945450,149137813,saisak_hk,55453844,Street Fighter 6,325,2026-09-13T07:17:21Z,zh,"['中文', '廣東話', 'Vtuber', '格闘ゲーマー', '粵語', 'streeetfighter6', 'vtyper', '格ゲーコミュニティ']",2026-09-13,18-58-25,Sunday
316059779561,559027983,sakurah,515025,Overwatch,325,2026-09-13T07:09:34Z,en,"['English', 'Vtuber', 'Australia', 'feet', 'GOONER', 'Comfy', 'indecisive', 'DMCGLAZER', 'BRAINROT', 'DropsEnabled']",2026-09-13,18-58-25,Sunday
321522199131,144621813,viibiin,491931,Escape from Tarkov,324,2026-09-13T07:22:32Z,en,['English'],2026-09-13,18-58-25,Sunday
316451884786,512535130,darkzelk,32982,Grand Theft Auto V,324,2026-09-13T10:24:35Z,ja,"['ストグラ', '日本語', 'gta', 'Drops有効']",2026-09-13,18-58-25,Sunday
318568359653,62122019,xnikgo,743893402,WARDOGS,323,2026-09-13T06:35:55Z,de,"['Deutsch', 'xNikLive', 'DropsAktiviert']",2026-09-13,18-58-25,Sunday
316441295729,796996233,mtoshii,20389,Tear Ring Saga,322,2026-09-13T10:41:06Z,ja,['日本語'],2026-09-13,18-58-25,Sunday
316907299028,90621147,12gram,27103,Sid Meier's Civilization V,321,2026-09-13T10:08:14Z,ru,['Русский'],2026-09-13,18-58-25,Sunday
319213038423,486916673,switchhitgames,13263,EVE Online,321,2026-09-13T07:00:51Z,en,"['eveonline', 'eveonlinestream', 'Exploration', 'English', 'Spaceships', 'AdultLanguage', 'eve', '18plusstream', 'DropsEnabled']",2026-09-13,18-58-25,Sunday
318568551013,606301188,playfuldodo,509538,Animal Crossing: New Horizons,321,2026-09-13T07:10:35Z,de,"['Deutsch', 'Cozy', 'Austria', 'Gaming', 'Gemütlich', 'SafeSpace', 'Entspannt', 'LGBTQIAPlus']",2026-09-13,18-58-25,Sunday
320183188702,145790518,cashout,602040818,NBA 2K27,320,2026-09-11T15:57:51Z,en,['English'],2026-09-13,18-58-25,Sunday
317715857122,42465441,drunge_,743893402,WARDOGS,319,2026-09-13T10:55:57Z,fr,"['Français', 'HardcoreGamer', 'MMO', 'RPG', 'DropsActivés']",2026-09-13,18-58-25,Sunday
318436132455,56497161,amanizandalari,18122,World of Warcraft,318,2026-09-13T09:50:57Z,ru,"['Русский', 'MythicPlus', 'Raid', 'Mythic', 'wow', 'worldofwarcraft', 'Retail', 'workout', 'English', 'DropsВключены']",2026-09-13,18-58-25,Sunday
316060141289,938216791,k9kuro,2128193047,Super Battle Golf,318,2026-09-13T09:03:45Z,en,"['ADHD', 'Filipino', 'Furry', 'British', 'Vtuber', 'femboy', 'GayPup', 'emo', 'English', 'Brony']",2026-09-13,18-58-25,Sunday
320308399964,1077125682,willyplayscs,32399,Counter-Strike,317,2026-09-13T10:47:30Z,it,"['gamingstreaming', 'csgo2twich', 'Italiano']",2026-09-13,18-58-25,Sunday
316059927529,604098085,hannahsayce,743,Chess,317,2026-09-13T07:57:28Z,en,['English'],2026-09-13,18-58-25,Sunday
316084438890,88349971,seriesofblurs,1399132715,Cosmic Fear,317,2026-09-13T09:25:32Z,en,"['indiehorror', 'horror', 'horrorgames', 'australian', 'English', 'HorrorStreamer', 'Australia', 'Ally', 'Cozy']",2026-09-13,18-58-25,Sunday
316864946518,241236183,elisave,509658,Just Chatting,317,2026-09-13T11:22:11Z,ru,"['Русский', 'Женщина', 'Играет', 'Делает', 'Общение', 'БываетМат', 'БываетГорит', 'БываетВсякое', 'WorldofWarcraft', 'WoW']",2026-09-13,18-58-25,Sunday
316864204758,935953414,vegadiablo,515024,Diablo IV,317,2026-09-13T09:27:01Z,ru,"['Русский', 'образовательный', 'English', 'DropsВключены']",2026-09-13,18-58-25,Sunday
316441150449,542830589,r_k7den,32982,Grand Theft Auto V,316,2026-09-13T10:00:35Z,ja,"['日本語', 'Drops有効']",2026-09-13,18-58-25,Sunday
317440594167,582157315,tuppy,498592,I'm Only Sleeping,316,2026-09-13T02:32:15Z,en,"['COSPLAY', 'EGIRL', 'LATINA', 'ANGRY', 'Cuban', 'English']",2026-09-13,18-58-25,Sunday
318632151014,132256306,lunateac,1357871551,The Blood of Dawnwalker,316,2026-09-13T11:01:11Z,en,"['English', 'ADHD', 'Chatty', 'Interactive', 'Variety', 'FirstPlaythrough', 'DropsEnabled']",2026-09-13,18-58-25,Sunday
317750852707,728407260,costacheu,516575,VALORANT,315,2026-09-13T08:42:14Z,fr,"['Français', 'BG', 'radiant']",2026-09-13,18-58-25,Sunday
318436339687,124470860,minimoli,509658,Just Chatting,315,2026-09-13T10:12:07Z,de,"['Deutsch', 'cozygaming', 'Cozy', 'DropsAktiviert']",2026-09-13,18-58-25,Sunday
317751587811,513158437,annlins,516575,VALORANT,315,2026-09-13T10:55:26Z,fr,"['Français', 'streameusefr', 'valorant', 'riotgames', 'meuf', 'Karminecorp']",2026-09-13,18-58-25,Sunday
319214346199,518391485,roguesdiary,18122,World of Warcraft,315,2026-09-13T10:38:06Z,en,"['ClassicWorldofWarcraft', 'tbcclassic', 'TBC', 'English', 'BlackTemple', 'Rogue', 'DropsEnabled']",2026-09-13,18-58-25,Sunday
318631592038,402608845,frenk95ita,13332,Pokémon FireRed/LeafGreen,315,2026-09-13T10:03:12Z,it,"['kaizo', 'Italiano', 'pokemon', 'reaction', 'challenge', 'Ranked', 'Anime', 'kaizoironmon', 'manga', 'heartgold']",2026-09-13,18-58-25,Sunday
316021753320,41556524,thewhelps,771448419,Aion 2,315,2026-09-13T07:40:44Z,en,"['English', 'MMORPG', 'korean', 'Australia', 'F2P', 'drops', '1440p']",2026-09-13,18-58-25,Sunday
316832978133,26039866,domas_osrs,459931,Old School RuneScape,314,2026-09-13T11:00:58Z,en,['English'],2026-09-13,18-58-25,Sunday
316832219093,680458742,asdekor_r,29595,Dota 2,313,2026-09-13T08:18:01Z,ru,['Русский'],2026-09-13,18-58-25,Sunday
318631940454,989110113,papyrus8989,508455,Valheim,313,2026-09-13T10:40:09Z,en,"['Multiplayer', 'Sandbox', 'English', 'Viking', 'ChillGaming']",2026-09-13,18-58-25,Sunday
316440195185,1390899533,betboom_dota_ru2,29595,Dota 2,311,2026-09-13T05:14:23Z,ru,"['Киберспорт', 'Русский']",2026-09-13,18-58-25,Sunday
318436114151,37902545,ainrun,1357871551,The Blood of Dawnwalker,311,2026-09-13T09:49:02Z,en,"['nohit', 'speedrun', 'Educational', 'Attractive', 'Intelligent', 'Failure', 'English', 'ChallengeRun', 'Deathless', 'DropsEnabled']",2026-09-13,18-58-25,Sunday
316905468884,100662717,goofiacz,743893402,WARDOGS,311,2026-09-12T22:40:20Z,pl,"['Polski', 'English', 'CS2', 'faceit', 'DropyWłączone']",2026-09-13,18-58-25,Sunday
316206675179,1319093978,shadirll,30921,Rocket League,310,2026-09-13T10:23:07Z,ar,"['RL', 'RocketlLeauge', 'RLCS', 'English', 'Arabic', 'العربية']",2026-09-13,18-58-25,Sunday
317715293794,42510323,doubo,18122,World of Warcraft,310,2026-09-13T09:39:55Z,fr,"['Français', 'DropsActivés']",2026-09-13,18-58-25,Sunday
318437369831,121821372,stariy_bog,29595,Dota 2,309,2026-09-13T11:57:28Z,ru,['Русский'],2026-09-13,18-58-25,Sunday
316906632660,39585857,virtuspro,32399,Counter-Strike,309,2026-09-13T07:39:07Z,ru,"['Русский', 'Virtuspro', 'VP', 'ВП', 'TWC', 'HOTU', 'BBL', 'HEROIC']",2026-09-13,18-58-25,Sunday
318434922855,79317000,guyfindsgopro,509672,IRL,308,2026-09-13T07:00:49Z,de,"['Travel', 'Exploring', 'Deutsch', 'IRL', 'DIY', 'offroad', 'Fahrrad', 'camper', 'Germany', 'bicycle']",2026-09-13,18-58-25,Sunday
316832657621,822822955,deathawak3,509658,Just Chatting,308,2026-09-13T09:57:35Z,ru,"['Русский', 'пикми', 'сигма', 'DropsВключены']",2026-09-13,18-58-25,Sunday
318569985637,186818440,delaney,500188,Hunt: Showdown 1896,308,2026-09-13T10:04:37Z,en,"['English', 'Crytek', 'gamedev']",2026-09-13,18-58-25,Sunday
317732545764,12585713,threedogg,10322,FINAL FANTASY X,308,2026-09-12T15:10:44Z,en,"['English', 'NoBackseating']",2026-09-13,18-58-25,Sunday
318632650982,143753595,rosemondy,509658,Just Chatting,304,2026-09-13T11:50:11Z,de,"['Deutsch', 'DropsAktiviert']",2026-09-13,18-58-25,Sunday
316211859948,255639681,caraxes199,458781,No Man's Sky,303,2026-09-13T01:43:38Z,en,"['English', 'DropsEnabled']",2026-09-13,18-58-25,Sunday
319191387863,160538649,faith,509658,Just Chatting,302,2026-09-11T20:22:22Z,en,"['findom', 'feet', 'Goddess', 'Woman', 'English', 'ginger', 'ASMR', 'IRL', 'Princess', 'DeadWeight']",2026-09-13,18-58-25,Sunday
317715440994,39194732,narkuss_lol,21779,League of Legends,302,2026-09-13T09:59:32Z,fr,['Français'],2026-09-13,18-58-25,Sunday
321317014745,1418938048,elajjaz247,499973,Always On,301,2026-09-11T17:46:57Z,en,"['English', 'Rerun']",2026-09-13,18-58-25,Sunday
317739559396,757102582,streamdatabase,1813168901,LEGO Batman: Legacy of the Dark Knight,301,2026-09-13T10:40:35Z,en,"['English', 'Stream', 'Database', 'Badge', 'DropsEnabled', 'RuneScape', 'Dragonwilds', 'LEGO', 'Batman']",2026-09-13,18-58-25,Sunday
317738409956,90250629,fakemonster,21779,League of Legends,300,2026-09-13T06:08:08Z,fr,['Français'],2026-09-13,18-58-25,Sunday
317710650978,683126925,emi_mge7,509658,Just Chatting,300,2026-09-12T18:33:50Z,fr,"['Français', 'DropsActivés']",2026-09-13,18-58-25,Sunday
317715402850,47148210,nat_ali,509658,Just Chatting,299,2026-09-13T09:54:55Z,fr,"['LGBTQIAFriendly', 'Français', 'TransRights', 'NoGenerativeAI', 'Neurodivergent', 'Autism', 'TDAH', 'Gauchiasse', 'Mélenchon2027', 'Féminisme']",2026-09-13,18-58-25,Sunday
316906503636,172176227,tonyferalmovies,18122,World of Warcraft,299,2026-09-13T06:59:23Z,ru,"['rating', 'push', 'movie', 'smartplay', 'Русский', 'DropsВключены']",2026-09-13,18-58-25,Sunday
320340452320,1369581021,happyhappygal_vod,33214,Fortnite,299,2026-09-12T22:25:16Z,en,"['English', 'happyhappygal', 'fortnite', 'christian', 'FamilyFriendly', 'ZeroBuild', 'Rerun']",2026-09-13,18-58-25,Sunday
317739215716,405208912,gonsabellla,509672,IRL,298,2026-09-13T09:40:33Z,es,['Español'],2026-09-13,18-58-25,Sunday
317715074274,113213612,sosucre,515025,Overwatch,298,2026-09-13T09:07:32Z,fr,"['Overwatch', 'Nerd', 'Dropsactivés', 'fr', 'france', 'ball', 'MentalitéAllemande', 'pokemon', 'Français', 'DropsActivés']",2026-09-13,18-58-25,Sunday
316906914772,163751362,legalfarm,515349,Lineage II,298,2026-09-13T08:50:31Z,ru,['Русский'],2026-09-13,18-58-25,Sunday
318629783142,163299585,blastpremier,32399,Counter-Strike,298,2026-09-13T04:54:58Z,en,"['Esports', 'English', 'BLAST', 'blastpremier', 'counterstrike', 'counterstrike2', 'CS2', 'CS2Live', 'cs2twitch', 'cs2major']",2026-09-13,18-58-25,Sunday
318631346278,42855132,justndrew,32982,Grand Theft Auto V,297,2026-09-13T09:34:12Z,de,"['Deutsch', 'GTAⅤ', 'Roleplay', 'UnityLifeDE', 'Unity', 'GTARP', 'AltV', 'gtaroleplay', 'UnityLife', 'DropsAktiviert']",2026-09-13,18-58-25,Sunday
318630202598,38835086,lowepe,1702520304,Path of Exile 2,297,2026-09-13T06:41:20Z,de,"['Deutsch', 'Lehrreich', 'HIlfe', 'gameplay']",2026-09-13,18-58-25,Sunday
316022209896,192832500,j_little,509658,Just Chatting,297,2026-09-13T10:04:07Z,ru,"['Русский', 'DropsВключены']",2026-09-13,18-58-25,Sunday
316022012392,129157995,reality,14015,FIFA Street,297,2026-09-13T09:02:09Z,th,['ภาษาไทย'],2026-09-13,18-58-25,Sunday
316863244118,15209689,pool,505980,Stoneshard,297,2026-09-13T03:58:46Z,ru,['Русский'],2026-09-13,18-58-25,Sunday
318546103781,179127365,tsubunnii,1264310518,Marvel Rivals,296,2026-09-11T12:09:36Z,en,"['English', 'DropsEnabled']",2026-09-13,18-58-25,Sunday
316060176489,111674074,f1pah,21465,osu!,296,2026-09-13T09:15:29Z,ru,"['Русский', 'Australia', 'English', 'Австралия']",2026-09-13,18-58-25,Sunday
316440955889,897325113,eliastellaria,509658,Just Chatting,296,2026-09-13T09:00:03Z,en,"['Vtuber', 'British', 'Asian', 'wholesome', 'Positivity', 'wasian', 'ADHD', 'English', 'Comfy', 'DropsEnabled']",2026-09-13,18-58-25,Sunday
318568325861,44682115,terence_,1702520304,Path of Exile 2,296,2026-09-13T06:29:21Z,de,"['Drops', 'Hardcore', 'English', 'Deutsch', 'SSF', 'PoE', 'ARPG', 'HoMMOldenEra', 'Anfängerfreundlich', 'Sport']",2026-09-13,18-58-25,Sunday
317716110690,44546356,hyp_tv,743893402,WARDOGS,296,2026-09-13T11:29:22Z,fr,"['Français', 'VCTWatchParty', 'Valorant', 'Esport', 'DropsActivés']",2026-09-13,18-58-25,Sunday
316508426739,744497616,sorachannnm,386821,Black Desert,295,2026-09-13T09:31:09Z,ja,"['日本語', 'R18', '英語翻訳', 'キレキャラ', 'ADHD', 'HDMI', 'English', 'エロい砂漠', 'DropsEnabled']",2026-09-13,18-58-25,Sunday
316452045298,69600926,entych,21779,League of Legends,295,2026-09-13T10:59:14Z,ja,"['日本語', 'ネタバレ禁止', '雑談']",2026-09-13,18-58-25,Sunday
316037118803,19309473,pyrionflax,743893402,WARDOGS,295,2026-09-13T09:59:12Z,en,"['English', 'DropsEnabled']",2026-09-13,18-58-25,Sunday
318957262069,1078197656,nokan777,29452,Virtual Casino,294,2026-09-13T09:57:30Z,pt,"['Português', 'EngIish']",2026-09-13,18-58-25,Sunday
316243667949,645098992,elio,512033,GODDESS OF VICTORY: NIKKE,294,2026-09-13T09:00:29Z,en,"['a', 'pink', 'jester', 'doctor', 'vtuber', 'who', 'might', 'have', 'adhd', 'xdx']",2026-09-13,18-58-25,Sunday
321523156699,600627573,tiempodejuegocope,518203,Sports,294,2026-09-13T11:18:35Z,es,"['ENDIRECTO', 'TIEMPODEJUEGO', 'laliga', 'futbolespañol', 'Español', 'PRIMERADIVISION', 'DEPORTES', 'realmadrid', 'realsociedad', 'rm']",2026-09-13,18-58-25,Sunday
318628703206,538862074,notthisonewhoy,515024,Diablo IV,294,2026-09-13T00:08:34Z,en,"['English', 'Русский', 'Minotaur', 'badge', 'Sorcerer', 'Rogier', 'SorcererRogier', 'Diablo', 'BlizzCon2026', 'DropsEnabled']",2026-09-13,18-58-25,Sunday
316906382164,1236845755,makedonianmanty,75467,Euro Truck Simulator 2,294,2026-09-13T06:16:33Z,fi,"['Suomi', 'Uusiajo']",2026-09-13,18-58-25,Sunday
